# from WaterfrontDistrict_Block18_Generic_0004_LOD_0.pskx
v 717.3516845703125 1425.7149658203125 -0.02509893663227558
v 356.6591796875 1322.9912109375 -0.02510572038590908
v 717.3516845703125 1425.7149658203125 150.02488708496094
v 356.6591796875 1322.9912109375 150.02488708496094
v 356.6763916015625 1323.0220947265625 -0.02510572038590908
v 384.0948486328125 1226.7947998046875 -0.025096114724874496
v 356.6763916015625 1323.0220947265625 150.0248565673828
v 384.0948486328125 1226.7947998046875 150.02487182617188
v -192.94371032714844 1062.4271240234375 -0.025106973946094513
v -220.36219787597656 1158.6422119140625 -0.025116579607129097
v -192.94371032714844 1062.4271240234375 150.02488708496094
v -220.36219787597656 1158.6422119140625 150.02487182617188
v -220.331298828125 1158.625 -0.02511657401919365
v -989.776123046875 939.45849609375 -0.025131046772003174
v -220.331298828125 1158.625 150.02487182617188
v -989.776123046875 939.45849609375 150.0248565673828
v -989.7591552734375 939.4893798828125 -0.025131046772003174
v -962.3406982421875 843.2620849609375 -0.02512143924832344
v -989.7591552734375 939.4893798828125 150.0248565673828
v -962.3406982421875 843.2620849609375 150.02487182617188
v -1539.4036865234375 678.8821411132812 -0.02513229101896286
v -1566.7977294921875 775.0972290039062 -0.025141896679997444
v -1539.4036865234375 678.8821411132812 150.02487182617188
v -1566.7977294921875 775.0972290039062 150.0248565673828
v -1566.766845703125 775.0800170898438 -0.025141900405287743
v -2143.8779296875 610.6742553710938 -0.025152750313282013
v -1566.766845703125 775.0800170898438 150.0248565673828
v -2143.8779296875 610.67431640625 150.02484130859375
v -2143.85400390625 610.7061157226562 -0.02515276148915291
v -2148.02880859375 -378.3209533691406 -0.025066467002034187
v -2143.85400390625 610.7061767578125 150.02484130859375
v -2148.02880859375 -378.3208923339844 150.02493286132812
v -2148.0302734375 -378.27099609375 -0.02506648376584053
v -2083.5986328125 -1425.7574462890625 -0.024972086772322655
v -2148.0302734375 -378.27093505859375 150.02490234375
v -2083.5986328125 -1425.7574462890625 150.02499389648438
v -2083.6240234375 -1425.7393798828125 -0.024972088634967804
v -1506.549560546875 -1261.345703125 -0.024961236864328384
v -2083.6240234375 -1425.7393798828125 150.0250244140625
v -1506.549560546875 -1261.345703125 150.02503967285156
v -1506.5667724609375 -1261.3765869140625 -0.024961236864328384
v -1561.3778076171875 -1068.9822998046875 -0.024980448186397552
v -1506.5667724609375 -1261.3765869140625 150.02503967285156
v -1561.3778076171875 -1068.9822998046875 150.0250244140625
v -984.3270263671875 -904.5902099609375 -0.024969596415758133
v -929.5281982421875 -1096.9844970703125 -0.024950385093688965
v -984.3270263671875 -904.5902099609375 150.0250244140625
v -929.5281982421875 -1096.9844970703125 150.02503967285156
v -929.55908203125 -1096.96728515625 -0.024950385093688965
v 801.6293334960938 -603.8260498046875 -0.024917826056480408
v -929.55908203125 -1096.96728515625 150.02503967285156
v 801.6293334960938 -603.8260498046875 150.0250701904297
v 801.6119995117188 -603.85693359375 -0.02491782419383526
v 746.8131103515625 -411.474853515625 -0.024937033653259277
v 801.6119995117188 -603.85693359375 150.0250701904297
v 746.8131103515625 -411.474853515625 150.02505493164062
v 1323.8638916015625 -247.094970703125 -0.02492618001997471
v 1378.6749267578125 -439.50146484375 -0.02490696869790554
v 1323.8638916015625 -247.094970703125 150.0250701904297
v 1378.6749267578125 -439.50146484375 150.02508544921875
v 1378.64404296875 -439.4842529296875 -0.02490697056055069
v 2148.064453125 -220.2932586669922 -0.024892501533031464
v 1378.64404296875 -439.4842529296875 150.02508544921875
v 2148.064453125 -220.2932586669922 150.0251007080078
v 2148.05712890625 -220.31871032714844 -0.024892499670386314
v 1386.35400390625 628.5343627929688 -0.02499999850988388
v 2148.05712890625 -220.31871032714844 150.0251007080078
v 1386.35400390625 628.5343627929688 150.02499389648438
v 1386.3868408203125 628.49658203125 -0.02499999850988388
v 717.3115844726562 1425.727294921875 -0.02509893663227558
v 1386.3868408203125 628.49658203125 150.02496337890625
v 717.3115844726562 1425.727294921875 150.0248565673828
v 760.4990234375 -459.6224365234375 150.00006103515625
v 1323.887939453125 -247.08811950683594 150.0000762939453
v 746.7890625 -411.4939270019531 150.00006103515625
v 1337.6009521484375 -295.2257995605469 150.0000762939453
v 760.4921875 -459.598388671875 124.97505950927734
v 1337.5941162109375 -295.2017822265625 150.0250701904297
v 760.4921875 -459.598388671875 150.02505493164062
v 1337.5941162109375 -295.2017822265625 124.97508239746094
v 774.1953735351562 -507.702880859375 125.00006866455078
v 1337.5872802734375 -295.177734375 125.00008392333984
v 760.4853515625 -459.5743713378906 125.00006103515625
v 1351.30029296875 -343.3153991699219 125.00008392333984
v 774.1885375976562 -507.6788330078125 99.97506713867188
v 1351.29345703125 -343.2913818359375 125.02508544921875
v 774.1885375976562 -507.6788330078125 125.02507019042969
v 1351.29345703125 -343.2913818359375 99.97508239746094
v 787.8916625976562 -555.7833251953125 100.00008392333984
v 1351.28662109375 -343.267333984375 100.00008392333984
v 774.1817016601562 -507.6548156738281 100.00006866455078
v 1364.9996337890625 -391.4049987792969 100.00009155273438
v 787.8848266601562 -555.75927734375 74.97508239746094
v 1364.9927978515625 -391.3809814453125 100.02509307861328
v 787.8848266601562 -555.75927734375 100.02508544921875
v 1364.9927978515625 -391.3809814453125 74.97509002685547
v 801.5879516601562 -603.86376953125 75.00008392333984
v 1364.9859619140625 -391.35693359375 75.00009155273438
v 787.8779907226562 -555.7352294921875 75.00008392333984
v 1378.698974609375 -439.4945983886719 75.00009155273438
v 801.5811157226562 -603.8397216796875 49.97507858276367
v 1378.692138671875 -439.4705810546875 75.02509307861328
v 801.5811157226562 -603.8397216796875 75.02508544921875
v 1378.692138671875 -439.4705810546875 49.97509002685547
v -970.593017578125 -952.718017578125 150.00003051757812
v -984.302978515625 -904.5833740234375 150.00003051757812
v -1561.40185546875 -1069.0013427734375 150.00003051757812
v -1547.68896484375 -1117.135986328125 150.00003051757812
v -970.599853515625 -952.6939697265625 124.97502899169922
v -970.599853515625 -952.6939697265625 150.0250244140625
v -1547.69580078125 -1117.1119384765625 150.0250244140625
v -1547.69580078125 -1117.1119384765625 124.97502136230469
v -956.896728515625 -1000.8045654296875 125.00004577636719
v -970.606689453125 -952.669921875 125.00003051757812
v -1547.70263671875 -1117.087890625 125.0000228881836
v -1533.989501953125 -1165.2225341796875 125.00003051757812
v -956.903564453125 -1000.780517578125 99.97504425048828
v -956.903564453125 -1000.780517578125 125.0250473022461
v -1533.996337890625 -1165.198486328125 125.02503204345703
v -1533.996337890625 -1165.198486328125 99.97502899169922
v -943.200439453125 -1048.89111328125 100.00004577636719
v -956.910400390625 -1000.7564697265625 100.00004577636719
v -1534.003173828125 -1165.1744384765625 100.00003051757812
v -1520.2900390625 -1213.30908203125 100.00003051757812
v -943.207275390625 -1048.8670654296875 74.97504425048828
v -943.207275390625 -1048.8670654296875 100.0250473022461
v -1520.296875 -1213.2850341796875 100.02503204345703
v -1520.296875 -1213.2850341796875 74.97502899169922
v -929.504150390625 -1096.9776611328125 75.00005340576172
v -943.214111328125 -1048.843017578125 75.00004577636719
v -1520.3037109375 -1213.260986328125 75.00003051757812
v -1506.5908203125 -1261.3956298828125 75.00003814697266
v -929.510986328125 -1096.95361328125 49.97504806518555
v -929.510986328125 -1096.95361328125 75.02505493164062
v -1506.59765625 -1261.37158203125 75.02503967285156
v -1506.59765625 -1261.37158203125 49.97503662109375
v 370.4089050292969 1274.9332275390625 149.99989318847656
v -192.97996520996094 1062.4080810546875 149.99989318847656
v 384.118896484375 1226.8016357421875 149.99990844726562
v -206.68995666503906 1110.5518798828125 149.9998779296875
v 370.415771484375 1274.9091796875 124.97489929199219
v -206.68310546875 1110.52783203125 150.02487182617188
v 370.415771484375 1274.9091796875 150.02488708496094
v -206.68310546875 1110.52783203125 124.97488403320312
v 356.7126159667969 1323.0167236328125 124.99989318847656
v -206.67625427246094 1110.5037841796875 124.99988555908203
v 370.422607421875 1274.8851318359375 124.9999008178711
v -220.38624572753906 1158.6475830078125 124.99988555908203
v 356.719482421875 1322.99267578125 99.97489166259766
v -220.37939453125 1158.62353515625 125.02488708496094
v 356.719482421875 1322.99267578125 125.02489471435547
v -220.37939453125 1158.62353515625 99.97488403320312
v -976.03271484375 891.4066162109375 149.99986267089844
v -1539.41552734375 678.8753051757812 149.9998779296875
v -962.316650390625 843.2689208984375 149.9998779296875
v -1553.131591796875 727.0191040039062 149.99986267089844
v -976.02587890625 891.382568359375 124.97486877441406
v -1553.124755859375 726.9950561523438 150.0248565673828
v -976.02587890625 891.382568359375 150.0248565673828
v -1553.124755859375 726.9950561523438 124.97486114501953
v -989.735107421875 939.4962158203125 124.99986267089844
v -1553.117919921875 726.9710083007812 124.99986267089844
v -976.01904296875 891.3585205078125 124.99987030029297
v -1566.833984375 775.1148071289062 124.9998550415039
v -989.728271484375 939.47216796875 99.97486114501953
v -1566.8271484375 775.0907592773438 125.02485656738281
v -989.728271484375 939.47216796875 125.02486419677734
v -1566.8271484375 775.0907592773438 99.974853515625
v 356.65234375 1323.0152587890625 149.99989318847656
v 384.05712890625 1226.8360595703125 149.99990844726562
v 717.3399658203125 1425.748291015625 149.99989318847656
v -192.93336486816406 1062.4820556640625 149.99989318847656
v -220.33815002441406 1158.6490478515625 149.9998779296875
v -929.55224609375 -1096.9913330078125 150.0000457763672
v 746.850830078125 -411.5160827636719 150.00006103515625
v 801.6360473632812 -603.85009765625 150.0000762939453
v -962.37841796875 843.3033447265625 149.9998779296875
v -989.783203125 939.4825439453125 149.99986267089844
v -1539.393310546875 678.9370727539062 149.9998779296875
v -984.33740234375 -904.6451416015625 150.00003051757812
v -1566.773681640625 775.1040649414062 149.99986267089844
v -1561.340087890625 -1069.0235595703125 150.00003051757812
v -2143.8857421875 610.705322265625 149.99984741210938
v -2083.6181640625 -1425.7581787109375 150.00003051757812
v -2148.078857421875 -378.2973327636719 149.99993896484375
v -1506.542724609375 -1261.3697509765625 150.0000457763672
v 1323.853515625 -247.14991760253906 150.0000762939453
v 1378.65087890625 -439.50830078125 150.00009155273438
v 1386.408447265625 628.5485229492188 150.0
v 2148.06591796875 -220.3074493408203 150.00010681152344
v 801.635986328125 -603.85009765625 150.0000762939453
v -912.318115234375 -1066.0335693359375 150.0000457763672
v 770.67822265625 -586.628173828125 150.0000762939453
v -929.55224609375 -1096.9913330078125 150.0000457763672
v 746.824951171875 -411.455810546875 150.00006103515625
v 722.72900390625 -418.3176574707031 150.00006103515625
v -960.267333984375 -897.7352294921875 150.00003051757812
v -984.36328125 -904.5970458984375 150.00003051757812
v -989.7587890625 939.4703369140625 149.99986267089844
v -958.813232421875 922.2484130859375 149.99986267089844
v -962.3525390625 843.2552490234375 149.9998779296875
v -220.32594299316406 1158.6612548828125 149.9998779296875
v -237.54783630371094 1127.7034912109375 149.9998779296875
v -938.256591796875 850.1170654296875 149.9998779296875
v -217.00340270996094 1055.5721435546875 149.99989318847656
v -192.907470703125 1062.4339599609375 149.99989318847656
v -1537.4642333984375 -1244.0947265625 150.0000457763672
v -1585.44970703125 -1075.8250732421875 150.00001525878906
v -1561.353759765625 -1068.9510498046875 150.00003051757812
v -1506.5703125 -1261.348876953125 150.0000457763672
v -2066.3779296875 -1394.8349609375 150.00003051757812
v -2083.633544921875 -1425.720947265625 150.00003051757812
v -2123.943115234375 -371.4344177246094 149.99993896484375
v -2143.833251953125 610.7176513671875 149.99984741210938
v -2112.93896484375 593.47216796875 149.99984741210938
v -1566.7701416015625 775.1008911132812 149.99986267089844
v -1584.0120849609375 744.1947631835938 149.99984741210938
v -1563.43896484375 672.0272216796875 149.9998779296875
v -1539.355224609375 678.8890380859375 149.9998779296875
v -2148.091064453125 -378.2851257324219 149.99993896484375
v 1378.6351318359375 -439.48065185546875 150.00009155273438
v 1323.82763671875 -247.08961486816406 150.0000762939453
v 1347.911376953125 -240.22776794433594 150.0000762939453
v 2148.05322265625 -220.2915802001953 150.00010681152344
v 1395.889404296875 -408.57452392578125 150.00009155273438
v 2105.121337890625 -206.48272705078125 150.00010681152344
v 1386.396240234375 628.5485229492188 150.0
v 717.3705444335938 1425.7525634765625 149.99989318847656
v 1362.27294921875 621.6348876953125 150.0
v 356.69219970703125 1323.006591796875 149.99989318847656
v 387.59832763671875 1305.7646484375 149.99989318847656
v 384.0830383300781 1226.8001708984375 149.99990844726562
v 712.144775390625 1398.2552490234375 149.99990844726562
v 408.1790771484375 1233.662109375 149.99990844726562
v -929.55908203125 -1096.96728515625 149.9750518798828
v 801.62939453125 -603.8260498046875 149.97508239746094
v -929.55908203125 -1096.96728515625 160.02503967285156
v 801.62939453125 -603.8260498046875 160.0250701904297
v 801.6119995117188 -603.85693359375 149.97508239746094
v 746.8009643554688 -411.462646484375 149.97506713867188
v 801.6119995117188 -603.85693359375 160.0250701904297
v 746.8009643554688 -411.462646484375 160.02505493164062
v 746.8318481445312 -411.4798583984375 149.97506713867188
v 722.7359008789062 -418.3416748046875 149.97506713867188
v 746.8318481445312 -411.4798583984375 160.02505493164062
v 722.7359008789062 -418.3416748046875 160.02505493164062
v 722.7531127929688 -418.310791015625 149.97506713867188
v 770.7160034179688 -586.66943359375 149.97508239746094
v 722.7531127929688 -418.310791015625 160.02505493164062
v 770.7160034179688 -586.66943359375 160.0250701904297
v 770.7332153320312 -586.6385498046875 149.97508239746094
v -912.359619140625 -1066.0712890625 149.9750518798828
v 770.7332153320312 -586.6385498046875 160.0250701904297
v -912.359619140625 -1066.0712890625 160.02503967285156
v -912.3284912109375 -1066.0885009765625 149.9750518798828
v -960.2913818359375 -897.7420654296875 149.97503662109375
v -912.3284912109375 -1066.0885009765625 160.02503967285156
v -960.2913818359375 -897.7420654296875 160.0250244140625
v -960.260498046875 -897.75927734375 149.97503662109375
v -984.3564453125 -904.62109375 149.97503662109375
v -960.260498046875 -897.75927734375 160.0250244140625
v -984.3564453125 -904.62109375 160.0250244140625
v -984.3392333984375 -904.5902099609375 149.97503662109375
v -929.5281982421875 -1096.9844970703125 149.9750518798828
v -984.3392333984375 -904.5902099609375 160.0250244140625
v -929.5281982421875 -1096.9844970703125 160.02503967285156
v -920.0924072265625 -1079.9697265625 249.8948211669922
v 782.5232543945312 -593.1829223632812 245.78770446777344
v -918.930419921875 -1077.85400390625 245.7876739501953
v 784.6256103515625 -594.3687133789062 249.8948516845703
v -918.9304809570312 -1077.8538818359375 245.85043334960938
v 784.6256103515625 -594.3687133789062 241.785400390625
v -920.0923461914062 -1079.9697265625 241.78536987304688
v 782.523193359375 -593.1828002929688 245.8504638671875
v -920.0717163085938 -1079.9573974609375 241.800048828125
v 789.514404296875 -597.0949096679688 240.57098388671875
v -922.8104248046875 -1084.86279296875 240.57095336914062
v 784.6078491210938 -594.3253784179688 241.81259155273438
v -922.823486328125 -1084.8167724609375 240.56072998046875
v 794.4078979492188 -599.8185424804688 241.8023681640625
v -925.5338134765625 -1089.756103515625 241.80233764648438
v 789.5014038085938 -597.0490112304688 240.56076049804688
v -925.544189453125 -1089.7403564453125 241.7691192626953
v 796.1572265625 -600.7859497070312 245.9496612548828
v -926.5107421875 -1091.5001220703125 245.9496307373047
v 794.408447265625 -599.7997436523438 241.76914978027344
v -926.5106201171875 -1091.500244140625 245.91722106933594
v 794.408203125 -599.7992553710938 249.9111328125
v -925.5442504882812 -1089.7398681640625 249.91110229492188
v 796.1571655273438 -600.7861328125 245.91725158691406
v -925.5261840820312 -1089.7501220703125 249.87875366210938
v 789.4027709960938 -596.9945068359375 251.30699157714844
v -922.7684936523438 -1084.7186279296875 251.3069610595703
v 794.4080200195312 -599.8185424804688 249.8774871826172
v -922.755615234375 -1084.7640380859375 251.29574584960938
v 784.608154296875 -594.3261108398438 249.86566162109375
v -920.1000366210938 -1079.92431640625 249.86563110351562
v 789.415771484375 -597.0398559570312 251.2957763671875
v 784.6138305664062 -594.389892578125 249.8948516845703
v 731.9262084960938 -415.7004089355469 245.79598999023438
v 782.4981689453125 -593.2279052734375 245.78770446777344
v 733.5768432617188 -415.23004150390625 249.90313720703125
v 782.498046875 -593.2279663085938 245.8504638671875
v 733.576904296875 -415.2300109863281 241.77703857421875
v 784.6138305664062 -594.3898315429688 241.785400390625
v 731.9261474609375 -415.7004089355469 245.8420867919922
v 784.6016235351562 -594.3696899414062 241.80007934570312
v 737.390869140625 -414.1565856933594 240.56956481933594
v 789.5071411132812 -597.108154296875 240.57098388671875
v 733.5446166992188 -415.2392272949219 241.80746459960938
v 789.461181640625 -597.1212158203125 240.56076049804688
v 741.2073364257812 -413.05621337890625 241.80746459960938
v 794.4005737304688 -599.831787109375 241.8023681640625
v 737.3529663085938 -414.1543884277344 240.56585693359375
v 794.3848266601562 -599.8421630859375 241.76914978027344
v 742.5496215820312 -412.6739501953125 245.95692443847656
v 796.1447143554688 -600.8084716796875 245.9496612548828
v 741.1765747070312 -413.0649719238281 241.7764129638672
v 796.1448364257812 -600.808349609375 245.91725158691406
v 741.17626953125 -413.0650634765625 249.9036102294922
v 794.38427734375 -599.8422241210938 249.9111328125
v 742.5499267578125 -412.6738586425781 245.9097137451172
v 794.4005737304688 -599.8318481445312 249.8774871826172
v 737.2764282226562 -414.1761474609375 251.3013153076172
v 789.3629760742188 -597.0661010742188 251.30699157714844
v 741.2070922851562 -413.0562744140625 249.87181091308594
v 789.4083251953125 -597.05322265625 251.2957763671875
v 733.5449829101562 -415.2391052246094 249.8715057373047
v 784.5684204101562 -594.3975219726562 249.86566162109375
v 737.3217163085938 -414.1632385253906 251.30162048339844
v -971.1151123046875 -900.8228149414062 249.90310668945312
v -918.8854370117188 -1077.8790283203125 245.7876739501953
v -969.4644775390625 -900.3524780273438 245.79595947265625
v -920.0712280273438 -1079.9815673828125 249.8948211669922
v -969.4644165039062 -900.3524169921875 245.84205627441406
v -920.0712280273438 -1079.9814453125 241.78536987304688
v -971.1151733398438 -900.8228759765625 241.77700805664062
v -918.8853149414062 -1077.8790283203125 245.85043334960938
v -971.09912109375 -900.8436889648438 241.80003356933594
v -922.79736328125 -1084.86962890625 240.57095336914062
v -974.9371948242188 -901.9116821289062 240.56582641601562
v -920.0278930664062 -1079.9637451171875 241.81256103515625
v -974.8912353515625 -901.8986206054688 240.56582641601562
v -925.5205688476562 -1089.763427734375 241.80233764648438
v -978.7457885742188 -902.9966430664062 241.80743408203125
v -922.7512817382812 -1084.8570556640625 240.56072998046875
v -978.7150268554688 -902.9879150390625 241.77638244628906
v -926.4882202148438 -1091.5126953125 245.9496307373047
v -980.0880126953125 -903.3790283203125 245.95687866210938
v -925.5017700195312 -1089.7640380859375 241.7691192626953
v -980.0883178710938 -903.379150390625 245.90968322753906
v -925.5012817382812 -1089.7637939453125 249.91110229492188
v -978.7147216796875 -902.98779296875 249.90357971191406
v -926.4884033203125 -1091.5126953125 245.91722106933594
v -978.730712890625 -903.00537109375 249.87591552734375
v -922.697021484375 -1084.7579345703125 251.3069610595703
v -974.8145751953125 -901.876708984375 251.30128479003906
v -925.5205688476562 -1089.7635498046875 249.87745666503906
v -974.85986328125 -901.8896484375 251.3015899658203
v -920.0286254882812 -1079.964111328125 249.86563110351562
v -971.083251953125 -900.8137817382812 249.87147521972656
v -922.7422485351562 -1084.771484375 251.29574584960938
v 733.5440063476562 -415.265380859375 249.91319274902344
v 742.5941162109375 -412.687255859375 245.93359375
v 731.8980102539062 -415.73443603515625 245.8189697265625
v 741.2210693359375 -413.0782775878906 241.7681121826172
v 733.545166015625 -415.2650451660156 241.76646423339844
v 737.3828125 -414.171875 240.52549743652344
v 741.2218017578125 -413.0780944824219 249.91207885742188
v 737.3056640625 -414.1938171386719 251.34014892578125
v -969.422607421875 -900.3665161132812 245.81893920898438
v -980.1187744140625 -903.413818359375 245.93356323242188
v -971.068603515625 -900.8355712890625 249.9131622314453
v -971.0697631835938 -900.8358764648438 241.7664337158203
v -978.7457885742188 -903.0226440429688 241.76808166503906
v -974.9073486328125 -901.92919921875 240.5254669189453
v -978.7465209960938 -903.0228881835938 249.91204833984375
v -974.8301391601562 -901.9071655273438 251.34011840820312
v -922.750244140625 -1084.73388671875 239.82501220703125
v 789.2719116210938 -596.9483032226562 159.9750518798828
v -922.681640625 -1084.6103515625 159.9750213623047
v 789.3954467773438 -597.0172119140625 239.82504272460938
v -922.681640625 -1084.6103515625 159.9750213623047
v 789.3954467773438 -597.0172119140625 239.82504272460938
v -922.750244140625 -1084.73388671875 239.82501220703125
v 789.2719116210938 -596.9483032226562 159.9750518798828
v 789.3782958984375 -597.048095703125 239.82504272460938
v 737.1834716796875 -414.2025146484375 159.97506713867188
v 789.2546997070312 -596.979248046875 159.9750518798828
v 737.2798461914062 -414.1751708984375 239.82505798339844
v 789.2546997070312 -596.979248046875 159.9750518798828
v 737.2798461914062 -414.1751708984375 239.82505798339844
v 789.3782958984375 -597.048095703125 239.82504272460938
v 737.1834716796875 -414.2025146484375 159.97506713867188
v -974.8182983398438 -901.8778076171875 239.8250274658203
v -922.6506958007812 -1084.6275634765625 159.9750213623047
v -974.7220458984375 -901.850341796875 159.97503662109375
v -922.7193603515625 -1084.7510986328125 239.82501220703125
v -974.7220458984375 -901.850341796875 159.97503662109375
v -922.7193603515625 -1084.7510986328125 239.82501220703125
v -974.8182983398438 -901.8778076171875 239.8250274658203
v -922.6506958007812 -1084.6275634765625 159.9750213623047
v 801.6360473632812 -603.85009765625 160.0000762939453
v 770.6782836914062 -586.628173828125 160.0000762939453
v -912.318115234375 -1066.0335693359375 160.0000457763672
v -929.55224609375 -1096.9913330078125 160.0000457763672
v 746.8250122070312 -411.455810546875 160.00006103515625
v 722.7290649414062 -418.3176574707031 160.00006103515625
v -960.267333984375 -897.7352294921875 160.00003051757812
v -984.36328125 -904.5970458984375 160.00003051757812
v -220.319091796875 1158.63720703125 149.97488403320312
v -989.751953125 939.4462890625 149.97486877441406
v -220.319091796875 1158.63720703125 160.02487182617188
v -989.751953125 939.4462890625 160.0248565673828
v -989.7347412109375 939.4771728515625 149.97486877441406
v -962.3284912109375 843.2620849609375 149.97488403320312
v -989.7347412109375 939.4771728515625 160.0248565673828
v -962.3284912109375 843.2620849609375 160.02487182617188
v -962.359375 843.279296875 149.97488403320312
v -938.263427734375 850.14111328125 149.97488403320312
v -962.359375 843.279296875 160.02487182617188
v -938.263427734375 850.14111328125 160.02487182617188
v -938.2806396484375 850.1102905273438 149.97488403320312
v -958.8509521484375 922.2896728515625 149.97486877441406
v -938.2806396484375 850.1102905273438 160.02487182617188
v -958.8509521484375 922.2896728515625 160.0248565673828
v -958.8681640625 922.2587890625 149.97486877441406
v -237.506591796875 1127.7412109375 149.97488403320312
v -958.8681640625 922.2587890625 160.0248565673828
v -237.506591796875 1127.7412109375 160.02487182617188
v -237.53749084472656 1127.7584228515625 149.97488403320312
v -216.97935485839844 1055.5789794921875 149.9748992919922
v -237.53749084472656 1127.7584228515625 160.02487182617188
v -216.97935485839844 1055.5789794921875 160.02488708496094
v -217.01025390625 1055.59619140625 149.9748992919922
v -192.914306640625 1062.4580078125 149.9748992919922
v -217.01025390625 1055.59619140625 160.02488708496094
v -192.914306640625 1062.4580078125 160.02488708496094
v -192.93150329589844 1062.4271240234375 149.9748992919922
v -220.34999084472656 1158.6544189453125 149.97488403320312
v -192.93150329589844 1062.4271240234375 160.02488708496094
v -220.34999084472656 1158.6544189453125 160.02487182617188
v -229.78529357910156 1141.6395263671875 249.8946533203125
v -970.6466674804688 928.8031616210938 245.78749084472656
v -230.94711303710938 1139.5238037109375 245.78750610351562
v -972.7490844726562 929.9889526367188 249.89463806152344
v -230.94711303710938 1139.523681640625 245.8502655029297
v -972.7490844726562 929.9889526367188 241.78518676757812
v -229.7853240966797 1141.6395263671875 241.7852020263672
v -970.6466064453125 928.8030395507812 245.85025024414062
v -229.777587890625 1141.59326171875 241.81239318847656
v -977.6376953125 932.7151489257812 240.57077026367188
v -227.06715393066406 1146.53271484375 240.57078552246094
v -972.7313232421875 929.9456176757812 241.8123779296875
v -227.0540771484375 1146.4866943359375 240.56056213378906
v -982.531005859375 935.4386596679688 241.80215454101562
v -224.34413146972656 1151.4259033203125 241.8021697998047
v -977.6246337890625 932.6692504882812 240.560546875
v -224.33372497558594 1151.41015625 241.76895141601562
v -984.2801513671875 936.4061889648438 245.94944763183594
v -223.36720275878906 1153.169921875 245.949462890625
v -982.5315551757812 935.4198608398438 241.76893615722656
v -223.36734008789062 1153.1700439453125 245.91705322265625
v -982.5313110351562 935.4193725585938 249.91091918945312
v -224.3336639404297 1151.40966796875 249.9109344482422
v -984.2800903320312 936.4063720703125 245.9170379638672
v -224.3440399169922 1151.4259033203125 249.87728881835938
v -977.5262451171875 932.6146850585938 251.30677795410156
v -227.10931396484375 1146.388427734375 251.30679321289062
v -982.5311279296875 935.4386596679688 249.8772735595703
v -227.12220764160156 1146.433837890625 251.2955780029297
v -972.7316284179688 929.9463500976562 249.86544799804688
v -229.7776641845703 1141.5941162109375 249.86546325683594
v -977.5391845703125 932.6600952148438 251.29556274414062
v -972.7373046875 930.0101318359375 249.89463806152344
v -947.4534912109375 847.4991455078125 245.79580688476562
v -970.62158203125 928.84814453125 245.78749084472656
v -949.1041259765625 847.0289916992188 249.9029541015625
v -970.6214599609375 928.8482055664062 245.85025024414062
v -949.1041870117188 847.0289306640625 241.77685546875
v -972.7373046875 930.0100708007812 241.78518676757812
v -947.4534301757812 847.4992065429688 245.84190368652344
v -972.6911010742188 930.017822265625 241.8123779296875
v -952.9263916015625 845.9402465820312 240.565673828125
v -977.63037109375 932.7283935546875 240.57077026367188
v -949.0718994140625 847.0381469726562 241.80728149414062
v -977.5844116210938 932.741455078125 240.560546875
v -956.7349853515625 844.8554077148438 241.80728149414062
v -982.523681640625 935.451904296875 241.80215454101562
v -952.8804931640625 845.9533081054688 240.565673828125
v -982.5079345703125 935.4622802734375 241.76893615722656
v -958.0772094726562 844.4730224609375 245.95672607421875
v -984.2676391601562 936.4287109375 245.94944763183594
v -956.7042236328125 844.8641357421875 241.77621459960938
v -984.2677612304688 936.4285888671875 245.9170379638672
v -956.7039184570312 844.8642578125 249.90342712402344
v -982.5073852539062 935.4623413085938 249.91091918945312
v -958.0775146484375 844.472900390625 245.90953063964844
v -982.523681640625 935.4519653320312 249.8772735595703
v -952.8038330078125 845.97509765625 251.30113220214844
v -977.4863891601562 932.6863403320312 251.30677795410156
v -956.7347412109375 844.85546875 249.8716278076172
v -977.53173828125 932.6734619140625 251.29556274414062
v -949.072265625 847.0380859375 249.87132263183594
v -972.69189453125 930.0177612304688 249.86546325683594
v -952.84912109375 845.9622192382812 251.3014373779297
v -206.15550231933594 1058.6591796875 249.90296936035156
v -230.9921417236328 1139.548828125 245.78750610351562
v -207.80613708496094 1058.188720703125 245.7958221435547
v -229.80648803710938 1141.6513671875 249.8946533203125
v -207.80621337890625 1058.188720703125 245.8419189453125
v -229.80645751953125 1141.6512451171875 241.7852020263672
v -206.15542602539062 1058.6591796875 241.77687072753906
v -230.99227905273438 1139.548828125 245.8502655029297
v -206.187744140625 1058.64990234375 241.8072967529297
v -227.0803680419922 1146.5400390625 240.57078552246094
v -202.33334350585938 1059.7481689453125 240.56568908691406
v -229.8498077392578 1141.633544921875 241.81239318847656
v -202.3792724609375 1059.7349853515625 240.56568908691406
v -224.3573455810547 1151.4332275390625 241.8021697998047
v -198.52499389648438 1060.8333740234375 241.8072967529297
v -227.1262969970703 1146.5269775390625 240.56056213378906
v -198.55572509765625 1060.8245849609375 241.7762451171875
v -223.3896942138672 1153.1824951171875 245.949462890625
v -197.18276977539062 1061.2156982421875 245.9567413330078
v -224.3761749267578 1151.433837890625 241.76895141601562
v -197.18243408203125 1061.2158203125 245.9095458984375
v -224.3766632080078 1151.43359375 249.9109344482422
v -198.55606079101562 1060.824462890625 249.9034423828125
v -223.3895263671875 1153.1824951171875 245.91705322265625
v -198.5252685546875 1060.833251953125 249.87164306640625
v -227.1809539794922 1146.4283447265625 251.30679321289062
v -202.45590209960938 1059.7132568359375 251.3011474609375
v -224.35736083984375 1151.433349609375 249.87728881835938
v -202.41061401367188 1059.7261962890625 251.30145263671875
v -229.84909057617188 1141.6339111328125 249.86546325683594
v -206.1873779296875 1058.6500244140625 249.871337890625
v -227.13555908203125 1146.4412841796875 251.2955780029297
v -949.0712890625 847.0643310546875 249.9130096435547
v -958.1217041015625 844.486328125 245.93341064453125
v -947.42529296875 847.533203125 245.81878662109375
v -956.7487182617188 844.8775024414062 241.76792907714844
v -949.0724487304688 847.0640258789062 241.7662811279297
v -952.9102783203125 845.9708251953125 240.5253143310547
v -956.7494506835938 844.8772583007812 249.91189575195312
v -952.8330688476562 845.9927368164062 251.3399658203125
v -207.84803771972656 1058.202880859375 245.8188018798828
v -197.15199279785156 1061.25048828125 245.9334259033203
v -206.20204162597656 1058.671875 249.91302490234375
v -206.20089721679688 1058.6722412109375 241.76629638671875
v -198.5249481201172 1060.859375 241.7679443359375
v -202.3631591796875 1059.765625 240.52532958984375
v -198.52423095703125 1060.8594970703125 249.9119110107422
v -202.4403533935547 1059.74365234375 251.33998107910156
v -227.12733459472656 1146.40380859375 239.82484436035156
v -977.395263671875 932.5685424804688 159.97483825683594
v -227.1962890625 1146.2802734375 159.974853515625
v -977.518798828125 932.6373291015625 239.8248291015625
v -227.1962890625 1146.2802734375 159.974853515625
v -977.518798828125 932.6373291015625 239.8248291015625
v -227.12733459472656 1146.40380859375 239.82484436035156
v -977.395263671875 932.5685424804688 159.97483825683594
v -977.5016479492188 932.668212890625 239.8248291015625
v -952.7109985351562 846.0015258789062 159.97488403320312
v -977.3780517578125 932.5994873046875 159.97483825683594
v -952.8072509765625 845.9741821289062 239.8248748779297
v -977.3780517578125 932.5994873046875 159.97483825683594
v -952.8072509765625 845.9741821289062 239.8248748779297
v -977.5016479492188 932.668212890625 239.8248291015625
v -952.7109985351562 846.0015258789062 159.97488403320312
v -202.4524688720703 1059.7142333984375 239.82489013671875
v -227.2272186279297 1146.2974853515625 159.974853515625
v -202.54872131347656 1059.686767578125 159.9748992919922
v -227.15818786621094 1146.4210205078125 239.82484436035156
v -202.54872131347656 1059.686767578125 159.9748992919922
v -227.15818786621094 1146.4210205078125 239.82484436035156
v -202.4524688720703 1059.7142333984375 239.82489013671875
v -227.2272186279297 1146.2974853515625 159.974853515625
v -989.7587890625 939.4703369140625 159.99986267089844
v -962.3525390625 843.2552490234375 159.9998779296875
v -958.813232421875 922.2484130859375 159.99986267089844
v -237.54783630371094 1127.7034912109375 159.9998779296875
v -220.32594299316406 1158.6612548828125 159.9998779296875
v -938.256591796875 850.1170654296875 159.9998779296875
v -217.00340270996094 1055.5721435546875 159.99989318847656
v -192.907470703125 1062.4339599609375 159.99989318847656
v -1561.346923828125 -1068.97509765625 149.97503662109375
v -1585.44287109375 -1075.84912109375 149.9750213623047
v -1561.346923828125 -1068.97509765625 160.0250244140625
v -1585.44287109375 -1075.84912109375 160.02500915527344
v -1585.4256591796875 -1075.8182373046875 149.9750213623047
v -1537.4627685546875 -1244.1646728515625 149.9750518798828
v -1585.4256591796875 -1075.8182373046875 160.02500915527344
v -1537.4627685546875 -1244.1646728515625 160.02503967285156
v -1537.445556640625 -1244.1337890625 149.9750518798828
v -2066.44873046875 -1394.8310546875 149.97503662109375
v -1537.445556640625 -1244.1337890625 160.02503967285156
v -2066.44873046875 -1394.8310546875 160.0250244140625
v -2066.42333984375 -1394.84912109375 149.97503662109375
v -2123.99462890625 -371.41058349609375 149.97494506835938
v -2066.42333984375 -1394.84912109375 160.0250244140625
v -2123.99462890625 -371.41058349609375 160.02493286132812
v -2123.993408203125 -371.4605407714844 149.97494506835938
v -2112.933349609375 593.5430908203125 149.974853515625
v -2123.993408203125 -371.4605407714844 160.02493286132812
v -2112.933349609375 593.5430908203125 160.02484130859375
v -2112.95751953125 593.51123046875 149.974853515625
v -1583.942138671875 744.1962890625 149.974853515625
v -2112.95751953125 593.51123046875 160.02484130859375
v -1583.942138671875 744.1962890625 160.02484130859375
v -1583.9730224609375 744.2135009765625 149.974853515625
v -1563.4149169921875 672.0340576171875 149.97488403320312
v -1583.9730224609375 744.2135009765625 160.02484130859375
v -1563.4149169921875 672.0340576171875 160.02487182617188
v -1563.44580078125 672.05126953125 149.97488403320312
v -1539.362060546875 678.9130859375 149.97488403320312
v -1563.44580078125 672.05126953125 160.02487182617188
v -1539.362060546875 678.9130859375 160.02487182617188
v -1539.3792724609375 678.8822021484375 149.97488403320312
v -1566.7855224609375 775.1094970703125 149.97486877441406
v -1539.3792724609375 678.8822021484375 160.02487182617188
v -1566.7855224609375 775.1094970703125 160.0248565673828
v -1566.754638671875 775.09228515625 149.97486877441406
v -2143.84130859375 610.69873046875 149.974853515625
v -1566.754638671875 775.09228515625 160.0248565673828
v -2143.84130859375 610.69873046875 160.02484130859375
v -2143.8173828125 610.7305908203125 149.974853515625
v -2148.041015625 -378.3088073730469 149.97494506835938
v -2143.8173828125 610.7305908203125 160.02484130859375
v -2148.041015625 -378.3088073730469 160.02493286132812
v -2148.04248046875 -378.25872802734375 149.97494506835938
v -2083.623046875 -1425.7330322265625 149.97503662109375
v -2148.04248046875 -378.25872802734375 160.02493286132812
v -2083.623046875 -1425.7330322265625 160.0250244140625
v -2083.6484375 -1425.7149658203125 149.97503662109375
v -1506.561767578125 -1261.33349609375 149.9750518798828
v -2083.6484375 -1425.7149658203125 160.0250244140625
v -1506.561767578125 -1261.33349609375 160.02503967285156
v -1506.5789794921875 -1261.3643798828125 149.9750518798828
v -1561.3778076171875 -1068.9578857421875 149.97503662109375
v -1506.5789794921875 -1261.3643798828125 160.02503967285156
v -1561.3778076171875 -1068.9578857421875 160.0250244140625
v -1552.6036376953125 675.11572265625 249.9029541015625
v -1577.4295654296875 756.0037231445312 245.78749084472656
v -1554.2545166015625 674.6456909179688 245.79580688476562
v -1576.2435302734375 758.10595703125 249.89463806152344
v -1554.254638671875 674.6456298828125 245.84190368652344
v -1576.243408203125 758.10595703125 241.78518676757812
v -1552.603515625 675.1157836914062 241.77685546875
v -1577.4296875 756.003662109375 245.85023498535156
v -1552.6195068359375 675.1360473632812 241.79989624023438
v -1573.5167236328125 762.9938354492188 240.57078552246094
v -1548.7813720703125 676.204345703125 240.565673828125
v -1576.286865234375 758.0881958007812 241.8123779296875
v -1548.8272705078125 676.1912841796875 240.565673828125
v -1570.7933349609375 767.8882446289062 241.80215454101562
v -1544.9727783203125 677.2890625 241.80728149414062
v -1573.56298828125 762.9818725585938 240.560546875
v -1545.0035400390625 677.2803344726562 241.77621459960938
v -1569.825927734375 769.6375122070312 245.94944763183594
v -1543.6304931640625 677.6713256835938 245.95672607421875
v -1570.812255859375 767.8887939453125 241.76893615722656
v -1543.6302490234375 677.6714477539062 245.90953063964844
v -1570.812744140625 767.8885498046875 249.91091918945312
v -1545.0037841796875 677.2802124023438 249.90342712402344
v -1569.8258056640625 769.637451171875 245.9170379638672
v -1544.98779296875 677.2977905273438 249.87576293945312
v -1573.6171875 762.8819580078125 251.30677795410156
v -1548.9039306640625 676.16943359375 251.30113220214844
v -1570.7933349609375 767.8883666992188 249.8772735595703
v -1548.858642578125 676.1823120117188 251.3014373779297
v -1576.2861328125 758.0885009765625 249.86544799804688
v -1552.635498046875 675.106689453125 249.87132263183594
v -1573.572265625 762.8960571289062 251.29556274414062
v -1576.2222900390625 758.0941772460938 249.89463806152344
v -2128.429931640625 599.0042114257812 245.78936767578125
v -1577.384521484375 755.9786376953125 245.78749084472656
v -2130.12646484375 600.3054809570312 249.89649963378906
v -1577.384521484375 755.978515625 245.85025024414062
v -2130.12646484375 600.3055419921875 241.7832794189453
v -1576.2222900390625 758.0941772460938 241.78518676757812
v -2128.429931640625 599.0040893554688 245.8483428955078
v -1576.242919921875 758.0819091796875 241.79986572265625
v -2134.07080078125 603.3023681640625 240.56996154785156
v -1573.5037841796875 762.9876098632812 240.57077026367188
v -2130.11083984375 600.263427734375 241.8115692138672
v -1573.49072265625 762.941650390625 240.560546875
v -2138.018310546875 606.2955932617188 241.8029327392578
v -1570.7801513671875 767.8809204101562 241.80215454101562
v -2134.05810546875 603.2564086914062 240.5613250732422
v -1570.769775390625 767.8651733398438 241.76893615722656
v -2139.427978515625 607.3576049804688 245.9511260986328
v -1569.803466796875 769.625 245.94944763183594
v -2138.0166015625 606.2753295898438 241.77061462402344
v -1569.8035888671875 769.6251220703125 245.9170379638672
v -2138.0166015625 606.2748413085938 249.90916442871094
v -1570.7696533203125 767.8646240234375 249.91091918945312
v -2139.427978515625 607.3577880859375 245.915283203125
v -1570.787841796875 767.8748779296875 249.87857055664062
v -2133.978515625 603.196533203125 251.30587768554688
v -1573.5458984375 762.84326171875 251.30677795410156
v -2138.018310546875 606.2955322265625 249.87637329101562
v -1573.558837890625 762.8886108398438 251.29556274414062
v -2130.111083984375 600.26416015625 249.86636352539062
v -1576.2147216796875 758.0487670898438 249.86544799804688
v -2133.99169921875 603.2418823242188 251.2964630126953
v -2130.1083984375 600.3294067382812 249.89649963378906
v -2132.572265625 -377.86688232421875 245.7955780029297
v -2128.397705078125 599.046630859375 245.7893524169922
v -2134.288330078125 -377.91534423828125 249.90272521972656
v -2128.397705078125 599.0465698242188 245.8483428955078
v -2134.28857421875 -377.91534423828125 241.77720642089844
v -2130.1083984375 600.3294067382812 241.7832794189453
v -2132.572265625 -377.8669128417969 245.84226989746094
v -2130.063720703125 600.3255004882812 241.8115692138672
v -2138.262939453125 -378.02850341796875 240.5659637451172
v -2134.05859375 603.3186645507812 240.56996154785156
v -2134.25439453125 -377.91546630859375 241.8075714111328
v -2134.010986328125 603.3184814453125 240.5613250732422
v -2142.223388671875 -378.1417236328125 241.80711364746094
v -2138.005859375 606.3118896484375 241.8029327392578
v -2138.21533203125 -378.0286865234375 240.5655059814453
v -2137.986083984375 606.3157958984375 241.77061462402344
v -2143.619873046875 -378.18212890625 245.95654296875
v -2139.408935546875 607.3826293945312 245.9511260986328
v -2142.192138671875 -378.141845703125 241.77603149414062
v -2139.4091796875 607.3826293945312 245.915283203125
v -2142.19189453125 -378.141845703125 249.90374755859375
v -2137.985595703125 606.3157348632812 249.90916442871094
v -2143.620361328125 -378.18212890625 245.90985107421875
v -2138.005859375 606.31201171875 249.87637329101562
v -2138.135498046875 -378.0263671875 251.30145263671875
v -2133.931884765625 603.2581176757812 251.30587768554688
v -2142.22314453125 -378.1417236328125 249.8719482421875
v -2133.97900390625 603.2583618164062 251.2964630126953
v -2134.254638671875 -377.91546630859375 249.87112426757812
v -2130.064453125 600.3256225585938 249.86636352539062
v -2138.1826171875 -378.02618408203125 251.3012237548828
v -2134.289794921875 -377.86602783203125 249.90272521972656
v -2069.36083984375 -1405.59912109375 245.78599548339844
v -2132.57373046875 -377.8163146972656 245.7955780029297
v -2070.944580078125 -1407.810546875 249.89312744140625
v -2132.57373046875 -377.8163146972656 245.84226989746094
v -2070.944580078125 -1407.810546875 241.7870330810547
v -2134.2900390625 -377.86602783203125 241.77720642089844
v -2069.360595703125 -1405.59912109375 245.8520965576172
v -2134.27880859375 -377.8902893066406 241.79994201660156
v -2074.595458984375 -1412.9615478515625 240.5714874267578
v -2138.264404296875 -377.9800720214844 240.5659637451172
v -2070.8974609375 -1407.8011474609375 241.81309509277344
v -2138.216796875 -377.9771423339844 240.5655059814453
v -2078.245849609375 -1418.11865234375 241.80177307128906
v -2142.224853515625 -378.0932922363281 241.80711364746094
v -2074.5478515625 -1412.9586181640625 240.56016540527344
v -2142.193603515625 -378.09136962890625 241.77603149414062
v -2079.546142578125 -1419.9642333984375 245.94805908203125
v -2143.621337890625 -378.1326904296875 245.95654296875
v -2078.228759765625 -1418.124755859375 241.76754760742188
v -2143.62158203125 -378.1327209472656 245.90985107421875
v -2078.22802734375 -1418.1246337890625 249.9126739501953
v -2142.193115234375 -378.0913391113281 249.90374755859375
v -2079.546142578125 -1419.964111328125 245.9187774658203
v -2142.2001953125 -378.1167297363281 249.87994384765625
v -2074.474609375 -1412.8543701171875 251.3075714111328
v -2138.136962890625 -377.974853515625 251.30145263671875
v -2078.245849609375 -1418.1187744140625 249.87806701660156
v -2138.183837890625 -377.9777526855469 251.3012237548828
v -2070.898193359375 -1407.8013916015625 249.864990234375
v -2134.256103515625 -377.86395263671875 249.87112426757812
v -2074.521728515625 -1412.857421875 251.2950897216797
v -2070.960693359375 -1407.7991943359375 249.89312744140625
v -1525.6666259765625 -1250.68994140625 245.7876739501953
v -2069.4013671875 -1405.5704345703125 245.78599548339844
v -1523.5643310546875 -1251.8756103515625 249.8948211669922
v -2069.4013671875 -1405.5703125 245.8520965576172
v -1523.564453125 -1251.875732421875 241.78536987304688
v -2070.96044921875 -1407.7991943359375 241.7870330810547
v -1525.6666259765625 -1250.6898193359375 245.85043334960938
v -2070.940673828125 -1407.7877197265625 241.80003356933594
v -1518.6759033203125 -1254.6021728515625 240.57095336914062
v -2074.604736328125 -1412.9549560546875 240.5714874267578
v -1523.5821533203125 -1251.832275390625 241.81256103515625
v -2074.617919921875 -1412.9090576171875 240.56016540527344
v -1513.78271484375 -1257.32568359375 241.80233764648438
v -2078.255126953125 -1418.112060546875 241.80177307128906
v -1518.6888427734375 -1254.55615234375 240.56072998046875
v -2078.2666015625 -1418.0980224609375 241.76754760742188
v -1512.0335693359375 -1258.293212890625 245.9496307373047
v -2079.5634765625 -1419.9520263671875 245.94805908203125
v -1513.7821044921875 -1257.3067626953125 241.7691192626953
v -2079.563232421875 -1419.9520263671875 245.9187774658203
v -1513.7823486328125 -1257.3062744140625 249.91110229492188
v -2078.2666015625 -1418.097412109375 249.9126739501953
v -1512.0335693359375 -1258.2933349609375 245.91722106933594
v -2078.248291015625 -1418.107177734375 249.87904357910156
v -1518.7877197265625 -1254.5015869140625 251.3069610595703
v -2074.544189453125 -1412.8052978515625 251.3075714111328
v -1513.7825927734375 -1257.32568359375 249.87745666503906
v -2074.53125 -1412.8507080078125 251.2950897216797
v -1523.581787109375 -1251.8330078125 249.86563110351562
v -2070.96728515625 -1407.75244140625 249.86497497558594
v -1518.7745361328125 -1254.546875 251.29574584960938
v -1523.576171875 -1251.8968505859375 249.8948211669922
v -1576.2530517578125 -1073.1944580078125 245.79595947265625
v -1525.691650390625 -1250.7349853515625 245.7876739501953
v -1574.6021728515625 -1072.724365234375 249.90310668945312
v -1525.6917724609375 -1250.7349853515625 245.8504180908203
v -1574.60205078125 -1072.724365234375 241.77700805664062
v -1523.576171875 -1251.8968505859375 241.78536987304688
v -1576.253173828125 -1073.1944580078125 245.84205627441406
v -1523.58837890625 -1251.8765869140625 241.800048828125
v -1570.77978515625 -1071.6363525390625 240.56582641601562
v -1518.68310546875 -1254.6153564453125 240.57095336914062
v -1574.6343994140625 -1072.733642578125 241.80743408203125
v -1518.7291259765625 -1254.62841796875 240.56072998046875
v -1566.9713134765625 -1070.551025390625 241.80743408203125
v -1513.7900390625 -1257.3388671875 241.80233764648438
v -1570.8258056640625 -1071.64892578125 240.56582641601562
v -1513.8057861328125 -1257.3492431640625 241.7691192626953
v -1565.6290283203125 -1070.1688232421875 245.95687866210938
v -1512.046142578125 -1258.315673828125 245.9496307373047
v -1567.0020751953125 -1070.559814453125 241.77638244628906
v -1512.0460205078125 -1258.3155517578125 245.91722106933594
v -1567.0023193359375 -1070.5599365234375 249.90357971191406
v -1513.8062744140625 -1257.349365234375 249.91110229492188
v -1565.6287841796875 -1070.168701171875 245.90968322753906
v -1513.802001953125 -1257.323974609375 249.8800506591797
v -1570.90234375 -1071.671142578125 251.30128479003906
v -1518.827392578125 -1254.5732421875 251.3069610595703
v -1566.9715576171875 -1070.5511474609375 249.8717803955078
v -1518.781982421875 -1254.560302734375 251.29574584960938
v -1574.634033203125 -1072.7335205078125 249.87147521972656
v -1523.62158203125 -1251.9044189453125 249.86563110351562
v -1570.857177734375 -1071.65771484375 251.3015899658203
v -1554.29638671875 674.6597290039062 245.81878662109375
v -1543.5997314453125 677.7061157226562 245.93341064453125
v -1552.650146484375 675.1284790039062 249.9130096435547
v -1552.6490478515625 675.1287841796875 241.7662811279297
v -1544.97265625 677.3150634765625 241.76792907714844
v -1548.8111572265625 676.2218627929688 240.5253143310547
v -1544.9720458984375 677.3153076171875 249.91189575195312
v -1548.8883056640625 676.1998901367188 251.3399658203125
v -1574.635009765625 -1072.759765625 249.9131622314453
v -1565.5845947265625 -1070.18212890625 245.93356323242188
v -1576.28125 -1073.2283935546875 245.81893920898438
v -1566.95751953125 -1070.5731201171875 241.76808166503906
v -1574.6339111328125 -1072.7593994140625 241.7664337158203
v -1570.7960205078125 -1071.6663818359375 240.5254669189453
v -1566.9569091796875 -1070.572998046875 249.91204833984375
v -1570.8731689453125 -1071.6883544921875 251.34011840820312
v -1548.9005126953125 676.1705322265625 239.8248748779297
v -1573.6636962890625 762.7523193359375 159.97483825683594
v -1548.9967041015625 676.14306640625 159.97488403320312
v -1573.5948486328125 762.8757934570312 239.8248291015625
v -1548.9967041015625 676.14306640625 159.97488403320312
v -1573.5948486328125 762.8757934570312 239.8248291015625
v -1548.9005126953125 676.1705322265625 239.8248748779297
v -1573.6636962890625 762.7523193359375 159.97483825683594
v -1573.56396484375 762.858642578125 239.8248291015625
v -2133.87353515625 603.140380859375 159.97482299804688
v -1573.6328125 762.735107421875 159.97483825683594
v -2133.973388671875 603.2160034179688 239.8248291015625
v -1573.6328125 762.735107421875 159.97483825683594
v -2133.973388671875 603.2160034179688 239.8248291015625
v -1573.56396484375 762.858642578125 239.8248291015625
v -2133.87353515625 603.140380859375 159.97482299804688
v -2133.94921875 603.2478637695312 239.8248291015625
v -2138.03955078125 -378.0228576660156 159.97494506835938
v -2133.849365234375 603.1723022460938 159.97482299804688
v -2138.139892578125 -378.0257263183594 239.82493591308594
v -2133.849365234375 603.1723022460938 159.97482299804688
v -2138.139892578125 -378.0257263183594 239.82493591308594
v -2133.94921875 603.2478637695312 239.8248291015625
v -2138.03955078125 -378.0228576660156 159.97494506835938
v -2138.14111328125 -377.97576904296875 239.82493591308594
v -2074.4052734375 -1412.70947265625 159.97499084472656
v -2138.041015625 -377.972900390625 159.97494506835938
v -2074.4970703125 -1412.839599609375 239.8249969482422
v -2138.041015625 -377.972900390625 159.97494506835938
v -2074.4970703125 -1412.839599609375 239.8249969482422
v -2138.14111328125 -377.97576904296875 239.82493591308594
v -2074.4052734375 -1412.70947265625 159.97499084472656
v -2074.5224609375 -1412.821533203125 239.8249969482422
v -1518.918212890625 -1254.4554443359375 159.9750213623047
v -2074.430908203125 -1412.69140625 159.97499084472656
v -1518.794677734375 -1254.5242919921875 239.82501220703125
v -2074.430908203125 -1412.69140625 159.97499084472656
v -1518.794677734375 -1254.5242919921875 239.82501220703125
v -2074.5224609375 -1412.821533203125 239.8249969482422
v -1518.918212890625 -1254.4554443359375 159.9750213623047
v -1518.8118896484375 -1254.55517578125 239.82501220703125
v -1570.9954833984375 -1071.697021484375 159.97503662109375
v -1518.9354248046875 -1254.486328125 159.9750213623047
v -1570.8990478515625 -1071.6695556640625 239.8250274658203
v -1518.9354248046875 -1254.486328125 159.9750213623047
v -1570.8990478515625 -1071.6695556640625 239.8250274658203
v -1518.8118896484375 -1254.55517578125 239.82501220703125
v -1570.9954833984375 -1071.697021484375 159.97503662109375
v -1537.4642333984375 -1244.0947265625 160.0000457763672
v -1561.353759765625 -1068.9510498046875 160.00003051757812
v -1585.44970703125 -1075.8250732421875 160.00001525878906
v -1506.5703125 -1261.348876953125 160.0000457763672
v -2066.3779296875 -1394.8349609375 160.00003051757812
v -2083.633544921875 -1425.720947265625 160.00003051757812
v -2123.943115234375 -371.4344177246094 159.99993896484375
v -2143.833251953125 610.7176513671875 159.99984741210938
v -2112.93896484375 593.47216796875 159.99984741210938
v -1584.0120849609375 744.1947631835938 159.99984741210938
v -1566.7701416015625 775.1008911132812 159.99986267089844
v -1563.43896484375 672.0272216796875 159.9998779296875
v -1539.355224609375 678.8890380859375 159.9998779296875
v -2148.091064453125 -378.2851257324219 159.99993896484375
v 1323.8516845703125 -247.082763671875 149.97508239746094
v 1378.6505126953125 -439.4892578125 149.97509765625
v 1323.8516845703125 -247.082763671875 160.0250701904297
v 1378.6505126953125 -439.4892578125 160.02508544921875
v 1378.61962890625 -439.4720458984375 149.97509765625
v 2148.064697265625 -220.2810516357422 149.97511291503906
v 1378.61962890625 -439.4720458984375 160.02508544921875
v 2148.064697265625 -220.2810516357422 160.0251007080078
v 2148.057373046875 -220.30650329589844 149.97511291503906
v 1386.342041015625 628.5341796875 149.97500610351562
v 2148.057373046875 -220.30650329589844 160.0251007080078
v 1386.342041015625 628.5341796875 160.02499389648438
v 1386.3746337890625 628.49658203125 149.97500610351562
v 717.3482666015625 1425.751708984375 149.9748992919922
v 1386.3746337890625 628.49658203125 160.02499389648438
v 717.3482666015625 1425.751708984375 160.02488708496094
v 717.388427734375 1425.7393798828125 149.9748992919922
v 356.68359375 1322.9912109375 149.9748992919922
v 717.388427734375 1425.7393798828125 160.02488708496094
v 356.68359375 1322.9912109375 160.02488708496094
v 356.7008056640625 1323.0220947265625 149.9748992919922
v 384.1070556640625 1226.8070068359375 149.97491455078125
v 356.7008056640625 1323.0220947265625 160.02488708496094
v 384.1070556640625 1226.80712890625 160.02490234375
v 384.076171875 1226.82421875 149.97491455078125
v 408.1722412109375 1233.6861572265625 149.97491455078125
v 384.076171875 1226.8243408203125 160.02490234375
v 408.1722412109375 1233.6861572265625 160.02490234375
v 408.155029296875 1233.6552734375 149.97491455078125
v 387.5968017578125 1305.8345947265625 149.9748992919922
v 408.155029296875 1233.6552734375 160.02490234375
v 387.5968017578125 1305.834716796875 160.02488708496094
v 387.57958984375 1305.8037109375 149.9748992919922
v 712.2125854492188 1398.2735595703125 149.97491455078125
v 387.57958984375 1305.8038330078125 160.02488708496094
v 712.2125854492188 1398.2735595703125 160.02490234375
v 712.1724853515625 1398.285888671875 149.97491455078125
v 1362.3265380859375 621.6486206054688 149.97500610351562
v 712.1724853515625 1398.285888671875 160.02490234375
v 1362.3265380859375 621.6486206054688 160.02499389648438
v 1362.2939453125 621.6862182617188 149.97500610351562
v 2105.137451171875 -206.5491943359375 149.97511291503906
v 1362.2939453125 621.6862182617188 160.02499389648438
v 2105.137451171875 -206.5491943359375 160.0251007080078
v 2105.144775390625 -206.5237274169922 149.97511291503906
v 1395.8194580078125 -408.5760498046875 149.97509765625
v 2105.144775390625 -206.5237274169922 160.0251007080078
v 1395.8194580078125 -408.5760498046875 160.02508544921875
v 1395.850341796875 -408.59326171875 149.97509765625
v 1347.8873291015625 -240.234619140625 149.97508239746094
v 1395.850341796875 -408.59326171875 160.02508544921875
v 1347.8873291015625 -240.234619140625 160.0250701904297
v 1347.918212890625 -240.25181579589844 149.97508239746094
v 1323.83447265625 -247.11366271972656 149.97508239746094
v 1347.918212890625 -240.25181579589844 160.0250701904297
v 1323.83447265625 -247.11366271972656 160.0250701904297
v 1337.076171875 -243.31629943847656 249.9031524658203
v 1389.29443359375 -420.3833312988281 245.7877197265625
v 1338.7269287109375 -242.84617614746094 245.79600524902344
v 1388.108642578125 -422.48577880859375 249.89486694335938
v 1338.72705078125 -242.84616088867188 245.84210205078125
v 1388.1085205078125 -422.48577880859375 241.78541564941406
v 1337.0760498046875 -243.3163299560547 241.7770538330078
v 1389.2945556640625 -420.3832702636719 245.85047912597656
v 1337.0921630859375 -243.33718872070312 241.80007934570312
v 1385.3819580078125 -427.3741149902344 240.5709991455078
v 1333.25390625 -244.4049835205078 240.5658721923828
v 1388.1519775390625 -422.4679870605469 241.81260681152344
v 1333.2998046875 -244.39190673828125 240.5658721923828
v 1382.6583251953125 -432.2679443359375 241.80238342285156
v 1329.4454345703125 -245.48963928222656 241.80747985839844
v 1385.4281005859375 -427.3615417480469 240.56077575683594
v 1329.4761962890625 -245.4808807373047 241.77642822265625
v 1381.6907958984375 -434.0172119140625 245.94967651367188
v 1328.10302734375 -245.8719024658203 245.95692443847656
v 1382.67724609375 -432.2685241699219 241.7691650390625
v 1328.102783203125 -245.8719940185547 245.90972900390625
v 1382.677734375 -432.2682800292969 249.91114807128906
v 1329.4764404296875 -245.4807891845703 249.90362548828125
v 1381.690673828125 -434.01715087890625 245.91726684570312
v 1329.47509765625 -245.50660705566406 249.8800811767578
v 1385.482421875 -427.26239013671875 251.3070068359375
v 1333.37646484375 -244.3700714111328 251.30133056640625
v 1382.6583251953125 -432.2680358886719 249.87750244140625
v 1333.3311767578125 -244.38296508789062 251.3016357421875
v 1388.1512451171875 -422.4683532714844 249.8656768798828
v 1337.1080322265625 -243.30723571777344 249.87152099609375
v 1385.437255859375 -427.2759094238281 251.29579162597656
v 1388.08740234375 -422.4739990234375 249.89486694335938
v 2120.031005859375 -212.1797332763672 245.78392028808594
v 1389.2493896484375 -420.3582763671875 245.7877197265625
v 2123.11328125 -213.0863494873047 249.8910675048828
v 1389.2493896484375 -420.358154296875 245.85047912597656
v 2123.11328125 -213.08636474609375 241.78924560546875
v 1388.08740234375 -422.4740295410156 241.78541564941406
v 2120.031005859375 -212.17959594726562 245.85430908203125
v 1388.1080322265625 -422.4617004394531 241.8000946044922
v 2130.2861328125 -215.15994262695312 240.5720977783203
v 1385.368896484375 -427.3672790527344 240.5709991455078
v 2123.0927734375 -213.04183959960938 241.81370544433594
v 1385.3558349609375 -427.32135009765625 240.56077575683594
v 2137.466064453125 -217.2320556640625 241.8013153076172
v 1382.6451416015625 -432.2605895996094 241.80238342285156
v 2130.273193359375 -215.11398315429688 240.55970764160156
v 1382.634765625 -432.2449035644531 241.7691650390625
v 2140.03369140625 -217.96876525878906 245.9460906982422
v 1381.6683349609375 -434.00469970703125 245.94967651367188
v 2137.469970703125 -217.21463012695312 241.7655792236328
v 1381.66845703125 -434.0047912597656 245.91726684570312
v 2137.4697265625 -217.21408081054688 249.91482543945312
v 1382.6346435546875 -432.2443542480469 249.91114807128906
v 2140.03369140625 -217.9688720703125 245.92092895507812
v 1382.65283203125 -432.25457763671875 249.87879943847656
v 2130.1279296875 -215.0726776123047 251.30824279785156
v 1385.410888671875 -427.2230529785156 251.3070068359375
v 2137.46630859375 -217.23204040527344 249.8787384033203
v 1385.423828125 -427.2684631347656 251.29579162597656
v 2123.093017578125 -213.04257202148438 249.86444091796875
v 1388.079833984375 -422.4285888671875 249.8656768798828
v 2130.14111328125 -215.11802673339844 251.29454040527344
v 2123.109130859375 -213.1005401611328 249.8910675048828
v 1374.6591796875 618.3954467773438 245.79608154296875
v 2120.017822265625 -212.22535705566406 245.78392028808594
v 1375.955322265625 619.5208129882812 249.90321350097656
v 2120.017822265625 -212.22543334960938 245.85430908203125
v 1375.9554443359375 619.5208740234375 241.77682495117188
v 2123.109130859375 -213.1005096435547 241.78924560546875
v 1374.6590576171875 618.3953857421875 245.84188842773438
v 2123.068115234375 -213.1272430419922 241.81370544433594
v 1378.9573974609375 622.1264038085938 240.565673828125
v 2130.283935546875 -215.16749572753906 240.5720977783203
v 1375.9306640625 619.4986572265625 241.80728149414062
v 2130.24853515625 -215.1993865966797 240.55970764160156
v 1381.9486083984375 624.7222900390625 241.80752563476562
v 2137.4638671875 -217.23963928222656 241.8013153076172
v 1378.921875 622.0945434570312 240.56591796875
v 2137.4580078125 -217.25645446777344 241.7655792236328
v 1383.0028076171875 625.6368408203125 245.9569854736328
v 2140.029296875 -217.9842529296875 245.9460906982422
v 1381.924560546875 624.7007446289062 241.77647399902344
v 2140.029296875 -217.98406982421875 245.92092895507812
v 1381.92431640625 624.7005004882812 249.90341186523438
v 2137.457275390625 -217.25672912597656 249.91482543945312
v 1383.0030517578125 625.6370239257812 245.90953063964844
v 2137.464111328125 -217.2397003173828 249.8787384033203
v 1378.8616943359375 622.0422973632812 251.30111694335938
v 2130.103759765625 -215.15721130371094 251.30824279785156
v 1381.9483642578125 624.7221069335938 249.8716278076172
v 2130.138916015625 -215.12571716308594 251.29454040527344
v 1375.930908203125 619.4989013671875 249.87158203125
v 2123.06884765625 -213.1268310546875 249.86444091796875
v 1378.896728515625 622.07373046875 251.3016815185547
v 1375.9884033203125 619.4827880859375 249.90321350097656
v 711.9390869140625 1408.133056640625 245.79025268554688
v 1374.6917724609375 618.35791015625 245.79608154296875
v 712.5468139648438 1410.0789794921875 249.8973846435547
v 1374.691650390625 618.3578491210938 245.84188842773438
v 712.546875 1410.0789794921875 241.7825164794922
v 1375.9884033203125 619.4828491210938 241.77682495117188
v 711.9390258789062 1408.1329345703125 245.84756469726562
v 1375.9649658203125 619.4956665039062 241.8000030517578
v 713.9354248046875 1414.5909423828125 240.569580078125
v 1378.99072265625 622.0880737304688 240.565673828125
v 712.5152587890625 1410.0484619140625 241.8112030029297
v 1378.9541015625 622.057373046875 240.56591796875
v 715.3189086914062 1419.1025390625 241.80340576171875
v 1381.98193359375 624.6839599609375 241.80752563476562
v 713.8988037109375 1414.560302734375 240.56179809570312
v 1381.9571533203125 624.6632080078125 241.77647399902344
v 715.8063354492188 1420.7098388671875 245.951904296875
v 1383.0357666015625 625.598876953125 245.9569854736328
v 715.3007202148438 1419.0914306640625 241.77139282226562
v 1383.0360107421875 625.5990600585938 245.90953063964844
v 715.3004150390625 1419.091064453125 249.90846252441406
v 1381.9569091796875 624.6629638671875 249.90341186523438
v 715.8065185546875 1420.7099609375 245.91456604003906
v 1381.9473876953125 624.6874389648438 249.8800048828125
v 713.871337890625 1414.469482421875 251.30545043945312
v 1378.8939208984375 622.005126953125 251.30111694335938
v 715.31884765625 1419.1025390625 249.87594604492188
v 1378.929931640625 622.035400390625 251.3016815185547
v 712.5157470703125 1410.049072265625 249.86691284179688
v 1375.9632568359375 619.4617309570312 249.87158203125
v 713.9074096679688 1414.4998779296875 251.2969970703125
v 712.578125 1410.0693359375 249.8973846435547
v 375.7889099121094 1312.347900390625 245.7875213623047
v 711.990478515625 1408.1173095703125 245.79025268554688
v 373.6865539550781 1313.53369140625 249.89466857910156
v 711.990478515625 1408.1171875 245.84756469726562
v 373.68658447265625 1313.5338134765625 241.78521728515625
v 712.578125 1410.0693359375 241.7825164794922
v 375.7889709472656 1312.3477783203125 245.85028076171875
v 712.55712890625 1410.0557861328125 241.79991149902344
v 368.7981872558594 1316.260009765625 240.57080078125
v 713.9577026367188 1414.584228515625 240.569580078125
v 373.7043762207031 1313.4903564453125 241.81240844726562
v 713.9708251953125 1414.538330078125 240.56179809570312
v 363.9046630859375 1318.983642578125 241.80218505859375
v 715.3412475585938 1419.095703125 241.80340576171875
v 368.8110046386719 1316.2139892578125 240.56057739257812
v 715.35009765625 1419.0762939453125 241.77139282226562
v 362.155517578125 1319.9512939453125 245.94947814941406
v 715.8389282226562 1420.699951171875 245.951904296875
v 363.9040832519531 1318.9647216796875 241.7689666748047
v 715.8388061523438 1420.7000732421875 245.91456604003906
v 363.9043273925781 1318.9642333984375 249.91094970703125
v 715.3502197265625 1419.0758056640625 249.90846252441406
v 362.15557861328125 1319.951416015625 245.9170684814453
v 715.3326416015625 1419.0872802734375 249.8779296875
v 368.909912109375 1316.15966796875 251.3068084716797
v 713.9428100585938 1414.4476318359375 251.30545043945312
v 363.9045715332031 1318.9835205078125 249.87730407714844
v 713.929931640625 1414.4930419921875 251.2969970703125
v 373.7040100097656 1313.4910888671875 249.865478515625
v 712.587158203125 1410.0272216796875 249.86691284179688
v 368.8966369628906 1316.2049560546875 251.29559326171875
v 373.6983642578125 1313.554931640625 249.89466857910156
v 398.98211669921875 1231.0443115234375 245.79583740234375
v 375.81396484375 1312.3929443359375 245.7875213623047
v 397.3313903808594 1230.5738525390625 249.90298461914062
v 375.8140869140625 1312.3929443359375 245.85028076171875
v 397.331298828125 1230.5738525390625 241.77688598632812
v 373.6983337402344 1313.554931640625 241.78521728515625
v 398.9822082519531 1231.0443115234375 245.84193420410156
v 373.71038818359375 1313.535400390625 241.79991149902344
v 393.50885009765625 1229.4864501953125 240.5657196044922
v 368.8052673339844 1316.273193359375 240.57080078125
v 397.3636169433594 1230.5831298828125 241.80731201171875
v 368.8511962890625 1316.2862548828125 240.56057739257812
v 389.70068359375 1228.400390625 241.80731201171875
v 363.9120178222656 1318.996826171875 241.80218505859375
v 393.5550842285156 1229.4984130859375 240.56570434570312
v 363.9277038574219 1319.0072021484375 241.7689666748047
v 388.3583984375 1228.0181884765625 245.95677185058594
v 362.16802978515625 1319.9737548828125 245.94947814941406
v 389.7314147949219 1228.4091796875 241.77626037597656
v 362.1679382324219 1319.9736328125 245.9170684814453
v 389.73175048828125 1228.4093017578125 249.90345764160156
v 363.9282531738281 1319.00732421875 249.91094970703125
v 388.3580627441406 1228.01806640625 245.90956115722656
v 363.9237365722656 1318.9825439453125 249.8798828125
v 393.6313781738281 1229.5213623046875 251.3011474609375
v 368.9494934082031 1316.2313232421875 251.3068084716797
v 389.7009582519531 1228.4005126953125 249.8716583251953
v 368.9040832519531 1316.2183837890625 251.29559326171875
v 397.3632507324219 1230.5830078125 249.87135314941406
v 373.7437744140625 1313.5625 249.865478515625
v 393.58642578125 1229.50732421875 251.3014678955078
v 1338.768798828125 -242.8602294921875 245.81898498535156
v 1328.072265625 -245.9066619873047 245.93360900878906
v 1337.1226806640625 -243.32904052734375 249.9132080078125
v 1337.12158203125 -243.32937622070312 241.7664794921875
v 1329.4453125 -245.51565551757812 241.7681121826172
v 1333.28369140625 -244.4224853515625 240.5255126953125
v 1329.4447021484375 -245.51585388183594 249.91209411621094
v 1333.36083984375 -244.40049743652344 251.3401641845703
v 397.3642272949219 1230.6092529296875 249.9130401611328
v 388.3139343261719 1228.031494140625 245.93344116210938
v 399.0103454589844 1231.0782470703125 245.81881713867188
v 389.6869201660156 1228.4224853515625 241.76795959472656
v 397.3630676269531 1230.60888671875 241.7663116455078
v 393.5252685546875 1229.515869140625 240.5253448486328
v 389.68621826171875 1228.42236328125 249.91192626953125
v 393.6024475097656 1229.5379638671875 251.33999633789062
v 1333.373046875 -244.37098693847656 239.8250732421875
v 1385.5286865234375 -427.132080078125 159.97506713867188
v 1333.46923828125 -244.3436279296875 159.97508239746094
v 1385.4599609375 -427.255615234375 239.82505798339844
v 1333.46923828125 -244.3436279296875 159.97508239746094
v 1385.4599609375 -427.255615234375 239.82505798339844
v 1333.373046875 -244.37098693847656 239.8250732421875
v 1385.5286865234375 -427.132080078125 159.97506713867188
v 1385.4290771484375 -427.2384338378906 239.82505798339844
v 2129.93310546875 -215.0484161376953 159.9750518798828
v 1385.497802734375 -427.1148376464844 159.97506713867188
v 2130.114501953125 -215.10072326660156 239.82505798339844
v 1385.497802734375 -427.1148376464844 159.97506713867188
v 2130.114501953125 -215.10072326660156 239.82505798339844
v 1385.4290771484375 -427.2384338378906 239.82505798339844
v 2129.93310546875 -215.0484161376953 159.9750518798828
v 2130.10693359375 -215.12612915039062 239.82505798339844
v 1378.7882080078125 621.9791259765625 159.97500610351562
v 2129.92578125 -215.0739288330078 159.9750518798828
v 1378.86376953125 622.0446166992188 239.8249969482422
v 2129.92578125 -215.0739288330078 159.9750518798828
v 1378.86376953125 622.0446166992188 239.8249969482422
v 2130.10693359375 -215.12612915039062 239.82505798339844
v 1378.7882080078125 621.9791259765625 159.97500610351562
v 1378.8966064453125 622.0068969726562 239.8249969482422
v 713.8543701171875 1414.3587646484375 159.97486877441406
v 1378.8209228515625 621.9413452148438 159.97500610351562
v 713.889404296875 1414.4725341796875 239.8248748779297
v 1378.8209228515625 621.9413452148438 159.97500610351562
v 713.889404296875 1414.4725341796875 239.8248748779297
v 1378.8966064453125 622.0068969726562 239.8249969482422
v 713.8543701171875 1414.3587646484375 159.97486877441406
v 713.9295043945312 1414.460205078125 239.8248748779297
v 369.04046630859375 1316.1134033203125 159.97486877441406
v 713.89453125 1414.346435546875 159.97486877441406
v 368.91693115234375 1316.18212890625 239.82485961914062
v 713.89453125 1414.346435546875 159.97486877441406
v 368.91693115234375 1316.18212890625 239.82485961914062
v 713.9295043945312 1414.460205078125 239.8248748779297
v 369.04046630859375 1316.1134033203125 159.97486877441406
v 368.9341125488281 1316.2130126953125 239.82485961914062
v 393.7245178222656 1229.5465087890625 159.97491455078125
v 369.0577087402344 1316.144287109375 159.97486877441406
v 393.6283264160156 1229.5191650390625 239.8249053955078
v 369.0577087402344 1316.144287109375 159.97486877441406
v 393.6283264160156 1229.5191650390625 239.8249053955078
v 368.9341125488281 1316.2130126953125 239.82485961914062
v 393.7245178222656 1229.5465087890625 159.97491455078125
v 1378.6351318359375 -439.48065185546875 160.00009155273438
v 1347.911376953125 -240.22776794433594 160.0000762939453
v 1323.82763671875 -247.08961486816406 160.0000762939453
v 2148.053466796875 -220.2915802001953 160.00010681152344
v 2105.0947265625 -206.57107543945312 160.00010681152344
v 1395.8148193359375 -408.53302001953125 160.00009155273438
v 1386.396240234375 628.5485229492188 160.0
v 717.3705444335938 1425.7525634765625 159.99989318847656
v 1362.27294921875 621.6348876953125 160.0
v 356.69219970703125 1323.006591796875 159.99989318847656
v 384.0830383300781 1226.80029296875 159.99990844726562
v 387.63983154296875 1305.83935546875 159.99989318847656
v 712.219970703125 1398.238037109375 159.99990844726562
v 408.1790771484375 1233.662109375 159.99990844726562
v 732.5065307617188 -415.881591796875 159.98486328125
v 735.254638671875 -425.548828125 159.98486328125
v 732.5065307617188 -415.881591796875 245.03485107421875
v 735.254638671875 -425.548828125 245.03485107421875
v 735.2237548828125 -425.5316162109375 159.98486328125
v 744.8787231445312 -422.7835693359375 159.98486328125
v 735.2237548828125 -425.5316162109375 245.03485107421875
v 744.8787231445312 -422.7835693359375 245.03485107421875
v 744.8615112304688 -422.814453125 159.98486328125
v 742.1134033203125 -413.147216796875 159.98486328125
v 744.8615112304688 -422.814453125 245.03485107421875
v 742.1134033203125 -413.147216796875 245.03485107421875
v 742.144287109375 -413.1644287109375 159.98486328125
v 732.4893188476562 -415.9124755859375 159.98486328125
v 742.144287109375 -413.1644287109375 245.03485107421875
v 732.4893188476562 -415.9124755859375 245.03485107421875
v 732.4824829101562 -415.888427734375 245.00985717773438
v 735.2305908203125 -425.5556640625 245.00985717773438
v 742.137451171875 -413.140380859375 245.00985717773438
v 744.8855590820312 -422.8076171875 245.00985717773438
v 792.718017578125 -590.7523193359375 159.98487854003906
v 783.0508422851562 -593.5125732421875 159.98487854003906
v 792.718017578125 -590.7523193359375 245.0348663330078
v 783.0508422851562 -593.5125732421875 245.0348663330078
v 783.0679931640625 -593.481689453125 159.98487854003906
v 785.828369140625 -603.13671875 159.98487854003906
v 783.0679931640625 -593.481689453125 245.0348663330078
v 785.828369140625 -603.13671875 245.0348663330078
v 785.7974243164062 -603.1195068359375 159.98487854003906
v 795.464599609375 -600.3714599609375 159.98487854003906
v 785.7974243164062 -603.1195068359375 245.0348663330078
v 795.464599609375 -600.3714599609375 245.0348663330078
v 795.4474487304688 -600.40234375 159.98487854003906
v 792.6871337890625 -590.735107421875 159.98487854003906
v 795.4474487304688 -600.40234375 245.0348663330078
v 792.6871337890625 -590.735107421875 245.0348663330078
v 783.0440063476562 -593.4885864257812 245.00987243652344
v 785.8042602539062 -603.1436157226562 245.00987243652344
v 792.7111206054688 -590.728271484375 245.00987243652344
v 795.471435546875 -600.3955078125 245.00987243652344
v -928.8460693359375 -1081.0550537109375 159.98484802246094
v -926.0980224609375 -1090.7222900390625 159.98484802246094
v -928.8460693359375 -1081.0550537109375 245.0348358154297
v -926.0980224609375 -1090.7222900390625 245.0348358154297
v -926.12890625 -1090.705078125 159.98484802246094
v -916.461669921875 -1087.94482421875 159.98484802246094
v -926.12890625 -1090.705078125 245.0348358154297
v -916.461669921875 -1087.94482421875 245.0348358154297
v -916.4788818359375 -1087.9757080078125 159.98484802246094
v -919.2269287109375 -1078.3206787109375 159.98484802246094
v -916.4788818359375 -1087.9757080078125 245.0348358154297
v -919.2269287109375 -1078.3206787109375 245.0348358154297
v -919.196044921875 -1078.337890625 159.98484802246094
v -928.86328125 -1081.0859375 159.98484802246094
v -919.196044921875 -1078.337890625 245.0348358154297
v -928.86328125 -1081.0859375 245.0348358154297
v -928.8701171875 -1081.0618896484375 245.0098419189453
v -926.1220703125 -1090.7291259765625 245.0098419189453
v -919.202880859375 -1078.3138427734375 245.0098419189453
v -916.454833984375 -1087.9688720703125 245.0098419189453
v -339.427978515625 -923.6324462890625 159.98486328125
v -342.176025390625 -913.9652099609375 159.98486328125
v -339.427978515625 -923.63232421875 245.03485107421875
v -342.176025390625 -913.965087890625 245.03485107421875
v -342.1451416015625 -913.982421875 159.98486328125
v -351.8123779296875 -916.73046875 159.98486328125
v -342.1451416015625 -913.9822998046875 245.03485107421875
v -351.8123779296875 -916.7303466796875 245.03485107421875
v -351.795166015625 -916.6995849609375 159.98486328125
v -349.047119140625 -926.3668212890625 159.98486328125
v -351.795166015625 -916.699462890625 245.03485107421875
v -349.047119140625 -926.36669921875 245.03485107421875
v -349.0780029296875 -926.349609375 159.98486328125
v -339.4107666015625 -923.6015625 159.98486328125
v -349.0780029296875 -926.3494873046875 245.03485107421875
v -339.4107666015625 -923.6014404296875 245.03485107421875
v -339.4039306640625 -923.62548828125 245.00985717773438
v -342.1519775390625 -913.958251953125 245.00985717773438
v -349.0711669921875 -926.37353515625 245.00985717773438
v -351.8192138671875 -916.706298828125 245.00985717773438
v 218.39663696289062 -764.7578125 159.98487854003906
v 215.63632202148438 -755.090576171875 159.98487854003906
v 218.39663696289062 -764.7578125 245.0348663330078
v 215.63632202148438 -755.090576171875 245.0348663330078
v 215.667236328125 -755.1077880859375 159.98487854003906
v 206.0 -757.8558349609375 159.98487854003906
v 215.667236328125 -755.1077880859375 245.0348663330078
v 206.0 -757.8558349609375 245.0348663330078
v 206.01718139648438 -757.824951171875 159.98487854003906
v 208.77749633789062 -767.4921875 159.98487854003906
v 206.01718139648438 -757.824951171875 245.0348663330078
v 208.77749633789062 -767.4921875 245.0348663330078
v 208.74658203125 -767.4749755859375 159.98487854003906
v 218.413818359375 -764.7269287109375 159.98487854003906
v 208.74658203125 -767.4749755859375 245.0348663330078
v 218.413818359375 -764.7269287109375 245.0348663330078
v 218.42063903808594 -764.7509765625 245.00987243652344
v 215.66038513183594 -755.083740234375 245.00987243652344
v 208.75343322753906 -767.4990234375 245.00987243652344
v 205.99317932128906 -757.831787109375 245.00987243652344
v -1525.1351318359375 -1250.8914794921875 159.98484802246094
v -1522.3748779296875 -1260.5465087890625 159.98484802246094
v -1525.1351318359375 -1250.8914794921875 245.0348358154297
v -1522.3748779296875 -1260.5465087890625 245.0348358154297
v -1522.40576171875 -1260.529296875 159.98484802246094
v -1512.750732421875 -1257.78125 159.98484802246094
v -1522.40576171875 -1260.529296875 245.0348358154297
v -1512.750732421875 -1257.78125 245.0348358154297
v -1512.7679443359375 -1257.8121337890625 159.98484802246094
v -1515.5159912109375 -1248.1448974609375 159.98484802246094
v -1512.7679443359375 -1257.8121337890625 245.0348358154297
v -1515.5159912109375 -1248.1448974609375 245.0348358154297
v -1515.485107421875 -1248.162109375 159.98484802246094
v -1525.15234375 -1250.92236328125 159.98484802246094
v -1515.485107421875 -1248.162109375 245.0348358154297
v -1525.15234375 -1250.92236328125 245.0348358154297
v -1525.1591796875 -1250.8983154296875 245.0098419189453
v -1522.39892578125 -1260.5533447265625 245.0098419189453
v -1515.491943359375 -1248.1380615234375 245.0098419189453
v -1512.743896484375 -1257.8052978515625 245.0098419189453
v -1544.1156005859375 677.6248779296875 159.98468017578125
v -1546.8758544921875 687.2920532226562 159.98468017578125
v -1544.1156005859375 677.6248779296875 245.03466796875
v -1546.8758544921875 687.2921142578125 245.03466796875
v -1546.844970703125 687.2749633789062 159.98468017578125
v -1556.5 684.5146484375 159.98468017578125
v -1546.844970703125 687.2749633789062 245.03466796875
v -1556.5 684.5146484375 245.03466796875
v -1556.4827880859375 684.5455932617188 159.98468017578125
v -1553.7347412109375 674.8905029296875 159.98468017578125
v -1556.4827880859375 684.5455932617188 245.03466796875
v -1553.7347412109375 674.8905029296875 245.03466796875
v -1553.765625 674.90771484375 159.98468017578125
v -1544.098388671875 677.65576171875 159.98468017578125
v -1553.765625 674.90771484375 245.03466796875
v -1544.098388671875 677.65576171875 245.03466796875
v -1544.091552734375 677.6317138671875 245.00967407226562
v -1546.851806640625 687.2989501953125 245.00967407226562
v -1553.7587890625 674.8836669921875 245.00967407226562
v -1556.5068359375 684.5387573242188 245.00967407226562
v -950.555908203125 857.0991821289062 159.98468017578125
v -960.22314453125 854.3511352539062 159.98468017578125
v -950.555908203125 857.0992431640625 245.03466796875
v -960.22314453125 854.3511352539062 245.03466796875
v -960.2059326171875 854.3820190429688 159.98468017578125
v -957.4456787109375 844.7147216796875 159.98468017578125
v -960.2059326171875 854.3820190429688 245.03466796875
v -957.4456787109375 844.7147216796875 245.03466796875
v -957.4765625 844.73193359375 159.98468017578125
v -947.809326171875 847.4921875 159.98468017578125
v -957.4765625 844.73193359375 245.03466796875
v -947.809326171875 847.4921875 245.03466796875
v -947.8264770507812 847.4613037109375 159.98468017578125
v -950.5868530273438 857.1163940429688 159.98468017578125
v -947.8264770507812 847.4613037109375 245.03466796875
v -950.5868530273438 857.116455078125 245.03466796875
v -960.22998046875 854.3751831054688 245.00967407226562
v -957.4696655273438 844.7078857421875 245.00967407226562
v -950.562744140625 857.1233520507812 245.00967407226562
v -947.802490234375 847.4682006835938 245.00967407226562
v -210.0350341796875 1068.041748046875 159.98468017578125
v -207.287109375 1058.3743896484375 159.9846954345703
v -210.0350341796875 1068.041748046875 245.03466796875
v -207.287109375 1058.3743896484375 245.03468322753906
v -207.3179931640625 1058.3916015625 159.9846954345703
v -197.650634765625 1061.1396484375 159.9846954345703
v -207.3179931640625 1058.3916015625 245.03468322753906
v -197.650634765625 1061.1396484375 245.03468322753906
v -197.6678466796875 1061.1087646484375 159.9846954345703
v -200.4158935546875 1070.7760009765625 159.98468017578125
v -197.6678466796875 1061.1087646484375 245.03468322753906
v -200.4158935546875 1070.7760009765625 245.03466796875
v -200.385009765625 1070.7587890625 159.98468017578125
v -210.05224609375 1068.0108642578125 159.98468017578125
v -200.385009765625 1070.7587890625 245.03466796875
v -210.05224609375 1068.0108642578125 245.03466796875
v -210.05908203125 1068.034912109375 245.00967407226562
v -207.3111572265625 1058.3675537109375 245.0096893310547
v -200.391845703125 1070.7828369140625 245.00967407226562
v -197.643798828125 1061.1156005859375 245.0096893310547
v 395.904052734375 1240.595458984375 159.9846954345703
v 386.23681640625 1237.8350830078125 159.98471069335938
v 395.904052734375 1240.595458984375 245.03468322753906
v 386.23681640625 1237.8350830078125 245.03469848632812
v 386.2540283203125 1237.8660888671875 159.98471069335938
v 389.0020751953125 1228.2108154296875 159.98471069335938
v 386.2540283203125 1237.8660888671875 245.03469848632812
v 389.0020751953125 1228.2108154296875 245.03469848632812
v 388.97119140625 1228.22802734375 159.98471069335938
v 398.638427734375 1230.9761962890625 159.98471069335938
v 388.97119140625 1228.22802734375 245.03469848632812
v 398.638427734375 1230.9761962890625 245.03469848632812
v 398.6212158203125 1230.9453125 159.98471069335938
v 395.8731689453125 1240.6126708984375 159.9846954345703
v 398.6212158203125 1230.9453125 245.03469848632812
v 395.8731689453125 1240.6126708984375 245.03468322753906
v 386.2299499511719 1237.8592529296875 245.00970458984375
v 388.97802734375 1228.2039794921875 245.00970458984375
v 395.8971862792969 1240.6195068359375 245.0096893310547
v 398.645263671875 1230.9521484375 245.00970458984375
v 2129.558837890625 -210.00271606445312 159.9849090576172
v 2119.891845703125 -212.76303100585938 159.9849090576172
v 2129.558837890625 -210.00271606445312 245.03489685058594
v 2119.891845703125 -212.76303100585938 245.03489685058594
v 2119.908935546875 -212.73211669921875 159.9849090576172
v 2122.656982421875 -222.38714599609375 159.9849090576172
v 2119.908935546875 -212.73211669921875 245.03489685058594
v 2122.656982421875 -222.38714599609375 245.03489685058594
v 2122.626220703125 -222.36993408203125 159.9849090576172
v 2132.29296875 -219.62188720703125 159.9849090576172
v 2122.626220703125 -222.36993408203125 245.03489685058594
v 2132.29296875 -219.62188720703125 245.03489685058594
v 2132.276123046875 -219.65277099609375 159.9849090576172
v 2129.528076171875 -209.98553466796875 159.9849090576172
v 2132.276123046875 -219.65277099609375 245.03489685058594
v 2129.528076171875 -209.98553466796875 245.03489685058594
v 2119.884765625 -212.7389678955078 245.00990295410156
v 2122.633056640625 -222.39398193359375 245.00990295410156
v 2129.552001953125 -209.9787139892578 245.00990295410156
v 2132.2998046875 -219.64593505859375 245.00990295410156
v 1379.357177734375 -423.645263671875 159.98489379882812
v 1382.1173095703125 -433.3125 159.98489379882812
v 1379.357177734375 -423.645263671875 245.03488159179688
v 1382.1173095703125 -433.3125 245.03488159179688
v 1382.08642578125 -433.2953186035156 159.98489379882812
v 1391.7415771484375 -430.5350036621094 159.98489379882812
v 1382.08642578125 -433.2953186035156 245.03488159179688
v 1391.7415771484375 -430.5350036621094 245.03488159179688
v 1391.7242431640625 -430.56591796875 159.98489379882812
v 1388.9761962890625 -420.910888671875 159.98489379882812
v 1391.7242431640625 -430.56591796875 245.03488159179688
v 1388.9761962890625 -420.910888671875 245.03488159179688
v 1389.007080078125 -420.9281005859375 159.98489379882812
v 1379.3399658203125 -423.6761474609375 159.98489379882812
v 1389.007080078125 -420.9281005859375 245.03488159179688
v 1379.3399658203125 -423.6761474609375 245.03488159179688
v 1379.3331298828125 -423.6521301269531 245.0098876953125
v 1382.09326171875 -433.3193664550781 245.0098876953125
v 1389.000244140625 -420.904052734375 245.0098876953125
v 1391.748291015625 -430.5590515136719 245.0098876953125
v 1328.673583984375 -245.666748046875 159.98487854003906
v 1331.4215087890625 -255.333984375 159.98487854003906
v 1328.6734619140625 -245.666748046875 245.0348663330078
v 1331.4215087890625 -255.333984375 245.0348663330078
v 1331.390625 -255.3167724609375 159.98487854003906
v 1341.057861328125 -252.5687255859375 159.98487854003906
v 1331.390625 -255.3167724609375 245.0348663330078
v 1341.057861328125 -252.5687255859375 245.0348663330078
v 1341.0406494140625 -252.599609375 159.98487854003906
v 1338.2926025390625 -242.932373046875 159.98487854003906
v 1341.0406494140625 -252.599609375 245.0348663330078
v 1338.2926025390625 -242.932373046875 245.0348663330078
v 1338.323486328125 -242.9495849609375 159.98487854003906
v 1328.6563720703125 -245.6976318359375 159.98487854003906
v 1338.323486328125 -242.9495849609375 245.0348663330078
v 1328.65625 -245.6976318359375 245.0348663330078
v 1328.6494140625 -245.673583984375 245.00987243652344
v 1331.3974609375 -255.3408203125 245.00987243652344
v 1338.316650390625 -242.925537109375 245.00987243652344
v 1341.064697265625 -252.5927734375 245.00987243652344
v -969.818603515625 -900.56689453125 159.98483276367188
v -979.48583984375 -903.31494140625 159.98483276367188
v -969.818603515625 -900.56689453125 245.03482055664062
v -979.48583984375 -903.31494140625 245.03482055664062
v -979.4686279296875 -903.2840576171875 159.98483276367188
v -976.7205810546875 -912.9512939453125 159.98483276367188
v -979.4686279296875 -903.2840576171875 245.03482055664062
v -976.7205810546875 -912.9512939453125 245.03482055664062
v -976.75146484375 -912.93408203125 159.98483276367188
v -967.084228515625 -910.18603515625 159.98483276367188
v -976.75146484375 -912.93408203125 245.03482055664062
v -967.084228515625 -910.18603515625 245.03482055664062
v -967.1014404296875 -910.2169189453125 159.98483276367188
v -969.8494873046875 -900.5496826171875 159.98483276367188
v -967.1014404296875 -910.2169189453125 245.03482055664062
v -969.8494873046875 -900.5496826171875 245.03482055664062
v -979.49267578125 -903.2908935546875 245.00982666015625
v -976.74462890625 -912.9581298828125 245.00982666015625
v -969.825439453125 -900.5428466796875 245.00982666015625
v -967.077392578125 -910.2100830078125 245.00982666015625
v -1575.7821044921875 -1073.0350341796875 159.98483276367188
v -1573.0340576171875 -1082.7022705078125 159.98483276367188
v -1575.7821044921875 -1073.0350341796875 245.03482055664062
v -1573.0340576171875 -1082.7022705078125 245.03482055664062
v -1573.06494140625 -1082.68505859375 159.98483276367188
v -1563.397705078125 -1079.9248046875 159.98483276367188
v -1573.06494140625 -1082.68505859375 245.03482055664062
v -1563.397705078125 -1079.9248046875 245.03482055664062
v -1563.4149169921875 -1079.9556884765625 159.98483276367188
v -1566.1629638671875 -1070.3006591796875 159.98483276367188
v -1563.4149169921875 -1079.9556884765625 245.03482055664062
v -1566.1629638671875 -1070.3006591796875 245.03482055664062
v -1566.132080078125 -1070.31787109375 159.98483276367188
v -1575.79931640625 -1073.06591796875 159.98483276367188
v -1566.132080078125 -1070.31787109375 245.03482055664062
v -1575.79931640625 -1073.06591796875 245.03482055664062
v -1575.80615234375 -1073.0418701171875 245.00982666015625
v -1573.05810546875 -1082.7091064453125 245.00982666015625
v -1566.138916015625 -1070.2938232421875 245.00982666015625
v -1563.390869140625 -1079.9488525390625 245.00982666015625
v -2079.60302734375 -1408.8016357421875 159.98483276367188
v -2076.85498046875 -1418.4688720703125 159.98483276367188
v -2079.60302734375 -1408.8016357421875 245.03482055664062
v -2076.85498046875 -1418.4688720703125 245.03482055664062
v -2076.8857421875 -1418.45166015625 159.98483276367188
v -2067.21875 -1415.70361328125 159.98483276367188
v -2076.8857421875 -1418.45166015625 245.03482055664062
v -2067.21875 -1415.70361328125 245.03482055664062
v -2067.23583984375 -1415.7344970703125 159.98483276367188
v -2069.98388671875 -1406.0672607421875 159.98483276367188
v -2067.23583984375 -1415.7344970703125 245.03482055664062
v -2069.98388671875 -1406.0672607421875 245.03482055664062
v -2069.953125 -1406.08447265625 159.98483276367188
v -2079.6201171875 -1408.83251953125 159.98483276367188
v -2069.953125 -1406.08447265625 245.03482055664062
v -2079.6201171875 -1408.83251953125 245.03482055664062
v -2079.626953125 -1408.8084716796875 245.00982666015625
v -2076.87890625 -1418.4757080078125 245.00982666015625
v -2069.9599609375 -1406.0604248046875 245.00982666015625
v -2067.2119140625 -1415.7276611328125 245.00982666015625
v -2139.05126953125 606.8721313476562 159.98464965820312
v -2136.30322265625 597.2171630859375 159.98464965820312
v -2139.05126953125 606.8721923828125 245.03463745117188
v -2136.30322265625 597.2171630859375 245.03463745117188
v -2136.333984375 597.234375 159.98464965820312
v -2126.6669921875 599.982421875 159.98464965820312
v -2136.333984375 597.234375 245.03463745117188
v -2126.6669921875 599.9824829101562 245.03463745117188
v -2126.68408203125 599.9515380859375 159.98464965820312
v -2129.43212890625 609.6187744140625 159.98464965820312
v -2126.68408203125 599.9515380859375 245.03463745117188
v -2129.43212890625 609.6187744140625 245.03463745117188
v -2129.4013671875 609.6015625 159.98464965820312
v -2139.068359375 606.8412475585938 159.98464965820312
v -2129.4013671875 609.6015625 245.03463745117188
v -2139.068359375 606.84130859375 245.03463745117188
v -2139.075439453125 606.8653564453125 245.0096435546875
v -2136.3271484375 597.2103271484375 245.0096435546875
v -2129.408203125 609.6256103515625 245.0096435546875
v -2126.66015625 599.9583740234375 245.0096435546875
v -1579.8226318359375 766.4547119140625 159.9846649169922
v -1577.0623779296875 756.7996826171875 159.9846649169922
v -1579.8226318359375 766.4547119140625 245.03465270996094
v -1577.0623779296875 756.7996826171875 245.03465270996094
v -1577.09326171875 756.81689453125 159.9846649169922
v -1567.426025390625 759.56494140625 159.9846649169922
v -1577.09326171875 756.81689453125 245.03465270996094
v -1567.426025390625 759.5650024414062 245.03465270996094
v -1567.4432373046875 759.5340576171875 159.9846649169922
v -1570.2034912109375 769.2012939453125 159.9846649169922
v -1567.4432373046875 759.5341186523438 245.03465270996094
v -1570.2034912109375 769.2012939453125 245.03465270996094
v -1570.172607421875 769.18408203125 159.9846649169922
v -1579.83984375 766.423828125 159.9846649169922
v -1570.172607421875 769.18408203125 245.03465270996094
v -1579.83984375 766.423828125 245.03465270996094
v -1579.8466796875 766.4478149414062 245.00965881347656
v -1577.08642578125 756.7927856445312 245.00965881347656
v -1570.179443359375 769.2081298828125 245.00965881347656
v -1567.419189453125 759.5409545898438 245.00965881347656
v -983.4359130859375 935.9738159179688 159.9846649169922
v -980.6756591796875 926.3065185546875 159.9846649169922
v -983.4359130859375 935.9738159179688 245.03465270996094
v -980.6756591796875 926.3065185546875 245.03465270996094
v -980.70654296875 926.3236694335938 159.9846649169922
v -971.051513671875 929.0840454101562 159.9846649169922
v -980.70654296875 926.3236694335938 245.03465270996094
v -971.051513671875 929.0840454101562 245.03465270996094
v -971.0687255859375 929.0531005859375 159.9846649169922
v -973.8167724609375 938.708251953125 159.9846649169922
v -971.0687255859375 929.0531005859375 245.03465270996094
v -973.8167724609375 938.708251953125 245.03465270996094
v -973.785888671875 938.6910400390625 159.9846649169922
v -983.453125 935.9429321289062 159.9846649169922
v -973.785888671875 938.6910400390625 245.03465270996094
v -983.453125 935.9429321289062 245.03465270996094
v -983.4599609375 935.9669799804688 245.00965881347656
v -980.6996459960938 926.2996826171875 245.00965881347656
v -973.792724609375 938.715087890625 245.00965881347656
v -971.0446166992188 929.0599365234375 245.00965881347656
v -233.3260498046875 1149.841064453125 159.98468017578125
v -230.5780029296875 1140.1737060546875 159.98468017578125
v -233.3260498046875 1149.841064453125 245.03466796875
v -230.5780029296875 1140.1737060546875 245.03466796875
v -230.60888671875 1140.19091796875 159.98468017578125
v -220.941650390625 1142.93896484375 159.98468017578125
v -230.60888671875 1140.19091796875 245.03466796875
v -220.941650390625 1142.93896484375 245.03466796875
v -220.9588623046875 1142.9080810546875 159.98468017578125
v -223.7069091796875 1152.5753173828125 159.98468017578125
v -220.9588623046875 1142.9080810546875 245.03466796875
v -223.7069091796875 1152.5753173828125 245.03466796875
v -223.676025390625 1152.55810546875 159.98468017578125
v -233.34326171875 1149.8101806640625 159.98468017578125
v -223.676025390625 1152.55810546875 245.03466796875
v -233.34326171875 1149.8101806640625 245.03466796875
v -233.35009765625 1149.834228515625 245.00967407226562
v -230.60205078125 1140.1668701171875 245.00967407226562
v -223.682861328125 1152.5821533203125 245.00967407226562
v -220.934814453125 1142.9149169921875 245.00967407226562
v 362.9630126953125 1319.6651611328125 159.9846954345703
v 365.7110595703125 1310.01025390625 159.9846954345703
v 362.9630126953125 1319.665283203125 245.03468322753906
v 365.7110595703125 1310.0103759765625 245.03468322753906
v 365.68017578125 1310.0274658203125 159.9846954345703
v 375.347412109375 1312.775390625 159.9846954345703
v 365.68017578125 1310.027587890625 245.03468322753906
v 375.347412109375 1312.775390625 245.03468322753906
v 375.3302001953125 1312.7445068359375 159.9846954345703
v 372.5821533203125 1322.411865234375 159.9846954345703
v 375.3302001953125 1312.7445068359375 245.03468322753906
v 372.5821533203125 1322.411865234375 245.03468322753906
v 372.613037109375 1322.394775390625 159.9846954345703
v 362.94580078125 1319.63427734375 159.9846954345703
v 372.613037109375 1322.394775390625 245.03468322753906
v 362.94580078125 1319.6343994140625 245.03468322753906
v 362.9389343261719 1319.658447265625 245.0096893310547
v 365.68701171875 1310.0035400390625 245.0096893310547
v 372.6061706542969 1322.418701171875 245.0096893310547
v 375.354248046875 1312.7513427734375 245.0096893310547
v 705.9317626953125 1417.3826904296875 159.9846954345703
v 708.6796875 1407.71533203125 159.98471069335938
v 705.9317626953125 1417.3826904296875 245.03468322753906
v 708.6796875 1407.71533203125 245.03469848632812
v 708.6488037109375 1407.7325439453125 159.98471069335938
v 718.316162109375 1410.4805908203125 159.98471069335938
v 708.6488037109375 1407.7325439453125 245.03469848632812
v 718.316162109375 1410.4805908203125 245.03469848632812
v 718.2989501953125 1410.44970703125 159.98471069335938
v 715.5508422851562 1420.1168212890625 159.9846954345703
v 718.2989501953125 1410.44970703125 245.03469848632812
v 715.5508422851562 1420.1168212890625 245.03468322753906
v 715.5817260742188 1420.099609375 159.9846954345703
v 705.91455078125 1417.351806640625 159.9846954345703
v 715.5817260742188 1420.099609375 245.03468322753906
v 705.91455078125 1417.351806640625 245.03468322753906
v 705.90771484375 1417.3758544921875 245.0096893310547
v 708.6556396484375 1407.70849609375 245.00970458984375
v 715.5748901367188 1420.1236572265625 245.0096893310547
v 718.322998046875 1410.45654296875 245.00970458984375
v 1059.9111328125 994.1978759765625 159.97496032714844
v 1067.615478515625 1000.6630859375 159.97496032714844
v 1059.9111328125 994.1978759765625 245.0249481201172
v 1067.615478515625 1000.6630859375 245.0249481201172
v 1067.6124267578125 1000.6278686523438 159.97496032714844
v 1061.1470947265625 1008.3201293945312 159.97496032714844
v 1067.6124267578125 1000.6278686523438 245.0249481201172
v 1061.1470947265625 1008.3201293945312 245.0249481201172
v 1061.182373046875 1008.3170166015625 159.97496032714844
v 1053.490234375 1001.864013671875 159.97496032714844
v 1061.182373046875 1008.3170166015625 245.02493286132812
v 1053.490234375 1001.864013671875 245.02493286132812
v 1053.4932861328125 1001.8992309570312 159.97496032714844
v 1059.9464111328125 994.1947631835938 159.97496032714844
v 1053.4932861328125 1001.8992309570312 245.0249481201172
v 1059.9464111328125 994.1947631835938 245.0249481201172
v 1067.6314697265625 1000.6439819335938 244.9999542236328
v 1061.166259765625 1008.336181640625 244.9999542236328
v 1059.92724609375 994.1787109375 244.9999542236328
v 1053.47412109375 1001.8831787109375 244.9999542236328
v 1770.6177978515625 192.99774169921875 159.9750518798828
v 1763.1343994140625 186.28717041015625 159.97506713867188
v 1770.6177978515625 192.99774169921875 245.0250244140625
v 1763.1343994140625 186.28717041015625 245.02503967285156
v 1763.13623046875 186.32247924804688 159.97506713867188
v 1769.8592529296875 178.82675170898438 159.97506713867188
v 1763.13623046875 186.32247924804688 245.02505493164062
v 1769.8592529296875 178.82675170898438 245.02505493164062
v 1769.823974609375 178.8286590576172 159.97506713867188
v 1777.307373046875 185.5514678955078 159.97506713867188
v 1769.823974609375 178.8286590576172 245.02505493164062
v 1777.307373046875 185.5514678955078 245.02505493164062
v 1777.3055419921875 185.5161590576172 159.97506713867188
v 1770.58251953125 192.99964904785156 159.9750518798828
v 1777.3055419921875 185.5161590576172 245.02505493164062
v 1770.58251953125 192.99964904785156 245.02503967285156
v 1763.11767578125 186.3057861328125 245.00006103515625
v 1769.840576171875 178.81007385253906 245.00006103515625
v 1770.6011962890625 193.01637268066406 245.0000457763672
v 1777.3240966796875 185.53286743164062 245.00006103515625
v 1415.7960205078125 588.261474609375 159.97500610351562
v 1408.3248291015625 581.5386352539062 159.97500610351562
v 1415.7960205078125 588.261474609375 245.02499389648438
v 1408.3248291015625 581.5386352539062 245.02499389648438
v 1408.32666015625 581.573974609375 159.97500610351562
v 1415.037353515625 574.0904541015625 159.97500610351562
v 1408.32666015625 581.573974609375 245.0249786376953
v 1415.037353515625 574.0904541015625 245.0249786376953
v 1415.0020751953125 574.0923461914062 159.97500610351562
v 1422.4854736328125 580.815185546875 159.97500610351562
v 1415.0020751953125 574.0923461914062 245.02499389648438
v 1422.4854736328125 580.815185546875 245.02499389648438
v 1422.483642578125 580.7798461914062 159.97500610351562
v 1415.7607421875 588.2633666992188 159.97500610351562
v 1422.483642578125 580.7798461914062 245.02499389648438
v 1415.7607421875 588.2633666992188 245.02499389648438
v 1408.30810546875 581.5572509765625 245.0
v 1415.0186767578125 574.0737915039062 245.0
v 1415.779296875 588.280029296875 245.0
v 1422.502197265625 580.7965698242188 245.0
v -2141.12109375 -407.90960693359375 159.9847412109375
v -2140.5078125 -417.93267822265625 159.9847412109375
v -2141.12109375 -407.90960693359375 245.03472900390625
v -2140.5078125 -417.93267822265625 245.03472900390625
v -2140.5341796875 -417.90924072265625 159.9847412109375
v -2130.51123046875 -417.29583740234375 159.9847412109375
v -2140.5341796875 -417.90924072265625 245.03472900390625
v -2130.51123046875 -417.29583740234375 245.03472900390625
v -2130.53466796875 -417.32232666015625 159.9847412109375
v -2131.14794921875 -407.28704833984375 159.9847412109375
v -2130.53466796875 -417.32232666015625 245.03472900390625
v -2131.14794921875 -407.28704833984375 245.03472900390625
v -2131.12158203125 -407.3104553222656 159.9847412109375
v -2141.14453125 -407.9361267089844 159.9847412109375
v -2131.12158203125 -407.3104553222656 245.03472900390625
v -2141.14453125 -407.9361267089844 245.03472900390625
v -2141.146240234375 -407.9111328125 245.00973510742188
v -2140.53271484375 -417.9342041015625 245.00973510742188
v -2131.123046875 -407.2855224609375 245.00973510742188
v -2130.509765625 -417.32080078125 245.00973510742188
v -2109.22314453125 -926.954833984375 159.9847869873047
v -2099.2001953125 -926.328857421875 159.9847869873047
v -2109.22314453125 -926.954833984375 245.03477478027344
v -2099.2001953125 -926.328857421875 245.03477478027344
v -2099.2236328125 -926.3555297851562 159.9847869873047
v -2099.8369140625 -916.3324584960938 159.9847869873047
v -2099.2236328125 -926.3555297851562 245.03477478027344
v -2099.8369140625 -916.3324584960938 245.03477478027344
v -2099.810546875 -916.3558959960938 159.9847869873047
v -2109.83349609375 -916.9692993164062 159.9847869873047
v -2099.810546875 -916.3558959960938 245.03477478027344
v -2109.83349609375 -916.9692993164062 245.03477478027344
v -2109.81005859375 -916.9428100585938 159.9847869873047
v -2109.19677734375 -926.9782104492188 159.9847869873047
v -2109.81005859375 -916.9428100585938 245.03477478027344
v -2109.19677734375 -926.9782104492188 245.03477478027344
v -2099.198486328125 -926.35400390625 245.00978088378906
v -2099.81201171875 -916.3309326171875 245.00978088378906
v -2109.2216796875 -926.979736328125 245.00978088378906
v -2109.8349609375 -916.9443359375 245.00978088378906
v -2140.7294921875 90.3565673828125 159.96029663085938
v -2130.68212890625 90.30755615234375 159.96029663085938
v -2140.7294921875 90.3565673828125 245.01026916503906
v -2130.68212890625 90.30755615234375 245.01026916503906
v -2130.70703125 90.28267669677734 159.96029663085938
v -2130.67041015625 100.33023834228516 159.96029663085938
v -2130.70703125 90.28267669677734 245.01026916503906
v -2130.67041015625 100.33023834228516 245.01026916503906
v -2130.6455078125 100.30511474609375 159.96029663085938
v -2140.69287109375 100.35418701171875 159.96029663085938
v -2130.6455078125 100.30511474609375 245.01026916503906
v -2140.69287109375 100.35418701171875 245.01026916503906
v -2140.66796875 100.37906646728516 159.96029663085938
v -2140.70458984375 90.3314437866211 159.96029663085938
v -2140.66796875 100.37906646728516 245.01026916503906
v -2140.70458984375 90.3314437866211 245.01026916503906
v -2130.68212890625 90.28258514404297 244.9852752685547
v -2140.69287109375 100.37915802001953 244.9852752685547
v -2140.729736328125 90.33153533935547 244.9852752685547
v -2130.645263671875 100.33014678955078 244.9852752685547
v -1583.9375 744.1532592773438 159.99984741210938
v -2112.896484375 593.5396118164062 159.99984741210938
v -2066.45361328125 -1394.7879638671875 160.00003051757812
v -1537.505859375 -1244.1693115234375 160.0000457763672
v 387.59832763671875 1305.7647705078125 159.99989318847656
v 712.144775390625 1398.2552490234375 159.99990844726562
v 2105.12158203125 -206.48272705078125 160.00010681152344
v 1395.889404296875 -408.57452392578125 160.00009155273438
v -1583.9375 744.1532592773438 149.99984741210938
v -2112.896484375 593.5396118164062 149.99984741210938
v -2066.45361328125 -1394.7879638671875 150.00003051757812
v -1537.505859375 -1244.1693115234375 150.0000457763672
v 1395.8148193359375 -408.53302001953125 150.00009155273438
v 2105.094482421875 -206.57107543945312 150.00010681152344
v 712.219970703125 1398.238037109375 149.99990844726562
v 387.63983154296875 1305.8392333984375 149.99989318847656
v 784.5675048828125 -594.3970336914062 241.81259155273438
v 789.3963012695312 -597.0377197265625 251.29307556152344
v -920.1000366210938 -1079.9234619140625 241.81256103515625
v 789.4951171875 -597.0927734375 240.57327270507812
v 363.9123229980469 1318.995849609375 249.8773193359375
v 393.6025085449219 1229.5367431640625 251.2929229736328
v 373.744873046875 1313.5615234375 241.81239318847656
v 393.52557373046875 1229.5146484375 240.57308959960938
v 368.9159240722656 1316.2027587890625 251.2928924560547
v 712.5869750976562 1410.0263671875 241.8112030029297
v 368.8170471191406 1316.2576904296875 240.57308959960938
v 1381.9815673828125 624.683837890625 249.8716278076172
v 713.9124145507812 1414.4764404296875 251.2928924560547
v 1375.962890625 619.4615478515625 241.80728149414062
v 713.9403076171875 1414.567626953125 240.57308959960938
v 2130.126953125 -215.11801147460938 251.29310607910156
v 1388.079833984375 -422.4277648925781 241.81260681152344
v 2130.272216796875 -215.15988159179688 240.57330322265625
v 1329.44580078125 -245.49009704589844 249.871826171875
v 1385.439453125 -427.25689697265625 251.2930908203125
v 1337.1085205078125 -243.30764770507812 241.80747985839844
v 1385.3843994140625 -427.3557434082031 240.5732879638672
v -1513.7901611328125 -1257.33837890625 249.87747192382812
v -1570.873046875 -1071.687744140625 251.29302978515625
v -1523.62255859375 -1251.904052734375 241.81256103515625
v -1570.796142578125 -1071.6658935546875 240.57322692871094
v -1518.7939453125 -1254.5447998046875 251.2930450439453
v -2070.96728515625 -1407.7515869140625 241.81309509277344
v -1518.695068359375 -1254.5999755859375 240.5732421875
v -2142.224609375 -378.0933837890625 249.8719482421875
v -2074.51708984375 -1412.8409423828125 251.29302978515625
v -2134.255859375 -377.864013671875 241.8075714111328
v -2074.5908203125 -1412.9453125 240.57322692871094
v -2133.969482421875 603.2378540039062 251.2928466796875
v -1576.2147216796875 758.0479125976562 241.8123779296875
v -2134.049072265625 603.2982788085938 240.5730438232422
v -1573.57470703125 762.877685546875 251.29287719726562
v -1552.6361083984375 675.107666015625 241.80726623535156
v -1573.5194091796875 762.9766235351562 240.5730438232422
v -922.7399291992188 -1084.75244140625 251.2930450439453
v -971.082763671875 -900.8141479492188 241.80743408203125
v -922.794921875 -1084.8511962890625 240.5732421875
f 16 14 15
f 14 13 15
f 10 9 11
f 12 10 11
f 6 5 7
f 8 6 7
f 2 1 3
f 4 2 3
f 966 965 967
f 968 966 967
f 962 961 963
f 964 962 963
f 958 957 959
f 960 958 959
f 954 953 955
f 956 954 955
f 950 949 951
f 952 950 951
f 946 945 947
f 948 946 947
f 942 941 943
f 944 942 943
f 938 937 939
f 940 938 939
f 934 933 935
f 936 934 935
f 930 929 931
f 932 930 931
f 926 925 927
f 928 926 927
f 922 921 923
f 924 922 923
f 918 917 919
f 920 918 919
f 914 913 915
f 916 914 915
f 640 639 641
f 642 640 641
f 636 635 637
f 638 636 637
f 632 631 633
f 634 632 633
f 628 627 629
f 630 628 629
f 624 623 625
f 626 624 625
f 620 619 621
f 622 620 621
f 616 615 617
f 618 616 617
f 612 611 613
f 614 612 613
f 608 607 609
f 610 608 609
f 604 603 605
f 606 604 605
f 600 599 601
f 602 600 601
f 596 595 597
f 598 596 597
f 592 591 593
f 594 592 593
f 588 587 589
f 590 588 589
f 440 439 441
f 442 440 441
f 436 435 437
f 438 436 437
f 432 431 433
f 434 432 433
f 428 427 429
f 430 428 429
f 424 423 425
f 426 424 425
f 420 419 421
f 422 420 421
f 416 415 417
f 418 416 417
f 412 411 413
f 414 412 413
f 264 263 265
f 266 264 265
f 260 259 261
f 262 260 261
f 256 255 257
f 258 256 257
f 252 251 253
f 254 252 253
f 248 247 249
f 250 248 249
f 244 243 245
f 246 244 245
f 240 239 241
f 242 240 241
f 236 235 237
f 238 236 237
f 70 69 71
f 72 70 71
f 66 65 67
f 68 66 67
f 62 61 63
f 64 62 63
f 58 57 59
f 60 58 59
f 54 53 55
f 56 54 55
f 50 49 51
f 52 50 51
f 46 45 47
f 48 46 47
f 42 41 43
f 44 42 43
f 38 37 39
f 40 38 39
f 34 33 35
f 36 34 35
f 30 29 31
f 32 30 31
f 26 25 27
f 28 26 27
f 22 21 23
f 24 22 23
f 18 17 19
f 20 18 19
f 910 909 911
f 909 910 908
f 1799 907 909
f 907 906 909
f 905 906 1800
f 906 905 912
f 905 904 912
f 904 905 903
f 1801 902 904
f 899 902 1801
f 1802 900 902
f 900 1802 901
f 1236 1238 1235
f 1235 1234 1236
f 1803 1234 1232
f 1237 1803 1232
f 1232 1233 1804
f 1233 1232 1231
f 1231 1229 1233
f 1229 1231 1228
f 1805 1228 1230
f 1230 1228 1225
f 1225 1226 1806
f 1226 1225 1227
f 409 406 410
f 406 409 405
f 405 403 406
f 404 403 405
f 404 407 403
f 407 404 408
f 581 584 580
f 580 579 581
f 581 579 583
f 582 581 583
f 583 585 582
f 585 583 586
f 84 81 82
f 82 81 83
f 182 186 184
f 183 184 185
f 184 183 181
f 181 182 184
f 182 181 179
f 179 180 182
f 180 179 177
f 177 174 180
f 174 177 173
f 173 172 174
f 172 170 174
f 177 178 173
f 175 176 174
f 170 175 174
f 171 175 170
f 175 171 187
f 187 171 189
f 188 187 189
f 189 190 188
f 170 169 171
f 206 202 205
f 203 205 202
f 202 200 203
f 202 199 200
f 200 199 201
f 201 204 200
f 198 194 197
f 192 197 194
f 194 191 192
f 192 191 193
f 191 195 193
f 196 193 195
f 219 216 218
f 217 218 216
f 216 215 1807
f 216 214 215
f 1808 214 213
f 220 213 214
f 220 212 213
f 211 213 212
f 212 210 1809
f 1809 210 207
f 210 209 1810
f 208 1810 209
f 222 221 223
f 225 223 221
f 221 224 1811
f 1811 224 226
f 224 227 1812
f 229 1812 227
f 227 228 229
f 233 229 228
f 228 231 1813
f 228 230 231
f 1814 230 232
f 232 234 1814
f 80 77 78
f 78 77 79
f 76 73 74
f 74 73 75
f 168 165 166
f 166 165 167
f 164 161 162
f 162 161 163
f 160 157 158
f 158 157 159
f 156 153 154
f 154 153 155
f 152 149 150
f 150 149 151
f 148 145 146
f 146 145 147
f 144 141 142
f 142 141 143
f 140 137 138
f 138 137 139
f 134 133 135
f 135 133 136
f 130 129 131
f 131 129 132
f 126 125 127
f 127 125 128
f 122 121 123
f 123 121 124
f 118 117 119
f 119 117 120
f 114 113 115
f 115 113 116
f 110 109 111
f 111 109 112
f 106 105 107
f 107 105 108
f 104 101 102
f 102 101 103
f 100 97 98
f 98 97 99
f 96 93 94
f 94 93 95
f 92 89 90
f 90 89 91
f 88 85 86
f 86 85 87
f 268 270 267
f 268 267 269
f 324 326 323
f 324 323 325
f 320 322 319
f 320 319 321
f 316 318 315
f 316 315 317
f 312 314 311
f 312 311 313
f 308 310 307
f 308 1815 309
f 304 306 303
f 304 303 305
f 300 302 299
f 300 299 301
f 296 298 295
f 296 295 297
f 292 294 291
f 1816 291 293
f 288 290 287
f 288 287 289
f 284 286 283
f 284 283 285
f 280 282 279
f 280 279 281
f 276 278 275
f 1818 1817 277
f 272 274 271
f 272 271 273
f 1792 1791 1793
f 1794 1792 1793
f 1788 1787 1789
f 1790 1788 1789
f 1784 1783 1785
f 1786 1784 1785
f 1780 1779 1781
f 1782 1780 1781
f 1776 1775 1777
f 1777 1778 1776
f 1772 1771 1773
f 1774 1772 1773
f 1768 1767 1769
f 1770 1768 1769
f 1764 1763 1765
f 1766 1764 1765
f 1760 1759 1761
f 1762 1760 1761
f 1756 1755 1757
f 1757 1758 1756
f 1752 1751 1753
f 1754 1752 1753
f 1748 1747 1749
f 1750 1748 1749
f 1744 1743 1745
f 1746 1744 1745
f 1740 1739 1741
f 1742 1740 1741
f 1736 1735 1737
f 1737 1738 1736
f 1732 1731 1733
f 1734 1732 1733
f 1728 1727 1729
f 1730 1728 1729
f 1724 1723 1725
f 1726 1724 1725
f 1720 1719 1721
f 1722 1720 1721
f 1716 1715 1717
f 1717 1718 1716
f 1712 1711 1713
f 1714 1712 1713
f 1708 1707 1709
f 1710 1708 1709
f 1704 1703 1705
f 1706 1704 1705
f 1700 1699 1701
f 1702 1700 1701
f 1696 1695 1697
f 1697 1698 1696
f 1692 1691 1693
f 1694 1692 1693
f 1688 1687 1689
f 1690 1688 1689
f 1684 1683 1685
f 1686 1684 1685
f 1680 1679 1681
f 1682 1680 1681
f 1676 1675 1677
f 1677 1678 1676
f 1672 1671 1673
f 1674 1672 1673
f 1668 1667 1669
f 1670 1668 1669
f 1664 1663 1665
f 1666 1664 1665
f 1660 1659 1661
f 1662 1660 1661
f 1656 1655 1657
f 1657 1658 1656
f 1652 1651 1653
f 1654 1652 1653
f 1648 1647 1649
f 1650 1648 1649
f 1644 1643 1645
f 1646 1644 1645
f 1640 1639 1641
f 1642 1640 1641
f 1636 1635 1637
f 1637 1638 1636
f 1632 1631 1633
f 1634 1632 1633
f 1628 1627 1629
f 1630 1628 1629
f 1624 1623 1625
f 1626 1624 1625
f 1620 1619 1621
f 1622 1620 1621
f 1616 1615 1617
f 1617 1618 1616
f 1612 1611 1613
f 1614 1612 1613
f 1608 1607 1609
f 1610 1608 1609
f 1604 1603 1605
f 1606 1604 1605
f 1600 1599 1601
f 1602 1600 1601
f 1596 1595 1597
f 1597 1598 1596
f 1592 1591 1593
f 1594 1592 1593
f 1588 1587 1589
f 1590 1588 1589
f 1584 1583 1585
f 1586 1584 1585
f 1580 1579 1581
f 1582 1580 1581
f 1576 1575 1577
f 1577 1578 1576
f 1572 1571 1573
f 1574 1572 1573
f 1568 1567 1569
f 1570 1568 1569
f 1564 1563 1565
f 1566 1564 1565
f 1560 1559 1561
f 1562 1560 1561
f 1556 1555 1557
f 1557 1558 1556
f 1552 1551 1553
f 1554 1552 1553
f 1548 1547 1549
f 1550 1548 1549
f 1544 1543 1545
f 1546 1544 1545
f 1540 1539 1541
f 1542 1540 1541
f 1536 1535 1537
f 1537 1538 1536
f 1532 1531 1533
f 1534 1532 1533
f 1528 1527 1529
f 1530 1528 1529
f 1524 1523 1525
f 1526 1524 1525
f 1520 1519 1521
f 1522 1520 1521
f 1516 1515 1517
f 1517 1518 1516
f 1512 1511 1513
f 1514 1512 1513
f 1508 1507 1509
f 1510 1508 1509
f 1504 1503 1505
f 1506 1504 1505
f 1500 1499 1501
f 1502 1500 1501
f 1496 1495 1497
f 1497 1498 1496
f 1492 1491 1493
f 1494 1492 1493
f 1488 1487 1489
f 1490 1488 1489
f 1484 1483 1485
f 1486 1484 1485
f 1480 1479 1481
f 1482 1480 1481
f 1476 1475 1477
f 1477 1478 1476
f 1472 1471 1473
f 1474 1472 1473
f 1468 1467 1469
f 1470 1468 1469
f 1464 1463 1465
f 1466 1464 1465
f 1460 1459 1461
f 1462 1460 1461
f 1456 1455 1457
f 1457 1458 1456
f 1452 1451 1453
f 1454 1452 1453
f 1448 1447 1449
f 1450 1448 1449
f 1444 1443 1445
f 1446 1444 1445
f 1440 1439 1441
f 1442 1440 1441
f 1436 1435 1437
f 1437 1438 1436
f 1432 1431 1433
f 1434 1432 1433
f 1428 1427 1429
f 1430 1428 1429
f 1424 1423 1425
f 1426 1424 1425
f 1420 1419 1421
f 1422 1420 1421
f 1416 1415 1417
f 1417 1418 1416
f 1412 1411 1413
f 1414 1412 1413
f 1408 1407 1409
f 1410 1408 1409
f 1404 1403 1405
f 1406 1404 1405
f 1400 1399 1401
f 1402 1400 1401
f 1396 1395 1397
f 1397 1398 1396
f 1392 1391 1393
f 1394 1392 1393
f 1388 1387 1389
f 1390 1388 1389
f 1384 1383 1385
f 1386 1384 1385
f 1380 1379 1381
f 1382 1380 1381
f 1376 1375 1377
f 1377 1378 1376
f 1372 1371 1373
f 1374 1372 1373
f 1368 1367 1369
f 1370 1368 1369
f 1364 1363 1365
f 1366 1364 1365
f 1360 1359 1361
f 1362 1360 1361
f 1356 1355 1357
f 1357 1358 1356
f 1352 1351 1353
f 1354 1352 1353
f 1348 1347 1349
f 1350 1348 1349
f 1344 1343 1345
f 1346 1344 1345
f 1340 1339 1341
f 1342 1340 1341
f 1336 1335 1337
f 1337 1338 1336
f 1332 1331 1333
f 1334 1332 1333
f 1328 1327 1329
f 1330 1328 1329
f 1324 1323 1325
f 1326 1324 1325
f 1320 1319 1321
f 1322 1320 1321
f 1316 1315 1317
f 1317 1318 1316
f 1312 1311 1313
f 1314 1312 1313
f 1308 1307 1309
f 1310 1308 1309
f 1304 1303 1305
f 1306 1304 1305
f 1300 1299 1301
f 1302 1300 1301
f 1296 1295 1297
f 1297 1298 1296
f 1292 1291 1293
f 1294 1292 1293
f 1288 1287 1289
f 1290 1288 1289
f 1284 1283 1285
f 1286 1284 1285
f 1280 1279 1281
f 1282 1280 1281
f 1276 1275 1277
f 1277 1278 1276
f 1272 1271 1273
f 1274 1272 1273
f 1268 1267 1269
f 1270 1268 1269
f 1264 1263 1265
f 1266 1264 1265
f 1260 1259 1261
f 1262 1260 1261
f 1256 1255 1257
f 1257 1258 1256
f 1252 1251 1253
f 1254 1252 1253
f 1248 1247 1249
f 1250 1248 1249
f 1244 1243 1245
f 1246 1244 1245
f 1240 1239 1241
f 1242 1240 1241
f 1175 1176 1169
f 1175 1169 1170
f 1170 1169 1171
f 1171 1172 1170
f 1172 1171 1173
f 1172 1173 1174
f 1158 1160 1157
f 1158 1157 1159
f 1154 1156 1153
f 1820 1819 1155
f 1150 1152 1149
f 1150 1149 1151
f 1146 1148 1145
f 1146 1145 1147
f 1142 1144 1141
f 1142 1141 1143
f 1138 1140 1137
f 1822 1821 1139
f 1134 1136 1133
f 1134 1133 1135
f 1130 1132 1129
f 1130 1129 1131
f 1126 1128 1125
f 1126 1125 1127
f 1122 1124 1121
f 1823 1121 1123
f 1118 1120 1117
f 1118 1117 1119
f 1114 1116 1113
f 1114 1113 1115
f 1110 1112 1109
f 1110 1109 1111
f 1106 1108 1105
f 1825 1824 1107
f 1102 1104 1101
f 1102 1101 1103
f 1098 1100 1097
f 1098 1097 1099
f 1094 1096 1093
f 1094 1093 1095
f 1090 1092 1089
f 1827 1826 1091
f 1086 1088 1085
f 1086 1085 1087
f 1082 1084 1081
f 1082 1081 1083
f 1078 1080 1077
f 1078 1077 1079
f 1074 1076 1073
f 1829 1828 1075
f 1070 1072 1069
f 1070 1069 1071
f 1066 1068 1065
f 1066 1065 1067
f 1062 1064 1061
f 1062 1061 1063
f 1058 1060 1057
f 1058 1057 1059
f 1054 1056 1053
f 1054 1053 1055
f 1050 1052 1049
f 1050 1049 1051
f 1046 1048 1045
f 1046 1045 1047
f 1042 1044 1041
f 1042 1041 1043
f 1038 1040 1037
f 1038 1037 1039
f 1034 1036 1033
f 1034 1033 1035
f 1030 1032 1029
f 1030 1029 1031
f 1026 1028 1025
f 1830 1025 1027
f 1022 1024 1021
f 1022 1021 1023
f 1018 1020 1017
f 1018 1017 1019
f 1014 1016 1013
f 1014 1013 1015
f 1010 1012 1009
f 1832 1831 1011
f 1006 1008 1005
f 1006 1005 1007
f 1002 1004 1001
f 1002 1001 1003
f 998 1000 997
f 998 997 999
f 994 996 993
f 1834 1833 995
f 990 992 989
f 990 989 991
f 986 988 985
f 986 985 987
f 982 984 981
f 982 981 983
f 978 980 977
f 1836 1835 979
f 974 976 973
f 974 973 975
f 970 972 969
f 970 969 971
f 849 850 843
f 849 843 844
f 844 843 845
f 845 846 844
f 846 845 847
f 846 847 848
f 832 834 831
f 832 831 833
f 828 830 827
f 1838 1837 829
f 824 826 823
f 824 823 825
f 820 822 819
f 820 819 821
f 816 818 815
f 816 815 817
f 812 814 811
f 1840 1839 813
f 808 810 807
f 808 807 809
f 804 806 803
f 804 803 805
f 800 802 799
f 800 799 801
f 796 798 795
f 1841 795 797
f 792 794 791
f 792 791 793
f 788 790 787
f 788 787 789
f 784 786 783
f 784 783 785
f 780 782 779
f 1843 1842 781
f 776 778 775
f 776 775 777
f 772 774 771
f 772 771 773
f 768 770 767
f 768 767 769
f 764 766 763
f 1845 1844 765
f 760 762 759
f 760 759 761
f 756 758 755
f 756 755 757
f 752 754 751
f 752 751 753
f 748 750 747
f 1847 1846 749
f 744 746 743
f 744 743 745
f 740 742 739
f 740 739 741
f 736 738 735
f 736 735 737
f 732 734 731
f 732 731 733
f 728 730 727
f 728 727 729
f 724 726 723
f 724 723 725
f 720 722 719
f 720 719 721
f 716 718 715
f 716 715 717
f 712 714 711
f 712 711 713
f 708 710 707
f 708 707 709
f 704 706 703
f 704 703 705
f 700 702 699
f 1848 699 701
f 696 698 695
f 696 695 697
f 692 694 691
f 692 691 693
f 688 690 687
f 688 687 689
f 684 686 683
f 1850 1849 685
f 680 682 679
f 680 679 681
f 676 678 675
f 676 675 677
f 672 674 671
f 672 671 673
f 668 670 667
f 1851 667 669
f 664 666 663
f 664 663 665
f 660 662 659
f 660 659 661
f 656 658 655
f 656 655 657
f 652 654 651
f 1853 1852 653
f 648 650 647
f 648 647 649
f 644 646 643
f 644 643 645
f 545 546 539
f 545 539 540
f 540 539 541
f 541 542 540
f 542 541 543
f 542 543 544
f 536 538 535
f 536 535 537
f 532 534 531
f 532 531 533
f 528 530 527
f 528 527 529
f 524 526 523
f 524 523 525
f 520 522 519
f 520 519 521
f 516 518 515
f 516 515 517
f 512 514 511
f 512 511 513
f 508 510 507
f 508 507 509
f 504 506 503
f 504 503 505
f 500 502 499
f 500 499 501
f 496 498 495
f 496 495 497
f 492 494 491
f 492 491 493
f 488 490 487
f 488 487 489
f 484 486 483
f 484 483 485
f 480 482 479
f 480 479 481
f 476 478 475
f 476 475 477
f 472 474 471
f 472 471 473
f 468 470 467
f 468 467 469
f 464 466 463
f 464 463 465
f 460 462 459
f 460 459 461
f 456 458 455
f 456 455 457
f 452 454 451
f 452 451 453
f 448 450 447
f 448 447 449
f 444 446 443
f 444 443 445
f 369 370 363
f 369 363 364
f 364 363 365
f 365 366 364
f 366 365 367
f 366 367 368
f 360 362 359
f 360 359 361
f 356 358 355
f 1854 355 357
f 352 354 351
f 352 351 353
f 348 350 347
f 348 347 349
f 344 346 343
f 344 343 345
f 340 342 339
f 1856 1855 341
f 336 338 335
f 336 335 337
f 332 334 331
f 332 331 333
f 328 330 327
f 328 327 329
f 375 376 374
f 375 374 371
f 371 372 375
f 372 371 373
f 377 372 373
f 377 373 378
f 551 552 550
f 551 550 547
f 547 548 551
f 548 547 549
f 553 548 549
f 553 549 554
f 839 840 838
f 839 838 835
f 835 836 839
f 836 835 837
f 841 836 837
f 841 837 842
f 1165 1166 1164
f 1165 1164 1161
f 1161 1162 1165
f 1162 1161 1163
f 1167 1162 1163
f 1167 1163 1168
f 1795 1796 1798
f 1796 1795 1797
f 380 382 379
f 380 379 381
f 1222 1224 1221
f 1222 1221 1223
f 1218 1220 1217
f 1218 1217 1219
f 1214 1216 1213
f 1214 1213 1215
f 1210 1212 1209
f 1210 1209 1211
f 1206 1208 1205
f 1206 1205 1207
f 1202 1204 1201
f 1202 1201 1203
f 1198 1200 1197
f 1198 1197 1199
f 1194 1196 1193
f 1194 1193 1195
f 1190 1192 1189
f 1190 1189 1191
f 1186 1188 1185
f 1186 1185 1187
f 1182 1184 1181
f 1182 1181 1183
f 1178 1180 1177
f 1178 1177 1179
f 896 898 895
f 896 895 897
f 892 894 891
f 892 891 893
f 888 890 887
f 888 887 889
f 884 886 883
f 884 883 885
f 880 882 879
f 880 879 881
f 876 878 875
f 876 875 877
f 872 874 871
f 872 871 873
f 868 870 867
f 868 867 869
f 864 866 863
f 864 863 865
f 860 862 859
f 860 859 861
f 856 858 855
f 856 855 857
f 852 854 851
f 852 851 853
f 576 578 575
f 576 575 577
f 572 574 571
f 572 571 573
f 568 570 567
f 568 567 569
f 564 566 563
f 564 563 565
f 560 562 559
f 560 559 561
f 556 558 555
f 556 555 557
f 400 402 399
f 400 399 401
f 396 398 395
f 396 395 397
f 392 394 391
f 392 391 393
f 388 390 387
f 388 387 389
f 384 386 383
f 384 383 385
