# from WaterfrontDistrict_Block19_Industrial Zone (LC)_0009_LOD_0.pskx
v -327.2577209472656 -2444.35498046875 -0.024786842986941338
v 1362.414306640625 -1968.56005859375 -0.024754581972956657
v -327.2577209472656 -2444.35498046875 100.02521514892578
v 1362.414306640625 -1968.56005859375 100.0252456665039
v 1362.3817138671875 -1968.59033203125 -0.024754580110311508
v 1482.2230224609375 -1639.31982421875 -0.024778123944997787
v 1362.3817138671875 -1968.59033203125 100.0252456665039
v 1482.2230224609375 -1639.31982421875 100.02522277832031
v 1482.2379150390625 -1639.351806640625 -0.024778125807642937
v 1082.8380126953125 -1493.936767578125 -0.02480829320847988
v 1482.2379150390625 -1639.351806640625 100.02522277832031
v 1082.8380126953125 -1493.936767578125 100.02519226074219
v -327.2577209472656 -2444.35498046875 99.97521209716797
v 1362.4141845703125 -1968.56005859375 99.9752426147461
v -327.2577209472656 -2444.35498046875 400.02520751953125
v 1362.4141845703125 -1968.56005859375 400.0252380371094
v 1362.3817138671875 -1968.59033203125 99.9752426147461
v 1482.22314453125 -1639.31982421875 99.9752197265625
v 1362.3817138671875 -1968.59033203125 400.0251770019531
v 1482.2230224609375 -1639.31982421875 400.025146484375
v 1482.2379150390625 -1639.351806640625 99.9752197265625
v 1082.8380126953125 -1493.936767578125 99.97518920898438
v 1482.2379150390625 -1639.351806640625 400.02520751953125
v 1082.8380126953125 -1493.936767578125 400.02520751953125
v -327.23748779296875 -2444.3447265625 400.0002136230469
v 1362.3599853515625 -1968.5343017578125 400.000244140625
v -256.7518310546875 -2470.042724609375 400.0002136230469
v 1409.41796875 -1985.6771240234375 400.000244140625
v 1529.2435302734375 -1656.406005859375 400.0002136230469
v 1482.199462890625 -1639.3111572265625 400.0002136230469
v -256.7742614746094 -2470.002197265625 399.9752197265625
v 1409.411376953125 -1985.6375732421875 399.9752502441406
v -256.7742614746094 -2470.002197265625 700.0252075195312
v 1409.4112548828125 -1985.6375732421875 700.0252685546875
v 1409.37890625 -1985.66796875 399.9752502441406
v 1529.2200927734375 -1656.3974609375 399.9752197265625
v 1409.3787841796875 -1985.66796875 700.0252075195312
v 1529.2200927734375 -1656.3974609375 700.0252075195312
v 1529.2349853515625 -1656.429443359375 399.9752197265625
v 1082.8380126953125 -1493.936767578125 399.9752197265625
v 1529.2349853515625 -1656.429443359375 700.0252685546875
v 1082.837890625 -1493.936767578125 700.0252075195312
v -1971.853271484375 -382.46319580078125 699.9999389648438
v -256.7518310546875 -2470.042724609375 700.0001831054688
v 1082.7242431640625 -1494.2552490234375 700.0001831054688
v -2442.170654296875 -1674.57568359375 700.0000610351562
v 1409.4178466796875 -1985.6771240234375 700.000244140625
v 1082.8463134765625 -1493.9134521484375 700.0001831054688
v 1529.24365234375 -1656.406005859375 700.000244140625
v 1082.8406982421875 -1493.9931640625 -0.024808289483189583
v 1972.115478515625 949.2666625976562 -0.024983011186122894
v 1082.8406982421875 -1493.9931640625 100.02519226074219
v 1972.115478515625 949.2666625976562 100.02501678466797
v 1972.13037109375 949.234619140625 -0.024983016774058342
v -1081.908203125 2060.836181640625 -0.025213688611984253
v 1972.13037109375 949.234619140625 100.02501678466797
v -1081.908203125 2060.836181640625 100.02478790283203
v 1972.13037109375 949.234619140625 99.97501373291016
v -1081.90869140625 2060.823974609375 99.97478485107422
v 1972.13037109375 949.234619140625 400.0250244140625
v -1081.90869140625 2060.823974609375 400.0247802734375
v 1082.8529052734375 -1493.98095703125 99.97518920898438
v 1972.115234375 949.2662963867188 99.97501373291016
v 1082.8529052734375 -1493.98095703125 400.025146484375
v 1972.115234375 949.2662963867188 400.02496337890625
v -1971.157470703125 -382.35333251953125 399.99993896484375
v 1082.884765625 -1493.939697265625 400.0002136230469
v 1065.774169921875 -1540.949951171875 400.0002136230469
v -1988.276611328125 -429.38531494140625 399.9999694824219
v 1972.121826171875 949.2111206054688 400.0000305175781
v -1081.916015625 2060.800048828125 399.9997863769531
v -1064.797607421875 2107.832275390625 399.9997863769531
v 1989.2530517578125 996.2552490234375 400.0
v 1989.2445068359375 996.2317504882812 399.9750061035156
v -1064.805908203125 2107.808837890625 399.97479248046875
v 1989.2445068359375 996.2318115234375 700.0250244140625
v -1064.805908203125 2107.808837890625 700.0248413085938
v 1065.750732421875 -1540.94140625 399.9752197265625
v 1989.2296142578125 996.2637939453125 399.9750061035156
v 1065.750732421875 -1540.94140625 700.0252075195312
v 1989.2296142578125 996.2638549804688 700.0250244140625
v 1989.22119140625 996.2405395507812 700.0
v 883.3916625976562 -2129.848876953125 700.000244140625
v 1065.7119140625 -1540.9019775390625 700.0001831054688
v -1988.248779296875 -429.3683776855469 699.9999389648438
v 1989.2445068359375 996.2318115234375 699.9749755859375
v -1064.805908203125 2107.808837890625 699.9747924804688
v 1989.2445068359375 996.2318115234375 1200.0250244140625
v -1064.805908203125 2107.808837890625 1200.0247802734375
v -1988.26611328125 -429.3576354980469 699.9749145507812
v 883.4073486328125 -2129.8466796875 699.9752197265625
v -1988.26611328125 -429.3576354980469 1200.0250244140625
v 883.4073486328125 -2129.8466796875 1200.0252685546875
v 883.3778686523438 -2129.857666015625 699.9752197265625
v 1989.2293701171875 996.2640380859375 699.9749755859375
v 883.3778686523438 -2129.857666015625 1200.0252685546875
v 1989.2293701171875 996.2640991210938 1200.0250244140625
v -1056.228271484375 2131.318603515625 1200.0003662109375
v 2021.25634765625 1011.1282958984375 1200.0010986328125
v 1989.18701171875 996.2713623046875 1200.0010986328125
v -1064.796142578125 2107.77880859375 1200.0008544921875
v 883.421630859375 -2129.802001953125 1200.0013427734375
v 898.3209838867188 -2161.928955078125 1200.0010986328125
v -1988.239013671875 -429.3500671386719 1200.0010986328125
v -1996.8135986328125 -452.8817443847656 1200.000244140625
v 2021.263671875 1011.1121826171875 1199.97607421875
v -1056.23681640625 2131.295166015625 1199.975341796875
v 2021.263671875 1011.1121826171875 1225.026123046875
v -1056.23681640625 2131.295166015625 1225.025390625
v -1996.798828125 -452.8560791015625 1199.975341796875
v 898.3374633789062 -2161.9267578125 1199.9761962890625
v -1996.798828125 -452.8560791015625 1225.025390625
v 898.3374633789062 -2161.9267578125 1225.0262451171875
v 898.3071899414062 -2161.937744140625 1199.9761962890625
v 2021.2486572265625 1011.1447143554688 1199.97607421875
v 898.3071899414062 -2161.937744140625 1225.0262451171875
v 2021.2486572265625 1011.1447143554688 1225.026123046875
v -1056.228271484375 2131.318603515625 1225.0003662109375
v 898.326416015625 -2161.94384765625 1225.001220703125
v 2021.2723388671875 1011.1358642578125 1225.0010986328125
v -1996.8135986328125 -452.8817443847656 1225.0003662109375
v 1642.972412109375 1068.2626953125 -0.025007804855704308
v 1745.601806640625 1350.21875 -0.025127965956926346
v 1642.972412109375 1068.2626953125 10.024991989135742
v 1745.601806640625 1350.21875 10.024871826171875
v 1745.6044921875 1350.1729736328125 -0.025127967819571495
v 1483.02099609375 1871.4578857421875 -0.02508501335978508
v 1745.6044921875 1350.1729736328125 10.024870872497559
v 1483.02099609375 1871.4578857421875 10.024913787841797
v 1483.0556640625 1871.427001953125 -0.02508500963449478
v -161.44952392578125 2470.003662109375 -0.025209220126271248
v 1483.0556640625 1871.427001953125 10.024914741516113
v -161.44952392578125 2470.003662109375 10.024789810180664
v -161.40277099609375 2470.0048828125 -0.0252092182636261
v -633.5435180664062 2269.3505859375 -0.02521231397986412
v -161.40277099609375 2470.0048828125 10.024789810180664
v -633.5435180664062 2269.3505859375 10.024787902832031
v -633.511962890625 2269.3837890625 -0.025212321430444717
v -753.231201171875 1940.455078125 -0.025188801810145378
v -633.511962890625 2269.3837890625 10.024787902832031
v -753.231201171875 1940.455078125 10.024810791015625
v -556.6187744140625 2188.14013671875 9.999797821044922
v -633.5537719726562 2269.391845703125 9.999788284301758
v -659.2379760742188 1906.242431640625 9.999817848205566
v -172.12933349609375 2367.422119140625 9.999799728393555
v -161.427001953125 2470.04150390625 9.99979019165039
v 1472.29541015625 1768.8868408203125 9.999923706054688
v 1651.577392578125 1384.3974609375 9.99986457824707
v 1483.0631103515625 1871.4703369140625 9.99991512298584
v 1548.979248046875 1102.475341796875 9.999985694885254
v 1642.995849609375 1068.254150390625 9.999992370605469
v 1745.6390380859375 1350.197998046875 9.999872207641602
v -753.2546997070312 1940.463623046875 9.999811172485352
v 1549.234619140625 1103.1015625 -0.02501494809985161
v 1651.864013671875 1385.0574951171875 -0.025035109370946884
v 1549.234619140625 1103.1015625 100.02498626708984
v 1651.864013671875 1385.0574951171875 100.02496337890625
v 1651.8660888671875 1385.011474609375 -0.025035111233592033
v 1472.5357666015625 1769.566162109375 -0.02507656253874302
v 1651.8660888671875 1385.011474609375 100.02496337890625
v 1472.5357666015625 1769.566162109375 100.0249252319336
v 1472.56982421875 1769.534912109375 -0.02507656253874302
v -171.93511962890625 2368.074951171875 -0.025200769305229187
v 871.1183471679688 1988.4412841796875 10.02487850189209
v 1472.56982421875 1769.534912109375 100.0249252319336
v -171.93511962890625 2368.074951171875 100.0248031616211
v 429.50885009765625 2149.171142578125 100.02484893798828
v 429.50885009765625 2149.171142578125 10.0248441696167
v 871.1183471679688 1988.4412841796875 100.0248794555664
v -171.8889617919922 2368.076904296875 -0.025200767442584038
v -556.4557495117188 2188.746826171875 -0.02520189993083477
v -171.8889617919922 2368.076904296875 100.0248031616211
v -556.4557495117188 2188.746826171875 100.02479553222656
v -556.424560546875 2188.78076171875 -0.02520190179347992
v -659.053955078125 1906.8369140625 -0.025181742385029793
v -556.424560546875 2188.78076171875 100.02479553222656
v -659.053955078125 1906.8369140625 100.02481842041016
v 1574.008544921875 1200.5025634765625 259.9999694824219
v 1639.0126953125 1379.0899658203125 259.99993896484375
v 1583.4617919921875 1197.0616455078125 259.9999694824219
v 1648.4659423828125 1375.6490478515625 259.9999694824219
v 1574.008544921875 1200.5025634765625 99.9999771118164
v 1583.4617919921875 1197.0616455078125 99.99998474121094
v 1639.0126953125 1379.0899658203125 99.99996185302734
v 1648.4659423828125 1375.64892578125 99.99996185302734
v 1574.01708984375 1200.5260009765625 260.02496337890625
v 1583.4703369140625 1197.0850830078125 99.97498321533203
v 1574.01708984375 1200.5260009765625 99.9749755859375
v 1583.4703369140625 1197.0850830078125 260.02496337890625
v 1639.004150390625 1379.0665283203125 260.0249328613281
v 1639.004150390625 1379.0665283203125 99.97496032714844
v 1648.4573974609375 1375.62548828125 99.97496032714844
v 1648.4573974609375 1375.6256103515625 260.02496337890625
v 1574.008544921875 1200.502685546875 374.9999694824219
v 1639.0126953125 1379.0899658203125 374.99993896484375
v 1583.4617919921875 1197.061767578125 374.9999694824219
v 1648.4658203125 1375.6490478515625 374.9999694824219
v 1574.008544921875 1200.5025634765625 269.9999694824219
v 1583.4617919921875 1197.0616455078125 269.9999694824219
v 1639.0126953125 1379.0899658203125 269.99993896484375
v 1648.4659423828125 1375.6490478515625 269.9999694824219
v 1574.01708984375 1200.526123046875 375.02496337890625
v 1583.4703369140625 1197.0850830078125 269.9749755859375
v 1574.01708984375 1200.5260009765625 269.9749755859375
v 1583.4703369140625 1197.085205078125 375.02496337890625
v 1639.004150390625 1379.0665283203125 375.0249328613281
v 1639.004150390625 1379.0665283203125 269.9749450683594
v 1648.4573974609375 1375.6256103515625 269.9749755859375
v 1648.457275390625 1375.6256103515625 375.02496337890625
v 1566.28369140625 1568.593017578125 259.99993896484375
v 1647.662353515625 1394.0850830078125 259.9999694824219
v 1638.5540771484375 1389.8375244140625 259.99993896484375
v 1557.17529296875 1564.345458984375 259.99993896484375
v 1566.28369140625 1568.593017578125 99.99994659423828
v 1638.5540771484375 1389.8375244140625 99.99996185302734
v 1647.662353515625 1394.0850830078125 99.99996185302734
v 1557.17529296875 1564.345458984375 99.99994659423828
v 1638.54345703125 1389.860107421875 260.0249328613281
v 1647.65185546875 1394.1077880859375 99.97496032714844
v 1638.54345703125 1389.860107421875 99.97496032714844
v 1647.65185546875 1394.1077880859375 260.02496337890625
v 1557.185791015625 1564.32275390625 260.0249328613281
v 1557.185791015625 1564.32275390625 99.97494506835938
v 1566.2943115234375 1568.5704345703125 99.97494506835938
v 1566.2943115234375 1568.5704345703125 260.0249328613281
v 1566.2835693359375 1568.593017578125 374.99993896484375
v 1647.662353515625 1394.0850830078125 374.9999694824219
v 1638.5540771484375 1389.8375244140625 374.99993896484375
v 1557.17529296875 1564.345458984375 374.99993896484375
v 1566.28369140625 1568.593017578125 269.99993896484375
v 1638.5540771484375 1389.8375244140625 269.99993896484375
v 1647.662353515625 1394.0850830078125 269.9999694824219
v 1557.17529296875 1564.345458984375 269.99993896484375
v 1638.54345703125 1389.860107421875 375.0249328613281
v 1647.65185546875 1394.1077880859375 269.9749755859375
v 1638.54345703125 1389.860107421875 269.9749450683594
v 1647.65185546875 1394.1077880859375 375.02496337890625
v 1557.185791015625 1564.32275390625 375.0249328613281
v 1557.185791015625 1564.32275390625 269.9749450683594
v 1566.2943115234375 1568.5704345703125 269.9749450683594
v 1566.294189453125 1568.5704345703125 375.0249328613281
v 1477.5299072265625 1758.915771484375 375.0
v 1558.9085693359375 1584.4078369140625 375.0000305175781
v 1549.8013916015625 1580.160888671875 375.0000305175781
v 1468.4228515625 1754.6688232421875 375.0
v 1477.5299072265625 1758.915771484375 270.0
v 1549.801513671875 1580.160888671875 270.0000305175781
v 1558.9085693359375 1584.4078369140625 270.0000305175781
v 1468.4228515625 1754.6688232421875 270.0
v 1549.790771484375 1580.1834716796875 375.0250244140625
v 1558.8980712890625 1584.4305419921875 269.97503662109375
v 1549.7908935546875 1580.1834716796875 269.97503662109375
v 1558.8980712890625 1584.4305419921875 375.0250244140625
v 1468.433349609375 1754.6461181640625 375.0249938964844
v 1468.433349609375 1754.6461181640625 269.9750061035156
v 1477.54052734375 1758.8931884765625 269.9750061035156
v 1477.54052734375 1758.8931884765625 375.0249938964844
v 1477.5299072265625 1758.915771484375 259.9999084472656
v 1558.9085693359375 1584.4078369140625 259.99993896484375
v 1549.801513671875 1580.160888671875 259.99993896484375
v 1468.4228515625 1754.6688232421875 259.9999084472656
v 1477.5299072265625 1758.915771484375 99.99992370605469
v 1549.801513671875 1580.160888671875 99.99993896484375
v 1558.9085693359375 1584.4078369140625 99.99994659423828
v 1468.4228515625 1754.6688232421875 99.99992370605469
v 1549.7908935546875 1580.1834716796875 260.0249328613281
v 1558.8980712890625 1584.4305419921875 99.97494506835938
v 1549.7908935546875 1580.1834716796875 99.97493743896484
v 1558.8980712890625 1584.4305419921875 260.0249328613281
v 1468.433349609375 1754.6461181640625 260.02490234375
v 1468.433349609375 1754.6461181640625 99.97492218017578
v 1477.54052734375 1758.8931884765625 99.97492218017578
v 1477.54052734375 1758.8931884765625 260.02490234375
v 429.47039794921875 2149.211669921875 375.9998474121094
v 871.1738891601562 1988.44775390625 375.9998779296875
v 864.3164672851562 1969.60693359375 375.9998779296875
v 422.61297607421875 2130.370849609375 375.9998474121094
v 429.47039794921875 2149.211669921875 9.999844551086426
v 864.3164672851562 1969.60693359375 9.999878883361816
v 871.1738891601562 1988.4476318359375 9.999878883361816
v 422.61297607421875 2130.370849609375 9.999846458435059
v 864.29296875 1969.615478515625 376.0248718261719
v 871.150390625 1988.4561767578125 9.974879264831543
v 864.29296875 1969.615478515625 9.974879264831543
v 871.150390625 1988.456298828125 376.0248718261719
v 422.636474609375 2130.3623046875 376.02484130859375
v 422.636474609375 2130.3623046875 9.974846839904785
v 429.493896484375 2149.203125 9.974844932556152
v 429.493896484375 2149.203125 376.02484130859375
v 1279.89404296875 1839.6884765625 259.9999084472656
v 1463.181396484375 1772.978515625 259.9999084472656
v 1459.744140625 1763.53466796875 259.9999084472656
v 1276.456787109375 1830.24462890625 259.9999084472656
v 1279.89404296875 1839.6884765625 99.99990844726562
v 1459.744140625 1763.53466796875 99.99992370605469
v 1463.181396484375 1772.978515625 99.99992370605469
v 1276.456787109375 1830.24462890625 99.99990844726562
v 1459.720703125 1763.543212890625 260.02490234375
v 1463.157958984375 1772.987060546875 99.97492218017578
v 1459.720703125 1763.543212890625 99.97492218017578
v 1463.157958984375 1772.987060546875 260.02490234375
v 1276.480224609375 1830.236083984375 260.02490234375
v 1276.480224609375 1830.236083984375 99.97490692138672
v 1279.91748046875 1839.679931640625 99.97490692138672
v 1279.91748046875 1839.679931640625 260.02490234375
v 1279.89404296875 1839.6884765625 374.9999084472656
v 1463.181396484375 1772.978515625 374.9999084472656
v 1459.744140625 1763.53466796875 374.9999084472656
v 1276.456787109375 1830.24462890625 374.9999084472656
v 1279.89404296875 1839.6884765625 269.9999084472656
v 1459.744140625 1763.53466796875 269.9999084472656
v 1463.181396484375 1772.978515625 269.9999084472656
v 1276.456787109375 1830.24462890625 269.9999084472656
v 1459.720703125 1763.543212890625 375.02490234375
v 1463.157958984375 1772.987060546875 269.97491455078125
v 1459.720703125 1763.543212890625 269.97491455078125
v 1463.157958984375 1772.987060546875 375.02490234375
v 1276.480224609375 1830.236083984375 375.02490234375
v 1276.480224609375 1830.236083984375 269.97491455078125
v 1279.91748046875 1839.679931640625 269.97491455078125
v 1279.91748046875 1839.679931640625 375.02490234375
v 1087.256591796875 1909.801513671875 259.9999084472656
v 1270.5439453125 1843.091552734375 259.9999084472656
v 1267.106689453125 1833.647705078125 259.9999084472656
v 1083.8193359375 1900.357666015625 259.9999084472656
v 1087.256591796875 1909.8013916015625 99.99989318847656
v 1267.106689453125 1833.647705078125 99.99990844726562
v 1270.5439453125 1843.091552734375 99.99990844726562
v 1083.8193359375 1900.357666015625 99.99989318847656
v 1267.083251953125 1833.65625 260.02490234375
v 1270.5205078125 1843.10009765625 99.97490692138672
v 1267.083251953125 1833.65625 99.97490692138672
v 1270.5205078125 1843.10009765625 260.02490234375
v 1083.8427734375 1900.34912109375 260.02490234375
v 1083.8427734375 1900.34912109375 99.97489166259766
v 1087.280029296875 1909.7928466796875 99.97489166259766
v 1087.280029296875 1909.79296875 260.02490234375
v 1087.256591796875 1909.801513671875 374.9999084472656
v 1270.5439453125 1843.091552734375 374.9999084472656
v 1267.106689453125 1833.647705078125 374.9999084472656
v 1083.8193359375 1900.357666015625 374.9999084472656
v 1087.256591796875 1909.801513671875 269.9999084472656
v 1267.106689453125 1833.647705078125 269.9999084472656
v 1270.5439453125 1843.091552734375 269.9999084472656
v 1083.8193359375 1900.357666015625 269.9999084472656
v 1267.083251953125 1833.65625 375.02490234375
v 1270.5205078125 1843.10009765625 269.97491455078125
v 1267.083251953125 1833.65625 269.97491455078125
v 1270.5205078125 1843.10009765625 375.02490234375
v 1083.8427734375 1900.34912109375 375.02490234375
v 1083.8427734375 1900.34912109375 269.97491455078125
v 1087.280029296875 1909.79296875 269.97491455078125
v 1087.280029296875 1909.79296875 375.02490234375
v 894.6193237304688 1979.9144287109375 259.9998779296875
v 1077.906494140625 1913.20458984375 259.9999084472656
v 1074.46923828125 1903.7607421875 259.9999084472656
v 891.1820678710938 1970.4705810546875 259.9998779296875
v 894.6193237304688 1979.914306640625 99.99988555908203
v 1074.46923828125 1903.7607421875 99.99989318847656
v 1077.906494140625 1913.2044677734375 99.99989318847656
v 891.1820678710938 1970.470458984375 99.99988555908203
v 1074.44580078125 1903.769287109375 260.02490234375
v 1077.883056640625 1913.2130126953125 99.97489166259766
v 1074.44580078125 1903.769287109375 99.97489166259766
v 1077.883056640625 1913.213134765625 260.02490234375
v 891.20556640625 1970.4620361328125 260.0248718261719
v 891.20556640625 1970.4619140625 99.97488403320312
v 894.642822265625 1979.90576171875 99.97488403320312
v 894.642822265625 1979.9058837890625 260.0248718261719
v 894.6193237304688 1979.9144287109375 374.9998779296875
v 1077.906494140625 1913.20458984375 374.9999084472656
v 1074.46923828125 1903.7607421875 374.9999084472656
v 891.1820678710938 1970.4705810546875 374.9998779296875
v 894.6193237304688 1979.9144287109375 269.9998779296875
v 1074.46923828125 1903.7607421875 269.9999084472656
v 1077.906494140625 1913.20458984375 269.9999084472656
v 891.1820678710938 1970.4705810546875 269.9998779296875
v 1074.44580078125 1903.769287109375 375.02490234375
v 1077.883056640625 1913.213134765625 269.97491455078125
v 1074.44580078125 1903.769287109375 269.97491455078125
v 1077.883056640625 1913.213134765625 375.02490234375
v 891.20556640625 1970.4620361328125 375.0248718261719
v 891.20556640625 1970.4620361328125 269.9748840332031
v 894.642822265625 1979.9058837890625 269.9748840332031
v 894.642822265625 1979.9058837890625 375.0248718261719
v 227.4359893798828 2222.744873046875 259.99981689453125
v 410.72344970703125 2156.034912109375 259.9998474121094
v 407.28619384765625 2146.591064453125 259.9998474121094
v 223.99884033203125 2213.301025390625 259.99981689453125
v 227.4359893798828 2222.744873046875 99.99983215332031
v 407.28619384765625 2146.591064453125 99.99984741210938
v 410.72344970703125 2156.034912109375 99.99984741210938
v 223.99884033203125 2213.301025390625 99.99983215332031
v 407.2626953125 2146.599609375 260.02484130859375
v 410.699951171875 2156.04345703125 99.97484588623047
v 407.2626953125 2146.599609375 99.97484588623047
v 410.699951171875 2156.04345703125 260.02484130859375
v 224.0223388671875 2213.29248046875 260.0248107910156
v 224.0223388671875 2213.29248046875 99.9748306274414
v 227.45947265625 2222.736328125 99.9748306274414
v 227.45947265625 2222.736328125 260.0248107910156
v 227.4359893798828 2222.744873046875 374.99981689453125
v 410.72344970703125 2156.034912109375 374.9998474121094
v 407.28619384765625 2146.591064453125 374.9998474121094
v 223.99884033203125 2213.301025390625 374.99981689453125
v 227.4359893798828 2222.744873046875 269.99981689453125
v 407.28619384765625 2146.591064453125 269.9998474121094
v 410.72344970703125 2156.034912109375 269.9998474121094
v 223.99884033203125 2213.301025390625 269.99981689453125
v 407.2626953125 2146.599609375 375.02484130859375
v 410.699951171875 2156.04345703125 269.974853515625
v 407.2626953125 2146.599609375 269.974853515625
v 410.699951171875 2156.04345703125 375.02484130859375
v 224.0223388671875 2213.29248046875 375.0248107910156
v 224.0223388671875 2213.29248046875 269.9748229980469
v 227.45947265625 2222.736328125 269.9748229980469
v 227.45947265625 2222.736328125 375.0248107910156
v 34.79877853393555 2292.857666015625 259.99981689453125
v 218.08624267578125 2226.14794921875 259.99981689453125
v 214.6490936279297 2216.7041015625 259.99981689453125
v 31.36163330078125 2283.413818359375 259.99981689453125
v 34.79877853393555 2292.857666015625 99.99981689453125
v 214.6490936279297 2216.703857421875 99.99983215332031
v 218.08624267578125 2226.147705078125 99.99983215332031
v 31.36163330078125 2283.413818359375 99.99981689453125
v 214.6256103515625 2216.712646484375 260.0248107910156
v 218.062744140625 2226.15625 99.9748306274414
v 214.6256103515625 2216.71240234375 99.9748306274414
v 218.062744140625 2226.156494140625 260.0248107910156
v 31.3851261138916 2283.4052734375 260.0248107910156
v 31.3851261138916 2283.4052734375 99.97481536865234
v 34.822269439697266 2292.84912109375 99.97481536865234
v 34.822269439697266 2292.84912109375 260.0248107910156
v 34.79877853393555 2292.85791015625 374.99981689453125
v 218.08624267578125 2226.14794921875 374.99981689453125
v 214.6490936279297 2216.7041015625 374.99981689453125
v 31.36163330078125 2283.4140625 374.99981689453125
v 34.79877853393555 2292.857666015625 269.99981689453125
v 214.6490936279297 2216.7041015625 269.99981689453125
v 218.08624267578125 2226.14794921875 269.99981689453125
v 31.36163330078125 2283.413818359375 269.99981689453125
v 214.6256103515625 2216.712646484375 375.0248107910156
v 218.062744140625 2226.156494140625 269.9748229980469
v 214.6256103515625 2216.712646484375 269.9748229980469
v 218.062744140625 2226.156494140625 375.0248107910156
v 31.3851261138916 2283.405517578125 375.0248107910156
v 31.3851261138916 2283.4052734375 269.9748229980469
v 34.822269439697266 2292.84912109375 269.9748229980469
v 34.822269439697266 2292.849365234375 375.0248107910156
v -157.8386688232422 2362.970703125 259.99981689453125
v 25.44854736328125 2296.260986328125 259.99981689453125
v 22.011402130126953 2286.817138671875 259.99981689453125
v -161.27593994140625 2353.527099609375 259.99981689453125
v -157.8386688232422 2362.970703125 99.99980163574219
v 22.011402130126953 2286.817138671875 99.99981689453125
v 25.44854736328125 2296.260986328125 99.99981689453125
v -161.27593994140625 2353.527099609375 99.99980163574219
v 21.9879093170166 2286.82568359375 260.0248107910156
v 25.4250545501709 2296.26953125 99.97481536865234
v 21.9879093170166 2286.82568359375 99.97481536865234
v 25.4250545501709 2296.26953125 260.0248107910156
v -161.25244140625 2353.5185546875 260.0248107910156
v -161.25244140625 2353.5185546875 99.97480010986328
v -157.815185546875 2362.962158203125 99.97480010986328
v -157.815185546875 2362.962158203125 260.0248107910156
v -157.8386688232422 2362.970703125 374.99981689453125
v 25.44854736328125 2296.260986328125 374.99981689453125
v 22.011402130126953 2286.817138671875 374.99981689453125
v -161.27593994140625 2353.527099609375 374.99981689453125
v -157.8386688232422 2362.970703125 269.99981689453125
v 22.011402130126953 2286.817138671875 269.99981689453125
v 25.44854736328125 2296.260986328125 269.99981689453125
v -161.27593994140625 2353.527099609375 269.99981689453125
v 21.9879093170166 2286.82568359375 375.0248107910156
v 25.4250545501709 2296.26953125 269.9748229980469
v 21.9879093170166 2286.82568359375 269.9748229980469
v 25.4250545501709 2296.26953125 375.0248107910156
v -161.25244140625 2353.5185546875 375.0248107910156
v -161.25244140625 2353.5185546875 269.9748229980469
v -157.815185546875 2362.962158203125 269.9748229980469
v -157.815185546875 2362.962158203125 375.0248107910156
v -367.0395202636719 2266.0146484375 374.9999084472656
v -541.5487060546875 2184.63818359375 374.9998779296875
v -371.2864990234375 2275.121826171875 374.9999084472656
v -545.79541015625 2193.74560546875 374.9998779296875
v -367.0395202636719 2266.0146484375 269.9999084472656
v -371.2864990234375 2275.121826171875 269.9999084472656
v -541.5487060546875 2184.63818359375 269.9998779296875
v -545.79541015625 2193.74560546875 269.9998779296875
v -367.06219482421875 2266.004150390625 375.02490234375
v -371.30914306640625 2275.111328125 269.97491455078125
v -367.06219482421875 2266.004150390625 269.97491455078125
v -371.30914306640625 2275.111328125 375.02490234375
v -541.5260620117188 2184.648681640625 375.0248718261719
v -541.5260620117188 2184.648681640625 269.9748840332031
v -545.7727661132812 2193.756103515625 269.9748840332031
v -545.7727661132812 2193.756103515625 375.0248718261719
v -367.0395202636719 2266.0146484375 259.99981689453125
v -541.5487060546875 2184.63818359375 259.9997863769531
v -371.2864990234375 2275.121826171875 259.99981689453125
v -545.79541015625 2193.74560546875 259.9997863769531
v -367.0395202636719 2266.0146484375 99.99979400634766
v -371.2864990234375 2275.121826171875 99.99979400634766
v -541.5487060546875 2184.63818359375 99.99979400634766
v -545.79541015625 2193.74560546875 99.99979400634766
v -367.06219482421875 2266.004150390625 260.0248107910156
v -371.30914306640625 2275.111328125 99.97479248046875
v -367.06219482421875 2266.004150390625 99.97479248046875
v -371.30914306640625 2275.111328125 260.0248107910156
v -541.5260620117188 2184.648681640625 260.0247802734375
v -541.5260620117188 2184.648681640625 99.97479248046875
v -545.7727661132812 2193.756103515625 99.97479248046875
v -545.7727661132812 2193.756103515625 260.0247802734375
v -176.71507263183594 2354.7646484375 259.99981689453125
v -351.2239990234375 2273.38818359375 259.99981689453125
v -180.9625244140625 2363.873046875 259.99981689453125
v -355.4714660644531 2282.496826171875 259.99981689453125
v -176.71507263183594 2354.7646484375 99.99980163574219
v -180.9625244140625 2363.873046875 99.99980163574219
v -351.2239990234375 2273.38818359375 99.99980163574219
v -355.4714660644531 2282.496826171875 99.99980163574219
v -176.73773193359375 2354.754150390625 260.0248107910156
v -180.98516845703125 2363.862548828125 99.97480010986328
v -176.73773193359375 2354.754150390625 99.97480010986328
v -180.98516845703125 2363.862548828125 260.0248107910156
v -351.20135498046875 2273.398681640625 260.0248107910156
v -351.20135498046875 2273.398681640625 99.97480010986328
v -355.44879150390625 2282.50732421875 99.97480010986328
v -355.44879150390625 2282.50732421875 260.0248107910156
v -176.71507263183594 2354.7646484375 374.99981689453125
v -351.2239990234375 2273.38818359375 374.99981689453125
v -180.9625244140625 2363.873046875 374.99981689453125
v -355.4714660644531 2282.496826171875 374.99981689453125
v -176.71507263183594 2354.7646484375 269.99981689453125
v -180.9625244140625 2363.873046875 269.99981689453125
v -351.2239990234375 2273.38818359375 269.99981689453125
v -355.4714660644531 2282.496826171875 269.99981689453125
v -176.73773193359375 2354.754150390625 375.0248107910156
v -180.98516845703125 2363.862548828125 269.9748229980469
v -176.73773193359375 2354.754150390625 269.9748229980469
v -180.98516845703125 2363.862548828125 375.0248107910156
v -351.20135498046875 2273.398681640625 375.0248107910156
v -351.20135498046875 2273.398681640625 269.9748229980469
v -355.44879150390625 2282.50732421875 269.9748229980469
v -355.44879150390625 2282.50732421875 375.0248107910156
v -550.4247436523438 2175.954833984375 259.9997863769531
v -615.4315795898438 1997.368408203125 259.99981689453125
v -559.8684692382812 2179.392333984375 259.9997863769531
v -624.8753051757812 2000.8060302734375 259.99981689453125
v -550.4247436523438 2175.954833984375 99.99979400634766
v -559.8684692382812 2179.392333984375 99.99979400634766
v -615.4315795898438 1997.368408203125 99.99980926513672
v -624.8753051757812 2000.8060302734375 99.99980926513672
v -550.4332885742188 2175.931396484375 260.0247802734375
v -559.8770141601562 2179.368896484375 99.97479248046875
v -550.4332885742188 2175.931396484375 99.97479248046875
v -559.8770141601562 2179.368896484375 260.0247802734375
v -615.4230346679688 1997.391845703125 260.0248107910156
v -615.4230346679688 1997.391845703125 99.97480773925781
v -624.8667602539062 2000.8294677734375 99.97480773925781
v -624.8667602539062 2000.8294677734375 260.0248107910156
v -550.4247436523438 2175.954833984375 374.9997863769531
v -615.4315795898438 1997.368408203125 374.99981689453125
v -559.8684692382812 2179.392333984375 374.9997863769531
v -624.8753051757812 2000.80615234375 374.99981689453125
v -550.4247436523438 2175.954833984375 269.9997863769531
v -559.8684692382812 2179.392333984375 269.9997863769531
v -615.4315795898438 1997.368408203125 269.99981689453125
v -624.8753051757812 2000.80615234375 269.99981689453125
v -550.4332885742188 2175.931396484375 375.0247802734375
v -559.8770141601562 2179.368896484375 269.97479248046875
v -550.4332885742188 2175.931396484375 269.97479248046875
v -559.8770141601562 2179.368896484375 375.0247802734375
v -615.4230346679688 1997.391845703125 375.0248107910156
v -615.4230346679688 1997.391845703125 269.9748229980469
v -624.8667602539062 2000.82958984375 269.9748229980469
v -624.8667602539062 2000.82958984375 375.0248107910156
v 1549.234619140625 1103.1015625 99.97498321533203
v 1583.4554443359375 1197.1170654296875 99.97498321533203
v 1583.4554443359375 1197.1170654296875 259.9749755859375
v 1648.4254150390625 1375.6107177734375 259.9749755859375
v 1583.4554443359375 1197.1170654296875 270.02496337890625
v 1583.4554443359375 1197.1171875 374.9749755859375
v 1648.42529296875 1375.6107177734375 374.9749755859375
v 1549.234619140625 1103.1015625 400.02496337890625
v 1648.4254150390625 1375.610595703125 99.97496032714844
v 1651.864013671875 1385.0574951171875 99.97496032714844
v 1651.864013671875 1385.0576171875 400.02496337890625
v 1648.4254150390625 1375.6107177734375 270.02496337890625
v 1651.8660888671875 1385.011474609375 99.97496032714844
v 1647.6185302734375 1394.119873046875 99.97496032714844
v 1647.6185302734375 1394.119873046875 259.9749755859375
v 1558.86474609375 1584.442626953125 259.9749450683594
v 1477.5284423828125 1758.85986328125 259.97491455078125
v 1647.6185302734375 1394.119873046875 270.02496337890625
v 1558.86474609375 1584.442626953125 374.97503662109375
v 1477.5284423828125 1758.85986328125 374.9750061035156
v 1651.8660888671875 1385.011474609375 400.02496337890625
v 1566.2822265625 1568.537109375 259.9749450683594
v 1566.2821044921875 1568.537109375 374.9749450683594
v 1647.6185302734375 1394.119873046875 374.9749755859375
v 1566.2822265625 1568.537109375 99.97494506835938
v 1558.86474609375 1584.442626953125 99.97494506835938
v 1477.5284423828125 1758.85986328125 99.97492218017578
v 1472.5357666015625 1769.566162109375 99.97492218017578
v 1472.5357666015625 1769.566162109375 400.02490234375
v 1566.2822265625 1568.537109375 270.0249328613281
v 1477.5284423828125 1758.85986328125 270.0249938964844
v 1558.86474609375 1584.442626953125 270.0250244140625
v 34.83721160888672 2292.817138671875 99.97481536865234
v 25.39301109313965 2296.254638671875 99.97481536865234
v 34.83721160888672 2292.817138671875 259.9748229980469
v 25.39301109313965 2296.254638671875 259.9748229980469
v -157.80023193359375 2362.93017578125 259.9748229980469
v 410.66790771484375 2156.028564453125 270.02484130859375
v 25.393014907836914 2296.254638671875 374.9748229980469
v -157.80023193359375 2362.93017578125 374.9748229980469
v 429.50885009765625 2149.171142578125 375.974853515625
v 429.50885009765625 2149.171142578125 99.97484588623047
v 410.66790771484375 2156.028564453125 99.97484588623047
v 410.66790771484375 2156.028564453125 259.974853515625
v 34.837215423583984 2292.8173828125 374.9748229980469
v 218.03070068359375 2226.1416015625 259.9748229980469
v 218.03070068359375 2226.1416015625 374.9748229980469
v 227.47442626953125 2222.704345703125 259.9748229980469
v 227.47442626953125 2222.704345703125 374.9748229980469
v 410.66790771484375 2156.028564453125 374.974853515625
v -157.80023193359375 2362.93017578125 99.97480010986328
v -171.93511962890625 2368.074951171875 99.97480010986328
v -171.93511962890625 2368.074951171875 400.0248107910156
v 1472.56982421875 1769.534912109375 400.02490234375
v 227.47442626953125 2222.704345703125 270.0248107910156
v -157.80023193359375 2362.93017578125 270.0248107910156
v 218.03070068359375 2226.1416015625 270.0248107910156
v 34.83721160888672 2292.817138671875 270.0248107910156
v 25.39301109313965 2296.254638671875 270.0248107910156
v 1472.56982421875 1769.534912109375 99.97492218017578
v 1463.1259765625 1772.97216796875 99.97492218017578
v 1463.1259765625 1772.97216796875 259.97491455078125
v 1077.85107421875 1913.1982421875 259.97491455078125
v 894.6577758789062 1979.8739013671875 259.9748840332031
v 1463.1259765625 1772.97216796875 270.02490234375
v 1077.85107421875 1913.1982421875 374.97491455078125
v 894.6577758789062 1979.8739013671875 374.9748840332031
v 871.1183471679688 1988.44140625 375.9748840332031
v 1087.294921875 1909.760986328125 259.97491455078125
v 1087.294921875 1909.760986328125 374.97491455078125
v 1270.488525390625 1843.085205078125 259.97491455078125
v 1270.488525390625 1843.085205078125 374.97491455078125
v 1279.932373046875 1839.64794921875 259.97491455078125
v 1279.932373046875 1839.64794921875 374.97491455078125
v 1463.1259765625 1772.97216796875 374.97491455078125
v 1279.932373046875 1839.64794921875 99.97490692138672
v 1270.488525390625 1843.085205078125 99.97490692138672
v 1087.294921875 1909.7608642578125 99.97489166259766
v 1077.85107421875 1913.1981201171875 99.97489166259766
v 894.6577758789062 1979.873779296875 99.97488403320312
v 871.1183471679688 1988.4412841796875 99.9748764038086
v 894.6577758789062 1979.8739013671875 270.0248718261719
v 1279.932373046875 1839.64794921875 270.02490234375
v 1270.488525390625 1843.085205078125 270.02490234375
v 1087.294921875 1909.760986328125 270.02490234375
v 1077.85107421875 1913.1982421875 270.02490234375
v 227.47442626953125 2222.704345703125 99.9748306274414
v 218.03070068359375 2226.141357421875 99.9748306274414
v -171.8889617919922 2368.076904296875 99.97480010986328
v -180.9972686767578 2363.829345703125 99.97480010986328
v -180.9972686767578 2363.829345703125 259.9748229980469
v -371.32122802734375 2275.078125 259.9748229980469
v -545.7395629882812 2193.743896484375 259.97479248046875
v -180.9972686767578 2363.829345703125 270.0248107910156
v -371.32122802734375 2275.078125 374.97491455078125
v -545.7395629882812 2193.743896484375 374.9748840332031
v -171.8889617919922 2368.076904296875 400.0248107910156
v -355.41558837890625 2282.4951171875 259.9748229980469
v -355.41558837890625 2282.4951171875 374.9748229980469
v -180.9972686767578 2363.829345703125 374.9748229980469
v -355.41558837890625 2282.4951171875 99.97480010986328
v -371.32122802734375 2275.078125 99.97479248046875
v -545.7395629882812 2193.743896484375 99.97479248046875
v -556.4557495117188 2188.746826171875 99.97479248046875
v -556.4557495117188 2188.746826171875 400.0247802734375
v -355.41558837890625 2282.4951171875 270.0248107910156
v -545.7395629882812 2193.743896484375 270.0248718261719
v -371.32122802734375 2275.078125 270.02490234375
v -556.424560546875 2188.78076171875 99.97479248046875
v -559.862060546875 2179.3369140625 99.97479248046875
v -559.862060546875 2179.3369140625 259.97479248046875
v -624.834716796875 2000.8443603515625 259.9748229980469
v -559.862060546875 2179.3369140625 270.0247802734375
v -559.862060546875 2179.3369140625 374.97479248046875
v -624.834716796875 2000.844482421875 374.9748229980469
v -556.424560546875 2188.78076171875 400.0247802734375
v -624.834716796875 2000.8443603515625 99.97480773925781
v -659.053955078125 1906.8369140625 99.97481536865234
v -659.053955078125 1906.8369140625 400.0248107910156
v -624.834716796875 2000.844482421875 270.0248107910156
v -641.9651489257812 1953.8563232421875 399.99981689453125
v 1549.258056640625 1103.093017578125 399.9999694824219
v 1566.3636474609375 1150.087646484375 399.9999694824219
v -659.0774536132812 1906.845458984375 399.99981689453125
v 1698.8634033203125 1367.93310546875 400.0001525878906
v 1613.332763671875 1132.939208984375 400.000244140625
v 1651.840576171875 1385.066162109375 400.000244140625
v 1489.6640625 1816.54541015625 400.0000915527344
v -154.82278442382812 2415.074462890625 400.00006103515625
v 1472.500244140625 1769.5413818359375 400.00018310546875
v -603.4349975585938 2205.875 400.00006103515625
v -171.94366455078125 2368.051513671875 400.0000915527344
v -556.4310913085938 2188.711181640625 400.00006103515625
v -688.9602661132812 1970.907958984375 400.00018310546875
v -641.9352416992188 1953.7921142578125 400.0000915527344
v 1566.2996826171875 1150.057861328125 400.000244140625
v 1613.309326171875 1132.94775390625 399.9752502441406
v 1698.848876953125 1367.95556640625 399.97515869140625
v 1613.309326171875 1132.94775390625 700.0253295898438
v 1698.848876953125 1367.95556640625 700.0252075195312
v 1698.8509521484375 1367.909423828125 399.97515869140625
v 1489.6378173828125 1816.551025390625 399.97509765625
v 1698.8509521484375 1367.9095458984375 700.0252075195312
v 1489.6378173828125 1816.5511474609375 700.025146484375
v 1489.671875 1816.519775390625 399.97509765625
v -154.84552001953125 2415.059814453125 399.9750671386719
v 1489.671875 1816.519775390625 700.025146484375
v -154.84552001953125 2415.059814453125 700.0250854492188
v -154.7991180419922 2415.061767578125 399.9750671386719
v -603.4406127929688 2205.848876953125 399.9750671386719
v -154.7991180419922 2415.061767578125 700.0250854492188
v -603.4406127929688 2205.848876953125 700.0250854492188
v -603.409423828125 2205.8828125 399.9750671386719
v -688.936767578125 1970.8994140625 399.9751892089844
v -603.409423828125 2205.8828125 700.0250854492188
v -688.936767578125 1970.8994140625 700.0252075195312
v 1613.309326171875 1132.94775390625 699.9754638671875
v 1698.848876953125 1367.95556640625 699.9752807617188
v 1613.309326171875 1132.94775390625 1000.0255126953125
v 1698.848876953125 1367.9556884765625 1000.0253295898438
v 1698.8509521484375 1367.9095458984375 699.9752807617188
v 1489.6378173828125 1816.5511474609375 699.9752197265625
v 1698.8509521484375 1367.9095458984375 1000.0253295898438
v 1489.6378173828125 1816.5511474609375 1000.0252685546875
v 1489.671875 1816.519775390625 699.9752197265625
v -154.84552001953125 2415.059814453125 699.9752197265625
v 1489.671875 1816.519775390625 1000.0252685546875
v -154.84552001953125 2415.059814453125 1000.0252685546875
v -154.7991180419922 2415.061767578125 699.9752197265625
v -603.4406127929688 2205.848876953125 699.9752197265625
v -154.7991180419922 2415.061767578125 1000.0252685546875
v -603.4406127929688 2205.848876953125 1000.0252685546875
v -603.409423828125 2205.8828125 699.9752197265625
v -688.936767578125 1970.8994140625 699.9754638671875
v -603.409423828125 2205.8828125 1000.0252685546875
v -688.936767578125 1970.8994140625 1000.0255126953125
v 1489.6796875 1816.5623779296875 1000.000244140625
v 1613.332763671875 1132.939208984375 1000.00048828125
v 1698.886474609375 1367.934326171875 1000.0003051757812
v -154.82379150390625 2415.097412109375 1000.000244140625
v -603.4520263671875 2205.890625 1000.000244140625
v -688.9602661132812 1970.907958984375 1000.00048828125
v 1293.973388671875 -1570.83642578125 99.97520446777344
v 1362.728271484375 -1382.9599609375 99.97518920898438
v 1293.973388671875 -1570.83642578125 400.02520751953125
v 1362.728271484375 -1382.9599609375 400.0251770019531
v 1362.711181640625 -1383.0068359375 99.97518920898438
v 1419.16259765625 -1227.9111328125 99.97518157958984
v 1419.16259765625 -1227.9111328125 332.9751892089844
v 1511.4923095703125 -974.2415161132812 332.97515869140625
v 1362.711181640625 -1383.0068359375 400.0251770019531
v 1511.4923095703125 -974.2415161132812 99.97515869140625
v 1567.940673828125 -819.1537475585938 99.97515869140625
v 1567.940673828125 -819.1537475585938 400.025146484375
v 1567.923583984375 -819.2007446289062 99.97515869140625
v 1636.3367919921875 -631.2142944335938 99.97513580322266
v 1567.923583984375 -819.2007446289062 400.025146484375
v 1636.3367919921875 -631.2142944335938 400.0251159667969
v 1636.3197021484375 -631.2612915039062 99.97513580322266
v 1691.0626220703125 -480.86444091796875 99.97512817382812
v 1691.0626220703125 -480.86444091796875 332.97515869140625
v 1783.3955078125 -227.19610595703125 332.9751281738281
v 1636.3197021484375 -631.2612915039062 400.0251159667969
v 1783.3956298828125 -227.19610595703125 99.97511291503906
v 1841.561279296875 -67.39569854736328 99.97509765625
v 1841.561279296875 -67.39569854736328 400.02508544921875
v 1841.544189453125 -67.44268035888672 99.97509765625
v 1909.957275390625 120.54351043701172 99.97509002685547
v 1841.544189453125 -67.44268035888672 400.02508544921875
v 1909.957275390625 120.54351043701172 400.02508544921875
v 1909.940185546875 120.49652862548828 99.97509002685547
v 1964.6900634765625 270.890869140625 99.9750747680664
v 1964.68994140625 270.890869140625 332.97509765625
v 2057.034423828125 524.5552368164062 332.9750671386719
v 1909.940185546875 120.49652862548828 400.02508544921875
v 2057.034423828125 524.55517578125 99.97505187988281
v 2115.303955078125 684.6182250976562 99.97504425048828
v 2115.303955078125 684.6182250976562 400.0250244140625
v 2115.31884765625 684.586181640625 99.97504425048828
v 1903.7071533203125 761.317626953125 99.97502899169922
v 2115.31884765625 684.586181640625 400.0250244140625
v 1903.7071533203125 761.317626953125 400.0250244140625
v 1293.973388671875 -1570.83642578125 -0.024792341515421867
v 1362.7197265625 -1382.9833984375 -0.04980575293302536
v 1293.973388671875 -1570.83642578125 100.02520751953125
v 1362.7197265625 -1382.9833984375 100.0501937866211
v 1567.93212890625 -819.17724609375 -0.04984607547521591
v 1419.16259765625 -1227.9111328125 55.025184631347656
v 1567.93212890625 -819.17724609375 100.05016326904297
v 1511.4923095703125 -974.2415161132812 100.02516174316406
v 1511.4923095703125 -974.2415161132812 55.02516555786133
v 1419.16259765625 -1227.9111328125 100.02518463134766
v 1636.3282470703125 -631.23779296875 -0.04985951632261276
v 1636.3282470703125 -631.23779296875 100.05014038085938
v 1841.552734375 -67.419189453125 -0.049899838864803314
v 1691.0626220703125 -480.86444091796875 55.02513122558594
v 1841.552734375 -67.419189453125 100.05010223388672
v 1783.3956298828125 -227.19610595703125 100.02511596679688
v 1783.3956298828125 -227.19610595703125 55.025115966796875
v 1691.0626220703125 -480.86444091796875 100.02513122558594
v 1909.94873046875 120.52001953125 -0.049913279712200165
v 1909.94873046875 120.52001953125 100.05009460449219
v 2115.303955078125 684.6182250976562 -0.02495361678302288
v 1964.6900634765625 270.890869140625 55.02507781982422
v 2115.303955078125 684.6182250976562 100.0250473022461
v 2057.034423828125 524.55517578125 100.02505493164062
v 2057.034423828125 524.55517578125 55.02505874633789
v 1964.6900634765625 270.890869140625 100.02507781982422
v 2115.31884765625 684.586181640625 -0.02495361678302288
v 1903.7071533203125 761.317626953125 -0.024969570338726044
v 2115.31884765625 684.586181640625 100.0250473022461
v 1903.7071533203125 761.317626953125 100.02503204345703
v 1293.98193359375 -1570.81298828125 400.0002136230469
v 1362.7667236328125 -1383.00048828125 400.00018310546875
v 1567.9791259765625 -819.1943359375 400.0001525878906
v 1636.375244140625 -631.2548828125 400.0000915527344
v 1841.5997314453125 -67.43628692626953 400.00006103515625
v 1909.9957275390625 120.50291442871094 400.00006103515625
v 2115.115234375 684.3458862304688 400.0000305175781
v 2115.3115234375 684.6021728515625 400.0000305175781
v 1904.479248046875 761.0376586914062 400.0000305175781
v 1293.973388671875 -1570.83642578125 399.9752197265625
v 2115.169677734375 684.3495483398438 399.97503662109375
v 1293.973388671875 -1570.83642578125 600.0252075195312
v 2115.169677734375 684.3495483398438 600.0250854492188
v 2115.1845703125 684.317626953125 399.97503662109375
v 1903.743896484375 761.305419921875 399.97503662109375
v 2115.1845703125 684.3176879882812 600.0250854492188
v 1903.743896484375 761.305419921875 600.0250854492188
v 2115.193115234375 684.3411865234375 600.0000610351562
v 1903.75244140625 761.3289184570312 600.0000610351562
v 1293.996826171875 -1570.8450927734375 600.0001831054688
v 1082.885986328125 -1494.015869140625 600.0001831054688
v 2350.1005859375 598.8607177734375 600.0000610351562
v 1529.238525390625 -1656.465087890625 600.000244140625
v 1903.740234375 761.3289184570312 600.0000610351562
v 1082.885986328125 -1494.015869140625 600.0001831054688
v 1529.215087890625 -1656.45654296875 599.9752197265625
v 2350.0771484375 598.8692626953125 599.9750366210938
v 1529.215087890625 -1656.45654296875 700.0252685546875
v 2350.0771484375 598.8692626953125 700.0250854492188
v 2350.092041015625 598.8372192382812 599.9750366210938
v 1903.731689453125 761.305419921875 599.9750366210938
v 2350.092041015625 598.8372192382812 700.0250854492188
v 1903.731689453125 761.305419921875 700.0250854492188
v 2350.1005859375 598.8607177734375 700.0000610351562
v 1903.740234375 761.3289184570312 700.0000610351562
v 1529.238525390625 -1656.465087890625 700.000244140625
v 1082.8858642578125 -1494.015869140625 700.0001831054688
v 1824.3323974609375 -699.4009399414062 -0.024845344945788383
v 2029.5618896484375 -135.53558349609375 -0.024885665625333786
v 1824.3323974609375 -699.4009399414062 50.02515411376953
v 2029.5618896484375 -135.53558349609375 50.025115966796875
v 2157.41650390625 -368.28302001953125 -0.005922353360801935
v 1883.89208984375 -534.8294067382812 50.00620651245117
v 2071.876953125 -603.2544555664062 -0.005906515754759312
v 1969.4315185546875 -299.87042236328125 50.00619125366211
v 2157.41650390625 -368.28302001953125 -50.00592041015625
v 2071.876953125 -603.2544555664062 -50.00590896606445
v 1883.89208984375 -534.8294067382812 0.006206055171787739
v 1969.4315185546875 -299.87042236328125 0.00619021849706769
v 1883.9056396484375 -534.8077392578125 50.02439880371094
v 2071.880615234375 -603.2291259765625 -50.02409744262695
v 2071.89208984375 -603.2332763671875 0.02441064827144146
v 1883.894287109375 -534.8035888671875 -0.024110708385705948
v 2071.854248046875 -603.2461547851562 0.02515706792473793
v 2157.393798828125 -368.27471923828125 -50.02486038208008
v 2157.393798828125 -368.27471923828125 0.025140268728137016
v 2071.854248046875 -603.2461547851562 -50.024845123291016
v 2157.41455078125 -368.308837890625 0.02439381740987301
v 1969.4166259765625 -299.8916015625 -0.024127474054694176
v 1969.427978515625 -299.895751953125 50.02437973022461
v 2157.403076171875 -368.3046875 -50.024112701416016
v 1969.454345703125 -299.87872314453125 50.02512741088867
v 1883.9149169921875 -534.8377075195312 -0.02485712803900242
v 1883.9149169921875 -534.8377075195312 50.025146484375
v 1969.454345703125 -299.87872314453125 -0.024873925372958183
v 2150.5390625 -387.11663818359375 9.9940767288208
v 2157.404296875 -368.28302001953125 9.99407958984375
v 1962.55419921875 -318.69183349609375 60.006195068359375
v 1969.406982421875 -299.85821533203125 60.00619125366211
v 2150.5390625 -387.11663818359375 -0.005924474913626909
v 1962.55419921875 -318.69183349609375 50.00619125366211
v 2157.404296875 -368.28302001953125 -0.0059236204251646996
v 1969.406982421875 -299.85821533203125 50.006187438964844
v 1962.5677490234375 -318.670166015625 60.02438735961914
v 2150.542724609375 -387.09130859375 -0.024111967533826828
v 2150.55419921875 -387.095458984375 10.024396896362305
v 1962.556396484375 -318.666015625 49.97587585449219
v 2150.516357421875 -387.10833740234375 10.025142669677734
v 2157.381591796875 -368.27471923828125 -0.024859732016921043
v 2157.381591796875 -368.27471923828125 10.025142669677734
v 2150.516357421875 -387.10833740234375 -0.024858389049768448
v 2157.40234375 -368.308837890625 10.024396896362305
v 1969.39208984375 -299.87939453125 49.97587203979492
v 1969.4034423828125 -299.883544921875 60.024383544921875
v 2157.390869140625 -368.3046875 -0.02411339245736599
v 1969.4298095703125 -299.86651611328125 60.02513122558594
v 1962.5770263671875 -318.70013427734375 49.975128173828125
v 1962.5770263671875 -318.70013427734375 60.0251350402832
v 1969.4298095703125 -299.86651611328125 49.97512435913086
v 1890.7449951171875 -515.9838256835938 60.00620651245117
v 1883.89208984375 -534.8294067382812 60.0062141418457
v 2078.72998046875 -584.4086303710938 9.994091987609863
v 2071.876953125 -603.2422485351562 9.994095802307129
v 1890.7449951171875 -515.9838256835938 50.006202697753906
v 2078.72998046875 -584.4086303710938 -0.005909574218094349
v 1883.89208984375 -534.8294067382812 50.00621032714844
v 2071.876953125 -603.2422485351562 -0.005906091537326574
v 1890.767822265625 -515.9921264648438 60.025146484375
v 1883.9149169921875 -534.8377075195312 49.97514343261719
v 1883.9149169921875 -534.8377075195312 60.025150299072266
v 1890.767822265625 -515.9921264648438 49.97513961791992
v 1883.9056396484375 -534.8077392578125 60.0244026184082
v 2071.880615234375 -603.2169189453125 -0.024096481502056122
v 2071.89208984375 -603.2210693359375 10.024413108825684
v 1883.894287109375 -534.8035888671875 49.97589111328125
v 2071.854248046875 -603.2339477539062 10.025158882141113
v 2078.707275390625 -584.4003295898438 -0.024844275787472725
v 2078.707275390625 -584.4003295898438 10.02515697479248
v 2071.854248046875 -603.2339477539062 -0.02484293095767498
v 2078.72802734375 -584.4344482421875 10.02441120147705
v 1890.7301025390625 -516.0050048828125 49.975887298583984
v 1890.741455078125 -516.0091552734375 60.02439880371094
v 2078.716552734375 -584.4302978515625 -0.024097856134176254
v 2029.5853271484375 -135.5441436767578 50.00011444091797
v 2029.251220703125 -135.42254638671875 50.00011444091797
v 1962.582763671875 -318.65692138671875 50.00012969970703
v 1943.81884765625 -311.82574462890625 50.000125885009766
v 1890.727294921875 -516.0305786132812 50.00014114379883
v 1824.3544921875 -699.408935546875 50.000152587890625
v 1771.115478515625 -41.48406982421875 50.000091552734375
v 1805.2762451171875 -692.4514770507812 50.000152587890625
v 1871.987548828125 -509.21173095703125 50.00014114379883
v 2010.5009765625 -128.5990753173828 50.0001106262207
v 1565.8861083984375 -605.3372192382812 50.0001335144043
v 1824.026611328125 -699.2694702148438 50.000152587890625
v 1824.051513671875 -699.2786254882812 49.97515106201172
v 1890.767822265625 -515.9921264648438 49.97513961791992
v 1824.051513671875 -699.2786254882812 60.0251579284668
v 1890.767822265625 -515.9921264648438 60.025146484375
v 1890.78271484375 -516.024169921875 49.97513961791992
v 1871.94921875 -509.171142578125 49.97513961791992
v 1890.78271484375 -516.024169921875 60.025146484375
v 1871.94921875 -509.171142578125 60.025146484375
v 1871.981201171875 -509.15618896484375 49.97513961791992
v 1805.2528076171875 -692.4429321289062 49.97515106201172
v 1871.981201171875 -509.15618896484375 60.025146484375
v 1805.2528076171875 -692.4429321289062 60.0251579284668
v 1805.23779296875 -692.410888671875 49.97515106201172
v 1824.08349609375 -699.263671875 49.97515106201172
v 1805.23779296875 -692.410888671875 60.0251579284668
v 1824.08349609375 -699.263671875 60.0251579284668
v 1890.791259765625 -516.0006713867188 60.000144958496094
v 1871.957763671875 -509.14764404296875 60.000144958496094
v 1824.074951171875 -699.2871704101562 60.00015640258789
v 1805.2293701171875 -692.4343872070312 60.00015640258789
v 2029.2958984375 -135.445556640625 49.97511291503906
v 2010.4501953125 -128.5924072265625 49.9751091003418
v 2029.2958984375 -135.445556640625 60.02511978149414
v 2010.4501953125 -128.5924072265625 60.025115966796875
v 2010.4822998046875 -128.57745361328125 49.9751091003418
v 1943.7781982421875 -311.86419677734375 49.97512435913086
v 2010.4822998046875 -128.57745361328125 60.025115966796875
v 1943.7781982421875 -311.86419677734375 60.02513122558594
v 1943.7633056640625 -311.8321533203125 49.97512435913086
v 1962.6212158203125 -318.697509765625 49.975128173828125
v 1943.7633056640625 -311.8321533203125 60.02513122558594
v 1962.6212158203125 -318.697509765625 60.0251350402832
v 1962.589111328125 -318.71246337890625 49.975128173828125
v 2029.281005859375 -135.41351318359375 49.97511291503906
v 1962.589111328125 -318.71246337890625 60.0251350402832
v 2029.281005859375 -135.41351318359375 60.02511978149414
v 2029.304443359375 -135.42205810546875 60.000118255615234
v 2010.4588623046875 -128.56890869140625 60.00011444091797
v 1962.612548828125 -318.72100830078125 60.0001335144043
v 1943.754638671875 -311.85565185546875 60.00012969970703
v 1839.2711181640625 146.553955078125 -0.02491864375770092
v 2097.728515625 52.481807708740234 -0.02489912509918213
v 1839.2711181640625 146.553955078125 50.025081634521484
v 2097.728515625 52.481807708740234 50.02510070800781
v 2097.696533203125 52.46686553955078 -0.024899126961827278
v 2302.926025390625 616.3321533203125 -0.02493944764137268
v 2097.696533203125 52.46686553955078 50.02510070800781
v 2302.926025390625 616.3321533203125 50.025062561035156
v 2431.0615234375 383.46258544921875 -0.005976107902824879
v 2157.537109375 216.91607666015625 50.00614929199219
v 2345.52197265625 148.4912872314453 -0.0059602814726531506
v 2243.07666015625 451.87518310546875 50.00613784790039
v 2431.0615234375 383.46258544921875 -50.00597381591797
v 2345.52197265625 148.4912872314453 -50.00596237182617
v 2157.537109375 216.91607666015625 0.006152288056910038
v 2243.07666015625 451.87518310546875 0.006136462092399597
v 2157.550537109375 216.937744140625 50.02434158325195
v 2345.525634765625 148.5166015625 -50.02415084838867
v 2345.537109375 148.512451171875 0.024356888607144356
v 2157.5390625 216.94189453125 -0.024164464324712753
v 2345.499267578125 148.49957275390625 0.025103310123085976
v 2431.038818359375 383.47088623046875 -50.0249137878418
v 2431.038818359375 383.47088623046875 0.02508651092648506
v 2345.499267578125 148.49957275390625 -50.024898529052734
v 2431.0595703125 383.436767578125 0.024340059608221054
v 2243.0615234375 451.85400390625 -0.02418123371899128
v 2243.072998046875 451.849853515625 50.02432632446289
v 2431.048095703125 383.44091796875 -50.024166107177734
v 2243.099365234375 451.86688232421875 50.02507400512695
v 2157.559814453125 216.90777587890625 -0.024910885840654373
v 2157.559814453125 216.90777587890625 50.025089263916016
v 2243.099365234375 451.86688232421875 -0.024927685037255287
v 2424.18408203125 364.62896728515625 9.994023323059082
v 2431.04931640625 383.46258544921875 9.994025230407715
v 2236.19921875 433.05377197265625 60.006141662597656
v 2243.05224609375 451.88739013671875 60.00613784790039
v 2424.18408203125 364.62896728515625 -0.005978231318295002
v 2236.19921875 433.05377197265625 50.00613784790039
v 2431.04931640625 383.46258544921875 -0.005977309308946133
v 2243.05224609375 451.88739013671875 50.006134033203125
v 2236.212646484375 433.075439453125 60.02433395385742
v 2424.187744140625 364.654296875 -0.024165727198123932
v 2424.19921875 364.650146484375 10.024343490600586
v 2236.201171875 433.07958984375 49.97582244873047
v 2424.161376953125 364.63726806640625 10.025089263916016
v 2431.026611328125 383.47088623046875 -0.024913489818572998
v 2431.026611328125 383.47088623046875 10.0250883102417
v 2424.161376953125 364.63726806640625 -0.024912146851420403
v 2431.04736328125 383.436767578125 10.02434253692627
v 2243.037109375 451.8662109375 49.9758186340332
v 2243.048583984375 451.862060546875 60.024330139160156
v 2431.035888671875 383.44091796875 -0.024167146533727646
v 2243.074951171875 451.87908935546875 60.02507781982422
v 2236.221923828125 433.04547119140625 49.975074768066406
v 2236.221923828125 433.04547119140625 60.025081634521484
v 2243.074951171875 451.87908935546875 49.97507095336914
v 2164.39013671875 235.7617645263672 60.00615310668945
v 2157.537109375 216.91607666015625 60.00615692138672
v 2352.375 167.33697509765625 9.994037628173828
v 2345.52197265625 148.5034942626953 9.994041442871094
v 2164.39013671875 235.7617645263672 50.00614929199219
v 2352.375 167.33697509765625 -0.005963305477052927
v 2157.537109375 216.91607666015625 50.00615310668945
v 2345.52197265625 148.5034942626953 -0.005959868431091309
v 2164.412841796875 235.75347900390625 60.02509307861328
v 2157.559814453125 216.90777587890625 49.9750862121582
v 2157.559814453125 216.90777587890625 60.02509307861328
v 2164.412841796875 235.75347900390625 49.9750862121582
v 2157.550537109375 216.937744140625 60.02434539794922
v 2345.525634765625 148.52880859375 -0.024150239303708076
v 2345.537109375 148.524658203125 10.024358749389648
v 2157.5390625 216.94189453125 49.975833892822266
v 2345.499267578125 148.51177978515625 10.025104522705078
v 2352.352294921875 167.34527587890625 -0.02489803358912468
v 2352.352294921875 167.34527587890625 10.025102615356445
v 2345.499267578125 148.51177978515625 -0.024896690621972084
v 2352.373046875 167.3111572265625 10.024356842041016
v 2164.375 235.7406005859375 49.975833892822266
v 2164.386474609375 235.7364501953125 60.02434539794922
v 2352.361572265625 167.3153076171875 -0.02415161393582821
v 2044.479736328125 710.3837280273438 50.00004196166992
v 2078.92333984375 59.29986572265625 50.000099182128906
v 2145.632568359375 242.53387451171875 50.00008773803711
v 2164.414306640625 235.6998291015625 50.00008773803711
v 2217.463623046875 439.9197998046875 50.00007247924805
v 2284.150634765625 623.1596069335938 50.000057220458984
v 1839.2625732421875 146.5304718017578 50.00008010864258
v 2236.254150390625 433.07916259765625 50.00007629394531
v 2097.696533203125 52.46686553955078 49.97509765625
v 2164.412841796875 235.75347900390625 49.9750862121582
v 2097.696533203125 52.46686553955078 60.02510452270508
v 2164.412841796875 235.75347900390625 60.02509307861328
v 2164.427734375 235.721435546875 49.9750862121582
v 2145.59423828125 242.574462890625 49.9750862121582
v 2164.427734375 235.721435546875 60.02509307861328
v 2145.59423828125 242.574462890625 60.02509307861328
v 2145.626220703125 242.58941650390625 49.9750862121582
v 2078.897705078125 59.30268096923828 49.97509765625
v 2145.626220703125 242.58941650390625 60.02509307861328
v 2078.897705078125 59.30268096923828 60.02510452270508
v 2078.8828125 59.334716796875 49.97509765625
v 2097.728515625 52.4818115234375 49.97509765625
v 2078.8828125 59.334716796875 60.02510452270508
v 2097.728515625 52.4818115234375 60.02510452270508
v 2164.436279296875 235.7449188232422 60.000091552734375
v 2145.602783203125 242.59796142578125 60.000091552734375
v 2097.719970703125 52.458309173583984 60.00010299682617
v 2078.874267578125 59.31122970581055 60.00010299682617
v 2302.94091796875 616.3001098632812 49.975059509277344
v 2284.09521484375 623.1531982421875 49.97505569458008
v 2302.94091796875 616.3001098632812 60.02506637573242
v 2284.09521484375 623.1531982421875 60.025062561035156
v 2284.127197265625 623.1681518554688 49.97505569458008
v 2217.423095703125 439.88134765625 49.97507095336914
v 2284.127197265625 623.1681518554688 60.025062561035156
v 2217.423095703125 439.88134765625 60.02507781982422
v 2217.408203125 439.91339111328125 49.97507095336914
v 2236.26611328125 433.0482177734375 49.975074768066406
v 2217.408203125 439.91339111328125 60.02507781982422
v 2236.26611328125 433.0482177734375 60.025081634521484
v 2236.234130859375 433.03326416015625 49.975074768066406
v 2302.926025390625 616.3321533203125 49.975059509277344
v 2236.234130859375 433.03326416015625 60.025081634521484
v 2302.926025390625 616.3321533203125 60.02506637573242
v 2302.949462890625 616.3236083984375 60.000064849853516
v 2284.103759765625 623.1766967773438 60.00006103515625
v 2236.257568359375 433.02471923828125 60.00008010864258
v 2217.399658203125 439.889892578125 60.00007629394531
v 1550.7119140625 -1451.146484375 -0.02479158714413643
v 1755.9412841796875 -887.2811889648438 -0.024831905961036682
v 1550.7119140625 -1451.146484375 50.025211334228516
v 1755.9412841796875 -887.2811889648438 50.025169372558594
v 1883.7838134765625 -1120.02880859375 -0.005868591368198395
v 1610.2591552734375 -1286.5751953125 50.00625991821289
v 1798.2442626953125 -1355.0 -0.005852764938026667
v 1695.7987060546875 -1051.6162109375 50.006248474121094
v 1883.7838134765625 -1120.02880859375 -50.00586700439453
v 1798.2442626953125 -1355.0 -50.00585174560547
v 1610.2591552734375 -1286.5751953125 0.006259805988520384
v 1695.7987060546875 -1051.6162109375 0.006243979558348656
v 1610.272705078125 -1286.5535888671875 50.024452209472656
v 1798.247802734375 -1354.9747314453125 -50.02404022216797
v 1798.2591552734375 -1354.9788818359375 0.024464407935738564
v 1610.2613525390625 -1286.5494384765625 -0.024056946858763695
v 1798.221435546875 -1354.99169921875 0.025210827589035034
v 1883.760986328125 -1120.0205078125 -50.02480697631836
v 1883.760986328125 -1120.0205078125 0.02519402839243412
v 1798.221435546875 -1354.99169921875 -50.02478790283203
v 1883.7816162109375 -1120.0545654296875 0.024447577074170113
v 1695.7838134765625 -1051.6373291015625 -0.02407371625304222
v 1695.795166015625 -1051.6414794921875 50.024436950683594
v 1883.770263671875 -1120.0504150390625 -50.0240592956543
v 1695.821533203125 -1051.62451171875 50.025184631347656
v 1610.281982421875 -1286.58349609375 -0.024803368374705315
v 1610.281982421875 -1286.58349609375 50.02519989013672
v 1695.821533203125 -1051.62451171875 -0.02482016757130623
v 1876.906494140625 -1138.8623046875 9.994131088256836
v 1883.7716064453125 -1120.02880859375 9.994132041931152
v 1688.9212646484375 -1070.4376220703125 60.006248474121094
v 1695.7742919921875 -1051.60400390625 60.006248474121094
v 1876.906494140625 -1138.8623046875 -0.0058706775307655334
v 1688.9212646484375 -1070.4376220703125 50.00624465942383
v 1883.7716064453125 -1120.02880859375 -0.005869783461093903
v 1695.7742919921875 -1051.60400390625 50.00624465942383
v 1688.934814453125 -1070.4158935546875 60.02444076538086
v 1876.9100341796875 -1138.8370361328125 -0.024058213457465172
v 1876.92138671875 -1138.8411865234375 10.02445125579834
v 1688.9234619140625 -1070.4117431640625 49.975929260253906
v 1876.8836669921875 -1138.85400390625 10.02519702911377
v 1883.748779296875 -1120.0205078125 -0.02480597421526909
v 1883.748779296875 -1120.0205078125 10.025195121765137
v 1876.8836669921875 -1138.85400390625 -0.024804631248116493
v 1883.7694091796875 -1120.0545654296875 10.024449348449707
v 1695.7593994140625 -1051.6251220703125 49.975929260253906
v 1695.770751953125 -1051.6292724609375 60.02444076538086
v 1883.758056640625 -1120.0504150390625 -0.024059630930423737
v 1695.797119140625 -1051.6123046875 60.02518844604492
v 1688.944091796875 -1070.44580078125 49.975181579589844
v 1688.944091796875 -1070.44580078125 60.02518844604492
v 1695.797119140625 -1051.6123046875 49.975181579589844
v 1617.1121826171875 -1267.7294921875 60.006263732910156
v 1610.2591552734375 -1286.5753173828125 60.00626754760742
v 1805.0972900390625 -1336.1541748046875 9.994145393371582
v 1798.244384765625 -1354.98779296875 9.994149208068848
v 1617.1121826171875 -1267.7294921875 50.00625991821289
v 1805.0972900390625 -1336.1541748046875 -0.00585579639300704
v 1610.2591552734375 -1286.5753173828125 50.006263732910156
v 1798.244384765625 -1354.98779296875 -0.005852303002029657
v 1617.135009765625 -1267.73779296875 60.025203704833984
v 1610.281982421875 -1286.58349609375 49.975196838378906
v 1610.281982421875 -1286.58349609375 60.025203704833984
v 1617.135009765625 -1267.73779296875 49.975196838378906
v 1610.272705078125 -1286.5535888671875 60.02445602416992
v 1798.2479248046875 -1354.9625244140625 -0.024042727425694466
v 1798.25927734375 -1354.9666748046875 10.024466514587402
v 1610.2613525390625 -1286.5494384765625 49.97594451904297
v 1798.2215576171875 -1354.9794921875 10.025212287902832
v 1805.074462890625 -1336.14599609375 -0.02479051612317562
v 1805.074462890625 -1336.14599609375 10.0252103805542
v 1798.2215576171875 -1354.9794921875 -0.024789173156023026
v 1805.0950927734375 -1336.1800537109375 10.02446460723877
v 1617.0972900390625 -1267.7506103515625 49.97594451904297
v 1617.108642578125 -1267.7547607421875 60.02445602416992
v 1805.083740234375 -1336.1759033203125 -0.02404409646987915
v 1755.9647216796875 -887.2897338867188 50.00016784667969
v 1755.619873046875 -887.1642456054688 50.00016784667969
v 1688.949951171875 -1070.402587890625 50.00018310546875
v 1670.1859130859375 -1063.571533203125 50.000179290771484
v 1617.0946044921875 -1267.776123046875 50.00019836425781
v 1550.7342529296875 -1451.1546630859375 50.00020980834961
v 1497.4949951171875 -793.2418823242188 50.00014877319336
v 1531.643310546875 -1444.1971435546875 50.00020980834961
v 1598.354736328125 -1260.9573974609375 50.00019073486328
v 1736.8692626953125 -880.3416137695312 50.00016784667969
v 1292.27783203125 -1357.082763671875 50.00019073486328
v 1550.3941650390625 -1451.0155029296875 50.00020980834961
v 1550.418701171875 -1451.0244140625 49.9752082824707
v 1617.1351318359375 -1267.73779296875 49.975196838378906
v 1550.418701171875 -1451.0244140625 60.02521514892578
v 1617.1351318359375 -1267.73779296875 60.025203704833984
v 1617.14990234375 -1267.769775390625 49.975196838378906
v 1598.31640625 -1260.916748046875 49.975189208984375
v 1617.14990234375 -1267.769775390625 60.025203704833984
v 1598.31640625 -1260.916748046875 60.02519607543945
v 1598.348388671875 -1260.90185546875 49.975189208984375
v 1531.619873046875 -1444.1884765625 49.9752082824707
v 1598.348388671875 -1260.90185546875 60.02519607543945
v 1531.619873046875 -1444.1884765625 60.02521514892578
v 1531.60498046875 -1444.156494140625 49.9752082824707
v 1550.45068359375 -1451.009521484375 49.9752082824707
v 1531.60498046875 -1444.156494140625 60.02521514892578
v 1550.45068359375 -1451.009521484375 60.02521514892578
v 1617.1585693359375 -1267.746337890625 60.00020217895508
v 1598.324951171875 -1260.8931884765625 60.00019454956055
v 1550.442138671875 -1451.0330810546875 60.000213623046875
v 1531.596435546875 -1444.179931640625 60.000213623046875
v 1755.6632080078125 -887.191162109375 49.97516632080078
v 1736.8173828125 -880.338134765625 49.97516632080078
v 1755.6632080078125 -887.191162109375 60.02517318725586
v 1736.8173828125 -880.338134765625 60.02517318725586
v 1736.849365234375 -880.3231811523438 49.97516632080078
v 1670.145263671875 -1063.60986328125 49.97517776489258
v 1736.849365234375 -880.3231811523438 60.02517318725586
v 1670.145263671875 -1063.60986328125 60.025184631347656
v 1670.13037109375 -1063.577880859375 49.97517776489258
v 1688.98828125 -1070.443115234375 49.975181579589844
v 1670.13037109375 -1063.577880859375 60.025184631347656
v 1688.98828125 -1070.443115234375 60.02518844604492
v 1688.956298828125 -1070.4580078125 49.975181579589844
v 1755.6483154296875 -887.1591186523438 49.97516632080078
v 1688.956298828125 -1070.4580078125 60.02518844604492
v 1755.6483154296875 -887.1591186523438 60.02517318725586
v 1755.6717529296875 -887.1676635742188 60.00017166137695
v 1736.825927734375 -880.3146362304688 60.00017166137695
v 1688.979736328125 -1070.466552734375 60.000186920166016
v 1670.1217041015625 -1063.601318359375 60.00018310546875
v 2121.458984375 43.802486419677734 -0.02489733137190342
v 1909.986328125 120.77271270751953 -0.024913299828767776
v 2121.458984375 43.802486419677734 100.02509307861328
v 1909.986328125 120.77271270751953 100.02507781982422
v 1841.578125 -67.16674041748047 -0.024899858981370926
v 2053.06298828125 -144.124755859375 -0.02488388866186142
v 1841.578125 -67.16674041748047 100.02510070800781
v 2053.06298828125 -144.124755859375 100.02511596679688
v 2053.031005859375 -144.13970947265625 -0.024883892387151718
v 2121.444091796875 43.83452606201172 -0.02489733137190342
v 2053.031005859375 -144.13970947265625 100.02511596679688
v 2121.444091796875 43.83452606201172 100.02510833740234
v 2121.458984375 43.802486419677734 99.97510528564453
v 1909.986328125 120.77271270751953 99.97509002685547
v 2121.458984375 43.802486419677734 400.02508544921875
v 1909.986328125 120.77271270751953 400.02508544921875
v 1841.578125 -67.16674041748047 99.97509765625
v 2053.06298828125 -144.124755859375 99.97511291503906
v 1841.578125 -67.16674041748047 400.02508544921875
v 2053.06298828125 -144.124755859375 400.0251159667969
v 2053.031005859375 -144.13970947265625 99.97511291503906
v 2121.444091796875 43.83452606201172 99.97510528564453
v 2053.031005859375 -144.13970947265625 400.0251159667969
v 2121.444091796875 43.83452606201172 400.02508544921875
v 2053.007568359375 -144.1311492919922 400.0001220703125
v 2121.42041015625 43.84246826171875 400.0000915527344
v 2100.039306640625 -161.25030517578125 400.0001220703125
v 2168.452392578125 26.723926544189453 400.0000915527344
v 1841.578125 -67.16674041748047 399.97509765625
v 2100.0478515625 -161.226806640625 399.9751281738281
v 1841.578125 -67.16674041748047 700.025146484375
v 2100.0478515625 -161.2266845703125 700.025146484375
v 2100.015869140625 -161.24176025390625 399.9751281738281
v 2168.428955078125 26.73247718811035 399.97509765625
v 2100.015869140625 -161.24163818359375 700.025146484375
v 2168.428955078125 26.73259925842285 700.025146484375
v 2168.44384765625 26.7004337310791 399.97509765625
v 1909.986328125 120.77271270751953 399.97509765625
v 2168.44384765625 26.7005558013916 700.025146484375
v 1909.986328125 120.77271270751953 700.0250854492188
v 2100.039306640625 -161.25018310546875 700.0001220703125
v 1909.994873046875 120.79620361328125 700.0000610351562
v 1841.569580078125 -67.19023132324219 700.0001220703125
v 2168.452392578125 26.724048614501953 700.0001220703125
v 2395.17724609375 795.8289794921875 -0.024951107800006866
v 1972.2666015625 949.739990234375 -0.02498304657638073
v 2395.17724609375 795.8289794921875 100.0250473022461
v 1972.2666015625 949.739990234375 100.02501678466797
v 1903.8583984375 761.8005981445312 -0.02496960572898388
v 2326.76904296875 607.877197265625 -0.024937666952610016
v 1903.8583984375 761.8005981445312 100.02500915527344
v 2326.76904296875 607.877197265625 100.0250473022461
v 2326.737060546875 607.8622436523438 -0.024937668815255165
v 2395.162353515625 795.8610229492188 -0.024951109662652016
v 2326.737060546875 607.8622436523438 100.02506256103516
v 2395.162353515625 795.8610229492188 100.0250473022461
v 2395.17724609375 795.8289794921875 99.97504425048828
v 1972.2666015625 949.739990234375 99.97501373291016
v 2395.17724609375 795.8289794921875 400.0250549316406
v 1972.2666015625 949.739990234375 400.0250244140625
v 1903.8583984375 761.8005981445312 99.97502136230469
v 2326.76904296875 607.877197265625 99.97505950927734
v 1903.8583984375 761.8006591796875 400.0250244140625
v 2326.76904296875 607.8772583007812 400.0250549316406
v 2326.737060546875 607.8622436523438 99.97505950927734
v 2395.162353515625 795.8610229492188 99.97504425048828
v 2326.737060546875 607.8623046875 400.0250549316406
v 2395.162353515625 795.8610229492188 400.0250549316406
v 2326.713623046875 607.870849609375 400.00006103515625
v 2395.136474609375 795.8626098632812 400.00006103515625
v 2373.745361328125 590.7516479492188 400.0000915527344
v 2442.170654296875 778.7503662109375 400.00006103515625
v 1903.8583984375 761.776123046875 399.97503662109375
v 2373.753662109375 590.7752075195312 399.97509765625
v 1903.8583984375 761.776123046875 700.0250854492188
v 2373.753662109375 590.7752075195312 700.0250854492188
v 2373.721923828125 590.7601928710938 399.97509765625
v 2442.147216796875 778.7589111328125 399.9750671386719
v 2373.721923828125 590.7601928710938 700.0250854492188
v 2442.147216796875 778.7589721679688 700.0250854492188
v 2442.162109375 778.7268676757812 399.9750671386719
v 1972.2542724609375 949.6912231445312 399.97503662109375
v 2442.162109375 778.7269287109375 700.0250854492188
v 1972.2542724609375 949.6912841796875 700.0250244140625
v 2373.745361328125 590.7516479492188 700.0000610351562
v 1972.262939453125 949.7147827148438 700.0
v 1903.849853515625 761.7526245117188 700.0000610351562
v 2442.170654296875 778.7504272460938 700.0000610351562
v 1847.9483642578125 -707.698974609375 -0.02484358847141266
v 1636.4635009765625 -630.716552734375 -0.024859558790922165
v 1847.9483642578125 -707.698974609375 100.02515411376953
v 1636.4635009765625 -630.716552734375 100.02513885498047
v 1568.0552978515625 -818.656005859375 -0.024846117943525314
v 1779.5401611328125 -895.614013671875 -0.024830147624015808
v 1568.0552978515625 -818.656005859375 100.02516174316406
v 1779.5401611328125 -895.614013671875 100.0251693725586
v 1779.5081787109375 -895.6289672851562 -0.024830149486660957
v 1847.9334716796875 -707.6669311523438 -0.02484358847141266
v 1779.5081787109375 -895.6289672851562 100.0251693725586
v 1847.9334716796875 -707.6669311523438 100.02515411376953
v 1847.9483642578125 -707.698974609375 99.97515106201172
v 1636.4635009765625 -630.716552734375 99.97513580322266
v 1847.9483642578125 -707.698974609375 400.025146484375
v 1636.4635009765625 -630.716552734375 400.0251159667969
v 1568.0552978515625 -818.656005859375 99.97515869140625
v 1779.5401611328125 -895.614013671875 99.97516632080078
v 1568.0552978515625 -818.656005859375 400.025146484375
v 1779.5401611328125 -895.614013671875 400.0251770019531
v 1779.5081787109375 -895.6289672851562 99.97516632080078
v 1847.9334716796875 -707.6669311523438 99.97515106201172
v 1779.5081787109375 -895.6289672851562 400.0251770019531
v 1847.9334716796875 -707.6669311523438 400.025146484375
v 1779.4847412109375 -895.6204223632812 400.00018310546875
v 1847.9100341796875 -707.6583862304688 400.0001525878906
v 1826.5164794921875 -912.7395629882812 400.00018310546875
v 1894.9417724609375 -724.7653198242188 400.0001525878906
v 1568.0552978515625 -818.656005859375 399.97515869140625
v 1826.5250244140625 -912.716064453125 399.9751892089844
v 1568.0552978515625 -818.656005859375 700.0252075195312
v 1826.52490234375 -912.716064453125 700.0252075195312
v 1826.4930419921875 -912.7310180664062 399.9751892089844
v 1894.9183349609375 -724.7567749023438 399.97515869140625
v 1826.492919921875 -912.7310180664062 700.0252075195312
v 1894.918212890625 -724.7567749023438 700.0252075195312
v 1894.9332275390625 -724.788818359375 399.97515869140625
v 1636.4635009765625 -630.716552734375 399.9751281738281
v 1894.93310546875 -724.788818359375 700.0252075195312
v 1636.4635009765625 -630.716552734375 700.0252075195312
v 1826.516357421875 -912.7395629882812 700.0001831054688
v 1636.4720458984375 -630.6930541992188 700.0001831054688
v 1568.0467529296875 -818.6795043945312 700.0001831054688
v 1894.941650390625 -724.7653198242188 700.0001831054688
v 1574.327880859375 -1459.432373046875 -0.024789828807115555
v 1362.8551025390625 -1382.462158203125 -0.024805797263979912
v 1574.327880859375 -1459.432373046875 100.02519989013672
v 1362.8551025390625 -1382.462158203125 100.02517700195312
v 1294.4468994140625 -1570.401611328125 -0.02479235827922821
v 1505.91943359375 -1647.384033203125 -0.024776387959718704
v 1294.4468994140625 -1570.401611328125 100.02520751953125
v 1505.91943359375 -1647.384033203125 100.02522277832031
v 1505.887451171875 -1647.39892578125 -0.024776386097073555
v 1574.31298828125 -1459.400390625 -0.024789828807115555
v 1505.887451171875 -1647.39892578125 100.02522277832031
v 1574.31298828125 -1459.400390625 100.02521514892578
v 1574.327880859375 -1459.432373046875 99.97521209716797
v 1362.8551025390625 -1382.462158203125 99.97518920898438
v 1574.3277587890625 -1459.432373046875 400.0251770019531
v 1362.8551025390625 -1382.462158203125 400.0251770019531
v 1294.4468994140625 -1570.401611328125 99.97520446777344
v 1505.91943359375 -1647.384033203125 99.9752197265625
v 1294.4468994140625 -1570.401611328125 400.025146484375
v 1505.91943359375 -1647.384033203125 400.025146484375
v 1505.887451171875 -1647.39892578125 99.9752197265625
v 1574.31298828125 -1459.400390625 99.97521209716797
v 1505.887451171875 -1647.39892578125 400.02520751953125
v 1574.3128662109375 -1459.400390625 400.0251770019531
v 1505.8643798828125 -1647.38916015625 400.0002136230469
v 1574.2891845703125 -1459.392333984375 400.00018310546875
v 1552.895751953125 -1664.509521484375 400.0002136230469
v 1621.321044921875 -1476.510986328125 400.0002136230469
v 1294.4468994140625 -1570.401611328125 399.9752197265625
v 1552.904296875 -1664.486083984375 399.9752197265625
v 1294.44677734375 -1570.401611328125 700.0252075195312
v 1552.904296875 -1664.486083984375 700.0252685546875
v 1552.872314453125 -1664.5009765625 399.9752197265625
v 1621.297607421875 -1476.50244140625 399.9752197265625
v 1552.872314453125 -1664.5009765625 700.0252685546875
v 1621.297607421875 -1476.50244140625 700.0252685546875
v 1621.3125 -1476.534423828125 399.9752197265625
v 1362.855224609375 -1382.462158203125 399.9751892089844
v 1621.3125 -1476.534423828125 700.0252075195312
v 1362.8551025390625 -1382.462158203125 700.0252075195312
v 1552.895751953125 -1664.509521484375 700.000244140625
v 1362.863525390625 -1382.438720703125 700.000244140625
v 1294.4381103515625 -1570.425048828125 700.0001831054688
v 1621.321044921875 -1476.510986328125 700.000244140625
v 850.247802734375 1916.19970703125 269.9749755859375
v 877.559814453125 1991.39306640625 269.9748840332031
v 850.247802734375 1916.19970703125 385.02496337890625
v 877.559814453125 1991.39306640625 385.0248718261719
v 877.5747680664062 1991.361083984375 269.9748840332031
v 426.47796630859375 2155.538330078125 269.974853515625
v 877.5747680664062 1991.361083984375 385.0248718261719
v 426.47796630859375 2155.538330078125 385.02484130859375
v 426.510009765625 2155.55322265625 269.974853515625
v 399.197998046875 2080.35986328125 269.9749450683594
v 426.510009765625 2155.55322265625 385.02484130859375
v 399.197998046875 2080.35986328125 385.0249328613281
v 426.48651123046875 2155.561767578125 269.9998474121094
v 877.5833129882812 1991.3846435546875 269.9998779296875
v 850.2713012695312 1916.191162109375 269.9999694824219
v 399.17449951171875 2080.368408203125 269.99993896484375
v 426.48651123046875 2155.561767578125 384.9998474121094
v 850.2713012695312 1916.191162109375 384.9999694824219
v 877.5833129882812 1991.3846435546875 384.9998779296875
v 399.17449951171875 2080.368408203125 384.99993896484375
v 1574.031982421875 1200.4940185546875 99.9749755859375
v 1639.0361328125 1379.0814208984375 99.97496032714844
v 1639.0361328125 1379.0814208984375 260.0249328613281
v 1574.031982421875 1200.4940185546875 260.02496337890625
v 1574.031982421875 1200.4940185546875 269.9749755859375
v 1639.0361328125 1379.0814208984375 269.9749450683594
v 1639.0361328125 1379.0814208984375 375.0249328613281
v 1574.031982421875 1200.494140625 375.02496337890625
v 1638.5767822265625 1389.8480224609375 99.97496032714844
v 1557.1978759765625 1564.3560791015625 99.97494506835938
v 1557.1978759765625 1564.3560791015625 260.0249328613281
v 1638.5767822265625 1389.8480224609375 260.0249328613281
v 1638.5767822265625 1389.8480224609375 269.9749450683594
v 1557.1978759765625 1564.3560791015625 269.9749450683594
v 1557.1978759765625 1564.3560791015625 375.0249328613281
v 1638.5767822265625 1389.8480224609375 375.0249328613281
v 1549.82421875 1580.17138671875 269.97503662109375
v 1468.4454345703125 1754.679443359375 269.9750061035156
v 1468.4454345703125 1754.679443359375 375.0249938964844
v 1549.8240966796875 1580.17138671875 375.0250244140625
v 1549.82421875 1580.17138671875 99.97493743896484
v 1468.4454345703125 1754.679443359375 99.97492218017578
v 1468.4454345703125 1754.679443359375 260.02490234375
v 1549.82421875 1580.17138671875 260.0249328613281
v 1459.752685546875 1763.55810546875 99.97492218017578
v 1276.46533203125 1830.26806640625 99.97490692138672
v 1276.46533203125 1830.26806640625 260.02490234375
v 1459.752685546875 1763.55810546875 260.02490234375
v 1459.752685546875 1763.55810546875 269.97491455078125
v 1276.46533203125 1830.26806640625 269.97491455078125
v 1276.46533203125 1830.26806640625 375.02490234375
v 1459.752685546875 1763.55810546875 375.02490234375
v 1267.115234375 1833.671142578125 99.97490692138672
v 1083.827880859375 1900.381103515625 99.97489166259766
v 1083.827880859375 1900.381103515625 260.02490234375
v 1267.115234375 1833.671142578125 260.02490234375
v 1267.115234375 1833.671142578125 269.97491455078125
v 1083.827880859375 1900.381103515625 269.97491455078125
v 1083.827880859375 1900.381103515625 375.02490234375
v 1267.115234375 1833.671142578125 375.02490234375
v 1074.477783203125 1903.7841796875 99.97489166259766
v 891.1906127929688 1970.493896484375 99.97488403320312
v 891.1906127929688 1970.4940185546875 260.0248718261719
v 1074.477783203125 1903.7841796875 260.02490234375
v 1074.477783203125 1903.7841796875 269.97491455078125
v 891.1906127929688 1970.4940185546875 269.9748840332031
v 891.1906127929688 1970.4940185546875 375.0248718261719
v 1074.477783203125 1903.7841796875 375.02490234375
v 407.29473876953125 2146.614501953125 99.97484588623047
v 224.00738525390625 2213.324462890625 99.9748306274414
v 224.00738525390625 2213.324462890625 260.0248107910156
v 407.29473876953125 2146.614501953125 260.02484130859375
v 407.29473876953125 2146.614501953125 269.974853515625
v 224.00738525390625 2213.324462890625 269.9748229980469
v 224.00738525390625 2213.324462890625 375.0248107910156
v 407.29473876953125 2146.614501953125 375.02484130859375
v 214.65765380859375 2216.727294921875 99.9748306274414
v 31.37018394470215 2283.437255859375 99.97481536865234
v 31.37018394470215 2283.437255859375 260.0248107910156
v 214.65765380859375 2216.7275390625 260.0248107910156
v 214.65765380859375 2216.7275390625 269.9748229980469
v 31.37018394470215 2283.437255859375 269.9748229980469
v 31.37018394470215 2283.4375 375.0248107910156
v 214.65765380859375 2216.7275390625 375.0248107910156
v 22.01995277404785 2286.840576171875 99.97481536865234
v -161.26739501953125 2353.550537109375 99.97480010986328
v -161.26739501953125 2353.550537109375 260.0248107910156
v 22.01995277404785 2286.840576171875 260.0248107910156
v 22.01995277404785 2286.840576171875 269.9748229980469
v -161.26739501953125 2353.550537109375 269.9748229980469
v -161.26739501953125 2353.550537109375 375.0248107910156
v 22.01995277404785 2286.840576171875 375.0248107910156
v -367.05010986328125 2266.037353515625 269.97491455078125
v -541.5592651367188 2184.660888671875 269.9748840332031
v -541.5592651367188 2184.660888671875 375.0248718261719
v -367.05010986328125 2266.037353515625 375.02490234375
v -367.05010986328125 2266.037353515625 99.97479248046875
v -541.5592651367188 2184.660888671875 99.97479248046875
v -541.5592651367188 2184.660888671875 260.0247802734375
v -367.05010986328125 2266.037353515625 260.0248107910156
v -176.7256317138672 2354.787353515625 99.97480010986328
v -351.23455810546875 2273.410888671875 99.97480010986328
v -351.23455810546875 2273.410888671875 260.0248107910156
v -176.7256317138672 2354.787353515625 260.0248107910156
v -176.7256317138672 2354.787353515625 269.9748229980469
v -351.23455810546875 2273.410888671875 269.9748229980469
v -351.23455810546875 2273.410888671875 375.0248107910156
v -176.7256317138672 2354.787353515625 375.0248107910156
v -550.4482421875 2175.96337890625 99.97479248046875
v -615.455078125 1997.376953125 99.97480773925781
v -615.455078125 1997.376953125 260.0248107910156
v -550.4482421875 2175.96337890625 260.0247802734375
v -550.4482421875 2175.96337890625 269.97479248046875
v -615.455078125 1997.376953125 269.9748229980469
v -615.455078125 1997.376953125 375.0248107910156
v -550.4482421875 2175.96337890625 375.0247802734375
v 1065.791748046875 -1540.90185546875 700.0001831054688
v 1636.3282470703125 -631.23779296875 400.0001220703125
v 2115.175048828125 684.29150390625 400.0000305175781
v 883.3399658203125 -2129.836181640625 1200.0013427734375
v 1989.2230224609375 996.1942138671875 1200.0010986328125
v 1651.82421875 1385.0001220703125 400.000244140625
v 1472.561279296875 1769.511474609375 400.00018310546875
v -171.8775634765625 2368.03515625 400.0000915527344
v -556.4010620117188 2188.772216796875 400.00006103515625
f 10 9 11
f 12 10 11
f 856 855 857
f 858 856 857
f 844 843 845
f 846 844 845
f 840 839 841
f 842 840 841
f 827 826 828
f 829 827 828
f 825 821 819
f 823 822 824
f 824 822 820
f 821 824 820
f 820 818 821
f 821 818 819
f 819 818 814
f 818 812 814
f 816 814 812
f 813 816 812
f 812 810 813
f 815 814 816
f 817 813 811
f 813 810 811
f 811 810 806
f 810 804 806
f 808 806 804
f 805 808 804
f 804 801 805
f 805 801 803
f 803 801 802
f 801 800 802
f 807 806 808
f 809 805 803
f 862 860 861
f 860 859 861
f 169 164 165
f 164 162 165
f 163 162 164
f 164 168 163
f 168 166 163
f 167 166 168
f 51 50 52
f 53 51 52
f 55 54 56
f 57 55 56
f 75 74 76
f 77 75 76
f 79 78 80
f 81 79 80
f 155 154 156
f 157 155 156
f 159 158 160
f 161 159 160
f 171 170 172
f 173 171 172
f 175 174 176
f 177 175 176
f 715 714 716
f 717 715 716
f 719 718 720
f 721 719 720
f 723 722 724
f 725 723 724
f 727 726 728
f 729 727 728
f 731 730 732
f 733 731 732
f 1252 1251 1253
f 1254 1252 1253
f 1256 1255 1257
f 1258 1256 1257
f 1260 1259 1261
f 1262 1260 1261
f 1296 1295 1297
f 1298 1296 1297
f 1300 1299 1301
f 1302 1300 1301
f 1304 1303 1305
f 1306 1304 1305
f 1340 1339 1341
f 1342 1340 1341
f 1344 1343 1345
f 1346 1344 1345
f 1348 1347 1349
f 1350 1348 1349
f 1384 1383 1385
f 1386 1384 1385
f 1388 1387 1389
f 1390 1388 1389
f 1392 1391 1393
f 1394 1392 1393
f 2 1 3
f 4 2 3
f 6 5 7
f 8 6 7
f 14 13 15
f 16 14 15
f 18 17 19
f 20 18 19
f 1420 1419 1421
f 1422 1420 1421
f 1416 1415 1417
f 1418 1416 1417
f 1412 1411 1413
f 1414 1412 1413
f 1404 1403 1405
f 1406 1404 1405
f 1400 1399 1401
f 1402 1400 1401
f 1396 1395 1397
f 1398 1396 1397
f 1376 1375 1377
f 1378 1376 1377
f 1372 1371 1373
f 1374 1372 1373
f 1368 1367 1369
f 1370 1368 1369
f 1360 1359 1361
f 1362 1360 1361
f 1356 1355 1357
f 1358 1356 1357
f 1352 1351 1353
f 1354 1352 1353
f 1332 1331 1333
f 1334 1332 1333
f 1328 1327 1329
f 1330 1328 1329
f 1324 1323 1325
f 1326 1324 1325
f 1316 1315 1317
f 1318 1316 1317
f 1312 1311 1313
f 1314 1312 1313
f 1308 1307 1309
f 1310 1308 1309
f 1288 1287 1289
f 1290 1288 1289
f 1284 1283 1285
f 1286 1284 1285
f 1280 1279 1281
f 1282 1280 1281
f 1272 1271 1273
f 1274 1272 1273
f 1268 1267 1269
f 1270 1268 1269
f 1264 1263 1265
f 1266 1264 1265
f 797 796 798
f 799 797 798
f 785 784 786
f 787 785 786
f 773 772 774
f 775 773 774
f 761 760 762
f 763 761 762
f 751 750 752
f 753 751 752
f 747 746 748
f 749 747 748
f 743 742 744
f 745 743 744
f 739 738 740
f 741 739 740
f 735 734 736
f 737 735 736
f 95 94 96
f 97 95 96
f 91 90 92
f 93 91 92
f 87 86 88
f 89 87 88
f 83 82 84
f 1543 85 83
f 63 62 64
f 65 63 64
f 59 58 60
f 61 59 60
f 40 39 41
f 42 40 41
f 36 35 37
f 38 36 37
f 32 31 33
f 34 32 33
f 22 21 23
f 24 22 23
f 133 131 132
f 131 130 132
f 1212 1211 1213
f 1214 1212 1213
f 1202 1205 1208
f 1200 1199 1201
f 1201 1199 1203
f 1202 1201 1203
f 1203 1207 1202
f 1207 1205 1202
f 1206 1205 1207
f 1205 1206 1209
f 1203 1199 1204
f 1204 1210 1203
f 1092 1091 1093
f 1094 1092 1093
f 1088 1087 1089
f 1090 1088 1089
f 1084 1083 1085
f 1086 1084 1085
f 1079 1075 1080
f 1075 1076 1081
f 1076 1075 1077
f 1077 1075 1079
f 1078 1077 1079
f 1079 1082 1078
f 964 963 965
f 966 964 965
f 960 959 961
f 962 960 961
f 956 955 957
f 958 956 957
f 946 949 952
f 944 943 945
f 945 943 947
f 946 945 947
f 947 951 946
f 951 949 946
f 950 949 951
f 949 950 953
f 947 943 948
f 948 954 947
f 834 833 835
f 831 830 832
f 832 830 1544
f 833 830 835
f 835 830 836
f 836 837 835
f 1545 838 837
f 695 694 689
f 687 686 688
f 688 686 690
f 689 688 690
f 690 697 689
f 689 697 695
f 697 696 695
f 692 696 697
f 693 696 692
f 692 691 693
f 691 690 693
f 690 686 693
f 685 684 670
f 681 680 670
f 670 682 681
f 684 682 670
f 673 682 684
f 674 682 673
f 673 672 674
f 667 666 668
f 668 666 671
f 671 666 674
f 677 671 674
f 676 677 674
f 672 676 674
f 672 685 676
f 685 683 676
f 683 685 670
f 671 683 670
f 675 668 671
f 670 669 671
f 669 675 671
f 669 679 675
f 679 678 675
f 789 788 790
f 790 788 792
f 791 790 792
f 792 795 791
f 791 795 794
f 794 793 791
f 665 664 625
f 623 665 625
f 611 610 612
f 613 611 612
f 613 612 615
f 612 623 615
f 623 625 615
f 625 621 615
f 621 619 615
f 620 619 621
f 615 632 614
f 614 613 615
f 636 633 614
f 629 628 614
f 614 630 629
f 633 630 614
f 617 630 633
f 616 622 618
f 616 636 622
f 636 635 622
f 635 636 614
f 634 635 614
f 622 624 618
f 632 634 614
f 634 632 626
f 624 634 626
f 624 626 618
f 626 627 618
f 627 615 618
f 615 619 618
f 661 662 641
f 662 663 641
f 663 662 647
f 643 663 647
f 643 647 645
f 645 647 631
f 618 645 631
f 631 630 618
f 618 630 617
f 617 616 618
f 647 649 631
f 644 643 645
f 644 645 659
f 659 645 641
f 663 659 641
f 658 657 641
f 641 645 658
f 652 642 631
f 651 652 631
f 649 651 631
f 649 661 651
f 661 660 651
f 660 661 641
f 642 660 641
f 641 640 642
f 640 646 642
f 640 656 646
f 656 655 646
f 642 637 631
f 646 648 642
f 638 637 639
f 639 637 642
f 650 639 642
f 648 650 642
f 648 654 650
f 654 653 650
f 777 776 778
f 778 776 780
f 779 778 780
f 780 783 779
f 779 783 782
f 782 781 779
f 605 604 594
f 594 606 605
f 597 596 598
f 598 606 597
f 597 606 608
f 608 606 594
f 609 608 594
f 591 590 592
f 592 590 595
f 595 590 598
f 601 595 598
f 600 601 598
f 596 600 598
f 596 609 600
f 609 607 600
f 607 609 594
f 595 607 594
f 599 592 595
f 594 593 595
f 593 599 595
f 593 603 599
f 603 602 599
f 765 764 766
f 766 764 768
f 767 766 768
f 768 771 767
f 767 771 770
f 770 769 767
f 587 586 581
f 579 578 580
f 580 578 582
f 581 580 582
f 582 589 581
f 581 589 587
f 589 588 587
f 584 588 589
f 585 588 584
f 584 583 585
f 583 582 585
f 582 578 585
f 127 126 128
f 129 127 128
f 123 122 124
f 125 123 124
f 115 114 116
f 117 115 116
f 111 110 112
f 113 111 112
f 107 106 108
f 109 107 108
f 105 103 104
f 104 103 102
f 100 1546 103
f 103 99 100
f 99 98 1547
f 101 1547 98
f 26 25 27
f 27 28 26
f 30 26 28
f 28 29 30
f 758 755 759
f 757 755 758
f 754 755 757
f 755 754 756
f 704 713 703
f 703 702 704
f 702 705 1548
f 707 1548 705
f 705 706 1549
f 709 1549 706
f 706 708 1550
f 1550 708 710
f 712 1551 708
f 708 711 712
f 698 699 701
f 699 698 700
f 118 119 121
f 119 118 120
f 71 70 72
f 73 72 70
f 67 66 68
f 69 68 66
f 43 44 46
f 44 43 45
f 45 47 44
f 48 47 45
f 47 48 49
f 1408 1407 1409
f 1409 1410 1408
f 1364 1363 1365
f 1365 1366 1364
f 1320 1319 1321
f 1321 1322 1320
f 1276 1275 1277
f 1277 1278 1276
f 1248 1247 1249
f 1249 1250 1248
f 1244 1243 1245
f 1246 1244 1245
f 1240 1239 1241
f 1242 1240 1241
f 1236 1235 1237
f 1238 1236 1237
f 1232 1231 1233
f 1234 1232 1233
f 1228 1227 1229
f 1229 1230 1228
f 1224 1223 1225
f 1226 1224 1225
f 1220 1219 1221
f 1222 1220 1221
f 1216 1215 1217
f 1218 1216 1217
f 1180 1179 1181
f 1181 1182 1180
f 1176 1175 1177
f 1177 1178 1176
f 1156 1155 1157
f 1157 1158 1156
f 1152 1151 1153
f 1153 1154 1152
f 1124 1123 1125
f 1126 1124 1125
f 1120 1119 1121
f 1121 1122 1120
f 1116 1115 1117
f 1118 1116 1117
f 1112 1111 1113
f 1114 1112 1113
f 1108 1107 1109
f 1110 1108 1109
f 1104 1103 1105
f 1106 1104 1105
f 1100 1099 1101
f 1101 1102 1100
f 1096 1095 1097
f 1098 1096 1097
f 1056 1055 1057
f 1057 1058 1056
f 1052 1051 1053
f 1053 1054 1052
f 1032 1031 1033
f 1033 1034 1032
f 1028 1027 1029
f 1029 1030 1028
f 1000 999 1001
f 1002 1000 1001
f 996 995 997
f 998 996 997
f 992 991 993
f 993 994 992
f 988 987 989
f 990 988 989
f 984 983 985
f 986 984 985
f 980 979 981
f 982 980 981
f 976 975 977
f 978 976 977
f 972 971 973
f 973 974 972
f 924 923 925
f 925 926 924
f 920 919 921
f 921 922 920
f 900 899 901
f 901 902 900
f 896 895 897
f 897 898 896
f 868 867 869
f 870 868 869
f 864 863 865
f 865 866 864
f 852 851 853
f 853 854 852
f 848 847 849
f 849 850 848
f 567 566 568
f 568 569 567
f 563 562 564
f 564 565 563
f 551 550 552
f 552 553 551
f 547 546 548
f 548 549 547
f 535 534 536
f 536 537 535
f 531 530 532
f 532 533 531
f 519 518 520
f 520 521 519
f 515 514 516
f 516 517 515
f 503 502 504
f 504 505 503
f 499 498 500
f 500 501 499
f 487 486 488
f 488 489 487
f 483 482 484
f 484 485 483
f 199 198 200
f 200 201 199
f 195 194 196
f 196 197 195
f 183 182 184
f 184 185 183
f 179 178 180
f 180 181 179
f 151 150 148
f 148 152 151
f 148 149 152
f 149 148 147
f 147 146 149
f 146 147 145
f 145 143 146
f 142 143 145
f 143 142 144
f 144 153 143
f 139 138 140
f 141 139 140
f 135 134 136
f 137 135 136
f 189 186 187
f 187 186 188
f 191 190 192
f 192 190 193
f 205 202 203
f 203 202 204
f 207 206 208
f 208 206 209
f 211 210 212
f 213 212 210
f 214 215 217
f 215 214 216
f 221 218 219
f 219 218 220
f 223 222 224
f 224 222 225
f 227 226 228
f 229 228 226
f 230 231 233
f 231 230 232
f 237 234 235
f 235 234 236
f 239 238 240
f 240 238 241
f 243 242 244
f 245 244 242
f 246 247 249
f 247 246 248
f 253 250 251
f 251 250 252
f 255 254 256
f 256 254 257
f 259 258 260
f 261 260 258
f 262 263 265
f 263 262 264
f 269 266 267
f 267 266 268
f 271 270 272
f 272 270 273
f 275 274 276
f 277 276 274
f 278 279 281
f 279 278 280
f 285 282 283
f 283 282 284
f 287 286 288
f 288 286 289
f 291 290 292
f 293 292 290
f 294 295 297
f 295 294 296
f 301 298 299
f 299 298 300
f 303 302 304
f 304 302 305
f 307 306 308
f 309 308 306
f 310 311 313
f 311 310 312
f 317 314 315
f 315 314 316
f 319 318 320
f 320 318 321
f 323 322 324
f 325 324 322
f 326 327 329
f 327 326 328
f 333 330 331
f 331 330 332
f 335 334 336
f 336 334 337
f 339 338 340
f 341 340 338
f 342 343 345
f 343 342 344
f 349 346 347
f 347 346 348
f 351 350 352
f 352 350 353
f 355 354 356
f 357 356 354
f 358 359 361
f 359 358 360
f 365 362 363
f 363 362 364
f 367 366 368
f 368 366 369
f 371 370 372
f 373 372 370
f 374 375 377
f 375 374 376
f 381 378 379
f 379 378 380
f 383 382 384
f 384 382 385
f 387 386 388
f 389 388 386
f 390 391 393
f 391 390 392
f 397 394 395
f 395 394 396
f 399 398 400
f 400 398 401
f 403 402 404
f 405 404 402
f 406 407 409
f 407 406 408
f 413 410 411
f 411 410 412
f 415 414 416
f 416 414 417
f 419 418 420
f 421 420 418
f 422 423 425
f 423 422 424
f 429 426 427
f 427 426 428
f 431 430 432
f 432 430 433
f 435 434 436
f 437 436 434
f 438 439 441
f 439 438 440
f 445 442 443
f 443 442 444
f 447 446 448
f 448 446 449
f 451 450 452
f 453 452 450
f 454 455 457
f 455 454 456
f 461 458 459
f 459 458 460
f 463 462 464
f 464 462 465
f 467 466 468
f 469 468 466
f 470 471 473
f 471 470 472
f 477 474 475
f 475 474 476
f 479 478 480
f 480 478 481
f 493 490 491
f 491 490 492
f 495 494 496
f 496 494 497
f 509 506 507
f 507 506 508
f 511 510 512
f 512 510 513
f 525 522 523
f 523 522 524
f 527 526 528
f 528 526 529
f 541 538 539
f 539 538 540
f 543 542 544
f 544 542 545
f 557 554 555
f 555 554 556
f 559 558 560
f 560 558 561
f 573 570 571
f 571 570 572
f 575 574 576
f 576 574 577
f 871 872 874
f 872 871 873
f 876 875 877
f 878 877 875
f 882 879 880
f 880 879 881
f 886 883 884
f 884 883 885
f 890 887 888
f 888 887 889
f 894 891 892
f 892 891 893
f 906 903 904
f 904 903 905
f 910 907 908
f 908 907 909
f 914 911 912
f 912 911 913
f 918 915 916
f 916 915 917
f 930 927 928
f 928 927 929
f 934 931 932
f 932 931 933
f 938 935 936
f 936 935 937
f 942 939 940
f 940 939 941
f 970 968 969
f 968 967 969
f 1003 1004 1006
f 1004 1003 1005
f 1008 1007 1009
f 1010 1009 1007
f 1014 1011 1012
f 1012 1011 1013
f 1018 1015 1016
f 1016 1015 1017
f 1022 1019 1020
f 1020 1019 1021
f 1026 1023 1024
f 1024 1023 1025
f 1038 1035 1036
f 1036 1035 1037
f 1042 1039 1040
f 1040 1039 1041
f 1046 1043 1044
f 1044 1043 1045
f 1050 1047 1048
f 1048 1047 1049
f 1062 1059 1060
f 1060 1059 1061
f 1066 1063 1064
f 1064 1063 1065
f 1070 1067 1068
f 1068 1067 1069
f 1074 1071 1072
f 1072 1071 1073
f 1127 1128 1130
f 1128 1127 1129
f 1132 1131 1133
f 1134 1133 1131
f 1138 1135 1136
f 1136 1135 1137
f 1142 1139 1140
f 1140 1139 1141
f 1146 1143 1144
f 1144 1143 1145
f 1150 1147 1148
f 1148 1147 1149
f 1162 1159 1160
f 1160 1159 1161
f 1166 1163 1164
f 1164 1163 1165
f 1170 1167 1168
f 1168 1167 1169
f 1174 1171 1172
f 1172 1171 1173
f 1186 1183 1184
f 1184 1183 1185
f 1190 1187 1188
f 1188 1187 1189
f 1194 1191 1192
f 1192 1191 1193
f 1198 1195 1196
f 1196 1195 1197
f 1291 1292 1294
f 1292 1291 1293
f 1335 1336 1338
f 1336 1335 1337
f 1379 1380 1382
f 1380 1379 1381
f 1423 1424 1426
f 1424 1423 1425
f 1428 1427 1429
f 1430 1428 1429
f 1436 1435 1437
f 1438 1436 1437
f 1432 1431 1433
f 1434 1432 1433
f 1440 1439 1441
f 1442 1441 1439
f 1443 1444 1446
f 1444 1443 1445
f 1448 1447 1449
f 1449 1447 1450
f 1452 1451 1453
f 1453 1451 1454
f 1456 1455 1457
f 1457 1455 1458
f 1460 1459 1461
f 1461 1459 1462
f 1464 1463 1465
f 1465 1463 1466
f 1468 1467 1469
f 1469 1467 1470
f 1472 1471 1473
f 1473 1471 1474
f 1476 1475 1477
f 1477 1475 1478
f 1480 1479 1481
f 1481 1479 1482
f 1484 1483 1485
f 1485 1483 1486
f 1488 1487 1489
f 1489 1487 1490
f 1492 1491 1493
f 1493 1491 1494
f 1496 1495 1497
f 1497 1495 1498
f 1500 1499 1501
f 1501 1499 1502
f 1504 1503 1505
f 1505 1503 1506
f 1508 1507 1509
f 1509 1507 1510
f 1512 1511 1513
f 1513 1511 1514
f 1516 1515 1517
f 1517 1515 1518
f 1520 1519 1521
f 1521 1519 1522
f 1524 1523 1525
f 1525 1523 1526
f 1528 1527 1529
f 1529 1527 1530
f 1532 1531 1533
f 1533 1531 1534
f 1536 1535 1537
f 1537 1535 1538
f 1540 1539 1541
f 1541 1539 1542
