# from WaterfrontDistrict_Block08_Generic_0011_LOD_0.pskx
v -725.91552734375 1077.477294921875 -0.02500331960618496
v -725.91552734375 1127.52734375 -0.025007689371705055
v -725.91552734375 1077.477294921875 510.0249938964844
v -725.91552734375 1127.52734375 510.0249938964844
v -725.8905029296875 1127.5023193359375 -0.025007689371705055
v -825.9405517578125 1127.5023193359375 -0.0250120609998703
v -745.9405517578125 1127.5023193359375 110.02498626708984
v -785.9405517578125 1127.5023193359375 399.9750061035156
v -805.8905029296875 1127.5023193359375 399.9750061035156
v -725.8905029296875 1127.5023193359375 510.0249938964844
v -745.9405517578125 1127.5023193359375 399.9750061035156
v -765.8905029296875 1127.5023193359375 399.9750061035156
v -825.9405517578125 1127.5023193359375 510.0249938964844
v -765.8905029296875 1127.5023193359375 110.02498626708984
v -805.8905029296875 1127.5023193359375 110.02498626708984
v -785.9405517578125 1127.5023193359375 110.02498626708984
v -825.91552734375 1127.52734375 -0.0250120609998703
v -825.91552734375 1077.477294921875 -0.025007689371705055
v -825.91552734375 1127.52734375 510.0249938964844
v -825.91552734375 1077.477294921875 510.0249938964844
v -805.9405517578125 1122.477294921875 400.0
v -785.8905029296875 1127.52734375 400.0
v -785.8905029296875 1122.477294921875 400.0
v -805.9405517578125 1127.52734375 400.0
v -805.9405517578125 1122.477294921875 109.99998474121094
v -785.8905029296875 1122.477294921875 109.99998474121094
v -785.8905029296875 1127.52734375 109.99998474121094
v -805.9405517578125 1127.52734375 109.99998474121094
v -785.91552734375 1122.477294921875 400.0249938964844
v -785.91552734375 1127.52734375 109.97498321533203
v -785.91552734375 1122.477294921875 109.97498321533203
v -785.91552734375 1127.52734375 400.0249938964844
v -805.91552734375 1122.477294921875 400.0249938964844
v -805.91552734375 1122.477294921875 109.97498321533203
v -805.91552734375 1127.52734375 109.97498321533203
v -805.91552734375 1127.52734375 400.0249938964844
v -765.9405517578125 1122.477294921875 400.0
v -745.8905029296875 1127.52734375 400.0
v -745.8905029296875 1122.477294921875 400.0
v -765.9405517578125 1127.52734375 400.0
v -765.9405517578125 1122.477294921875 109.99998474121094
v -745.8905029296875 1122.477294921875 109.99998474121094
v -745.8905029296875 1127.52734375 109.99998474121094
v -765.9405517578125 1127.52734375 109.99998474121094
v -745.91552734375 1122.477294921875 400.0249938964844
v -745.91552734375 1127.52734375 109.97498321533203
v -745.91552734375 1122.477294921875 109.97498321533203
v -745.91552734375 1127.52734375 400.0249938964844
v -765.91552734375 1122.477294921875 400.0249938964844
v -765.91552734375 1122.477294921875 109.97498321533203
v -765.91552734375 1127.52734375 109.97498321533203
v -765.91552734375 1127.52734375 400.0249938964844
v -1149.974853515625 -722.4976806640625 99.97513580322266
v -1200.0250244140625 -722.4976806640625 99.97513580322266
v -1149.9749755859375 -722.4976806640625 510.0251159667969
v -1200.0250244140625 -722.4976806640625 510.0251159667969
v -1200.0 -722.47265625 99.97513580322266
v -1200.0 -822.522705078125 99.97514343261719
v -1200.0 -742.5228271484375 110.02513885498047
v -1200.0 -782.522705078125 399.9751281738281
v -1200.0 -802.4725341796875 399.9751281738281
v -1200.0 -722.47265625 510.0251159667969
v -1200.0 -742.5228271484375 399.9751281738281
v -1200.0 -762.47265625 399.9751281738281
v -1200.0 -822.522705078125 510.0251159667969
v -1200.0 -762.47265625 110.02513885498047
v -1200.0 -802.4725341796875 110.025146484375
v -1200.0 -782.522705078125 110.02513885498047
v -1200.0250244140625 -822.4976806640625 99.97514343261719
v -1149.974853515625 -822.4976806640625 99.97514343261719
v -1200.0250244140625 -822.4976806640625 510.0251159667969
v -1149.9749755859375 -822.4976806640625 510.0251159667969
v -1200.0250244140625 -782.47265625 400.0001220703125
v -1194.9749755859375 -782.47265625 400.0001220703125
v -1200.0250244140625 -802.5225830078125 400.0001220703125
v -1194.9749755859375 -802.5225830078125 400.0001220703125
v -1200.0250244140625 -782.47265625 110.00013732910156
v -1200.0250244140625 -802.5225830078125 110.0001449584961
v -1194.9749755859375 -782.47265625 110.00013732910156
v -1194.9749755859375 -802.5225830078125 110.0001449584961
v -1194.9749755859375 -782.4976806640625 400.0251159667969
v -1200.0250244140625 -782.4976806640625 109.97513580322266
v -1194.9749755859375 -782.4976806640625 109.97513580322266
v -1200.0250244140625 -782.4976806640625 400.0251159667969
v -1194.9749755859375 -802.49755859375 400.0251159667969
v -1194.9749755859375 -802.49755859375 109.97514343261719
v -1200.0250244140625 -802.49755859375 109.97514343261719
v -1200.0250244140625 -802.49755859375 400.0251159667969
v -1200.0250244140625 -742.4727783203125 400.0001220703125
v -1194.9749755859375 -742.4727783203125 400.0001220703125
v -1200.0250244140625 -762.522705078125 400.0001220703125
v -1194.9749755859375 -762.522705078125 400.0001220703125
v -1200.0250244140625 -742.4727783203125 110.00013732910156
v -1200.0250244140625 -762.522705078125 110.00013732910156
v -1194.9749755859375 -742.4727783203125 110.00013732910156
v -1194.9749755859375 -762.522705078125 110.00013732910156
v -1194.9749755859375 -742.497802734375 400.0251159667969
v -1200.0250244140625 -742.497802734375 109.97513580322266
v -1194.9749755859375 -742.497802734375 109.97513580322266
v -1200.0250244140625 -742.497802734375 400.0251159667969
v -1194.9749755859375 -762.4976806640625 400.0251159667969
v -1194.9749755859375 -762.4976806640625 109.97513580322266
v -1200.0250244140625 -762.4976806640625 109.97513580322266
v -1200.0250244140625 -762.4976806640625 400.0251159667969
v -1149.974853515625 -722.4976806640625 -0.024864494800567627
v -1200.0250244140625 -722.4976806640625 -0.024866681545972824
v -1149.974853515625 -722.4976806640625 100.02513885498047
v -1200.0250244140625 -722.4976806640625 100.02513885498047
v -1200.0 -722.47265625 -0.024866681545972824
v -1200.0 -822.522705078125 -0.024857938289642334
v -1200.0 -722.47265625 100.02513885498047
v -1200.0 -822.522705078125 100.025146484375
v -1200.0250244140625 -822.4976806640625 -0.024857938289642334
v -1149.974853515625 -822.4976806640625 -0.024855753406882286
v -1200.0250244140625 -822.4976806640625 100.025146484375
v -1149.974853515625 -822.4976806640625 100.025146484375
v -1100.0 1027.477294921875 99.97498321533203
v -1100.0 1127.52734375 99.97496795654297
v -1100.0 1027.477294921875 510.02496337890625
v -1100.0 1127.52734375 510.02496337890625
v -1099.9749755859375 1127.5023193359375 99.97496795654297
v -1200.0250244140625 1127.5023193359375 99.97496795654297
v -1120.0250244140625 1127.5023193359375 110.02497100830078
v -1160.0250244140625 1127.5023193359375 399.9749755859375
v -1179.9749755859375 1127.5023193359375 399.9749755859375
v -1099.9749755859375 1127.5023193359375 510.02496337890625
v -1120.0250244140625 1127.5023193359375 399.9749755859375
v -1139.9749755859375 1127.5023193359375 399.9749755859375
v -1200.0250244140625 1127.5023193359375 510.02496337890625
v -1139.9749755859375 1127.5023193359375 110.02497100830078
v -1179.9749755859375 1127.5023193359375 110.02497100830078
v -1160.0250244140625 1127.5023193359375 110.02497100830078
v -1200.0 1127.52734375 99.97496795654297
v -1200.0 1027.477294921875 99.97498321533203
v -1200.0 1107.477294921875 110.02497863769531
v -1200.0 1067.477294921875 399.9749755859375
v -1200.0 1047.52734375 399.9749755859375
v -1200.0 1127.52734375 510.02496337890625
v -1200.0 1107.477294921875 399.9749755859375
v -1200.0 1087.52734375 399.9749755859375
v -1200.0 1027.477294921875 510.02496337890625
v -1200.0 1087.52734375 110.02497863769531
v -1200.0 1047.52734375 110.02497863769531
v -1200.0 1067.477294921875 110.02497863769531
v -1200.0250244140625 1027.5023193359375 99.97498321533203
v -1099.9749755859375 1027.5023193359375 99.97498321533203
v -1200.0250244140625 1027.5023193359375 510.02496337890625
v -1099.9749755859375 1027.5023193359375 510.02496337890625
v -1180.0250244140625 1122.477294921875 399.9999694824219
v -1159.9749755859375 1127.52734375 399.9999694824219
v -1159.9749755859375 1122.477294921875 399.9999694824219
v -1180.0250244140625 1127.52734375 399.9999694824219
v -1180.0250244140625 1122.477294921875 109.99996948242188
v -1159.9749755859375 1122.477294921875 109.99996948242188
v -1159.9749755859375 1127.52734375 109.99996948242188
v -1180.0250244140625 1127.52734375 109.99996948242188
v -1160.0 1122.477294921875 400.02496337890625
v -1160.0 1127.52734375 109.97496795654297
v -1160.0 1122.477294921875 109.97496795654297
v -1160.0 1127.52734375 400.02496337890625
v -1180.0 1122.477294921875 400.02496337890625
v -1180.0 1122.477294921875 109.97496795654297
v -1180.0 1127.52734375 109.97496795654297
v -1180.0 1127.52734375 400.02496337890625
v -1140.0250244140625 1122.477294921875 399.9999694824219
v -1119.9749755859375 1127.52734375 399.9999694824219
v -1119.9749755859375 1122.477294921875 399.9999694824219
v -1140.0250244140625 1127.52734375 399.9999694824219
v -1140.0250244140625 1122.477294921875 109.99996948242188
v -1119.9749755859375 1122.477294921875 109.99996948242188
v -1119.9749755859375 1127.52734375 109.99996948242188
v -1140.0250244140625 1127.52734375 109.99996948242188
v -1120.0 1122.477294921875 400.02496337890625
v -1120.0 1127.52734375 109.97496795654297
v -1120.0 1122.477294921875 109.97496795654297
v -1120.0 1127.52734375 400.02496337890625
v -1140.0 1122.477294921875 400.02496337890625
v -1140.0 1122.477294921875 109.97496795654297
v -1140.0 1127.52734375 109.97496795654297
v -1140.0 1127.52734375 400.02496337890625
v -1200.0250244140625 1067.52734375 399.9999694824219
v -1194.9749755859375 1067.52734375 399.9999694824219
v -1200.0250244140625 1047.477294921875 399.9999694824219
v -1194.9749755859375 1047.477294921875 399.9999694824219
v -1200.0250244140625 1067.52734375 109.9999771118164
v -1200.0250244140625 1047.477294921875 109.9999771118164
v -1194.9749755859375 1067.52734375 109.9999771118164
v -1194.9749755859375 1047.477294921875 109.9999771118164
v -1194.9749755859375 1067.5023193359375 400.02496337890625
v -1200.0250244140625 1067.5023193359375 109.9749755859375
v -1194.9749755859375 1067.5023193359375 109.9749755859375
v -1200.0250244140625 1067.5023193359375 400.02496337890625
v -1194.9749755859375 1047.5023193359375 400.02496337890625
v -1194.9749755859375 1047.5023193359375 109.9749755859375
v -1200.0250244140625 1047.5023193359375 109.9749755859375
v -1200.0250244140625 1047.5023193359375 400.02496337890625
v -1200.0250244140625 1107.52734375 399.9999694824219
v -1194.9749755859375 1107.52734375 399.9999694824219
v -1200.0250244140625 1087.477294921875 399.9999694824219
v -1194.9749755859375 1087.477294921875 399.9999694824219
v -1200.0250244140625 1107.52734375 109.9999771118164
v -1200.0250244140625 1087.477294921875 109.9999771118164
v -1194.9749755859375 1107.52734375 109.9999771118164
v -1194.9749755859375 1087.477294921875 109.9999771118164
v -1194.9749755859375 1107.5023193359375 400.02496337890625
v -1200.0250244140625 1107.5023193359375 109.9749755859375
v -1194.9749755859375 1107.5023193359375 109.9749755859375
v -1200.0250244140625 1107.5023193359375 400.02496337890625
v -1194.9749755859375 1087.5023193359375 400.02496337890625
v -1194.9749755859375 1087.5023193359375 109.9749755859375
v -1200.0250244140625 1087.5023193359375 109.9749755859375
v -1200.0250244140625 1087.5023193359375 400.02496337890625
v -1100.0 1027.477294921875 -0.025015300139784813
v -1100.0 1127.52734375 -0.025024041533470154
v -1100.0 1027.477294921875 100.02498626708984
v -1100.0 1127.52734375 100.02497100830078
v -1099.9749755859375 1127.5023193359375 -0.025024041533470154
v -1200.0250244140625 1127.5023193359375 -0.0250284131616354
v -1099.9749755859375 1127.5023193359375 100.02497100830078
v -1200.0250244140625 1127.5023193359375 100.02497100830078
v -1200.0 1127.52734375 -0.0250284131616354
v -1200.0 1027.477294921875 -0.02501966990530491
v -1200.0 1127.52734375 100.02497100830078
v -1200.0 1027.477294921875 100.02498626708984
v -1200.0250244140625 1027.5023193359375 -0.02501966990530491
v -1099.9749755859375 1027.5023193359375 -0.025015300139784813
v -1200.0250244140625 1027.5023193359375 100.02498626708984
v -1099.9749755859375 1027.5023193359375 100.02498626708984
v 900.0 1077.4774169921875 99.97506713867188
v 900.0 1127.5274658203125 99.97505950927734
v 900.0 1077.4774169921875 510.0250549316406
v 900.0 1127.5274658203125 510.0250549316406
v 900.0250244140625 1127.50244140625 99.97505950927734
v 799.9749755859375 1127.50244140625 99.97505187988281
v 879.9749755859375 1127.50244140625 110.02506256103516
v 839.9749755859375 1127.50244140625 399.9750671386719
v 820.0250244140625 1127.50244140625 399.9750671386719
v 900.0250244140625 1127.50244140625 510.0250549316406
v 879.9749755859375 1127.50244140625 399.9750671386719
v 860.0250244140625 1127.50244140625 399.9750671386719
v 799.9749755859375 1127.50244140625 510.0250549316406
v 860.0250244140625 1127.50244140625 110.02506256103516
v 820.0250244140625 1127.50244140625 110.02505493164062
v 839.9749755859375 1127.50244140625 110.02506256103516
v 800.0 1127.5274658203125 99.97505187988281
v 800.0 1077.4774169921875 99.97505950927734
v 800.0 1127.5274658203125 510.0250549316406
v 800.0 1077.4774169921875 510.0250549316406
v 819.9749755859375 1122.4774169921875 400.00006103515625
v 840.0250244140625 1127.5274658203125 400.00006103515625
v 840.0250244140625 1122.4774169921875 400.00006103515625
v 819.9749755859375 1127.5274658203125 400.00006103515625
v 819.9749755859375 1122.4774169921875 110.00005340576172
v 840.0250244140625 1122.4774169921875 110.00006103515625
v 840.0250244140625 1127.5274658203125 110.00006103515625
v 819.9749755859375 1127.5274658203125 110.00005340576172
v 840.0 1122.4774169921875 400.0250549316406
v 840.0 1127.5274658203125 109.97505950927734
v 840.0 1122.4774169921875 109.97505950927734
v 840.0 1127.5274658203125 400.0250549316406
v 820.0 1122.4774169921875 400.0250549316406
v 820.0 1122.4774169921875 109.97505187988281
v 820.0 1127.5274658203125 109.97505187988281
v 820.0 1127.5274658203125 400.0250549316406
v 859.9749755859375 1122.4774169921875 400.00006103515625
v 880.0250244140625 1127.5274658203125 400.00006103515625
v 880.0250244140625 1122.4774169921875 400.00006103515625
v 859.9749755859375 1127.5274658203125 400.00006103515625
v 859.9749755859375 1122.4774169921875 110.00006103515625
v 880.0250244140625 1122.4774169921875 110.00006103515625
v 880.0250244140625 1127.5274658203125 110.00006103515625
v 859.9749755859375 1127.5274658203125 110.00006103515625
v 880.0 1122.4774169921875 400.0250549316406
v 880.0 1127.5274658203125 109.97505950927734
v 880.0 1122.4774169921875 109.97505950927734
v 880.0 1127.5274658203125 400.0250549316406
v 860.0 1122.4774169921875 400.0250549316406
v 860.0 1122.4774169921875 109.97505950927734
v 860.0 1127.5274658203125 109.97505950927734
v 860.0 1127.5274658203125 400.0250549316406
v 900.0 1077.4774169921875 -0.024932248517870903
v 900.0 1127.5274658203125 -0.024936618283391
v 900.0 1077.4774169921875 100.02507019042969
v 900.0 1127.5274658203125 100.02506256103516
v 900.0250244140625 1127.50244140625 -0.024936618283391
v 799.9749755859375 1127.50244140625 -0.024940989911556244
v 900.0250244140625 1127.50244140625 100.02506256103516
v 799.9749755859375 1127.50244140625 100.02505493164062
v 800.0 1127.5274658203125 -0.024940989911556244
v 800.0 1077.4774169921875 -0.024936618283391
v 800.0 1127.5274658203125 100.02505493164062
v 800.0 1077.4774169921875 100.02506256103516
v 1400.0 1077.4774169921875 99.97509002685547
v 1400.0 1127.5274658203125 99.97508239746094
v 1400.0 1077.4774169921875 510.02508544921875
v 1400.0 1127.5274658203125 510.02508544921875
v 1400.0250244140625 1127.50244140625 99.97508239746094
v 1299.9749755859375 1127.50244140625 99.9750747680664
v 1379.974853515625 1127.50244140625 110.02508544921875
v 1339.9749755859375 1127.50244140625 399.97509765625
v 1320.025146484375 1127.50244140625 399.97509765625
v 1400.0250244140625 1127.50244140625 510.02508544921875
v 1379.974853515625 1127.50244140625 399.97509765625
v 1360.0250244140625 1127.50244140625 399.97509765625
v 1299.9749755859375 1127.50244140625 510.02508544921875
v 1360.0250244140625 1127.50244140625 110.02508544921875
v 1320.025146484375 1127.50244140625 110.02507781982422
v 1339.9749755859375 1127.50244140625 110.02507781982422
v 1300.0 1127.5274658203125 99.9750747680664
v 1300.0 1077.4774169921875 99.97508239746094
v 1300.0 1127.5274658203125 510.02508544921875
v 1300.0 1077.4774169921875 510.02508544921875
v 1359.9749755859375 1122.4774169921875 400.0000915527344
v 1380.02490234375 1127.5274658203125 400.0000915527344
v 1380.02490234375 1122.4774169921875 400.0000915527344
v 1359.9749755859375 1127.5274658203125 400.0000915527344
v 1359.9749755859375 1122.4774169921875 110.00008392333984
v 1380.02490234375 1122.4774169921875 110.00008392333984
v 1380.02490234375 1127.5274658203125 110.00008392333984
v 1359.9749755859375 1127.5274658203125 110.00008392333984
v 1379.9998779296875 1122.4774169921875 400.02508544921875
v 1379.9998779296875 1127.5274658203125 109.97508239746094
v 1379.9998779296875 1122.4774169921875 109.97508239746094
v 1379.9998779296875 1127.5274658203125 400.02508544921875
v 1360.0 1122.4774169921875 400.02508544921875
v 1360.0 1122.4774169921875 109.97508239746094
v 1360.0 1127.5274658203125 109.97508239746094
v 1360.0 1127.5274658203125 400.02508544921875
v 1319.97509765625 1122.4774169921875 400.0000915527344
v 1340.0250244140625 1127.5274658203125 400.0000915527344
v 1340.0250244140625 1122.4774169921875 400.0000915527344
v 1319.97509765625 1127.5274658203125 400.0000915527344
v 1319.97509765625 1122.4774169921875 110.00007629394531
v 1340.0250244140625 1122.4774169921875 110.00007629394531
v 1340.0250244140625 1127.5274658203125 110.00007629394531
v 1319.97509765625 1127.5274658203125 110.00007629394531
v 1340.0 1122.4774169921875 400.02508544921875
v 1340.0 1127.5274658203125 109.9750747680664
v 1340.0 1122.4774169921875 109.9750747680664
v 1340.0 1127.5274658203125 400.02508544921875
v 1320.0001220703125 1122.4774169921875 400.02508544921875
v 1320.0001220703125 1122.4774169921875 109.9750747680664
v 1320.0001220703125 1127.5274658203125 109.9750747680664
v 1320.0001220703125 1127.5274658203125 400.02508544921875
v 1400.0 1077.4774169921875 -0.024910392239689827
v 1400.0 1127.5274658203125 -0.024914763867855072
v 1400.0 1077.4774169921875 100.02509307861328
v 1400.0 1127.5274658203125 100.02508544921875
v 1400.0250244140625 1127.50244140625 -0.024914763867855072
v 1299.9749755859375 1127.50244140625 -0.024919133633375168
v 1400.0250244140625 1127.50244140625 100.02508544921875
v 1299.9749755859375 1127.50244140625 100.02507781982422
v 1300.0 1127.5274658203125 -0.024919133633375168
v 1300.0 1077.4774169921875 -0.024914763867855072
v 1300.0 1127.5274658203125 100.02507781982422
v 1300.0 1077.4774169921875 100.02508544921875
v 1299.97509765625 -422.49755859375 -0.024783629924058914
v 1400.0250244140625 -422.49755859375 -0.02477925829589367
v 1299.97509765625 -422.49755859375 400.02520751953125
v 1400.0250244140625 -422.49755859375 400.02520751953125
v 1400.0250244140625 1077.50244140625 -0.024910392239689827
v 1299.9749755859375 1077.50244140625 -0.024914763867855072
v 1400.0250244140625 1077.50244140625 400.02508544921875
v 1299.9749755859375 1077.50244140625 400.02508544921875
v 1300.0 1077.5274658203125 -0.024914763867855072
v 1300.0001220703125 -422.5225524902344 -0.024783629924058914
v 1300.0 1077.5274658203125 400.02508544921875
v 1300.0001220703125 -422.5225524902344 400.02520751953125
v 900.0250244140625 1077.50244140625 49.975067138671875
v 799.9749755859375 1077.50244140625 49.97506332397461
v 799.9749755859375 1077.50244140625 330.37506103515625
v -293.89697265625 1077.5023193359375 330.3750305175781
v -723.746826171875 1077.5023193359375 330.375
v 900.0250244140625 1077.50244140625 400.0250549316406
v -187.3944091796875 1077.5023193359375 330.3750305175781
v 242.45559692382812 1077.50244140625 330.3750305175781
v 370.1250305175781 1077.50244140625 330.3750305175781
v 370.1250305175781 1077.5023193359375 49.97504425048828
v 242.45559692382812 1077.5023193359375 49.97503662109375
v -187.3944091796875 1077.5023193359375 49.97501754760742
v -293.89697265625 1077.5023193359375 49.975013732910156
v -723.746826171875 1077.5023193359375 49.97499465942383
v -849.0482788085938 1077.5023193359375 49.97499084472656
v -849.0482788085938 1077.5023193359375 277.375
v -1078.9981689453125 1077.5023193359375 277.3749694824219
v -1078.9981689453125 1077.5023193359375 49.974979400634766
v -1150.024658203125 1077.5023193359375 49.9749755859375
v -1150.024658203125 1077.5023193359375 400.02496337890625
v -1150.0 1077.52734375 49.9749755859375
v -1150.0 902.477294921875 49.97499084472656
v -1150.0 902.477294921875 329.3900146484375
v -1150.0 97.4773178100586 329.39007568359375
v -1150.0 -545.1727294921875 329.39013671875
v -1150.0 1077.52734375 400.02496337890625
v -1150.0 259.8273010253906 329.3900451660156
v -1150.0 259.8273010253906 49.97504806518555
v -1150.0 97.4773178100586 49.975059509277344
v -1150.0 -545.1727294921875 49.97511672973633
v -1149.9998779296875 -822.522705078125 49.97514343261719
v -1150.0 -822.522705078125 400.0251159667969
v -1150.02490234375 -822.4976806640625 49.97514343261719
v -799.9749145507812 -822.4976806640625 49.97515869140625
v -1150.0250244140625 -822.4976806640625 400.0251159667969
v -799.9749145507812 -822.4976806640625 400.025146484375
v -799.9999389648438 -822.47265625 49.97515869140625
v -799.9998779296875 -1322.522705078125 49.97520065307617
v -799.9999389648438 -822.47265625 400.025146484375
v -799.9998779296875 -1322.522705078125 400.02520751953125
v 600.0001220703125 -1322.522705078125 49.97526168823242
v 600.0001220703125 -422.4726867675781 49.975181579589844
v 600.0001220703125 -881.4080810546875 100.02522277832031
v 600.0001220703125 -881.4080810546875 299.9752502441406
v 600.0001220703125 -481.4580993652344 299.9751892089844
v 600.0001220703125 -1322.522705078125 400.0252685546875
v 600.0001220703125 -422.4725646972656 400.0251770019531
v 600.0001220703125 -481.4580993652344 100.02519226074219
v 599.97509765625 -422.4976806640625 49.975181579589844
v 900.025146484375 -422.49755859375 49.975196838378906
v 599.97509765625 -422.49755859375 400.0251770019531
v 900.025146484375 -422.49755859375 400.0251770019531
v 900.0001220703125 -422.5225524902344 49.975196838378906
v 900.0 1077.5274658203125 49.975067138671875
v 900.0001220703125 -422.5225524902344 400.0251770019531
v 900.0 1077.5274658203125 400.0250549316406
v 799.9749755859375 1077.50244140625 -0.024936618283391
v 799.9749755859375 1077.50244140625 50.02506637573242
v 900.0250244140625 1077.50244140625 50.02507019042969
v 900.0250244140625 1077.50244140625 -0.024932248517870903
v 242.45559692382812 1077.5023193359375 -0.024960989132523537
v 242.45559692382812 1077.5023193359375 50.02503967285156
v 370.1250305175781 1077.5023193359375 50.025047302246094
v 370.1250305175781 1077.5023193359375 -0.02495541051030159
v -293.89697265625 1077.5023193359375 -0.024984432384371758
v -293.89697265625 1077.5023193359375 50.02501678466797
v -187.3944091796875 1077.5023193359375 50.025020599365234
v -187.3944091796875 1077.5023193359375 -0.02497977763414383
v -1150.024658203125 1077.5023193359375 50.02497863769531
v -1078.9981689453125 1077.5023193359375 50.02498245239258
v -1078.9981689453125 1077.5023193359375 25.024980545043945
v -849.0482788085938 1077.5023193359375 25.02499008178711
v -1150.024658203125 1077.5023193359375 -0.025021854788064957
v -849.0482788085938 1077.5023193359375 50.024993896484375
v -723.746826171875 1077.5023193359375 50.02499771118164
v -723.746826171875 1077.5023193359375 -0.0250032227486372
v -1150.0 902.477294921875 -0.025006555020809174
v -1150.0 902.477294921875 50.024993896484375
v -1150.0 1077.52734375 50.02497863769531
v -1150.0 1077.52734375 -0.025021854788064957
v -1150.0 97.4773178100586 -0.02493618242442608
v -1150.0 97.4773178100586 50.025062561035156
v -1150.0 259.8273010253906 50.02505111694336
v -1150.0 259.8273010253906 -0.02495037019252777
v -1150.0 -545.1727294921875 -0.024879995733499527
v -1149.9998779296875 -822.522705078125 -0.024855753406882286
v -1150.0 -545.1727294921875 50.02511978149414
v -1149.9998779296875 -822.522705078125 50.025146484375
v -1150.02490234375 -822.4976806640625 -0.024855749681591988
v -799.9749145507812 -822.4976806640625 -0.024840449914336205
v -1150.02490234375 -822.4976806640625 50.025146484375
v -799.9749145507812 -822.4976806640625 50.02516174316406
v -799.9999389648438 -822.47265625 -0.024840453639626503
v -799.9998779296875 -1322.522705078125 -0.0247967429459095
v -799.9999389648438 -822.47265625 50.02516174316406
v -799.9998779296875 -1322.522705078125 50.025203704833984
v 600.0001220703125 -1322.522705078125 -0.024735543876886368
v 600.0001220703125 -422.4726867675781 -0.024814225733280182
v 600.0001220703125 -1322.522705078125 50.025264739990234
v 600.0001220703125 -422.4726867675781 50.025184631347656
v 599.97509765625 -422.4976806640625 -0.02481422759592533
v 900.025146484375 -422.49755859375 -0.024801112711429596
v 599.97509765625 -422.4976806640625 50.025184631347656
v 900.025146484375 -422.49755859375 50.02519989013672
v 900.0001220703125 -422.5225524902344 -0.024801112711429596
v 900.0 1077.5274658203125 -0.024932248517870903
v 900.0001220703125 -422.5225524902344 50.02519989013672
v 900.0 1077.5274658203125 50.02507019042969
v -1150.0250244140625 -1322.522705078125 400.00018310546875
v -799.9749145507812 -822.47265625 400.0001525878906
v -799.974853515625 -1322.522705078125 400.0002136230469
v -1150.0250244140625 -822.47265625 400.0001220703125
v 899.97509765625 -422.5225524902344 400.00018310546875
v 1400.0250244140625 1077.5274658203125 400.0000915527344
v 1400.0250244140625 -422.5225524902344 400.0002136230469
v 899.9749755859375 1077.5274658203125 400.00006103515625
v 1400.0250244140625 1077.4918212890625 399.9774475097656
v -1150.0230712890625 1077.4876708984375 399.968505859375
v 1400.0250244140625 1264.0362548828125 800.022705078125
v -1336.54638671875 1264.031982421875 800.0138549804688
v -1149.9853515625 1077.525390625 399.968505859375
v -1149.9893798828125 -1322.522705078125 399.9775390625
v -1336.52978515625 1264.048583984375 800.0138549804688
v -1336.5338134765625 -1322.522705078125 800.0228271484375
v 600.0001220703125 -1322.522705078125 399.97528076171875
v 600.0001220703125 -422.4725646972656 399.9751892089844
v 600.0001220703125 -1322.5224609375 800.0252685546875
v 600.0001220703125 -422.4725646972656 800.0252075195312
v 599.97509765625 -422.49755859375 399.9751892089844
v 1400.0250244140625 -422.49755859375 399.9752197265625
v 599.97509765625 -422.49755859375 800.0252075195312
v 1400.0250244140625 -422.49755859375 800.0252075195312
v 1400.0 -422.5225524902344 399.9752197265625
v 1400.0 1077.525146484375 399.96453857421875
v 1400.0 -422.5225524902344 800.0252075195312
v 1400.0 1264.0482177734375 800.0144653320312
v -1400.012451171875 1327.5147705078125 799.9999389648438
v -1336.541015625 1263.9827880859375 800.0
v -1400.0250244140625 -1322.522705078125 800.0001220703125
v 1400.0250244140625 1327.5274658203125 800.0000610351562
v -1336.4984130859375 -1322.522705078125 800.0001831054688
v 1400.0250244140625 1264.0006103515625 800.0000610351562
v 1400.0250244140625 1327.50244140625 799.9750366210938
v -1400.0250244140625 1327.5023193359375 799.9749145507812
v 1400.0250244140625 1327.50244140625 850.0250854492188
v -1400.0250244140625 1327.5023193359375 850.0249633789062
v -1400.0 1327.52734375 799.9749145507812
v -1400.0 -1322.522705078125 799.97509765625
v -1400.0 1327.52734375 850.0249633789062
v -1400.0 -1322.522705078125 850.025146484375
v 600.0001220703125 -1322.5224609375 799.9752197265625
v 600.0001220703125 -422.4725646972656 799.9751586914062
v 600.0001220703125 -1322.5224609375 850.0252685546875
v 600.0001220703125 -422.4725646972656 850.0252075195312
v 599.97509765625 -422.49755859375 799.9751586914062
v 1400.0250244140625 -422.49755859375 799.9751586914062
v 599.97509765625 -422.49755859375 850.0252075195312
v 1400.0250244140625 -422.49755859375 850.0252075195312
v 1400.0 -422.5225524902344 799.9751586914062
v 1400.0 1327.5274658203125 799.9750366210938
v 1400.0 -422.5225524902344 850.0252075195312
v 1400.0 1327.5274658203125 850.0250854492188
v 1400.0250244140625 1288.3275146484375 960.000732421875
v -1358.8177490234375 1286.259765625 959.9487915039062
v 1400.0250244140625 1286.2774658203125 959.9494018554688
v -1360.8177490234375 1288.3096923828125 960.0001831054688
v 1400.0250244140625 1288.2908935546875 937.548095703125
v -1360.8250732421875 1288.3023681640625 960.0249633789062
v 1400.0250244140625 1288.302490234375 960.025146484375
v -1360.8135986328125 1288.290771484375 937.5479736328125
v 1400.0250244140625 1286.265869140625 937.5225219726562
v -1360.8062744140625 1288.298095703125 937.5731811523438
v 1400.0250244140625 1288.31591796875 937.57373046875
v -1358.8062744140625 1286.2481689453125 937.52197265625
v 1400.0250244140625 1286.302490234375 959.9750366210938
v -1358.8135986328125 1286.290771484375 937.4979858398438
v 1400.0250244140625 1286.2908935546875 937.4981079101562
v -1358.8250732421875 1286.3023681640625 959.974853515625
v 1400.0250244140625 1288.3275146484375 897.2000732421875
v -1358.8177490234375 1286.2596435546875 897.199951171875
v 1400.0250244140625 1286.2774658203125 897.2000732421875
v -1360.8177490234375 1288.3096923828125 897.199951171875
v 1400.0250244140625 1288.3310546875 886.9517822265625
v -1360.8250732421875 1288.30224609375 897.2250366210938
v 1400.0250244140625 1288.3023681640625 897.22509765625
v -1360.8533935546875 1288.3309326171875 886.9517822265625
v 1400.0250244140625 1286.305908203125 886.976806640625
v -1360.8460693359375 1288.338134765625 886.9766845703125
v 1400.0250244140625 1288.35595703125 886.976806640625
v -1358.8460693359375 1286.2880859375 886.9766845703125
v 1400.0250244140625 1286.3023681640625 897.22509765625
v -1358.8533935546875 1286.3309326171875 886.9517822265625
v 1400.0250244140625 1286.3310546875 886.9517822265625
v -1358.8250732421875 1286.30224609375 897.2250366210938
v -1360.807373046875 1288.320068359375 960.0001831054688
v -1358.7747802734375 -1322.522705078125 959.949462890625
v -1358.7574462890625 1286.320068359375 959.9487915039062
v -1360.824951171875 -1322.522705078125 960.0007934570312
v -1360.78857421875 1288.3157958984375 937.5479736328125
v -1360.7999267578125 -1322.522705078125 960.0252075195312
v -1360.800048828125 1288.327392578125 960.0249633789062
v -1360.7884521484375 -1322.522705078125 937.5481567382812
v -1358.7459716796875 1286.3084716796875 937.52197265625
v -1360.8134765625 -1322.522705078125 937.5737915039062
v -1360.7958984375 1288.3084716796875 937.5731811523438
v -1358.763427734375 -1322.522705078125 937.5225830078125
v -1358.800048828125 1286.327392578125 959.974853515625
v -1358.7884521484375 -1322.522705078125 937.4981689453125
v -1358.78857421875 1286.3157958984375 937.4979858398438
v -1358.7998046875 -1322.522705078125 959.97509765625
v -1360.807373046875 1288.320068359375 897.199951171875
v -1358.7747802734375 -1322.522705078125 897.2001342773438
v -1358.75732421875 1286.320068359375 897.199951171875
v -1360.824951171875 -1322.522705078125 897.2001342773438
v -1360.8284912109375 1288.3558349609375 886.9517822265625
v -1360.7998046875 -1322.522705078125 897.2251586914062
v -1360.7999267578125 1288.327392578125 897.2250366210938
v -1360.8284912109375 -1322.522705078125 886.9518432617188
v -1358.78564453125 1286.3485107421875 886.9766845703125
v -1360.8533935546875 -1322.522705078125 886.9768676757812
v -1360.835693359375 1288.3485107421875 886.9766845703125
v -1358.8033447265625 -1322.522705078125 886.9768676757812
v -1358.7999267578125 1286.327392578125 897.2250366210938
v -1358.8284912109375 -1322.522705078125 886.9518432617188
v -1358.8284912109375 1286.3558349609375 886.9517822265625
v -1358.7996826171875 -1322.522705078125 897.2251586914062
v 1400.0 1286.2664794921875 937.4981689453125
v 1400.0 1288.3165283203125 937.548095703125
v 1400.0 1286.27685546875 959.9750366210938
v 1400.0 1288.326904296875 960.0250854492188
v 1400.0 1286.305908203125 886.9517211914062
v 1400.0 1288.35595703125 886.951904296875
v 1400.0 1286.2774658203125 897.2249755859375
v 1400.0 1288.3275146484375 897.2251586914062
v -1358.774169921875 -1322.4976806640625 959.97509765625
v -1360.8140869140625 -1322.4976806640625 937.5481567382812
v -1358.7640380859375 -1322.4976806640625 937.4982299804688
v -1360.8243408203125 -1322.4976806640625 960.025146484375
v -1358.7747802734375 -1322.4976806640625 897.2250366210938
v -1360.8533935546875 -1322.4976806640625 886.9519653320312
v -1358.8033447265625 -1322.4976806640625 886.9517822265625
v -1360.824951171875 -1322.4976806640625 897.2252197265625
v -1207.2637939453125 -822.47265625 100.0001449584961
v -1149.974853515625 -1322.522705078125 100.00019073486328
v -1149.974853515625 -822.47265625 100.0001449584961
v -1207.263671875 -1322.522705078125 100.00019073486328
v -1207.23876953125 -822.47265625 74.97514343261719
v -1207.2386474609375 -1322.522705078125 100.02519226074219
v -1207.23876953125 -822.47265625 100.025146484375
v -1207.2386474609375 -1322.522705078125 74.97518920898438
v -1264.5025634765625 -822.47265625 75.00013732910156
v -1207.213623046875 -1322.522705078125 75.00019073486328
v -1207.2137451171875 -822.47265625 75.0001449584961
v -1264.50244140625 -1322.522705078125 75.00018310546875
v -1264.4775390625 -822.47265625 49.97513961791992
v -1264.4774169921875 -1322.522705078125 75.02518463134766
v -1264.4775390625 -822.47265625 75.02513885498047
v -1264.4774169921875 -1322.522705078125 49.975181579589844
v -1321.7413330078125 -822.47265625 50.00013732910156
v -1264.452392578125 -1322.522705078125 50.00018310546875
v -1264.4525146484375 -822.47265625 50.00014114379883
v -1321.7412109375 -1322.522705078125 50.000179290771484
v -1321.71630859375 -822.47265625 24.97513771057129
v -1321.7161865234375 -1322.522705078125 50.02518081665039
v -1321.71630859375 -822.47265625 50.02513885498047
v -1321.7161865234375 -1322.522705078125 24.975181579589844
v -1378.9801025390625 -822.47265625 25.000133514404297
v -1321.691162109375 -1322.522705078125 25.000181198120117
v -1321.6912841796875 -822.47265625 25.000137329101562
v -1378.97998046875 -1322.522705078125 25.00017738342285
v -1378.955078125 -822.47265625 -0.024865761399269104
v -1378.9549560546875 -1322.522705078125 25.025177001953125
v -1378.955078125 -822.47265625 25.02513313293457
v -1378.9549560546875 -1322.522705078125 -0.024822048842906952
v -1378.9801025390625 -822.4976806640625 -0.024865759536623955
v -1378.9801025390625 -822.4976806640625 25.02513313293457
v -1321.7413330078125 -822.4976806640625 25.025136947631836
v -1321.7413330078125 -822.4976806640625 50.02513885498047
v -1264.5025634765625 -822.4976806640625 50.025142669677734
v -1264.5025634765625 -822.4976806640625 75.02513885498047
v -1207.2637939453125 -822.4976806640625 75.025146484375
v -1207.2637939453125 -822.4976806640625 100.025146484375
v -1149.974853515625 -822.4976806640625 100.025146484375
v -1149.974853515625 -822.4976806640625 -0.024855751544237137
v -1378.97998046875 -1322.4976806640625 -0.024822048842906952
v -1149.974853515625 -1322.4976806640625 -0.024812040850520134
v -1378.97998046875 -1322.4976806640625 25.025177001953125
v -1149.974853515625 -1322.4976806640625 100.02519226074219
v -1207.263671875 -1322.4976806640625 100.02519226074219
v -1207.263671875 -1322.4976806640625 75.02519226074219
v -1264.50244140625 -1322.4976806640625 75.02518463134766
v -1264.50244140625 -1322.4976806640625 50.025184631347656
v -1321.7412109375 -1322.4976806640625 50.02518081665039
v -1321.7412109375 -1322.4976806640625 25.02518081665039
v -1149.9998779296875 -1322.522705078125 100.02519226074219
v -1149.9998779296875 -1322.522705078125 -0.024812040850520134
v -1149.9998779296875 -822.47265625 100.025146484375
v -1149.9998779296875 -822.47265625 -0.024855753406882286
v -1150.02490234375 -822.47265625 100.0001449584961
v -1150.02490234375 -1322.522705078125 100.00019073486328
v -799.9749145507812 -822.47265625 100.00016021728516
v -799.974853515625 -1322.522705078125 100.00020599365234
v -1099.9998779296875 -1322.522705078125 99.97518920898438
v -1099.9998779296875 -1222.47265625 99.97517395019531
v -1100.0 -1322.522705078125 510.0251770019531
v -1100.0 -1222.47265625 510.0251770019531
v -1099.974853515625 -1222.4976806640625 99.97517395019531
v -1200.02490234375 -1222.4976806640625 99.97517395019531
v -1099.9749755859375 -1222.4976806640625 510.0251770019531
v -1200.02490234375 -1222.4976806640625 510.0251770019531
v -1199.9998779296875 -1222.47265625 99.97517395019531
v -1199.9998779296875 -1322.522705078125 99.97518920898438
v -1199.9998779296875 -1242.522705078125 110.02518463134766
v -1199.9998779296875 -1282.522705078125 399.9751892089844
v -1199.9998779296875 -1302.47265625 399.9751892089844
v -1199.9998779296875 -1222.47265625 510.0251770019531
v -1199.9998779296875 -1242.522705078125 399.9751892089844
v -1199.9998779296875 -1262.47265625 399.9751892089844
v -1199.9998779296875 -1322.522705078125 510.0251770019531
v -1199.9998779296875 -1262.47265625 110.02518463134766
v -1199.9998779296875 -1302.47265625 110.02518463134766
v -1199.9998779296875 -1282.522705078125 110.02518463134766
v -1200.02490234375 -1282.47265625 400.00018310546875
v -1194.974853515625 -1282.47265625 400.00018310546875
v -1200.02490234375 -1302.522705078125 400.00018310546875
v -1194.974853515625 -1302.522705078125 400.00018310546875
v -1200.02490234375 -1282.47265625 110.00018310546875
v -1200.02490234375 -1302.522705078125 110.00018310546875
v -1194.974853515625 -1282.47265625 110.00018310546875
v -1194.974853515625 -1302.522705078125 110.00018310546875
v -1194.974853515625 -1282.4976806640625 400.0251770019531
v -1200.02490234375 -1282.4976806640625 109.97518157958984
v -1194.974853515625 -1282.4976806640625 109.97518157958984
v -1200.02490234375 -1282.4976806640625 400.0251770019531
v -1194.974853515625 -1302.4976806640625 400.0251770019531
v -1194.974853515625 -1302.4976806640625 109.97518157958984
v -1200.02490234375 -1302.4976806640625 109.97518157958984
v -1200.02490234375 -1302.4976806640625 400.0251770019531
v -1200.02490234375 -1242.47265625 400.00018310546875
v -1194.974853515625 -1242.47265625 400.00018310546875
v -1200.02490234375 -1262.522705078125 400.00018310546875
v -1194.974853515625 -1262.522705078125 400.00018310546875
v -1200.02490234375 -1242.47265625 110.00018310546875
v -1200.02490234375 -1262.522705078125 110.00018310546875
v -1194.974853515625 -1242.47265625 110.00018310546875
v -1194.974853515625 -1262.522705078125 110.00018310546875
v -1194.974853515625 -1242.4976806640625 400.0251770019531
v -1200.02490234375 -1242.4976806640625 109.97518157958984
v -1194.974853515625 -1242.4976806640625 109.97518157958984
v -1200.02490234375 -1242.4976806640625 400.0251770019531
v -1194.974853515625 -1262.4976806640625 400.0251770019531
v -1194.974853515625 -1262.4976806640625 109.97518157958984
v -1200.02490234375 -1262.4976806640625 109.97518157958984
v -1200.02490234375 -1262.4976806640625 400.0251770019531
v -1099.9998779296875 -1322.522705078125 -0.024809855967760086
v -1099.9998779296875 -1222.47265625 -0.024818597361445427
v -1099.9998779296875 -1322.522705078125 100.02519226074219
v -1099.9998779296875 -1222.47265625 100.02517700195312
v -1099.974853515625 -1222.4976806640625 -0.024818597361445427
v -1200.02490234375 -1222.4976806640625 -0.024822968989610672
v -1099.974853515625 -1222.4976806640625 100.02517700195312
v -1200.02490234375 -1222.4976806640625 100.02517700195312
v -1199.9998779296875 -1222.47265625 -0.024822968989610672
v -1199.9998779296875 -1322.522705078125 -0.02481422759592533
v -1199.9998779296875 -1222.47265625 100.02517700195312
v -1199.9998779296875 -1322.522705078125 100.02519226074219
v 599.97509765625 -1322.4974365234375 774.9752197265625
v 625.025146484375 -1322.4974365234375 774.9752197265625
v 599.97509765625 -1322.4974365234375 800.0252685546875
v 625.025146484375 -1322.4974365234375 800.0252685546875
v 625.0001220703125 -1322.5224609375 774.9752197265625
v 625.0001220703125 -447.4725646972656 774.9751586914062
v 625.0001220703125 -1322.5224609375 800.0252685546875
v 625.0001220703125 -447.4725646972656 800.0252075195312
v 624.97509765625 -447.49755859375 774.9751586914062
v 1400.0250244140625 -447.49755859375 774.9751586914062
v 624.97509765625 -447.49755859375 800.0252075195312
v 1400.0250244140625 -447.49755859375 800.0252075195312
v 1400.0 -447.5225524902344 774.9751586914062
v 1400.0 -422.4725646972656 774.9751586914062
v 1400.0 -447.5225524902344 800.0252075195312
v 1400.0 -422.4725646972656 800.0252075195312
v 599.97509765625 -1322.5224609375 775.000244140625
v 624.982421875 -447.54022216796875 775.0001831054688
v 625.025146484375 -1322.5224609375 775.000244140625
v 1400.0250244140625 -422.4725646972656 775.0001831054688
v 1400.0250244140625 -447.5225524902344 775.0001831054688
v 599.9876098632812 -422.48504638671875 775.0001831054688
v 599.97509765625 -1322.5224609375 800.000244140625
v 625.025146484375 -1322.5224609375 800.000244140625
v 625.0427856445312 -447.4798889160156 800.0001831054688
v 1400.0250244140625 -447.5225524902344 800.0001831054688
v 1400.0250244140625 -422.4725646972656 800.0001831054688
v 599.9876098632812 -422.48504638671875 800.0001831054688
v -1175.0 1102.52734375 399.9749755859375
v -1174.9998779296875 -1222.522216796875 399.9751892089844
v -1175.0 1102.52734375 420.0249328613281
v -1174.9998779296875 -1222.522216796875 420.025146484375
v -1175.02490234375 -1222.4976806640625 399.9751892089844
v -1149.9749755859375 -1222.4976806640625 399.9751892089844
v -1175.02490234375 -1222.4976806640625 420.025146484375
v -1149.9749755859375 -1222.4976806640625 420.025146484375
v 1300.0 1077.4774169921875 399.97509765625
v 1300.0 1102.5274658203125 399.97509765625
v 1300.0 1077.4774169921875 420.0250549316406
v 1300.0 1102.5274658203125 420.0250549316406
v 1300.0250244140625 1102.50244140625 399.97509765625
v -1175.024658203125 1102.5023193359375 399.9749755859375
v 1300.0250244140625 1102.50244140625 420.0250549316406
v -1175.024658203125 1102.5023193359375 420.0249328613281
v -1175.0250244140625 1102.52734375 399.9999694824219
v -1149.9749755859375 1077.477294921875 399.9999694824219
v -1175.02490234375 -1222.522705078125 400.00018310546875
v 1300.0250244140625 1102.5274658203125 400.0000915527344
v -1149.9749755859375 -1222.522705078125 400.00018310546875
v 1300.0250244140625 1077.4774169921875 400.0000915527344
v -1175.012451171875 1102.5147705078125 419.99993896484375
v -1175.02490234375 -1222.522705078125 420.0001525878906
v -1149.957275390625 1077.52001953125 419.99993896484375
v 1300.0250244140625 1102.5274658203125 420.00006103515625
v -1149.9749755859375 -1222.522705078125 420.0001525878906
v 1300.0250244140625 1077.4774169921875 420.00006103515625
v -786.7669677734375 1127.49169921875 399.97735595703125
v -806.8243408203125 1127.49169921875 399.97735595703125
v -786.7670288085938 1314.0306396484375 800.0226440429688
v -806.8243408203125 1314.0306396484375 800.0226440429688
v -806.79931640625 1127.5250244140625 399.9644470214844
v -806.79931640625 1097.472412109375 399.9750061035156
v -806.79931640625 1314.042724609375 800.014404296875
v -806.79931640625 1097.472412109375 800.0250244140625
v -786.7919921875 1097.472412109375 399.9750061035156
v -786.7919921875 1127.5250244140625 399.9644470214844
v -786.7920532226562 1097.472412109375 800.0250244140625
v -786.7920532226562 1314.042724609375 800.014404296875
v 1340.0274658203125 1127.4918212890625 399.9774475097656
v 1319.9700927734375 1127.4918212890625 399.9774475097656
v 1340.0274658203125 1314.03076171875 800.022705078125
v 1319.9700927734375 1314.03076171875 800.022705078125
v 1319.9951171875 1127.525146484375 399.96453857421875
v 1319.9951171875 1097.4725341796875 399.97509765625
v 1319.9951171875 1314.042724609375 800.0144653320312
v 1319.9951171875 1097.4725341796875 800.0250854492188
v 1340.00244140625 1097.4725341796875 399.97509765625
v 1340.00244140625 1127.525146484375 399.96453857421875
v 1340.00244140625 1097.4725341796875 800.0250854492188
v 1340.00244140625 1314.042724609375 800.0144653320312
v -1199.9893798828125 1067.52978515625 399.9773254394531
v -1199.9893798828125 1047.472412109375 399.9773254394531
v -1386.5283203125 1067.52978515625 800.0225830078125
v -1386.5283203125 1047.472412109375 800.0225830078125
v -1200.022705078125 1047.4974365234375 399.96441650390625
v -1169.9700927734375 1047.4974365234375 399.9749755859375
v -1386.5404052734375 1047.4974365234375 800.0143432617188
v -1169.9700927734375 1047.4974365234375 800.0250244140625
v -1169.9700927734375 1067.5047607421875 399.9749755859375
v -1200.022705078125 1067.5047607421875 399.96441650390625
v -1169.9700927734375 1067.5047607421875 800.0250244140625
v -1386.5404052734375 1067.5047607421875 800.0143432617188
v -1199.9893798828125 1106.8485107421875 399.9773254394531
v -1199.9893798828125 1086.791259765625 399.9773254394531
v -1386.5283203125 1106.8486328125 800.0225830078125
v -1386.5283203125 1086.791259765625 800.0225830078125
v -1200.022705078125 1086.8162841796875 399.96441650390625
v -1169.9700927734375 1086.8162841796875 399.9749755859375
v -1386.5404052734375 1086.8162841796875 800.0143432617188
v -1169.9700927734375 1086.8162841796875 800.0250244140625
v -1169.9700927734375 1106.823486328125 399.9749755859375
v -1200.022705078125 1106.823486328125 399.96441650390625
v -1169.9700927734375 1106.8236083984375 800.0250244140625
v -1386.5404052734375 1106.8236083984375 800.0143432617188
v 879.6759033203125 1127.4918212890625 399.9774169921875
v 859.6185302734375 1127.4918212890625 399.9774169921875
v 879.6759033203125 1314.0306396484375 800.022705078125
v 859.6185302734375 1314.0306396484375 800.022705078125
v 859.6435546875 1127.525146484375 399.9645080566406
v 859.6435546875 1097.4725341796875 399.9750671386719
v 859.6435546875 1314.042724609375 800.0144653320312
v 859.6435546875 1097.4725341796875 800.0250854492188
v 879.65087890625 1097.4725341796875 399.9750671386719
v 879.65087890625 1127.525146484375 399.9645080566406
v 879.65087890625 1097.4725341796875 800.0250854492188
v 879.65087890625 1314.042724609375 800.0144653320312
v -1199.9893798828125 -782.47021484375 399.97747802734375
v -1199.9893798828125 -802.527587890625 399.97747802734375
v -1386.5281982421875 -782.47021484375 800.0227661132812
v -1386.5281982421875 -802.527587890625 800.0227661132812
v -1200.022705078125 -802.5025634765625 399.9645690917969
v -1169.9700927734375 -802.5025634765625 399.9751281738281
v -1386.540283203125 -802.5025634765625 800.0145263671875
v -1169.9700927734375 -802.5025634765625 800.0252075195312
v -1169.9700927734375 -782.4952392578125 399.9751281738281
v -1200.022705078125 -782.4952392578125 399.9645690917969
v -1169.9700927734375 -782.4952392578125 800.0252075195312
v -1386.540283203125 -782.4952392578125 800.0145263671875
v -1199.9893798828125 -743.1513671875 399.97747802734375
v -1199.9893798828125 -763.208740234375 399.97747802734375
v -1386.5281982421875 -743.1513671875 800.0227661132812
v -1386.5281982421875 -763.208740234375 800.0227661132812
v -1200.022705078125 -763.1837158203125 399.9645690917969
v -1169.9700927734375 -763.1837158203125 399.9751281738281
v -1386.540283203125 -763.1837158203125 800.0145263671875
v -1169.9700927734375 -763.1837158203125 800.0252075195312
v -1169.9700927734375 -743.1763916015625 399.9751281738281
v -1200.022705078125 -743.1763916015625 399.9645690917969
v -1169.9700927734375 -743.1763916015625 800.0252075195312
v -1386.540283203125 -743.1763916015625 800.0145263671875
v 1380.0299072265625 1127.4918212890625 399.9774475097656
v 1359.9725341796875 1127.4918212890625 399.9774475097656
v 1380.0299072265625 1314.0306396484375 800.022705078125
v 1359.9725341796875 1314.0306396484375 800.022705078125
v 1359.99755859375 1127.525146484375 399.96453857421875
v 1359.99755859375 1097.4725341796875 399.97509765625
v 1359.99755859375 1314.042724609375 800.0144653320312
v 1359.99755859375 1097.4725341796875 800.0250854492188
v 1380.0048828125 1097.4725341796875 399.97509765625
v 1380.0048828125 1127.525146484375 399.96453857421875
v 1380.0048828125 1097.4725341796875 800.0250854492188
v 1380.0048828125 1314.042724609375 800.0144653320312
v 840.2471923828125 1127.4918212890625 399.9774169921875
v 820.1898193359375 1127.4918212890625 399.9774169921875
v 840.2471923828125 1314.0306396484375 800.022705078125
v 820.1898193359375 1314.0306396484375 800.022705078125
v 820.21484375 1127.525146484375 399.9645080566406
v 820.21484375 1097.4725341796875 399.9750671386719
v 820.21484375 1314.042724609375 800.0144653320312
v 820.21484375 1097.4725341796875 800.0250854492188
v 840.22216796875 1097.4725341796875 399.9750671386719
v 840.22216796875 1127.525146484375 399.9645080566406
v 840.22216796875 1097.4725341796875 800.0250854492188
v 840.22216796875 1314.042724609375 800.0144653320312
v -899.9749145507812 -1297.4976806640625 849.9751586914062
v -1380.0177001953125 -1297.4976806640625 849.97509765625
v -899.9749755859375 -1297.4974365234375 2150.02490234375
v -1380.0177001953125 -1297.4974365234375 2150.02490234375
v -1379.99267578125 -1297.47265625 849.97509765625
v -1379.99267578125 -1327.527587890625 849.97509765625
v -1379.99267578125 -1297.472412109375 2150.02490234375
v -1379.99267578125 -1327.52734375 2150.02490234375
v -899.9749755859375 -1297.4974365234375 2149.975341796875
v -1380.017333984375 -1297.4974365234375 2149.9794921875
v -899.9749755859375 -1297.4974365234375 2450.025146484375
v -1327.119384765625 -1297.4974365234375 2450.029541015625
v -1379.9970703125 -1297.472412109375 2149.9755859375
v -1379.9970703125 -1327.52734375 2149.9755859375
v -1327.0902099609375 -1297.472412109375 2450.02490234375
v -1327.0902099609375 -1327.52734375 2450.02490234375
v -1199.9892578125 -1282.47021484375 399.9775390625
v -1199.9892578125 -1302.527587890625 399.9775390625
v -1386.5281982421875 -1282.47021484375 800.0227661132812
v -1386.5281982421875 -1302.527587890625 800.0227661132812
v -1200.0225830078125 -1302.5025634765625 399.9646301269531
v -1169.969970703125 -1302.5025634765625 399.9751892089844
v -1386.540283203125 -1302.5025634765625 800.0145263671875
v -1169.9700927734375 -1302.5025634765625 800.0252075195312
v -1169.969970703125 -1282.4952392578125 399.9751892089844
v -1200.0225830078125 -1282.4952392578125 399.9646301269531
v -1169.9700927734375 -1282.4952392578125 800.0252075195312
v -1386.540283203125 -1282.4952392578125 800.0145263671875
v -1199.9892578125 -1243.1513671875 399.9775390625
v -1199.9892578125 -1263.208740234375 399.9775390625
v -1386.5281982421875 -1243.1513671875 800.0227661132812
v -1386.5281982421875 -1263.208740234375 800.0227661132812
v -1200.0225830078125 -1263.1837158203125 399.9646301269531
v -1169.969970703125 -1263.1837158203125 399.9751892089844
v -1386.540283203125 -1263.1837158203125 800.0145263671875
v -1169.9700927734375 -1263.1837158203125 800.0252075195312
v -1169.969970703125 -1243.1763916015625 399.9751892089844
v -1200.0225830078125 -1243.1763916015625 399.9646301269531
v -1169.9700927734375 -1243.1763916015625 800.0252075195312
v -1386.540283203125 -1243.1763916015625 800.0145263671875
v -1159.3865966796875 1127.49169921875 399.9773254394531
v -1179.4439697265625 1127.49169921875 399.9773254394531
v -1159.3865966796875 1314.0306396484375 800.0226440429688
v -1179.4439697265625 1314.0306396484375 800.0226440429688
v -1179.4189453125 1127.5250244140625 399.96441650390625
v -1179.4189453125 1097.472412109375 399.9749755859375
v -1179.4189453125 1314.042724609375 800.014404296875
v -1179.4189453125 1097.472412109375 800.0250244140625
v -1159.41162109375 1097.472412109375 399.9749755859375
v -1159.41162109375 1127.5250244140625 399.96441650390625
v -1159.41162109375 1097.472412109375 800.0250244140625
v -1159.41162109375 1314.042724609375 800.014404296875
v -1120.06787109375 1127.49169921875 399.9773254394531
v -1140.1251220703125 1127.49169921875 399.9773254394531
v -1120.06787109375 1314.0306396484375 800.0226440429688
v -1140.1251220703125 1314.0306396484375 800.0226440429688
v -1140.10009765625 1127.5250244140625 399.96441650390625
v -1140.10009765625 1097.472412109375 399.9749755859375
v -1140.10009765625 1314.042724609375 800.014404296875
v -1140.10009765625 1097.472412109375 800.0250244140625
v -1120.0928955078125 1097.472412109375 399.9749755859375
v -1120.0928955078125 1127.5250244140625 399.96441650390625
v -1120.0928955078125 1097.472412109375 800.0250244140625
v -1120.0928955078125 1314.042724609375 800.014404296875
v -745.8978881835938 1127.49169921875 399.97735595703125
v -765.9552612304688 1127.49169921875 399.97735595703125
v -745.89794921875 1314.0306396484375 800.0226440429688
v -765.9552612304688 1314.0306396484375 800.0226440429688
v -765.9302368164062 1127.5250244140625 399.9644470214844
v -765.9302368164062 1097.472412109375 399.9750061035156
v -765.9302368164062 1314.042724609375 800.014404296875
v -765.9302368164062 1097.472412109375 800.0250244140625
v -745.9229125976562 1097.472412109375 399.9750061035156
v -745.9229125976562 1127.5250244140625 399.9644470214844
v -745.9229125976562 1097.472412109375 800.0250244140625
v -745.9229736328125 1314.042724609375 800.014404296875
v -1350.0 1277.52734375 779.9749145507812
v -1350.0 -1322.522705078125 779.97509765625
v -1350.0 1277.52734375 800.0249633789062
v -1350.0 -1322.522705078125 800.025146484375
v 1400.0 1252.4774169921875 779.9750366210938
v 1400.0 1277.5274658203125 779.9750366210938
v 1400.0 1252.4774169921875 800.0250854492188
v 1400.0 1277.5274658203125 800.0250854492188
v 1400.0250244140625 1277.50244140625 779.9750366210938
v -1350.0250244140625 1277.5023193359375 779.9749145507812
v 1400.0250244140625 1277.50244140625 800.0250854492188
v -1350.0250244140625 1277.5023193359375 800.0249633789062
v -1350.012451171875 1277.5147705078125 779.9999389648438
v -1325.0177001953125 1252.4595947265625 780.0
v -1350.0250244140625 -1322.522705078125 780.0001220703125
v 1400.0250244140625 1277.5274658203125 780.0000610351562
v -1324.9749755859375 -1322.522705078125 780.0001831054688
v 1400.0250244140625 1252.4774169921875 780.0000610351562
v -900.3475341796875 97.5357666015625 849.9750366210938
v -1380.4205322265625 97.5029296875 849.9749755859375
v -900.34765625 97.535888671875 2150.02490234375
v -1380.4205322265625 97.5030517578125 2150.02490234375
v -1380.3955078125 97.5279312133789 849.9749755859375
v -1380.4019775390625 67.4883041381836 849.9749755859375
v -1380.3955078125 97.5280532836914 2150.02490234375
v -1380.402099609375 67.4884262084961 2150.02490234375
v -1380.427001953125 67.5133056640625 849.9749755859375
v -900.344970703125 67.53131103515625 849.9750366210938
v -1380.4271240234375 67.513427734375 2150.02490234375
v -900.3450317382812 67.53143310546875 2150.02490234375
v -900.34765625 97.535888671875 2149.97509765625
v -1380.420166015625 97.5030517578125 2149.979248046875
v -900.34765625 97.535888671875 2450.02490234375
v -1327.5220947265625 97.50665283203125 2450.029296875
v -1380.39990234375 97.5280532836914 2149.975341796875
v -1380.406494140625 67.4884262084961 2149.975341796875
v -1327.4930419921875 97.53177642822266 2450.024658203125
v -1327.49951171875 67.49044036865234 2450.024658203125
v -1380.4267578125 67.513427734375 2149.979248046875
v -900.3450317382812 67.53143310546875 2149.97509765625
v -1327.528564453125 67.51544189453125 2450.029296875
v -900.3450927734375 67.53143310546875 2450.02490234375
v -899.9716796875 -222.521484375 849.97509765625
v -1200.021728515625 -222.519775390625 849.97509765625
v -899.9717407226562 -222.5213623046875 2450.02490234375
v -1200.0218505859375 -222.51953125 2450.02490234375
v -1199.9967041015625 -222.49478149414062 849.97509765625
v -1199.997314453125 -332.0447692871094 849.97509765625
v -1199.997314453125 -332.0446472167969 1189.97509765625
v -1199.999755859375 -701.99462890625 1189.97509765625
v -1199.997314453125 -332.0904235839844 1245.025146484375
v -1199.997314453125 -332.0904235839844 1584.97509765625
v -1199.999755859375 -702.0404052734375 1584.97509765625
v -1199.997314453125 -332.0904235839844 1645.0252685546875
v -1199.997314453125 -332.0904235839844 1984.97509765625
v -1199.999755859375 -702.0404052734375 1984.97509765625
v -1199.997314453125 -332.0904235839844 2050.025146484375
v -1199.9974365234375 -332.0903015136719 2389.975341796875
v -1199.999755859375 -702.040283203125 2389.975341796875
v -1199.996826171875 -222.49453735351562 2450.02490234375
v -1199.999755859375 -701.9947509765625 849.9751586914062
v -1200.0003662109375 -822.5447998046875 849.9751586914062
v -1200.00048828125 -822.5445556640625 2450.025146484375
v -1199.999755859375 -702.0404052734375 2050.025146484375
v -1199.999755859375 -702.0404052734375 1645.0252685546875
v -1199.999755859375 -702.0404052734375 1245.025146484375
v -1200.025390625 -822.519775390625 849.9751586914062
v -899.975341796875 -822.5216064453125 849.9751586914062
v -1200.0255126953125 -822.51953125 2450.025146484375
v -899.9754028320312 -822.521484375 2450.025146484375
v -1200.0224609375 -332.0403137207031 2390.000244140625
v -1139.972412109375 -332.0408020019531 2390.000244140625
v -1200.0247802734375 -702.09033203125 2390.000244140625
v -1139.974609375 -702.0906982421875 2390.000244140625
v -1200.0223388671875 -332.0404357910156 2050.000244140625
v -1200.0247802734375 -702.0904541015625 2050.000244140625
v -1139.972412109375 -332.0409240722656 2050.000244140625
v -1139.974609375 -702.0908203125 2050.000244140625
v -1139.972412109375 -332.0657958984375 2390.025146484375
v -1200.0223388671875 -332.0654296875 2049.975341796875
v -1139.972412109375 -332.06591796875 2049.975341796875
v -1200.0224609375 -332.0653076171875 2390.025146484375
v -1139.974609375 -702.065673828125 2390.025146484375
v -1139.974609375 -702.0657958984375 2049.975341796875
v -1200.0247802734375 -702.0654296875 2049.975341796875
v -1200.0247802734375 -702.0653076171875 2390.025146484375
v -1200.0223388671875 -332.0404357910156 1985.0001220703125
v -1139.972412109375 -332.0409240722656 1985.0001220703125
v -1200.0247802734375 -702.0904541015625 1985.0001220703125
v -1139.974609375 -702.0908203125 1985.0001220703125
v -1200.0223388671875 -332.0404357910156 1645.000244140625
v -1200.0247802734375 -702.0904541015625 1645.000244140625
v -1139.9722900390625 -332.0409240722656 1645.000244140625
v -1139.974609375 -702.0908203125 1645.000244140625
v -1139.972412109375 -332.06591796875 1985.025146484375
v -1200.0223388671875 -332.0654296875 1644.9752197265625
v -1139.9722900390625 -332.06591796875 1644.9752197265625
v -1200.0223388671875 -332.0654296875 1985.025146484375
v -1139.974609375 -702.0657958984375 1985.025146484375
v -1139.974609375 -702.0657958984375 1644.9752197265625
v -1200.0247802734375 -702.0654296875 1644.9752197265625
v -1200.0247802734375 -702.0654296875 1985.025146484375
v -1200.0223388671875 -332.0404357910156 1585.0001220703125
v -1139.9722900390625 -332.0409240722656 1585.0001220703125
v -1200.0247802734375 -702.0904541015625 1585.0001220703125
v -1139.974609375 -702.0908203125 1585.0001220703125
v -1200.0223388671875 -332.0404357910156 1245.0001220703125
v -1200.0247802734375 -702.0904541015625 1245.0001220703125
v -1139.9722900390625 -332.0409240722656 1245.0001220703125
v -1139.974609375 -702.0908203125 1245.0001220703125
v -1139.9722900390625 -332.06591796875 1585.025146484375
v -1200.0223388671875 -332.0654296875 1244.97509765625
v -1139.9722900390625 -332.06591796875 1244.97509765625
v -1200.0223388671875 -332.0654296875 1585.025146484375
v -1139.974609375 -702.0657958984375 1585.025146484375
v -1139.974609375 -702.0657958984375 1244.97509765625
v -1200.0247802734375 -702.0654296875 1244.97509765625
v -1200.0247802734375 -702.0654296875 1585.025146484375
v -1200.0223388671875 -331.9946594238281 1190.0001220703125
v -1139.9722900390625 -331.9951477050781 1190.0001220703125
v -1200.0247802734375 -702.044677734375 1190.0001220703125
v -1139.974609375 -702.0450439453125 1190.0001220703125
v -1200.0223388671875 -331.9947814941406 850.0001220703125
v -1200.0247802734375 -702.0447998046875 850.0001831054688
v -1139.9722900390625 -331.9952697753906 850.0001220703125
v -1139.974609375 -702.045166015625 850.0001831054688
v -1139.9722900390625 -332.0201416015625 1190.025146484375
v -1200.0223388671875 -332.019775390625 849.97509765625
v -1139.9722900390625 -332.020263671875 849.97509765625
v -1200.0223388671875 -332.0196533203125 1190.025146484375
v -1139.974609375 -702.02001953125 1190.025146484375
v -1139.974609375 -702.0201416015625 849.9751586914062
v -1200.0247802734375 -702.019775390625 849.9751586914062
v -1200.0247802734375 -702.0196533203125 1190.025146484375
v -1200.0218505859375 -222.49453735351562 2450.0
v -1200.0255126953125 -822.5445556640625 2450.000244140625
v -899.9717407226562 -222.49636840820312 2450.0
v -899.9754028320312 -822.5465087890625 2450.000244140625
v -899.9826049804688 1027.4974365234375 849.9749755859375
v -1200.03271484375 1027.4993896484375 849.9749755859375
v -899.982666015625 1027.4976806640625 2450.02490234375
v -1200.0328369140625 1027.49951171875 2450.02490234375
v -1200.0076904296875 1027.5244140625 849.9749755859375
v -1200.00830078125 917.974365234375 849.9749755859375
v -1200.00830078125 917.974365234375 1189.9749755859375
v -1200.0106201171875 548.0244140625 1189.9749755859375
v -1200.00830078125 917.9285888671875 1245.0250244140625
v -1200.00830078125 917.9285888671875 1584.9749755859375
v -1200.0106201171875 547.9786987304688 1584.9749755859375
v -1200.00830078125 917.9285888671875 1645.025146484375
v -1200.00830078125 917.9286499023438 1984.9749755859375
v -1200.0106201171875 547.9786987304688 1984.9749755859375
v -1200.00830078125 917.9286499023438 2050.02490234375
v -1200.0084228515625 917.9286499023438 2389.97509765625
v -1200.0107421875 547.978759765625 2389.97509765625
v -1200.0078125 1027.5245361328125 2450.02490234375
v -1200.0106201171875 548.0244140625 849.9750366210938
v -1200.0113525390625 427.4742736816406 849.9750366210938
v -1200.011474609375 427.4743957519531 2450.02490234375
v -1200.0106201171875 547.978759765625 2050.02490234375
v -1200.0106201171875 547.9786987304688 1645.025146484375
v -1200.0106201171875 547.9786376953125 1245.0250244140625
v -1200.036376953125 427.499267578125 849.9750366210938
v -899.9862060546875 427.49755859375 849.9750366210938
v -1200.0364990234375 427.4993896484375 2450.02490234375
v -899.9862670898438 427.4976806640625 2450.02490234375
v -1200.0333251953125 917.9786376953125 1585.0
v -1139.9832763671875 917.978271484375 1585.0
v -1200.03564453125 547.9286499023438 1585.0
v -1139.985595703125 547.92822265625 1585.0
v -1200.0333251953125 917.9786376953125 1245.0
v -1200.03564453125 547.9285888671875 1245.0
v -1139.9832763671875 917.978271484375 1245.0
v -1139.985595703125 547.9281616210938 1245.0
v -1139.9832763671875 917.9532470703125 1585.0250244140625
v -1200.0333251953125 917.95361328125 1244.9749755859375
v -1139.9832763671875 917.9532470703125 1244.9749755859375
v -1200.0333251953125 917.95361328125 1585.0250244140625
v -1139.985595703125 547.9532470703125 1585.0250244140625
v -1139.985595703125 547.9531860351562 1244.9749755859375
v -1200.03564453125 547.95361328125 1244.9749755859375
v -1200.03564453125 547.9536743164062 1585.0250244140625
v -1200.0333251953125 917.9786987304688 1985.0
v -1139.9833984375 917.9783325195312 1985.0
v -1200.03564453125 547.9286499023438 1985.0
v -1139.985595703125 547.92822265625 1985.0
v -1200.0333251953125 917.9786376953125 1645.0001220703125
v -1200.03564453125 547.9286499023438 1645.0001220703125
v -1139.9832763671875 917.978271484375 1645.0001220703125
v -1139.985595703125 547.92822265625 1645.0001220703125
v -1139.9833984375 917.9533081054688 1985.0250244140625
v -1200.0333251953125 917.95361328125 1644.97509765625
v -1139.9832763671875 917.9532470703125 1644.97509765625
v -1200.0333251953125 917.9536743164062 1985.0250244140625
v -1139.985595703125 547.9532470703125 1985.0250244140625
v -1139.985595703125 547.9532470703125 1644.97509765625
v -1200.03564453125 547.9536743164062 1644.97509765625
v -1200.03564453125 547.9536743164062 1985.0250244140625
v -1200.033447265625 917.9786987304688 2390.0
v -1139.9833984375 917.9783325195312 2390.0
v -1200.0357666015625 547.9287109375 2390.0
v -1139.985595703125 547.9282836914062 2390.0
v -1200.0333251953125 917.9786987304688 2050.0
v -1200.03564453125 547.9287109375 2050.0
v -1139.9833984375 917.9783325195312 2050.0
v -1139.985595703125 547.9282836914062 2050.0
v -1139.9833984375 917.9533081054688 2390.02490234375
v -1200.0333251953125 917.9536743164062 2049.97509765625
v -1139.9833984375 917.9533081054688 2049.97509765625
v -1200.033447265625 917.9536743164062 2390.02490234375
v -1139.985595703125 547.9533081054688 2390.02490234375
v -1139.985595703125 547.9533081054688 2049.97509765625
v -1200.03564453125 547.9537353515625 2049.97509765625
v -1200.0357666015625 547.9537353515625 2390.02490234375
v -1200.0333251953125 918.0244140625 1190.0
v -1139.9832763671875 918.0240478515625 1190.0
v -1200.03564453125 547.974365234375 1190.0
v -1139.985595703125 547.9739379882812 1190.0
v -1200.0333251953125 918.0244140625 850.0
v -1200.03564453125 547.974365234375 850.0000610351562
v -1139.9832763671875 918.0240478515625 850.0
v -1139.985595703125 547.9739379882812 850.0000610351562
v -1139.9832763671875 917.9990234375 1190.0250244140625
v -1200.0333251953125 917.9993896484375 849.9749755859375
v -1139.9832763671875 917.9990234375 849.9749755859375
v -1200.0333251953125 917.9993896484375 1190.0250244140625
v -1139.985595703125 547.9989624023438 1190.0250244140625
v -1139.985595703125 547.9989624023438 849.9750366210938
v -1200.03564453125 547.9993896484375 849.9750366210938
v -1200.03564453125 547.9993896484375 1190.0250244140625
v -1200.0328369140625 1027.5245361328125 2450.0
v -1200.0364990234375 427.4743957519531 2450.0
v -899.982666015625 1027.522705078125 2450.0
v -899.9862670898438 427.4726867675781 2450.0
v -1310.47900390625 1267.5386962890625 2020.0001220703125
v 1370.03125 1267.5595703125 2020.000244140625
v -899.9750366210938 947.4725341796875 2020.0001220703125
v -1360.50830078125 1217.514892578125 2020.0001220703125
v -1360.4630126953125 -1292.524658203125 2020.0003662109375
v -899.9749145507812 -1292.52978515625 2020.0003662109375
v 1370.03125 947.4778442382812 2020.000244140625
v -1310.5174560546875 1267.5352783203125 1620.0001220703125
v 1370.03125 1267.5595703125 1620.000244140625
v -899.9750366210938 947.4725341796875 1620.0001220703125
v -1360.5467529296875 1217.511474609375 1620.0001220703125
v -1360.487548828125 -1292.52490234375 1620.0003662109375
v -899.9749145507812 -1292.52978515625 1620.0003662109375
v 1370.03125 947.4778442382812 1620.000244140625
v -1310.5411376953125 1267.5408935546875 1220.0
v 1370.0313720703125 1267.5595703125 1220.0001220703125
v -899.9749755859375 947.4724731445312 1220.0
v -1360.5732421875 1217.50537109375 1220.0
v -1360.5118408203125 -1292.525146484375 1220.000244140625
v -899.974853515625 -1292.530029296875 1220.000244140625
v 1370.0313720703125 947.477783203125 1220.0001220703125
v 1370.03125 1267.5345458984375 2019.9752197265625
v -1310.486328125 1267.4959716796875 2019.97509765625
v 1370.03125 1267.5345458984375 2050.02490234375
v -1310.486328125 1267.4959716796875 2050.02490234375
v -1310.443603515625 1267.513671875 2019.97509765625
v -1360.4832763671875 1217.4794921875 2019.97509765625
v -1310.443603515625 1267.513671875 2050.02490234375
v -1360.4832763671875 1217.4794921875 2050.02490234375
v -1360.465576171875 1217.522216796875 2019.97509765625
v -1360.43798828125 -1292.524658203125 2019.975341796875
v -1360.465576171875 1217.522216796875 2050.02490234375
v -1360.43798828125 -1292.524658203125 2050.025146484375
v 1370.0062255859375 947.4778442382812 2019.9752197265625
v 1370.0062255859375 1267.5595703125 2019.9752197265625
v 1370.0062255859375 947.4779052734375 2050.02490234375
v 1370.0062255859375 1267.5595703125 2050.02490234375
v 1370.031494140625 1258.359619140625 2145.000732421875
v -1305.8455810546875 1256.261474609375 2144.94921875
v 1370.031494140625 1256.3095703125 2144.949462890625
v -1306.6739501953125 1258.3114013671875 2145.00048828125
v 1370.031494140625 1258.322998046875 2122.548095703125
v -1306.6759033203125 1258.2960205078125 2145.02490234375
v 1370.031494140625 1258.3345947265625 2145.02490234375
v -1306.671142578125 1258.284423828125 2122.548095703125
v 1370.031494140625 1256.2979736328125 2122.5224609375
v -1306.669189453125 1258.2998046875 2122.573486328125
v 1370.031494140625 1258.3480224609375 2122.57373046875
v -1305.8408203125 1256.2498779296875 2122.522216796875
v 1370.031494140625 1256.3345947265625 2144.97509765625
v -1305.8427734375 1256.284423828125 2122.498291015625
v 1370.031494140625 1256.322998046875 2122.498291015625
v -1305.8475341796875 1256.2960205078125 2144.97509765625
v 1370.031494140625 1258.359619140625 2082.199951171875
v -1305.8455810546875 1256.261474609375 2082.199951171875
v 1370.031494140625 1256.3095703125 2082.199951171875
v -1306.6739501953125 1258.3114013671875 2082.199951171875
v 1370.031494140625 1258.3631591796875 2071.951904296875
v -1306.6759033203125 1258.2958984375 2082.22509765625
v 1370.031494140625 1258.33447265625 2082.224853515625
v -1306.6876220703125 1258.3245849609375 2071.951904296875
v 1370.031494140625 1256.3380126953125 2071.976806640625
v -1306.6856689453125 1258.33984375 2071.976806640625
v 1370.031494140625 1258.3880615234375 2071.976806640625
v -1305.8572998046875 1256.2899169921875 2071.976806640625
v 1370.031494140625 1256.33447265625 2082.224853515625
v -1305.8592529296875 1256.3245849609375 2071.951904296875
v 1370.031494140625 1256.3631591796875 2071.951904296875
v -1305.8475341796875 1256.2958984375 2082.22509765625
v -1306.6455078125 1258.3232421875 2145.00048828125
v -1349.25732421875 1212.81689453125 2144.94921875
v -1305.78173828125 1256.2879638671875 2144.94921875
v -1351.2926025390625 1213.6807861328125 2145.00048828125
v -1306.62841796875 1258.3021240234375 2122.548095703125
v -1351.2830810546875 1213.66845703125 2145.02490234375
v -1306.6331787109375 1258.313720703125 2145.02490234375
v -1351.271728515625 1213.6636962890625 2122.548095703125
v -1305.7769775390625 1256.2763671875 2122.522216796875
v -1351.28125 1213.676025390625 2122.573486328125
v -1306.6407470703125 1258.3116455078125 2122.573486328125
v -1349.245849609375 1212.8121337890625 2122.522216796875
v -1305.8048095703125 1256.313720703125 2144.97509765625
v -1349.2716064453125 1212.835205078125 2122.498291015625
v -1305.800048828125 1256.3021240234375 2122.498291015625
v -1349.2830810546875 1212.8399658203125 2144.97509765625
v -1306.6455078125 1258.3232421875 2082.199951171875
v -1349.25732421875 1212.81689453125 2082.199951171875
v -1305.78173828125 1256.2879638671875 2082.199951171875
v -1351.2926025390625 1213.6807861328125 2082.199951171875
v -1306.64501953125 1258.3421630859375 2071.951904296875
v -1351.282958984375 1213.66845703125 2082.22509765625
v -1306.6331787109375 1258.3135986328125 2082.22509765625
v -1351.3115234375 1213.680419921875 2071.951904296875
v -1305.79345703125 1256.31640625 2071.976806640625
v -1351.321044921875 1213.692626953125 2071.976806640625
v -1306.6572265625 1258.3516845703125 2071.976806640625
v -1349.285888671875 1212.82861328125 2071.976806640625
v -1305.8048095703125 1256.3135986328125 2082.22509765625
v -1349.3116455078125 1212.851806640625 2071.951904296875
v -1305.816650390625 1256.3421630859375 2071.951904296875
v -1349.282958984375 1212.8399658203125 2082.22509765625
v -1351.28076171875 1213.709228515625 2145.00048828125
v -1349.2130126953125 -1292.5244140625 2144.94970703125
v -1349.2308349609375 1212.8807373046875 2144.94921875
v -1351.2628173828125 -1292.5244140625 2145.0009765625
v -1351.2540283203125 1213.7064208984375 2122.548095703125
v -1351.23779296875 -1292.5244140625 2145.025146484375
v -1351.265380859375 1213.711181640625 2145.02490234375
v -1351.2264404296875 -1292.5244140625 2122.54833984375
v -1349.2193603515625 1212.8759765625 2122.522216796875
v -1351.25146484375 -1292.5244140625 2122.573974609375
v -1351.2694091796875 1213.7044677734375 2122.573486328125
v -1349.2012939453125 -1292.5244140625 2122.522705078125
v -1349.265380859375 1212.8826904296875 2144.97509765625
v -1349.226318359375 -1292.5244140625 2122.49853515625
v -1349.25390625 1212.8779296875 2122.498291015625
v -1349.238037109375 -1292.5244140625 2144.975341796875
v -1351.28076171875 1213.709228515625 2082.199951171875
v -1349.2130126953125 -1292.5244140625 2082.2001953125
v -1349.2308349609375 1212.8807373046875 2082.199951171875
v -1351.2628173828125 -1292.5244140625 2082.2001953125
v -1351.2939453125 1213.7230224609375 2071.951904296875
v -1351.2376708984375 -1292.5244140625 2082.22509765625
v -1351.2652587890625 1213.711181640625 2082.22509765625
v -1351.2664794921875 -1292.5244140625 2071.9521484375
v -1349.2593994140625 1212.8924560546875 2071.976806640625
v -1351.2913818359375 -1292.5244140625 2071.97705078125
v -1351.3092041015625 1213.7210693359375 2071.976806640625
v -1349.2413330078125 -1292.5244140625 2071.97705078125
v -1349.2652587890625 1212.8826904296875 2082.22509765625
v -1349.2664794921875 -1292.5244140625 2071.9521484375
v -1349.2940673828125 1212.8944091796875 2071.951904296875
v -1349.2379150390625 -1292.5244140625 2082.22509765625
v 1370.0064697265625 1256.298583984375 2122.498291015625
v 1370.0064697265625 1258.3486328125 2122.548095703125
v 1370.0064697265625 1256.3089599609375 2144.97509765625
v 1370.0064697265625 1258.3590087890625 2145.02490234375
v 1370.0064697265625 1256.3380126953125 2071.95166015625
v 1370.0064697265625 1258.3880615234375 2071.951904296875
v 1370.0064697265625 1256.3095703125 2082.224853515625
v 1370.0064697265625 1258.359619140625 2082.22509765625
v -1349.21240234375 -1292.4993896484375 2144.975341796875
v -1351.2520751953125 -1292.4993896484375 2122.54833984375
v -1349.201904296875 -1292.4993896484375 2122.49853515625
v -1351.26220703125 -1292.4993896484375 2145.025146484375
v -1349.2130126953125 -1292.4993896484375 2082.22509765625
v -1351.2913818359375 -1292.4993896484375 2071.9521484375
v -1349.2413330078125 -1292.4993896484375 2071.951904296875
v -1351.2628173828125 -1292.4993896484375 2082.225341796875
v -1310.47900390625 1267.5386962890625 2050.0
v -899.97509765625 947.4725341796875 2050.000244140625
v 1370.03125 1267.5595703125 2050.0
v -1360.50830078125 1217.514892578125 2050.0
v -1360.4630126953125 -1292.524658203125 2050.000244140625
v -899.9749755859375 -1292.52978515625 2050.000244140625
v 1370.03125 947.4779052734375 2050.0
v 1370.03125 1267.5345458984375 1619.9752197265625
v -1310.5247802734375 1267.4925537109375 1619.97509765625
v 1370.03125 1267.5345458984375 1650.025146484375
v -1310.5247802734375 1267.4925537109375 1650.0250244140625
v -1310.4820556640625 1267.51025390625 1619.97509765625
v -1360.521728515625 1217.47607421875 1619.97509765625
v -1310.4820556640625 1267.51025390625 1650.0250244140625
v -1360.521728515625 1217.47607421875 1650.0250244140625
v -1360.5040283203125 1217.518798828125 1619.97509765625
v -1360.4625244140625 -1292.52490234375 1619.975341796875
v -1360.5040283203125 1217.518798828125 1650.0250244140625
v -1360.4625244140625 -1292.52490234375 1650.0252685546875
v 1370.0062255859375 947.4778442382812 1619.9752197265625
v 1370.0062255859375 1267.5595703125 1619.9752197265625
v 1370.0062255859375 947.4778442382812 1650.025146484375
v 1370.0062255859375 1267.5595703125 1650.025146484375
v 1370.031494140625 1258.359619140625 1745.0008544921875
v -1305.884033203125 1256.258056640625 1744.94921875
v 1370.031494140625 1256.3095703125 1744.9495849609375
v -1306.71240234375 1258.3079833984375 1745.00048828125
v 1370.031494140625 1258.322998046875 1722.5482177734375
v -1306.71435546875 1258.2926025390625 1745.025146484375
v 1370.031494140625 1258.3345947265625 1745.0252685546875
v -1306.7095947265625 1258.281005859375 1722.548095703125
v 1370.031494140625 1256.2979736328125 1722.5225830078125
v -1306.7076416015625 1258.29638671875 1722.573486328125
v 1370.031494140625 1258.3480224609375 1722.5738525390625
v -1305.8792724609375 1256.2464599609375 1722.522216796875
v 1370.031494140625 1256.3345947265625 1744.9752197265625
v -1305.8812255859375 1256.281005859375 1722.498046875
v 1370.031494140625 1256.322998046875 1722.4981689453125
v -1305.885986328125 1256.2926025390625 1744.97509765625
v 1370.031494140625 1258.3594970703125 1682.2001953125
v -1305.884033203125 1256.258056640625 1682.2000732421875
v 1370.031494140625 1256.3094482421875 1682.2001953125
v -1306.71240234375 1258.3079833984375 1682.2000732421875
v 1370.031494140625 1258.3631591796875 1671.951904296875
v -1306.71435546875 1258.29248046875 1682.22509765625
v 1370.031494140625 1258.3343505859375 1682.2252197265625
v -1306.7261962890625 1258.3211669921875 1671.9517822265625
v 1370.031494140625 1256.3380126953125 1671.9769287109375
v -1306.7242431640625 1258.33642578125 1671.976806640625
v 1370.031494140625 1258.3880615234375 1671.9769287109375
v -1305.8958740234375 1256.2864990234375 1671.976806640625
v 1370.031494140625 1256.3343505859375 1682.2252197265625
v -1305.8978271484375 1256.3211669921875 1671.9517822265625
v 1370.031494140625 1256.3631591796875 1671.951904296875
v -1305.885986328125 1256.29248046875 1682.22509765625
v -1306.6839599609375 1258.31982421875 1745.00048828125
v -1349.2958984375 1212.8135986328125 1744.94921875
v -1305.8201904296875 1256.2845458984375 1744.94921875
v -1351.3311767578125 1213.677490234375 1745.00048828125
v -1306.6668701171875 1258.2987060546875 1722.548095703125
v -1351.3216552734375 1213.6651611328125 1745.025146484375
v -1306.671630859375 1258.310302734375 1745.025146484375
v -1351.3101806640625 1213.660400390625 1722.548095703125
v -1305.8154296875 1256.27294921875 1722.522216796875
v -1351.3197021484375 1213.6727294921875 1722.573486328125
v -1306.67919921875 1258.3082275390625 1722.573486328125
v -1349.284423828125 1212.808837890625 1722.522216796875
v -1305.84326171875 1256.310302734375 1744.97509765625
v -1349.3101806640625 1212.8319091796875 1722.498046875
v -1305.8385009765625 1256.2987060546875 1722.498046875
v -1349.3216552734375 1212.836669921875 1744.97509765625
v -1306.6839599609375 1258.31982421875 1682.2000732421875
v -1349.2958984375 1212.8135986328125 1682.2000732421875
v -1305.8201904296875 1256.2845458984375 1682.2000732421875
v -1351.3311767578125 1213.677490234375 1682.2000732421875
v -1306.68359375 1258.3387451171875 1671.9517822265625
v -1351.321533203125 1213.6651611328125 1682.22509765625
v -1306.671630859375 1258.3101806640625 1682.22509765625
v -1351.3499755859375 1213.677001953125 1671.9517822265625
v -1305.83203125 1256.31298828125 1671.976806640625
v -1351.3594970703125 1213.689208984375 1671.976806640625
v -1306.69580078125 1258.3482666015625 1671.976806640625
v -1349.32421875 1212.8253173828125 1671.976806640625
v -1305.84326171875 1256.3101806640625 1682.22509765625
v -1349.3499755859375 1212.8485107421875 1671.9517822265625
v -1305.855224609375 1256.3387451171875 1671.9517822265625
v -1349.321533203125 1212.836669921875 1682.22509765625
v -1351.3193359375 1213.7059326171875 1745.00048828125
v -1349.237548828125 -1292.524658203125 1744.94970703125
v -1349.2694091796875 1212.87744140625 1744.94921875
v -1351.2874755859375 -1292.524658203125 1745.0009765625
v -1351.29248046875 1213.703125 1722.548095703125
v -1351.262451171875 -1292.524658203125 1745.025390625
v -1351.303955078125 1213.7078857421875 1745.025146484375
v -1351.2509765625 -1292.524658203125 1722.54833984375
v -1349.2579345703125 1212.8726806640625 1722.522216796875
v -1351.2760009765625 -1292.524658203125 1722.573974609375
v -1351.307861328125 1213.701171875 1722.573486328125
v -1349.2259521484375 -1292.524658203125 1722.522705078125
v -1349.303955078125 1212.87939453125 1744.97509765625
v -1349.2509765625 -1292.524658203125 1722.498291015625
v -1349.29248046875 1212.8746337890625 1722.498046875
v -1349.2625732421875 -1292.524658203125 1744.975341796875
v -1351.3193359375 1213.7059326171875 1682.2000732421875
v -1349.237548828125 -1292.524658203125 1682.2003173828125
v -1349.2694091796875 1212.87744140625 1682.2000732421875
v -1351.2874755859375 -1292.524658203125 1682.2003173828125
v -1351.3323974609375 1213.7196044921875 1671.9517822265625
v -1351.2623291015625 -1292.524658203125 1682.225341796875
v -1351.3038330078125 1213.7078857421875 1682.22509765625
v -1351.2911376953125 -1292.524658203125 1671.9520263671875
v -1349.2977294921875 1212.88916015625 1671.976806640625
v -1351.3160400390625 -1292.524658203125 1671.97705078125
v -1351.34765625 1213.7176513671875 1671.976806640625
v -1349.2659912109375 -1292.524658203125 1671.97705078125
v -1349.3038330078125 1212.87939453125 1682.22509765625
v -1349.2911376953125 -1292.524658203125 1671.9520263671875
v -1349.3323974609375 1212.89111328125 1671.9517822265625
v -1349.262451171875 -1292.524658203125 1682.225341796875
v 1370.0064697265625 1256.298583984375 1722.4981689453125
v 1370.0064697265625 1258.3486328125 1722.5482177734375
v 1370.0064697265625 1256.3089599609375 1744.9752197265625
v 1370.0064697265625 1258.3590087890625 1745.0252685546875
v 1370.0064697265625 1256.3380126953125 1671.951904296875
v 1370.0064697265625 1258.3880615234375 1671.9520263671875
v 1370.0064697265625 1256.3094482421875 1682.22509765625
v 1370.0064697265625 1258.3594970703125 1682.2252197265625
v -1349.2369384765625 -1292.4996337890625 1744.975341796875
v -1351.276611328125 -1292.4996337890625 1722.54833984375
v -1349.2265625 -1292.4996337890625 1722.498291015625
v -1351.286865234375 -1292.4996337890625 1745.025390625
v -1349.237548828125 -1292.4996337890625 1682.2252197265625
v -1351.3160400390625 -1292.4996337890625 1671.9521484375
v -1349.2659912109375 -1292.4996337890625 1671.9520263671875
v -1351.2874755859375 -1292.4996337890625 1682.225341796875
v -1310.5174560546875 1267.5352783203125 1650.0
v -899.9750366210938 947.4725341796875 1650.0
v 1370.03125 1267.5595703125 1650.0001220703125
v -1360.5467529296875 1217.511474609375 1650.0
v -1360.487548828125 -1292.52490234375 1650.000244140625
v -899.9749755859375 -1292.52978515625 1650.000244140625
v 1370.03125 947.4778442382812 1650.0001220703125
v 1370.0313720703125 1267.5345458984375 1219.97509765625
v -1310.5484619140625 1267.4981689453125 1219.9749755859375
v 1370.0313720703125 1267.5345458984375 1250.025146484375
v -1310.5484619140625 1267.4981689453125 1250.0250244140625
v -1310.5057373046875 1267.515869140625 1219.9749755859375
v -1360.5482177734375 1217.469970703125 1219.9749755859375
v -1310.5057373046875 1267.515869140625 1250.0250244140625
v -1360.5482177734375 1217.469970703125 1250.0250244140625
v -1360.530517578125 1217.5126953125 1219.9749755859375
v -1360.48681640625 -1292.525146484375 1219.9752197265625
v -1360.530517578125 1217.5126953125 1250.0250244140625
v -1360.48681640625 -1292.525146484375 1250.0252685546875
v 1370.00634765625 947.477783203125 1219.97509765625
v 1370.00634765625 1267.5595703125 1219.97509765625
v 1370.00634765625 947.477783203125 1250.025146484375
v 1370.00634765625 1267.5595703125 1250.025146484375
v 1370.0316162109375 1258.3594970703125 1345.000732421875
v -1305.9071044921875 1256.263671875 1344.9490966796875
v 1370.0316162109375 1256.3094482421875 1344.949462890625
v -1306.7354736328125 1258.3135986328125 1345.0003662109375
v 1370.0316162109375 1258.322998046875 1322.5482177734375
v -1306.7374267578125 1258.2982177734375 1345.0250244140625
v 1370.0316162109375 1258.33447265625 1345.025146484375
v -1306.732666015625 1258.2867431640625 1322.548095703125
v 1370.0316162109375 1256.2979736328125 1322.5225830078125
v -1306.730712890625 1258.3021240234375 1322.573486328125
v 1370.0316162109375 1258.3480224609375 1322.5738525390625
v -1305.90234375 1256.252197265625 1322.522216796875
v 1370.0316162109375 1256.33447265625 1344.97509765625
v -1305.904296875 1256.2867431640625 1322.498046875
v 1370.0316162109375 1256.322998046875 1322.4981689453125
v -1305.9090576171875 1256.2982177734375 1344.9749755859375
v 1370.0316162109375 1258.3594970703125 1282.2000732421875
v -1305.9071044921875 1256.263671875 1282.199951171875
v 1370.0316162109375 1256.3094482421875 1282.2000732421875
v -1306.7354736328125 1258.3135986328125 1282.199951171875
v 1370.0316162109375 1258.363037109375 1271.9517822265625
v -1306.7374267578125 1258.298095703125 1282.2249755859375
v 1370.0316162109375 1258.3343505859375 1282.22509765625
v -1306.749267578125 1258.3267822265625 1271.95166015625
v 1370.0316162109375 1256.337890625 1271.976806640625
v -1306.747314453125 1258.342041015625 1271.9766845703125
v 1370.0316162109375 1258.387939453125 1271.976806640625
v -1305.9189453125 1256.2921142578125 1271.9766845703125
v 1370.0316162109375 1256.3343505859375 1282.22509765625
v -1305.9208984375 1256.3267822265625 1271.95166015625
v 1370.0316162109375 1256.363037109375 1271.9517822265625
v -1305.9090576171875 1256.298095703125 1282.2249755859375
v -1306.70703125 1258.325439453125 1345.0003662109375
v -1349.322265625 1212.80810546875 1344.9490966796875
v -1305.84326171875 1256.2901611328125 1344.9490966796875
v -1351.357666015625 1213.671875 1345.0003662109375
v -1306.68994140625 1258.304443359375 1322.548095703125
v -1351.34814453125 1213.6595458984375 1345.0250244140625
v -1306.6947021484375 1258.31591796875 1345.0250244140625
v -1351.336669921875 1213.6546630859375 1322.548095703125
v -1305.8385009765625 1256.2786865234375 1322.522216796875
v -1351.34619140625 1213.6669921875 1322.573486328125
v -1306.7022705078125 1258.31396484375 1322.573486328125
v -1349.3109130859375 1212.80322265625 1322.522216796875
v -1305.8663330078125 1256.31591796875 1344.9749755859375
v -1349.336669921875 1212.8262939453125 1322.498046875
v -1305.861572265625 1256.304443359375 1322.498046875
v -1349.3480224609375 1212.8311767578125 1344.9749755859375
v -1306.70703125 1258.325439453125 1282.199951171875
v -1349.322265625 1212.8079833984375 1282.199951171875
v -1305.84326171875 1256.2901611328125 1282.199951171875
v -1351.357666015625 1213.6717529296875 1282.199951171875
v -1306.7066650390625 1258.3443603515625 1271.95166015625
v -1351.3480224609375 1213.659423828125 1282.2249755859375
v -1306.6947021484375 1258.3157958984375 1282.2249755859375
v -1351.3765869140625 1213.67138671875 1271.95166015625
v -1305.8551025390625 1256.318603515625 1271.9766845703125
v -1351.3861083984375 1213.68359375 1271.9766845703125
v -1306.7188720703125 1258.3538818359375 1271.9766845703125
v -1349.350830078125 1212.81982421875 1271.9766845703125
v -1305.8663330078125 1256.3157958984375 1282.2249755859375
v -1349.3765869140625 1212.843017578125 1271.95166015625
v -1305.8782958984375 1256.3443603515625 1271.95166015625
v -1349.347900390625 1212.8310546875 1282.2249755859375
v -1351.3458251953125 1213.7003173828125 1345.0003662109375
v -1349.2618408203125 -1292.52490234375 1344.9495849609375
v -1349.2957763671875 1212.8719482421875 1344.9490966796875
v -1351.3116455078125 -1292.52490234375 1345.0008544921875
v -1351.3189697265625 1213.6973876953125 1322.548095703125
v -1351.28662109375 -1292.52490234375 1345.0252685546875
v -1351.3304443359375 1213.7022705078125 1345.0250244140625
v -1351.275146484375 -1292.52490234375 1322.54833984375
v -1349.284423828125 1212.8670654296875 1322.522216796875
v -1351.3001708984375 -1292.52490234375 1322.573974609375
v -1351.3343505859375 1213.6954345703125 1322.573486328125
v -1349.2501220703125 -1292.52490234375 1322.522705078125
v -1349.330322265625 1212.8739013671875 1344.9749755859375
v -1349.275146484375 -1292.52490234375 1322.498291015625
v -1349.3189697265625 1212.8690185546875 1322.498046875
v -1349.286865234375 -1292.52490234375 1344.9752197265625
v -1351.3458251953125 1213.7001953125 1282.199951171875
v -1349.2618408203125 -1292.52490234375 1282.2001953125
v -1349.2957763671875 1212.871826171875 1282.199951171875
v -1351.3116455078125 -1292.52490234375 1282.2001953125
v -1351.3590087890625 1213.7139892578125 1271.95166015625
v -1351.2864990234375 -1292.52490234375 1282.2252197265625
v -1351.330322265625 1213.7021484375 1282.2249755859375
v -1351.3153076171875 -1292.52490234375 1271.951904296875
v -1349.3243408203125 1212.8836669921875 1271.9766845703125
v -1351.3402099609375 -1292.52490234375 1271.9769287109375
v -1351.374267578125 1213.7120361328125 1271.9766845703125
v -1349.2901611328125 -1292.52490234375 1271.9769287109375
v -1349.3302001953125 1212.873779296875 1282.2249755859375
v -1349.3153076171875 -1292.52490234375 1271.951904296875
v -1349.3590087890625 1212.8856201171875 1271.95166015625
v -1349.2867431640625 -1292.52490234375 1282.2252197265625
v 1370.006591796875 1256.298583984375 1322.4981689453125
v 1370.006591796875 1258.3486328125 1322.5482177734375
v 1370.006591796875 1256.308837890625 1344.97509765625
v 1370.006591796875 1258.35888671875 1345.025146484375
v 1370.006591796875 1256.337890625 1271.9517822265625
v 1370.006591796875 1258.387939453125 1271.951904296875
v 1370.006591796875 1256.3094482421875 1282.2249755859375
v 1370.006591796875 1258.3594970703125 1282.22509765625
v -1349.26123046875 -1292.4998779296875 1344.9752197265625
v -1351.30078125 -1292.4998779296875 1322.54833984375
v -1349.250732421875 -1292.4998779296875 1322.498291015625
v -1351.31103515625 -1292.4998779296875 1345.0252685546875
v -1349.2618408203125 -1292.4998779296875 1282.22509765625
v -1351.3402099609375 -1292.4998779296875 1271.9520263671875
v -1349.2901611328125 -1292.4998779296875 1271.951904296875
v -1351.3116455078125 -1292.4998779296875 1282.2252197265625
v -1310.5411376953125 1267.5408935546875 1250.0
v -899.9750366210938 947.4724731445312 1250.0
v 1370.0313720703125 1267.5595703125 1250.0001220703125
v -1360.5732421875 1217.50537109375 1250.0
v -1360.5118408203125 -1292.525146484375 1250.000244140625
v -899.9749145507812 -1292.530029296875 1250.000244140625
v 1370.0313720703125 947.477783203125 1250.0001220703125
v 1399.9990234375 1097.4779052734375 849.9750366210938
v 1399.9990234375 1277.55712890625 849.9750366210938
v 1399.9990234375 1097.47802734375 2150.02490234375
v 1399.9990234375 1277.5572509765625 2150.02490234375
v 1400.0240478515625 1277.5321044921875 849.9750366210938
v 1374.9739990234375 1277.5321044921875 849.9750366210938
v 1400.0240478515625 1277.5322265625 2150.02490234375
v 1374.973876953125 1277.5322265625 2150.02490234375
v 1374.9990234375 1277.55712890625 849.9750366210938
v 1374.9990234375 1097.477783203125 849.9750366210938
v 1374.9989013671875 1277.5572509765625 2150.02490234375
v 1374.9989013671875 1097.4779052734375 2150.02490234375
v 1399.9990234375 1097.47802734375 2149.97509765625
v 1399.9990234375 1277.556884765625 2149.979248046875
v 1399.9990234375 1097.47802734375 2450.02490234375
v 1399.9990234375 1224.6588134765625 2450.029296875
v 1400.0240478515625 1277.53662109375 2149.975341796875
v 1374.973876953125 1277.53662109375 2149.975341796875
v 1400.0240478515625 1224.6297607421875 2450.024658203125
v 1374.973876953125 1224.6297607421875 2450.024658203125
v 1374.9989013671875 1277.556884765625 2149.979248046875
v 1374.9989013671875 1097.4779052734375 2149.97509765625
v 1374.9989013671875 1224.6588134765625 2450.029296875
v 1374.9989013671875 1097.4779052734375 2450.02490234375
v 339.60400390625 997.4674072265625 849.9750366210938
v 339.61767578125 1277.591796875 849.9750366210938
v 339.60394287109375 997.467529296875 2150.02490234375
v 339.61761474609375 1277.5919189453125 2150.02490234375
v 339.6426696777344 1277.5667724609375 849.9750366210938
v 309.6029357910156 1277.5731201171875 849.9750366210938
v 339.6426086425781 1277.56689453125 2150.02490234375
v 309.6028747558594 1277.5732421875 2150.02490234375
v 309.6279296875 1277.59814453125 849.9750366210938
v 309.60247802734375 997.476806640625 849.9750366210938
v 309.62786865234375 1277.5982666015625 2150.02490234375
v 309.6024169921875 997.4769287109375 2150.02490234375
v 339.60394287109375 997.467529296875 2149.97509765625
v 339.61761474609375 1277.591552734375 2149.979248046875
v 339.60394287109375 997.467529296875 2450.02490234375
v 339.61505126953125 1224.693359375 2450.029296875
v 339.6426086425781 1277.5712890625 2149.975341796875
v 309.6028747558594 1277.57763671875 2149.975341796875
v 339.6399230957031 1224.664306640625 2450.024658203125
v 309.5980529785156 1224.6707763671875 2450.024658203125
v 309.62786865234375 1277.597900390625 2149.979248046875
v 309.6024169921875 997.4769287109375 2149.97509765625
v 309.623046875 1224.6998291015625 2450.029296875
v 309.6024169921875 997.4769287109375 2450.02490234375
v -840.3994140625 997.5196533203125 849.9749755859375
v -840.3857421875 1277.6439208984375 849.9749755859375
v -840.3994750976562 997.519775390625 2150.02490234375
v -840.3858032226562 1277.64404296875 2150.02490234375
v -840.3607177734375 1277.618896484375 849.9749755859375
v -870.4004516601562 1277.6253662109375 849.9749755859375
v -840.3607788085938 1277.6190185546875 2150.02490234375
v -870.4005126953125 1277.62548828125 2150.02490234375
v -870.3754272460938 1277.650390625 849.9749755859375
v -870.4009399414062 997.529052734375 849.9749755859375
v -870.37548828125 1277.6505126953125 2150.02490234375
v -870.4010009765625 997.5291748046875 2150.02490234375
v -840.3994750976562 997.519775390625 2149.97509765625
v -840.3858032226562 1277.6436767578125 2149.979248046875
v -840.3995361328125 997.519775390625 2450.02490234375
v -840.388427734375 1224.74560546875 2450.029296875
v -840.3607788085938 1277.6234130859375 2149.975341796875
v -870.4005126953125 1277.6298828125 2149.975341796875
v -840.3634033203125 1224.716552734375 2450.024658203125
v -870.4053344726562 1224.7230224609375 2450.024658203125
v -870.37548828125 1277.650146484375 2149.979248046875
v -870.4010009765625 997.5291748046875 2149.97509765625
v -870.3803100585938 1224.751953125 2450.029296875
v -870.4010009765625 997.5291748046875 2450.02490234375
v 599.9991455078125 -1322.517333984375 849.9752197265625
v 599.9991455078125 -422.4676818847656 849.9751586914062
v 599.9990234375 -1322.517333984375 2450.02490234375
v 599.9990234375 -422.4675598144531 2450.02490234375
v 599.97412109375 -422.4925537109375 849.9751586914062
v 1400.0240478515625 -422.4925537109375 849.9751586914062
v 1160.326904296875 -422.4925537109375 986.1195068359375
v 1160.326904296875 -422.4925537109375 1056.0694580078125
v 1245.1767578125 -422.4925537109375 1056.0694580078125
v 1160.326904296875 -422.492431640625 1386.1195068359375
v 1160.3267822265625 -422.492431640625 1456.0694580078125
v 1245.1766357421875 -422.492431640625 1456.0694580078125
v 1160.3267822265625 -422.492431640625 1786.1195068359375
v 1160.3267822265625 -422.492431640625 1856.069580078125
v 1245.1766357421875 -422.492431640625 1856.069580078125
v 1160.3267822265625 -422.492431640625 2186.119384765625
v 1160.3267822265625 -422.492431640625 2256.069580078125
v 1245.1766357421875 -422.492431640625 2256.069580078125
v 599.9739990234375 -422.492431640625 2450.025146484375
v 1400.0240478515625 -422.492431640625 2450.025146484375
v 1245.1766357421875 -422.492431640625 2186.119384765625
v 1245.1766357421875 -422.492431640625 1786.1195068359375
v 1245.1767578125 -422.492431640625 1386.1195068359375
v 1245.1767578125 -422.4925537109375 986.1195068359375
v 1400.0240478515625 1097.5029296875 849.9750366210938
v 1099.9486083984375 1097.4947509765625 849.9750366210938
v 1400.0240478515625 1097.5030517578125 2450.02490234375
v 1099.948486328125 1097.494873046875 2450.02490234375
v 1099.9736328125 1097.519775390625 849.9750366210938
v 1099.9827880859375 997.475830078125 849.9750366210938
v 1099.9735107421875 1097.5198974609375 2450.02490234375
v 1099.982666015625 997.4759521484375 2450.02490234375
v 620.5078125 997.4971923828125 849.9750366210938
v -4.542273044586182 997.4925537109375 849.9749755859375
v 503.0718078613281 997.4962158203125 1000.0250854492188
v 214.72219848632812 997.494140625 1099.9749755859375
v 114.77225494384766 997.4933471679688 1099.9749755859375
v 620.5078125 997.4971923828125 1189.9749755859375
v 503.0718078613281 997.4962158203125 1099.9749755859375
v 403.1217956542969 997.4956665039062 1099.9749755859375
v -4.542273044586182 997.4926147460938 1189.9749755859375
v 403.1217956542969 997.4956665039062 1000.0250854492188
v 114.77225494384766 997.4933471679688 1000.0250854492188
v 214.72219848632812 997.494140625 1000.0250854492188
v -374.4922790527344 997.48974609375 1189.9749755859375
v 990.412109375 997.5001220703125 1245.025146484375
v -4.591467380523682 997.49267578125 1584.9749755859375
v -374.5414733886719 997.48974609375 1584.9749755859375
v 990.4119873046875 997.5001220703125 1645.0252685546875
v -4.591467380523682 997.49267578125 1984.9749755859375
v -374.54150390625 997.4898071289062 1984.9749755859375
v 990.412353515625 997.5001831054688 2046.0819091796875
v -4.595068454742432 997.4927368164062 2386.03173828125
v -374.5450439453125 997.4898681640625 2386.03173828125
v 1100.0076904296875 997.5009765625 2450.02490234375
v 1100.0078125 997.5008544921875 849.9750366210938
v 990.4578857421875 997.5000610351562 849.9750366210938
v 990.4578857421875 997.5001220703125 1189.97509765625
v 620.4619140625 997.4972534179688 1584.9749755859375
v 620.4619140625 997.497314453125 1984.9749755859375
v 620.4622802734375 997.497314453125 2386.03173828125
v 990.4119873046875 997.5001220703125 1584.97509765625
v 990.4119873046875 997.5001831054688 1984.97509765625
v 990.412353515625 997.5001831054688 2386.03173828125
v -374.49224853515625 997.4896850585938 849.9749755859375
v -500.0389099121094 997.48876953125 849.9749755859375
v -500.0389709472656 997.4888916015625 2450.02490234375
v 620.4622802734375 997.497314453125 2046.081787109375
v 620.4619140625 997.4972534179688 1645.025146484375
v 620.4620361328125 997.4971923828125 1245.0250244140625
v -374.5450439453125 997.4898071289062 2046.081787109375
v -4.595007419586182 997.49267578125 2046.081787109375
v -4.591467380523682 997.49267578125 1645.025146484375
v -4.591467380523682 997.4926147460938 1245.0250244140625
v -374.5414733886719 997.48974609375 1645.025146484375
v -374.5414733886719 997.48974609375 1245.0250244140625
v 503.0716857910156 997.4962768554688 1400.0250244140625
v 214.72219848632812 997.494140625 1499.9749755859375
v 114.77225494384766 997.493408203125 1499.9749755859375
v 503.0716857910156 997.4962768554688 1499.9749755859375
v 403.1216735839844 997.4957275390625 1499.9749755859375
v 503.0716857910156 997.496337890625 1800.0250244140625
v 214.72219848632812 997.4942016601562 1899.9749755859375
v 114.77225494384766 997.493408203125 1899.9749755859375
v 503.0716857910156 997.496337890625 1899.9749755859375
v 403.1216735839844 997.4957275390625 1899.9749755859375
v 403.1216735839844 997.4957275390625 1400.0250244140625
v 114.77225494384766 997.493408203125 1400.0250244140625
v 214.72219848632812 997.494140625 1400.0250244140625
v 403.1216735839844 997.4957275390625 1800.0250244140625
v 114.77225494384766 997.493408203125 1800.0250244140625
v 214.72219848632812 997.4942016601562 1800.0250244140625
v 503.0713195800781 997.496337890625 2196.08154296875
v 214.72879028320312 997.4942626953125 2296.03173828125
v 114.77884674072266 997.4934692382812 2296.03173828125
v 503.0713195800781 997.496337890625 2296.03173828125
v 403.1213073730469 997.4957885742188 2296.03173828125
v 403.1213073730469 997.4957885742188 2196.08154296875
v 214.72879028320312 997.4942626953125 2196.08154296875
v 114.77884674072266 997.4934692382812 2196.08154296875
v -500.013916015625 997.4637451171875 849.9749755859375
v -500.02032470703125 1097.51953125 849.9749755859375
v -500.0140075683594 997.4638671875 2450.02490234375
v -500.0204162597656 1097.5196533203125 2450.02490234375
v -499.9953308105469 1097.4945068359375 849.9749755859375
v -900.05126953125 1097.4901123046875 849.9749755859375
v -499.99542236328125 1097.49462890625 2450.02490234375
v -900.0513916015625 1097.490234375 2450.02490234375
v -900.0262451171875 1097.51513671875 849.9749755859375
v -900.0131225585938 -1322.517578125 849.9751586914062
v -900.0218505859375 290.6573791503906 1000.0252685546875
v -900.0146484375 -1046.254150390625 1099.9752197265625
v -900.0140991210938 -1146.2041015625 1099.9752197265625
v -900.0219116210938 290.6574401855469 1400.025390625
v -900.0146484375 -1046.254150390625 1499.9752197265625
v -900.01416015625 -1146.2041015625 1499.9752197265625
v -900.0219116210938 290.6574401855469 1800.0255126953125
v -900.0146484375 -1046.25390625 1899.9752197265625
v -900.01416015625 -1146.203857421875 1899.9752197265625
v -900.0263061523438 1097.5152587890625 2450.02490234375
v -900.0218505859375 290.6573791503906 1099.975341796875
v -900.019775390625 -97.6419906616211 1099.975341796875
v -900.019775390625 -97.6419906616211 1499.975341796875
v -900.0198364257812 -97.6419906616211 1899.9754638671875
v -900.0203247070312 2.3080077171325684 1099.975341796875
v -900.0203857421875 2.3080077171325684 1499.975341796875
v -900.0203857421875 2.3080077171325684 1899.9754638671875
v -900.0213623046875 190.70736694335938 1099.975341796875
v -900.0213623046875 190.70742797851562 1499.975341796875
v -900.0213623046875 190.70748901367188 1899.9754638671875
v -900.0219116210938 290.6574401855469 1499.975341796875
v -900.0219116210938 290.6575012207031 1899.9754638671875
v -900.01318359375 -1322.517333984375 2450.025146484375
v -900.0213623046875 190.70742797851562 1800.0255126953125
v -900.0213623046875 190.70742797851562 1400.025390625
v -900.0213623046875 190.70736694335938 1000.0252685546875
v -900.01416015625 -1146.203857421875 1800.0252685546875
v -900.0203857421875 2.3080077171325684 1800.0255126953125
v -900.0203857421875 2.3080077171325684 1400.025390625
v -900.0203247070312 2.3080077171325684 1000.0253295898438
v -900.0198364257812 -97.6419906616211 1800.0255126953125
v -900.019775390625 -97.6419906616211 1400.025390625
v -900.019775390625 -97.6419906616211 1000.0253295898438
v -900.0146484375 -1046.25390625 1800.0252685546875
v -900.0146484375 -1046.254150390625 1400.0252685546875
v -900.0146484375 -1046.254150390625 1000.0252075195312
v -900.01416015625 -1146.2041015625 1400.0252685546875
v -900.0140991210938 -1146.2041015625 1000.0252075195312
v 620.458251953125 937.47216796875 1190.0
v 990.5079345703125 997.525146484375 1190.0001220703125
v 990.50830078125 937.47509765625 1190.0001220703125
v 620.457763671875 997.522216796875 1190.0
v 620.458251953125 937.47216796875 850.0000610351562
v 990.50830078125 937.4750366210938 850.0000610351562
v 990.5079345703125 997.5250854492188 850.0000610351562
v 620.457763671875 997.522216796875 850.0000610351562
v 990.4832763671875 937.47509765625 1190.025146484375
v 990.48291015625 997.5250854492188 849.9750366210938
v 990.4832763671875 937.4750366210938 849.9750366210938
v 990.48291015625 997.525146484375 1190.025146484375
v 620.4832763671875 937.47216796875 1190.0250244140625
v 620.4832763671875 937.47216796875 849.9750366210938
v 620.4827880859375 997.522216796875 849.9750366210938
v 620.4827880859375 997.522216796875 1190.0250244140625
v 620.412353515625 937.4722290039062 1585.0
v 990.4620361328125 997.525146484375 1585.0001220703125
v 990.46240234375 937.47509765625 1585.0001220703125
v 620.411865234375 997.5222778320312 1585.0
v 620.4124755859375 937.47216796875 1245.0
v 990.4625244140625 937.47509765625 1245.0001220703125
v 990.462158203125 997.525146484375 1245.0001220703125
v 620.4119873046875 997.522216796875 1245.0
v 990.4373779296875 937.47509765625 1585.025146484375
v 990.4371337890625 997.525146484375 1244.97509765625
v 990.4375 937.47509765625 1244.97509765625
v 990.43701171875 997.525146484375 1585.025146484375
v 620.4373779296875 937.4722290039062 1585.0250244140625
v 620.4375 937.47216796875 1244.9749755859375
v 620.43701171875 997.522216796875 1244.9749755859375
v 620.4368896484375 997.5222778320312 1585.0250244140625
v 620.412353515625 937.4722900390625 1985.0
v 990.4620361328125 997.5252075195312 1985.0001220703125
v 990.46240234375 937.47509765625 1985.0001220703125
v 620.411865234375 997.5223388671875 1985.0
v 620.412353515625 937.4722290039062 1645.0001220703125
v 990.46240234375 937.47509765625 1645.000244140625
v 990.4620361328125 997.525146484375 1645.000244140625
v 620.411865234375 997.5222778320312 1645.0001220703125
v 990.4373779296875 937.47509765625 1985.025146484375
v 990.43701171875 997.525146484375 1644.9752197265625
v 990.4373779296875 937.47509765625 1644.9752197265625
v 990.43701171875 997.5252075195312 1985.025146484375
v 620.4373779296875 937.4722900390625 1985.0250244140625
v 620.4373779296875 937.4722290039062 1644.97509765625
v 620.4368896484375 997.5222778320312 1644.97509765625
v 620.4368896484375 997.5223388671875 1985.0250244140625
v -374.54180908203125 937.483642578125 1190.0
v -4.492273330688477 997.5176391601562 1190.0
v -4.491784572601318 937.4865112304688 1190.0
v -374.5422668457031 997.5147705078125 1190.0
v -374.5417785644531 937.4835815429688 850.0
v -4.491784572601318 937.4864501953125 850.0
v -4.492273330688477 997.517578125 850.0
v -374.542236328125 997.5147094726562 850.0
v -4.51678466796875 937.4865112304688 1190.0250244140625
v -4.51727294921875 997.517578125 849.9749755859375
v -4.51678466796875 937.4864501953125 849.9749755859375
v -4.51727294921875 997.5176391601562 1190.0250244140625
v -374.5168151855469 937.483642578125 1190.0250244140625
v -374.51678466796875 937.4835815429688 849.9749755859375
v -374.5172424316406 997.5147094726562 849.9749755859375
v -374.51727294921875 997.5147705078125 1190.0250244140625
v -374.59100341796875 937.483642578125 1585.0
v -4.541467666625977 997.5177001953125 1585.0
v -4.541039943695068 937.4865112304688 1585.0
v -374.5914611816406 997.5147705078125 1585.0
v -374.59100341796875 937.483642578125 1245.0
v -4.541039943695068 937.4864501953125 1245.0
v -4.541467666625977 997.5176391601562 1245.0
v -374.5914611816406 997.5147705078125 1245.0
v -4.5660400390625 937.4865112304688 1585.0250244140625
v -4.56646728515625 997.5176391601562 1244.9749755859375
v -4.5660400390625 937.4864501953125 1244.9749755859375
v -4.56646728515625 997.5177001953125 1585.0250244140625
v -374.5660095214844 937.483642578125 1585.0250244140625
v -374.5660095214844 937.483642578125 1244.9749755859375
v -374.56646728515625 997.5147705078125 1244.9749755859375
v -374.56646728515625 997.5147705078125 1585.0250244140625
v -374.5910339355469 937.483642578125 1985.0
v -4.541467666625977 997.5177001953125 1985.0
v -4.541039943695068 937.486572265625 1985.0
v -374.59149169921875 997.5148315429688 1985.0
v -374.59100341796875 937.483642578125 1645.0001220703125
v -4.541039943695068 937.4865112304688 1645.0001220703125
v -4.541467666625977 997.5177001953125 1645.0001220703125
v -374.5914611816406 997.5147705078125 1645.0001220703125
v -4.5660400390625 937.486572265625 1985.0250244140625
v -4.56646728515625 997.5177001953125 1644.97509765625
v -4.5660400390625 937.4865112304688 1644.97509765625
v -4.56646728515625 997.5177001953125 1985.0250244140625
v -374.5660400390625 937.483642578125 1985.0250244140625
v -374.5660095214844 937.483642578125 1644.97509765625
v -374.56646728515625 997.5147705078125 1644.97509765625
v -374.5664978027344 997.5148315429688 1985.0250244140625
v 403.0718078613281 967.4840087890625 1900.0
v 503.1216735839844 997.5213623046875 1900.0
v 503.1217956542969 967.484619140625 1900.0
v 403.0716857910156 997.520751953125 1900.0
v 403.0718078613281 967.4840087890625 1800.0
v 503.1217956542969 967.4845581054688 1800.0
v 503.1216735839844 997.5213623046875 1800.0
v 403.0716857910156 997.520751953125 1800.0
v 503.0968017578125 967.484619140625 1900.0250244140625
v 503.0966796875 997.5213623046875 1799.9749755859375
v 503.0968017578125 967.4845581054688 1799.9749755859375
v 503.0966796875 997.5213623046875 1900.0250244140625
v 403.0968017578125 967.4840087890625 1900.0250244140625
v 403.0968017578125 967.4840087890625 1799.9749755859375
v 403.0966796875 997.520751953125 1799.9749755859375
v 403.0966796875 997.520751953125 1900.0250244140625
v 403.0718078613281 967.4840087890625 1500.0
v 503.1216735839844 997.5213012695312 1500.0
v 503.1217956542969 967.4845581054688 1500.0
v 403.0716857910156 997.520751953125 1500.0
v 403.0718078613281 967.4839477539062 1400.0
v 503.1217956542969 967.4845581054688 1400.0
v 503.1216735839844 997.5213012695312 1400.0
v 403.0716857910156 997.520751953125 1400.0
v 503.0968017578125 967.4845581054688 1500.0250244140625
v 503.0966796875 997.5213012695312 1399.9749755859375
v 503.0968017578125 967.4845581054688 1399.9749755859375
v 503.0966796875 997.5213012695312 1500.0250244140625
v 403.0968017578125 967.4840087890625 1500.0250244140625
v 403.0968017578125 967.4839477539062 1399.9749755859375
v 403.0966796875 997.520751953125 1399.9749755859375
v 403.0966796875 997.520751953125 1500.0250244140625
v 403.0719299316406 967.4839477539062 1100.0
v 503.1217956542969 997.521240234375 1100.0
v 503.1219177246094 967.4844970703125 1100.0
v 403.0718078613281 997.5206909179688 1100.0
v 403.0719299316406 967.4839477539062 1000.0000610351562
v 503.1219177246094 967.4844970703125 1000.0000610351562
v 503.1217956542969 997.521240234375 1000.0000610351562
v 403.0718078613281 997.5206909179688 1000.0000610351562
v 503.096923828125 967.4844970703125 1100.0250244140625
v 503.0968017578125 997.521240234375 999.9750366210938
v 503.096923828125 967.4844970703125 999.9750366210938
v 503.0968017578125 997.521240234375 1100.0250244140625
v 403.096923828125 967.4839477539062 1100.0250244140625
v 403.096923828125 967.4839477539062 999.9750366210938
v 403.0968017578125 997.5206909179688 999.9750366210938
v 403.0968017578125 997.5206909179688 1100.0250244140625
v 114.7224349975586 967.4880981445312 1900.0
v 214.77218627929688 997.5192260742188 1900.0
v 214.77236938476562 967.4888916015625 1900.0
v 114.72225189208984 997.5184326171875 1900.0
v 114.7224349975586 967.4880981445312 1800.0
v 214.77236938476562 967.4888916015625 1800.0
v 214.77218627929688 997.5192260742188 1800.0
v 114.72225189208984 997.5184326171875 1800.0
v 214.74737548828125 967.4888916015625 1900.0250244140625
v 214.7471923828125 997.5192260742188 1799.9749755859375
v 214.74737548828125 967.4888916015625 1799.9749755859375
v 214.7471923828125 997.5192260742188 1900.0250244140625
v 114.7474365234375 967.4880981445312 1900.0250244140625
v 114.7474365234375 967.4880981445312 1799.9749755859375
v 114.74725341796875 997.5184326171875 1799.9749755859375
v 114.74725341796875 997.5184326171875 1900.0250244140625
v 114.7224349975586 967.4880981445312 1500.0
v 214.77218627929688 997.5191650390625 1500.0
v 214.77236938476562 967.4888305664062 1500.0
v 114.72225189208984 997.5184326171875 1500.0
v 114.7224349975586 967.488037109375 1400.0
v 214.77236938476562 967.4888305664062 1400.0
v 214.77218627929688 997.5191650390625 1400.0
v 114.72225189208984 997.5184326171875 1400.0
v 214.74737548828125 967.4888305664062 1500.0250244140625
v 214.7471923828125 997.5191650390625 1399.9749755859375
v 214.74737548828125 967.4888305664062 1399.9749755859375
v 214.7471923828125 997.5191650390625 1500.0250244140625
v 114.7474365234375 967.4880981445312 1500.0250244140625
v 114.7474365234375 967.488037109375 1399.9749755859375
v 114.74725341796875 997.5184326171875 1399.9749755859375
v 114.74725341796875 997.5184326171875 1500.0250244140625
v 114.7224349975586 967.488037109375 1100.0
v 214.77218627929688 997.5191650390625 1100.0
v 214.77236938476562 967.4888305664062 1100.0
v 114.72225189208984 997.5183715820312 1100.0
v 114.7224349975586 967.488037109375 1000.0000610351562
v 214.77236938476562 967.48876953125 1000.0000610351562
v 214.77218627929688 997.5191650390625 1000.0000610351562
v 114.72225189208984 997.5183715820312 1000.0000610351562
v 214.74737548828125 967.4888305664062 1100.0250244140625
v 214.7471923828125 997.5191650390625 999.9750366210938
v 214.74737548828125 967.48876953125 999.9750366210938
v 214.7471923828125 997.5191650390625 1100.0250244140625
v 114.7474365234375 967.488037109375 1100.0250244140625
v 114.7474365234375 967.488037109375 999.9750366210938
v 114.74725341796875 997.5183715820312 999.9750366210938
v 114.74725341796875 997.5183715820312 1100.0250244140625
v 620.4127197265625 937.4718017578125 2386.056640625
v 990.46240234375 997.5252075195312 2386.056640625
v 990.4627685546875 937.4746704101562 2386.056640625
v 620.4122314453125 997.5223388671875 2386.056640625
v 620.4127197265625 937.4718017578125 2046.0567626953125
v 990.4627685546875 937.474609375 2046.056884765625
v 990.46240234375 997.5252075195312 2046.056884765625
v 620.4122314453125 997.5223388671875 2046.0567626953125
v 990.437744140625 937.4746704101562 2386.08154296875
v 990.4373779296875 997.5252075195312 2046.0318603515625
v 990.437744140625 937.474609375 2046.0318603515625
v 990.4373779296875 997.5252075195312 2386.08154296875
v 620.437744140625 937.4718017578125 2386.08154296875
v 620.437744140625 937.4718017578125 2046.03173828125
v 620.437255859375 997.5223388671875 2046.03173828125
v 620.437255859375 997.5223388671875 2386.08154296875
v 403.0714416503906 967.4788818359375 2296.056640625
v 503.1213073730469 997.5213623046875 2296.056640625
v 503.1214294433594 967.4794311523438 2296.056640625
v 403.0713195800781 997.5208129882812 2296.056640625
v 403.0714416503906 967.4788208007812 2196.056640625
v 503.1214294433594 967.4794311523438 2196.056640625
v 503.1213073730469 997.5213623046875 2196.056640625
v 403.0713195800781 997.5208129882812 2196.056640625
v 503.096435546875 967.4794311523438 2296.08154296875
v 503.0963134765625 997.5213623046875 2196.03173828125
v 503.096435546875 967.4794311523438 2196.03173828125
v 503.0963134765625 997.5213623046875 2296.08154296875
v 403.096435546875 967.4788818359375 2296.08154296875
v 403.096435546875 967.4788208007812 2196.03173828125
v 403.0963134765625 997.5208129882812 2196.03173828125
v 403.0963134765625 997.5208129882812 2296.08154296875
v 114.72908782958984 967.478759765625 2296.056640625
v 214.77877807617188 997.519287109375 2296.056640625
v 214.77896118164062 967.4794921875 2296.056640625
v 114.72884368896484 997.5184936523438 2296.056640625
v 114.72908782958984 967.478759765625 2196.056640625
v 214.77896118164062 967.4794921875 2196.056640625
v 214.77877807617188 997.519287109375 2196.056640625
v 114.72884368896484 997.5184936523438 2196.056640625
v 214.75396728515625 967.4794921875 2296.08154296875
v 214.7537841796875 997.519287109375 2196.03173828125
v 214.75396728515625 967.4794921875 2196.03173828125
v 214.7537841796875 997.519287109375 2296.08154296875
v 114.75408935546875 967.478759765625 2296.08154296875
v 114.75408935546875 967.478759765625 2196.03173828125
v 114.75384521484375 997.5184936523438 2196.03173828125
v 114.75384521484375 997.5184936523438 2296.08154296875
v -374.5945739746094 937.484130859375 2386.056640625
v -4.545068740844727 997.5177612304688 2386.056640625
v -4.544579982757568 937.4869995117188 2386.056640625
v -374.59503173828125 997.514892578125 2386.056640625
v -374.5945739746094 937.4840698242188 2046.0567626953125
v -4.544518947601318 937.4869384765625 2046.0567626953125
v -4.545007705688477 997.5177001953125 2046.0567626953125
v -374.59503173828125 997.5148315429688 2046.0567626953125
v -4.569580078125 937.4869995117188 2386.08154296875
v -4.57000732421875 997.5177001953125 2046.03173828125
v -4.56951904296875 937.4869384765625 2046.03173828125
v -4.570068359375 997.5177612304688 2386.08154296875
v -374.569580078125 937.484130859375 2386.08154296875
v -374.569580078125 937.4840698242188 2046.03173828125
v -374.5700378417969 997.5148315429688 2046.03173828125
v -374.5700378417969 997.514892578125 2386.08154296875
v -900.046875 290.7073669433594 1100.0003662109375
v -869.9920654296875 290.7074890136719 1100.0003662109375
v -900.04638671875 190.65737915039062 1100.0003662109375
v -869.9915161132812 190.65756225585938 1100.0003662109375
v -900.046875 290.7073669433594 1000.000244140625
v -900.04638671875 190.65737915039062 1000.000244140625
v -869.9920654296875 290.7074890136719 1000.000244140625
v -869.9915161132812 190.65756225585938 1000.000244140625
v -869.9920654296875 290.6824951171875 1100.025390625
v -900.046875 290.682373046875 999.9752197265625
v -869.9920654296875 290.6824951171875 999.9752197265625
v -900.046875 290.682373046875 1100.025390625
v -869.9915161132812 190.68255615234375 1100.025390625
v -869.9915161132812 190.68255615234375 999.9752197265625
v -900.04638671875 190.682373046875 999.9752197265625
v -900.04638671875 190.682373046875 1100.025390625
v -900.0453491210938 2.3580076694488525 1100.0003662109375
v -869.99658203125 2.3581299781799316 1100.0003662109375
v -900.0447998046875 -97.6919937133789 1100.0003662109375
v -869.99609375 -97.6918716430664 1100.0003662109375
v -900.0453491210938 2.3580076694488525 1000.0003051757812
v -900.0447998046875 -97.6919937133789 1000.0003051757812
v -869.99658203125 2.3581299781799316 1000.0003051757812
v -869.99609375 -97.6918716430664 1000.0003051757812
v -869.99658203125 2.3331298828125 1100.025390625
v -900.0453491210938 2.3330078125 999.9752807617188
v -869.99658203125 2.3331298828125 999.9752807617188
v -900.0453491210938 2.3330078125 1100.025390625
v -869.99609375 -97.6668701171875 1100.025390625
v -869.99609375 -97.6668701171875 999.9752807617188
v -900.0447998046875 -97.6669921875 999.9752807617188
v -900.0447998046875 -97.6669921875 1100.025390625
v -900.0469360351562 290.7074279785156 1500.0003662109375
v -869.9920654296875 290.7075500488281 1500.0003662109375
v -900.04638671875 190.65744018554688 1500.0003662109375
v -869.9915161132812 190.65762329101562 1500.0003662109375
v -900.0469360351562 290.7074279785156 1400.0003662109375
v -900.04638671875 190.65744018554688 1400.0003662109375
v -869.9920654296875 290.7075500488281 1400.0003662109375
v -869.9915161132812 190.65762329101562 1400.0003662109375
v -869.9920654296875 290.68255615234375 1500.025390625
v -900.0469360351562 290.68243408203125 1399.975341796875
v -869.9920654296875 290.68255615234375 1399.975341796875
v -900.0469360351562 290.68243408203125 1500.025390625
v -869.9915161132812 190.6826171875 1500.025390625
v -869.9915161132812 190.6826171875 1399.975341796875
v -900.04638671875 190.68243408203125 1399.975341796875
v -900.04638671875 190.68243408203125 1500.025390625
v -900.04541015625 2.3580076694488525 1500.0003662109375
v -869.9966430664062 2.3581299781799316 1500.0003662109375
v -900.0447998046875 -97.6919937133789 1500.0003662109375
v -869.99609375 -97.6918716430664 1500.0003662109375
v -900.04541015625 2.3580076694488525 1400.0003662109375
v -900.0447998046875 -97.6919937133789 1400.0003662109375
v -869.9966430664062 2.3581299781799316 1400.0003662109375
v -869.99609375 -97.6918716430664 1400.0003662109375
v -869.9966430664062 2.3331298828125 1500.025390625
v -900.04541015625 2.3330078125 1399.975341796875
v -869.9966430664062 2.3331298828125 1399.975341796875
v -900.04541015625 2.3330078125 1500.025390625
v -869.99609375 -97.6668701171875 1500.025390625
v -869.99609375 -97.6668701171875 1399.975341796875
v -900.0447998046875 -97.6669921875 1399.975341796875
v -900.0447998046875 -97.6669921875 1500.025390625
v -900.0469360351562 290.7074890136719 1900.00048828125
v -869.9920654296875 290.7076110839844 1900.00048828125
v -900.04638671875 190.65750122070312 1900.00048828125
v -869.9915161132812 190.65768432617188 1900.00048828125
v -900.0469360351562 290.7074279785156 1800.00048828125
v -900.04638671875 190.65744018554688 1800.00048828125
v -869.9920654296875 290.7075500488281 1800.00048828125
v -869.9915161132812 190.65762329101562 1800.00048828125
v -869.9920654296875 290.6826171875 1900.0255126953125
v -900.0469360351562 290.68243408203125 1799.9754638671875
v -869.9920654296875 290.68255615234375 1799.9754638671875
v -900.0469360351562 290.6824951171875 1900.0255126953125
v -869.9915161132812 190.68267822265625 1900.0255126953125
v -869.9915161132812 190.6826171875 1799.9754638671875
v -900.04638671875 190.68243408203125 1799.9754638671875
v -900.04638671875 190.6824951171875 1900.0255126953125
v -900.04541015625 2.3580076694488525 1900.00048828125
v -869.9966430664062 2.3581299781799316 1900.00048828125
v -900.0448608398438 -97.6919937133789 1900.00048828125
v -869.99609375 -97.6918716430664 1900.00048828125
v -900.04541015625 2.3580076694488525 1800.00048828125
v -900.0448608398438 -97.6919937133789 1800.00048828125
v -869.9966430664062 2.3581299781799316 1800.00048828125
v -869.99609375 -97.6918716430664 1800.00048828125
v -869.9966430664062 2.3331298828125 1900.0255126953125
v -900.04541015625 2.3330078125 1799.9754638671875
v -869.9966430664062 2.3331298828125 1799.9754638671875
v -900.04541015625 2.3330078125 1900.0255126953125
v -869.99609375 -97.6668701171875 1900.0255126953125
v -869.99609375 -97.6668701171875 1799.9754638671875
v -900.0448608398438 -97.6669921875 1799.9754638671875
v -900.0448608398438 -97.6669921875 1900.0255126953125
v -900.0396728515625 -1046.2041015625 1100.000244140625
v -870.0035400390625 -1046.203857421875 1100.000244140625
v -900.0391235351562 -1146.254150390625 1100.000244140625
v -870.0029907226562 -1146.25390625 1100.000244140625
v -900.0396728515625 -1046.2041015625 1000.0001831054688
v -900.0391235351562 -1146.254150390625 1000.0001831054688
v -870.0035400390625 -1046.203857421875 1000.0001831054688
v -870.0029907226562 -1146.25390625 1000.0001831054688
v -870.0035400390625 -1046.2288818359375 1100.0252685546875
v -900.0396728515625 -1046.2291259765625 999.9751586914062
v -870.0035400390625 -1046.2288818359375 999.9751586914062
v -900.0396728515625 -1046.2291259765625 1100.0252685546875
v -870.0029907226562 -1146.2288818359375 1100.0252685546875
v -870.0029907226562 -1146.2288818359375 999.9751586914062
v -900.0391235351562 -1146.2291259765625 999.9751586914062
v -900.0391235351562 -1146.2291259765625 1100.0252685546875
v -900.0396728515625 -1046.2041015625 1500.000244140625
v -870.0035400390625 -1046.203857421875 1500.000244140625
v -900.0391845703125 -1146.254150390625 1500.000244140625
v -870.0029907226562 -1146.25390625 1500.000244140625
v -900.0396728515625 -1046.2041015625 1400.000244140625
v -900.0391845703125 -1146.254150390625 1400.000244140625
v -870.0035400390625 -1046.203857421875 1400.000244140625
v -870.0029907226562 -1146.25390625 1400.000244140625
v -870.0035400390625 -1046.2288818359375 1500.0252685546875
v -900.0396728515625 -1046.2291259765625 1399.9752197265625
v -870.0035400390625 -1046.2288818359375 1399.9752197265625
v -900.0396728515625 -1046.2291259765625 1500.0252685546875
v -870.0029907226562 -1146.2288818359375 1500.0252685546875
v -870.0029907226562 -1146.2288818359375 1399.9752197265625
v -900.0391845703125 -1146.2291259765625 1399.9752197265625
v -900.0391845703125 -1146.2291259765625 1500.0252685546875
v -900.0396728515625 -1046.203857421875 1900.000244140625
v -870.0035400390625 -1046.20361328125 1900.000244140625
v -900.0391845703125 -1146.25390625 1900.000244140625
v -870.0030517578125 -1146.253662109375 1900.000244140625
v -900.0396728515625 -1046.203857421875 1800.000244140625
v -900.0391845703125 -1146.25390625 1800.000244140625
v -870.0035400390625 -1046.20361328125 1800.000244140625
v -870.0030517578125 -1146.253662109375 1800.000244140625
v -870.0035400390625 -1046.2286376953125 1900.0252685546875
v -900.0396728515625 -1046.2288818359375 1799.9752197265625
v -870.0035400390625 -1046.2286376953125 1799.9752197265625
v -900.0396728515625 -1046.2288818359375 1900.0252685546875
v -870.0030517578125 -1146.2286376953125 1900.0252685546875
v -870.0030517578125 -1146.2286376953125 1799.9752197265625
v -900.0391845703125 -1146.2288818359375 1799.9752197265625
v -900.0391845703125 -1146.2288818359375 1900.0252685546875
v -1350.026123046875 1277.53271484375 2450.0
v -900.0012817382812 1097.4652099609375 2450.0
v -1350.0262451171875 -1322.517333984375 2450.000244140625
v -500.04541015625 1097.4696044921875 2450.0
v 1099.99853515625 1097.4698486328125 2450.0
v -500.03900146484375 997.4638671875 2450.0
v 1400.0240478515625 1277.5328369140625 2450.0
v -899.9881591796875 -1322.517333984375 2450.000244140625
v 1100.0076904296875 997.4759521484375 2450.0
v 1400.0240478515625 1097.47802734375 2450.0
v 1400.0240478515625 1277.5078125 2449.97509765625
v -1350.0257568359375 1277.5076904296875 2449.97509765625
v 1400.0240478515625 1277.5078125 2550.02490234375
v -1350.0257568359375 1277.5076904296875 2550.02490234375
v -1350.0010986328125 1277.53271484375 2449.97509765625
v -1350.001220703125 -1322.517333984375 2449.975341796875
v -1350.0010986328125 1277.53271484375 2550.02490234375
v -1350.001220703125 -1322.517333984375 2550.025146484375
v 599.9990234375 -1322.517333984375 2449.975341796875
v 599.9990234375 -422.4673156738281 2449.975341796875
v 599.9990234375 -1322.517333984375 2550.025146484375
v 599.9990234375 -422.4673156738281 2550.025146484375
v 599.9739990234375 -422.4923095703125 2449.975341796875
v 1400.0240478515625 -422.4923095703125 2449.975341796875
v 599.9739990234375 -422.4923095703125 2550.025146484375
v 1400.0240478515625 -422.4921875 2550.025146484375
v 1399.9990234375 -422.5173034667969 2449.975341796875
v 1399.9990234375 1277.5328369140625 2449.97509765625
v 1399.9990234375 -422.5171813964844 2550.025146484375
v 1399.9990234375 1277.5328369140625 2550.02490234375
v -1350.026123046875 1277.53271484375 2550.0
v -1350.0262451171875 -1322.517333984375 2550.000244140625
v 600.0240478515625 -422.5173034667969 2550.000244140625
v 1400.0240478515625 1277.5328369140625 2550.0
v 600.0240478515625 -1322.517333984375 2550.000244140625
v 1400.0240478515625 -422.5171813964844 2550.000244140625
v -1400.0250244140625 1327.52734375 849.9999389648438
v -1400.0250244140625 -1322.522705078125 850.0001220703125
v -899.9749755859375 947.472412109375 850.0
v 1400.0250244140625 1327.5274658203125 850.0000610351562
v -899.9749145507812 -1322.522705078125 850.0001831054688
v 1400.0250244140625 947.4725341796875 850.0000610351562
v -1100.0 1152.52734375 -0.025026224553585052
v -1100.0 1077.477294921875 -0.02501966804265976
v -1100.0 1152.52734375 25.024974822998047
v -1100.0 1077.477294921875 25.024980545043945
v -1100.0250244140625 1077.5023193359375 -0.02501966990530491
v -824.9749755859375 1077.5023193359375 -0.02500765025615692
v -1100.0250244140625 1077.5023193359375 25.02497673034668
v -824.9749755859375 1077.5023193359375 25.024988174438477
v -825.0 1077.477294921875 -0.02500765025615692
v -825.0 1152.52734375 -0.025014206767082214
v -825.0 1077.477294921875 25.024991989135742
v -825.0 1152.52734375 25.024986267089844
v -824.9749755859375 1152.5023193359375 -0.025014206767082214
v -1100.0250244140625 1152.5023193359375 -0.0250262264162302
v -824.9749755859375 1152.5023193359375 25.024982452392578
v -1100.0250244140625 1152.5023193359375 25.02497100830078
v -1100.0250244140625 1152.52734375 24.999975204467773
v -1100.0250244140625 1077.477294921875 24.999980926513672
v -824.9749755859375 1152.52734375 24.99998664855957
v -824.9749755859375 1077.477294921875 24.99999237060547
v -785.8905029296875 1122.5023193359375 109.97498321533203
v -805.9405517578125 1122.5023193359375 109.97498321533203
v -805.9405517578125 1122.5023193359375 400.0249938964844
v -785.8905029296875 1122.5023193359375 400.0249938964844
v -745.8905029296875 1122.5023193359375 109.97498321533203
v -765.9405517578125 1122.5023193359375 109.97498321533203
v -765.9405517578125 1122.5023193359375 400.0249938964844
v -745.8905029296875 1122.5023193359375 400.0249938964844
v -1195.0 -782.47265625 109.97513580322266
v -1195.0 -802.5225830078125 109.97514343261719
v -1195.0 -802.5225830078125 400.0251159667969
v -1195.0 -782.47265625 400.0251159667969
v -1195.0 -742.4727783203125 109.97513580322266
v -1195.0 -762.522705078125 109.97513580322266
v -1195.0 -762.522705078125 400.0251159667969
v -1195.0 -742.4727783203125 400.0251159667969
v -1159.9749755859375 1122.5023193359375 109.97496795654297
v -1180.0250244140625 1122.5023193359375 109.97496795654297
v -1180.0250244140625 1122.5023193359375 400.02496337890625
v -1159.9749755859375 1122.5023193359375 400.02496337890625
v -1119.9749755859375 1122.5023193359375 109.97496795654297
v -1140.0250244140625 1122.5023193359375 109.97496795654297
v -1140.0250244140625 1122.5023193359375 400.02496337890625
v -1119.9749755859375 1122.5023193359375 400.02496337890625
v -1195.0 1067.52734375 109.9749755859375
v -1195.0 1047.477294921875 109.9749755859375
v -1195.0 1047.477294921875 400.02496337890625
v -1195.0 1067.52734375 400.02496337890625
v -1195.0 1107.52734375 109.9749755859375
v -1195.0 1087.477294921875 109.9749755859375
v -1195.0 1087.477294921875 400.02496337890625
v -1195.0 1107.52734375 400.02496337890625
v 840.0250244140625 1122.50244140625 109.97505950927734
v 819.9749755859375 1122.50244140625 109.97505187988281
v 819.9749755859375 1122.50244140625 400.0250549316406
v 840.0250244140625 1122.50244140625 400.0250549316406
v 880.0250244140625 1122.50244140625 109.97505950927734
v 859.9749755859375 1122.50244140625 109.97505950927734
v 859.9749755859375 1122.50244140625 400.0250549316406
v 880.0250244140625 1122.50244140625 400.0250549316406
v 1380.02490234375 1122.50244140625 109.97508239746094
v 1359.9749755859375 1122.50244140625 109.97508239746094
v 1359.9749755859375 1122.50244140625 400.02508544921875
v 1380.02490234375 1122.50244140625 400.02508544921875
v 1340.0250244140625 1122.50244140625 109.9750747680664
v 1319.97509765625 1122.50244140625 109.9750747680664
v 1319.97509765625 1122.50244140625 400.02508544921875
v 1340.0250244140625 1122.50244140625 400.02508544921875
v 600.0001220703125 -881.4581298828125 99.9752197265625
v 600.0001220703125 -481.4081115722656 99.97518920898438
v 600.0001220703125 -481.4081115722656 300.0251770019531
v 600.0001220703125 -881.4581298828125 300.0252380371094
v -1194.9998779296875 -1282.47265625 109.97518157958984
v -1194.9998779296875 -1302.522705078125 109.97518157958984
v -1194.9998779296875 -1302.522705078125 400.0251770019531
v -1194.9998779296875 -1282.47265625 400.0251770019531
v -1194.9998779296875 -1242.47265625 109.97518157958984
v -1194.9998779296875 -1262.522705078125 109.97518157958984
v -1194.9998779296875 -1262.522705078125 400.0251770019531
v -1194.9998779296875 -1242.47265625 400.0251770019531
v -1139.9974365234375 -332.0409240722656 2049.975341796875
v -1139.9996337890625 -702.0908203125 2049.975341796875
v -1139.9996337890625 -702.0906982421875 2390.025146484375
v -1139.9974365234375 -332.0408020019531 2390.025146484375
v -1139.997314453125 -332.0409240722656 1644.9752197265625
v -1139.9996337890625 -702.0908203125 1644.9752197265625
v -1139.9996337890625 -702.0908203125 1985.025146484375
v -1139.9974365234375 -332.0409240722656 1985.025146484375
v -1139.997314453125 -332.0409240722656 1244.97509765625
v -1139.9996337890625 -702.0908203125 1244.97509765625
v -1139.9996337890625 -702.0908203125 1585.025146484375
v -1139.997314453125 -332.0409240722656 1585.025146484375
v -1139.997314453125 -331.9952697753906 849.97509765625
v -1139.9996337890625 -702.045166015625 849.9751586914062
v -1139.9996337890625 -702.0450439453125 1190.025146484375
v -1139.997314453125 -331.9951477050781 1190.025146484375
v -1140.00830078125 917.978271484375 1244.9749755859375
v -1140.0106201171875 547.9281616210938 1244.9749755859375
v -1140.0106201171875 547.92822265625 1585.0250244140625
v -1140.00830078125 917.978271484375 1585.0250244140625
v -1140.00830078125 917.978271484375 1644.97509765625
v -1140.0106201171875 547.92822265625 1644.97509765625
v -1140.0106201171875 547.92822265625 1985.0250244140625
v -1140.0084228515625 917.9783325195312 1985.0250244140625
v -1140.0084228515625 917.9783325195312 2049.97509765625
v -1140.0106201171875 547.9282836914062 2049.97509765625
v -1140.0106201171875 547.9282836914062 2390.02490234375
v -1140.0084228515625 917.9783325195312 2390.02490234375
v -1140.00830078125 918.0240478515625 849.9749755859375
v -1140.0106201171875 547.9739379882812 849.9750366210938
v -1140.0106201171875 547.9739379882812 1190.0250244140625
v -1140.00830078125 918.0240478515625 1190.0250244140625
v 990.50830078125 937.5000610351562 849.9750366210938
v 620.458251953125 937.4971923828125 849.9750366210938
v 620.458251953125 937.4971923828125 1190.0250244140625
v 990.50830078125 937.5001220703125 1190.025146484375
v 990.4625244140625 937.5001220703125 1244.97509765625
v 620.4124755859375 937.4971923828125 1244.9749755859375
v 620.412353515625 937.4972534179688 1585.0250244140625
v 990.46240234375 937.5001220703125 1585.025146484375
v 990.46240234375 937.5001220703125 1644.9752197265625
v 620.412353515625 937.4972534179688 1644.97509765625
v 620.412353515625 937.497314453125 1985.0250244140625
v 990.46240234375 937.5001220703125 1985.025146484375
v -4.491784572601318 937.511474609375 849.9749755859375
v -374.5417785644531 937.5086059570312 849.9749755859375
v -374.54180908203125 937.5086669921875 1190.0250244140625
v -4.491784572601318 937.5115356445312 1190.0250244140625
v -4.541039943695068 937.511474609375 1244.9749755859375
v -374.59100341796875 937.5086669921875 1244.9749755859375
v -374.59100341796875 937.5086669921875 1585.0250244140625
v -4.541039943695068 937.5115356445312 1585.0250244140625
v -4.541039943695068 937.5115356445312 1644.97509765625
v -374.59100341796875 937.5086669921875 1644.97509765625
v -374.5910339355469 937.5086669921875 1985.0250244140625
v -4.541039943695068 937.5115966796875 1985.0250244140625
v 503.1217956542969 967.5095825195312 1799.9749755859375
v 403.0718078613281 967.509033203125 1799.9749755859375
v 403.0718078613281 967.509033203125 1900.0250244140625
v 503.1217956542969 967.5096435546875 1900.0250244140625
v 503.1217956542969 967.5095825195312 1399.9749755859375
v 403.0718078613281 967.5089721679688 1399.9749755859375
v 403.0718078613281 967.509033203125 1500.0250244140625
v 503.1217956542969 967.5095825195312 1500.0250244140625
v 503.1219177246094 967.509521484375 999.9750366210938
v 403.0719299316406 967.5089721679688 999.9750366210938
v 403.0719299316406 967.5089721679688 1100.0250244140625
v 503.1219177246094 967.509521484375 1100.0250244140625
v 214.77236938476562 967.513916015625 1799.9749755859375
v 114.7224349975586 967.5131225585938 1799.9749755859375
v 114.7224349975586 967.5131225585938 1900.0250244140625
v 214.77236938476562 967.513916015625 1900.0250244140625
v 214.77236938476562 967.5138549804688 1399.9749755859375
v 114.7224349975586 967.5130615234375 1399.9749755859375
v 114.7224349975586 967.5131225585938 1500.0250244140625
v 214.77236938476562 967.5138549804688 1500.0250244140625
v 214.77236938476562 967.5137939453125 999.9750366210938
v 114.7224349975586 967.5130615234375 999.9750366210938
v 114.7224349975586 967.5130615234375 1100.0250244140625
v 214.77236938476562 967.5138549804688 1100.0250244140625
v 990.4627685546875 937.4996337890625 2046.0318603515625
v 620.4127197265625 937.496826171875 2046.03173828125
v 620.4127197265625 937.496826171875 2386.08154296875
v 990.4627685546875 937.4996948242188 2386.08154296875
v 503.1214294433594 967.5044555664062 2196.03173828125
v 403.0714416503906 967.5038452148438 2196.03173828125
v 403.0714416503906 967.50390625 2296.08154296875
v 503.1214294433594 967.5044555664062 2296.08154296875
v 214.77896118164062 967.5045166015625 2196.03173828125
v 114.72908782958984 967.5037841796875 2196.03173828125
v 114.72908782958984 967.5037841796875 2296.08154296875
v 214.77896118164062 967.5045166015625 2296.08154296875
v -4.544518947601318 937.511962890625 2046.03173828125
v -374.5945739746094 937.5090942382812 2046.03173828125
v -374.5945739746094 937.5091552734375 2386.08154296875
v -4.544579982757568 937.5120239257812 2386.08154296875
v -870.01708984375 290.7074890136719 999.9752197265625
v -870.0165405273438 190.65756225585938 999.9752197265625
v -870.0165405273438 190.65756225585938 1100.025390625
v -870.01708984375 290.7074890136719 1100.025390625
v -870.0216064453125 2.3581299781799316 999.9752807617188
v -870.0211181640625 -97.6918716430664 999.9752807617188
v -870.0211181640625 -97.6918716430664 1100.025390625
v -870.0216064453125 2.3581299781799316 1100.025390625
v -870.01708984375 290.7075500488281 1399.975341796875
v -870.0165405273438 190.65762329101562 1399.975341796875
v -870.0165405273438 190.65762329101562 1500.025390625
v -870.01708984375 290.7075500488281 1500.025390625
v -870.0216674804688 2.3581299781799316 1399.975341796875
v -870.0211181640625 -97.6918716430664 1399.975341796875
v -870.0211181640625 -97.6918716430664 1500.025390625
v -870.0216674804688 2.3581299781799316 1500.025390625
v -870.01708984375 290.7075500488281 1799.9754638671875
v -870.0165405273438 190.65762329101562 1799.9754638671875
v -870.0165405273438 190.65768432617188 1900.0255126953125
v -870.01708984375 290.7076110839844 1900.0255126953125
v -870.0216674804688 2.3581299781799316 1799.9754638671875
v -870.0211181640625 -97.6918716430664 1799.9754638671875
v -870.0211181640625 -97.6918716430664 1900.0255126953125
v -870.0216674804688 2.3581299781799316 1900.0255126953125
v -870.028564453125 -1046.203857421875 999.9751586914062
v -870.0280151367188 -1146.25390625 999.9751586914062
v -870.0280151367188 -1146.25390625 1100.0252685546875
v -870.028564453125 -1046.203857421875 1100.0252685546875
v -870.028564453125 -1046.203857421875 1399.9752197265625
v -870.0280151367188 -1146.25390625 1399.9752197265625
v -870.0280151367188 -1146.25390625 1500.0252685546875
v -870.028564453125 -1046.203857421875 1500.0252685546875
v -870.028564453125 -1046.20361328125 1799.9752197265625
v -870.028076171875 -1146.253662109375 1799.9752197265625
v -870.028076171875 -1146.253662109375 1900.0252685546875
v -870.028564453125 -1046.20361328125 1900.0252685546875
v -1324.957275390625 1252.52001953125 780.0
v -1336.4805908203125 1264.043212890625 800.0
v -1150.0177001953125 1077.4595947265625 419.99993896484375
v 625.0427856445312 -447.4798889160156 775.0001831054688
v 624.982421875 -447.54022216796875 800.0001831054688
f 70 69 71
f 72 70 71
f 2132 2131 2133
f 2134 2132 2133
f 2128 2127 2129
f 2128 2129 2130
f 2116 2115 2117
f 2118 2116 2117
f 2112 2111 2113
f 2112 2113 2114
f 1844 1847 1822
f 1830 1833 1826
f 1833 1836 1826
f 1833 1844 1836
f 1844 1840 1836
f 1840 1844 1822
f 1823 1840 1822
f 1822 1821 1823
f 1836 1838 1826
f 1838 1823 1826
f 1823 1837 1826
f 1835 1837 1823
f 1837 1815 1826
f 1834 1827 1820
f 1827 1815 1820
f 1820 1815 1837
f 1851 1848 1829
f 1821 1851 1829
f 1821 1829 1823
f 1829 1832 1823
f 1832 1835 1823
f 1832 1845 1835
f 1845 1841 1835
f 1841 1845 1819
f 1820 1841 1819
f 1819 1818 1820
f 1845 1848 1819
f 1848 1851 1819
f 1851 1853 1819
f 1819 1853 1816
f 1853 1839 1816
f 1822 1839 1853
f 1843 1839 1822
f 1850 1843 1822
f 1847 1850 1822
f 1850 1847 1830
f 1824 1850 1830
f 1824 1830 1826
f 1825 1824 1826
f 1826 1839 1825
f 1825 1839 1843
f 1852 1854 1816
f 1854 1819 1816
f 1817 1815 1827
f 1816 1815 1817
f 1817 1842 1816
f 1842 1846 1816
f 1846 1842 1834
f 1831 1846 1834
f 1831 1834 1820
f 1828 1831 1820
f 1818 1828 1820
f 1818 1852 1828
f 1852 1849 1828
f 1849 1852 1816
f 1846 1849 1816
f 2124 2123 2125
f 2125 2123 2126
f 2122 2119 2120
f 2120 2119 2121
f 50 49 51
f 51 49 52
f 48 45 46
f 46 45 47
f 42 41 43
f 41 44 43
f 34 33 35
f 35 33 36
f 32 29 30
f 30 29 31
f 26 25 27
f 25 28 27
f 12 11 10
f 11 5 10
f 7 5 11
f 6 5 7
f 7 14 6
f 14 16 6
f 16 14 12
f 8 16 12
f 8 12 10
f 9 8 10
f 10 13 9
f 9 13 15
f 15 13 6
f 16 15 6
f 2374 2373 2375
f 2375 2373 2376
f 2370 2369 2371
f 2371 2369 2372
f 2362 2361 2363
f 2363 2361 2364
f 2358 2357 2359
f 2359 2357 2360
f 2354 2353 2355
f 2355 2353 2356
f 2350 2349 2351
f 2351 2349 2352
f 2346 2345 2347
f 2347 2345 2348
f 2342 2341 2343
f 2343 2341 2344
f 2338 2337 2339
f 2339 2337 2340
f 2334 2333 2335
f 2335 2333 2336
f 2330 2329 2331
f 2331 2329 2332
f 2326 2325 2327
f 2327 2325 2328
f 2322 2321 2323
f 2323 2321 2324
f 2318 2317 2319
f 2319 2317 2320
f 2295 2292 2293
f 2292 2291 2293
f 2293 2291 2294
f 2296 2293 2294
f 1730 1715 1712
f 1713 1730 1712
f 1712 1711 1713
f 1713 1711 1714
f 1714 1711 1716
f 1715 1714 1716
f 1716 1729 1715
f 1715 1729 1712
f 1729 1718 1712
f 1718 1726 1712
f 1728 1726 1718
f 1718 1717 1719
f 1719 1728 1718
f 1721 1726 1728
f 1727 1726 1721
f 1722 1727 1721
f 1721 1720 1722
f 1722 1720 1725
f 1720 1719 1725
f 1719 1711 1725
f 1717 1711 1719
f 1716 1711 1717
f 1724 1726 1727
f 1725 1726 1724
f 1724 1723 1725
f 1723 1722 1725
f 2289 2286 2287
f 2286 2285 2287
f 2287 2285 2288
f 2290 2287 2288
f 54 53 55
f 56 54 55
f 38 40 37
f 38 37 39
f 22 24 21
f 22 21 23
f 18 17 19
f 20 18 19
f 2 1 3
f 4 2 3
f 2282 2281 2283
f 2284 2282 2283
f 2278 2277 2279
f 2280 2278 2279
f 2274 2273 2275
f 2276 2274 2275
f 2270 2269 2271
f 2272 2270 2271
f 2266 2265 2267
f 2268 2266 2267
f 2259 2258 2260
f 2259 2260 2263
f 2261 2259 2264
f 2261 2258 2259
f 2261 2255 2258
f 2258 2255 2256
f 2256 2255 2257
f 2257 2262 2256
f 2244 2243 2245
f 2246 2244 2245
f 2240 2239 2241
f 2240 2241 2242
f 2228 2227 2229
f 2230 2228 2229
f 2224 2223 2225
f 2224 2225 2226
f 2212 2211 2213
f 2214 2212 2213
f 2208 2207 2209
f 2208 2209 2210
f 2196 2195 2197
f 2198 2196 2197
f 2192 2191 2193
f 2192 2193 2194
f 2180 2179 2181
f 2182 2180 2181
f 2176 2175 2177
f 2176 2177 2178
f 2164 2163 2165
f 2166 2164 2165
f 2160 2159 2161
f 2160 2161 2162
f 2148 2147 2149
f 2150 2148 2149
f 2144 2143 2145
f 2144 2145 2146
f 1812 1811 1813
f 1814 1812 1813
f 1808 1807 1809
f 1810 1808 1809
f 1736 1735 1737
f 1738 1736 1737
f 1708 1707 1709
f 1710 1708 1709
f 1704 1703 1705
f 1706 1704 1705
f 1700 1699 1701
f 1702 1700 1701
f 1696 1695 1697
f 1698 1696 1697
f 1692 1691 1693
f 1694 1692 1693
f 1688 1687 1689
f 1690 1688 1689
f 1684 1683 1685
f 1686 1684 1685
f 1680 1679 1681
f 1682 1680 1681
f 1676 1675 1677
f 1678 1676 1677
f 1672 1671 1673
f 1674 1672 1673
f 1668 1667 1669
f 1670 1668 1669
f 1664 1663 1665
f 1666 1664 1665
f 1660 1659 1661
f 1662 1660 1661
f 1656 1655 1657
f 1658 1656 1657
f 1652 1651 1653
f 1654 1652 1653
f 1648 1647 1649
f 1650 1648 1649
f 1644 1643 1645
f 1646 1644 1645
f 1640 1639 1641
f 1642 1640 1641
f 1636 1635 1637
f 1638 1636 1637
f 1632 1631 1628
f 1628 1633 1632
f 1629 1633 1628
f 1629 1628 1630
f 1634 1629 1630
f 1513 1512 1514
f 1515 1513 1514
f 1509 1508 1510
f 1511 1509 1510
f 1505 1504 1506
f 1507 1505 1506
f 1501 1500 1502
f 1503 1501 1502
f 1497 1496 1493
f 1493 1498 1497
f 1494 1498 1493
f 1494 1493 1495
f 1499 1494 1495
f 1378 1377 1379
f 1380 1378 1379
f 1374 1373 1375
f 1376 1374 1375
f 1370 1369 1371
f 1372 1370 1371
f 1366 1365 1367
f 1368 1366 1367
f 1362 1361 1358
f 1358 1363 1362
f 1359 1363 1358
f 1359 1358 1360
f 1364 1359 1360
f 1243 1242 1244
f 1245 1243 1244
f 1239 1238 1240
f 1241 1239 1240
f 1235 1234 1236
f 1237 1235 1236
f 1231 1230 1232
f 1233 1231 1232
f 1206 1205 1207
f 1208 1206 1207
f 1110 1109 1111
f 1112 1110 1111
f 1014 1013 1015
f 1016 1014 1015
f 1010 1009 1011
f 1012 1010 1011
f 1006 1005 1007
f 1008 1006 1007
f 1002 1001 1003
f 1004 1002 1003
f 998 997 999
f 1000 998 999
f 994 993 995
f 996 994 995
f 984 983 985
f 986 984 985
f 980 979 981
f 982 980 981
f 976 975 977
f 978 976 977
f 972 971 973
f 974 972 973
f 968 967 969
f 970 968 969
f 964 963 965
f 966 964 965
f 960 959 961
f 962 960 961
f 956 955 957
f 958 956 957
f 952 951 953
f 954 952 953
f 948 947 949
f 950 948 949
f 944 943 945
f 946 944 945
f 940 939 941
f 942 940 941
f 936 935 937
f 938 936 937
f 932 931 933
f 934 932 933
f 928 927 929
f 930 928 929
f 924 923 925
f 926 924 925
f 920 919 921
f 922 920 921
f 916 915 917
f 918 916 917
f 912 911 913
f 914 912 913
f 908 907 909
f 910 908 909
f 904 903 905
f 906 904 905
f 900 899 901
f 902 900 901
f 896 895 897
f 898 896 897
f 892 891 893
f 894 892 893
f 888 887 889
f 890 888 889
f 884 883 885
f 886 884 885
f 880 879 881
f 882 880 881
f 876 875 877
f 878 876 877
f 872 871 873
f 874 872 873
f 868 867 869
f 870 868 869
f 864 863 865
f 866 864 865
f 860 859 861
f 862 860 861
f 856 855 857
f 858 856 857
f 852 851 853
f 854 852 853
f 848 847 849
f 850 848 849
f 844 843 845
f 846 844 845
f 840 839 841
f 842 840 841
f 836 835 837
f 838 836 837
f 832 831 833
f 834 832 833
f 828 827 829
f 830 828 829
f 824 823 825
f 826 824 825
f 820 819 821
f 822 820 821
f 816 815 817
f 818 816 817
f 812 811 813
f 814 812 813
f 808 807 809
f 810 808 809
f 804 803 805
f 806 804 805
f 800 799 801
f 802 800 801
f 796 795 797
f 798 796 797
f 792 791 793
f 794 792 793
f 776 775 777
f 778 776 777
f 772 771 773
f 774 772 773
f 768 767 769
f 770 768 769
f 764 763 765
f 766 764 765
f 748 747 749
f 750 748 749
f 744 743 745
f 746 744 745
f 740 739 741
f 742 740 741
f 736 735 737
f 738 736 737
f 732 731 733
f 734 732 733
f 728 727 729
f 730 728 729
f 724 723 725
f 726 724 725
f 712 711 713
f 714 712 713
f 708 707 709
f 708 709 710
f 696 695 697
f 698 696 697
f 692 691 693
f 692 693 694
f 676 675 677
f 678 676 677
f 672 671 673
f 674 672 673
f 528 527 529
f 530 528 529
f 524 523 525
f 526 524 525
f 520 519 521
f 522 520 521
f 516 515 517
f 518 516 517
f 512 511 513
f 514 512 513
f 482 484 481
f 482 481 483
f 478 480 477
f 478 477 479
f 462 461 463
f 464 462 463
f 458 457 459
f 460 458 459
f 406 405 407
f 408 406 407
f 402 401 403
f 404 402 403
f 354 353 355
f 356 354 355
f 350 349 351
f 352 350 351
f 346 345 347
f 348 346 347
f 330 332 329
f 330 329 331
f 314 316 313
f 314 313 315
f 310 309 311
f 312 310 311
f 299 297 303
f 298 297 299
f 299 306 298
f 306 308 298
f 308 306 304
f 300 308 304
f 300 304 302
f 301 300 302
f 302 305 301
f 301 305 307
f 307 305 298
f 308 307 298
f 304 303 302
f 303 297 302
f 294 293 295
f 296 294 295
f 290 289 291
f 292 290 291
f 286 285 287
f 288 286 287
f 282 281 283
f 284 282 283
f 266 268 265
f 266 265 267
f 250 252 249
f 250 249 251
f 246 245 247
f 248 246 247
f 235 233 239
f 234 233 235
f 235 242 234
f 242 244 234
f 244 242 240
f 236 244 240
f 236 240 238
f 237 236 238
f 238 241 237
f 237 241 243
f 243 241 234
f 244 243 234
f 240 239 238
f 239 233 238
f 230 229 231
f 232 230 231
f 226 225 227
f 228 226 227
f 222 221 223
f 224 222 223
f 218 217 219
f 220 218 219
f 214 213 215
f 216 214 215
f 202 201 203
f 204 202 203
f 198 197 199
f 198 199 200
f 186 185 187
f 188 186 187
f 182 181 183
f 182 183 184
f 166 168 165
f 166 165 167
f 150 152 149
f 150 149 151
f 146 145 147
f 148 146 147
f 135 133 139
f 134 133 135
f 135 142 134
f 142 144 134
f 144 142 140
f 136 144 140
f 136 140 138
f 137 136 138
f 138 141 137
f 137 141 143
f 143 141 134
f 144 143 134
f 140 139 138
f 139 133 138
f 123 121 127
f 122 121 123
f 123 130 122
f 130 132 122
f 132 130 128
f 124 132 128
f 124 128 126
f 125 124 126
f 126 129 125
f 125 129 131
f 131 129 122
f 132 131 122
f 128 127 126
f 127 121 126
f 118 117 119
f 120 118 119
f 114 113 115
f 116 114 115
f 110 109 111
f 112 110 111
f 106 105 107
f 108 106 107
f 94 93 95
f 96 94 95
f 90 89 91
f 90 91 92
f 78 77 79
f 80 78 79
f 74 73 75
f 74 75 76
f 683 687 689
f 684 687 683
f 683 682 684
f 682 686 684
f 682 690 686
f 690 688 686
f 688 690 680
f 681 688 680
f 680 679 681
f 681 679 685
f 685 679 684
f 686 685 684
f 690 689 680
f 689 687 680
f 61 60 62
f 62 65 61
f 61 65 67
f 67 65 58
f 68 67 58
f 66 68 58
f 68 66 64
f 60 68 64
f 60 64 62
f 64 63 62
f 63 57 62
f 59 57 63
f 58 57 59
f 59 66 58
f 2252 2251 2253
f 2253 2251 2254
f 2250 2247 2248
f 2248 2247 2249
f 2236 2235 2237
f 2237 2235 2238
f 2234 2231 2232
f 2232 2231 2233
f 2220 2219 2221
f 2221 2219 2222
f 2218 2215 2216
f 2216 2215 2217
f 2204 2203 2205
f 2205 2203 2206
f 2202 2199 2200
f 2200 2199 2201
f 2188 2187 2189
f 2189 2187 2190
f 2186 2183 2184
f 2184 2183 2185
f 2172 2171 2173
f 2173 2171 2174
f 2170 2167 2168
f 2168 2167 2169
f 2156 2155 2157
f 2157 2155 2158
f 2154 2151 2152
f 2152 2151 2153
f 2140 2139 2141
f 2141 2139 2142
f 2138 2135 2136
f 2136 2135 2137
f 1734 1732 1733
f 1732 1731 1733
f 1224 1225 1229
f 1224 1223 1225
f 1223 1228 1225
f 1227 1228 1223
f 1223 1226 1227
f 1217 1218 1222
f 1217 1216 1218
f 1216 1221 1218
f 1220 1221 1216
f 1216 1219 1220
f 1210 1211 1215
f 1210 1209 1211
f 1209 1214 1211
f 1213 1214 1209
f 1209 1212 1213
f 990 988 992
f 990 987 988
f 2509 987 989
f 2509 989 991
f 84 81 82
f 82 81 83
f 86 85 87
f 87 85 88
f 100 97 98
f 98 97 99
f 102 101 103
f 103 101 104
f 154 153 155
f 153 156 155
f 160 157 158
f 158 157 159
f 162 161 163
f 163 161 164
f 170 169 171
f 169 172 171
f 176 173 174
f 174 173 175
f 178 177 179
f 179 177 180
f 192 189 190
f 190 189 191
f 194 193 195
f 195 193 196
f 208 205 206
f 206 205 207
f 210 209 211
f 211 209 212
f 254 253 255
f 253 256 255
f 260 257 258
f 258 257 259
f 262 261 263
f 263 261 264
f 270 269 271
f 269 272 271
f 276 273 274
f 274 273 275
f 278 277 279
f 279 277 280
f 318 317 319
f 317 320 319
f 324 321 322
f 322 321 323
f 326 325 327
f 327 325 328
f 334 333 335
f 333 336 335
f 340 337 338
f 338 337 339
f 342 341 343
f 343 341 344
f 508 506 510
f 508 505 506
f 2510 505 507
f 2510 507 509
f 789 786 787
f 786 785 787
f 2511 785 788
f 790 2511 788
f 702 699 700
f 700 699 701
f 704 703 705
f 705 703 706
f 718 715 716
f 716 715 717
f 720 719 721
f 721 719 722
f 754 752 755
f 754 756 752
f 2512 756 751
f 2512 751 753
f 758 757 759
f 757 762 759
f 2513 762 761
f 760 2513 761
f 782 780 784
f 782 779 780
f 780 779 781
f 780 781 783
f 418 417 419
f 420 418 419
f 1888 1890 1887
f 1888 1887 1889
f 1872 1874 1871
f 1872 1871 1873
f 1856 1858 1855
f 1856 1855 1857
f 1799 1804 1778
f 1760 1759 1761
f 1761 1773 1760
f 1760 1773 1777
f 1777 1773 1757
f 1778 1777 1757
f 1774 1778 1757
f 1778 1774 1799
f 1799 1774 1802
f 1802 1774 1767
f 1803 1802 1767
f 1770 1758 1761
f 1767 1770 1761
f 1759 1767 1761
f 1767 1759 1801
f 1801 1759 1806
f 1806 1759 1778
f 1805 1806 1778
f 1804 1805 1778
f 1805 1804 1803
f 1800 1805 1803
f 1800 1803 1767
f 1801 1800 1767
f 1795 1794 1780
f 1794 1753 1780
f 1785 1753 1794
f 1765 1753 1785
f 1753 1765 1755
f 1765 1768 1755
f 1768 1762 1755
f 1755 1762 1769
f 1769 1762 1761
f 1758 1769 1761
f 1785 1784 1765
f 1758 1774 1757
f 1757 1756 1758
f 1756 1766 1758
f 1766 1769 1758
f 1763 1762 1764
f 1764 1762 1752
f 1752 1762 1768
f 1744 1764 1752
f 1752 1776 1751
f 1751 1747 1752
f 1747 1744 1752
f 1744 1747 1743
f 1743 1742 1744
f 1742 1746 1744
f 1742 1750 1746
f 1750 1748 1746
f 1748 1750 1740
f 1741 1748 1740
f 1743 1747 1749
f 1749 1747 1740
f 1750 1749 1740
f 1780 1782 1751
f 1740 1739 1741
f 1741 1739 1745
f 1745 1739 1744
f 1746 1745 1744
f 1757 1773 1781
f 1781 1773 1754
f 1754 1773 1772
f 1782 1754 1772
f 1751 1782 1772
f 1772 1771 1751
f 1754 1753 1755
f 1755 1775 1754
f 1775 1779 1754
f 1779 1781 1754
f 1798 1797 1779
f 1797 1756 1779
f 1790 1756 1797
f 1766 1756 1790
f 1790 1789 1766
f 1789 1792 1766
f 1789 1798 1792
f 1798 1796 1792
f 1796 1798 1779
f 1788 1796 1779
f 1779 1775 1788
f 1788 1775 1791
f 1791 1775 1766
f 1792 1791 1766
f 1892 1891 1893
f 1891 1894 1893
f 1884 1883 1885
f 1885 1883 1886
f 1882 1879 1880
f 1880 1879 1881
f 1876 1875 1877
f 1875 1878 1877
f 1868 1867 1869
f 1869 1867 1870
f 1866 1863 1864
f 1864 1863 1865
f 1860 1859 1861
f 1859 1862 1861
f 373 372 374
f 372 375 374
f 375 376 374
f 381 380 375
f 372 381 375
f 374 388 373
f 373 388 385
f 385 384 373
f 384 382 373
f 383 382 384
f 385 388 387
f 387 386 385
f 370 369 371
f 371 369 374
f 377 371 374
f 376 377 374
f 376 379 377
f 379 378 377
f 2108 2107 2109
f 2109 2107 2110
f 2106 2103 2104
f 2104 2103 2105
f 2100 2099 2101
f 2099 2102 2101
f 2092 2091 2093
f 2093 2091 2094
f 2090 2087 2088
f 2088 2087 2089
f 2084 2083 2085
f 2083 2086 2085
f 2076 2075 2077
f 2077 2075 2078
f 2074 2071 2072
f 2072 2071 2073
f 2068 2067 2069
f 2067 2070 2069
f 2060 2059 2061
f 2061 2059 2062
f 2058 2055 2056
f 2056 2055 2057
f 2052 2051 2053
f 2051 2054 2053
f 2044 2043 2045
f 2045 2043 2046
f 2042 2039 2040
f 2040 2039 2041
f 2036 2035 2037
f 2035 2038 2037
f 2028 2027 2029
f 2029 2027 2030
f 2026 2023 2024
f 2024 2023 2025
f 2020 2019 2021
f 2019 2022 2021
f 2012 2011 2013
f 2013 2011 2014
f 2010 2007 2008
f 2008 2007 2009
f 2004 2003 2005
f 2003 2006 2005
f 1996 1995 1997
f 1997 1995 1998
f 1994 1991 1992
f 1992 1991 1993
f 1988 1987 1989
f 1987 1990 1989
f 1980 1979 1981
f 1981 1979 1982
f 1978 1975 1976
f 1976 1975 1977
f 1972 1971 1973
f 1971 1974 1973
f 1964 1963 1965
f 1965 1963 1966
f 1962 1959 1960
f 1960 1959 1961
f 1956 1955 1957
f 1955 1958 1957
f 1948 1947 1949
f 1949 1947 1950
f 1946 1943 1944
f 1944 1943 1945
f 1940 1939 1941
f 1939 1942 1941
f 1932 1931 1933
f 1933 1931 1934
f 1930 1927 1928
f 1928 1927 1929
f 1924 1923 1925
f 1923 1926 1925
f 1916 1915 1917
f 1917 1915 1918
f 1914 1911 1912
f 1912 1911 1913
f 1908 1907 1909
f 1907 1910 1909
f 1900 1899 1901
f 1901 1899 1902
f 1898 1895 1896
f 1896 1895 1897
f 1202 1201 1203
f 1203 1201 1204
f 1200 1197 1198
f 1198 1197 1199
f 1186 1185 1187
f 1187 1185 1188
f 1184 1181 1182
f 1182 1181 1183
f 1170 1169 1171
f 1171 1169 1172
f 1168 1165 1166
f 1166 1165 1167
f 1154 1153 1155
f 1155 1153 1156
f 1152 1149 1150
f 1150 1149 1151
f 1106 1105 1107
f 1107 1105 1108
f 1104 1101 1102
f 1102 1101 1103
f 1090 1089 1091
f 1091 1089 1092
f 1088 1085 1086
f 1086 1085 1087
f 1074 1073 1075
f 1075 1073 1076
f 1072 1069 1070
f 1070 1069 1071
f 1058 1057 1059
f 1059 1057 1060
f 1056 1053 1054
f 1054 1053 1055
f 450 449 451
f 449 452 451
f 446 445 447
f 445 448 447
f 438 437 439
f 439 437 441
f 440 439 441
f 441 444 440
f 440 444 443
f 442 440 443
f 1118 1117 1119
f 1121 1136 1120
f 1120 1119 1121
f 1119 1117 1121
f 1121 1117 1122
f 1122 1117 1124
f 1123 1122 1124
f 1124 1135 1123
f 1123 1135 1132
f 1135 1133 1132
f 1126 1133 1135
f 1132 1131 1120
f 1120 1136 1132
f 1136 1123 1132
f 1134 1133 1126
f 1127 1134 1126
f 1126 1125 1127
f 1127 1125 1130
f 1125 1117 1130
f 1124 1117 1125
f 1128 1127 1130
f 1129 1128 1130
f 1130 1133 1129
f 1129 1133 1134
f 434 433 435
f 433 436 435
f 430 429 431
f 429 432 431
f 426 425 427
f 425 428 427
f 390 389 391
f 391 389 394
f 395 391 394
f 392 395 394
f 392 397 395
f 397 396 395
f 393 392 394
f 394 400 393
f 393 400 399
f 399 398 393
f 1036 1035 1024
f 1028 1039 1027
f 1027 1039 1036
f 1040 1027 1036
f 1024 1040 1036
f 1025 1040 1024
f 1024 1023 1025
f 1023 1021 1025
f 1022 1021 1023
f 1025 1021 1026
f 1039 1037 1036
f 1030 1037 1039
f 1038 1037 1030
f 1031 1038 1030
f 1030 1029 1031
f 1031 1029 1034
f 1029 1021 1034
f 1028 1021 1029
f 1026 1021 1028
f 1027 1026 1028
f 1033 1037 1038
f 1034 1037 1033
f 1033 1032 1034
f 1032 1031 1034
f 366 365 367
f 368 366 367
f 362 361 363
f 364 362 363
f 358 357 359
f 360 358 359
f 2096 2098 2095
f 2096 2095 2097
f 2080 2082 2079
f 2080 2079 2081
f 2064 2066 2063
f 2064 2063 2065
f 2048 2050 2047
f 2048 2047 2049
f 2032 2034 2031
f 2032 2031 2033
f 2016 2018 2015
f 2016 2015 2017
f 2000 2002 1999
f 2000 1999 2001
f 1984 1986 1983
f 1984 1983 1985
f 1968 1970 1967
f 1968 1967 1969
f 1952 1954 1951
f 1952 1951 1953
f 1936 1938 1935
f 1936 1935 1937
f 1920 1922 1919
f 1920 1919 1921
f 1904 1906 1903
f 1904 1903 1905
f 1194 1193 1195
f 1196 1194 1195
f 1190 1189 1191
f 1190 1191 1192
f 1178 1177 1179
f 1180 1178 1179
f 1174 1173 1175
f 1174 1175 1176
f 1162 1161 1163
f 1164 1162 1163
f 1158 1157 1159
f 1158 1159 1160
f 1146 1145 1147
f 1148 1146 1147
f 1142 1141 1143
f 1142 1143 1144
f 1138 1137 1139
f 1140 1138 1139
f 1114 1113 1115
f 1116 1114 1115
f 1098 1097 1099
f 1100 1098 1099
f 1094 1093 1095
f 1094 1095 1096
f 1082 1081 1083
f 1084 1082 1083
f 1078 1077 1079
f 1078 1079 1080
f 1066 1065 1067
f 1068 1066 1067
f 1062 1061 1063
f 1062 1063 1064
f 1050 1049 1051
f 1052 1050 1051
f 1046 1045 1047
f 1046 1047 1048
f 1042 1041 1043
f 1044 1042 1043
f 1018 1017 1019
f 1020 1018 1019
f 502 501 503
f 504 502 503
f 498 497 499
f 500 498 499
f 494 493 495
f 496 494 495
f 490 489 491
f 492 490 491
f 486 485 487
f 488 486 487
f 474 473 475
f 476 474 475
f 470 469 471
f 472 470 471
f 466 465 467
f 468 466 467
f 454 453 455
f 456 454 455
f 422 421 423
f 424 422 423
f 410 409 411
f 411 416 410
f 416 415 410
f 413 415 416
f 414 415 413
f 413 412 414
f 412 409 414
f 411 409 412
f 1783 1776 1786
f 1786 1776 1765
f 1787 1786 1765
f 1784 1787 1765
f 1784 1795 1787
f 1795 1793 1787
f 1793 1795 1780
f 1783 1793 1780
f 1780 1776 1783
f 1776 1780 1751
f 532 534 531
f 532 531 533
f 548 550 547
f 548 547 549
f 544 546 543
f 544 543 545
f 540 542 539
f 540 539 541
f 536 538 535
f 536 535 537
f 1617 1616 1618
f 1619 1617 1618
f 1613 1612 1614
f 1614 1615 1613
f 1609 1611 1608
f 1609 1608 1610
f 1605 1607 1604
f 1605 1604 1606
f 1601 1603 1600
f 1601 1600 1602
f 1597 1599 1596
f 1597 1596 1598
f 1593 1595 1592
f 1593 1592 1594
f 1589 1591 1588
f 1589 1588 1590
f 1585 1587 1584
f 1585 1584 1586
f 1581 1583 1580
f 1581 1580 1582
f 1577 1579 1576
f 1577 1576 1578
f 1573 1575 1572
f 1573 1572 1574
f 1569 1571 1568
f 1569 1568 1570
f 1565 1567 1564
f 1565 1564 1566
f 1561 1563 1560
f 1561 1560 1562
f 1557 1559 1556
f 1557 1556 1558
f 1553 1555 1552
f 1553 1552 1554
f 1549 1551 1548
f 1549 1548 1550
f 1545 1547 1544
f 1545 1544 1546
f 1541 1543 1540
f 1541 1540 1542
f 1537 1539 1536
f 1537 1536 1538
f 1533 1535 1532
f 1533 1532 1534
f 1529 1531 1528
f 1529 1528 1530
f 1525 1527 1524
f 1525 1524 1526
f 1521 1523 1520
f 1521 1520 1522
f 1517 1519 1516
f 1517 1516 1518
f 1482 1481 1483
f 1484 1482 1483
f 1478 1477 1479
f 1479 1480 1478
f 1474 1476 1473
f 1474 1473 1475
f 1470 1472 1469
f 1470 1469 1471
f 1466 1468 1465
f 1466 1465 1467
f 1462 1464 1461
f 1462 1461 1463
f 1458 1460 1457
f 1458 1457 1459
f 1454 1456 1453
f 1454 1453 1455
f 1450 1452 1449
f 1450 1449 1451
f 1446 1448 1445
f 1446 1445 1447
f 1442 1444 1441
f 1442 1441 1443
f 1438 1440 1437
f 1438 1437 1439
f 1434 1436 1433
f 1434 1433 1435
f 1430 1432 1429
f 1430 1429 1431
f 1426 1428 1425
f 1426 1425 1427
f 1422 1424 1421
f 1422 1421 1423
f 1418 1420 1417
f 1418 1417 1419
f 1414 1416 1413
f 1414 1413 1415
f 1410 1412 1409
f 1410 1409 1411
f 1406 1408 1405
f 1406 1405 1407
f 1402 1404 1401
f 1402 1401 1403
f 1398 1400 1397
f 1398 1397 1399
f 1394 1396 1393
f 1394 1393 1395
f 1390 1392 1389
f 1390 1389 1391
f 1386 1388 1385
f 1386 1385 1387
f 1382 1384 1381
f 1382 1381 1383
f 1347 1346 1348
f 1349 1347 1348
f 1343 1342 1344
f 1344 1345 1343
f 1339 1341 1338
f 1339 1338 1340
f 1335 1337 1334
f 1335 1334 1336
f 1331 1333 1330
f 1331 1330 1332
f 1327 1329 1326
f 1327 1326 1328
f 1323 1325 1322
f 1323 1322 1324
f 1319 1321 1318
f 1319 1318 1320
f 1315 1317 1314
f 1315 1314 1316
f 1311 1313 1310
f 1311 1310 1312
f 1307 1309 1306
f 1307 1306 1308
f 1303 1305 1302
f 1303 1302 1304
f 1299 1301 1298
f 1299 1298 1300
f 1295 1297 1294
f 1295 1294 1296
f 1291 1293 1290
f 1291 1290 1292
f 1287 1289 1286
f 1287 1286 1288
f 1283 1285 1282
f 1283 1282 1284
f 1279 1281 1278
f 1279 1278 1280
f 1275 1277 1274
f 1275 1274 1276
f 1271 1273 1270
f 1271 1270 1272
f 1267 1269 1266
f 1267 1266 1268
f 1263 1265 1262
f 1263 1262 1264
f 1259 1261 1258
f 1259 1258 1260
f 1255 1257 1254
f 1255 1254 1256
f 1251 1253 1250
f 1251 1250 1252
f 1247 1249 1246
f 1247 1246 1248
f 600 599 601
f 602 600 601
f 596 595 597
f 597 598 596
f 592 594 591
f 592 591 593
f 588 590 587
f 588 587 589
f 584 586 583
f 584 583 585
f 580 582 579
f 580 579 581
f 576 578 575
f 576 575 577
f 572 574 571
f 572 571 573
f 568 570 567
f 568 567 569
f 564 566 563
f 564 563 565
f 560 562 559
f 560 559 561
f 556 558 555
f 556 555 557
f 552 554 551
f 552 551 553
f 603 604 606
f 604 603 605
f 610 607 608
f 608 607 609
f 1350 1351 1353
f 1351 1350 1352
f 1357 1354 1355
f 1355 1354 1356
f 1485 1486 1488
f 1486 1485 1487
f 1492 1489 1490
f 1490 1489 1491
f 1620 1621 1623
f 1621 1620 1622
f 1627 1624 1625
f 1625 1624 1626
f 618 615 616
f 616 615 617
f 659 658 660
f 661 660 662
f 662 660 654
f 660 658 654
f 658 656 654
f 657 656 658
f 654 653 655
f 655 662 654
f 648 647 649
f 646 645 647
f 645 652 647
f 647 652 649
f 649 652 651
f 650 649 651
f 644 643 645
f 643 652 645
f 2314 2313 2315
f 2316 2314 2315
f 2310 2309 2311
f 2312 2310 2311
f 2306 2305 2307
f 2308 2306 2307
f 2302 2301 2303
f 2304 2302 2303
f 2298 2297 2299
f 2300 2298 2299
f 668 667 669
f 670 668 669
f 664 663 665
f 666 664 665
f 622 619 620
f 620 619 621
f 626 623 624
f 624 623 625
f 630 627 628
f 628 627 629
f 634 631 632
f 632 631 633
f 638 635 636
f 636 635 637
f 642 639 640
f 640 639 641
f 614 611 612
f 612 611 613
f 2366 2365 2367
f 2367 2365 2368
f 2378 2377 2379
f 2379 2377 2380
f 2382 2381 2383
f 2383 2381 2384
f 2386 2385 2387
f 2387 2385 2388
f 2390 2389 2391
f 2391 2389 2392
f 2394 2393 2395
f 2395 2393 2396
f 2398 2397 2399
f 2399 2397 2400
f 2402 2401 2403
f 2403 2401 2404
f 2406 2405 2407
f 2407 2405 2408
f 2410 2409 2411
f 2411 2409 2412
f 2414 2413 2415
f 2415 2413 2416
f 2418 2417 2419
f 2419 2417 2420
f 2422 2421 2423
f 2423 2421 2424
f 2426 2425 2427
f 2427 2425 2428
f 2430 2429 2431
f 2431 2429 2432
f 2434 2433 2435
f 2435 2433 2436
f 2438 2437 2439
f 2439 2437 2440
f 2442 2441 2443
f 2443 2441 2444
f 2446 2445 2447
f 2447 2445 2448
f 2450 2449 2451
f 2451 2449 2452
f 2454 2453 2455
f 2455 2453 2456
f 2458 2457 2459
f 2459 2457 2460
f 2462 2461 2463
f 2463 2461 2464
f 2466 2465 2467
f 2467 2465 2468
f 2470 2469 2471
f 2471 2469 2472
f 2474 2473 2475
f 2475 2473 2476
f 2478 2477 2479
f 2479 2477 2480
f 2482 2481 2483
f 2483 2481 2484
f 2486 2485 2487
f 2487 2485 2488
f 2490 2489 2491
f 2491 2489 2492
f 2494 2493 2495
f 2495 2493 2496
f 2498 2497 2499
f 2499 2497 2500
f 2502 2501 2503
f 2503 2501 2504
f 2506 2505 2507
f 2507 2505 2508
