# from WaterfrontDistrict_Block16_Generic_0018_LOD_0.pskx
v 230.0841827392578 368.39593505859375 -1.5149047612794675e-05
v 224.7131805419922 357.01904296875 -1.4389221178134903e-05
v 230.0841827392578 368.39593505859375 0.9999848008155823
v 224.7131805419922 357.01904296875 0.9999855756759644
v 224.7131805419922 357.01904296875 -1.4389221178134903e-05
v 405.987548828125 272.52197265625 9.215045793098398e-07
v 224.7131805419922 357.01904296875 0.9999855756759644
v 405.987548828125 272.52197265625 1.0000009536743164
v 405.9875793457031 272.52197265625 9.215059435518924e-07
v 411.3586730957031 283.8989562988281 1.6167537353339867e-07
v 405.9875793457031 272.52197265625 1.0000007152557373
v 411.3586730957031 283.8989562988281 0.9999998807907104
v 411.3586730957031 283.8989562988281 1.616753166899798e-07
v 230.08419799804688 368.39593505859375 -1.5149045793805271e-05
v 411.3586730957031 283.8989562988281 0.9999998807907104
v 230.08419799804688 368.39593505859375 0.9999845623970032
v 405.9875793457031 272.52197265625 1.0000009536743164
v 230.0841827392578 368.39593505859375 0.9999848008155823
v 224.7131805419922 357.01904296875 0.9999855756759644
v 411.3586730957031 283.8989562988281 1.000000238418579
v -246.2584228515625 -1481.09130859375 -49.999874114990234
v -563.4948120117188 -1333.19091796875 -49.999900817871094
v -246.2584228515625 -1481.09130859375 390.0001220703125
v -563.4948120117188 -1333.19091796875 390.0001220703125
v -563.4948120117188 -1333.19091796875 -49.999900817871094
v -616.3023681640625 -1446.49658203125 -49.99759292602539
v -563.4948120117188 -1333.19091796875 390.0001220703125
v -616.302490234375 -1446.49658203125 390.0024108886719
v 2132.147216796875 -521.3256225585938 -49.99985122680664
v 1678.997802734375 -310.02203369140625 -49.9998893737793
v 1952.3756103515625 -437.49810791015625 0.00013058821787126362
v 1952.3756103515625 -437.49810791015625 200.96011352539062
v 1858.0377197265625 -393.50836181640625 200.96011352539062
v 2132.147216796875 -521.3255615234375 390.0001220703125
v 1678.997802734375 -310.02197265625 390.0001220703125
v 1858.0377197265625 -393.50836181640625 0.00012261886149644852
v 1678.9976806640625 -310.02203369140625 -49.9998893737793
v 1636.737060546875 -400.64703369140625 -49.99988555908203
v 1678.9976806640625 -310.02197265625 390.0001220703125
v 1636.737060546875 -400.64697265625 390.0001220703125
v 1636.737060546875 -400.64703369140625 -49.99988555908203
v 730.4260864257812 21.96038818359375 -49.999961853027344
v 1582.3583984375 -375.29052734375 -4.999892234802246
v 911.6871337890625 -62.560455322265625 361.00006103515625
v 784.803466796875 -3.395355224609375 361.00006103515625
v 1636.737060546875 -400.64697265625 390.0001220703125
v 1582.3583984375 -375.29046630859375 361.0001220703125
v 970.597412109375 -90.02999877929688 361.00006103515625
v 1392.03271484375 -286.542724609375 361.0000915527344
v 1455.474609375 -316.12530517578125 361.0000915527344
v 730.4260864257812 21.960418701171875 390.0000305175781
v 1455.474609375 -316.1253662109375 -4.999902725219727
v 784.803466796875 -3.3953857421875 -4.999959468841553
v 1392.03271484375 -286.54278564453125 -4.999907970428467
v 970.597412109375 -90.030029296875 -4.999943733215332
v 911.6871337890625 -62.56048583984375 -4.999948501586914
v 730.4260864257812 21.96044921875 -49.999961853027344
v 772.686767578125 112.58544921875 -49.999969482421875
v 730.4260864257812 21.960479736328125 390.0000305175781
v 772.686767578125 112.58547973632812 390.0000305175781
v 772.686767578125 112.58549499511719 -49.999969482421875
v 546.099853515625 218.22506713867188 -49.99998474121094
v 772.686767578125 112.58552551269531 389.99993896484375
v 546.099853515625 218.22509765625 389.9999084472656
v 546.099853515625 218.22506713867188 -49.99998474121094
v -246.25848388671875 -1481.091552734375 -49.999874114990234
v 51.660064697265625 -842.1658935546875 8.288247045129538e-05
v 292.5409851074219 -325.56524658203125 300.00006103515625
v 123.50177001953125 -688.092041015625 300.0000915527344
v 546.099853515625 218.22509765625 390.0
v 292.5409851074219 -325.56524658203125 100.00004577636719
v -246.25848388671875 -1481.091552734375 390.0001220703125
v 3.18804931640625 -946.12060546875 8.985168824438006e-05
v 3.188018798828125 -946.12060546875 248.9001007080078
v 123.50177001953125 -688.092041015625 100.00006866455078
v 51.6600341796875 -842.1658935546875 248.90008544921875
v 1455.474609375 -316.12530517578125 361.0000915527344
v 1582.3583984375 -375.29046630859375 361.0001220703125
v 1561.22802734375 -420.6060791015625 361.0001220703125
v 1434.34423828125 -361.44097900390625 361.0000915527344
v 1455.474609375 -316.1253662109375 -4.999902725219727
v 1561.22802734375 -420.60614013671875 -4.999888896942139
v 1582.3583984375 -375.29052734375 -4.999892234802246
v 1434.34423828125 -361.4410400390625 -4.999899387359619
v 1561.22802734375 -420.6060791015625 361.0001220703125
v 1582.3583984375 -375.29052734375 -4.999892234802246
v 1561.22802734375 -420.60614013671875 -4.999888896942139
v 1582.3583984375 -375.29046630859375 361.0001220703125
v 1434.34423828125 -361.44097900390625 361.0000915527344
v 1434.34423828125 -361.4410400390625 -4.999899387359619
v 1455.474609375 -316.1253662109375 -4.999902725219727
v 1455.474609375 -316.12530517578125 361.0000915527344
v 970.597412109375 -90.02999877929688 361.00006103515625
v 1392.03271484375 -286.542724609375 361.0000915527344
v 1370.90234375 -331.8583984375 361.0000915527344
v 949.4669799804688 -135.34564208984375 361.00006103515625
v 970.597412109375 -90.030029296875 -4.999943733215332
v 1370.90234375 -331.85845947265625 -4.999905109405518
v 1392.03271484375 -286.54278564453125 -4.999907970428467
v 949.4669799804688 -135.34567260742188 -4.999940872192383
v 1370.90234375 -331.8583984375 361.0000915527344
v 1392.03271484375 -286.54278564453125 -4.999907970428467
v 1370.90234375 -331.85845947265625 -4.999905109405518
v 1392.03271484375 -286.542724609375 361.0000915527344
v 949.4669799804688 -135.34564208984375 361.00006103515625
v 949.4669799804688 -135.34567260742188 -4.999940872192383
v 970.597412109375 -90.030029296875 -4.999943733215332
v 970.597412109375 -90.02999877929688 361.00006103515625
v 784.803466796875 -3.395355224609375 361.00006103515625
v 911.6871337890625 -62.560455322265625 361.00006103515625
v 890.5567016601562 -107.87606811523438 361.00006103515625
v 763.6730346679688 -48.710968017578125 361.00006103515625
v 784.803466796875 -3.3953857421875 -4.999959468841553
v 890.5567626953125 -107.8760986328125 -4.999945640563965
v 911.6871337890625 -62.56048583984375 -4.999948501586914
v 763.6730346679688 -48.71099853515625 -4.9999566078186035
v 890.5567016601562 -107.87606811523438 361.00006103515625
v 911.6871337890625 -62.56048583984375 -4.999948501586914
v 890.5567626953125 -107.8760986328125 -4.999945640563965
v 911.6871337890625 -62.560455322265625 361.00006103515625
v 763.6730346679688 -48.710968017578125 361.00006103515625
v 763.6730346679688 -48.71099853515625 -4.9999566078186035
v 784.803466796875 -3.3953857421875 -4.999959468841553
v 784.803466796875 -3.395355224609375 361.00006103515625
v 92.95050048828125 429.55322265625 -50.00002670288086
v -133.6485595703125 535.16845703125 -50.00044631958008
v 92.95046997070312 429.55328369140625 389.9999084472656
v -133.6485595703125 535.16845703125 389.9994812011719
v -133.6485595703125 535.16845703125 -50.00044631958008
v -175.909423828125 444.54345703125 -50.00044250488281
v -133.6485595703125 535.16845703125 389.99957275390625
v -175.909423828125 444.5434875488281 389.9996032714844
v -175.909423828125 444.5434265136719 -50.00044250488281
v -1082.171630859375 867.1509399414062 -50.00051498413086
v -230.28765869140625 469.90106201171875 -5.0004448890686035
v -900.9525146484375 782.6449584960938 360.9995422363281
v -1027.8348388671875 841.8126831054688 360.99951171875
v -175.909423828125 444.54345703125 389.9996032714844
v -230.28765869140625 469.90106201171875 360.99957275390625
v -842.042724609375 755.1741943359375 360.9995422363281
v -420.61138916015625 558.6527099609375 360.99957275390625
v -357.170166015625 529.06884765625 360.99957275390625
v -1082.171630859375 867.1510009765625 389.99951171875
v -357.170166015625 529.0687866210938 -5.000455856323242
v -1027.8348388671875 841.8126220703125 -5.00051212310791
v -420.61138916015625 558.6527099609375 -5.000460624694824
v -842.042724609375 755.1741943359375 -5.0004963874816895
v -900.9525146484375 782.6448974609375 -5.0005011558532715
v -1082.171630859375 867.1509399414062 -50.00051498413086
v -1039.947265625 957.8003540039062 -50.0001220703125
v -1082.171630859375 867.1510009765625 389.99951171875
v -1039.947265625 957.8004150390625 389.9998779296875
v -1039.947265625 957.80029296875 -50.0001220703125
v -1493.096923828125 1169.10400390625 -50.000160217285156
v -1039.947265625 957.8003540039062 389.9998779296875
v -1493.096923828125 1169.10400390625 389.99981689453125
v -2338.311767578125 -643.5181884765625 -50.00004196166992
v -978.8511962890625 -1277.42919921875 -49.99992370605469
v -2245.39404296875 -686.8453369140625 49.999969482421875
v -1794.69970703125 -897.00244140625 250.00001525878906
v -1522.80615234375 -1023.7852783203125 250.00003051757812
v -2338.311767578125 -643.5181274414062 389.9999694824219
v -2245.39404296875 -686.8453369140625 249.99996948242188
v -1973.500732421875 -813.628173828125 249.99998474121094
v -978.851318359375 -1277.42919921875 390.00006103515625
v -1071.5247802734375 -1234.216064453125 248.9370574951172
v -1973.500732421875 -813.628173828125 49.99999237060547
v -1071.524658203125 -1234.216064453125 50.00006866455078
v -1794.69970703125 -897.00244140625 50.00000762939453
v -1522.80615234375 -1023.7852783203125 50.000030517578125
v -1341.51953125 -1108.3184814453125 50.00004577636719
v -1341.51953125 -1108.3184814453125 248.93702697753906
v -978.8511962890625 -1277.42919921875 -49.99992370605469
v -894.3297119140625 -1096.17919921875 -49.999935150146484
v -978.851318359375 -1277.42919921875 390.00006103515625
v -894.329833984375 -1096.17919921875 390.00006103515625
v -894.3297119140625 -1096.17919921875 -49.999935150146484
v -1438.116455078125 -842.6148681640625 -49.99998092651367
v -894.329833984375 -1096.17919921875 390.00006103515625
v -1438.116455078125 -842.6148681640625 390.0
v -1438.116455078125 -842.6148681640625 -49.99998092651367
v -952.105712890625 199.6214599609375 -50.00005340576172
v -1222.5782470703125 -380.399169921875 -1.3185200259613339e-05
v -1222.5782470703125 -380.399169921875 248.89999389648438
v -1174.1031494140625 -276.446044921875 248.8999786376953
v -1438.116455078125 -842.6148681640625 390.0
v -952.105712890625 199.62149047851562 389.99993896484375
v -1174.1031494140625 -276.446044921875 -2.0154153389739804e-05
v -952.105712890625 199.62159729003906 -50.00005340576172
v -181.7564697265625 -159.58248901367188 -49.99919128417969
v -625.8323974609375 47.4844970703125 -2.4507382477167994e-05
v -625.8323974609375 47.48451232910156 248.8999786376953
v -521.8780517578125 -0.988067626953125 248.89999389648438
v -952.105712890625 199.62164306640625 389.99993896484375
v -181.7564697265625 -159.58245849609375 390.0008239746094
v -521.8780517578125 -0.98809814453125 -1.5725785488029942e-05
v -181.7564697265625 -159.58245849609375 -49.99919128417969
v 92.95046997070312 429.55316162109375 -50.00002670288086
v -181.7564697265625 -159.58242797851562 390.000732421875
v 92.950439453125 429.55316162109375 389.9999084472656
v -357.170166015625 529.06884765625 360.99957275390625
v -230.28765869140625 469.90106201171875 360.99957275390625
v -251.4189453125 424.58587646484375 360.9996032714844
v -378.30145263671875 483.753662109375 360.99957275390625
v -357.170166015625 529.0687866210938 -5.000455856323242
v -251.4189453125 424.58587646484375 -5.000441551208496
v -230.28765869140625 469.90106201171875 -5.0004448890686035
v -378.30145263671875 483.75360107421875 -5.000452041625977
v -251.4189453125 424.58587646484375 360.9996032714844
v -230.28765869140625 469.90106201171875 -5.0004448890686035
v -251.4189453125 424.58587646484375 -5.000441551208496
v -230.28765869140625 469.90106201171875 360.99957275390625
v -378.30145263671875 483.753662109375 360.99957275390625
v -378.30145263671875 483.75360107421875 -5.000452041625977
v -357.170166015625 529.0687866210938 -5.000455856323242
v -357.170166015625 529.06884765625 360.99957275390625
v -842.042724609375 755.1741943359375 360.9995422363281
v -420.61138916015625 558.6527099609375 360.99957275390625
v -441.74267578125 513.3375244140625 360.99957275390625
v -863.174072265625 709.8590087890625 360.9995422363281
v -842.042724609375 755.1741943359375 -5.0004963874816895
v -441.74267578125 513.3375244140625 -5.000457763671875
v -420.61138916015625 558.6527099609375 -5.000460624694824
v -863.174072265625 709.8590087890625 -5.00049352645874
v -441.74267578125 513.3375244140625 360.99957275390625
v -420.61138916015625 558.6527099609375 -5.000460624694824
v -441.74267578125 513.3375244140625 -5.000457763671875
v -420.61138916015625 558.6527099609375 360.99957275390625
v -863.174072265625 709.8590087890625 360.9995422363281
v -863.174072265625 709.8590087890625 -5.00049352645874
v -842.042724609375 755.1741943359375 -5.0004963874816895
v -842.042724609375 755.1741943359375 360.9995422363281
v -1027.8348388671875 841.8126831054688 360.99951171875
v -900.9525146484375 782.6449584960938 360.9995422363281
v -922.0838623046875 737.3297729492188 360.9995422363281
v -1048.9661865234375 796.4974975585938 360.9995422363281
v -1027.8348388671875 841.8126220703125 -5.00051212310791
v -922.0838623046875 737.3297119140625 -5.000498294830322
v -900.9525146484375 782.6448974609375 -5.0005011558532715
v -1048.9661865234375 796.4974365234375 -5.000509262084961
v -922.0838623046875 737.3297729492188 360.9995422363281
v -900.9525146484375 782.6448974609375 -5.0005011558532715
v -922.0838623046875 737.3297119140625 -5.000498294830322
v -900.9525146484375 782.6449584960938 360.9995422363281
v -1048.9661865234375 796.4974975585938 360.9995422363281
v -1048.9661865234375 796.4974365234375 -5.000509262084961
v -1027.8348388671875 841.8126220703125 -5.00051212310791
v -1027.8348388671875 841.8126831054688 360.99951171875
v -1973.500732421875 -813.628173828125 249.99998474121094
v -2245.39404296875 -686.8453369140625 249.99996948242188
v -2241.158203125 -677.7609252929688 249.99996948242188
v -1969.2646484375 -804.5438232421875 249.99998474121094
v -1973.500732421875 -813.628173828125 49.99999237060547
v -2241.158203125 -677.7609252929688 49.999969482421875
v -2245.39404296875 -686.8453369140625 49.999969482421875
v -1969.2646484375 -804.5438232421875 49.99999237060547
v -2241.158203125 -677.7609252929688 249.99996948242188
v -2245.39404296875 -686.8453369140625 49.999969482421875
v -2241.158203125 -677.7609252929688 49.999969482421875
v -2245.39404296875 -686.8453369140625 249.99996948242188
v -1969.2646484375 -804.5438232421875 249.99998474121094
v -1969.2646484375 -804.5438232421875 49.99999237060547
v -1973.500732421875 -813.628173828125 49.99999237060547
v -1973.500732421875 -813.628173828125 249.99998474121094
v -1522.80615234375 -1023.7852783203125 250.00003051757812
v -1794.69970703125 -897.00244140625 250.00001525878906
v -1790.470947265625 -887.9337158203125 250.00001525878906
v -1518.577392578125 -1014.716552734375 250.00001525878906
v -1522.80615234375 -1023.7852783203125 50.000030517578125
v -1790.470947265625 -887.9337158203125 50.00000762939453
v -1794.69970703125 -897.00244140625 50.00000762939453
v -1518.577392578125 -1014.716552734375 50.000030517578125
v -1790.470947265625 -887.9337158203125 250.00001525878906
v -1794.69970703125 -897.00244140625 50.00000762939453
v -1790.470947265625 -887.9337158203125 50.00000762939453
v -1794.69970703125 -897.00244140625 250.00001525878906
v -1518.577392578125 -1014.716552734375 250.00001525878906
v -1518.577392578125 -1014.716552734375 50.000030517578125
v -1522.80615234375 -1023.7852783203125 50.000030517578125
v -1522.80615234375 -1023.7852783203125 250.00003051757812
v -1071.5247802734375 -1234.216064453125 248.9370574951172
v -1341.51953125 -1108.3184814453125 248.93702697753906
v -1337.2928466796875 -1099.2540283203125 248.93702697753906
v -1067.2979736328125 -1225.151611328125 248.9370574951172
v -1071.524658203125 -1234.216064453125 50.00006866455078
v -1337.2928466796875 -1099.2540283203125 50.00004577636719
v -1341.51953125 -1108.3184814453125 50.00004577636719
v -1067.2978515625 -1225.151611328125 50.00006866455078
v -1337.2928466796875 -1099.2540283203125 248.93702697753906
v -1341.51953125 -1108.3184814453125 50.00004577636719
v -1337.2928466796875 -1099.2540283203125 50.00004577636719
v -1341.51953125 -1108.3184814453125 248.93702697753906
v -1067.2979736328125 -1225.151611328125 248.9370574951172
v -1067.2978515625 -1225.151611328125 50.00006866455078
v -1071.524658203125 -1234.216064453125 50.00006866455078
v -1071.5247802734375 -1234.216064453125 248.9370574951172
v 546.099853515625 218.22506713867188 1.1792795703513548e-05
v 92.93829345703125 429.52874755859375 -2.6488285584491678e-05
v -181.7442626953125 -159.58255004882812 1.3006702829443384e-05
v -246.2706298828125 -1481.11572265625 0.00012571827392093837
v -952.117919921875 199.62149047851562 -5.207001595408656e-05
v -894.317626953125 -1096.20361328125 6.374115764629096e-05
v -616.3023681640625 -1446.49658203125 0.0001065171672962606
v -563.4826049804688 -1333.21533203125 9.892262460198253e-05
v -1438.092041015625 -842.6392822265625 1.780470302037429e-05
v -978.8389892578125 -1277.45361328125 7.589197048218921e-05
v -595.1720581054688 -1401.18408203125 -49.99989700317383
v -685.8336181640625 -1358.89892578125 -49.99990463256836
v -595.1720581054688 -1401.18408203125 250.00010681152344
v -685.833740234375 -1358.89892578125 250.00009155273438
v -685.8336181640625 -1358.89892578125 -49.99990463256836
v -706.9639892578125 -1404.21142578125 -49.999900817871094
v -685.833740234375 -1358.89892578125 250.00009155273438
v -706.9639892578125 -1404.21142578125 250.00010681152344
v -706.9639892578125 -1404.21142578125 -49.999900817871094
v -616.2901611328125 -1446.49658203125 -49.99989318847656
v -706.9639892578125 -1404.21142578125 250.00010681152344
v -616.2901611328125 -1446.49658203125 250.00010681152344
v -957.720947265625 -1232.11669921875 250.0000762939453
v -685.833740234375 -1358.89892578125 250.00009155273438
v -706.9595947265625 -1404.2020263671875 250.00010681152344
v -978.851318359375 -1277.42919921875 250.0000762939453
v -595.1720581054688 -1401.15966796875 250.00010681152344
v -957.720947265625 -1232.1168212890625 250.0000762939453
v -595.1720581054688 -1401.15966796875 390.0001220703125
v -957.720947265625 -1232.1168212890625 390.00006103515625
v -978.851318359375 -1277.42919921875 250.0000762939453
v -616.3023681640625 -1446.47216796875 250.00010681152344
v -616.302490234375 -1446.47216796875 390.0001220703125
v -978.8388671875 -1277.45361328125 -49.99992370605469
v -888.2261962890625 -1319.68994140625 -49.999916076660156
v -978.8389892578125 -1277.45361328125 250.0000762939453
v -888.226318359375 -1319.68994140625 250.0000762939453
v -888.22607421875 -1319.68994140625 -49.999916076660156
v -867.095703125 -1274.37744140625 -49.99991989135742
v -888.2261962890625 -1319.68994140625 250.0000762939453
v -867.0958251953125 -1274.37744140625 250.0000762939453
v -867.095703125 -1274.37744140625 -49.99991989135742
v -957.70849609375 -1232.14111328125 -49.99992752075195
v -867.0958251953125 -1274.37744140625 250.0000762939453
v -957.7086181640625 -1232.14111328125 250.0000762939453
v -1019.7569580078125 -1424.0845947265625 8.692227129358798e-05
v -658.5997314453125 -1537.34130859375 0.00011261018516961485
v -998.626708984375 -1378.7720947265625 8.38845589896664e-05
v -679.7301025390625 -1582.65380859375 0.00011564789747353643
v -1019.7569580078125 -1424.0845947265625 -24.999914169311523
v -679.7301025390625 -1582.65380859375 0.00011564789747353643
v -1019.7569580078125 -1424.0845947265625 8.692227129358798e-05
v -679.7301025390625 -1582.65380859375 -24.9998836517334
v -1040.8873291015625 -1469.3970947265625 -24.999910354614258
v -679.7301025390625 -1582.65380859375 -24.9998836517334
v -1019.7569580078125 -1424.0845947265625 -24.999914169311523
v -700.8604736328125 -1627.96630859375 -24.999881744384766
v -1040.8873291015625 -1469.3970947265625 -49.99991226196289
v -700.8604736328125 -1627.96630859375 -24.999881744384766
v -1040.8873291015625 -1469.3970947265625 -24.999910354614258
v -700.8604736328125 -1627.96630859375 -49.999881744384766
v -658.5997314453125 -1537.36572265625 0.00011261232430115342
v -956.3536376953125 -1288.14697265625 7.78096800786443e-05
v -616.3389892578125 -1446.74072265625 0.00010653691424522549
v -979.0220947265625 -1277.57568359375 -49.99992370605469
v -1021.2828369140625 -1368.2008056640625 -49.999916076660156
v -979.0220947265625 -1277.57568359375 100.00007629394531
v -1021.2828369140625 -1368.2008056640625 100.00008392333984
v -998.626708984375 -1378.7720947265625 -49.999916076660156
v -956.365966796875 -1288.14697265625 -49.99992370605469
v -998.626708984375 -1378.7720947265625 100.00008392333984
v -956.365966796875 -1288.14697265625 100.00007629394531
v -1021.2828369140625 -1368.2008056640625 100.00008392333984
v -998.626708984375 -1378.7720947265625 100.00008392333984
v -979.0220947265625 -1277.57568359375 100.00007629394531
v -956.365966796875 -1288.14697265625 100.00007629394531
v -1063.5435791015625 -1458.8258056640625 50.00008773803711
v -1063.5435791015625 -1458.8258056640625 -99.99990844726562
v -1063.5435791015625 -1458.8258056640625 -99.99990844726562
v -1040.8873291015625 -1469.3970947265625 -99.99990844726562
v -1063.5435791015625 -1458.8258056640625 50.00008773803711
v -1040.8873291015625 -1469.3970947265625 50.00008773803711
v -1040.8873291015625 -1469.3970947265625 -99.99990844726562
v -1040.8873291015625 -1469.3970947265625 50.00008773803711
v -1063.5435791015625 -1458.8258056640625 50.00008773803711
v -1040.8873291015625 -1469.3970947265625 50.00008773803711
v -617.3643798828125 -1448.76708984375 0.00010666922753443941
v -612.042236328125 -1437.43896484375 0.00010591153841232881
v -617.3643798828125 -1448.76708984375 1.0001063346862793
v -612.042236328125 -1437.43896484375 1.000105619430542
v -612.042236328125 -1437.43896484375 0.00010591153841232881
v -951.9102783203125 -1278.96728515625 7.720140274614096e-05
v -612.042236328125 -1437.43896484375 1.000105857849121
v -951.9102783203125 -1278.96728515625 1.000077247619629
v -951.910400390625 -1278.96728515625 7.720138819422573e-05
v -957.232666015625 -1290.29541015625 7.795907731633633e-05
v -951.910400390625 -1278.96728515625 1.000077247619629
v -957.232666015625 -1290.29541015625 1.0000779628753662
v -957.232666015625 -1290.29541015625 7.795907731633633e-05
v -617.3643798828125 -1448.76708984375 0.00010666922753443941
v -957.232666015625 -1290.29541015625 1.0000779628753662
v -617.3643798828125 -1448.76708984375 1.0001065731048584
v -951.910400390625 -1278.96728515625 1.000077247619629
v -617.3643798828125 -1448.76708984375 1.0001065731048584
v -612.042236328125 -1437.43896484375 1.000105857849121
v -957.232666015625 -1290.29541015625 1.0000779628753662
v 546.087646484375 218.22515869140625 -49.99998474121094
v 410.15020751953125 281.6284484863281 -50.0
v 546.087646484375 218.22518920898438 250.0
v 410.15020751953125 281.62847900390625 250.0
v 410.1501770019531 281.6284484863281 -50.0
v 389.031982421875 236.2915496826172 -49.999996185302734
v 410.1501770019531 281.62847900390625 250.0
v 389.031982421875 236.2915802001953 250.0
v 389.031982421875 236.29156494140625 -49.999996185302734
v 524.981689453125 172.88815307617188 -49.99998474121094
v 389.031982421875 236.2915802001953 250.0
v 524.981689453125 172.88818359375 250.00001525878906
v 92.92605590820312 429.5532531738281 249.99996948242188
v 410.1501770019531 281.62847900390625 250.0
v 389.03466796875 236.2974090576172 250.0
v 71.807861328125 384.21636962890625 249.99996948242188
v 546.087646484375 218.24957275390625 250.0
v 92.92605590820312 429.5532531738281 249.99996948242188
v 546.087646484375 218.2495880126953 390.0
v 92.92605590820312 429.55328369140625 390.0
v 71.80789184570312 384.21636962890625 249.99996948242188
v 524.969482421875 172.91265869140625 250.00001525878906
v 71.807861328125 384.21636962890625 390.0
v 524.969482421875 172.91265869140625 390.0
v 71.81997680664062 384.19183349609375 -50.000022888183594
v 207.769775390625 320.8129577636719 -50.0000114440918
v 71.81997680664062 384.1918640136719 249.99996948242188
v 207.76976013183594 320.81298828125 249.99998474121094
v 207.769775390625 320.8129577636719 -50.0000114440918
v 228.8878631591797 366.14984130859375 -50.00001525878906
v 207.76976013183594 320.81298828125 249.99998474121094
v 228.88784790039062 366.1498718261719 249.99998474121094
v 228.8878631591797 366.14984130859375 -50.00001525878906
v 92.93817138671875 429.52874755859375 -50.00002670288086
v 228.88784790039062 366.1498718261719 249.99998474121094
v 92.93814086914062 429.52874755859375 249.99996948242188
v -583.1116333007812 -1434.38720703125 375.0001220703125
v -990.9486083984375 -1244.2017822265625 375.00006103515625
v -927.5452880859375 -1108.26416015625 375.00006103515625
v -551.4098510742188 -1366.41845703125 375.0001220703125
v -193.8172607421875 -126.35498046875 375.0
v -234.210205078125 -1514.34326171875 375.0001220703125
v -964.1663818359375 232.87350463867188 374.99993896484375
v 558.2335205078125 184.97317504882812 375.0
v 59.7593994140625 417.41943359375 374.9999694824219
v -1471.331787109375 -854.6754150390625 375.0
v -2347.369384765625 -639.2945556640625 -50.00004196166992
v -2349.468994140625 -643.8843994140625 -50.00004196166992
v -2347.369384765625 -639.2944946289062 349.9999694824219
v -2349.468994140625 -643.8843383789062 349.9999694824219
v -2349.468994140625 -643.8843994140625 -50.00004196166992
v -2331.341552734375 -652.3316650390625 -50.00003433227539
v -2349.468994140625 -643.8843383789062 349.9999694824219
v -2331.341552734375 -652.3316040039062 349.9999694824219
v -2331.341552734375 -652.3316650390625 -50.00003433227539
v -2329.254150390625 -647.7418212890625 -50.000038146972656
v -2331.341552734375 -652.3316040039062 349.9999084472656
v -2329.254150390625 -647.7417602539062 349.9999084472656
v -2329.254150390625 -647.7418212890625 -50.000038146972656
v -2347.369384765625 -639.2945556640625 -50.00004196166992
v -2329.254150390625 -647.7417602539062 349.9999694824219
v -2347.369384765625 -639.2944946289062 349.9999694824219
v -2331.341552734375 -652.3316040039062 349.9999694824219
v -2347.369384765625 -639.2944946289062 349.9999694824219
v -2349.468994140625 -643.8843383789062 349.9999694824219
v -2329.254150390625 -647.7417602539062 349.9999694824219
v -618.719482421875 -1450.84228515625 375.0002136230469
v -612.506103515625 -1437.39013671875 375.0001220703125
v -618.719482421875 -1450.84228515625 395.0002136230469
v -612.506103515625 -1437.39013671875 395.0001220703125
v -612.506103515625 -1437.39013671875 375.0001220703125
v -1337.225341796875 -1099.4996337890625 375.0001220703125
v -612.506103515625 -1437.39013671875 395.0001220703125
v -1337.225341796875 -1099.4996337890625 395.0001220703125
v -1337.225341796875 -1099.4996337890625 375.0001220703125
v -1343.426513671875 -1112.9517822265625 375.0002136230469
v -1337.225341796875 -1099.4996337890625 395.0001220703125
v -1343.426513671875 -1112.9517822265625 395.0002136230469
v -1343.426513671875 -1112.9517822265625 375.0002136230469
v -618.7196044921875 -1450.84228515625 375.0002136230469
v -1343.426513671875 -1112.9517822265625 395.0002136230469
v -618.7196044921875 -1450.84228515625 395.0002136230469
v -1337.225341796875 -1099.4996337890625 375.0001220703125
v -612.506103515625 -1437.39013671875 375.0001220703125
v -618.719482421875 -1450.84228515625 375.0002136230469
v -1343.426513671875 -1112.9517822265625 375.0002136230469
v -1337.225341796875 -1099.4996337890625 395.0001220703125
v -618.719482421875 -1450.84228515625 395.0002136230469
v -612.506103515625 -1437.39013671875 395.0001220703125
v -1343.426513671875 -1112.9517822265625 395.0002136230469
v 2349.468994140625 -67.59024047851562 -49.99988555908203
v 2180.328369140625 -430.06597900390625 -49.99986267089844
v 2327.69189453125 -114.25942993164062 85.0001220703125
v 2327.69189453125 -114.2593994140625 281.9371337890625
v 2202.56689453125 -382.40771484375 281.9371643066406
v 2349.468994140625 -67.5902099609375 350.0001220703125
v 2180.328369140625 -430.06591796875 350.0001525878906
v 2202.56689453125 -382.40771484375 85.00013732910156
v 2200.2109375 -381.3082275390625 281.9371643066406
v 2202.56689453125 -382.40771484375 281.9371643066406
v 2325.335693359375 -113.15997314453125 281.9371337890625
v 2327.69189453125 -114.2593994140625 281.9371337890625
v 2200.2109375 -381.3082275390625 85.00013732910156
v 2325.335693359375 -113.16000366210938 85.0001220703125
v 2202.56689453125 -382.40771484375 85.00013732910156
v 2327.69189453125 -114.25942993164062 85.0001220703125
v 2325.335693359375 -113.15997314453125 281.9371337890625
v 2327.69189453125 -114.25942993164062 85.0001220703125
v 2325.335693359375 -113.16000366210938 85.0001220703125
v 2327.69189453125 -114.2593994140625 281.9371337890625
v 2200.2109375 -381.3082275390625 281.9371643066406
v 2200.2109375 -381.3082275390625 85.00013732910156
v 2202.56689453125 -382.40771484375 85.00013732910156
v 2202.56689453125 -382.40771484375 281.9371643066406
v -1453.558349609375 1265.49072265625 -50.00016403198242
v -1284.429931640625 1627.96630859375 -50.00019073486328
v -1431.782470703125 1312.160400390625 84.99982452392578
v -1431.782470703125 1312.160400390625 281.93682861328125
v -1306.6651611328125 1580.312255859375 281.93682861328125
v -1453.558349609375 1265.49072265625 349.99981689453125
v -1284.4300537109375 1627.96630859375 349.99981689453125
v -1306.6650390625 1580.312255859375 84.99980926513672
v -1304.3089599609375 1579.2127685546875 281.93682861328125
v -1306.6651611328125 1580.312255859375 281.93682861328125
v -1429.4263916015625 1311.0609130859375 281.93682861328125
v -1431.782470703125 1312.160400390625 281.93682861328125
v -1304.308837890625 1579.2127685546875 84.99980926513672
v -1429.4263916015625 1311.0609130859375 84.99982452392578
v -1306.6650390625 1580.312255859375 84.99980926513672
v -1431.782470703125 1312.160400390625 84.99982452392578
v -1429.4263916015625 1311.0609130859375 281.93682861328125
v -1431.782470703125 1312.160400390625 84.99982452392578
v -1429.4263916015625 1311.0609130859375 84.99982452392578
v -1431.782470703125 1312.160400390625 281.93682861328125
v -1304.3089599609375 1579.2127685546875 281.93682861328125
v -1304.308837890625 1579.2127685546875 84.99980926513672
v -1306.6650390625 1580.312255859375 84.99980926513672
v -1306.6651611328125 1580.312255859375 281.93682861328125
v 1699.005126953125 -208.3616943359375 1649.99462890625
v 1572.149658203125 -480.285400390625 1649.9947509765625
v 1684.208251953125 -240.0799560546875 1689.99462890625
v 1684.2081298828125 -240.07989501953125 1947.99462890625
v 1589.9305419921875 -442.1707763671875 1947.9947509765625
v 1699.0050048828125 -208.36166381835938 1974.99462890625
v 1572.149658203125 -480.28533935546875 1974.9947509765625
v 1589.9305419921875 -442.17083740234375 1689.9947509765625
v -1096.6981201171875 764.7584228515625 1649.9945068359375
v -969.8426513671875 1036.65771484375 1649.9945068359375
v -1079.7860107421875 801.0072631835938 1689.9945068359375
v -1079.7860107421875 801.00732421875 1947.9945068359375
v -985.5015869140625 1003.094970703125 1947.994384765625
v -1096.6981201171875 764.7584228515625 1974.9945068359375
v -969.8426513671875 1036.6578369140625 1974.9945068359375
v -985.5015869140625 1003.0949096679688 1689.994384765625
v 1706.304931640625 -642.2239990234375 849.9955444335938
v 1212.396240234375 -411.8529052734375 849.9955444335938
v 1670.05419921875 -625.3158569335938 879.9955444335938
v 1670.05419921875 -625.3157958984375 1245.99560546875
v 1248.639892578125 -428.7578125 1245.99560546875
v 1706.304931640625 -642.2239379882812 1299.9954833984375
v 1212.396240234375 -411.85284423828125 1299.995361328125
v 1248.639892578125 -428.75787353515625 879.9955444335938
v 1212.396240234375 -411.8529052734375 849.9955444335938
v 1148.992919921875 -547.8148193359375 849.9955444335938
v 1212.396240234375 -411.85284423828125 1299.995361328125
v 1148.992919921875 -547.8147583007812 1299.9954833984375
v 1642.901611328125 -778.1614990234375 849.99560546875
v 1706.304931640625 -642.2239990234375 849.9955444335938
v 1642.901611328125 -778.1614990234375 1299.9954833984375
v 1706.304931640625 -642.2239379882812 1299.9954833984375
v 1248.639892578125 -428.7578125 1245.99560546875
v 1670.05419921875 -625.3157958984375 1245.99560546875
v 1663.713623046875 -638.9098510742188 1245.99560546875
v 1242.29931640625 -442.351806640625 1245.99560546875
v 1248.639892578125 -428.75787353515625 879.9955444335938
v 1663.713623046875 -638.909912109375 879.9955444335938
v 1670.05419921875 -625.3158569335938 879.9955444335938
v 1242.29931640625 -442.35186767578125 879.9955444335938
v 1663.713623046875 -638.9098510742188 1245.99560546875
v 1670.05419921875 -625.3158569335938 879.9955444335938
v 1663.713623046875 -638.909912109375 879.9955444335938
v 1670.05419921875 -625.3157958984375 1245.99560546875
v 1242.29931640625 -442.351806640625 1245.99560546875
v 1242.29931640625 -442.35186767578125 879.9955444335938
v 1248.639892578125 -428.75787353515625 879.9955444335938
v 1248.639892578125 -428.7578125 1245.99560546875
v -826.702880859375 539.24560546875 849.9931030273438
v -1320.611572265625 769.6166381835938 849.9930419921875
v -862.95361328125 556.1537475585938 879.9929809570312
v -862.9537353515625 556.15380859375 1245.9931640625
v -1284.3680419921875 752.7117919921875 1245.9930419921875
v -826.7030029296875 539.24560546875 1299.9931640625
v -1320.6116943359375 769.61669921875 1299.9930419921875
v -1284.367919921875 752.7117919921875 879.992919921875
v -1320.611572265625 769.6166381835938 849.9930419921875
v -1384.014892578125 633.6546630859375 849.9931030273438
v -1320.6116943359375 769.61669921875 1299.9930419921875
v -1384.0150146484375 633.65478515625 1299.9930419921875
v -890.106201171875 403.3080749511719 849.9931030273438
v -826.702880859375 539.24560546875 849.9931030273438
v -890.1063232421875 403.30810546875 1299.9931640625
v -826.7030029296875 539.24560546875 1299.9931640625
v -1284.3680419921875 752.7117919921875 1245.9930419921875
v -862.9537353515625 556.15380859375 1245.9931640625
v -869.2943115234375 542.559814453125 1245.9931640625
v -1290.7086181640625 739.1177978515625 1245.9930419921875
v -1284.367919921875 752.7117919921875 879.992919921875
v -869.294189453125 542.5597534179688 879.9929809570312
v -862.95361328125 556.1537475585938 879.9929809570312
v -1290.70849609375 739.1177368164062 879.992919921875
v -869.2943115234375 542.559814453125 1245.9931640625
v -862.95361328125 556.1537475585938 879.9929809570312
v -869.294189453125 542.5597534179688 879.9929809570312
v -862.9537353515625 556.15380859375 1245.9931640625
v -1290.7086181640625 739.1177978515625 1245.9930419921875
v -1290.70849609375 739.1177368164062 879.992919921875
v -1284.367919921875 752.7117919921875 879.992919921875
v -1284.3680419921875 752.7117919921875 1245.9930419921875
v -1586.1634521484375 992.98095703125 849.9945068359375
v -1459.3079833984375 1264.88037109375 849.9945068359375
v -1569.2513427734375 1029.22998046875 889.9945678710938
v -1569.2513427734375 1029.22998046875 1147.9945068359375
v -1474.9669189453125 1231.317626953125 1147.9945068359375
v -1586.1634521484375 992.9810180664062 1174.994384765625
v -1459.3079833984375 1264.88037109375 1174.994384765625
v -1474.9669189453125 1231.3175048828125 889.9945678710938
v 2183.843994140625 -434.4603271484375 849.9947509765625
v 2056.988525390625 -706.3841552734375 849.9947509765625
v 2169.046875 -466.17864990234375 889.9948120117188
v 2169.046875 -466.1785888671875 1147.9949951171875
v 2074.76953125 -668.2694702148438 1147.9949951171875
v 2183.843994140625 -434.46026611328125 1174.994873046875
v 2056.988525390625 -706.3840942382812 1174.994873046875
v 2074.76953125 -668.26953125 889.9948120117188
v -295.025634765625 -106.75057983398438 3.4362994938419433e-06
v -390.155029296875 -310.70562744140625 1.71083756868029e-05
v -295.025634765625 -106.75057983398438 100.00000762939453
v -390.155029296875 -310.70562744140625 100.00001525878906
v -394.33917236328125 -318.43402099609375 1.7601114450371824e-05
v -394.33917236328125 -318.43402099609375 100.00001525878906
v -404.01495361328125 -329.9576416015625 1.81856030394556e-05
v -404.01495361328125 -329.9576416015625 100.00001525878906
v -421.185791015625 -340.495361328125 1.8356278815190308e-05
v -421.185791015625 -340.495361328125 100.00001525878906
v -433.929443359375 -345.42236328125 1.822997182898689e-05
v -433.929443359375 -345.42236328125 100.00001525878906
v -446.85821533203125 -349.83233642578125 1.8050364815280773e-05
v -446.85821533203125 -349.83233642578125 100.00001525878906
v -466.7763671875 -352.781982421875 1.7437580027035438e-05
v -466.7763671875 -352.781982421875 100.0
v -481.6148681640625 -350.16741943359375 1.6560397853027098e-05
v -481.6148681640625 -350.16741943359375 100.00001525878906
v -489.813232421875 -346.93609619140625 1.5919542420306243e-05
v -489.813232421875 -346.93609619140625 100.00001525878906
v -988.287353515625 -114.53857421875 -2.6186287868767977e-05
v -988.287353515625 -114.53857421875 99.9999771118164
v -988.287353515625 -114.53857421875 -2.6186287868767977e-05
v -1030.511474609375 -205.13916015625 -2.011140350077767e-05
v -988.287353515625 -114.53857421875 99.9999771118164
v -1030.511474609375 -205.13916015625 99.99998474121094
v -1030.511474609375 -205.13916015625 -2.011140350077767e-05
v -600.018310546875 -405.89605712890625 1.6256772141787224e-05
v -1030.511474609375 -205.13916015625 99.99998474121094
v -600.018310546875 -405.89605712890625 100.00001525878906
v -509.38104248046875 -448.13238525390625 2.3911068637971766e-05
v -509.381103515625 -448.13238525390625 100.0000228881836
v -509.38104248046875 -448.13238525390625 2.3911068637971766e-05
v -505.70965576171875 -449.9888916015625 2.4233851945609786e-05
v -509.381103515625 -448.13238525390625 100.00000762939453
v -505.709716796875 -449.9888916015625 100.0000228881836
v -487.463623046875 -457.49224853515625 2.568736999819521e-05
v -487.46368408203125 -457.49224853515625 100.00001525878906
v -465.46588134765625 -463.06341552734375 2.7135965865454637e-05
v -465.4659423828125 -463.06341552734375 100.00003051757812
v -447.4266357421875 -465.14453125 2.8106429454055615e-05
v -447.42669677734375 -465.14453125 100.00001525878906
v -427.05169677734375 -464.9200439453125 2.897742342611309e-05
v -427.0517578125 -464.9200439453125 100.00003051757812
v -404.6527099609375 -461.533203125 2.9660424843314104e-05
v -404.65277099609375 -461.533203125 100.00001525878906
v -392.79168701171875 -458.38629150390625 2.9903776521678083e-05
v -392.791748046875 -458.38629150390625 100.00001525878906
v -381.30743408203125 -454.3172607421875 3.0050041459617205e-05
v -381.3074951171875 -454.3172607421875 100.0000228881836
v -361.6295166015625 -444.22418212890625 3.0027827961021103e-05
v -361.62957763671875 -444.22418212890625 100.00003051757812
v -345.9466552734375 -432.29986572265625 2.9670891308342107e-05
v -345.94671630859375 -432.29986572265625 100.00003051757812
v -333.78802490234375 -419.47503662109375 2.9081178581691347e-05
v -333.7880859375 -419.47503662109375 100.00003051757812
v -324.68310546875 -406.68048095703125 2.836062958522234e-05
v -324.68310546875 -406.68048095703125 100.00003051757812
v -318.16070556640625 -394.8466796875 2.761119139904622e-05
v -318.16070556640625 -394.8466796875 100.00003051757812
v -313.75030517578125 -384.904541015625 2.69348038273165e-05
v -313.75030517578125 -384.904541015625 100.00003051757812
v -310.9810791015625 -377.78460693359375 2.64334066741867e-05
v -310.9810791015625 -377.78460693359375 100.00001525878906
v -310.06475830078125 -375.57379150390625 2.6280189558747225e-05
v -310.06475830078125 -375.57379150390625 100.00001525878906
v -204.400634765625 -149.01126098632812 1.1092189197370317e-05
v -204.400634765625 -149.01126098632812 100.00000762939453
v -390.155029296875 -310.70556640625 100.00001525878906
v -295.025634765625 -106.75057983398438 105.0
v -390.155029296875 -310.70556640625 105.00000762939453
v -394.33917236328125 -318.43402099609375 105.00000762939453
v -404.01495361328125 -329.9576416015625 105.00000762939453
v -421.185791015625 -340.495361328125 105.00000762939453
v -433.929443359375 -345.42236328125 105.00000762939453
v -446.85821533203125 -349.83233642578125 105.00000762939453
v -466.7763671875 -352.781982421875 100.00001525878906
v -466.7763671875 -352.781982421875 105.00000762939453
v -481.6148681640625 -350.16741943359375 105.00000762939453
v -489.813232421875 -346.93609619140625 105.00000762939453
v -988.287353515625 -114.53863525390625 99.9999771118164
v -988.287353515625 -114.53863525390625 104.99996948242188
v -988.287353515625 -114.53857421875 104.99996948242188
v -1030.511474609375 -205.13916015625 104.9999771118164
v -1030.511474609375 -205.13916015625 104.9999771118164
v -600.018310546875 -405.89605712890625 105.00000762939453
v -509.381103515625 -448.13238525390625 105.00001525878906
v -509.381103515625 -448.13238525390625 100.0000228881836
v -509.381103515625 -448.13238525390625 105.00001525878906
v -505.709716796875 -449.9888916015625 105.00001525878906
v -487.46368408203125 -457.49224853515625 100.00003051757812
v -487.46368408203125 -457.49224853515625 105.0000228881836
v -465.4659423828125 -463.06341552734375 105.0000228881836
v -447.42669677734375 -465.14453125 100.00003051757812
v -447.42669677734375 -465.14453125 105.0000228881836
v -427.0517578125 -464.9200439453125 105.0000228881836
v -404.65277099609375 -461.533203125 100.00003051757812
v -404.65277099609375 -461.533203125 105.0000228881836
v -392.791748046875 -458.38629150390625 100.00003051757812
v -392.791748046875 -458.38629150390625 105.0000228881836
v -381.3074951171875 -454.3172607421875 105.00001525878906
v -361.62957763671875 -444.22418212890625 105.0000228881836
v -345.94671630859375 -432.29986572265625 105.0000228881836
v -333.7880859375 -419.47503662109375 105.0000228881836
v -324.68310546875 -406.68048095703125 105.0000228881836
v -318.16070556640625 -394.8466796875 105.0000228881836
v -313.75030517578125 -384.904541015625 105.0000228881836
v -310.9810791015625 -377.78460693359375 100.00003051757812
v -310.9810791015625 -377.78460693359375 105.0000228881836
v -310.06475830078125 -375.57379150390625 100.00003051757812
v -310.06475830078125 -375.57379150390625 105.0000228881836
v -204.400634765625 -149.01126098632812 105.0
v -390.155029296875 -310.70556640625 105.00000762939453
v -381.3074951171875 -454.3172607421875 105.00001525878906
v -361.62957763671875 -444.22418212890625 105.0000228881836
v -345.94671630859375 -432.29986572265625 105.0000228881836
v -333.78814697265625 -419.47503662109375 105.0000228881836
v -324.68310546875 -406.68048095703125 105.0000228881836
v -318.16070556640625 -394.8466796875 105.0000228881836
v -313.75030517578125 -384.904541015625 105.0000228881836
v -310.98101806640625 -377.78460693359375 105.0000228881836
v -310.06475830078125 -375.57379150390625 105.0000228881836
v -295.025634765625 -106.75057983398438 105.0
v -394.33917236328125 -318.43408203125 105.00000762939453
v -392.791748046875 -458.38629150390625 105.0000228881836
v -404.01495361328125 -329.95758056640625 105.00000762939453
v -404.65277099609375 -461.533203125 105.0000228881836
v -421.185791015625 -340.495361328125 105.00000762939453
v -433.929443359375 -345.42236328125 105.00000762939453
v -427.0517578125 -464.9200439453125 105.0000228881836
v -446.85821533203125 -349.83233642578125 105.00000762939453
v -447.42669677734375 -465.14453125 105.0000228881836
v -466.7763671875 -352.781982421875 105.00000762939453
v -465.4659423828125 -463.06341552734375 105.0000228881836
v -481.6148681640625 -350.1673583984375 105.00000762939453
v -487.46368408203125 -457.49224853515625 105.0000228881836
v -489.813232421875 -346.93609619140625 105.00000762939453
v -988.287353515625 -114.53857421875 104.99996948242188
v -600.018310546875 -405.89605712890625 105.00000762939453
v -509.381103515625 -448.13238525390625 105.00001525878906
v -505.709716796875 -449.9888916015625 105.00001525878906
v -1030.511474609375 -205.13916015625 104.9999771118164
v -204.400634765625 -149.01126098632812 105.0
v -373.76104736328125 -133.63037109375 205.00001525878906
v -342.047119140625 -148.44976806640625 205.00001525878906
v -373.76104736328125 -133.63037109375 207.5
v -342.047119140625 -148.44976806640625 207.5
v -342.047119140625 -148.44976806640625 205.00001525878906
v -338.873291015625 -141.66265869140625 205.00001525878906
v -342.047119140625 -148.44976806640625 207.5
v -338.873291015625 -141.66265869140625 207.5
v -338.873291015625 -141.66265869140625 205.00001525878906
v -341.131591796875 -140.58847045898438 205.00001525878906
v -338.873291015625 -141.66265869140625 207.5
v -341.131591796875 -140.58847045898438 207.5
v -341.131591796875 -140.58847045898438 205.00001525878906
v -343.255615234375 -145.12945556640625 205.00001525878906
v -341.131591796875 -140.58847045898438 207.5
v -343.255615234375 -145.12945556640625 207.5
v -343.255615234375 -145.12945556640625 205.00001525878906
v -370.44073486328125 -132.40966796875 205.00001525878906
v -343.255615234375 -145.12945556640625 207.5
v -370.44073486328125 -132.40966796875 207.5
v -370.44073486328125 -132.40966796875 205.00001525878906
v -368.32879638671875 -127.89306640625 205.00001525878906
v -370.44073486328125 -132.40966796875 207.5
v -368.32879638671875 -127.89306640625 207.5
v -368.32879638671875 -127.89306640625 205.00001525878906
v -370.58709716796875 -126.81884765625 205.00001525878906
v -368.32879638671875 -127.89306640625 207.5
v -370.58709716796875 -126.81884765625 207.5
v -370.58709716796875 -126.81884765625 205.00001525878906
v -373.76104736328125 -133.63037109375 205.00001525878906
v -370.58709716796875 -126.81884765625 207.5
v -373.76104736328125 -133.63037109375 207.5
v -342.047119140625 -148.44976806640625 205.00001525878906
v -370.44073486328125 -132.40966796875 205.00001525878906
v -343.255615234375 -145.12945556640625 205.00001525878906
v -373.76104736328125 -133.63037109375 205.00001525878906
v -370.58709716796875 -126.81884765625 205.00001525878906
v -338.873291015625 -141.66265869140625 205.00001525878906
v -341.131591796875 -140.58847045898438 205.00001525878906
v -368.32879638671875 -127.89306640625 205.00001525878906
v -342.047119140625 -148.44976806640625 207.5
v -343.255615234375 -145.12945556640625 207.5
v -370.44073486328125 -132.40966796875 207.5
v -370.58709716796875 -126.81884765625 207.5
v -373.76104736328125 -133.63037109375 207.5
v -338.873291015625 -141.66265869140625 207.5
v -341.131591796875 -140.58847045898438 207.5
v -368.32879638671875 -127.89306640625 207.5
v -373.76104736328125 -133.63040161132812 135.0
v -342.047119140625 -148.44979858398438 135.0
v -373.76104736328125 -133.63040161132812 137.5
v -342.047119140625 -148.44979858398438 137.5
v -342.047119140625 -148.44979858398438 135.0
v -338.873291015625 -141.66268920898438 135.0
v -342.047119140625 -148.44979858398438 137.5
v -338.873291015625 -141.66268920898438 137.5
v -338.873291015625 -141.66268920898438 135.0
v -341.131591796875 -140.5885009765625 135.0
v -338.873291015625 -141.66268920898438 137.5
v -341.131591796875 -140.5885009765625 137.5
v -341.131591796875 -140.5885009765625 135.0
v -343.255615234375 -145.12948608398438 135.0
v -341.131591796875 -140.5885009765625 137.5
v -343.255615234375 -145.12948608398438 137.5
v -343.255615234375 -145.12948608398438 135.0
v -370.44073486328125 -132.40969848632812 135.0
v -343.255615234375 -145.12948608398438 137.5
v -370.44073486328125 -132.40969848632812 137.5
v -370.44073486328125 -132.40969848632812 135.0
v -368.32879638671875 -127.89309692382812 135.0
v -370.44073486328125 -132.40969848632812 137.5
v -368.32879638671875 -127.89309692382812 137.5
v -368.32879638671875 -127.89309692382812 135.0
v -370.58709716796875 -126.81887817382812 135.0
v -368.32879638671875 -127.89309692382812 137.5
v -370.58709716796875 -126.81887817382812 137.5
v -370.58709716796875 -126.81887817382812 135.0
v -373.76104736328125 -133.63040161132812 135.0
v -370.58709716796875 -126.81887817382812 137.5
v -373.76104736328125 -133.63040161132812 137.5
v -342.047119140625 -148.44979858398438 135.0
v -370.44073486328125 -132.40969848632812 135.0
v -343.255615234375 -145.12948608398438 135.0
v -373.76104736328125 -133.63040161132812 135.0
v -370.58709716796875 -126.81887817382812 135.0
v -338.873291015625 -141.66268920898438 135.0
v -341.131591796875 -140.5885009765625 135.0
v -368.32879638671875 -127.89309692382812 135.0
v -342.047119140625 -148.44979858398438 137.5
v -343.255615234375 -145.12948608398438 137.5
v -370.44073486328125 -132.40969848632812 137.5
v -370.58709716796875 -126.81887817382812 137.5
v -373.76104736328125 -133.63040161132812 137.5
v -338.873291015625 -141.66268920898438 137.5
v -341.131591796875 -140.5885009765625 137.5
v -368.32879638671875 -127.89309692382812 137.5
v -373.76104736328125 -133.63040161132812 65.0
v -342.047119140625 -148.44979858398438 65.00000762939453
v -373.76104736328125 -133.63040161132812 67.5
v -342.047119140625 -148.44979858398438 67.50000762939453
v -342.047119140625 -148.44979858398438 65.00000762939453
v -338.873291015625 -141.66268920898438 65.00000762939453
v -342.047119140625 -148.44979858398438 67.50000762939453
v -338.873291015625 -141.66268920898438 67.50000762939453
v -338.873291015625 -141.66268920898438 65.00000762939453
v -341.131591796875 -140.5885009765625 65.00000762939453
v -338.873291015625 -141.66268920898438 67.50000762939453
v -341.131591796875 -140.5885009765625 67.50000762939453
v -341.131591796875 -140.5885009765625 65.00000762939453
v -343.255615234375 -145.12948608398438 65.00000762939453
v -341.131591796875 -140.5885009765625 67.50000762939453
v -343.255615234375 -145.12948608398438 67.50000762939453
v -343.255615234375 -145.12948608398438 65.00000762939453
v -370.44073486328125 -132.40969848632812 65.00000762939453
v -343.255615234375 -145.12948608398438 67.50000762939453
v -370.44073486328125 -132.40969848632812 67.50000762939453
v -370.44073486328125 -132.40969848632812 65.00000762939453
v -368.32879638671875 -127.89309692382812 65.00000762939453
v -370.44073486328125 -132.40969848632812 67.50000762939453
v -368.32879638671875 -127.89309692382812 67.50000762939453
v -368.32879638671875 -127.89309692382812 65.00000762939453
v -370.58709716796875 -126.81887817382812 65.00000762939453
v -368.32879638671875 -127.89309692382812 67.50000762939453
v -370.58709716796875 -126.81887817382812 67.50000762939453
v -370.58709716796875 -126.81887817382812 65.00000762939453
v -373.76104736328125 -133.63040161132812 65.0
v -370.58709716796875 -126.81887817382812 67.50000762939453
v -373.76104736328125 -133.63040161132812 67.5
v -342.047119140625 -148.44979858398438 65.00000762939453
v -370.44073486328125 -132.40969848632812 65.00000762939453
v -343.255615234375 -145.12948608398438 65.00000762939453
v -373.76104736328125 -133.63040161132812 65.0
v -370.58709716796875 -126.81887817382812 65.00000762939453
v -338.873291015625 -141.66268920898438 65.00000762939453
v -341.131591796875 -140.5885009765625 65.00000762939453
v -368.32879638671875 -127.89309692382812 65.00000762939453
v -342.047119140625 -148.44979858398438 67.50000762939453
v -343.255615234375 -145.12948608398438 67.50000762939453
v -370.44073486328125 -132.40969848632812 67.50000762939453
v -370.58709716796875 -126.81887817382812 67.50000762939453
v -373.76104736328125 -133.63040161132812 67.5
v -338.873291015625 -141.66268920898438 67.50000762939453
v -341.131591796875 -140.5885009765625 67.50000762939453
v -368.32879638671875 -127.89309692382812 67.50000762939453
v -367.90155029296875 -72.93707275390625 -2.705278120629373e-06
v -389.019775390625 -118.24960327148438 3.329616049541073e-07
v -367.90155029296875 -72.93704223632812 215.00001525878906
v -389.019775390625 -118.24957275390625 215.00001525878906
v -389.019775390625 -118.24960327148438 3.329616049541073e-07
v -321.051025390625 -149.9635009765625 6.07648598816013e-06
v -384.48870849609375 -120.36373901367188 5.000000476837158
v -384.48870849609375 -120.36373901367188 69.99999237060547
v -325.585205078125 -147.84786987304688 70.0
v -384.48870849609375 -120.36373901367188 74.99999237060547
v -384.48870849609375 -120.36373901367188 139.99998474121094
v -325.585205078125 -147.84786987304688 139.99998474121094
v -384.48870849609375 -120.36373901367188 145.0
v -384.48870849609375 -120.36370849609375 209.99996948242188
v -325.585205078125 -147.84783935546875 209.99996948242188
v -389.019775390625 -118.24957275390625 214.99996948242188
v -321.051025390625 -149.96347045898438 214.99996948242188
v -325.585205078125 -147.84786987304688 145.0
v -325.585205078125 -147.84786987304688 75.0
v -325.585205078125 -147.84786987304688 5.00000524520874
v -321.05108642578125 -149.9635009765625 6.07648598816013e-06
v -299.920654296875 -104.65097045898438 3.038781187569839e-06
v -321.05108642578125 -149.96347045898438 215.00001525878906
v -299.920654296875 -104.65093994140625 215.00001525878906
v -299.920654296875 -104.65097045898438 3.038781187569839e-06
v -367.90155029296875 -72.93707275390625 -2.705278120629373e-06
v -299.920654296875 -104.65093994140625 215.00001525878906
v -367.90155029296875 -72.93704223632812 215.00001525878906
v -326.642333984375 -150.11337280273438 70.0
v -384.48870849609375 -120.36373901367188 69.99999237060547
v -385.54583740234375 -122.62924194335938 69.99999237060547
v -325.585205078125 -147.84786987304688 70.0
v -326.642333984375 -150.11337280273438 5.00000524520874
v -385.54583740234375 -122.62924194335938 5.000000476837158
v -384.48870849609375 -120.36373901367188 5.000000476837158
v -325.585205078125 -147.84786987304688 5.00000524520874
v -385.54583740234375 -122.62924194335938 69.99999237060547
v -384.48870849609375 -120.36373901367188 5.000000476837158
v -385.54583740234375 -122.62924194335938 5.000000476837158
v -384.48870849609375 -120.36373901367188 69.99999237060547
v -326.642333984375 -150.11337280273438 70.0
v -326.642333984375 -150.11337280273438 5.00000524520874
v -325.585205078125 -147.84786987304688 5.00000524520874
v -325.585205078125 -147.84786987304688 70.0
v -326.642333984375 -150.11337280273438 139.99998474121094
v -384.48870849609375 -120.36373901367188 139.99998474121094
v -385.54583740234375 -122.62924194335938 139.99998474121094
v -325.585205078125 -147.84786987304688 139.99998474121094
v -326.642333984375 -150.11337280273438 75.0
v -385.54583740234375 -122.62924194335938 74.99999237060547
v -384.48870849609375 -120.36373901367188 74.99999237060547
v -325.585205078125 -147.84786987304688 75.0
v -385.54583740234375 -122.62924194335938 139.99998474121094
v -384.48870849609375 -120.36373901367188 74.99999237060547
v -385.54583740234375 -122.62924194335938 74.99999237060547
v -384.48870849609375 -120.36373901367188 139.99998474121094
v -326.642333984375 -150.11337280273438 139.99998474121094
v -326.642333984375 -150.11337280273438 75.0
v -325.585205078125 -147.84786987304688 75.0
v -325.585205078125 -147.84786987304688 139.99998474121094
v -326.642333984375 -150.11334228515625 209.99996948242188
v -384.48870849609375 -120.36370849609375 209.99996948242188
v -385.54583740234375 -122.62921142578125 209.99996948242188
v -325.585205078125 -147.84783935546875 209.99996948242188
v -326.642333984375 -150.11337280273438 145.0
v -385.54583740234375 -122.62924194335938 145.0
v -384.48870849609375 -120.36373901367188 145.0
v -325.585205078125 -147.84786987304688 145.0
v -385.54583740234375 -122.62921142578125 209.99996948242188
v -384.48870849609375 -120.36373901367188 145.0
v -385.54583740234375 -122.62924194335938 145.0
v -384.48870849609375 -120.36370849609375 209.99996948242188
v -326.642333984375 -150.11334228515625 209.99996948242188
v -326.642333984375 -150.11337280273438 145.0
v -325.585205078125 -147.84786987304688 145.0
v -325.585205078125 -147.84783935546875 209.99996948242188
v -321.05108642578125 -149.96347045898438 215.00001525878906
v -367.90155029296875 -72.93704223632812 215.00001525878906
v -389.019775390625 -118.24957275390625 215.00001525878906
v -299.920654296875 -104.65093994140625 215.00001525878906
v -446.246337890625 -99.79254150390625 205.00001525878906
v -414.532470703125 -114.61187744140625 205.00001525878906
v -446.246337890625 -99.79254150390625 207.5
v -414.532470703125 -114.61187744140625 207.5
v -414.532470703125 -114.61187744140625 205.00001525878906
v -411.358642578125 -107.82476806640625 205.00001525878906
v -414.532470703125 -114.61187744140625 207.5
v -411.358642578125 -107.82476806640625 207.5
v -411.358642578125 -107.82473754882812 205.00001525878906
v -413.616943359375 -106.75054931640625 205.00001525878906
v -411.358642578125 -107.82473754882812 207.5
v -413.616943359375 -106.75054931640625 207.5
v -413.616943359375 -106.75054931640625 205.00001525878906
v -415.740966796875 -111.29153442382812 205.00001525878906
v -413.616943359375 -106.75054931640625 207.5
v -415.740966796875 -111.29153442382812 207.5
v -415.740966796875 -111.29156494140625 205.00001525878906
v -442.926025390625 -98.57183837890625 205.00001525878906
v -415.740966796875 -111.29156494140625 207.5
v -442.926025390625 -98.57183837890625 207.5
v -442.926025390625 -98.57183837890625 205.00001525878906
v -440.814208984375 -94.05523681640625 205.00001525878906
v -442.926025390625 -98.57183837890625 207.5
v -440.814208984375 -94.05523681640625 207.5
v -440.814208984375 -94.05523681640625 205.00001525878906
v -443.072509765625 -92.98095703125 205.00001525878906
v -440.814208984375 -94.05523681640625 207.5
v -443.072509765625 -92.98095703125 207.5
v -443.072509765625 -92.98095703125 205.00001525878906
v -446.246337890625 -99.79254150390625 205.00001525878906
v -443.072509765625 -92.98095703125 207.5
v -446.246337890625 -99.79254150390625 207.5
v -414.532470703125 -114.61187744140625 205.00001525878906
v -442.926025390625 -98.57183837890625 205.00001525878906
v -415.740966796875 -111.29156494140625 205.00001525878906
v -446.246337890625 -99.79254150390625 205.00001525878906
v -443.072509765625 -92.98095703125 205.00001525878906
v -411.358642578125 -107.82476806640625 205.00001525878906
v -413.616943359375 -106.75054931640625 205.00001525878906
v -440.814208984375 -94.05523681640625 205.00001525878906
v -414.532470703125 -114.61187744140625 207.5
v -415.740966796875 -111.29156494140625 207.5
v -442.926025390625 -98.57183837890625 207.5
v -443.072509765625 -92.98095703125 207.5
v -446.246337890625 -99.79254150390625 207.5
v -411.358642578125 -107.82476806640625 207.5
v -413.616943359375 -106.75054931640625 207.5
v -440.814208984375 -94.05523681640625 207.5
v -446.246337890625 -99.79257202148438 135.0
v -414.532470703125 -114.61190795898438 135.0
v -446.246337890625 -99.79257202148438 137.5
v -414.532470703125 -114.61190795898438 137.5
v -414.532470703125 -114.61190795898438 135.0
v -411.358642578125 -107.82479858398438 135.0
v -414.532470703125 -114.61190795898438 137.5
v -411.358642578125 -107.82479858398438 137.5
v -411.358642578125 -107.82476806640625 135.0
v -413.616943359375 -106.75057983398438 135.0
v -411.358642578125 -107.82476806640625 137.5
v -413.616943359375 -106.75057983398438 137.5
v -413.616943359375 -106.75057983398438 135.0
v -415.740966796875 -111.29156494140625 135.0
v -413.616943359375 -106.75057983398438 137.5
v -415.740966796875 -111.29156494140625 137.5
v -415.740966796875 -111.29159545898438 135.0
v -442.926025390625 -98.57186889648438 135.0
v -415.740966796875 -111.29159545898438 137.5
v -442.926025390625 -98.57186889648438 137.5
v -442.926025390625 -98.57186889648438 135.0
v -440.814208984375 -94.05526733398438 135.0
v -442.926025390625 -98.57186889648438 137.5
v -440.814208984375 -94.05526733398438 137.5
v -440.814208984375 -94.05526733398438 135.0
v -443.072509765625 -92.98098754882812 135.0
v -440.814208984375 -94.05526733398438 137.5
v -443.072509765625 -92.98098754882812 137.5
v -443.072509765625 -92.98098754882812 135.0
v -446.246337890625 -99.79257202148438 135.0
v -443.072509765625 -92.98098754882812 137.5
v -446.246337890625 -99.79257202148438 137.5
v -414.532470703125 -114.61190795898438 135.0
v -442.926025390625 -98.57186889648438 135.0
v -415.740966796875 -111.29159545898438 135.0
v -446.246337890625 -99.79257202148438 135.0
v -443.072509765625 -92.98098754882812 135.0
v -411.358642578125 -107.82479858398438 135.0
v -413.616943359375 -106.75057983398438 135.0
v -440.814208984375 -94.05526733398438 135.0
v -414.532470703125 -114.61190795898438 137.5
v -415.740966796875 -111.29159545898438 137.5
v -442.926025390625 -98.57186889648438 137.5
v -443.072509765625 -92.98098754882812 137.5
v -446.246337890625 -99.79257202148438 137.5
v -411.358642578125 -107.82479858398438 137.5
v -413.616943359375 -106.75057983398438 137.5
v -440.814208984375 -94.05526733398438 137.5
v -446.246337890625 -99.79257202148438 64.99999237060547
v -414.532470703125 -114.61190795898438 65.0
v -446.246337890625 -99.79257202148438 67.49999237060547
v -414.532470703125 -114.61190795898438 67.5
v -414.532470703125 -114.61190795898438 65.0
v -411.358642578125 -107.82479858398438 65.0
v -414.532470703125 -114.61190795898438 67.5
v -411.358642578125 -107.82479858398438 67.5
v -411.358642578125 -107.82476806640625 65.0
v -413.616943359375 -106.75057983398438 65.0
v -411.358642578125 -107.82476806640625 67.5
v -413.616943359375 -106.75057983398438 67.5
v -413.616943359375 -106.75057983398438 65.0
v -415.740966796875 -111.29156494140625 65.0
v -413.616943359375 -106.75057983398438 67.5
v -415.740966796875 -111.29156494140625 67.5
v -415.740966796875 -111.29159545898438 65.0
v -442.926025390625 -98.57186889648438 64.99999237060547
v -415.740966796875 -111.29159545898438 67.5
v -442.926025390625 -98.57186889648438 67.49999237060547
v -442.926025390625 -98.57186889648438 64.99999237060547
v -440.814208984375 -94.05526733398438 64.99999237060547
v -442.926025390625 -98.57186889648438 67.49999237060547
v -440.814208984375 -94.05526733398438 67.49999237060547
v -440.814208984375 -94.05526733398438 64.99999237060547
v -443.072509765625 -92.98098754882812 64.99999237060547
v -440.814208984375 -94.05526733398438 67.49999237060547
v -443.072509765625 -92.98098754882812 67.49999237060547
v -443.072509765625 -92.98098754882812 64.99999237060547
v -446.246337890625 -99.79257202148438 64.99999237060547
v -443.072509765625 -92.98098754882812 67.49999237060547
v -446.246337890625 -99.79257202148438 67.49999237060547
v -414.532470703125 -114.61190795898438 65.0
v -442.926025390625 -98.57186889648438 64.99999237060547
v -415.740966796875 -111.29159545898438 65.0
v -446.246337890625 -99.79257202148438 64.99999237060547
v -443.072509765625 -92.98098754882812 64.99999237060547
v -411.358642578125 -107.82479858398438 65.0
v -413.616943359375 -106.75057983398438 65.0
v -440.814208984375 -94.05526733398438 64.99999237060547
v -414.532470703125 -114.61190795898438 67.5
v -415.740966796875 -111.29159545898438 67.5
v -442.926025390625 -98.57186889648438 67.49999237060547
v -443.072509765625 -92.98098754882812 67.49999237060547
v -446.246337890625 -99.79257202148438 67.49999237060547
v -411.358642578125 -107.82479858398438 67.5
v -413.616943359375 -106.75057983398438 67.5
v -440.814208984375 -94.05526733398438 67.49999237060547
v -440.386962890625 -39.09918212890625 -8.831918421492446e-06
v -461.505126953125 -84.41168212890625 -5.793678610643838e-06
v -440.386962890625 -39.099151611328125 215.00001525878906
v -461.505126953125 -84.41165161132812 215.0
v -461.505126953125 -84.41171264648438 -5.7936749726650305e-06
v -393.536376953125 -116.12557983398438 -5.0153943220720976e-08
v -456.97412109375 -86.52581787109375 4.999994277954102
v -456.97412109375 -86.52581787109375 69.99999237060547
v -398.07061767578125 -114.00994873046875 70.0
v -456.97412109375 -86.52581787109375 74.99999237060547
v -456.97412109375 -86.52581787109375 140.0
v -398.07061767578125 -114.00994873046875 140.0
v -456.97412109375 -86.52581787109375 145.0
v -456.97412109375 -86.52578735351562 209.99998474121094
v -398.07061767578125 -114.00991821289062 209.99998474121094
v -461.505126953125 -84.41168212890625 215.0
v -393.536376953125 -116.12554931640625 215.00001525878906
v -398.07061767578125 -114.00994873046875 145.0
v -398.07061767578125 -114.00994873046875 75.0
v -398.07061767578125 -114.00994873046875 4.999999523162842
v -393.536376953125 -116.12557983398438 -5.0153943220720976e-08
v -372.40594482421875 -70.81307983398438 -3.087858885919559e-06
v -393.536376953125 -116.12554931640625 215.00001525878906
v -372.40594482421875 -70.81304931640625 215.00001525878906
v -372.40594482421875 -70.81307983398438 -3.087858885919559e-06
v -440.386962890625 -39.09918212890625 -8.831918421492446e-06
v -372.40594482421875 -70.81304931640625 214.99996948242188
v -440.386962890625 -39.099151611328125 214.99996948242188
v -399.127685546875 -116.27542114257812 70.0
v -456.97412109375 -86.52581787109375 69.99999237060547
v -458.03118896484375 -88.79135131835938 69.99999237060547
v -398.07061767578125 -114.00994873046875 70.0
v -399.127685546875 -116.27542114257812 5.0
v -458.03118896484375 -88.79135131835938 4.99999475479126
v -456.97412109375 -86.52581787109375 4.999994277954102
v -398.07061767578125 -114.00994873046875 4.999999523162842
v -458.03118896484375 -88.79135131835938 69.99999237060547
v -456.97412109375 -86.52581787109375 4.999994277954102
v -458.03118896484375 -88.79135131835938 4.99999475479126
v -456.97412109375 -86.52581787109375 69.99999237060547
v -399.127685546875 -116.27542114257812 70.0
v -399.127685546875 -116.27542114257812 5.0
v -398.07061767578125 -114.00994873046875 4.999999523162842
v -398.07061767578125 -114.00994873046875 70.0
v -399.127685546875 -116.27542114257812 140.0
v -456.97412109375 -86.52581787109375 140.0
v -458.03118896484375 -88.79135131835938 140.0
v -398.07061767578125 -114.00994873046875 140.0
v -399.127685546875 -116.27542114257812 75.0
v -458.03118896484375 -88.79135131835938 74.99999237060547
v -456.97412109375 -86.52581787109375 74.99999237060547
v -398.07061767578125 -114.00994873046875 75.0
v -458.03118896484375 -88.79135131835938 140.0
v -456.97412109375 -86.52581787109375 74.99999237060547
v -458.03118896484375 -88.79135131835938 74.99999237060547
v -456.97412109375 -86.52581787109375 140.0
v -399.127685546875 -116.27542114257812 140.0
v -399.127685546875 -116.27542114257812 75.0
v -398.07061767578125 -114.00994873046875 75.0
v -398.07061767578125 -114.00994873046875 140.0
v -399.127685546875 -116.275390625 209.99998474121094
v -456.97412109375 -86.52578735351562 209.99998474121094
v -458.03118896484375 -88.79132080078125 209.99998474121094
v -398.07061767578125 -114.00991821289062 209.99998474121094
v -399.127685546875 -116.27542114257812 145.0
v -458.03118896484375 -88.79135131835938 145.0
v -456.97412109375 -86.52581787109375 145.0
v -398.07061767578125 -114.00994873046875 145.0
v -458.03118896484375 -88.79132080078125 209.99998474121094
v -456.97412109375 -86.52581787109375 145.0
v -458.03118896484375 -88.79135131835938 145.0
v -456.97412109375 -86.52578735351562 209.99998474121094
v -399.127685546875 -116.275390625 209.99998474121094
v -399.127685546875 -116.27542114257812 145.0
v -398.07061767578125 -114.00994873046875 145.0
v -398.07061767578125 -114.00991821289062 209.99998474121094
v -393.536376953125 -116.12554931640625 215.00001525878906
v -440.386962890625 -39.099151611328125 215.00001525878906
v -461.505126953125 -84.41165161132812 215.0
v -372.40594482421875 -70.81304931640625 215.00001525878906
v -777.020263671875 54.50440979003906 204.99998474121094
v -745.306396484375 39.685028076171875 204.99998474121094
v -777.020263671875 54.50440979003906 207.49996948242188
v -745.306396484375 39.685028076171875 207.49996948242188
v -745.306396484375 39.685028076171875 204.99998474121094
v -742.132568359375 46.472137451171875 204.99998474121094
v -745.306396484375 39.685028076171875 207.49996948242188
v -742.132568359375 46.472137451171875 207.49996948242188
v -742.132568359375 46.472137451171875 204.99998474121094
v -744.390869140625 47.54631042480469 204.99998474121094
v -742.132568359375 46.472137451171875 207.49996948242188
v -744.390869140625 47.54631042480469 207.49996948242188
v -744.390869140625 47.546356201171875 204.99998474121094
v -746.514892578125 43.005340576171875 204.99998474121094
v -744.390869140625 47.546356201171875 207.49996948242188
v -746.514892578125 43.005340576171875 207.49996948242188
v -746.514892578125 43.005340576171875 204.99998474121094
v -773.699951171875 55.72511291503906 204.99998474121094
v -746.514892578125 43.005340576171875 207.49996948242188
v -773.699951171875 55.72511291503906 207.49996948242188
v -773.699951171875 55.72515869140625 204.99998474121094
v -771.588134765625 60.24171447753906 204.99998474121094
v -773.699951171875 55.72515869140625 207.49996948242188
v -771.588134765625 60.24171447753906 207.49996948242188
v -771.588134765625 60.24176025390625 204.99998474121094
v -773.846435546875 61.31596374511719 204.99998474121094
v -771.588134765625 60.24176025390625 207.49996948242188
v -773.846435546875 61.31596374511719 207.49996948242188
v -773.846435546875 61.31591796875 204.99998474121094
v -777.020263671875 54.50445556640625 204.99998474121094
v -773.846435546875 61.31591796875 207.49996948242188
v -777.020263671875 54.50445556640625 207.49996948242188
v -745.306396484375 39.685028076171875 204.99998474121094
v -773.699951171875 55.72514343261719 204.99998474121094
v -746.514892578125 43.005340576171875 204.99998474121094
v -777.020263671875 54.50444030761719 204.99998474121094
v -773.846435546875 61.31593322753906 204.99998474121094
v -742.132568359375 46.472137451171875 204.99998474121094
v -744.390869140625 47.54632568359375 204.99998474121094
v -771.588134765625 60.24174499511719 204.99998474121094
v -745.306396484375 39.685028076171875 207.49996948242188
v -746.514892578125 43.005340576171875 207.49996948242188
v -773.699951171875 55.72514343261719 207.49996948242188
v -773.846435546875 61.31593322753906 207.49996948242188
v -777.020263671875 54.50444030761719 207.49996948242188
v -742.132568359375 46.472137451171875 207.49996948242188
v -744.390869140625 47.54632568359375 207.49996948242188
v -771.588134765625 60.24174499511719 207.49996948242188
v -777.020263671875 54.50440979003906 134.99996948242188
v -745.306396484375 39.685028076171875 134.99996948242188
v -777.020263671875 54.50440979003906 137.49996948242188
v -745.306396484375 39.685028076171875 137.49996948242188
v -745.306396484375 39.685028076171875 134.99996948242188
v -742.132568359375 46.472137451171875 134.99996948242188
v -745.306396484375 39.685028076171875 137.49996948242188
v -742.132568359375 46.472137451171875 137.49996948242188
v -742.132568359375 46.472137451171875 134.99996948242188
v -744.390869140625 47.54631042480469 134.99996948242188
v -742.132568359375 46.472137451171875 137.49996948242188
v -744.390869140625 47.54631042480469 137.49996948242188
v -744.390869140625 47.546356201171875 134.99996948242188
v -746.514892578125 43.005340576171875 134.99996948242188
v -744.390869140625 47.546356201171875 137.49996948242188
v -746.514892578125 43.005340576171875 137.49996948242188
v -746.514892578125 43.005340576171875 134.99996948242188
v -773.699951171875 55.72511291503906 134.99996948242188
v -746.514892578125 43.005340576171875 137.49996948242188
v -773.699951171875 55.72511291503906 137.49996948242188
v -773.699951171875 55.72515869140625 134.99996948242188
v -771.588134765625 60.24171447753906 134.99996948242188
v -773.699951171875 55.72515869140625 137.49996948242188
v -771.588134765625 60.24171447753906 137.49996948242188
v -771.588134765625 60.24176025390625 134.99996948242188
v -773.846435546875 61.31596374511719 134.99996948242188
v -771.588134765625 60.24176025390625 137.49996948242188
v -773.846435546875 61.31596374511719 137.49996948242188
v -773.846435546875 61.31591796875 134.99996948242188
v -777.020263671875 54.50445556640625 134.99996948242188
v -773.846435546875 61.31591796875 137.49996948242188
v -777.020263671875 54.50445556640625 137.49996948242188
v -745.306396484375 39.685028076171875 134.99996948242188
v -773.699951171875 55.72514343261719 134.99996948242188
v -746.514892578125 43.005340576171875 134.99996948242188
v -777.020263671875 54.50444030761719 134.99996948242188
v -773.846435546875 61.31593322753906 134.99996948242188
v -742.132568359375 46.472137451171875 134.99996948242188
v -744.390869140625 47.54632568359375 134.99996948242188
v -771.588134765625 60.24174499511719 134.99996948242188
v -745.306396484375 39.685028076171875 137.49996948242188
v -746.514892578125 43.005340576171875 137.49996948242188
v -773.699951171875 55.72514343261719 137.49996948242188
v -773.846435546875 61.31593322753906 137.49996948242188
v -777.020263671875 54.50444030761719 137.49996948242188
v -742.132568359375 46.472137451171875 137.49996948242188
v -744.390869140625 47.54632568359375 137.49996948242188
v -771.588134765625 60.24174499511719 137.49996948242188
v -777.020263671875 54.50439453125 64.99996948242188
v -745.306396484375 39.68501281738281 64.99996948242188
v -777.020263671875 54.50439453125 67.49996948242188
v -745.306396484375 39.68501281738281 67.49996948242188
v -745.306396484375 39.68501281738281 64.99996948242188
v -742.132568359375 46.47212219238281 64.99996948242188
v -745.306396484375 39.68501281738281 67.49996948242188
v -742.132568359375 46.47212219238281 67.49996948242188
v -742.132568359375 46.47212219238281 64.99996948242188
v -744.390869140625 47.546295166015625 64.99996948242188
v -742.132568359375 46.47212219238281 67.49996948242188
v -744.390869140625 47.546295166015625 67.49996948242188
v -744.390869140625 47.54634094238281 64.99996948242188
v -746.514892578125 43.00532531738281 64.99996948242188
v -744.390869140625 47.54634094238281 67.49996948242188
v -746.514892578125 43.00532531738281 67.49996948242188
v -746.514892578125 43.00532531738281 64.99996948242188
v -773.699951171875 55.72509765625 64.99996948242188
v -746.514892578125 43.00532531738281 67.49996948242188
v -773.699951171875 55.72509765625 67.49996948242188
v -773.699951171875 55.72514343261719 64.99996948242188
v -771.588134765625 60.24169921875 64.99996948242188
v -773.699951171875 55.72514343261719 67.49996948242188
v -771.588134765625 60.24169921875 67.49996948242188
v -771.588134765625 60.24174499511719 64.99996948242188
v -773.846435546875 61.315948486328125 64.99996948242188
v -771.588134765625 60.24174499511719 67.49996948242188
v -773.846435546875 61.315948486328125 67.49996948242188
v -773.846435546875 61.31590270996094 64.99996948242188
v -777.020263671875 54.50444030761719 64.99996948242188
v -773.846435546875 61.31590270996094 67.49996948242188
v -777.020263671875 54.50444030761719 67.49996948242188
v -745.306396484375 39.68501281738281 64.99996948242188
v -773.699951171875 55.725128173828125 64.99996948242188
v -746.514892578125 43.00532531738281 64.99996948242188
v -777.020263671875 54.504425048828125 64.99996948242188
v -773.846435546875 61.31591796875 64.99996948242188
v -742.132568359375 46.47212219238281 64.99996948242188
v -744.390869140625 47.54631042480469 64.99996948242188
v -771.588134765625 60.241729736328125 64.99996948242188
v -745.306396484375 39.68501281738281 67.49996948242188
v -746.514892578125 43.00532531738281 67.49996948242188
v -773.699951171875 55.725128173828125 67.49996948242188
v -773.846435546875 61.31591796875 67.49996948242188
v -777.020263671875 54.504425048828125 67.49996948242188
v -742.132568359375 46.47212219238281 67.49996948242188
v -744.390869140625 47.54631042480469 67.49996948242188
v -771.588134765625 60.241729736328125 67.49996948242188
v -771.160888671875 115.19767761230469 -3.6779569200007245e-05
v -792.279052734375 69.88520812988281 -3.3741329389158636e-05
v -771.160888671875 115.19769287109375 214.99998474121094
v -792.279052734375 69.88522338867188 214.99998474121094
v -792.279052734375 69.88520812988281 -3.3741329389158636e-05
v -724.310302734375 38.171295166015625 -2.799780122586526e-05
v -787.7479248046875 67.77105712890625 4.999966144561768
v -787.7479248046875 67.77105712890625 69.99996185302734
v -728.844482421875 40.28692626953125 69.99996185302734
v -787.7479248046875 67.77105712890625 74.99996185302734
v -787.7479248046875 67.77107238769531 139.9999542236328
v -728.844482421875 40.28694152832031 139.9999542236328
v -787.7479248046875 67.77107238769531 144.99996948242188
v -787.7479248046875 67.77107238769531 209.99993896484375
v -728.844482421875 40.28694152832031 209.99993896484375
v -792.279052734375 69.88522338867188 214.99993896484375
v -724.310302734375 38.17131042480469 214.99993896484375
v -728.844482421875 40.28694152832031 144.99996948242188
v -728.844482421875 40.28692626953125 74.99996185302734
v -728.844482421875 40.28692626953125 4.99997091293335
v -724.310302734375 38.171295166015625 -2.799780122586526e-05
v -703.179931640625 83.48381042480469 -3.103550989180803e-05
v -724.310302734375 38.17131042480469 214.99998474121094
v -703.179931640625 83.48382568359375 214.99998474121094
v -703.179931640625 83.48379516601562 -3.1035506253829226e-05
v -771.160888671875 115.19773864746094 -3.677957283798605e-05
v -703.179931640625 83.48381042480469 214.99998474121094
v -771.160888671875 115.19775390625 214.99998474121094
v -729.9014892578125 38.021392822265625 69.99996185302734
v -787.7479248046875 67.77105712890625 69.99996185302734
v -788.8050537109375 65.50552368164062 69.99996185302734
v -728.844482421875 40.28692626953125 69.99996185302734
v -729.9014892578125 38.021392822265625 4.999971389770508
v -788.8050537109375 65.50552368164062 4.999966144561768
v -787.7479248046875 67.77105712890625 4.999966144561768
v -728.844482421875 40.28692626953125 4.99997091293335
v -788.8050537109375 65.50552368164062 69.99996185302734
v -787.7479248046875 67.77105712890625 4.999966144561768
v -788.8050537109375 65.50552368164062 4.999966144561768
v -787.7479248046875 67.77105712890625 69.99996185302734
v -729.9014892578125 38.021392822265625 69.99996185302734
v -729.9014892578125 38.021392822265625 4.999971389770508
v -728.844482421875 40.28692626953125 4.99997091293335
v -728.844482421875 40.28692626953125 69.99996185302734
v -729.9014892578125 38.02140808105469 139.9999542236328
v -787.7479248046875 67.77107238769531 139.9999542236328
v -788.8050537109375 65.50553894042969 139.9999542236328
v -728.844482421875 40.28694152832031 139.9999542236328
v -729.9014892578125 38.021392822265625 74.99996185302734
v -788.8050537109375 65.50552368164062 74.99996185302734
v -787.7479248046875 67.77105712890625 74.99996185302734
v -728.844482421875 40.28692626953125 74.99996185302734
v -788.8050537109375 65.50553894042969 139.9999542236328
v -787.7479248046875 67.77105712890625 74.99996185302734
v -788.8050537109375 65.50552368164062 74.99996185302734
v -787.7479248046875 67.77107238769531 139.9999542236328
v -729.9014892578125 38.02140808105469 139.9999542236328
v -729.9014892578125 38.021392822265625 74.99996185302734
v -728.844482421875 40.28692626953125 74.99996185302734
v -728.844482421875 40.28694152832031 139.9999542236328
v -729.9014892578125 38.02140808105469 209.99993896484375
v -787.7479248046875 67.77107238769531 209.99993896484375
v -788.8050537109375 65.50553894042969 209.99993896484375
v -728.844482421875 40.28694152832031 209.99993896484375
v -729.9014892578125 38.02140808105469 144.99996948242188
v -788.8050537109375 65.50553894042969 144.99996948242188
v -787.7479248046875 67.77107238769531 144.99996948242188
v -728.844482421875 40.28694152832031 144.99996948242188
v -788.8050537109375 65.50553894042969 209.99993896484375
v -787.7479248046875 67.77107238769531 144.99996948242188
v -788.8050537109375 65.50553894042969 144.99996948242188
v -787.7479248046875 67.77107238769531 209.99993896484375
v -729.9014892578125 38.02140808105469 209.99993896484375
v -729.9014892578125 38.02140808105469 144.99996948242188
v -728.844482421875 40.28694152832031 144.99996948242188
v -728.844482421875 40.28694152832031 209.99993896484375
v -724.310302734375 38.17131042480469 214.99998474121094
v -771.160888671875 115.19772338867188 214.99998474121094
v -792.279052734375 69.88522338867188 214.99998474121094
v -703.179931640625 83.48382568359375 214.99998474121094
v -849.505615234375 88.34222412109375 204.99996948242188
v -817.791748046875 73.52290344238281 204.99996948242188
v -849.505615234375 88.34222412109375 207.4999542236328
v -817.791748046875 73.52290344238281 207.4999542236328
v -817.791748046875 73.52294921875 204.99996948242188
v -814.617919921875 80.31001281738281 204.99996948242188
v -817.791748046875 73.52294921875 207.4999542236328
v -814.617919921875 80.31001281738281 207.4999542236328
v -814.617919921875 80.31004333496094 204.99996948242188
v -816.876220703125 81.38423156738281 204.99996948242188
v -814.617919921875 80.31004333496094 207.4999542236328
v -816.876220703125 81.38423156738281 207.4999542236328
v -816.876220703125 81.38420104980469 204.99996948242188
v -819.000244140625 76.84324645996094 204.99996948242188
v -816.876220703125 81.38420104980469 207.4999542236328
v -819.000244140625 76.84324645996094 207.4999542236328
v -819.000244140625 76.84318542480469 204.99996948242188
v -846.185302734375 89.56291198730469 204.99996948242188
v -819.000244140625 76.84318542480469 207.4999542236328
v -846.185302734375 89.56291198730469 207.4999542236328
v -846.185302734375 89.56291198730469 204.99996948242188
v -844.073486328125 94.07951354980469 204.99996948242188
v -846.185302734375 89.56291198730469 207.4999542236328
v -844.073486328125 94.07951354980469 207.4999542236328
v -844.073486328125 94.07951354980469 204.99996948242188
v -846.331787109375 95.15380859375 204.99996948242188
v -844.073486328125 94.07951354980469 207.4999542236328
v -846.331787109375 95.15380859375 207.4999542236328
v -846.331787109375 95.15382385253906 204.99996948242188
v -849.505615234375 88.34220886230469 204.99996948242188
v -846.331787109375 95.15382385253906 207.4999542236328
v -849.505615234375 88.34220886230469 207.4999542236328
v -817.791748046875 73.52293395996094 204.99996948242188
v -846.185302734375 89.56291198730469 204.99996948242188
v -819.000244140625 76.84321594238281 204.99996948242188
v -849.505615234375 88.34220886230469 204.99996948242188
v -846.331787109375 95.15382385253906 204.99996948242188
v -814.617919921875 80.31001281738281 204.99996948242188
v -816.876220703125 81.38420104980469 204.99996948242188
v -844.073486328125 94.07951354980469 204.99996948242188
v -817.791748046875 73.52293395996094 207.4999542236328
v -819.000244140625 76.84321594238281 207.4999542236328
v -846.185302734375 89.56291198730469 207.4999542236328
v -846.331787109375 95.15382385253906 207.4999542236328
v -849.505615234375 88.34220886230469 207.4999542236328
v -814.617919921875 80.31001281738281 207.4999542236328
v -816.876220703125 81.38420104980469 207.4999542236328
v -844.073486328125 94.07951354980469 207.4999542236328
v -849.505615234375 88.34222412109375 134.9999542236328
v -817.791748046875 73.52290344238281 134.9999542236328
v -849.505615234375 88.34222412109375 137.4999542236328
v -817.791748046875 73.52290344238281 137.4999542236328
v -817.791748046875 73.52294921875 134.9999542236328
v -814.617919921875 80.31001281738281 134.9999542236328
v -817.791748046875 73.52294921875 137.4999542236328
v -814.617919921875 80.31001281738281 137.4999542236328
v -814.617919921875 80.31004333496094 134.9999542236328
v -816.876220703125 81.38423156738281 134.9999542236328
v -814.617919921875 80.31004333496094 137.4999542236328
v -816.876220703125 81.38423156738281 137.4999542236328
v -816.876220703125 81.38420104980469 134.9999542236328
v -819.000244140625 76.84324645996094 134.9999542236328
v -816.876220703125 81.38420104980469 137.4999542236328
v -819.000244140625 76.84324645996094 137.4999542236328
v -819.000244140625 76.84318542480469 134.9999542236328
v -846.185302734375 89.56291198730469 134.9999542236328
v -819.000244140625 76.84318542480469 137.4999542236328
v -846.185302734375 89.56291198730469 137.4999542236328
v -846.185302734375 89.56291198730469 134.9999542236328
v -844.073486328125 94.07951354980469 134.9999542236328
v -846.185302734375 89.56291198730469 137.4999542236328
v -844.073486328125 94.07951354980469 137.4999542236328
v -844.073486328125 94.07951354980469 134.9999542236328
v -846.331787109375 95.15380859375 134.9999542236328
v -844.073486328125 94.07951354980469 137.4999542236328
v -846.331787109375 95.15380859375 137.4999542236328
v -846.331787109375 95.15382385253906 134.9999542236328
v -849.505615234375 88.34220886230469 134.9999542236328
v -846.331787109375 95.15382385253906 137.4999542236328
v -849.505615234375 88.34220886230469 137.4999542236328
v -817.791748046875 73.52293395996094 134.9999542236328
v -846.185302734375 89.56291198730469 134.9999542236328
v -819.000244140625 76.84321594238281 134.9999542236328
v -849.505615234375 88.34220886230469 134.9999542236328
v -846.331787109375 95.15382385253906 134.9999542236328
v -814.617919921875 80.31001281738281 134.9999542236328
v -816.876220703125 81.38420104980469 134.9999542236328
v -844.073486328125 94.07951354980469 134.9999542236328
v -817.791748046875 73.52293395996094 137.4999542236328
v -819.000244140625 76.84321594238281 137.4999542236328
v -846.185302734375 89.56291198730469 137.4999542236328
v -846.331787109375 95.15382385253906 137.4999542236328
v -849.505615234375 88.34220886230469 137.4999542236328
v -814.617919921875 80.31001281738281 137.4999542236328
v -816.876220703125 81.38420104980469 137.4999542236328
v -844.073486328125 94.07951354980469 137.4999542236328
v -849.505615234375 88.34220886230469 64.99996185302734
v -817.791748046875 73.52288818359375 64.99996185302734
v -849.505615234375 88.34220886230469 67.49996185302734
v -817.791748046875 73.52288818359375 67.49996185302734
v -817.791748046875 73.52293395996094 64.99996185302734
v -814.617919921875 80.30999755859375 64.99996185302734
v -817.791748046875 73.52293395996094 67.49996185302734
v -814.617919921875 80.30999755859375 67.49996185302734
v -814.617919921875 80.31002807617188 64.99996185302734
v -816.876220703125 81.38421630859375 64.99996185302734
v -814.617919921875 80.31002807617188 67.49996185302734
v -816.876220703125 81.38421630859375 67.49996185302734
v -816.876220703125 81.38418579101562 64.99996185302734
v -819.000244140625 76.84323120117188 64.99996185302734
v -816.876220703125 81.38418579101562 67.49996185302734
v -819.000244140625 76.84323120117188 67.49996185302734
v -819.000244140625 76.84317016601562 64.99996185302734
v -846.185302734375 89.56289672851562 64.99996185302734
v -819.000244140625 76.84317016601562 67.49996185302734
v -846.185302734375 89.56289672851562 67.49996185302734
v -846.185302734375 89.56289672851562 64.99996185302734
v -844.073486328125 94.07949829101562 64.99996185302734
v -846.185302734375 89.56289672851562 67.49996185302734
v -844.073486328125 94.07949829101562 67.49996185302734
v -844.073486328125 94.07949829101562 64.99996185302734
v -846.331787109375 95.15379333496094 64.99996185302734
v -844.073486328125 94.07949829101562 67.49996185302734
v -846.331787109375 95.15379333496094 67.49996185302734
v -846.331787109375 95.15380859375 64.99996185302734
v -849.505615234375 88.34219360351562 64.99996185302734
v -846.331787109375 95.15380859375 67.49996185302734
v -849.505615234375 88.34219360351562 67.49996185302734
v -817.791748046875 73.52291870117188 64.99996185302734
v -846.185302734375 89.56289672851562 64.99996185302734
v -819.000244140625 76.84320068359375 64.99996185302734
v -849.505615234375 88.34219360351562 64.99996185302734
v -846.331787109375 95.15380859375 64.99996185302734
v -814.617919921875 80.30999755859375 64.99996185302734
v -816.876220703125 81.38418579101562 64.99996185302734
v -844.073486328125 94.07949829101562 64.99996185302734
v -817.791748046875 73.52291870117188 67.49996185302734
v -819.000244140625 76.84320068359375 67.49996185302734
v -846.185302734375 89.56289672851562 67.49996185302734
v -846.331787109375 95.15380859375 67.49996185302734
v -849.505615234375 88.34219360351562 67.49996185302734
v -814.617919921875 80.30999755859375 67.49996185302734
v -816.876220703125 81.38418579101562 67.49996185302734
v -844.073486328125 94.07949829101562 67.49996185302734
v -843.646240234375 149.0355987548828 -4.290620927349664e-05
v -864.764404296875 103.72309875488281 -3.9867969462648034e-05
v -843.646240234375 149.03561401367188 214.99996948242188
v -864.764404296875 103.72311401367188 214.99996948242188
v -864.764404296875 103.72308349609375 -3.9867969462648034e-05
v -796.795654296875 72.00923156738281 -3.4124444937333465e-05
v -860.2333984375 101.60893249511719 4.999960422515869
v -860.2333984375 101.60893249511719 69.99996185302734
v -801.3299560546875 74.12486267089844 69.99996185302734
v -860.2333984375 101.60893249511719 74.99996185302734
v -860.2333984375 101.60894775390625 139.9999542236328
v -801.3299560546875 74.1248779296875 139.99996948242188
v -860.2333984375 101.60894775390625 144.9999542236328
v -860.2333984375 101.60894775390625 209.99993896484375
v -801.3299560546875 74.1248779296875 209.9999542236328
v -864.764404296875 103.72309875488281 214.99996948242188
v -796.795654296875 72.00924682617188 214.99998474121094
v -801.3299560546875 74.1248779296875 144.99996948242188
v -801.3299560546875 74.12486267089844 74.99996185302734
v -801.3299560546875 74.12486267089844 4.999965667724609
v -796.795654296875 72.00920104980469 -3.412444129935466e-05
v -775.665283203125 117.32168579101562 -3.7162146327318624e-05
v -796.795654296875 72.00921630859375 214.99998474121094
v -775.665283203125 117.32170104980469 214.99998474121094
v -775.665283203125 117.32173156738281 -3.716214996529743e-05
v -843.646240234375 149.03561401367188 -4.290620927349664e-05
v -775.665283203125 117.32174682617188 214.99993896484375
v -843.646240234375 149.03562927246094 214.9999237060547
v -802.386962890625 71.85934448242188 69.99996185302734
v -860.2333984375 101.60893249511719 69.99996185302734
v -861.2904052734375 99.34339904785156 69.99996185302734
v -801.3299560546875 74.12486267089844 69.99996185302734
v -802.386962890625 71.85934448242188 4.999965667724609
v -861.2904052734375 99.34339904785156 4.999960422515869
v -860.2333984375 101.60893249511719 4.999960422515869
v -801.3299560546875 74.12486267089844 4.999965667724609
v -861.2904052734375 99.34339904785156 69.99996185302734
v -860.2333984375 101.60893249511719 4.999960422515869
v -861.2904052734375 99.34339904785156 4.999960422515869
v -860.2333984375 101.60893249511719 69.99996185302734
v -802.386962890625 71.85934448242188 69.99996185302734
v -802.386962890625 71.85934448242188 4.999965667724609
v -801.3299560546875 74.12486267089844 4.999965667724609
v -801.3299560546875 74.12486267089844 69.99996185302734
v -802.386962890625 71.85935974121094 139.99996948242188
v -860.2333984375 101.60894775390625 139.9999542236328
v -861.2904052734375 99.34341430664062 139.9999542236328
v -801.3299560546875 74.1248779296875 139.99996948242188
v -802.386962890625 71.85934448242188 74.99996185302734
v -861.2904052734375 99.34339904785156 74.99996185302734
v -860.2333984375 101.60893249511719 74.99996185302734
v -801.3299560546875 74.12486267089844 74.99996185302734
v -861.2904052734375 99.34341430664062 139.9999542236328
v -860.2333984375 101.60893249511719 74.99996185302734
v -861.2904052734375 99.34339904785156 74.99996185302734
v -860.2333984375 101.60894775390625 139.9999542236328
v -802.386962890625 71.85935974121094 139.99996948242188
v -802.386962890625 71.85934448242188 74.99996185302734
v -801.3299560546875 74.12486267089844 74.99996185302734
v -801.3299560546875 74.1248779296875 139.99996948242188
v -802.386962890625 71.85935974121094 209.9999542236328
v -860.2333984375 101.60894775390625 209.99993896484375
v -861.2904052734375 99.34341430664062 209.99993896484375
v -801.3299560546875 74.1248779296875 209.9999542236328
v -802.386962890625 71.85935974121094 144.99996948242188
v -861.2904052734375 99.34341430664062 144.9999542236328
v -860.2333984375 101.60894775390625 144.9999542236328
v -801.3299560546875 74.1248779296875 144.99996948242188
v -861.2904052734375 99.34341430664062 209.99993896484375
v -860.2333984375 101.60894775390625 144.9999542236328
v -861.2904052734375 99.34341430664062 144.9999542236328
v -860.2333984375 101.60894775390625 209.99993896484375
v -802.386962890625 71.85935974121094 209.9999542236328
v -802.386962890625 71.85935974121094 144.99996948242188
v -801.3299560546875 74.1248779296875 144.99996948242188
v -801.3299560546875 74.1248779296875 209.9999542236328
v -796.795654296875 72.00921630859375 214.99998474121094
v -843.646240234375 149.03561401367188 214.99996948242188
v -864.764404296875 103.72311401367188 214.99996948242188
v -775.665283203125 117.32171630859375 214.99998474121094
v -385.54583740234375 -122.62924194335938 5.000000476837158
v -326.642333984375 -150.11337280273438 5.00000524520874
v -326.642333984375 -150.11337280273438 70.0
v -385.54583740234375 -122.62924194335938 69.99999237060547
v -385.54583740234375 -122.62924194335938 74.99999237060547
v -326.642333984375 -150.11337280273438 75.0
v -326.642333984375 -150.11337280273438 139.99998474121094
v -385.54583740234375 -122.62924194335938 139.99998474121094
v -385.54583740234375 -122.62924194335938 145.0
v -326.642333984375 -150.11337280273438 145.0
v -326.642333984375 -150.11334228515625 209.99996948242188
v -385.54583740234375 -122.62921142578125 209.99996948242188
v -458.03118896484375 -88.79135131835938 4.99999475479126
v -399.127685546875 -116.27542114257812 5.0
v -399.127685546875 -116.27542114257812 70.0
v -458.03118896484375 -88.79135131835938 69.99999237060547
v -458.03118896484375 -88.79135131835938 74.99999237060547
v -399.127685546875 -116.27542114257812 75.0
v -399.127685546875 -116.27542114257812 140.0
v -458.03118896484375 -88.79135131835938 140.0
v -458.03118896484375 -88.79135131835938 145.0
v -399.127685546875 -116.27542114257812 145.0
v -399.127685546875 -116.275390625 209.99998474121094
v -458.03118896484375 -88.79132080078125 209.99998474121094
v -788.8050537109375 65.50552368164062 4.999966144561768
v -729.9014892578125 38.021392822265625 4.999971389770508
v -729.9014892578125 38.021392822265625 69.99996185302734
v -788.8050537109375 65.50552368164062 69.99996185302734
v -788.8050537109375 65.50552368164062 74.99996185302734
v -729.9014892578125 38.021392822265625 74.99996185302734
v -729.9014892578125 38.02140808105469 139.9999542236328
v -788.8050537109375 65.50553894042969 139.9999542236328
v -788.8050537109375 65.50553894042969 144.99996948242188
v -729.9014892578125 38.02140808105469 144.99996948242188
v -729.9014892578125 38.02140808105469 209.99993896484375
v -788.8050537109375 65.50553894042969 209.99993896484375
v -861.2904052734375 99.34339904785156 4.999960422515869
v -802.386962890625 71.85934448242188 4.999965667724609
v -802.386962890625 71.85934448242188 69.99996185302734
v -861.2904052734375 99.34339904785156 69.99996185302734
v -861.2904052734375 99.34339904785156 74.99996185302734
v -802.386962890625 71.85934448242188 74.99996185302734
v -802.386962890625 71.85935974121094 139.99996948242188
v -861.2904052734375 99.34341430664062 139.9999542236328
v -861.2904052734375 99.34341430664062 144.9999542236328
v -802.386962890625 71.85935974121094 144.99996948242188
v -802.386962890625 71.85935974121094 209.9999542236328
v -861.2904052734375 99.34341430664062 209.99993896484375
f 2 1 3
f 4 2 3
f 403 402 404
f 405 403 404
f 399 398 400
f 401 399 400
f 395 394 396
f 397 395 396
f 391 390 392
f 393 391 392
f 14 13 15
f 16 14 15
f 10 9 11
f 12 10 11
f 6 5 7
f 8 6 7
f 17 18 20
f 18 17 19
f 406 407 409
f 407 406 408
f 38 37 39
f 40 38 39
f 169 170 158
f 166 165 168
f 168 165 158
f 171 168 158
f 170 171 158
f 171 170 172
f 172 170 161
f 166 172 161
f 159 157 163
f 158 157 159
f 159 167 158
f 167 169 158
f 169 167 164
f 160 169 164
f 160 164 162
f 161 160 162
f 162 165 161
f 161 165 166
f 164 163 162
f 163 157 162
f 328 327 165
f 329 328 165
f 26 25 27
f 28 26 27
f 22 21 23
f 24 22 23
f 443 442 444
f 445 443 444
f 439 438 440
f 441 439 440
f 435 434 436
f 437 435 436
f 431 430 432
f 433 431 432
f 427 426 428
f 429 427 428
f 419 418 420
f 421 419 420
f 415 414 416
f 417 415 416
f 411 410 412
f 413 411 412
f 339 338 340
f 341 339 340
f 335 334 336
f 337 335 336
f 331 330 332
f 333 331 332
f 324 323 325
f 326 324 325
f 316 315 317
f 318 316 317
f 312 311 313
f 314 312 313
f 308 307 309
f 310 308 309
f 198 197 199
f 200 198 199
f 190 189 191
f 191 196 190
f 196 195 190
f 193 195 196
f 194 195 193
f 193 192 194
f 192 189 194
f 191 189 192
f 423 422 424
f 425 424 422
f 320 319 321
f 322 321 319
f 294 293 295
f 295 293 296
f 292 289 290
f 290 289 291
f 285 286 288
f 286 285 287
f 282 281 283
f 284 283 281
f 278 277 279
f 279 277 280
f 276 273 274
f 274 273 275
f 269 270 272
f 270 269 271
f 266 265 267
f 268 267 265
f 262 261 263
f 263 261 264
f 260 257 258
f 258 257 259
f 253 254 256
f 254 253 255
f 250 249 251
f 252 251 249
f 246 245 247
f 247 245 248
f 244 241 242
f 242 241 243
f 237 238 240
f 238 237 239
f 234 233 235
f 236 235 233
f 230 229 231
f 231 229 232
f 228 225 226
f 226 225 227
f 221 222 224
f 222 221 223
f 218 217 219
f 220 219 217
f 214 213 215
f 215 213 216
f 212 209 210
f 210 209 211
f 205 206 208
f 206 205 207
f 202 201 203
f 204 203 201
f 176 174 175
f 174 173 175
f 142 139 138
f 139 133 138
f 135 133 139
f 134 133 135
f 135 144 134
f 144 146 134
f 146 144 142
f 141 146 142
f 141 142 138
f 140 141 138
f 136 140 138
f 136 148 140
f 148 147 140
f 147 148 134
f 146 147 134
f 137 136 138
f 138 143 137
f 137 143 145
f 145 143 134
f 148 145 134
f 122 121 123
f 123 121 124
f 120 117 118
f 118 117 119
f 113 114 116
f 114 113 115
f 110 109 111
f 112 111 109
f 106 105 107
f 107 105 108
f 104 101 102
f 102 101 103
f 97 98 100
f 98 97 99
f 94 93 95
f 96 95 93
f 90 89 91
f 91 89 92
f 88 85 86
f 86 85 87
f 81 82 84
f 82 81 83
f 78 77 79
f 80 79 77
f 50 47 46
f 47 41 46
f 43 41 47
f 42 41 43
f 43 52 42
f 52 54 42
f 54 52 50
f 49 54 50
f 49 50 46
f 48 49 46
f 44 48 46
f 44 56 48
f 56 55 48
f 55 56 42
f 54 55 42
f 45 44 46
f 46 51 45
f 45 51 53
f 53 51 42
f 56 53 42
f 36 35 30
f 31 36 30
f 30 29 31
f 31 29 32
f 32 29 34
f 33 32 34
f 34 35 33
f 33 35 36
f 58 57 59
f 60 58 59
f 62 61 63
f 64 62 63
f 66 65 67
f 67 73 66
f 73 74 66
f 74 72 66
f 69 72 74
f 70 72 69
f 69 68 70
f 68 71 70
f 71 65 70
f 67 65 71
f 71 75 67
f 75 76 67
f 76 75 69
f 74 76 69
f 126 125 127
f 128 126 127
f 130 129 131
f 132 130 131
f 150 149 151
f 152 150 151
f 154 153 155
f 156 154 155
f 178 177 179
f 180 178 179
f 182 181 183
f 183 188 182
f 188 187 182
f 185 187 188
f 186 187 185
f 185 184 186
f 184 181 186
f 183 181 184
f 301 302 305
f 298 297 299
f 299 297 300
f 300 304 299
f 304 301 299
f 303 301 304
f 302 301 303
f 302 303 306
f 345 342 343
f 343 342 344
f 349 346 347
f 347 346 348
f 353 350 351
f 351 350 352
f 357 354 355
f 355 354 356
f 358 359 361
f 359 358 360
f 383 382 384
f 384 385 383
f 469 468 470
f 471 469 470
f 465 464 466
f 467 465 466
f 461 460 462
f 463 461 462
f 457 456 458
f 459 457 458
f 455 448 452
f 447 446 448
f 449 448 446
f 449 452 448
f 450 452 449
f 450 449 451
f 451 453 450
f 450 453 454
f 379 378 380
f 381 379 380
f 371 370 372
f 372 373 371
f 367 366 368
f 369 367 368
f 363 362 364
f 365 363 364
f 671 670 672
f 673 671 672
f 674 671 673
f 675 674 673
f 374 375 377
f 375 374 376
f 625 624 626
f 626 624 627
f 623 620 621
f 621 620 622
f 616 617 619
f 617 616 618
f 613 612 614
f 615 614 612
f 593 592 594
f 594 592 595
f 591 588 589
f 589 588 590
f 584 585 587
f 585 584 586
f 581 580 582
f 583 582 580
f 545 544 546
f 546 544 547
f 543 540 541
f 541 540 542
f 521 520 522
f 522 520 523
f 519 516 517
f 517 516 518
f 496 497 499
f 497 496 498
f 493 492 494
f 495 494 492
f 473 472 474
f 472 473 475
f 630 628 631
f 631 628 633
f 632 631 633
f 633 634 632
f 632 634 635
f 635 634 629
f 630 635 629
f 629 628 630
f 655 654 653
f 654 652 653
f 653 652 651
f 652 650 651
f 651 650 649
f 650 648 649
f 1760 1759 647
f 1759 645 647
f 647 645 646
f 645 644 646
f 665 664 663
f 664 662 663
f 663 662 661
f 662 660 661
f 661 660 659
f 660 658 659
f 659 658 657
f 658 656 657
f 657 656 655
f 656 654 655
f 681 680 679
f 680 677 679
f 679 677 678
f 677 676 678
f 691 690 689
f 690 688 689
f 689 688 687
f 688 686 687
f 687 686 685
f 686 684 685
f 685 684 683
f 684 682 683
f 683 682 681
f 682 680 681
f 701 700 699
f 700 698 699
f 699 698 697
f 698 696 697
f 697 696 695
f 696 694 695
f 695 694 693
f 694 692 693
f 693 692 691
f 692 690 691
f 711 710 709
f 710 708 709
f 709 708 707
f 708 706 707
f 707 706 705
f 706 704 705
f 705 704 703
f 704 702 703
f 703 702 1761
f 702 1762 1761
f 507 506 501
f 502 507 501
f 501 500 502
f 502 500 503
f 503 500 505
f 504 503 505
f 505 506 504
f 504 506 507
f 568 567 569
f 569 570 568
f 568 570 571
f 571 570 565
f 566 571 565
f 565 564 566
f 566 564 567
f 567 564 569
f 667 666 668
f 669 667 668
f 609 608 610
f 611 609 610
f 605 604 606
f 607 605 606
f 577 576 578
f 579 577 578
f 573 572 574
f 575 573 574
f 557 556 558
f 558 563 557
f 563 562 557
f 560 562 563
f 561 562 560
f 560 559 561
f 559 556 561
f 558 556 559
f 600 599 601
f 601 602 600
f 600 602 603
f 603 602 597
f 598 603 597
f 597 596 598
f 598 596 599
f 599 596 601
f 549 548 550
f 550 555 549
f 555 554 549
f 552 554 555
f 553 554 552
f 552 551 553
f 551 548 553
f 550 548 551
f 637 636 638
f 638 643 637
f 643 642 637
f 640 642 643
f 641 642 640
f 640 639 641
f 639 636 641
f 638 636 639
f 537 536 538
f 538 539 537
f 533 532 534
f 534 535 533
f 525 524 526
f 526 531 525
f 531 530 525
f 528 530 531
f 529 530 528
f 528 527 529
f 527 524 529
f 526 524 527
f 387 386 388
f 388 389 387
f 477 476 478
f 479 477 478
f 481 480 482
f 483 481 482
f 485 484 486
f 487 485 486
f 489 488 490
f 491 489 490
f 509 508 510
f 510 511 509
f 513 512 514
f 514 515 513
f 812 811 813
f 814 812 813
f 1652 1651 1653
f 1654 1652 1653
f 1648 1647 1649
f 1650 1648 1649
f 1646 1635 1632
f 1633 1646 1632
f 1632 1631 1633
f 1633 1631 1634
f 1634 1631 1636
f 1635 1634 1636
f 1636 1645 1635
f 1635 1645 1632
f 1645 1643 1632
f 1638 1643 1645
f 1644 1643 1638
f 1639 1644 1638
f 1638 1637 1639
f 1639 1637 1642
f 1637 1631 1642
f 1636 1631 1637
f 1641 1643 1644
f 1642 1643 1641
f 1641 1640 1642
f 1640 1639 1642
f 1428 1427 1429
f 1430 1428 1429
f 1424 1423 1425
f 1426 1424 1425
f 1422 1411 1408
f 1409 1422 1408
f 1408 1407 1409
f 1409 1407 1410
f 1410 1407 1412
f 1411 1410 1412
f 1412 1421 1411
f 1411 1421 1408
f 1421 1419 1408
f 1414 1419 1421
f 1420 1419 1414
f 1415 1420 1414
f 1414 1413 1415
f 1415 1413 1418
f 1413 1407 1418
f 1412 1407 1413
f 1417 1419 1420
f 1418 1419 1417
f 1417 1416 1418
f 1416 1415 1418
f 1204 1203 1205
f 1206 1204 1205
f 1200 1199 1201
f 1202 1200 1201
f 1198 1187 1184
f 1185 1198 1184
f 1184 1183 1185
f 1185 1183 1186
f 1186 1183 1188
f 1187 1186 1188
f 1188 1197 1187
f 1187 1197 1184
f 1197 1195 1184
f 1190 1195 1197
f 1196 1195 1190
f 1191 1196 1190
f 1190 1189 1191
f 1191 1189 1194
f 1189 1183 1194
f 1188 1183 1189
f 1193 1195 1196
f 1194 1195 1193
f 1193 1192 1194
f 1192 1191 1194
f 1040 1039 1041
f 1042 1040 1041
f 1036 1035 1037
f 1038 1036 1037
f 980 979 981
f 982 980 981
f 976 975 977
f 978 976 977
f 974 963 960
f 961 974 960
f 960 959 961
f 961 959 962
f 962 959 964
f 963 962 964
f 964 973 963
f 963 973 960
f 973 971 960
f 966 971 973
f 972 971 966
f 967 972 966
f 966 965 967
f 967 965 970
f 965 959 970
f 964 959 965
f 969 971 972
f 970 971 969
f 969 968 970
f 968 967 970
f 739 738 740
f 741 739 740
f 742 739 741
f 743 742 741
f 1684 1683 1685
f 1685 1683 1686
f 1682 1679 1680
f 1680 1679 1681
f 1676 1675 1677
f 1678 1677 1675
f 1671 1672 1674
f 1672 1671 1673
f 1668 1667 1669
f 1669 1667 1670
f 1666 1663 1664
f 1664 1663 1665
f 1660 1659 1661
f 1662 1661 1659
f 1655 1656 1658
f 1656 1655 1657
f 1468 1467 1469
f 1470 1469 1467
f 1463 1464 1466
f 1464 1463 1465
f 1460 1459 1461
f 1461 1459 1462
f 1458 1455 1456
f 1456 1455 1457
f 1452 1451 1453
f 1454 1453 1451
f 1447 1448 1450
f 1448 1447 1449
f 1444 1443 1445
f 1445 1443 1446
f 1442 1439 1440
f 1440 1439 1441
f 1436 1435 1437
f 1438 1437 1435
f 1431 1432 1434
f 1432 1431 1433
f 1252 1251 1253
f 1253 1251 1254
f 1250 1247 1248
f 1248 1247 1249
f 1244 1243 1245
f 1246 1245 1243
f 1239 1240 1242
f 1240 1239 1241
f 1236 1235 1237
f 1237 1235 1238
f 1234 1231 1232
f 1232 1231 1233
f 1228 1227 1229
f 1230 1229 1227
f 1223 1224 1226
f 1224 1223 1225
f 1220 1219 1221
f 1221 1219 1222
f 1218 1215 1216
f 1216 1215 1217
f 1212 1211 1213
f 1214 1213 1211
f 1207 1208 1210
f 1208 1207 1209
f 1031 1032 1034
f 1032 1031 1033
f 1028 1027 1029
f 1029 1027 1030
f 1026 1023 1024
f 1024 1023 1025
f 1020 1019 1021
f 1022 1021 1019
f 1015 1016 1018
f 1016 1015 1017
f 1012 1011 1013
f 1013 1011 1014
f 1010 1007 1008
f 1008 1007 1009
f 1004 1003 1005
f 1006 1005 1003
f 999 1000 1002
f 1000 999 1001
f 996 995 997
f 997 995 998
f 994 991 992
f 992 991 993
f 988 987 989
f 990 989 987
f 983 984 986
f 984 983 985
f 724 722 723
f 725 724 723
f 726 724 725
f 727 726 725
f 728 726 727
f 729 728 727
f 730 728 729
f 731 730 729
f 732 730 731
f 733 732 731
f 713 712 714
f 715 713 714
f 716 713 715
f 717 716 715
f 718 1763 1764
f 719 718 1764
f 720 718 719
f 721 720 719
f 722 720 721
f 723 722 721
f 735 734 736
f 737 735 736
f 1628 1627 1629
f 1630 1628 1629
f 1625 1624 1619
f 1619 1620 1625
f 1620 1619 1621
f 1621 1619 1623
f 1622 1621 1623
f 1621 1622 1626
f 1608 1607 1609
f 1610 1608 1609
f 1604 1603 1605
f 1606 1604 1605
f 1600 1599 1601
f 1602 1600 1601
f 1596 1595 1597
f 1598 1596 1597
f 1592 1591 1593
f 1594 1592 1593
f 1588 1587 1589
f 1590 1588 1589
f 1584 1583 1585
f 1586 1584 1585
f 1580 1579 1581
f 1582 1580 1581
f 1577 1576 1571
f 1571 1572 1577
f 1572 1571 1573
f 1573 1571 1575
f 1574 1573 1575
f 1573 1574 1578
f 1560 1559 1561
f 1562 1560 1561
f 1556 1555 1557
f 1558 1556 1557
f 1552 1551 1553
f 1554 1552 1553
f 1548 1547 1549
f 1550 1548 1549
f 1544 1543 1545
f 1546 1544 1545
f 1540 1539 1541
f 1542 1540 1541
f 1536 1535 1537
f 1538 1536 1537
f 1532 1531 1533
f 1534 1532 1533
f 1529 1528 1523
f 1523 1524 1529
f 1524 1523 1525
f 1525 1523 1527
f 1526 1525 1527
f 1525 1526 1530
f 1512 1511 1513
f 1514 1512 1513
f 1508 1507 1509
f 1510 1508 1509
f 1504 1503 1505
f 1506 1504 1505
f 1500 1499 1501
f 1502 1500 1501
f 1496 1495 1497
f 1498 1496 1497
f 1492 1491 1493
f 1494 1492 1493
f 1488 1487 1489
f 1490 1488 1489
f 1484 1483 1485
f 1486 1484 1485
f 1404 1403 1405
f 1406 1404 1405
f 1401 1400 1395
f 1395 1396 1401
f 1396 1395 1397
f 1397 1395 1399
f 1398 1397 1399
f 1397 1398 1402
f 1384 1383 1385
f 1386 1384 1385
f 1380 1379 1381
f 1382 1380 1381
f 1376 1375 1377
f 1378 1376 1377
f 1372 1371 1373
f 1374 1372 1373
f 1368 1367 1369
f 1370 1368 1369
f 1364 1363 1365
f 1366 1364 1365
f 1360 1359 1361
f 1362 1360 1361
f 1356 1355 1357
f 1358 1356 1357
f 1353 1352 1347
f 1347 1348 1353
f 1348 1347 1349
f 1349 1347 1351
f 1350 1349 1351
f 1349 1350 1354
f 1336 1335 1337
f 1338 1336 1337
f 1332 1331 1333
f 1334 1332 1333
f 1328 1327 1329
f 1330 1328 1329
f 1324 1323 1325
f 1326 1324 1325
f 1320 1319 1321
f 1322 1320 1321
f 1316 1315 1317
f 1318 1316 1317
f 1312 1311 1313
f 1314 1312 1313
f 1308 1307 1309
f 1310 1308 1309
f 1305 1304 1299
f 1299 1300 1305
f 1300 1299 1301
f 1301 1299 1303
f 1302 1301 1303
f 1301 1302 1306
f 1288 1287 1289
f 1290 1288 1289
f 1284 1283 1285
f 1286 1284 1285
f 1280 1279 1281
f 1282 1280 1281
f 1276 1275 1277
f 1278 1276 1277
f 1272 1271 1273
f 1274 1272 1273
f 1268 1267 1269
f 1270 1268 1269
f 1264 1263 1265
f 1266 1264 1265
f 1260 1259 1261
f 1262 1260 1261
f 1180 1179 1181
f 1182 1180 1181
f 1177 1176 1171
f 1171 1172 1177
f 1172 1171 1173
f 1173 1171 1175
f 1174 1173 1175
f 1173 1174 1178
f 1160 1159 1161
f 1162 1160 1161
f 1156 1155 1157
f 1158 1156 1157
f 1152 1151 1153
f 1154 1152 1153
f 1148 1147 1149
f 1150 1148 1149
f 1144 1143 1145
f 1146 1144 1145
f 1140 1139 1141
f 1142 1140 1141
f 1136 1135 1137
f 1138 1136 1137
f 1132 1131 1133
f 1134 1132 1133
f 1129 1128 1123
f 1123 1124 1129
f 1124 1123 1125
f 1125 1123 1127
f 1126 1125 1127
f 1125 1126 1130
f 1112 1111 1113
f 1114 1112 1113
f 1108 1107 1109
f 1110 1108 1109
f 1104 1103 1105
f 1106 1104 1105
f 1100 1099 1101
f 1102 1100 1101
f 1096 1095 1097
f 1098 1096 1097
f 1092 1091 1093
f 1094 1092 1093
f 1088 1087 1089
f 1090 1088 1089
f 1084 1083 1085
f 1086 1084 1085
f 1081 1080 1075
f 1075 1076 1081
f 1076 1075 1077
f 1077 1075 1079
f 1078 1077 1079
f 1077 1078 1082
f 1064 1063 1065
f 1066 1064 1065
f 1060 1059 1061
f 1062 1060 1061
f 1056 1055 1057
f 1058 1056 1057
f 1052 1051 1053
f 1054 1052 1053
f 1048 1047 1049
f 1050 1048 1049
f 1044 1043 1045
f 1046 1044 1045
f 956 955 957
f 958 956 957
f 936 935 937
f 938 936 937
f 932 931 933
f 934 932 933
f 928 927 929
f 930 928 929
f 924 923 925
f 926 924 925
f 920 919 921
f 922 920 921
f 916 915 917
f 918 916 917
f 912 911 913
f 914 912 913
f 908 907 909
f 910 908 909
f 905 904 899
f 899 900 905
f 900 899 901
f 901 899 903
f 902 901 903
f 901 902 906
f 888 887 889
f 890 888 889
f 884 883 885
f 886 884 885
f 880 879 881
f 882 880 881
f 876 875 877
f 878 876 877
f 872 871 873
f 874 872 873
f 868 867 869
f 870 868 869
f 864 863 865
f 866 864 865
f 860 859 861
f 862 860 861
f 857 856 851
f 851 852 857
f 852 851 853
f 853 851 855
f 854 853 855
f 853 854 858
f 840 839 841
f 842 840 841
f 836 835 837
f 838 836 837
f 832 831 833
f 834 832 833
f 828 827 829
f 830 828 829
f 824 823 825
f 826 824 825
f 820 819 821
f 822 820 821
f 816 815 817
f 818 816 817
f 953 952 947
f 947 948 953
f 948 947 949
f 949 947 951
f 950 949 951
f 949 950 954
f 939 944 945
f 945 941 939
f 940 939 941
f 942 939 940
f 942 940 943
f 946 943 940
f 1756 1755 1757
f 1757 1755 1758
f 1752 1751 1753
f 1753 1751 1754
f 1748 1747 1749
f 1749 1747 1750
f 1744 1743 1745
f 1745 1743 1746
f 1740 1739 1741
f 1741 1739 1742
f 1736 1735 1737
f 1737 1735 1738
f 1732 1731 1733
f 1733 1731 1734
f 1728 1727 1729
f 1729 1727 1730
f 1724 1723 1725
f 1725 1723 1726
f 1720 1719 1721
f 1721 1719 1722
f 1716 1715 1717
f 1717 1715 1718
f 1712 1711 1713
f 1713 1711 1714
f 1703 1704 1706
f 1704 1703 1705
f 1700 1699 1701
f 1701 1699 1702
f 1698 1695 1696
f 1696 1695 1697
f 1692 1691 1693
f 1694 1693 1691
f 1687 1688 1690
f 1688 1687 1689
f 1618 1615 1612
f 1614 1612 1615
f 1614 1611 1612
f 1612 1611 1613
f 1617 1613 1611
f 1611 1616 1617
f 1570 1567 1564
f 1566 1564 1567
f 1566 1563 1564
f 1564 1563 1565
f 1569 1565 1563
f 1563 1568 1569
f 1522 1519 1516
f 1518 1516 1519
f 1518 1515 1516
f 1516 1515 1517
f 1521 1517 1515
f 1515 1520 1521
f 1479 1480 1482
f 1480 1479 1481
f 1476 1475 1477
f 1477 1475 1478
f 1474 1471 1472
f 1472 1471 1473
f 1394 1391 1388
f 1390 1388 1391
f 1390 1387 1388
f 1388 1387 1389
f 1393 1389 1387
f 1387 1392 1393
f 1346 1343 1340
f 1342 1340 1343
f 1342 1339 1340
f 1340 1339 1341
f 1345 1341 1339
f 1339 1344 1345
f 1298 1295 1292
f 1294 1292 1295
f 1294 1291 1292
f 1292 1291 1293
f 1297 1293 1291
f 1291 1296 1297
f 1256 1255 1257
f 1255 1256 1258
f 1170 1167 1164
f 1166 1164 1167
f 1166 1163 1164
f 1164 1163 1165
f 1169 1165 1163
f 1163 1168 1169
f 1122 1119 1116
f 1118 1116 1119
f 1118 1115 1116
f 1116 1115 1117
f 1121 1117 1115
f 1115 1120 1121
f 1074 1071 1068
f 1070 1068 1071
f 1070 1067 1068
f 1068 1067 1069
f 1073 1069 1067
f 1067 1072 1073
f 898 895 892
f 894 892 895
f 894 891 892
f 892 891 893
f 897 893 891
f 891 896 897
f 850 847 844
f 846 844 847
f 846 843 844
f 844 843 845
f 849 845 843
f 843 848 849
f 749 748 747
f 748 745 747
f 747 745 746
f 745 744 746
f 759 758 757
f 758 756 757
f 757 756 755
f 756 754 755
f 755 754 753
f 754 752 753
f 753 752 751
f 752 750 751
f 751 750 749
f 750 748 749
f 769 768 767
f 768 766 767
f 767 766 765
f 766 764 765
f 765 764 763
f 764 762 763
f 763 762 761
f 762 760 761
f 761 760 759
f 760 758 759
f 779 778 777
f 778 776 777
f 777 776 775
f 776 774 775
f 775 774 773
f 774 772 773
f 773 772 771
f 772 770 771
f 771 770 1765
f 770 1766 1765
f 782 780 783
f 783 780 784
f 784 780 785
f 785 780 786
f 786 780 787
f 787 780 788
f 788 780 790
f 789 788 790
f 790 810 789
f 798 797 799
f 796 797 798
f 797 796 795
f 795 794 797
f 794 795 793
f 793 792 794
f 791 792 793
f 792 791 780
f 780 781 792
f 781 780 782
f 805 806 809
f 806 805 807
f 807 805 804
f 808 807 804
f 804 803 808
f 803 804 802
f 802 801 803
f 800 801 802
f 801 800 799
f 799 800 798
f 1708 1707 1709
f 1709 1707 1710
