# from WaterfrontDistrict_Block11_Generic_0018_LOD_0.pskx
v 197.5477752685547 -308.81402587890625 874.9744262695312
v 180.4674835205078 28.296451568603516 874.9744262695312
v 197.5477752685547 -308.81402587890625 965.0244140625
v 180.4674835205078 28.296451568603516 965.0244140625
v 155.5042266845703 27.039127349853516 874.9740600585938
v 172.5721893310547 -310.08355712890625 874.9744262695312
v 155.5042266845703 27.039127349853516 965.0240478515625
v 172.5721893310547 -310.08355712890625 965.0244140625
v 166.46844482421875 27.594058990478516 1085.9630126953125
v 183.59613037109375 -309.52545166015625 990.4398803710938
v 166.52816772460938 27.59723472595215 990.4393920898438
v 183.53640747070312 -309.52862548828125 1085.9635009765625
v 168.0814971923828 27.675846099853516 1125.14599609375
v 185.1486053466797 -309.44683837890625 1097.930419921875
v 168.0807647705078 27.675846099853516 1097.929931640625
v 185.1494598388672 -309.44683837890625 1125.146484375
v 167.74122619628906 27.658740997314453 1097.9669189453125
v 185.14976501464844 -309.44683837890625 1125.146484375
v 168.08181762695312 27.67586326599121 1125.14599609375
v 184.80929565429688 -309.4639587402344 1097.9674072265625
v 165.9907989501953 27.570133209228516 990.4163818359375
v 183.0587615966797 -309.55255126953125 1086.00341796875
v 165.9907989501953 27.570133209228516 1086.0029296875
v 183.0587615966797 -309.55255126953125 990.4168701171875
v 165.9684295654297 27.569000244140625 1085.989013671875
v 183.0587615966797 -309.55255126953125 1088.466552734375
v 165.9907989501953 27.570133209228516 1088.4659423828125
v 183.036376953125 -309.5536804199219 1085.989501953125
v 167.98696899414062 27.696176528930664 1084.98828125
v 185.05746459960938 -309.4764404296875 1084.98876953125
v 169.9857940673828 27.772281646728516 1085.962890625
v 187.0536346435547 -309.35040283203125 1085.96337890625
v 170.0081329345703 27.773412704467773 1088.4296875
v 187.07595825195312 -309.3492736816406 1088.4302978515625
v 167.98696899414062 27.696176528930664 1089.44091796875
v 185.05746459960938 -309.4764404296875 1089.4415283203125
v 165.96847534179688 27.56900405883789 1088.4296875
v 183.0364227294922 -309.5536804199219 1088.4302978515625
v 166.01048278808594 27.571130752563477 1088.425537109375
v 180.17848205566406 -309.6985778808594 1090.69287109375
v 163.1105194091797 27.424118041992188 1090.6923828125
v 183.0784454345703 -309.55157470703125 1088.4261474609375
v 165.9683380126953 27.56899642944336 988.0233764648438
v 183.0587615966797 -309.55255126953125 990.4669189453125
v 165.9907989501953 27.570133209228516 990.4664306640625
v 183.0363006591797 -309.5536804199219 988.0238037109375
v 167.98696899414062 27.696176528930664 987.04150390625
v 185.05746459960938 -309.4764404296875 987.0418701171875
v 169.9857940673828 27.772281646728516 988.0164794921875
v 187.0536346435547 -309.35040283203125 988.016845703125
v 170.0081329345703 27.773412704467773 990.4302368164062
v 187.07595825195312 -309.3492736816406 990.4307250976562
v 167.98696899414062 27.696176528930664 991.4414672851562
v 185.05746459960938 -309.4764404296875 991.4418334960938
v 165.96847534179688 27.56900405883789 990.4302368164062
v 183.0364227294922 -309.5536804199219 990.4307250976562
v 164.9744873046875 27.51845932006836 986.9813232421875
v 183.076416015625 -309.5516662597656 988.0171508789062
v 166.00845336914062 27.571027755737305 988.0167846679688
v 182.04232788085938 -309.6042175292969 986.9817504882812
v 168.1042938232422 27.652000427246094 1097.9300537109375
v 167.7151336669922 27.632394790649414 1097.9674072265625
v 168.082763671875 27.65087890625 1125.121337890625
v 170.023193359375 27.749143600463867 1088.4632568359375
v 165.9559326171875 27.543336868286133 1088.4632568359375
v 167.989501953125 27.646240234375 1089.485595703125
v 170.023193359375 27.749143600463867 1085.965576171875
v 165.95602416992188 27.54334259033203 1085.9554443359375
v 167.98959350585938 27.646244049072266 1084.9434814453125
v 170.023193359375 27.749143600463867 990.4637451171875
v 165.9559326171875 27.543336868286133 990.4637451171875
v 167.989501953125 27.646240234375 991.4862060546875
v 170.023193359375 27.749143600463867 988.0191650390625
v 165.95619201660156 27.543350219726562 987.989990234375
v 167.98976135253906 27.64625358581543 986.9966430664062
v 185.148193359375 -309.421875 1125.121826171875
v 184.7806854248047 -309.44036865234375 1097.9678955078125
v 185.1696014404297 -309.4207458496094 1097.9305419921875
v 185.054931640625 -309.426513671875 1089.4862060546875
v 183.0213623046875 -309.5294189453125 1088.4638671875
v 187.0885009765625 -309.3236083984375 1088.4638671875
v 187.0885009765625 -309.3236083984375 1085.966064453125
v 183.02145385742188 -309.5294189453125 1085.9559326171875
v 185.05502319335938 -309.426513671875 1084.9439697265625
v 185.054931640625 -309.426513671875 991.486572265625
v 183.0213623046875 -309.5294189453125 990.4642333984375
v 187.0885009765625 -309.3236083984375 990.4642333984375
v 187.0885009765625 -309.3236083984375 988.01953125
v 183.02162170410156 -309.5293884277344 987.9904174804688
v 185.05519104003906 -309.426513671875 986.9970092773438
v 197.5477752685547 -308.81402587890625 964.974365234375
v 180.4674835205078 28.296451568603516 964.974365234375
v 197.5477752685547 -308.81402587890625 975.0244750976562
v 180.4674835205078 28.296451568603516 975.0244750976562
v 155.5042266845703 27.039127349853516 964.9739990234375
v 172.5721893310547 -310.08355712890625 964.974365234375
v 155.5042266845703 27.039127349853516 975.0241088867188
v 172.5721893310547 -310.08355712890625 975.0244750976562
v 197.57273864746094 -308.8127746582031 974.9994506835938
v 180.49246215820312 28.297718048095703 974.9994506835938
v 172.54722595214844 -310.0848388671875 974.9994506835938
v 155.47926330566406 27.037864685058594 974.9990844726562
v 225.88027954101562 -870.6060180664062 874.9744873046875
v 210.15512084960938 -558.4467163085938 874.9744262695312
v 225.88027954101562 -870.6060180664062 965.0244750976562
v 210.15512084960938 -558.4467163085938 965.0244140625
v 185.17953491210938 -559.7162475585938 874.9744262695312
v 200.90469360351562 -871.8633422851562 874.9744873046875
v 185.17953491210938 -559.7162475585938 965.0244140625
v 200.90469360351562 -871.8633422851562 965.0244750976562
v 196.1438751220703 -559.1640014648438 1085.9635009765625
v 211.9287567138672 -871.3079223632812 990.43994140625
v 196.20359802246094 -559.1608276367188 990.4398803710938
v 211.86903381347656 -871.3110961914062 1085.9635009765625
v 197.75692749023438 -559.0827026367188 1125.146484375
v 213.48123168945312 -871.2297973632812 1097.930419921875
v 197.75607299804688 -559.0827026367188 1097.930419921875
v 213.48208618164062 -871.2297973632812 1125.146484375
v 197.41688537597656 -559.0997924804688 1097.9674072265625
v 213.48240661621094 -871.2297973632812 1125.146484375
v 197.75723266601562 -559.0827026367188 1125.146484375
v 213.14193725585938 -871.2468872070312 1097.9674072265625
v 195.66622924804688 -559.1879272460938 990.4168701171875
v 211.39138793945312 -871.3350219726562 1086.00341796875
v 195.66622924804688 -559.1879272460938 1086.00341796875
v 211.39138793945312 -871.3350219726562 990.4169311523438
v 195.6438446044922 -559.1890258789062 1085.989501953125
v 211.39138793945312 -871.3350219726562 1088.466552734375
v 195.66622924804688 -559.1879272460938 1088.466552734375
v 211.3690185546875 -871.336181640625 1085.989501953125
v 197.6623992919922 -559.0621337890625 1084.98876953125
v 213.3900909423828 -871.2593994140625 1084.98876953125
v 199.66122436523438 -558.9867553710938 1085.96337890625
v 215.38638305664062 -871.1338500976562 1085.96337890625
v 199.6835479736328 -558.985595703125 1088.4302978515625
v 215.40872192382812 -871.1327514648438 1088.4302978515625
v 197.6623992919922 -559.0621337890625 1089.4415283203125
v 213.3900909423828 -871.2593994140625 1089.4415283203125
v 195.64389038085938 -559.1890258789062 1088.4302978515625
v 211.3690643310547 -871.336181640625 1088.4302978515625
v 195.68589782714844 -559.1869506835938 1088.4261474609375
v 208.51112365722656 -871.4802856445312 1090.69287109375
v 192.78594970703125 -559.3331909179688 1090.69287109375
v 211.41107177734375 -871.3340454101562 1088.4261474609375
v 195.6437530517578 -559.1890258789062 988.0238037109375
v 211.39138793945312 -871.3350219726562 990.4669799804688
v 195.66622924804688 -559.1879272460938 990.4669189453125
v 211.36892700195312 -871.336181640625 988.0238647460938
v 197.6623992919922 -559.0621337890625 987.0418701171875
v 213.3900909423828 -871.2593994140625 987.0419311523438
v 199.66122436523438 -558.9867553710938 988.016845703125
v 215.38638305664062 -871.1338500976562 988.0169067382812
v 199.6835479736328 -558.985595703125 990.4307250976562
v 215.40872192382812 -871.1327514648438 990.4307861328125
v 197.6623992919922 -559.0621337890625 991.4418334960938
v 213.3900909423828 -871.2593994140625 991.44189453125
v 195.64389038085938 -559.1890258789062 990.4307250976562
v 211.3690643310547 -871.336181640625 990.4307861328125
v 194.64990234375 -559.2390747070312 986.9817504882812
v 211.40904235839844 -871.3341674804688 988.0172119140625
v 195.6838836669922 -559.18701171875 988.0171508789062
v 210.3749542236328 -871.38623046875 986.9818115234375
v 197.7795867919922 -559.1065673828125 1097.9305419921875
v 197.39077758789062 -559.1261596679688 1097.9678955078125
v 197.7581787109375 -559.107666015625 1125.121826171875
v 199.6986083984375 -559.0098876953125 1088.4638671875
v 195.63134765625 -559.2147216796875 1088.4638671875
v 197.6649169921875 -559.112060546875 1089.4862060546875
v 199.6986083984375 -559.0098876953125 1085.966064453125
v 195.63143920898438 -559.2147216796875 1085.9559326171875
v 197.66500854492188 -559.112060546875 1084.9439697265625
v 199.6986083984375 -559.0098876953125 990.4642333984375
v 195.63134765625 -559.2147216796875 990.4642333984375
v 197.6649169921875 -559.112060546875 991.486572265625
v 199.6986083984375 -559.0098876953125 988.01953125
v 195.63160705566406 -559.2147216796875 987.9904174804688
v 197.66517639160156 -559.112060546875 986.9970092773438
v 213.4808349609375 -871.204833984375 1125.121826171875
v 213.1133270263672 -871.2233276367188 1097.9678955078125
v 213.5022430419922 -871.2037353515625 1097.9305419921875
v 213.3875732421875 -871.20947265625 1089.4862060546875
v 211.35400390625 -871.3118896484375 1088.4638671875
v 215.4212646484375 -871.1070556640625 1088.4638671875
v 215.4212646484375 -871.1070556640625 1085.966064453125
v 211.35409545898438 -871.3118896484375 1085.9559326171875
v 213.38766479492188 -871.20947265625 1084.9439697265625
v 213.3875732421875 -871.20947265625 991.4866333007812
v 211.35400390625 -871.3118896484375 990.4642944335938
v 215.4212646484375 -871.1070556640625 990.4642944335938
v 215.4212646484375 -871.1070556640625 988.0195922851562
v 211.35426330566406 -871.3118896484375 987.990478515625
v 213.38783264160156 -871.20947265625 986.9970703125
v 225.88027954101562 -870.6060180664062 964.9744262695312
v 210.15512084960938 -558.4467163085938 964.974365234375
v 225.88027954101562 -870.6060180664062 975.0245361328125
v 210.15512084960938 -558.4467163085938 975.0244750976562
v 185.17953491210938 -559.7162475585938 964.974365234375
v 200.90469360351562 -871.8633422851562 964.9744262695312
v 185.17953491210938 -559.7162475585938 975.0244750976562
v 200.90469360351562 -871.8633422851562 975.0245361328125
v 225.90525817871094 -870.604736328125 974.99951171875
v 210.18006896972656 -558.4454345703125 974.9994506835938
v 200.87973022460938 -871.8646240234375 974.99951171875
v 185.15455627441406 -559.717529296875 974.9994506835938
v 203.4412384033203 -921.7523803710938 874.9744873046875
v 226.2220916748047 -1371.1920166015625 874.9745483398438
v 203.4412384033203 -921.7523803710938 965.0244750976562
v 226.2220916748047 -1371.1920166015625 965.0245361328125
v 251.1976776123047 -1369.9346923828125 874.9745483398438
v 228.4046173095703 -920.4950561523438 874.9744873046875
v 251.1976776123047 -1369.9346923828125 965.0245361328125
v 228.4046173095703 -920.4950561523438 965.0244750976562
v 214.40533447265625 -921.1964721679688 1085.9635009765625
v 237.24591064453125 -1370.6331787109375 990.4400024414062
v 214.46505737304688 -921.1935424804688 990.43994140625
v 237.18618774414062 -1370.6361083984375 1085.9635009765625
v 216.0183868408203 -921.1149291992188 1125.146484375
v 238.7983856201172 -1370.5545654296875 1097.930419921875
v 216.0175323486328 -921.1149291992188 1097.930419921875
v 238.7992401123047 -1370.5545654296875 1125.146484375
v 215.67823791503906 -921.1320190429688 1097.9674072265625
v 238.79954528808594 -1370.554443359375 1125.146484375
v 216.01870727539062 -921.1149291992188 1125.146484375
v 238.45907592773438 -1370.5716552734375 1097.9674072265625
v 213.9276885986328 -921.2208862304688 990.4169311523438
v 236.7085418701172 -1370.6605224609375 1086.00341796875
v 213.9276885986328 -921.2208862304688 1086.00341796875
v 236.7085418701172 -1370.6605224609375 990.4169921875
v 213.90530395507812 -921.2220458984375 1085.989501953125
v 236.7085418701172 -1370.6605224609375 1088.466552734375
v 213.9276885986328 -921.2208862304688 1088.466552734375
v 236.6861572265625 -1370.66162109375 1085.989501953125
v 215.92398071289062 -921.0946044921875 1084.98876953125
v 238.70736694335938 -1370.5841064453125 1084.98876953125
v 217.9226837158203 -921.0184936523438 1085.96337890625
v 240.7034149169922 -1370.4578857421875 1085.96337890625
v 217.9450225830078 -921.017333984375 1088.4302978515625
v 240.7257537841797 -1370.4566650390625 1088.4302978515625
v 215.92398071289062 -921.0946044921875 1089.4415283203125
v 238.70736694335938 -1370.5841064453125 1089.4415283203125
v 213.9053497314453 -921.2219848632812 1088.4302978515625
v 236.6862030029297 -1370.66162109375 1088.4302978515625
v 213.94737243652344 -921.2199096679688 1088.4261474609375
v 233.82826232910156 -1370.8062744140625 1090.69287109375
v 211.0475311279297 -921.3666381835938 1090.69287109375
v 236.7282257080078 -1370.659423828125 1088.4261474609375
v 213.9052276611328 -921.2220458984375 988.0238647460938
v 236.7085418701172 -1370.6605224609375 990.467041015625
v 213.9276885986328 -921.2208862304688 990.4669799804688
v 236.6860809326172 -1370.66162109375 988.02392578125
v 215.92398071289062 -921.0946044921875 987.0419311523438
v 238.70736694335938 -1370.5841064453125 987.0419921875
v 217.9226837158203 -921.0184936523438 988.0169067382812
v 240.7034149169922 -1370.4578857421875 988.0169677734375
v 217.9450225830078 -921.017333984375 990.4307861328125
v 240.7257537841797 -1370.4566650390625 990.4308471679688
v 215.92398071289062 -921.0946044921875 991.44189453125
v 238.70736694335938 -1370.5841064453125 991.4419555664062
v 213.9053497314453 -921.2219848632812 990.4307861328125
v 236.6862030029297 -1370.66162109375 990.4308471679688
v 212.911376953125 -921.2723388671875 986.9818115234375
v 236.7261962890625 -1370.6595458984375 988.0172729492188
v 213.94534301757812 -921.219970703125 988.0172119140625
v 235.69223022460938 -1370.7119140625 986.9818725585938
v 216.0410614013672 -921.1387939453125 1097.9305419921875
v 215.6521453857422 -921.1583862304688 1097.9678955078125
v 216.0196533203125 -921.139892578125 1125.121826171875
v 217.9600830078125 -921.0416259765625 1088.4638671875
v 213.892822265625 -921.2476806640625 1088.4638671875
v 215.926513671875 -921.14453125 1089.4862060546875
v 217.9600830078125 -921.0416259765625 1085.966064453125
v 213.89291381835938 -921.2476806640625 1085.9559326171875
v 215.92660522460938 -921.14453125 1084.9439697265625
v 217.9600830078125 -921.0416259765625 990.4642944335938
v 213.892822265625 -921.2476806640625 990.4642944335938
v 215.926513671875 -921.14453125 991.4866333007812
v 217.9600830078125 -921.0416259765625 988.0195922851562
v 213.89308166503906 -921.2476806640625 987.990478515625
v 215.92677307128906 -921.14453125 986.9970703125
v 238.7979736328125 -1370.529541015625 1125.121826171875
v 238.4304656982422 -1370.5479736328125 1097.9678955078125
v 238.8193817138672 -1370.5284423828125 1097.9305419921875
v 238.704833984375 -1370.5341796875 1089.4862060546875
v 236.671142578125 -1370.6373291015625 1088.4638671875
v 240.73828125 -1370.4310302734375 1088.4638671875
v 240.73828125 -1370.4310302734375 1085.966064453125
v 236.67123413085938 -1370.6373291015625 1085.9559326171875
v 238.70492553710938 -1370.5341796875 1084.9439697265625
v 238.704833984375 -1370.5341796875 991.4866943359375
v 236.671142578125 -1370.6373291015625 990.46435546875
v 240.73828125 -1370.4310302734375 990.46435546875
v 240.73828125 -1370.4310302734375 988.0196533203125
v 236.67140197753906 -1370.6373291015625 987.9905395507812
v 238.70509338378906 -1370.5341796875 986.9971313476562
v 203.4412384033203 -921.7523803710938 964.9744262695312
v 226.2220916748047 -1371.1920166015625 964.9744873046875
v 203.4412384033203 -921.7523803710938 975.0245361328125
v 226.2220916748047 -1371.1920166015625 975.0245971679688
v 251.1976776123047 -1369.9346923828125 964.9744873046875
v 228.4046173095703 -920.4950561523438 964.9744262695312
v 251.1976776123047 -1369.9346923828125 975.0245971679688
v 228.4046173095703 -920.4950561523438 975.0245361328125
v 203.41627502441406 -921.753662109375 974.99951171875
v 226.19711303710938 -1371.1932373046875 974.9995727539062
v 228.42959594726562 -920.4937744140625 974.99951171875
v 251.22264099121094 -1369.933349609375 974.9995727539062
v 264.6131896972656 -943.7383422851562 874.97412109375
v 259.5569763183594 -843.8226928710938 874.97412109375
v 264.6131896972656 -943.7383422851562 975.024169921875
v 259.5569763183594 -843.8226928710938 975.024169921875
v 259.58319091796875 -843.8463745117188 874.97412109375
v 159.66754150390625 -848.8904418945312 874.97412109375
v 259.58319091796875 -843.8463745117188 975.024169921875
v 159.66754150390625 -848.8904418945312 975.024169921875
v 159.6912384033203 -848.8641967773438 874.97412109375
v 164.7352752685547 -948.7920532226562 874.97412109375
v 159.6912384033203 -848.8641967773438 975.024169921875
v 164.7352752685547 -948.7920532226562 975.024169921875
v 164.70904541015625 -948.7683715820312 874.97412109375
v 264.63690185546875 -943.7120971679688 874.97412109375
v 164.70904541015625 -948.7683715820312 975.024169921875
v 264.63690185546875 -943.7120971679688 975.024169921875
v 264.6131896972656 -943.7383422851562 974.97412109375
v 259.5569763183594 -843.8226928710938 974.97412109375
v 264.6131896972656 -943.7383422851562 985.024169921875
v 259.5569763183594 -843.8226928710938 985.024169921875
v 259.58319091796875 -843.8463745117188 974.97412109375
v 159.66754150390625 -848.8904418945312 974.97412109375
v 259.58319091796875 -843.8463745117188 985.024169921875
v 159.66754150390625 -848.8904418945312 985.024169921875
v 159.6912384033203 -848.8641967773438 974.97412109375
v 164.7352752685547 -948.7920532226562 974.97412109375
v 159.6912384033203 -848.8641967773438 985.024169921875
v 164.7352752685547 -948.7920532226562 985.024169921875
v 164.70904541015625 -948.7683715820312 974.97412109375
v 264.63690185546875 -943.7120971679688 974.97412109375
v 164.70904541015625 -948.7683715820312 985.024169921875
v 264.63690185546875 -943.7120971679688 985.024169921875
v 264.63818359375 -943.737060546875 984.9991455078125
v 259.5819396972656 -843.8214111328125 984.9991455078125
v 238.35279846191406 -919.983642578125 984.9991455078125
v 188.46377563476562 -922.5079345703125 984.9991455078125
v 185.95164489746094 -872.618896484375 984.9991455078125
v 164.71029663085938 -948.7933349609375 984.9991455078125
v 159.66627502441406 -848.865478515625 984.9991455078125
v 235.82847595214844 -870.0946044921875 984.9991455078125
v 185.92416381835938 -872.5702514648438 984.9742431640625
v 188.44119262695312 -922.5591430664062 984.9742431640625
v 185.92404174804688 -872.5702514648438 1450.0242919921875
v 188.44107055664062 -922.5591430664062 1450.0242919921875
v 188.41497802734375 -922.5354614257812 984.9742431640625
v 238.40399169921875 -920.0060424804688 984.9742431640625
v 188.41485595703125 -922.5354614257812 1450.0242919921875
v 238.40386962890625 -920.0060424804688 1450.0242919921875
v 238.3802947998047 -920.0322875976562 984.9742431640625
v 235.8509063720703 -870.0433959960938 984.9742431640625
v 238.3801727294922 -920.0322875976562 1450.024169921875
v 235.8507843017578 -870.0433959960938 1450.024169921875
v 235.87713623046875 -870.0670776367188 984.9742431640625
v 185.90045166015625 -872.5964965820312 984.9742431640625
v 235.87701416015625 -870.0670776367188 1450.024169921875
v 185.90032958984375 -872.5964965820312 1450.024169921875
v 1084.691162109375 1450.8673095703125 874.974609375
v 1109.364013671875 966.4545288085938 874.9746704101562
v 1084.691162109375 1450.8673095703125 925.024658203125
v 1109.364013671875 966.4545288085938 925.0247192382812
v 1109.361572265625 966.5044555664062 874.9746704101562
v 1110.633544921875 941.4789428710938 874.9744262695312
v 1109.361572265625 966.5044555664062 925.0247192382812
v 1110.633544921875 941.4789428710938 925.0244750976562
v 1110.631103515625 941.5288696289062 874.9744262695312
v 1135.535888671875 452.09906005859375 874.97412109375
v 1110.631103515625 941.5288696289062 925.0244750976562
v 1135.535888671875 452.09906005859375 925.024169921875
v 1135.533447265625 452.14898681640625 874.97412109375
v 1136.805419921875 427.12347412109375 874.9739379882812
v 1135.533447265625 452.14898681640625 925.024169921875
v 1136.805419921875 427.12347412109375 925.0239868164062
v 1136.802978515625 427.17340087890625 874.9739379882812
v 1161.451416015625 -57.227115631103516 874.9739990234375
v 1136.802978515625 427.17340087890625 925.0239868164062
v 1161.451416015625 -57.227115631103516 925.0240478515625
v 1161.448974609375 -57.177181243896484 874.9739990234375
v 1162.720947265625 -82.19049835205078 874.9738159179688
v 1161.448974609375 -57.177181243896484 925.0240478515625
v 1162.720947265625 -82.19049835205078 925.0237426757812
v 1162.718505859375 -82.14055633544922 874.9738159179688
v 1225.3431396484375 -1332.9718017578125 874.974609375
v 1162.718505859375 -82.14055633544922 925.0237426757812
v 1225.3431396484375 -1332.9718017578125 925.024658203125
v 1225.3406982421875 -1332.9217529296875 874.974609375
v 1226.588134765625 -1357.9351806640625 874.9747924804688
v 1225.3406982421875 -1332.9217529296875 925.024658203125
v 1226.588134765625 -1357.9351806640625 925.0248413085938
v 1226.585693359375 -1357.8851318359375 874.9747924804688
v 1248.8660888671875 -1805.0543212890625 874.9749755859375
v 1226.585693359375 -1357.8851318359375 925.0248413085938
v 1248.8660888671875 -1805.0543212890625 925.0250244140625
v 1138.3040771484375 -599.048583984375 924.9998168945312
v 1198.3660888671875 -796.337158203125 924.9998779296875
v 1188.293212890625 -596.5191650390625 924.9998168945312
v 1148.376953125 -798.8543701171875 924.9998779296875
v 1138.3291015625 -599.0473022460938 899.9746704101562
v 1148.40185546875 -798.8530883789062 925.02490234375
v 1138.3291015625 -599.0473022460938 925.0248413085938
v 1148.40185546875 -798.8530883789062 899.9747314453125
v 1088.364990234375 -601.575439453125 899.9996948242188
v 1148.4268798828125 -798.851806640625 899.999755859375
v 1138.35400390625 -599.0460205078125 899.9996948242188
v 1098.4376220703125 -801.3690185546875 899.999755859375
v 1088.3900146484375 -601.5741577148438 874.9744873046875
v 1098.4625244140625 -801.3677368164062 900.0247802734375
v 1088.3900146484375 -601.5741577148438 900.0247192382812
v 1098.4625244140625 -801.3677368164062 874.9745483398438
v 1226.5369873046875 -1357.91259765625 924.9998168945312
v 1248.8411865234375 -1805.0555419921875 925.0
v 1484.203369140625 1471.0711669921875 924.9996337890625
v 1225.2919921875 -1332.94921875 924.9996337890625
v 1162.6697998046875 -82.16804504394531 924.9988403320312
v 1161.4002685546875 -57.204689025878906 924.9990234375
v 1136.7542724609375 427.1459045410156 924.9989624023438
v 1135.4847412109375 452.1214904785156 924.9991455078125
v 1110.5823974609375 941.5013427734375 924.9994506835938
v 1109.3128662109375 966.4769287109375 924.9996948242188
v 1084.6661376953125 1450.865966796875 924.9996337890625
v 1648.89111328125 -1784.8258056640625 925.0
v 1274.35498046875 -1803.759033203125 925.0001220703125
v 1248.841064453125 -1805.0555419921875 925.0001220703125
v 1251.573974609375 -1356.6021728515625 924.9993286132812
v 1226.5606689453125 -1357.874267578125 924.9993286132812
v 1274.3299560546875 -1803.7603759765625 924.97509765625
v 1251.549072265625 -1356.6033935546875 924.9743041992188
v 1274.3299560546875 -1803.76025390625 1015.0250854492188
v 1251.549072265625 -1356.6033935546875 1015.0243530273438
v 1226.585693359375 -1357.8729248046875 924.9743041992188
v 1248.865966796875 -1805.0543212890625 924.97509765625
v 1226.585693359375 -1357.8729248046875 1015.0243530273438
v 1248.865966796875 -1805.05419921875 1015.0250854492188
v 1263.3660888671875 -1804.3189697265625 1135.9642333984375
v 1240.5252685546875 -1357.1651611328125 1040.4395751953125
v 1263.3062744140625 -1804.32177734375 1040.4405517578125
v 1240.585205078125 -1357.1619873046875 1135.9632568359375
v 1261.7529296875 -1804.40087890625 1175.147216796875
v 1238.972900390625 -1357.2442626953125 1147.9302978515625
v 1261.7537841796875 -1804.40087890625 1147.93115234375
v 1238.97216796875 -1357.2442626953125 1175.146240234375
v 1262.0931396484375 -1804.3836669921875 1147.9681396484375
v 1238.9718017578125 -1357.244384765625 1175.146240234375
v 1261.752685546875 -1804.40087890625 1175.147216796875
v 1239.3121337890625 -1357.2269287109375 1147.96728515625
v 1263.843505859375 -1804.2945556640625 1040.41748046875
v 1241.062744140625 -1357.1375732421875 1136.0032958984375
v 1263.843505859375 -1804.2945556640625 1136.004150390625
v 1241.062744140625 -1357.1375732421875 1040.4166259765625
v 1263.865966796875 -1804.2933349609375 1135.990234375
v 1241.062744140625 -1357.1375732421875 1138.4661865234375
v 1263.843505859375 -1804.2945556640625 1138.4671630859375
v 1241.0850830078125 -1357.136474609375 1135.9893798828125
v 1261.8475341796875 -1804.4210205078125 1134.9896240234375
v 1239.0640869140625 -1357.2144775390625 1134.9886474609375
v 1259.8487548828125 -1804.498046875 1135.964111328125
v 1237.06787109375 -1357.3411865234375 1135.963134765625
v 1259.826416015625 -1804.4991455078125 1138.430908203125
v 1237.0455322265625 -1357.3424072265625 1138.429931640625
v 1261.8475341796875 -1804.4210205078125 1139.442138671875
v 1239.0640869140625 -1357.2144775390625 1139.4412841796875
v 1263.8658447265625 -1804.2933349609375 1138.430908203125
v 1241.0850830078125 -1357.136474609375 1138.429931640625
v 1263.8238525390625 -1804.2955322265625 1138.4267578125
v 1243.9429931640625 -1356.9908447265625 1140.692626953125
v 1266.723876953125 -1804.147705078125 1140.693603515625
v 1241.04296875 -1357.138671875 1138.42578125
v 1263.865966796875 -1804.2933349609375 1038.0245361328125
v 1241.062744140625 -1357.1375732421875 1040.4666748046875
v 1263.843505859375 -1804.2945556640625 1040.467529296875
v 1241.085205078125 -1357.136474609375 1038.0235595703125
v 1261.8475341796875 -1804.4210205078125 1037.0426025390625
v 1239.0640869140625 -1357.2144775390625 1037.041748046875
v 1259.8487548828125 -1804.498046875 1038.017578125
v 1237.06787109375 -1357.3411865234375 1038.0166015625
v 1259.826416015625 -1804.4991455078125 1040.4312744140625
v 1237.0455322265625 -1357.3424072265625 1040.430419921875
v 1261.8475341796875 -1804.4210205078125 1041.4425048828125
v 1239.0640869140625 -1357.2144775390625 1041.441650390625
v 1263.8658447265625 -1804.2933349609375 1040.4312744140625
v 1241.0850830078125 -1357.136474609375 1040.430419921875
v 1264.8599853515625 -1804.2425537109375 1036.982421875
v 1241.0450439453125 -1357.1385498046875 1038.0169677734375
v 1263.825927734375 -1804.29541015625 1038.017822265625
v 1242.0791015625 -1357.0859375 1036.9815673828125
v 1261.7303466796875 -1804.376953125 1147.9312744140625
v 1262.1192626953125 -1804.357421875 1147.9686279296875
v 1261.751708984375 -1804.3758544921875 1175.12255859375
v 1259.8114013671875 -1804.474853515625 1138.4644775390625
v 1263.87841796875 -1804.2677001953125 1138.4644775390625
v 1261.844970703125 -1804.37109375 1139.48681640625
v 1259.8114013671875 -1804.474853515625 1135.966796875
v 1263.8782958984375 -1804.2677001953125 1135.9566650390625
v 1261.8448486328125 -1804.37109375 1134.94482421875
v 1259.8114013671875 -1804.474853515625 1040.46484375
v 1263.87841796875 -1804.2677001953125 1040.46484375
v 1261.844970703125 -1804.37109375 1041.4871826171875
v 1259.8114013671875 -1804.474853515625 1038.020263671875
v 1263.878173828125 -1804.2677001953125 1037.9912109375
v 1261.8447265625 -1804.37109375 1036.997802734375
v 1238.973388671875 -1357.269287109375 1175.12158203125
v 1239.3408203125 -1357.25048828125 1147.9677734375
v 1238.951904296875 -1357.2703857421875 1147.930419921875
v 1239.066650390625 -1357.264404296875 1139.4859619140625
v 1241.10009765625 -1357.1607666015625 1138.4635009765625
v 1237.032958984375 -1357.3680419921875 1138.4635009765625
v 1237.032958984375 -1357.3680419921875 1135.9658203125
v 1241.0999755859375 -1357.1607666015625 1135.955810546875
v 1239.0665283203125 -1357.264404296875 1134.94384765625
v 1239.066650390625 -1357.264404296875 1041.486328125
v 1241.10009765625 -1357.1607666015625 1040.4639892578125
v 1237.032958984375 -1357.3680419921875 1040.4639892578125
v 1237.032958984375 -1357.3680419921875 1038.019287109375
v 1241.099853515625 -1357.1607666015625 1037.990234375
v 1239.06640625 -1357.264404296875 1036.9969482421875
v 1274.3299560546875 -1803.76025390625 1014.9750366210938
v 1251.549072265625 -1356.6033935546875 1014.9743041992188
v 1274.3299560546875 -1803.76025390625 1025.025146484375
v 1251.549072265625 -1356.6033935546875 1025.0242919921875
v 1226.585693359375 -1357.8729248046875 1014.9743041992188
v 1248.865966796875 -1805.05419921875 1014.9750366210938
v 1226.585693359375 -1357.8729248046875 1025.0242919921875
v 1248.865966796875 -1805.05419921875 1025.025146484375
v 1274.35498046875 -1803.7589111328125 1025.0001220703125
v 1251.573974609375 -1356.6021728515625 1024.999267578125
v 1248.841064453125 -1805.055419921875 1025.0001220703125
v 1226.5606689453125 -1357.874267578125 1024.999267578125
v 1224.6357421875 -820.0432739257812 924.999755859375
v 1199.622314453125 -821.3030395507812 924.999755859375
v 1223.412353515625 -795.0177612304688 924.999755859375
v 1198.399169921875 -796.2897338867188 924.999755859375
v 1224.6107177734375 -820.0444946289062 924.9747314453125
v 1223.387451171875 -795.0189819335938 924.9747314453125
v 1224.6107177734375 -820.0444946289062 1200.0247802734375
v 1223.387451171875 -795.0189819335938 1200.0247802734375
v 1223.4136962890625 -795.0426635742188 924.9747314453125
v 1198.400390625 -796.3147583007812 924.9747314453125
v 1223.4136962890625 -795.0426635742188 1200.0247802734375
v 1198.400390625 -796.3147583007812 1200.0247802734375
v 1198.4241943359375 -796.2885131835938 924.9747314453125
v 1199.6473388671875 -821.3018188476562 924.9747314453125
v 1198.4241943359375 -796.2885131835938 1200.0247802734375
v 1199.6473388671875 -821.3018188476562 1200.0247802734375
v 1199.62109375 -821.2781372070312 924.9747314453125
v 1224.634521484375 -820.0182495117188 924.9747314453125
v 1199.62109375 -821.2781372070312 1200.0247802734375
v 1224.634521484375 -820.0182495117188 1200.0247802734375
v 1224.6357421875 -820.0432739257812 1199.999755859375
v 1223.412353515625 -795.0177612304688 1199.999755859375
v 1199.6224365234375 -821.3030395507812 1199.999755859375
v 1198.399169921875 -796.2897338867188 1199.999755859375
v 1223.4150390625 -795.1043090820312 1174.9996337890625
v 1198.40185546875 -796.3641357421875 1174.9996337890625
v 1213.3662109375 -595.2984619140625 1174.9996337890625
v 1188.3529052734375 -596.570556640625 1174.9996337890625
v 1223.3900146484375 -795.1055297851562 1174.974609375
v 1213.34130859375 -595.2997436523438 1174.974609375
v 1223.3900146484375 -795.1055297851562 1200.024658203125
v 1213.34130859375 -595.2997436523438 1200.024658203125
v 1213.3675537109375 -595.3234252929688 1174.974609375
v 1188.3541259765625 -596.5955200195312 1174.974609375
v 1213.3675537109375 -595.3234252929688 1200.024658203125
v 1188.3541259765625 -596.5955200195312 1200.024658203125
v 1188.3779296875 -596.5692749023438 1174.974609375
v 1198.4267578125 -796.3628540039062 1174.974609375
v 1188.3779296875 -596.5692749023438 1200.024658203125
v 1198.4267578125 -796.3628540039062 1200.024658203125
v 1198.4005126953125 -796.3391723632812 1174.974609375
v 1223.413818359375 -795.0792846679688 1174.974609375
v 1198.4005126953125 -796.3391723632812 1200.024658203125
v 1223.413818359375 -795.0792846679688 1200.024658203125
v 1223.4150390625 -795.1043090820312 1199.9996337890625
v 1213.3662109375 -595.2984619140625 1199.9996337890625
v 1198.40185546875 -796.3641357421875 1199.9996337890625
v 1188.3529052734375 -596.570556640625 1199.9996337890625
v 178.3949432373047 68.26116180419922 924.9744262695312
v 157.6769561767578 477.72271728515625 924.9744262695312
v 178.3949432373047 68.26116180419922 1015.0244750976562
v 157.6769561767578 477.72271728515625 1015.0244750976562
v 132.7135772705078 476.46539306640625 924.9744262695312
v 153.4315643310547 67.00383758544922 924.9744262695312
v 132.7135772705078 476.46539306640625 1015.0244750976562
v 153.4315643310547 67.00383758544922 1015.0244750976562
v 143.67779541015625 477.02008056640625 1135.9635009765625
v 164.45550537109375 67.56145477294922 1040.4398193359375
v 143.73751831054688 477.02301025390625 1040.4398193359375
v 164.39578247070312 67.55852508544922 1135.9635009765625
v 145.2908477783203 477.10162353515625 1175.1463623046875
v 166.0081024169922 67.64006805419922 1147.930419921875
v 145.2901153564453 477.10162353515625 1147.930419921875
v 166.0088348388672 67.64006805419922 1175.1463623046875
v 144.95082092285156 477.08453369140625 1147.9674072265625
v 166.00914001464844 67.64008331298828 1175.1463623046875
v 145.29116821289062 477.1016540527344 1175.1463623046875
v 165.66854858398438 67.62296295166016 1147.9674072265625
v 143.2001495361328 476.99615478515625 1040.416748046875
v 163.9181365966797 67.53435516357422 1136.00341796875
v 143.2001495361328 476.99615478515625 1136.00341796875
v 163.9181365966797 67.53435516357422 1040.416748046875
v 143.1777801513672 476.9950256347656 1135.989501953125
v 163.9181365966797 67.53435516357422 1138.4664306640625
v 143.2001495361328 476.99615478515625 1138.4664306640625
v 163.895751953125 67.5332260131836 1135.989501953125
v 145.19631958007812 477.1221923828125 1134.9888916015625
v 165.91683959960938 67.61071014404297 1134.9888916015625
v 147.1951446533203 477.19830322265625 1135.96337890625
v 167.9131317138672 67.73674774169922 1135.96337890625
v 147.2174835205078 477.1994323730469 1138.43017578125
v 167.93545532226562 67.73787689208984 1138.43017578125
v 145.19631958007812 477.1221923828125 1139.44140625
v 165.91683959960938 67.61071014404297 1139.44140625
v 143.17782592773438 476.9950256347656 1138.43017578125
v 163.8957977294922 67.5332260131836 1138.43017578125
v 143.21983337402344 476.9971618652344 1138.426025390625
v 161.03785705566406 67.38858795166016 1140.69287109375
v 140.3198699951172 476.85064697265625 1140.69287109375
v 163.9378204345703 67.53535461425781 1138.426025390625
v 143.1776885986328 476.9950256347656 1038.023681640625
v 163.9181365966797 67.53435516357422 1040.466796875
v 143.2001495361328 476.99615478515625 1040.466796875
v 163.8956756591797 67.53321838378906 1038.023681640625
v 145.19631958007812 477.1221923828125 1037.0418701171875
v 165.91683959960938 67.61071014404297 1037.0418701171875
v 147.1951446533203 477.19830322265625 1038.016845703125
v 167.9131317138672 67.73674774169922 1038.016845703125
v 147.2174835205078 477.1994323730469 1040.4305419921875
v 167.93545532226562 67.73787689208984 1040.4305419921875
v 145.19631958007812 477.1221923828125 1041.4417724609375
v 165.91683959960938 67.61071014404297 1041.4417724609375
v 143.17782592773438 476.9950256347656 1040.4305419921875
v 163.8957977294922 67.5332260131836 1040.4305419921875
v 142.183837890625 476.9444885253906 1036.981689453125
v 163.935791015625 67.53524780273438 1038.01708984375
v 143.21780395507812 476.9970397949219 1038.01708984375
v 162.90182495117188 67.48292541503906 1036.981689453125
v 145.3136444091797 477.0777893066406 1147.9305419921875
v 144.9247283935547 477.05816650390625 1147.9678955078125
v 145.2921142578125 477.07666015625 1175.1217041015625
v 147.2325439453125 477.1751708984375 1138.4637451171875
v 143.165283203125 476.9693603515625 1138.4637451171875
v 145.1988525390625 477.072265625 1139.486083984375
v 147.2325439453125 477.1751708984375 1135.966064453125
v 143.16537475585938 476.9693603515625 1135.9559326171875
v 145.19894409179688 477.072265625 1134.944091796875
v 147.2325439453125 477.1751708984375 1040.464111328125
v 143.165283203125 476.9693603515625 1040.464111328125
v 145.1988525390625 477.072265625 1041.4864501953125
v 147.2325439453125 477.1751708984375 1038.01953125
v 143.16554260253906 476.9693908691406 1037.9903564453125
v 145.19911193847656 477.072265625 1036.9970703125
v 166.007568359375 67.6650390625 1175.1217041015625
v 165.6399383544922 67.64655303955078 1147.9678955078125
v 166.0290985107422 67.6661605834961 1147.9305419921875
v 165.914306640625 67.66065216064453 1139.486083984375
v 163.8807373046875 67.5574951171875 1138.4637451171875
v 167.947998046875 67.7635498046875 1138.4637451171875
v 167.947998046875 67.7635498046875 1135.966064453125
v 163.88082885742188 67.55750274658203 1135.9559326171875
v 165.91439819335938 67.66065216064453 1134.944091796875
v 165.914306640625 67.66065216064453 1041.4864501953125
v 163.8807373046875 67.5574951171875 1040.464111328125
v 167.947998046875 67.7635498046875 1040.464111328125
v 167.947998046875 67.7635498046875 1038.01953125
v 163.88099670410156 67.55751037597656 1037.9903564453125
v 165.91456604003906 67.66065979003906 1036.9970703125
v 178.3949432373047 68.26116180419922 1014.9744262695312
v 157.6769561767578 477.72271728515625 1014.9744262695312
v 178.3949432373047 68.26116180419922 1025.0244140625
v 157.6769561767578 477.72271728515625 1025.0244140625
v 132.7135772705078 476.46539306640625 1014.9744262695312
v 153.4315643310547 67.00383758544922 1014.9744262695312
v 132.7135772705078 476.46539306640625 1025.0244140625
v 153.4315643310547 67.00383758544922 1025.0244140625
v 178.41990661621094 68.2624282836914 1024.9993896484375
v 157.70193481445312 477.7239990234375 1024.9993896484375
v 153.40658569335938 67.00257873535156 1024.9993896484375
v 132.68861389160156 476.4641418457031 1024.9993896484375
v 136.26890563964844 902.210205078125 924.9993896484375
v 111.25559997558594 900.9381103515625 924.9993896484375
v 134.98463439941406 927.2235107421875 924.9993896484375
v 109.97132110595703 925.951416015625 924.9993896484375
v 111.25432586669922 900.9630737304688 924.974365234375
v 136.26763916015625 902.2351684570312 924.974365234375
v 111.25432586669922 900.9630737304688 1200.0244140625
v 136.26763916015625 902.2351684570312 1200.0244140625
v 136.24395751953125 902.2089233398438 924.974365234375
v 134.95965576171875 927.2222290039062 924.974365234375
v 136.24395751953125 902.2089233398438 1200.0244140625
v 134.95965576171875 927.2222290039062 1200.0244140625
v 134.98590087890625 927.1985473632812 924.974365234375
v 109.97258758544922 925.9264526367188 924.974365234375
v 134.98590087890625 927.1985473632812 1200.0242919921875
v 109.97258758544922 925.9264526367188 1200.0242919921875
v 109.99627685546875 925.9526977539062 924.974365234375
v 111.28057861328125 900.9393920898438 924.974365234375
v 109.99627685546875 925.9526977539062 1200.0242919921875
v 111.28057861328125 900.9393920898438 1200.0242919921875
v 136.26890563964844 902.210205078125 1199.9993896484375
v 134.98463439941406 927.2235107421875 1199.9993896484375
v 111.25559997558594 900.9381103515625 1199.9993896484375
v 109.97132110595703 925.951416015625 1199.9993896484375
v -1617.3468017578125 -62.59891891479492 874.9745483398438
v 180.40863037109375 28.333782196044922 874.974609375
v -1617.3468017578125 -62.59891891479492 925.0245971679688
v 180.40863037109375 28.333782196044922 925.024658203125
v 180.3846893310547 28.307552337646484 874.974609375
v 157.6525421142578 477.78375244140625 874.9745483398438
v 180.3846893310547 28.307552337646484 925.024658203125
v 157.6525421142578 477.78375244140625 925.0245971679688
v 157.65505981445312 477.73382568359375 874.9745483398438
v 156.39523315429688 502.74713134765625 874.9745483398438
v 157.65505981445312 477.73382568359375 925.0245971679688
v 156.39523315429688 502.74713134765625 925.0245971679688
v 156.3977508544922 502.69720458984375 874.9745483398438
v 110.93623352050781 1401.5997314453125 874.9744873046875
v 156.3977508544922 502.69720458984375 925.0245971679688
v 110.93623352050781 1401.5997314453125 925.0245361328125
v 184.90159606933594 929.700439453125 924.9992065429688
v 124.81507873535156 1126.964599609375 924.9992065429688
v 134.91256713867188 927.1710205078125 924.9992065429688
v 174.79788208007812 1129.4940185546875 924.9992065429688
v 184.8766326904297 929.6991577148438 899.9739990234375
v 174.7729034423828 1129.4927978515625 925.0242309570312
v 184.8766326904297 929.6991577148438 925.0242309570312
v 174.7729034423828 1129.4927978515625 899.9739990234375
v 234.84068298339844 932.227294921875 899.9990234375
v 174.74794006347656 1129.491455078125 899.9990234375
v 184.85165405273438 929.6978759765625 899.9990234375
v 224.73074340820312 1132.0208740234375 899.9990234375
v 234.8157196044922 932.2260131835938 874.9739379882812
v 224.7057647705078 1132.0196533203125 900.0240478515625
v 234.8157196044922 932.2260131835938 900.0240478515625
v 224.7057647705078 1132.0196533203125 874.9739379882812
v -1614.8125 -112.53233337402344 924.9996948242188
v -1217.798583984375 -42.35658264160156 924.9996948242188
v -1617.3358154296875 -62.56174087524414 924.9996948242188
v -1215.2752685546875 -92.3271713256836 924.9996948242188
v -1614.8138427734375 -112.50736999511719 899.9746704101562
v -1215.2764892578125 -92.30220031738281 925.0247192382812
v -1614.8138427734375 -112.50736999511719 925.0247192382812
v -1215.2764892578125 -92.30220031738281 899.9746704101562
v -1612.291748046875 -162.45298767089844 899.9996948242188
v -1215.27783203125 -92.27723693847656 899.9996948242188
v -1614.8150634765625 -112.4823989868164 899.9996948242188
v -1212.7545166015625 -142.24783325195312 899.9996948242188
v -1612.2930908203125 -162.4280242919922 874.9746704101562
v -1212.7557373046875 -142.2228546142578 900.0247192382812
v -1612.2930908203125 -162.4280242919922 900.0247192382812
v -1212.7557373046875 -142.2228546142578 874.9746704101562
v -1648.8909912109375 561.669189453125 924.99951171875
v -1617.345458984375 -62.62388610839844 924.9995727539062
v -1249.353759765625 581.8743896484375 924.99951171875
v 157.70375061035156 477.7613220214844 924.9995727539062
v 156.44642639160156 502.7247009277344 924.9995727539062
v 110.9612045288086 1401.6009521484375 924.99951171875
v -235.54856872558594 332.7629699707031 924.9996948242188
v -1234.217041015625 282.2527770996094 924.9996337890625
v 180.40965270996094 28.308815002441406 924.9996337890625
v -288.5760192871094 1381.420166015625 924.9996337890625
v 85.9356918334961 1400.280029296875 924.99951171875
v 110.94900512695312 1401.5399169921875 924.99951171875
v 98.64573669433594 1150.6207275390625 924.9989624023438
v 123.67125701904297 1151.892822265625 924.9989624023438
v -1219.1180419921875 -17.383516311645508 924.999267578125
v 179.05215454101562 53.29771041870117 924.9990844726562
v -1217.858154296875 -42.40903854370117 924.999267578125
v 180.31199645996094 28.284395217895508 924.9991455078125
v 85.96063995361328 1400.2813720703125 924.9744873046875
v 98.67070770263672 1150.6219482421875 924.9739379882812
v 85.96063995361328 1400.2813720703125 1015.0244750976562
v 98.67070770263672 1150.6219482421875 1015.02392578125
v 123.64629364013672 1151.8914794921875 924.9739379882812
v 110.92401885986328 1401.5386962890625 924.9744873046875
v 123.64629364013672 1151.8914794921875 1015.02392578125
v 110.92401885986328 1401.5386962890625 1015.0244750976562
v 96.92461395263672 1400.8394775390625 1135.96337890625
v 109.69440460205078 1151.1829833984375 1040.439208984375
v 96.98433685302734 1400.8424072265625 1040.4398193359375
v 109.63468170166016 1151.1800537109375 1135.962890625
v 98.53767395019531 1400.9219970703125 1175.1463623046875
v 111.24674987792969 1151.2620849609375 1147.9298095703125
v 98.53668975830078 1400.9215087890625 1147.9302978515625
v 111.24773406982422 1151.2620849609375 1175.1458740234375
v 98.197509765625 1400.904296875 1147.9674072265625
v 111.248046875 1151.26220703125 1175.1458740234375
v 98.53797912597656 1400.9219970703125 1175.1463623046875
v 110.90757751464844 1151.2449951171875 1147.966796875
v 96.44709014892578 1400.8155517578125 1040.4168701171875
v 109.15715789794922 1151.1561279296875 1136.0028076171875
v 96.44709014892578 1400.8155517578125 1136.00341796875
v 109.15715789794922 1151.1561279296875 1040.4161376953125
v 96.42471313476562 1400.8143310546875 1135.989501953125
v 109.15715789794922 1151.1561279296875 1138.4658203125
v 96.44709014892578 1400.8155517578125 1138.4664306640625
v 109.13477325439453 1151.155029296875 1135.9888916015625
v 98.4431381225586 1400.9420166015625 1134.98876953125
v 111.1557388305664 1151.2327880859375 1134.9881591796875
v 100.44184112548828 1401.0186767578125 1135.96337890625
v 113.15190887451172 1151.3592529296875 1135.9627685546875
v 100.46417999267578 1401.019775390625 1138.43017578125
v 113.17424011230469 1151.3604736328125 1138.4295654296875
v 98.4431381225586 1400.9420166015625 1139.44140625
v 111.1557388305664 1151.2327880859375 1139.4407958984375
v 96.42476654052734 1400.8143310546875 1138.43017578125
v 109.13481903076172 1151.155029296875 1138.4295654296875
v 96.4667739868164 1400.8165283203125 1138.426025390625
v 106.2767562866211 1151.0091552734375 1140.6922607421875
v 93.56668853759766 1400.66845703125 1140.6927490234375
v 109.17683410644531 1151.1572265625 1138.4254150390625
v 96.42463684082031 1400.8143310546875 1038.023681640625
v 109.15715789794922 1151.1561279296875 1040.4661865234375
v 96.44709014892578 1400.8155517578125 1040.4669189453125
v 109.13468933105469 1151.155029296875 1038.0230712890625
v 98.4431381225586 1400.9420166015625 1037.0418701171875
v 111.1557388305664 1151.2327880859375 1037.041259765625
v 100.44184112548828 1401.0186767578125 1038.016845703125
v 113.15190887451172 1151.3592529296875 1038.0162353515625
v 100.46417999267578 1401.019775390625 1040.4306640625
v 113.17424011230469 1151.3604736328125 1040.429931640625
v 98.4431381225586 1400.9420166015625 1041.4417724609375
v 111.1557388305664 1151.2327880859375 1041.441162109375
v 96.42476654052734 1400.8143310546875 1040.4306640625
v 109.13481903076172 1151.155029296875 1040.429931640625
v 95.43065643310547 1400.7633056640625 1036.981689453125
v 109.17481231689453 1151.1571044921875 1038.0164794921875
v 96.4647445678711 1400.81640625 1038.01708984375
v 108.1407241821289 1151.10400390625 1036.9810791015625
v 98.56021881103516 1400.8975830078125 1147.930419921875
v 98.17141723632812 1400.8780517578125 1147.9678955078125
v 98.5389404296875 1400.89697265625 1175.1217041015625
v 100.479248046875 1400.9954833984375 1138.4637451171875
v 96.4122314453125 1400.7886962890625 1138.4637451171875
v 98.4456787109375 1400.89208984375 1139.486083984375
v 100.479248046875 1400.9954833984375 1135.966064453125
v 96.41232299804688 1400.7886962890625 1135.9559326171875
v 98.44577026367188 1400.89208984375 1134.9439697265625
v 100.479248046875 1400.9954833984375 1040.4642333984375
v 96.4122314453125 1400.7886962890625 1040.4642333984375
v 98.4456787109375 1400.89208984375 1041.4864501953125
v 100.479248046875 1400.9954833984375 1038.01953125
v 96.41249084472656 1400.7886962890625 1037.9903564453125
v 98.44593811035156 1400.89208984375 1036.9970703125
v 111.2464599609375 1151.287109375 1175.1212158203125
v 110.87894439697266 1151.2686767578125 1147.96728515625
v 111.26774597167969 1151.2882080078125 1147.929931640625
v 111.1531982421875 1151.28271484375 1139.4854736328125
v 109.1197509765625 1151.1793212890625 1138.463134765625
v 113.186767578125 1151.3861083984375 1138.463134765625
v 113.186767578125 1151.3861083984375 1135.9654541015625
v 109.11984252929688 1151.1793212890625 1135.955322265625
v 111.15328979492188 1151.28271484375 1134.943359375
v 111.1531982421875 1151.28271484375 1041.48583984375
v 109.1197509765625 1151.1793212890625 1040.4635009765625
v 113.186767578125 1151.3861083984375 1040.4635009765625
v 113.186767578125 1151.3861083984375 1038.0189208984375
v 109.12001037597656 1151.1793212890625 1037.98974609375
v 111.15345764160156 1151.28271484375 1036.9964599609375
v 85.96063995361328 1400.2813720703125 1014.9744262695312
v 98.67070770263672 1150.6219482421875 1014.973876953125
v 85.96063995361328 1400.2813720703125 1025.0244140625
v 98.67070770263672 1150.6219482421875 1025.0238037109375
v 123.64629364013672 1151.8914794921875 1014.973876953125
v 110.92401885986328 1401.5386962890625 1014.9744262695312
v 123.64629364013672 1151.8914794921875 1025.0238037109375
v 110.92401885986328 1401.5386962890625 1025.0244140625
v 85.9356918334961 1400.280029296875 1024.9993896484375
v 98.64573669433594 1150.6207275390625 1024.998779296875
v 110.94900512695312 1401.5399169921875 1024.9993896484375
v 123.67125701904297 1151.892822265625 1024.998779296875
v 98.65540313720703 1150.670654296875 924.9993896484375
v 123.66871643066406 1151.9427490234375 924.9993896484375
v 99.89083862304688 1125.6573486328125 924.9993896484375
v 124.9163589477539 1126.917236328125 924.9993896484375
v 123.66999053955078 1151.917724609375 924.974365234375
v 98.65666961669922 1150.645751953125 924.974365234375
v 123.66999053955078 1151.917724609375 1200.0242919921875
v 98.65666961669922 1150.645751953125 1200.0242919921875
v 98.68040466308594 1150.6719970703125 924.974365234375
v 99.91578674316406 1125.6585693359375 924.974365234375
v 98.68040466308594 1150.6719970703125 1200.0242919921875
v 99.91578674316406 1125.6585693359375 1200.0242919921875
v 99.88957977294922 1125.682373046875 924.974365234375
v 124.91510772705078 1126.942138671875 924.974365234375
v 99.88957977294922 1125.682373046875 1200.0242919921875
v 124.91510772705078 1126.942138671875 1200.0242919921875
v 124.8913803100586 1126.9158935546875 924.974365234375
v 123.6437759399414 1151.9415283203125 924.974365234375
v 124.8913803100586 1126.9158935546875 1200.0242919921875
v 123.6437759399414 1151.9415283203125 1200.0242919921875
v 98.65540313720703 1150.670654296875 1199.999267578125
v 99.89083862304688 1125.6573486328125 1199.999267578125
v 123.66871643066406 1151.9427490234375 1199.999267578125
v 124.9163589477539 1126.917236328125 1199.999267578125
v 99.83948516845703 1125.695068359375 1174.9991455078125
v 124.85279846191406 1126.9671630859375 1174.9991455078125
v 109.93724060058594 925.9014892578125 1174.999267578125
v 134.96275329589844 927.173583984375 1174.999267578125
v 99.86446380615234 1125.6964111328125 1174.97412109375
v 109.96219635009766 925.9027709960938 1174.9742431640625
v 99.86446380615234 1125.6964111328125 1200.024169921875
v 109.96219635009766 925.9027709960938 1200.0242919921875
v 109.93596649169922 925.9264526367188 1174.9742431640625
v 134.96148681640625 927.1985473632812 1174.9742431640625
v 109.93596649169922 925.9264526367188 1200.0242919921875
v 134.96148681640625 927.1985473632812 1200.0242919921875
v 134.9377899169922 927.1723022460938 1174.9742431640625
v 124.82783508300781 1126.9659423828125 1174.97412109375
v 134.9377899169922 927.1723022460938 1200.0242919921875
v 124.82783508300781 1126.9659423828125 1200.024169921875
v 124.85407257080078 1126.942138671875 1174.97412109375
v 99.84075164794922 1125.670166015625 1174.97412109375
v 124.85407257080078 1126.942138671875 1200.024169921875
v 99.84075164794922 1125.670166015625 1200.024169921875
v 99.83948516845703 1125.695068359375 1199.9991455078125
v 109.93724060058594 925.9014892578125 1199.999267578125
v 124.85279846191406 1126.9671630859375 1199.9991455078125
v 134.96275329589844 927.173583984375 1199.999267578125
v -1219.093017578125 -17.38225746154785 924.9742431640625
v -1217.833251953125 -42.407779693603516 924.9742431640625
v -1219.093017578125 -17.38225746154785 1015.0242919921875
v -1217.833251953125 -42.407779693603516 1015.0242919921875
v -1217.8594970703125 -42.38407516479492 924.9742431640625
v 180.31072998046875 28.309368133544922 924.97412109375
v -1217.8594970703125 -42.38407516479492 1015.0242919921875
v 180.31072998046875 28.309368133544922 1015.024169921875
v 179.05340576171875 53.27274703979492 924.9740600585938
v -1219.1168212890625 -17.408489227294922 924.9742431640625
v 179.05340576171875 53.27274703979492 1015.0241088867188
v -1219.1168212890625 -17.408489227294922 1015.0242919921875
v -1219.093017578125 -17.38225746154785 1014.9742431640625
v -1217.833251953125 -42.407779693603516 1014.9742431640625
v -1219.093017578125 -17.38225746154785 1025.0242919921875
v -1217.833251953125 -42.407779693603516 1025.0242919921875
v -1217.8594970703125 -42.38407516479492 1014.9742431640625
v 180.31072998046875 28.309368133544922 1014.97412109375
v -1217.8594970703125 -42.38407516479492 1025.0242919921875
v 180.31072998046875 28.309368133544922 1025.0240478515625
v 179.05340576171875 53.27274703979492 1014.9740600585938
v -1219.1168212890625 -17.408489227294922 1014.9742431640625
v 179.05340576171875 53.27274703979492 1025.0240478515625
v -1219.1168212890625 -17.408489227294922 1025.0242919921875
v -1219.1180419921875 -17.383516311645508 1024.999267578125
v -1217.858154296875 -42.40903854370117 1024.999267578125
v 179.05215454101562 53.29771041870117 1024.9990234375
v 180.31199645996094 28.284395217895508 1024.9990234375
v -1561.9757080078125 1316.966552734375 874.9742431640625
v 585.3276977539062 1425.574951171875 874.9744873046875
v -1561.9757080078125 1316.966552734375 925.0242919921875
v 585.3276977539062 1425.574951171875 925.0245361328125
v 585.2777709960938 1425.572509765625 874.9744873046875
v 610.3032836914062 1426.832275390625 874.9744873046875
v 585.2777709960938 1425.572509765625 925.0245361328125
v 610.3032836914062 1426.832275390625 925.0245361328125
v 610.2533569335938 1426.829833984375 874.9744873046875
v 1484.18017578125 1471.046142578125 874.9744873046875
v 610.2533569335938 1426.829833984375 925.0245361328125
v 1484.18017578125 1471.046142578125 925.0245361328125
v -1580.9222412109375 1691.515380859375 924.999267578125
v -1561.974365234375 1316.9415283203125 924.999267578125
v 109.7186050415039 1426.538818359375 924.99951171875
v 584.0704956054688 1450.3521728515625 924.9994506835938
v 585.2789916992188 1425.5474853515625 924.99951171875
v 610.2808227539062 1426.7811279296875 924.99951171875
v 1465.2335205078125 1845.5828857421875 924.99951171875
v 110.97341918945312 1401.6131591796875 924.99951171875
v 126.55274200439453 1402.37060546875 924.99951171875
v 1484.181396484375 1471.021240234375 924.99951171875
v 584.1192016601562 1450.379638671875 924.9743041992188
v 109.66741180419922 1426.561279296875 924.9744873046875
v 584.1192016601562 1450.379638671875 1015.0243530273438
v 109.66741180419922 1426.561279296875 1015.0244750976562
v 110.92473602294922 1401.585693359375 924.9744873046875
v 585.3887329101562 1425.416259765625 924.974365234375
v 110.92473602294922 1401.585693359375 1015.0244750976562
v 585.3887329101562 1425.416259765625 1015.0244140625
v 584.6696166992188 1439.415283203125 1135.9635009765625
v 110.22075653076172 1415.537353515625 1040.4398193359375
v 584.6726684570312 1439.355712890625 1040.4398193359375
v 110.21782684326172 1415.596923828125 1135.96337890625
v 584.7506713867188 1437.802001953125 1175.1463623046875
v 110.29875946044922 1413.984619140625 1147.9302978515625
v 584.7505493164062 1437.802978515625 1147.930419921875
v 110.29875946044922 1413.983642578125 1175.1463623046875
v 584.7335815429688 1438.1427001953125 1147.9674072265625
v 110.29877471923828 1413.9832763671875 1175.1463623046875
v 584.7506713867188 1437.8017578125 1175.1463623046875
v 110.28177642822266 1414.32373046875 1147.9674072265625
v 584.6455688476562 1439.892822265625 1040.416748046875
v 110.19377899169922 1416.074462890625 1136.00341796875
v 584.6455688476562 1439.892822265625 1136.00341796875
v 110.19377899169922 1416.074462890625 1040.4168701171875
v 584.6455688476562 1439.892822265625 1135.953369140625
v 110.19377899169922 1416.074462890625 1138.4664306640625
v 584.6455688476562 1439.892822265625 1138.4664306640625
v 110.19377899169922 1416.074462890625 1135.953369140625
v 584.7708740234375 1437.8966064453125 1134.9888916015625
v 110.26915740966797 1414.0755615234375 1134.98876953125
v 584.8472290039062 1435.8753662109375 1135.9996337890625
v 110.39558410644531 1412.0570068359375 1135.9996337890625
v 584.8461303710938 1435.897705078125 1138.4664306640625
v 110.39446258544922 1412.079345703125 1138.4664306640625
v 584.7708740234375 1437.8966064453125 1139.44140625
v 110.26915740966797 1414.0755615234375 1139.44140625
v 584.6444702148438 1439.9151611328125 1138.43017578125
v 110.19265747070312 1416.0968017578125 1138.43017578125
v 584.6465454101562 1439.8731689453125 1138.426025390625
v 110.04924011230469 1418.9549560546875 1140.6927490234375
v 584.5010375976562 1442.7733154296875 1140.69287109375
v 110.19477081298828 1416.0546875 1138.426025390625
v 584.6444702148438 1439.915283203125 1038.023681640625
v 110.19377899169922 1416.074462890625 1040.4669189453125
v 584.6455688476562 1439.892822265625 1040.466796875
v 110.19265747070312 1416.096923828125 1038.023681640625
v 584.7708740234375 1437.8966064453125 1037.0418701171875
v 110.26915740966797 1414.0755615234375 1037.0418701171875
v 584.8461303710938 1435.897705078125 1038.016845703125
v 110.39446258544922 1412.079345703125 1038.016845703125
v 584.8472290039062 1435.8753662109375 1040.4305419921875
v 110.39558410644531 1412.0570068359375 1040.4306640625
v 584.7708740234375 1437.8966064453125 1041.4417724609375
v 110.26915740966797 1414.0755615234375 1041.4417724609375
v 584.6444702148438 1439.9151611328125 1040.4305419921875
v 110.19265747070312 1416.0968017578125 1040.4306640625
v 584.5946655273438 1440.9095458984375 1036.981689453125
v 110.19467163085938 1416.0567626953125 1038.01708984375
v 584.646484375 1439.875244140625 1038.01708984375
v 110.1428451538086 1417.091064453125 1036.981689453125
v 584.7266845703125 1437.779541015625 1147.9305419921875
v 584.7072143554688 1438.1688232421875 1147.9678955078125
v 584.7257080078125 1437.80078125 1175.1217041015625
v 584.822998046875 1435.8603515625 1138.4637451171875
v 584.6187744140625 1439.927734375 1138.4637451171875
v 584.720947265625 1437.89404296875 1139.486083984375
v 584.822998046875 1435.8603515625 1135.966064453125
v 584.6187744140625 1439.9276123046875 1135.9559326171875
v 584.720947265625 1437.8939208984375 1134.944091796875
v 584.822998046875 1435.8603515625 1040.464111328125
v 584.6187744140625 1439.927734375 1040.464111328125
v 584.720947265625 1437.89404296875 1041.4864501953125
v 584.822998046875 1435.8603515625 1038.01953125
v 584.6188354492188 1439.927490234375 1037.9903564453125
v 584.720947265625 1437.893798828125 1036.9970703125
v 110.32373046875 1413.98486328125 1175.1217041015625
v 110.30537414550781 1414.3524169921875 1147.9678955078125
v 110.32484436035156 1413.963623046875 1147.930419921875
v 110.319091796875 1414.078125 1139.486083984375
v 110.21693420410156 1416.11181640625 1138.4637451171875
v 110.42124938964844 1412.04443359375 1138.4637451171875
v 110.42124938964844 1412.04443359375 1135.966064453125
v 110.2169418334961 1416.1116943359375 1135.9559326171875
v 110.31909942626953 1414.0780029296875 1134.9439697265625
v 110.319091796875 1414.078125 1041.4864501953125
v 110.21693420410156 1416.11181640625 1040.4642333984375
v 110.42124938964844 1412.04443359375 1040.4642333984375
v 110.42124938964844 1412.04443359375 1038.01953125
v 110.21694946289062 1416.111572265625 1037.9903564453125
v 110.31910705566406 1414.077880859375 1036.9970703125
v 584.1192016601562 1450.379638671875 1014.9743041992188
v 109.66741180419922 1426.561279296875 1014.9744262695312
v 584.1192016601562 1450.379638671875 1025.0244140625
v 109.66741180419922 1426.561279296875 1025.0244140625
v 110.92473602294922 1401.585693359375 1014.9744262695312
v 585.3887329101562 1425.416259765625 1014.974365234375
v 110.92473602294922 1401.585693359375 1025.0244140625
v 585.3887329101562 1425.416259765625 1025.0244140625
v 109.6661605834961 1426.586181640625 1024.9993896484375
v 110.92599487304688 1401.5606689453125 1024.9993896484375
v 584.1179809570312 1450.4046630859375 1024.9993896484375
v 585.3900146484375 1425.391357421875 1024.9993896484375
v -1637.3052978515625 -163.7219696044922 824.9730224609375
v -1612.2918701171875 -162.4499053955078 824.9730224609375
v -1637.3052978515625 -163.7219696044922 965.0230102539062
v -1612.2918701171875 -162.4499053955078 965.0230102539062
v -1612.316162109375 -162.4649658203125 824.9757080078125
v -1617.3480224609375 -62.549312591552734 874.9757080078125
v -1612.3150634765625 -162.4873046875 965.0203247070312
v -1617.346923828125 -62.57164764404297 1015.0203247070312
v -1642.3236083984375 -63.806640625 874.9757080078125
v -1637.2784423828125 -163.7568359375 965.0203247070312
v -1642.322509765625 -63.82897186279297 1015.0203247070312
v -1637.279541015625 -163.73451232910156 824.9757080078125
v -1637.3052978515625 -163.7219696044922 964.9729614257812
v -1612.2918701171875 -162.4499053955078 964.9729614257812
v -1637.3052978515625 -163.7219696044922 975.0230712890625
v -1612.2918701171875 -162.4499053955078 975.0230712890625
v -1617.3480224609375 -62.549312591552734 1014.9756469726562
v -1612.3150634765625 -162.4873046875 975.0203857421875
v -1612.316162109375 -162.4649658203125 964.9756469726562
v -1617.346923828125 -62.57164764404297 1025.0203857421875
v -1642.322509765625 -63.82897186279297 1025.0203857421875
v -1642.3236083984375 -63.806640625 1014.9756469726562
v -1637.2784423828125 -163.7568359375 975.0203857421875
v -1637.279541015625 -163.73451232910156 964.9756469726562
v -1612.290771484375 -162.4722442626953 974.9868774414062
v -1617.3223876953125 -62.56185531616211 1025.00927734375
v -1637.3040771484375 -163.74429321289062 974.9868774414062
v -1642.347900390625 -63.82170104980469 1025.00927734375
v -1187.841064453125 -141.0050048828125 824.9755249023438
v -1192.8851318359375 -41.089351654052734 874.9755249023438
v -1187.8399658203125 -141.02734375 965.0201416015625
v -1192.884033203125 -41.11168670654297 1015.0201416015625
v -1217.8485107421875 -42.3466796875 874.9755249023438
v -1212.8033447265625 -142.296875 965.0201416015625
v -1217.847412109375 -42.36901092529297 1015.0201416015625
v -1212.804443359375 -142.27455139160156 824.9755249023438
v -1212.8302001953125 -142.2620086669922 824.9728393554688
v -1187.8167724609375 -140.9899444580078 824.9728393554688
v -1212.8302001953125 -142.2620086669922 965.0228271484375
v -1187.8167724609375 -140.9899444580078 965.0228271484375
v -1192.8851318359375 -41.089351654052734 1014.9754638671875
v -1187.8399658203125 -141.02734375 975.0202026367188
v -1187.841064453125 -141.0050048828125 964.9754638671875
v -1192.884033203125 -41.11168670654297 1025.0201416015625
v -1217.847412109375 -42.36901092529297 1025.0201416015625
v -1217.8485107421875 -42.3466796875 1014.9754638671875
v -1212.8033447265625 -142.296875 975.0202026367188
v -1212.804443359375 -142.27455139160156 964.9754638671875
v -1212.8302001953125 -142.2620086669922 964.9727783203125
v -1187.8167724609375 -140.9899444580078 964.9727783203125
v -1212.8302001953125 -142.2620086669922 975.0228881835938
v -1187.8167724609375 -140.9899444580078 975.0228881835938
v -1187.815673828125 -141.0122833251953 974.9866943359375
v -1192.8594970703125 -41.10189437866211 1025.009033203125
v -1212.8289794921875 -142.28433227539062 974.9866943359375
v -1217.872802734375 -42.36174011230469 1025.009033203125
v 138.28012084960938 70.98444366455078 924.9744262695312
v 140.79727172851562 20.99553871154785 924.9744873046875
v 138.27999877929688 70.98444366455078 1450.0244140625
v 140.79714965820312 20.99553871154785 1450.0244140625
v 140.77105712890625 21.019245147705078 924.9744873046875
v 190.77215576171875 23.548625946044922 924.9744873046875
v 140.77093505859375 21.019245147705078 1450.0244140625
v 190.77203369140625 23.548625946044922 1450.0244140625
v 190.7484588623047 23.522396087646484 924.9744873046875
v 188.2068634033203 73.51129913330078 924.9744262695312
v 190.7483367919922 23.522396087646484 1450.0242919921875
v 188.2067413330078 73.51129913330078 1450.0242919921875
v 188.23309326171875 73.48759460449219 924.9744262695312
v 138.25640869140625 70.95820617675781 924.9744262695312
v 188.23297119140625 73.48759460449219 1450.0242919921875
v 138.25628662109375 70.95820617675781 1450.0242919921875
v 115.50180053710938 24.80524253845215 874.9744262695312
v 117.00576782226562 -5.20074987411499 874.9744262695312
v 115.50180053710938 24.80524253845215 975.0244750976562
v 117.00576782226562 -5.20074987411499 975.0244750976562
v 116.97954559326172 -5.177041530609131 874.9744262695312
v 216.90740966796875 -0.13301703333854675 874.9744262695312
v 116.97954559326172 -5.177041530609131 975.0244750976562
v 216.90740966796875 -0.13301703333854675 975.0244750976562
v 216.8837127685547 -0.159245565533638 874.9744262695312
v 211.8396759033203 99.75641632080078 874.974365234375
v 216.8837127685547 -0.1592455357313156 975.0244750976562
v 211.8396759033203 99.75641632080078 975.0244140625
v 211.86590576171875 99.73270416259766 874.974365234375
v 176.86724853515625 97.97237396240234 874.974365234375
v 211.86590576171875 99.73270416259766 975.0244140625
v 176.86724853515625 97.97237396240234 975.0244140625
v 115.50180053710938 24.80524253845215 974.9744262695312
v 117.00576782226562 -5.20074987411499 974.9744262695312
v 115.50180053710938 24.80524253845215 985.0245361328125
v 117.00576782226562 -5.20074987411499 985.0245361328125
v 116.97954559326172 -5.177041530609131 974.9744262695312
v 216.90740966796875 -0.13301703333854675 974.9744262695312
v 116.97954559326172 -5.177041530609131 985.0245361328125
v 216.90740966796875 -0.13301703333854675 985.0245361328125
v 216.8837127685547 -0.159245565533638 974.9744262695312
v 211.8396759033203 99.75641632080078 974.974365234375
v 216.8837127685547 -0.1592455357313156 985.0245361328125
v 211.8396759033203 99.75641632080078 985.0244750976562
v 211.86590576171875 99.73270416259766 974.974365234375
v 176.86724853515625 97.97237396240234 974.974365234375
v 211.86590576171875 99.73270416259766 985.0244750976562
v 176.86724853515625 97.97237396240234 985.0244750976562
v 115.47682189941406 24.80398941040039 984.99951171875
v 116.98080444335938 -5.202001094818115 984.99951171875
v 180.39381408691406 28.07546615600586 984.99951171875
v 216.90867614746094 -0.15798509120941162 984.99951171875
v 211.86465454101562 99.75767517089844 984.9994506835938
v 176.86598205566406 97.99734497070312 984.9994506835938
v 227.3548126220703 -1396.1175537109375 874.9745483398438
v 250.1600799560547 -1845.5816650390625 874.9745483398438
v 227.3548126220703 -1396.1175537109375 965.0245361328125
v 250.1600799560547 -1845.5816650390625 965.0245361328125
v 275.13568115234375 -1844.3243408203125 874.9745483398438
v 252.3181915283203 -1394.8602294921875 874.9745483398438
v 275.13568115234375 -1844.3243408203125 965.0245361328125
v 252.3181915283203 -1394.8602294921875 965.0245361328125
v 238.31890869140625 -1395.5611572265625 1085.9635009765625
v 261.18389892578125 -1845.0224609375 990.4400024414062
v 238.37863159179688 -1395.5582275390625 990.4400024414062
v 261.1241760253906 -1845.0255126953125 1085.963623046875
v 239.9319610595703 -1395.4793701171875 1125.146484375
v 262.7363586425781 -1844.943603515625 1097.9305419921875
v 239.9311065673828 -1395.4793701171875 1097.930419921875
v 262.73724365234375 -1844.9434814453125 1125.1466064453125
v 239.591796875 -1395.496826171875 1097.9674072265625
v 262.737548828125 -1844.943359375 1125.1466064453125
v 239.93226623535156 -1395.4793701171875 1125.146484375
v 262.3970642089844 -1844.9608154296875 1097.967529296875
v 237.8412628173828 -1395.5853271484375 990.4169921875
v 260.64654541015625 -1845.0496826171875 1086.0035400390625
v 237.8412628173828 -1395.5853271484375 1086.00341796875
v 260.64654541015625 -1845.0496826171875 990.4169921875
v 237.81887817382812 -1395.5865478515625 1085.989501953125
v 260.64654541015625 -1845.0496826171875 1088.4666748046875
v 237.8412628173828 -1395.5853271484375 1088.466552734375
v 260.6241455078125 -1845.05078125 1085.9896240234375
v 239.83755493164062 -1395.4591064453125 1084.98876953125
v 262.6452331542969 -1844.97314453125 1084.9888916015625
v 241.8361358642578 -1395.3829345703125 1085.96337890625
v 264.64141845703125 -1844.846923828125 1085.9635009765625
v 241.8584747314453 -1395.3818359375 1088.4302978515625
v 264.6637268066406 -1844.845703125 1088.430419921875
v 239.83755493164062 -1395.4591064453125 1089.4415283203125
v 262.6452331542969 -1844.97314453125 1089.441650390625
v 237.8189239501953 -1395.5865478515625 1088.4302978515625
v 260.62420654296875 -1845.05078125 1088.430419921875
v 237.86094665527344 -1395.5843505859375 1088.4261474609375
v 257.7662658691406 -1845.19580078125 1090.6929931640625
v 234.9609832763672 -1395.731689453125 1090.69287109375
v 260.66619873046875 -1845.048583984375 1088.42626953125
v 237.8188018798828 -1395.5865478515625 988.02392578125
v 260.64654541015625 -1845.0496826171875 990.467041015625
v 237.8412628173828 -1395.5853271484375 990.467041015625
v 260.62408447265625 -1845.05078125 988.02392578125
v 239.83755493164062 -1395.4591064453125 987.0419921875
v 262.6452331542969 -1844.97314453125 987.0419921875
v 241.8361358642578 -1395.3829345703125 988.0169677734375
v 264.64141845703125 -1844.846923828125 988.0169677734375
v 241.8584747314453 -1395.3818359375 990.4308471679688
v 264.6637268066406 -1844.845703125 990.4308471679688
v 239.83755493164062 -1395.4591064453125 991.4419555664062
v 262.6452331542969 -1844.97314453125 991.4419555664062
v 237.8189239501953 -1395.5865478515625 990.4308471679688
v 260.62420654296875 -1845.05078125 990.4308471679688
v 236.824951171875 -1395.6370849609375 986.9818725585938
v 260.6641845703125 -1845.0487060546875 988.0172729492188
v 237.85891723632812 -1395.58447265625 988.0172729492188
v 259.6300964355469 -1845.10107421875 986.9818725585938
v 239.9546356201172 -1395.5032958984375 1097.9305419921875
v 239.5657196044922 -1395.523193359375 1097.9678955078125
v 239.9332275390625 -1395.50439453125 1125.121826171875
v 241.87353515625 -1395.4061279296875 1088.4638671875
v 237.806396484375 -1395.6121826171875 1088.4638671875
v 239.840087890625 -1395.509033203125 1089.4862060546875
v 241.87353515625 -1395.4061279296875 1085.966064453125
v 237.80648803710938 -1395.6121826171875 1085.9559326171875
v 239.84017944335938 -1395.509033203125 1084.9439697265625
v 241.87353515625 -1395.4061279296875 990.46435546875
v 237.806396484375 -1395.6121826171875 990.46435546875
v 239.840087890625 -1395.509033203125 991.4866943359375
v 241.87353515625 -1395.4061279296875 988.0196533203125
v 237.80665588378906 -1395.6121826171875 987.9905395507812
v 239.84034729003906 -1395.509033203125 986.9971313476562
v 262.7359619140625 -1844.91845703125 1125.1219482421875
v 262.3684387207031 -1844.937255859375 1097.968017578125
v 262.75738525390625 -1844.91748046875 1097.9306640625
v 262.6427001953125 -1844.9232177734375 1089.486328125
v 260.609130859375 -1845.0264892578125 1088.4639892578125
v 264.67626953125 -1844.820068359375 1088.4639892578125
v 264.67626953125 -1844.820068359375 1085.9661865234375
v 260.6092224121094 -1845.0264892578125 1085.9560546875
v 262.6427917480469 -1844.9232177734375 1084.944091796875
v 262.6427001953125 -1844.9232177734375 991.4866943359375
v 260.609130859375 -1845.0264892578125 990.46435546875
v 264.67626953125 -1844.820068359375 990.46435546875
v 264.67626953125 -1844.820068359375 988.0196533203125
v 260.6094055175781 -1845.0264892578125 987.9905395507812
v 262.6429748535156 -1844.9232177734375 986.9971313476562
v 227.3548126220703 -1396.1175537109375 964.9744873046875
v 250.1600799560547 -1845.5816650390625 964.9744873046875
v 227.3548126220703 -1396.1175537109375 975.0245971679688
v 250.1600799560547 -1845.5816650390625 975.0245971679688
v 275.13568115234375 -1844.3243408203125 964.9744873046875
v 252.3181915283203 -1394.8602294921875 964.9744873046875
v 275.13568115234375 -1844.3243408203125 975.0245971679688
v 252.3181915283203 -1394.8602294921875 975.0245971679688
v 227.32984924316406 -1396.118896484375 974.9995727539062
v 250.13510131835938 -1845.5828857421875 974.9995727539062
v 252.34317016601562 -1394.8590087890625 974.9995727539062
v 275.1606140136719 -1844.322998046875 974.9995727539062
v 227.36773681640625 -1396.131591796875 874.974853515625
v 252.38104248046875 -1394.871826171875 874.974853515625
v 227.36773681640625 -1396.131591796875 1150.0247802734375
v 252.38104248046875 -1394.871826171875 1150.0247802734375
v 252.35733032226562 -1394.8980712890625 874.974853515625
v 251.09750366210938 -1369.8846435546875 874.974853515625
v 252.35733032226562 -1394.8980712890625 1150.0247802734375
v 251.09750366210938 -1369.8846435546875 1150.0247802734375
v 251.12371826171875 -1369.908447265625 874.974853515625
v 226.11041259765625 -1371.168212890625 874.974853515625
v 251.12371826171875 -1369.908447265625 1150.0247802734375
v 226.11041259765625 -1371.168212890625 1150.0247802734375
v 226.13412475585938 -1371.1419677734375 874.974853515625
v 227.39395141601562 -1396.1553955078125 874.974853515625
v 226.13412475585938 -1371.1419677734375 1150.0247802734375
v 227.39395141601562 -1396.1553955078125 1150.0247802734375
v 252.38230895996094 -1394.896728515625 1149.999755859375
v 251.12246704101562 -1369.8834228515625 1149.999755859375
v 227.36898803710938 -1396.1566162109375 1149.999755859375
v 226.10914611816406 -1371.143310546875 1149.999755859375
v 183.86117553710938 -534.7406616210938 874.9740600585938
v 185.12100219726562 -559.7661743164062 874.9740600585938
v 183.86117553710938 -534.7406616210938 1150.0240478515625
v 185.12100219726562 -559.7661743164062 1150.0240478515625
v 185.09478759765625 -559.7424926757812 874.9740600585938
v 210.12030029296875 -558.4826049804688 874.9740600585938
v 185.09478759765625 -559.7424926757812 1150.0240478515625
v 210.12030029296875 -558.4826049804688 1150.0240478515625
v 210.09658813476562 -558.5088500976562 874.9740600585938
v 208.83676147460938 -533.4833374023438 874.9740600585938
v 210.09658813476562 -558.5088500976562 1150.0240478515625
v 208.83676147460938 -533.4833374023438 1150.0240478515625
v 208.86297607421875 -533.5070190429688 874.9740600585938
v 183.83746337890625 -534.7669067382812 874.9740600585938
v 208.86297607421875 -533.5070190429688 1150.0240478515625
v 183.83746337890625 -534.7669067382812 1150.0240478515625
v 183.83619689941406 -534.741943359375 1149.9990234375
v 185.09603881835938 -559.7674560546875 1149.9990234375
v 208.86172485351562 -533.4820556640625 1149.9990234375
v 210.12156677246094 -558.507568359375 1149.9990234375
v 183.82525634765625 -534.7669067382812 1124.9739990234375
v 208.83856201171875 -533.5070190429688 1124.9739990234375
v 183.82525634765625 -534.7669067382812 1150.0240478515625
v 208.83856201171875 -533.5070190429688 1150.0240478515625
v 208.8148651123047 -533.5332641601562 1124.9739990234375
v 198.7415313720703 -333.73968505859375 1124.9739990234375
v 208.8148651123047 -533.5332641601562 1150.0240478515625
v 198.7415313720703 -333.73968505859375 1150.0240478515625
v 198.76776123046875 -333.7633972167969 1124.9739990234375
v 173.74224853515625 -335.0232238769531 1124.9739990234375
v 198.76776123046875 -333.7633972167969 1150.0240478515625
v 173.74224853515625 -335.0232238769531 1150.0240478515625
v 173.7659454345703 -334.99700927734375 1124.9739990234375
v 183.8514862060547 -534.7905883789062 1124.9739990234375
v 173.7659454345703 -334.99700927734375 1150.0240478515625
v 183.8514862060547 -534.7905883789062 1150.0240478515625
v 208.83982849121094 -533.531982421875 1124.9990234375
v 183.82650756835938 -534.7918701171875 1124.9990234375
v 198.76651000976562 -333.7384338378906 1124.9990234375
v 173.74098205566406 -334.9982604980469 1124.9990234375
v 208.83982849121094 -533.531982421875 1149.9990234375
v 198.76651000976562 -333.7384338378906 1149.9990234375
v 183.82650756835938 -534.7918701171875 1149.9990234375
v 173.74098205566406 -334.9982604980469 1149.9990234375
v 172.53305053710938 -310.03363037109375 874.9740600585938
v 173.79287719726562 -335.04693603515625 874.9740600585938
v 172.53305053710938 -310.03363037109375 1150.0240478515625
v 173.79287719726562 -335.04693603515625 1150.0240478515625
v 173.76666259765625 -335.0232238769531 874.9740600585938
v 198.77996826171875 -333.7633972167969 874.9740600585938
v 173.76666259765625 -335.0232238769531 1150.0240478515625
v 198.77996826171875 -333.7633972167969 1150.0240478515625
v 198.75625610351562 -333.78961181640625 874.9740600585938
v 197.49642944335938 -308.77630615234375 874.9740600585938
v 198.75625610351562 -333.78961181640625 1150.0240478515625
v 197.49642944335938 -308.77630615234375 1150.0240478515625
v 197.52264404296875 -308.8000183105469 874.9740600585938
v 172.50933837890625 -310.0598449707031 874.9740600585938
v 197.52264404296875 -308.8000183105469 1150.0240478515625
v 172.50933837890625 -310.0598449707031 1150.0240478515625
v 172.50807189941406 -310.0348815917969 1149.9990234375
v 173.76791381835938 -335.0481872558594 1149.9990234375
v 197.52139282226562 -308.7750549316406 1149.9990234375
v 198.78123474121094 -333.7883605957031 1149.9990234375
v 132.68988037109375 476.4391784667969 924.9744262695312
v 157.70318603515625 477.6990051269531 924.9744262695312
v 132.68988037109375 476.4391784667969 1200.0244140625
v 157.70318603515625 477.6990051269531 1200.0244140625
v 157.67947387695312 477.67279052734375 924.9744262695312
v 156.41964721679688 502.68609619140625 924.9744262695312
v 157.67947387695312 477.67279052734375 1200.0244140625
v 156.41964721679688 502.68609619140625 1200.0244140625
v 156.44586181640625 502.6623840332031 924.9744262695312
v 131.43255615234375 501.4025573730469 924.9744262695312
v 156.44586181640625 502.6623840332031 1200.0244140625
v 131.43255615234375 501.4025573730469 1200.0244140625
v 131.45626831054688 501.42877197265625 924.9744262695312
v 132.71609497070312 476.41546630859375 924.9744262695312
v 131.45626831054688 501.42877197265625 1200.0244140625
v 132.71609497070312 476.41546630859375 1200.0244140625
v 157.70445251464844 477.6740417480469 1199.9993896484375
v 156.44461059570312 502.6873474121094 1199.9993896484375
v 132.69113159179688 476.4142150878906 1199.9993896484375
v 131.43128967285156 501.4275207519531 1199.9993896484375
v 156.3855438232422 502.63616943359375 924.9744262695312
v 136.1681671142578 902.1734008789062 924.974365234375
v 156.3855438232422 502.63616943359375 1015.0244750976562
v 136.1681671142578 902.1734008789062 1015.0244140625
v 111.20478820800781 900.9160766601562 924.974365234375
v 131.4221649169922 501.37884521484375 924.9744262695312
v 111.20478820800781 900.9160766601562 1015.0244140625
v 131.4221649169922 501.37884521484375 1015.0244750976562
v 122.16900634765625 901.4707641601562 1135.9635009765625
v 142.44610595703125 501.93646240234375 1040.4398193359375
v 122.22872924804688 901.4736938476562 1040.4398193359375
v 142.38638305664062 501.93353271484375 1135.9635009765625
v 123.78205871582031 901.5523071289062 1175.1463623046875
v 143.9987030029297 502.01507568359375 1147.930419921875
v 123.78132629394531 901.5523071289062 1147.930419921875
v 143.9994354248047 502.01507568359375 1175.1463623046875
v 123.44202423095703 901.5352172851562 1147.9674072265625
v 143.99974060058594 502.01507568359375 1175.1463623046875
v 123.7823715209961 901.5523071289062 1175.1463623046875
v 143.65914916992188 501.9979553222656 1147.9674072265625
v 121.69136047363281 901.4468383789062 1040.416748046875
v 141.9087371826172 501.90960693359375 1136.00341796875
v 121.69136047363281 901.4468383789062 1136.00341796875
v 141.9087371826172 501.90960693359375 1040.416748046875
v 121.66898345947266 901.4457397460938 1135.989501953125
v 141.9087371826172 501.90960693359375 1138.4664306640625
v 121.69136047363281 901.4468383789062 1138.4664306640625
v 141.8863525390625 501.9084777832031 1135.989501953125
v 123.68766021728516 901.5728759765625 1134.9888916015625
v 143.90744018554688 501.9857177734375 1134.9888916015625
v 125.68635559082031 901.6489868164062 1135.96337890625
v 145.9037322998047 502.11175537109375 1135.96337890625
v 125.70869445800781 901.650146484375 1138.43017578125
v 145.92605590820312 502.1128845214844 1138.43017578125
v 123.68766021728516 901.5728759765625 1139.44140625
v 143.90744018554688 501.9857177734375 1139.44140625
v 121.66902923583984 901.4457397460938 1138.43017578125
v 141.8863983154297 501.9084777832031 1138.43017578125
v 121.71104431152344 901.4478149414062 1138.426025390625
v 139.02845764160156 501.7640686035156 1140.69287109375
v 118.81108856201172 901.3013305664062 1140.69287109375
v 141.9284210205078 501.91058349609375 1138.426025390625
v 121.66889953613281 901.4456787109375 1038.023681640625
v 141.9087371826172 501.90960693359375 1040.466796875
v 121.69136047363281 901.4468383789062 1040.466796875
v 141.8862762451172 501.9084777832031 1038.023681640625
v 123.68766021728516 901.5728759765625 1037.0418701171875
v 143.90744018554688 501.9857177734375 1037.0418701171875
v 125.68635559082031 901.6489868164062 1038.016845703125
v 145.9037322998047 502.11175537109375 1038.016845703125
v 125.70869445800781 901.650146484375 1040.4305419921875
v 145.92605590820312 502.1128845214844 1040.4305419921875
v 123.68766021728516 901.5728759765625 1041.4417724609375
v 143.90744018554688 501.9857177734375 1041.4417724609375
v 121.66902923583984 901.4457397460938 1040.4305419921875
v 141.8863983154297 501.9084777832031 1040.4305419921875
v 120.67505645751953 901.3956298828125 1036.981689453125
v 141.9263916015625 501.9104919433594 1038.01708984375
v 121.70902252197266 901.44775390625 1038.01708984375
v 140.89242553710938 501.8584289550781 1036.981689453125
v 123.80485534667969 901.5284423828125 1147.9305419921875
v 123.41593170166016 901.5088500976562 1147.9678955078125
v 123.7833251953125 901.52734375 1175.1217041015625
v 125.7237548828125 901.6258544921875 1138.4637451171875
v 121.656494140625 901.4200439453125 1138.4637451171875
v 123.690185546875 901.52294921875 1139.486083984375
v 125.7237548828125 901.6258544921875 1135.966064453125
v 121.65658569335938 901.4200439453125 1135.9559326171875
v 123.69027709960938 901.52294921875 1134.944091796875
v 125.7237548828125 901.6258544921875 1040.464111328125
v 121.656494140625 901.4200439453125 1040.464111328125
v 123.690185546875 901.52294921875 1041.4864501953125
v 125.7237548828125 901.6258544921875 1038.01953125
v 121.65675354003906 901.4200439453125 1037.9903564453125
v 123.69044494628906 901.52294921875 1036.9970703125
v 143.9981689453125 502.0400390625 1175.1217041015625
v 143.6305389404297 502.02154541015625 1147.9678955078125
v 144.0196990966797 502.0411682128906 1147.9305419921875
v 143.9049072265625 502.03564453125 1139.486083984375
v 141.871337890625 501.9327392578125 1138.4637451171875
v 145.9385986328125 502.1385498046875 1138.4637451171875
v 145.9385986328125 502.1385498046875 1135.966064453125
v 141.87142944335938 501.9327392578125 1135.9559326171875
v 143.90499877929688 502.03564453125 1134.944091796875
v 143.9049072265625 502.03564453125 1041.4864501953125
v 141.871337890625 501.9327392578125 1040.464111328125
v 145.9385986328125 502.1385498046875 1040.464111328125
v 145.9385986328125 502.1385498046875 1038.01953125
v 141.87159729003906 501.9327697753906 1037.9903564453125
v 143.90516662597656 502.03564453125 1036.9970703125
v 156.3855438232422 502.63616943359375 1014.9744262695312
v 136.1681671142578 902.1734008789062 1014.974365234375
v 156.3855438232422 502.63616943359375 1025.0244140625
v 136.1681671142578 902.1734008789062 1025.0244140625
v 111.20478820800781 900.9160766601562 1014.974365234375
v 131.4221649169922 501.37884521484375 1014.9744262695312
v 111.20478820800781 900.9160766601562 1025.0244140625
v 131.4221649169922 501.37884521484375 1025.0244140625
v 156.41050720214844 502.6374206542969 1024.9993896484375
v 136.19314575195312 902.1746826171875 1024.9993896484375
v 131.39718627929688 501.3775634765625 1024.9993896484375
v 111.1798324584961 900.914794921875 1024.9993896484375
v 84.72774505615234 1425.2447509765625 924.974365234375
v 85.98758697509766 1400.2313232421875 924.974365234375
v 84.72774505615234 1425.2447509765625 1200.0242919921875
v 85.98758697509766 1400.2313232421875 1200.0242919921875
v 85.96135711669922 1400.255126953125 924.974365234375
v 110.98688507080078 1401.514892578125 924.974365234375
v 85.96135711669922 1400.255126953125 1200.024169921875
v 110.98688507080078 1401.514892578125 1200.024169921875
v 110.96318054199219 1401.4886474609375 924.974365234375
v 109.69111633300781 1426.5142822265625 924.974365234375
v 110.96318054199219 1401.4886474609375 1200.024169921875
v 109.69111633300781 1426.5142822265625 1200.024169921875
v 109.71735382080078 1426.490478515625 924.974365234375
v 84.70403289794922 1425.218505859375 924.974365234375
v 109.71735382080078 1426.490478515625 1200.0242919921875
v 84.70403289794922 1425.218505859375 1200.0242919921875
v 84.70276641845703 1425.243408203125 1199.999267578125
v 85.96261596679688 1400.2301025390625 1199.999267578125
v 109.71607971191406 1426.5155029296875 1199.999267578125
v 110.9881362915039 1401.489990234375 1199.999267578125
v 1083.47216796875 1475.745849609375 924.9743041992188
v 609.0204467773438 1451.927490234375 924.9743041992188
v 1083.47216796875 1475.745849609375 1015.0242919921875
v 609.0204467773438 1451.927490234375 1015.0243530273438
v 610.2899780273438 1426.964111328125 924.974365234375
v 1084.7418212890625 1450.782470703125 924.9743041992188
v 610.2899780273438 1426.964111328125 1015.0244140625
v 1084.7418212890625 1450.782470703125 1015.0242919921875
v 1084.0225830078125 1464.781494140625 1135.96337890625
v 609.5739135742188 1440.903564453125 1040.4398193359375
v 1084.0255126953125 1464.721923828125 1040.439697265625
v 609.5708618164062 1440.963134765625 1135.9635009765625
v 1084.1036376953125 1463.168212890625 1175.1463623046875
v 609.6517944335938 1439.350830078125 1147.930419921875
v 1084.1036376953125 1463.169189453125 1147.9302978515625
v 609.6519165039062 1439.349853515625 1175.1463623046875
v 1084.08642578125 1463.5089111328125 1147.96728515625
v 609.6519165039062 1439.3494873046875 1175.1463623046875
v 1084.1036376953125 1463.16796875 1175.1463623046875
v 609.6348266601562 1439.68994140625 1147.9674072265625
v 1083.9986572265625 1465.259033203125 1040.416748046875
v 609.5468139648438 1441.440673828125 1136.00341796875
v 1083.9986572265625 1465.259033203125 1136.0032958984375
v 609.5468139648438 1441.440673828125 1040.416748046875
v 1083.9974365234375 1465.281494140625 1135.9893798828125
v 609.5468139648438 1441.440673828125 1138.4664306640625
v 1083.9986572265625 1465.259033203125 1138.4664306640625
v 609.5457153320312 1441.4630126953125 1135.989501953125
v 1084.1239013671875 1463.2628173828125 1134.9886474609375
v 609.6221923828125 1439.4417724609375 1134.9888916015625
v 1084.19921875 1461.263916015625 1135.9632568359375
v 609.7474975585938 1437.445556640625 1135.96337890625
v 1084.2003173828125 1461.2415771484375 1138.43017578125
v 609.7485961914062 1437.4232177734375 1138.43017578125
v 1084.1239013671875 1463.2628173828125 1139.44140625
v 609.6221923828125 1439.4417724609375 1139.44140625
v 1083.9974365234375 1465.2813720703125 1138.43017578125
v 609.5457153320312 1441.4630126953125 1138.43017578125
v 1083.9996337890625 1465.2393798828125 1138.426025390625
v 609.4022827148438 1444.3211669921875 1140.69287109375
v 1083.85400390625 1468.1396484375 1140.6927490234375
v 609.5477905273438 1441.4210205078125 1138.426025390625
v 1083.9974365234375 1465.281494140625 1038.023681640625
v 609.5468139648438 1441.440673828125 1040.466796875
v 1083.9986572265625 1465.259033203125 1040.466796875
v 609.545654296875 1441.463134765625 1038.023681640625
v 1084.1239013671875 1463.2628173828125 1037.041748046875
v 609.6221923828125 1439.4417724609375 1037.0418701171875
v 1084.19921875 1461.263916015625 1038.0167236328125
v 609.7474975585938 1437.445556640625 1038.016845703125
v 1084.2003173828125 1461.2415771484375 1040.4305419921875
v 609.7485961914062 1437.4232177734375 1040.4305419921875
v 1084.1239013671875 1463.2628173828125 1041.4417724609375
v 609.6221923828125 1439.4417724609375 1041.4417724609375
v 1083.9974365234375 1465.2813720703125 1040.4305419921875
v 609.5457153320312 1441.4630126953125 1040.4305419921875
v 1083.947509765625 1466.2757568359375 1036.9815673828125
v 609.5476684570312 1441.4229736328125 1038.01708984375
v 1083.99951171875 1465.241455078125 1038.01708984375
v 609.495849609375 1442.457275390625 1036.981689453125
v 1084.0797119140625 1463.145751953125 1147.930419921875
v 1084.0601806640625 1463.5350341796875 1147.9677734375
v 1084.07861328125 1463.1669921875 1175.1217041015625
v 1084.176025390625 1461.2265625 1138.4637451171875
v 1083.9718017578125 1465.2939453125 1138.4637451171875
v 1084.073974609375 1463.26025390625 1139.486083984375
v 1084.176025390625 1461.2265625 1135.9659423828125
v 1083.9718017578125 1465.2938232421875 1135.955810546875
v 1084.073974609375 1463.2601318359375 1134.94384765625
v 1084.176025390625 1461.2265625 1040.464111328125
v 1083.9718017578125 1465.2939453125 1040.464111328125
v 1084.073974609375 1463.26025390625 1041.4864501953125
v 1084.176025390625 1461.2265625 1038.0194091796875
v 1083.9718017578125 1465.293701171875 1037.9903564453125
v 1084.073974609375 1463.260009765625 1036.9969482421875
v 609.6768798828125 1439.35107421875 1175.1217041015625
v 609.6583862304688 1439.7186279296875 1147.9678955078125
v 609.6778564453125 1439.329833984375 1147.9305419921875
v 609.672119140625 1439.4443359375 1139.486083984375
v 609.5699462890625 1441.47802734375 1138.4637451171875
v 609.7742919921875 1437.41064453125 1138.4637451171875
v 609.7742919921875 1437.41064453125 1135.966064453125
v 609.5699462890625 1441.4779052734375 1135.9559326171875
v 609.672119140625 1439.4442138671875 1134.944091796875
v 609.672119140625 1439.4443359375 1041.4864501953125
v 609.5699462890625 1441.47802734375 1040.464111328125
v 609.7742919921875 1437.41064453125 1040.464111328125
v 609.7742919921875 1437.41064453125 1038.01953125
v 609.5699462890625 1441.477783203125 1037.9903564453125
v 609.672119140625 1439.444091796875 1036.9970703125
v 1083.47216796875 1475.745849609375 1014.9742431640625
v 609.0204467773438 1451.927490234375 1014.9743041992188
v 1083.47216796875 1475.745849609375 1025.0242919921875
v 609.0204467773438 1451.927490234375 1025.0244140625
v 610.2899780273438 1426.964111328125 1014.974365234375
v 1084.7418212890625 1450.782470703125 1014.9742431640625
v 610.2899780273438 1426.964111328125 1025.0244140625
v 1084.7418212890625 1450.782470703125 1025.0242919921875
v 609.0191650390625 1451.952392578125 1024.9993896484375
v 610.2911987304688 1426.9390869140625 1024.9993896484375
v 1083.4708251953125 1475.7708740234375 1024.999267578125
v 1084.7430419921875 1450.757568359375 1024.999267578125
v 1108.4234619140625 1477.283935546875 924.974365234375
v 1083.4100341796875 1476.011962890625 924.974365234375
v 1108.4234619140625 1477.283935546875 1200.0244140625
v 1083.4100341796875 1476.011962890625 1200.0244140625
v 1083.433837890625 1476.0382080078125 924.974365234375
v 1084.705810546875 1451.0125732421875 924.974365234375
v 1083.433837890625 1476.0382080078125 1200.0244140625
v 1084.705810546875 1451.0125732421875 1200.0244140625
v 1084.6795654296875 1451.036376953125 924.974365234375
v 1109.69287109375 1452.308349609375 924.974365234375
v 1084.6795654296875 1451.036376953125 1200.0242919921875
v 1109.69287109375 1452.308349609375 1200.0242919921875
v 1109.6690673828125 1452.2821044921875 924.974365234375
v 1108.397216796875 1477.3077392578125 924.974365234375
v 1109.6690673828125 1452.2821044921875 1200.0242919921875
v 1108.397216796875 1477.3077392578125 1200.0242919921875
v 1083.4088134765625 1476.036865234375 1199.9993896484375
v 1084.680908203125 1451.0113525390625 1199.9993896484375
v 1108.422119140625 1477.3089599609375 1199.9993896484375
v 1109.694091796875 1452.283447265625 1199.9993896484375
v 609.0703735351562 1451.881103515625 924.9743041992188
v 584.0570678710938 1450.609130859375 924.9743041992188
v 609.0703735351562 1451.881103515625 1200.0244140625
v 584.0570678710938 1450.609130859375 1200.0244140625
v 584.0807495117188 1450.6353759765625 924.9743041992188
v 585.3528442382812 1425.6219482421875 924.974365234375
v 584.0807495117188 1450.6353759765625 1200.0244140625
v 585.3528442382812 1425.6219482421875 1200.0244140625
v 585.3265991210938 1425.645751953125 924.974365234375
v 610.3399047851562 1426.917724609375 924.974365234375
v 585.3265991210938 1425.645751953125 1200.0242919921875
v 610.3399047851562 1426.917724609375 1200.0242919921875
v 610.3162231445312 1426.8914794921875 924.974365234375
v 609.0441284179688 1451.9049072265625 924.9743041992188
v 610.3162231445312 1426.8914794921875 1200.0244140625
v 609.0441284179688 1451.9049072265625 1200.0244140625
v 584.0557861328125 1450.634033203125 1199.9993896484375
v 585.327880859375 1425.6207275390625 1199.9993896484375
v 609.069091796875 1451.9061279296875 1199.9993896484375
v 610.3411865234375 1426.892822265625 1199.9993896484375
v 1250.330322265625 -1331.663818359375 924.9745483398438
v 1225.31689453125 -1332.935791015625 924.9745483398438
v 1250.330322265625 -1331.663818359375 1200.0245361328125
v 1225.31689453125 -1332.935791015625 1200.0245361328125
v 1225.3406982421875 -1332.9095458984375 924.9745483398438
v 1226.588134765625 -1357.9229736328125 924.974609375
v 1225.3406982421875 -1332.9095458984375 1200.0245361328125
v 1226.588134765625 -1357.9229736328125 1200.0245361328125
v 1226.5618896484375 -1357.899169921875 924.974609375
v 1251.575439453125 -1356.627197265625 924.974609375
v 1226.5618896484375 -1357.899169921875 1200.0245361328125
v 1251.575439453125 -1356.627197265625 1200.0245361328125
v 1251.5516357421875 -1356.6534423828125 924.974609375
v 1250.3040771484375 -1331.6400146484375 924.9745483398438
v 1251.5516357421875 -1356.6534423828125 1200.0245361328125
v 1250.3040771484375 -1331.6400146484375 1200.0245361328125
v 1225.315673828125 -1332.910888671875 1199.99951171875
v 1226.563232421875 -1357.9241943359375 1199.99951171875
v 1250.3289794921875 -1331.6387939453125 1199.99951171875
v 1251.57666015625 -1356.652099609375 1199.99951171875
v 1134.327392578125 967.9193725585938 924.9741821289062
v 1109.6666259765625 1452.3199462890625 924.9743041992188
v 1134.327392578125 967.9193725585938 1015.024169921875
v 1109.6666259765625 1452.3199462890625 1015.0242919921875
v 1084.703369140625 1451.0504150390625 924.9743041992188
v 1109.351806640625 966.6376342773438 924.9741821289062
v 1084.703369140625 1451.0504150390625 1015.0242919921875
v 1109.351806640625 966.6376342773438 1015.024169921875
v 1123.3634033203125 967.3612670898438 1135.9632568359375
v 1098.642822265625 1451.7589111328125 1040.439697265625
v 1123.3037109375 967.3583374023438 1040.439697265625
v 1098.70263671875 1451.7618408203125 1135.96337890625
v 1121.750244140625 967.2787475585938 1175.146240234375
v 1097.0904541015625 1451.6798095703125 1147.9302978515625
v 1121.751220703125 967.2792358398438 1147.93017578125
v 1097.089599609375 1451.6793212890625 1175.1463623046875
v 1122.0904541015625 967.2963256835938 1147.9671630859375
v 1097.0892333984375 1451.67919921875 1175.1463623046875
v 1121.75 967.2787475585938 1175.146240234375
v 1097.4296875 1451.6968994140625 1147.96728515625
v 1123.8409423828125 967.3851928710938 1040.416748046875
v 1099.18017578125 1451.7857666015625 1136.0032958984375
v 1123.8409423828125 967.3851928710938 1136.0032958984375
v 1099.18017578125 1451.7857666015625 1040.416748046875
v 1123.8634033203125 967.3863525390625 1135.9893798828125
v 1099.18017578125 1451.7857666015625 1138.4664306640625
v 1123.8409423828125 967.3851928710938 1138.46630859375
v 1099.2025146484375 1451.786865234375 1135.9893798828125
v 1121.8448486328125 967.2586669921875 1134.9886474609375
v 1097.1815185546875 1451.7091064453125 1134.9886474609375
v 1119.8460693359375 967.1820678710938 1135.9632568359375
v 1095.1854248046875 1451.5826416015625 1135.9632568359375
v 1119.82373046875 967.180908203125 1138.4300537109375
v 1095.1630859375 1451.5814208984375 1138.43017578125
v 1121.8448486328125 967.2586669921875 1139.4412841796875
v 1097.1815185546875 1451.7091064453125 1139.44140625
v 1123.86328125 967.3863525390625 1138.4300537109375
v 1099.2025146484375 1451.786865234375 1138.43017578125
v 1123.8212890625 967.3842163085938 1138.4259033203125
v 1102.0604248046875 1451.9327392578125 1140.6927490234375
v 1126.7213134765625 967.5321655273438 1140.692626953125
v 1099.160400390625 1451.78466796875 1138.426025390625
v 1123.8634033203125 967.3863525390625 1038.0235595703125
v 1099.18017578125 1451.7857666015625 1040.466796875
v 1123.8409423828125 967.3851928710938 1040.466796875
v 1099.20263671875 1451.786865234375 1038.023681640625
v 1121.8448486328125 967.2586669921875 1037.0416259765625
v 1097.1815185546875 1451.7091064453125 1037.041748046875
v 1119.8460693359375 967.1820678710938 1038.0167236328125
v 1095.1854248046875 1451.5826416015625 1038.0167236328125
v 1119.82373046875 967.180908203125 1040.4305419921875
v 1095.1630859375 1451.5814208984375 1040.4305419921875
v 1121.8448486328125 967.2586669921875 1041.441650390625
v 1097.1815185546875 1451.7091064453125 1041.4417724609375
v 1123.86328125 967.3863525390625 1040.4305419921875
v 1099.2025146484375 1451.786865234375 1040.4305419921875
v 1124.8572998046875 967.4373779296875 1036.9815673828125
v 1099.1624755859375 1451.7847900390625 1038.01708984375
v 1123.8233642578125 967.38427734375 1038.0169677734375
v 1100.196533203125 1451.837890625 1036.9815673828125
v 1121.727783203125 967.3031005859375 1147.9302978515625
v 1122.1165771484375 967.3226928710938 1147.9676513671875
v 1121.7490234375 967.3037109375 1175.12158203125
v 1119.8087158203125 967.2052001953125 1138.463623046875
v 1123.8758544921875 967.4119873046875 1138.463623046875
v 1121.84228515625 967.30859375 1139.4859619140625
v 1119.8087158203125 967.2052001953125 1135.9659423828125
v 1123.875732421875 967.4119873046875 1135.955810546875
v 1121.8421630859375 967.30859375 1134.94384765625
v 1119.8087158203125 967.2052001953125 1040.464111328125
v 1123.8758544921875 967.4119873046875 1040.464111328125
v 1121.84228515625 967.30859375 1041.486328125
v 1119.8087158203125 967.2052001953125 1038.0194091796875
v 1123.8756103515625 967.4119873046875 1037.990234375
v 1121.842041015625 967.30859375 1036.996826171875
v 1097.0908203125 1451.654296875 1175.1217041015625
v 1097.4583740234375 1451.6732177734375 1147.9677734375
v 1097.0694580078125 1451.6536865234375 1147.930419921875
v 1097.18408203125 1451.6591796875 1139.486083984375
v 1099.217529296875 1451.7625732421875 1138.4637451171875
v 1095.1505126953125 1451.5557861328125 1138.4637451171875
v 1095.1505126953125 1451.5557861328125 1135.9659423828125
v 1099.2174072265625 1451.7625732421875 1135.955810546875
v 1097.1839599609375 1451.6591796875 1134.94384765625
v 1097.18408203125 1451.6591796875 1041.4864501953125
v 1099.217529296875 1451.7625732421875 1040.464111328125
v 1095.1505126953125 1451.5557861328125 1040.464111328125
v 1095.1505126953125 1451.5557861328125 1038.0194091796875
v 1099.21728515625 1451.7625732421875 1037.9903564453125
v 1097.183837890625 1451.6591796875 1036.9969482421875
v 1134.327392578125 967.9193725585938 1014.97412109375
v 1109.6666259765625 1452.3199462890625 1014.9742431640625
v 1134.327392578125 967.9193725585938 1025.0242919921875
v 1109.6666259765625 1452.3199462890625 1025.0242919921875
v 1084.703369140625 1451.0504150390625 1014.9742431640625
v 1109.351806640625 966.6376342773438 1014.97412109375
v 1084.703369140625 1451.0504150390625 1025.0242919921875
v 1109.351806640625 966.6376342773438 1025.0242919921875
v 1134.3524169921875 967.920654296875 1024.999267578125
v 1109.6915283203125 1452.3211669921875 1024.999267578125
v 1109.326904296875 966.6363525390625 1024.999267578125
v 1084.6783447265625 1451.049072265625 1024.999267578125
v 1134.3511962890625 967.9456176757812 924.9741821289062
v 1109.3255615234375 966.6613159179688 924.9741821289062
v 1134.3511962890625 967.9456176757812 1200.0242919921875
v 1109.3255615234375 966.6613159179688 1200.0242919921875
v 1109.349365234375 966.6875610351562 924.9741821289062
v 1110.621337890625 941.6742553710938 924.9741821289062
v 1109.349365234375 966.6875610351562 1200.0242919921875
v 1110.621337890625 941.6742553710938 1200.0242919921875
v 1110.5950927734375 941.6979370117188 924.9741821289062
v 1135.6207275390625 942.9700317382812 924.9741821289062
v 1110.5950927734375 941.6979370117188 1200.0242919921875
v 1135.6207275390625 942.9700317382812 1200.0242919921875
v 1135.596923828125 942.9437866210938 924.9741821289062
v 1134.324951171875 967.9692993164062 924.9741821289062
v 1135.596923828125 942.9437866210938 1200.0242919921875
v 1134.324951171875 967.9692993164062 1200.0242919921875
v 1109.3243408203125 966.686279296875 1199.999267578125
v 1110.596435546875 941.6729736328125 1199.999267578125
v 1134.349853515625 967.9705810546875 1199.999267578125
v 1135.6219482421875 942.945068359375 1199.999267578125
v 1212.574462890625 -570.0933227539062 924.9744873046875
v 1187.681884765625 -80.67571258544922 924.9739990234375
v 1212.574462890625 -570.0933227539062 1015.0244750976562
v 1187.681884765625 -80.67571258544922 1015.0239868164062
v 1162.706298828125 -81.94524383544922 924.9743041992188
v 1187.611083984375 -571.3628540039062 924.9744873046875
v 1162.706298828125 -81.94524383544922 1015.0242919921875
v 1187.611083984375 -571.3628540039062 1015.0244750976562
v 1201.610595703125 -570.6509399414062 1135.963623046875
v 1176.6580810546875 -81.23651123046875 1040.439453125
v 1201.55078125 -570.6541137695312 1040.43994140625
v 1176.7177734375 -81.23332977294922 1135.962890625
v 1199.9974365234375 -570.7329711914062 1175.1466064453125
v 1175.105712890625 -81.31536102294922 1147.929931640625
v 1199.998291015625 -570.7329711914062 1147.9305419921875
v 1175.1048583984375 -81.31536102294922 1175.14599609375
v 1200.3375244140625 -570.7158813476562 1147.967529296875
v 1175.1044921875 -81.31538391113281 1175.14599609375
v 1199.9971923828125 -570.7329711914062 1175.1466064453125
v 1175.44482421875 -81.29825592041016 1147.9669189453125
v 1202.088134765625 -570.6265258789062 1040.4169921875
v 1177.195556640625 -81.20891571044922 1136.0029296875
v 1202.088134765625 -570.6265258789062 1136.0035400390625
v 1177.195556640625 -81.20891571044922 1040.416259765625
v 1202.110595703125 -570.6253662109375 1135.9896240234375
v 1177.195556640625 -81.20891571044922 1138.4659423828125
v 1202.088134765625 -570.6265258789062 1138.4666748046875
v 1177.2178955078125 -81.20777893066406 1135.989013671875
v 1200.0919189453125 -570.7535400390625 1134.9888916015625
v 1175.1966552734375 -81.28551483154297 1134.98828125
v 1198.09326171875 -570.8298950195312 1135.9635009765625
v 1173.20068359375 -81.41228485107422 1135.962890625
v 1198.0709228515625 -570.8310546875 1138.430419921875
v 1173.1783447265625 -81.41342163085938 1138.4296875
v 1200.0919189453125 -570.7535400390625 1139.441650390625
v 1175.1966552734375 -81.28551483154297 1139.44091796875
v 1202.1104736328125 -570.6253662109375 1138.430419921875
v 1177.2178955078125 -81.2077865600586 1138.4296875
v 1202.0684814453125 -570.6275024414062 1138.42626953125
v 1180.07568359375 -81.06265258789062 1140.6922607421875
v 1204.968505859375 -570.4802856445312 1140.6929931640625
v 1177.17578125 -81.20992279052734 1138.425537109375
v 1202.110595703125 -570.6253662109375 1038.02392578125
v 1177.195556640625 -81.20891571044922 1040.46630859375
v 1202.088134765625 -570.6265258789062 1040.467041015625
v 1177.218017578125 -81.20777893066406 1038.023193359375
v 1200.0919189453125 -570.7535400390625 1037.0419921875
v 1175.1966552734375 -81.28551483154297 1037.0413818359375
v 1198.09326171875 -570.8298950195312 1038.0169677734375
v 1173.20068359375 -81.41228485107422 1038.016357421875
v 1198.0709228515625 -570.8310546875 1040.4307861328125
v 1173.1783447265625 -81.41342163085938 1040.4300537109375
v 1200.0919189453125 -570.7535400390625 1041.4420166015625
v 1175.1966552734375 -81.28551483154297 1041.44140625
v 1202.1104736328125 -570.6253662109375 1040.4307861328125
v 1177.2178955078125 -81.2077865600586 1040.4300537109375
v 1203.1043701171875 -570.5750732421875 1036.9818115234375
v 1177.1778564453125 -81.2098159790039 1038.0167236328125
v 1202.070556640625 -570.62744140625 1038.017333984375
v 1178.211669921875 -81.15748596191406 1036.981201171875
v 1199.974853515625 -570.7091064453125 1147.9306640625
v 1200.3636474609375 -570.6895141601562 1147.968017578125
v 1199.9962158203125 -570.7080078125 1175.1219482421875
v 1198.055908203125 -570.8067626953125 1138.4639892578125
v 1202.123046875 -570.5997314453125 1138.4639892578125
v 1200.08935546875 -570.70361328125 1139.486328125
v 1198.055908203125 -570.8067626953125 1135.9661865234375
v 1202.1229248046875 -570.5997314453125 1135.9560546875
v 1200.0892333984375 -570.70361328125 1134.944091796875
v 1198.055908203125 -570.8067626953125 1040.46435546875
v 1202.123046875 -570.5997314453125 1040.46435546875
v 1200.08935546875 -570.70361328125 1041.4866943359375
v 1198.055908203125 -570.8067626953125 1038.0196533203125
v 1202.122802734375 -570.5997314453125 1037.9906005859375
v 1200.089111328125 -570.70361328125 1036.9971923828125
v 1175.1060791015625 -81.34033203125 1175.121337890625
v 1175.4735107421875 -81.32184600830078 1147.9674072265625
v 1175.084716796875 -81.3414535522461 1147.9300537109375
v 1175.19921875 -81.33544158935547 1139.485595703125
v 1177.23291015625 -81.23204803466797 1138.4632568359375
v 1173.165771484375 -81.43909454345703 1138.4632568359375
v 1173.165771484375 -81.43909454345703 1135.965576171875
v 1177.2327880859375 -81.23204803466797 1135.9554443359375
v 1175.1990966796875 -81.33544921875 1134.9434814453125
v 1175.19921875 -81.33544158935547 1041.486083984375
v 1177.23291015625 -81.23204803466797 1040.463623046875
v 1173.165771484375 -81.43909454345703 1040.463623046875
v 1173.165771484375 -81.43909454345703 1038.01904296875
v 1177.232666015625 -81.2320556640625 1037.9898681640625
v 1175.198974609375 -81.33545684814453 1036.99658203125
v 1212.574462890625 -570.0933227539062 1014.9744262695312
v 1187.681884765625 -80.67571258544922 1014.9739379882812
v 1212.574462890625 -570.0933227539062 1025.0245361328125
v 1187.681884765625 -80.67571258544922 1025.0240478515625
v 1162.706298828125 -81.94524383544922 1014.9742431640625
v 1187.611083984375 -571.3628540039062 1014.9744262695312
v 1162.706298828125 -81.94524383544922 1025.0242919921875
v 1187.611083984375 -571.3628540039062 1025.0245361328125
v 1212.5994873046875 -570.092041015625 1024.99951171875
v 1187.706787109375 -80.67444610595703 1024.9990234375
v 1187.586181640625 -571.3641357421875 1024.99951171875
v 1162.6812744140625 -81.94651794433594 1024.999267578125
v 1212.5982666015625 -570.0670776367188 924.9744873046875
v 1187.5848388671875 -571.3391723632812 924.9744873046875
v 1212.5982666015625 -570.0670776367188 1200.0245361328125
v 1187.5848388671875 -571.3391723632812 1200.0245361328125
v 1187.608642578125 -571.3129272460938 924.9744873046875
v 1188.8685302734375 -596.3384399414062 924.9744873046875
v 1187.608642578125 -571.3129272460938 1200.0245361328125
v 1188.8685302734375 -596.3384399414062 1200.0245361328125
v 1188.84228515625 -596.3147583007812 924.9744873046875
v 1213.8555908203125 -595.0426635742188 924.9744873046875
v 1188.84228515625 -596.3147583007812 1200.0245361328125
v 1213.8555908203125 -595.0426635742188 1200.0245361328125
v 1213.831787109375 -595.0689086914062 924.9744873046875
v 1212.572021484375 -570.0433959960938 924.9744873046875
v 1213.831787109375 -595.0689086914062 1200.0245361328125
v 1212.572021484375 -570.0433959960938 1200.0245361328125
v 1187.5836181640625 -571.314208984375 1199.99951171875
v 1188.8436279296875 -596.3397216796875 1199.99951171875
v 1212.596923828125 -570.0421142578125 1199.99951171875
v 1213.8568115234375 -595.067626953125 1199.99951171875
v 1160.487060546875 453.57611083984375 924.9743041992188
v 1135.594482421875 942.9937133789062 924.9740600585938
v 1160.487060546875 453.57611083984375 1015.0243530273438
v 1135.594482421875 942.9937133789062 1015.0241088867188
v 1110.618896484375 941.7241821289062 924.9740600585938
v 1135.523681640625 452.30657958984375 924.9743041992188
v 1110.618896484375 941.7241821289062 1015.0241088867188
v 1135.523681640625 452.30657958984375 1015.0243530273438
v 1160.487060546875 453.57611083984375 1014.9743041992188
v 1135.594482421875 942.9937133789062 1014.9740600585938
v 1160.487060546875 453.57611083984375 1025.0244140625
v 1135.594482421875 942.9937133789062 1025.024169921875
v 1110.618896484375 941.7241821289062 1014.9740600585938
v 1135.523681640625 452.30657958984375 1014.9743041992188
v 1110.618896484375 941.7241821289062 1025.024169921875
v 1135.523681640625 452.30657958984375 1025.0244140625
v 1160.5120849609375 453.5773620605469 1024.9993896484375
v 1135.619384765625 942.9949951171875 1024.9991455078125
v 1135.498779296875 452.3052978515625 1024.9993896484375
v 1110.5938720703125 941.722900390625 1024.9991455078125
v 1160.5108642578125 453.60235595703125 924.9743041992188
v 1135.4974365234375 452.33026123046875 924.9743041992188
v 1160.5108642578125 453.60235595703125 1200.0244140625
v 1135.4974365234375 452.33026123046875 1200.0244140625
v 1135.521240234375 452.35650634765625 924.9743041992188
v 1136.793212890625 427.34320068359375 924.9743041992188
v 1135.521240234375 452.35650634765625 1200.0244140625
v 1136.793212890625 427.34320068359375 1200.0244140625
v 1136.7669677734375 427.36688232421875 924.9743041992188
v 1161.7803955078125 428.63897705078125 924.9743041992188
v 1136.7669677734375 427.36688232421875 1200.0242919921875
v 1161.7803955078125 428.63897705078125 1200.0242919921875
v 1161.756591796875 428.61273193359375 924.9743041992188
v 1160.484619140625 453.62603759765625 924.9743041992188
v 1161.756591796875 428.61273193359375 1200.0244140625
v 1160.484619140625 453.62603759765625 1200.0244140625
v 1135.4962158203125 452.3552551269531 1199.9993896484375
v 1136.768310546875 427.3419189453125 1199.9993896484375
v 1160.509521484375 453.6273193359375 1199.9993896484375
v 1161.7816162109375 428.6139831542969 1199.9993896484375
v 1186.402587890625 -55.762271881103516 924.9743041992188
v 1161.754150390625 428.66265869140625 924.9742431640625
v 1186.402587890625 -55.762271881103516 1015.0242919921875
v 1161.754150390625 428.66265869140625 1015.0242309570312
v 1136.790771484375 427.39312744140625 924.9742431640625
v 1161.439208984375 -57.031803131103516 924.9743041992188
v 1136.790771484375 427.39312744140625 1015.0242309570312
v 1161.439208984375 -57.031803131103516 1015.0242919921875
v 1175.4385986328125 -56.320377349853516 1135.9632568359375
v 1150.7303466796875 428.10211181640625 1040.439697265625
v 1175.37890625 -56.323062896728516 1040.439697265625
v 1150.7900390625 428.10504150390625 1135.9632568359375
v 1173.825439453125 -56.402408599853516 1175.146240234375
v 1149.177978515625 428.02252197265625 1147.93017578125
v 1173.826416015625 -56.402408599853516 1147.93017578125
v 1149.177001953125 428.02252197265625 1175.146240234375
v 1174.1656494140625 -56.38481521606445 1147.9671630859375
v 1149.1766357421875 428.02252197265625 1175.146240234375
v 1173.8251953125 -56.40242385864258 1175.146240234375
v 1149.51708984375 428.0401306152344 1147.9671630859375
v 1175.9161376953125 -56.295963287353516 1040.416748046875
v 1151.2677001953125 428.12896728515625 1136.0032958984375
v 1175.9161376953125 -56.295963287353516 1136.0032958984375
v 1151.2677001953125 428.12896728515625 1040.416748046875
v 1175.9385986328125 -56.29482650756836 1135.9893798828125
v 1151.2677001953125 428.12896728515625 1138.46630859375
v 1175.9161376953125 -56.295963287353516 1138.46630859375
v 1151.2900390625 428.1300964355469 1135.9893798828125
v 1173.9200439453125 -56.42249298095703 1134.9886474609375
v 1149.2689208984375 428.0523681640625 1134.9886474609375
v 1171.9212646484375 -56.499332427978516 1135.9632568359375
v 1147.2728271484375 427.92584228515625 1135.9632568359375
v 1171.89892578125 -56.50046920776367 1138.4300537109375
v 1147.25048828125 427.9247131347656 1138.4300537109375
v 1173.9200439453125 -56.42249298095703 1139.4412841796875
v 1149.2689208984375 428.0523681640625 1139.4412841796875
v 1175.9384765625 -56.29482650756836 1138.4300537109375
v 1151.2900390625 428.1300964355469 1138.4300537109375
v 1175.896484375 -56.296966552734375 1138.4259033203125
v 1154.14794921875 428.2754821777344 1140.692626953125
v 1178.7965087890625 -56.14921188354492 1140.692626953125
v 1151.2479248046875 428.1279602050781 1138.4259033203125
v 1175.9385986328125 -56.294822692871094 1038.0235595703125
v 1151.2677001953125 428.12896728515625 1040.466796875
v 1175.9161376953125 -56.295963287353516 1040.466796875
v 1151.2901611328125 428.130126953125 1038.0235595703125
v 1173.9200439453125 -56.42249298095703 1037.0416259765625
v 1149.2689208984375 428.0523681640625 1037.0416259765625
v 1171.9212646484375 -56.499332427978516 1038.0167236328125
v 1147.2728271484375 427.92584228515625 1038.0167236328125
v 1171.89892578125 -56.50046920776367 1040.4305419921875
v 1147.25048828125 427.9247131347656 1040.4305419921875
v 1173.9200439453125 -56.42249298095703 1041.441650390625
v 1149.2689208984375 428.0523681640625 1041.441650390625
v 1175.9384765625 -56.29482650756836 1040.4305419921875
v 1151.2900390625 428.1300964355469 1040.4305419921875
v 1176.9324951171875 -56.244285583496094 1036.9815673828125
v 1151.25 428.1280822753906 1038.0169677734375
v 1175.8985595703125 -56.2968635559082 1038.0169677734375
v 1152.283935546875 428.1806640625 1036.9815673828125
v 1173.802978515625 -56.378597259521484 1147.9302978515625
v 1174.1917724609375 -56.358428955078125 1147.9676513671875
v 1173.82421875 -56.37744140625 1175.12158203125
v 1171.8839111328125 -56.476200103759766 1138.463623046875
v 1175.9510498046875 -56.2691535949707 1138.463623046875
v 1173.91748046875 -56.372554779052734 1139.4859619140625
v 1171.8839111328125 -56.476200103759766 1135.9659423828125
v 1175.950927734375 -56.26915740966797 1135.955810546875
v 1173.9173583984375 -56.37255859375 1134.94384765625
v 1171.8839111328125 -56.476200103759766 1040.464111328125
v 1175.9510498046875 -56.2691535949707 1040.464111328125
v 1173.91748046875 -56.372554779052734 1041.486328125
v 1171.8839111328125 -56.476200103759766 1038.0194091796875
v 1175.9508056640625 -56.269168853759766 1037.990234375
v 1173.917236328125 -56.37256622314453 1036.996826171875
v 1149.17822265625 427.99755859375 1175.12158203125
v 1149.5457763671875 428.0165710449219 1147.9676513671875
v 1149.156982421875 427.99639892578125 1147.9302978515625
v 1149.271484375 428.00244140625 1139.4859619140625
v 1151.3050537109375 428.1058349609375 1138.463623046875
v 1147.2379150390625 427.8990478515625 1138.463623046875
v 1147.2379150390625 427.8990478515625 1135.9659423828125
v 1151.304931640625 428.1058349609375 1135.955810546875
v 1149.2713623046875 428.00244140625 1134.94384765625
v 1149.271484375 428.00244140625 1041.486328125
v 1151.3050537109375 428.1058349609375 1040.464111328125
v 1147.2379150390625 427.8990478515625 1040.464111328125
v 1147.2379150390625 427.8990478515625 1038.0194091796875
v 1151.3048095703125 428.1058349609375 1037.990234375
v 1149.271240234375 428.00244140625 1036.996826171875
v 1186.402587890625 -55.762271881103516 1014.9742431640625
v 1161.754150390625 428.66265869140625 1014.9741821289062
v 1186.402587890625 -55.762271881103516 1025.0242919921875
v 1161.754150390625 428.66265869140625 1025.0242919921875
v 1136.790771484375 427.39312744140625 1014.9741821289062
v 1161.439208984375 -57.031803131103516 1014.9742431640625
v 1136.790771484375 427.39312744140625 1025.0242919921875
v 1161.439208984375 -57.031803131103516 1025.0242919921875
v 1186.4276123046875 -55.76100158691406 1024.999267578125
v 1161.779052734375 428.6639404296875 1024.999267578125
v 1161.414306640625 -57.03307342529297 1024.999267578125
v 1136.7657470703125 427.3918762207031 1024.999267578125
v 1186.4263916015625 -55.73603439331055 924.9743041992188
v 1161.4129638671875 -57.00810623168945 924.9743041992188
v 1186.4263916015625 -55.73603439331055 1200.0242919921875
v 1161.4129638671875 -57.00810623168945 1200.0242919921875
v 1161.436767578125 -56.981868743896484 924.9743041992188
v 1162.708740234375 -81.99518585205078 924.9743041992188
v 1161.436767578125 -56.981868743896484 1200.0242919921875
v 1162.708740234375 -81.99518585205078 1200.0242919921875
v 1162.6824951171875 -81.97148132324219 924.9743041992188
v 1187.6959228515625 -80.69941711425781 924.9743041992188
v 1162.6824951171875 -81.97148132324219 1200.0242919921875
v 1187.6959228515625 -80.69941711425781 1200.0242919921875
v 1187.672119140625 -80.72565460205078 924.9743041992188
v 1186.400146484375 -55.712337493896484 924.9743041992188
v 1187.672119140625 -80.72565460205078 1200.0242919921875
v 1186.400146484375 -55.712337493896484 1200.0242919921875
v 1161.4117431640625 -56.98313903808594 1199.999267578125
v 1162.683837890625 -81.99645233154297 1199.999267578125
v 1186.425048828125 -55.71106719970703 1199.999267578125
v 1187.6971435546875 -80.72438049316406 1199.999267578125
v 1250.3065185546875 -1331.6778564453125 924.9745483398438
v 1224.6326904296875 -819.7626342773438 924.9740600585938
v 1250.3065185546875 -1331.6778564453125 1015.0245361328125
v 1224.6326904296875 -819.7626342773438 1015.0240478515625
v 1199.669189453125 -821.0321655273438 924.9740600585938
v 1225.3431396484375 -1332.9473876953125 924.9745483398438
v 1199.669189453125 -821.0321655273438 1015.0240478515625
v 1225.3431396484375 -1332.9473876953125 1015.0245361328125
v 1239.342041015625 -1332.2276611328125 1135.963623046875
v 1213.6085205078125 -820.3156127929688 1040.4395751953125
v 1239.2823486328125 -1332.2308349609375 1040.43994140625
v 1213.668212890625 -820.3124389648438 1135.9630126953125
v 1237.72900390625 -1332.3087158203125 1175.1466064453125
v 1212.0560302734375 -820.3934936523438 1147.9300537109375
v 1237.7298583984375 -1332.3087158203125 1147.9305419921875
v 1212.05517578125 -820.3934936523438 1175.1461181640625
v 1238.0692138671875 -1332.29150390625 1147.967529296875
v 1212.0548095703125 -820.3934936523438 1175.1461181640625
v 1237.728759765625 -1332.3087158203125 1175.1466064453125
v 1212.395263671875 -820.3764038085938 1147.967041015625
v 1239.819580078125 -1332.2037353515625 1040.4169921875
v 1214.145751953125 -820.2887573242188 1136.0030517578125
v 1239.819580078125 -1332.2037353515625 1136.0035400390625
v 1214.145751953125 -820.2887573242188 1040.4163818359375
v 1239.819580078125 -1332.2037353515625 1135.9534912109375
v 1214.145751953125 -820.2887573242188 1138.466064453125
v 1239.819580078125 -1332.2037353515625 1138.4666748046875
v 1214.145751953125 -820.2887573242188 1135.9530029296875
v 1237.8236083984375 -1332.3289794921875 1134.9888916015625
v 1212.1470947265625 -820.3638916015625 1134.9884033203125
v 1235.8023681640625 -1332.4052734375 1135.999755859375
v 1210.1285400390625 -820.4900512695312 1135.999267578125
v 1235.82470703125 -1332.4041748046875 1138.4666748046875
v 1210.15087890625 -820.4889526367188 1138.466064453125
v 1237.8236083984375 -1332.3289794921875 1139.441650390625
v 1212.1470947265625 -820.3638916015625 1139.4410400390625
v 1239.8419189453125 -1332.2025146484375 1138.430419921875
v 1214.1680908203125 -820.2876586914062 1138.4298095703125
v 1239.7999267578125 -1332.2047119140625 1138.42626953125
v 1217.0262451171875 -820.1442260742188 1140.6923828125
v 1242.7000732421875 -1332.05908203125 1140.6929931640625
v 1214.1260986328125 -820.2897338867188 1138.4256591796875
v 1239.842041015625 -1332.2025146484375 1038.02392578125
v 1214.145751953125 -820.2887573242188 1040.4664306640625
v 1239.819580078125 -1332.2037353515625 1040.467041015625
v 1214.168212890625 -820.28759765625 1038.0233154296875
v 1237.8236083984375 -1332.3289794921875 1037.0419921875
v 1212.1470947265625 -820.3638916015625 1037.04150390625
v 1235.82470703125 -1332.4041748046875 1038.0169677734375
v 1210.15087890625 -820.4889526367188 1038.0164794921875
v 1235.8023681640625 -1332.4052734375 1040.4307861328125
v 1210.1285400390625 -820.4900512695312 1040.43017578125
v 1237.8236083984375 -1332.3289794921875 1041.4420166015625
v 1212.1470947265625 -820.3638916015625 1041.4415283203125
v 1239.8419189453125 -1332.2025146484375 1040.4307861328125
v 1214.1680908203125 -820.2876586914062 1040.43017578125
v 1240.8360595703125 -1332.1527099609375 1036.9818115234375
v 1214.1280517578125 -820.2896118164062 1038.016845703125
v 1239.802001953125 -1332.20458984375 1038.017333984375
v 1215.162109375 -820.237548828125 1036.9813232421875
v 1237.7064208984375 -1332.2847900390625 1147.9306640625
v 1238.0953369140625 -1332.2652587890625 1147.968017578125
v 1237.727783203125 -1332.28369140625 1175.1219482421875
v 1235.787353515625 -1332.3809814453125 1138.4639892578125
v 1239.8544921875 -1332.1768798828125 1138.4639892578125
v 1237.821044921875 -1332.279052734375 1139.486328125
v 1235.787353515625 -1332.3809814453125 1135.9661865234375
v 1239.8543701171875 -1332.1768798828125 1135.9560546875
v 1237.8209228515625 -1332.279052734375 1134.944091796875
v 1235.787353515625 -1332.3809814453125 1040.46435546875
v 1239.8544921875 -1332.1768798828125 1040.46435546875
v 1237.821044921875 -1332.279052734375 1041.4866943359375
v 1235.787353515625 -1332.3809814453125 1038.0196533203125
v 1239.854248046875 -1332.1768798828125 1037.9906005859375
v 1237.82080078125 -1332.279052734375 1036.9971923828125
v 1212.056396484375 -820.41845703125 1175.1214599609375
v 1212.4239501953125 -820.3999633789062 1147.967529296875
v 1212.0350341796875 -820.4195556640625 1147.93017578125
v 1212.149658203125 -820.413818359375 1139.4857177734375
v 1214.18310546875 -820.3118896484375 1138.46337890625
v 1210.115966796875 -820.5157470703125 1138.46337890625
v 1210.115966796875 -820.5157470703125 1135.9656982421875
v 1214.1829833984375 -820.3118896484375 1135.95556640625
v 1212.1495361328125 -820.413818359375 1134.943603515625
v 1212.149658203125 -820.413818359375 1041.4862060546875
v 1214.18310546875 -820.3118896484375 1040.4637451171875
v 1210.115966796875 -820.5157470703125 1040.4637451171875
v 1210.115966796875 -820.5157470703125 1038.0191650390625
v 1214.182861328125 -820.3119506835938 1037.989990234375
v 1212.1494140625 -820.413818359375 1036.9967041015625
v 1250.3065185546875 -1331.6778564453125 1014.9744873046875
v 1224.6326904296875 -819.7626342773438 1014.9739990234375
v 1250.3065185546875 -1331.6778564453125 1025.0245361328125
v 1224.6326904296875 -819.7626342773438 1025.024169921875
v 1199.669189453125 -821.0321655273438 1014.9739990234375
v 1225.3431396484375 -1332.9473876953125 1014.9744873046875
v 1199.669189453125 -821.0321655273438 1025.024169921875
v 1225.3431396484375 -1332.9473876953125 1025.0245361328125
v 1224.6575927734375 -819.7613525390625 1024.9991455078125
v 1225.3182373046875 -1332.9486083984375 1024.99951171875
v 1250.33154296875 -1331.676513671875 1024.99951171875
v 1199.6441650390625 -821.0333862304688 1024.9991455078125
v 1099.7459716796875 -826.3795776367188 824.9764404296875
v 1199.6737060546875 -821.3355712890625 874.9764404296875
v 1099.7236328125 -826.3807373046875 965.0211181640625
v 1199.6513671875 -821.3367309570312 1015.0211181640625
v 1198.404296875 -796.3599853515625 874.9764404296875
v 1098.4541015625 -801.4173583984375 965.0211181640625
v 1198.3819580078125 -796.3611450195312 1015.0211181640625
v 1098.4764404296875 -801.4161987304688 824.9764404296875
v 1098.489013671875 -801.3905639648438 824.9737548828125
v 1099.760986328125 -826.4038696289062 824.9737548828125
v 1098.489013671875 -801.3905639648438 965.0238037109375
v 1099.760986328125 -826.4038696289062 965.0238037109375
v 1199.6737060546875 -821.3355712890625 1014.9764404296875
v 1099.7236328125 -826.3807373046875 975.0211181640625
v 1099.7459716796875 -826.3795776367188 964.9764404296875
v 1199.6513671875 -821.3367309570312 1025.0211181640625
v 1198.3819580078125 -796.3611450195312 1025.0211181640625
v 1198.404296875 -796.3599853515625 1014.9764404296875
v 1098.4541015625 -801.4173583984375 975.0211181640625
v 1098.4764404296875 -801.4161987304688 964.9764404296875
v 1098.489013671875 -801.3905639648438 964.9737548828125
v 1099.760986328125 -826.4038696289062 964.9737548828125
v 1098.489013671875 -801.3905639648438 975.0238037109375
v 1099.760986328125 -826.4038696289062 975.0238037109375
v 1199.6611328125 -821.3612060546875 1025.010009765625
v 1198.3892822265625 -796.335693359375 1025.010009765625
v 1099.7386474609375 -826.405029296875 974.9876098632812
v 1098.4666748046875 -801.3917236328125 974.9876098632812
v 1087.1241455078125 -576.6835327148438 824.9736938476562
v 1088.3837890625 -601.6968383789062 824.9736938476562
v 1087.1241455078125 -576.6835327148438 965.0237426757812
v 1088.3837890625 -601.6968383789062 965.0237426757812
v 1088.3687744140625 -601.6725463867188 824.9763793945312
v 1188.296875 -596.6163330078125 874.9763793945312
v 1088.346435546875 -601.6737060546875 965.0210571289062
v 1188.2745361328125 -596.6174926757812 1015.0210571289062
v 1187.03955078125 -571.6529541015625 874.9763793945312
v 1087.0892333984375 -576.7103271484375 965.0210571289062
v 1187.0172119140625 -571.6541137695312 1015.0210571289062
v 1087.111572265625 -576.7091674804688 824.9763793945312
v 1087.1241455078125 -576.6835327148438 964.9736938476562
v 1088.3837890625 -601.6968383789062 964.9736938476562
v 1087.1241455078125 -576.6835327148438 975.0237426757812
v 1088.3837890625 -601.6968383789062 975.0237426757812
v 1188.296875 -596.6163330078125 1014.9763793945312
v 1088.346435546875 -601.6737060546875 975.0210571289062
v 1088.3687744140625 -601.6725463867188 964.9763793945312
v 1188.2745361328125 -596.6174926757812 1025.0211181640625
v 1187.0172119140625 -571.6541137695312 1025.0211181640625
v 1187.03955078125 -571.6529541015625 1014.9763793945312
v 1087.0892333984375 -576.7103271484375 975.0210571289062
v 1087.111572265625 -576.7091674804688 964.9763793945312
v 1087.101806640625 -576.6846313476562 974.987548828125
v 1088.3614501953125 -601.697998046875 974.987548828125
v 1187.0245361328125 -571.628662109375 1025.010009765625
v 1188.2843017578125 -596.6420288085938 1025.010009765625
v 223.42689514160156 1156.861083984375 824.9766235351562
v 123.4990234375 1151.8048095703125 874.9766235351562
v 223.44921875 1156.8621826171875 965.021240234375
v 123.52135467529297 1151.805908203125 1015.021240234375
v 124.7685546875 1126.8292236328125 874.9766235351562
v 224.70654296875 1131.8865966796875 965.021240234375
v 124.79088592529297 1126.830322265625 1015.021240234375
v 224.6842041015625 1131.885498046875 824.9766235351562
v 224.67166137695312 1131.8597412109375 824.9739379882812
v 223.41183471679688 1156.8853759765625 824.9739379882812
v 224.67166137695312 1131.8597412109375 965.02392578125
v 223.41183471679688 1156.8853759765625 965.02392578125
v 123.4990234375 1151.8048095703125 1014.9765625
v 223.44921875 1156.8621826171875 975.0213012695312
v 223.42689514160156 1156.861083984375 964.9765625
v 123.52135467529297 1151.805908203125 1025.0211181640625
v 124.79088592529297 1126.830322265625 1025.0211181640625
v 124.7685546875 1126.8292236328125 1014.9765625
v 224.70654296875 1131.8865966796875 975.0213012695312
v 224.6842041015625 1131.885498046875 964.9765625
v 224.67166137695312 1131.8597412109375 964.973876953125
v 223.41183471679688 1156.8853759765625 964.973876953125
v 224.67166137695312 1131.8597412109375 975.0239868164062
v 223.41183471679688 1156.8853759765625 975.0239868164062
v 123.51155853271484 1151.8304443359375 1025.010009765625
v 124.78361511230469 1126.804931640625 1025.010009765625
v 223.4341583251953 1156.886474609375 974.98779296875
v 224.69400024414062 1131.8609619140625 974.98779296875
v 236.0486297607422 907.1527709960938 824.9739379882812
v 234.7765655517578 932.1660766601562 824.9739379882812
v 236.0486297607422 907.1527709960938 965.02392578125
v 234.7765655517578 932.1660766601562 965.02392578125
v 234.7916259765625 932.1417846679688 824.9766235351562
v 134.8759765625 927.0855712890625 874.9766235351562
v 234.81396484375 932.1429443359375 965.021240234375
v 134.8983154296875 927.0867309570312 1015.021240234375
v 136.13330078125 902.1221923828125 874.9766235351562
v 236.08349609375 907.1795654296875 965.021240234375
v 136.15562438964844 902.1233520507812 1015.021240234375
v 236.06117248535156 907.1784057617188 824.9766235351562
v 236.0486297607422 907.1527709960938 964.973876953125
v 234.7765655517578 932.1660766601562 964.973876953125
v 236.0486297607422 907.1527709960938 975.0239868164062
v 234.7765655517578 932.1660766601562 975.0239868164062
v 134.8759765625 927.0855712890625 1014.9765625
v 234.81396484375 932.1429443359375 975.0213012695312
v 234.7916259765625 932.1417846679688 964.9765625
v 134.8983154296875 927.0867309570312 1025.021240234375
v 136.15562438964844 902.1233520507812 1025.021240234375
v 136.13330078125 902.1221923828125 1014.9765625
v 236.08349609375 907.1795654296875 975.0213012695312
v 236.06117248535156 907.1784057617188 964.9765625
v 236.07095336914062 907.1539306640625 974.98779296875
v 234.7989044189453 932.167236328125 974.98779296875
v 136.1483612060547 902.097900390625 1025.0101318359375
v 134.88851928710938 927.1112670898438 1025.0101318359375
v -461.69378662109375 -9.044153213500977 874.9744262695312
v -511.68267822265625 -11.561315536499023 874.9744262695312
v -461.69378662109375 -9.044153213500977 1450.0244140625
v -511.68267822265625 -11.561315536499023 1450.0244140625
v -511.6589660644531 -11.535090446472168 874.9744262695312
v -509.1296081542969 -61.536197662353516 874.9744262695312
v -511.6589660644531 -11.535090446472168 1450.0244140625
v -509.1296081542969 -61.536197662353516 1450.0244140625
v -509.15582275390625 -61.51250076293945 874.9744262695312
v -459.16693115234375 -58.97089767456055 874.9744262695312
v -509.15582275390625 -61.51250076293945 1450.0244140625
v -459.16693115234375 -58.97089767456055 1450.0244140625
v -459.1906433105469 -58.997135162353516 874.9744262695312
v -461.7200012207031 -9.020442008972168 874.9744262695312
v -459.1906433105469 -58.997135162353516 1450.0244140625
v -461.7200012207031 -9.020442008972168 1450.0244140625
v 187.0536346435547 -309.35040283203125 990.4669189453125
v 169.9857940673828 27.772281646728516 990.4664306640625
v 187.07595825195312 -309.3492736816406 988.0530395507812
v 170.0081329345703 27.773412704467773 988.0526733398438
v 183.0587615966797 -309.55255126953125 987.9878540039062
v 165.9907989501953 27.570133209228516 987.9874267578125
v 187.0536346435547 -309.35040283203125 1088.466552734375
v 169.9857940673828 27.772281646728516 1088.4659423828125
v 187.07595825195312 -309.3492736816406 1085.9996337890625
v 170.0081329345703 27.773412704467773 1085.9991455078125
v 183.0587615966797 -309.55255126953125 1085.953369140625
v 165.9907989501953 27.570133209228516 1085.952880859375
v 1173.20068359375 -81.41228485107422 1040.46630859375
v 1198.09326171875 -570.8298950195312 1040.467041015625
v 1173.1783447265625 -81.41342163085938 1038.0526123046875
v 1198.0709228515625 -570.8310546875 1038.05322265625
v 1177.195556640625 -81.20891571044922 1037.9873046875
v 1202.088134765625 -570.6265258789062 1037.988037109375
v 1173.20068359375 -81.41228485107422 1138.4659423828125
v 1198.09326171875 -570.8298950195312 1138.4666748046875
v 1173.1783447265625 -81.41342163085938 1135.9991455078125
v 1198.0709228515625 -570.8310546875 1135.999755859375
v 1177.195556640625 -81.20891571044922 1135.952880859375
v 1202.088134765625 -570.6265258789062 1135.9534912109375
v 1095.1854248046875 1451.5826416015625 1138.4664306640625
v 1119.8460693359375 967.1820678710938 1138.46630859375
v 1095.1630859375 1451.5814208984375 1135.99951171875
v 1119.82373046875 967.180908203125 1135.99951171875
v 1099.18017578125 1451.7857666015625 1135.9532470703125
v 1123.8409423828125 967.3851928710938 1135.9532470703125
v 145.9037322998047 502.11175537109375 1040.466796875
v 125.68635559082031 901.6489868164062 1040.466796875
v 145.92605590820312 502.1128845214844 1038.0531005859375
v 125.70869445800781 901.650146484375 1038.0531005859375
v 141.9087371826172 501.90960693359375 1037.98779296875
v 121.69136047363281 901.4468383789062 1037.98779296875
v 145.9037322998047 502.11175537109375 1138.4664306640625
v 125.68635559082031 901.6489868164062 1138.4664306640625
v 145.9260711669922 502.1128845214844 1135.9996337890625
v 125.70869445800781 901.650146484375 1135.9996337890625
v 141.9087371826172 501.90960693359375 1135.953369140625
v 121.69136047363281 901.4468383789062 1135.953369140625
v 264.64141845703125 -1844.846923828125 990.467041015625
v 241.8361358642578 -1395.3829345703125 990.467041015625
v 264.6637268066406 -1844.845703125 988.0531616210938
v 241.8584747314453 -1395.3818359375 988.0531616210938
v 260.64654541015625 -1845.0496826171875 987.9879760742188
v 237.8412628173828 -1395.5853271484375 987.9879760742188
v 264.64141845703125 -1844.846923828125 1088.4666748046875
v 241.8361358642578 -1395.3829345703125 1088.466552734375
v 264.6637268066406 -1844.845703125 1085.999755859375
v 241.8584747314453 -1395.3818359375 1085.9996337890625
v 260.64654541015625 -1845.0496826171875 1085.9534912109375
v 237.8412628173828 -1395.5853271484375 1085.953369140625
v 167.9131317138672 67.73674774169922 1040.466796875
v 147.1951446533203 477.19830322265625 1040.466796875
v 167.93545532226562 67.73787689208984 1038.0531005859375
v 147.2174835205078 477.1994323730469 1038.0531005859375
v 163.9181365966797 67.53435516357422 1037.98779296875
v 143.2001495361328 476.99615478515625 1037.98779296875
v 1237.06787109375 -1357.3411865234375 1138.4661865234375
v 1259.8487548828125 -1804.498046875 1138.4671630859375
v 1237.0455322265625 -1357.3424072265625 1135.9993896484375
v 1259.826416015625 -1804.4991455078125 1136.0003662109375
v 1241.062744140625 -1357.1375732421875 1135.9532470703125
v 1263.843505859375 -1804.2945556640625 1135.9541015625
v 215.38638305664062 -871.1338500976562 990.4669799804688
v 199.66122436523438 -558.9867553710938 990.4669189453125
v 215.40872192382812 -871.1327514648438 988.0531005859375
v 199.6835479736328 -558.985595703125 988.0530395507812
v 211.39138793945312 -871.3350219726562 987.9879150390625
v 195.66622924804688 -559.1879272460938 987.9878540039062
v 215.38638305664062 -871.1338500976562 1088.466552734375
v 199.66122436523438 -558.9867553710938 1088.466552734375
v 215.40872192382812 -871.1327514648438 1085.9996337890625
v 199.6835479736328 -558.985595703125 1085.9996337890625
v 211.39138793945312 -871.3350219726562 1085.953369140625
v 195.66622924804688 -559.1879272460938 1085.953369140625
v 1210.15087890625 -820.4889526367188 1040.4664306640625
v 1235.82470703125 -1332.4041748046875 1040.467041015625
v 1210.1285400390625 -820.4900512695312 1038.052734375
v 1235.8023681640625 -1332.4052734375 1038.05322265625
v 1214.145751953125 -820.2887573242188 1037.9874267578125
v 1239.819580078125 -1332.2037353515625 1037.988037109375
v 1147.2728271484375 427.92584228515625 1040.466796875
v 1171.9212646484375 -56.499332427978516 1040.466796875
v 1147.25048828125 427.9247131347656 1038.052978515625
v 1171.89892578125 -56.50046920776367 1038.052978515625
v 1151.2677001953125 428.12896728515625 1037.9876708984375
v 1175.9161376953125 -56.295963287353516 1037.9876708984375
v 1147.2728271484375 427.92584228515625 1138.46630859375
v 1171.9212646484375 -56.499332427978516 1138.46630859375
v 1147.25048828125 427.9247131347656 1135.99951171875
v 1171.89892578125 -56.50046920776367 1135.99951171875
v 1151.2677001953125 428.12896728515625 1135.9532470703125
v 1175.9161376953125 -56.295963287353516 1135.9532470703125
v 609.7474975585938 1437.445556640625 1040.466796875
v 1084.19921875 1461.263916015625 1040.466796875
v 609.7485961914062 1437.4232177734375 1038.0531005859375
v 1084.2003173828125 1461.2415771484375 1038.052978515625
v 609.5468139648438 1441.440673828125 1037.98779296875
v 1083.9986572265625 1465.259033203125 1037.98779296875
v 609.7474975585938 1437.445556640625 1138.4664306640625
v 1084.19921875 1461.263916015625 1138.4664306640625
v 609.7485961914062 1437.4232177734375 1135.9996337890625
v 1084.2003173828125 1461.2415771484375 1135.99951171875
v 609.5468139648438 1441.440673828125 1135.953369140625
v 1083.9986572265625 1465.259033203125 1135.9532470703125
v 110.39446258544922 1412.079345703125 1040.4669189453125
v 584.8461303710938 1435.897705078125 1040.466796875
v 110.39558410644531 1412.0570068359375 1038.0531005859375
v 584.8472290039062 1435.8753662109375 1038.0531005859375
v 110.19377899169922 1416.074462890625 1037.98779296875
v 584.6455688476562 1439.892822265625 1037.98779296875
v 113.15190887451172 1151.3592529296875 1040.4661865234375
v 100.44184112548828 1401.0186767578125 1040.4669189453125
v 113.17424011230469 1151.3604736328125 1038.052490234375
v 100.46417999267578 1401.019775390625 1038.0531005859375
v 109.15715789794922 1151.1561279296875 1037.9871826171875
v 96.44709014892578 1400.8155517578125 1037.98779296875
v 113.15190887451172 1151.3592529296875 1138.4658203125
v 100.44184112548828 1401.0186767578125 1138.4664306640625
v 113.17424011230469 1151.3604736328125 1135.9990234375
v 100.46417999267578 1401.019775390625 1135.9996337890625
v 109.15715789794922 1151.1561279296875 1135.9527587890625
v 96.44709014892578 1400.8155517578125 1135.953369140625
v 240.7034149169922 -1370.4578857421875 990.467041015625
v 217.9226837158203 -921.0184936523438 990.4669799804688
v 240.7257537841797 -1370.4566650390625 988.0531616210938
v 217.9450225830078 -921.017333984375 988.0531005859375
v 236.7085418701172 -1370.6605224609375 987.9879760742188
v 213.9276885986328 -921.2208862304688 987.9879150390625
v 240.7034149169922 -1370.4578857421875 1088.466552734375
v 217.9226837158203 -921.0184936523438 1088.466552734375
v 240.7257537841797 -1370.4566650390625 1085.9996337890625
v 217.9450225830078 -921.017333984375 1085.9996337890625
v 236.7085418701172 -1370.6605224609375 1085.953369140625
v 213.9276885986328 -921.2208862304688 1085.953369140625
v 1214.1680908203125 -820.2876586914062 1135.9891357421875
v 1239.842041015625 -1332.2025146484375 1135.9896240234375
v 1210.15087890625 -820.4889526367188 1135.9630126953125
v 1235.82470703125 -1332.4041748046875 1135.9635009765625
v 1210.1285400390625 -820.4900512695312 1138.4298095703125
v 1235.8023681640625 -1332.4052734375 1138.430419921875
v 1095.1854248046875 1451.5826416015625 1040.466796875
v 1119.8460693359375 967.1820678710938 1040.466796875
v 1095.1630859375 1451.5814208984375 1038.052978515625
v 1119.82373046875 967.180908203125 1038.052978515625
v 1099.18017578125 1451.7857666015625 1037.98779296875
v 1123.8409423828125 967.3851928710938 1037.9876708984375
v 110.19265747070312 1416.0968017578125 1135.989501953125
v 584.6444702148438 1439.915283203125 1135.989501953125
v 110.39446258544922 1412.079345703125 1135.96337890625
v 584.8461303710938 1435.897705078125 1135.96337890625
v 110.39558410644531 1412.0570068359375 1138.43017578125
v 584.8472290039062 1435.8753662109375 1138.43017578125
v 1237.06787109375 -1357.3411865234375 1040.4666748046875
v 1259.8487548828125 -1804.498046875 1040.467529296875
v 1237.0455322265625 -1357.3424072265625 1038.0528564453125
v 1259.826416015625 -1804.4991455078125 1038.0538330078125
v 1241.062744140625 -1357.1375732421875 1037.9876708984375
v 1263.843505859375 -1804.2945556640625 1037.9886474609375
v 167.9131317138672 67.73674774169922 1138.4664306640625
v 147.1951446533203 477.19830322265625 1138.4664306640625
v 167.9354705810547 67.73788452148438 1135.9996337890625
v 147.2174835205078 477.1994323730469 1135.9996337890625
v 163.9181365966797 67.53435516357422 1135.953369140625
v 143.2001495361328 476.99615478515625 1135.953369140625
f 2 1 3
f 4 2 3
f 104 103 105
f 106 104 105
f 6 5 7
f 8 6 7
f 2272 2271 2273
f 2273 2274 2272
f 2268 2267 2269
f 2270 2268 2269
f 2248 2247 2249
f 2250 2248 2249
f 2240 2239 2241
f 2241 2242 2240
f 2216 2215 2217
f 2217 2218 2216
f 2212 2211 2213
f 2214 2212 2213
f 2192 2191 2193
f 2194 2192 2193
f 2184 2183 2185
f 2185 2186 2184
f 2086 2085 2087
f 2088 2086 2087
f 2082 2081 2083
f 2084 2082 2083
f 1964 1963 1965
f 1966 1964 1965
f 1960 1959 1961
f 1962 1960 1961
f 1924 1923 1925
f 1926 1924 1925
f 1920 1919 1921
f 1922 1920 1921
f 1802 1801 1803
f 1804 1802 1803
f 1798 1797 1799
f 1800 1798 1799
f 1680 1679 1681
f 1682 1680 1681
f 1676 1675 1677
f 1678 1676 1677
f 1518 1517 1519
f 1520 1518 1519
f 1514 1513 1515
f 1516 1514 1515
f 1396 1395 1397
f 1398 1396 1397
f 1392 1391 1393
f 1394 1392 1393
f 1190 1189 1191
f 1192 1190 1191
f 1186 1185 1187
f 1188 1186 1187
f 1160 1159 1161
f 1162 1160 1161
f 1156 1155 1157
f 1158 1156 1157
f 1152 1151 1153
f 1154 1152 1153
f 1148 1147 1149
f 1150 1148 1149
f 1112 1111 1113
f 1114 1112 1113
f 1104 1103 1105
f 1105 1106 1104
f 1080 1079 1081
f 1081 1082 1080
f 1076 1075 1077
f 1078 1076 1077
f 978 977 979
f 980 978 979
f 974 973 975
f 976 974 975
f 960 959 961
f 962 960 961
f 952 951 953
f 954 952 953
f 932 931 933
f 934 932 933
f 928 927 929
f 930 928 929
f 924 923 925
f 926 924 925
f 778 777 779
f 780 778 779
f 774 773 775
f 776 774 775
f 720 719 721
f 722 720 721
f 712 711 713
f 714 712 713
f 708 707 709
f 710 708 709
f 586 585 587
f 588 586 587
f 582 581 583
f 584 582 583
f 436 435 437
f 438 436 437
f 432 431 433
f 434 432 433
f 396 395 397
f 398 396 397
f 388 387 389
f 390 388 389
f 380 379 381
f 382 380 381
f 372 371 373
f 374 372 373
f 364 363 365
f 366 364 365
f 320 319 321
f 322 320 321
f 316 315 317
f 318 316 317
f 312 311 313
f 314 312 313
f 308 307 309
f 310 308 309
f 210 209 211
f 212 210 211
f 206 205 207
f 208 206 207
f 108 107 109
f 110 108 109
f 1083 1084 1086
f 1084 1083 1085
f 1107 1108 1110
f 1108 1107 1109
f 2187 2188 2190
f 2188 2187 2189
f 2219 2220 2222
f 2220 2219 2221
f 2243 2244 2246
f 2244 2243 2245
f 2275 2276 2278
f 2276 2275 2277
f 92 91 93
f 94 92 93
f 324 323 325
f 326 324 325
f 304 303 305
f 305 306 304
f 300 299 301
f 302 300 301
f 296 295 297
f 298 296 297
f 202 201 203
f 203 204 202
f 198 197 199
f 200 198 199
f 194 193 195
f 196 194 195
f 100 99 101
f 101 102 100
f 96 95 97
f 98 96 97
f 2308 2307 2309
f 2310 2308 2309
f 2304 2303 2305
f 2306 2304 2305
f 2300 2299 2301
f 2302 2300 2301
f 2296 2295 2297
f 2298 2296 2297
f 2292 2291 2293
f 2293 2294 2292
f 2288 2287 2289
f 2289 2290 2288
f 2280 2279 2281
f 2282 2280 2281
f 2264 2263 2265
f 2265 2266 2264
f 2260 2259 2261
f 2262 2260 2261
f 2256 2255 2257
f 2257 2258 2256
f 2236 2235 2237
f 2237 2238 2236
f 2232 2231 2233
f 2233 2234 2232
f 2224 2223 2225
f 2226 2224 2225
f 2208 2207 2209
f 2209 2210 2208
f 2204 2203 2205
f 2206 2204 2205
f 2200 2199 2201
f 2201 2202 2200
f 2176 2175 2177
f 2178 2176 2177
f 2172 2171 2173
f 2174 2172 2173
f 2078 2077 2079
f 2079 2080 2078
f 2074 2073 2075
f 2076 2074 2075
f 2070 2069 2071
f 2072 2070 2071
f 2066 2065 2067
f 2068 2066 2067
f 2062 2061 2063
f 2064 2062 2063
f 2058 2057 2059
f 2059 2060 2058
f 2054 2053 2055
f 2056 2054 2055
f 2050 2049 2051
f 2052 2050 2051
f 1956 1955 1957
f 1957 1958 1956
f 1952 1951 1953
f 1954 1952 1953
f 1948 1947 1949
f 1950 1948 1949
f 1944 1943 1945
f 1946 1944 1945
f 1940 1939 1941
f 1942 1940 1941
f 1936 1935 1937
f 1937 1938 1936
f 1932 1931 1933
f 1934 1932 1933
f 1928 1927 1929
f 1930 1928 1929
f 1916 1915 1917
f 1917 1918 1916
f 1912 1911 1913
f 1914 1912 1913
f 1908 1907 1909
f 1910 1908 1909
f 1904 1903 1905
f 1906 1904 1905
f 1900 1899 1901
f 1902 1900 1901
f 1896 1895 1897
f 1897 1898 1896
f 1892 1891 1893
f 1894 1892 1893
f 1888 1887 1889
f 1890 1888 1889
f 1794 1793 1795
f 1795 1796 1794
f 1790 1789 1791
f 1792 1790 1791
f 1786 1785 1787
f 1788 1786 1787
f 1782 1781 1783
f 1784 1782 1783
f 1778 1777 1779
f 1780 1778 1779
f 1774 1773 1775
f 1775 1776 1774
f 1770 1769 1771
f 1772 1770 1771
f 1766 1765 1767
f 1768 1766 1767
f 1672 1671 1673
f 1673 1674 1672
f 1668 1667 1669
f 1670 1668 1669
f 1664 1663 1665
f 1666 1664 1665
f 1660 1659 1661
f 1662 1660 1661
f 1656 1655 1657
f 1658 1656 1657
f 1652 1651 1653
f 1653 1654 1652
f 1648 1647 1649
f 1650 1648 1649
f 1644 1643 1645
f 1646 1644 1645
f 1640 1639 1641
f 1642 1640 1641
f 1636 1635 1637
f 1638 1636 1637
f 1632 1631 1633
f 1633 1634 1632
f 1628 1627 1629
f 1630 1628 1629
f 1624 1623 1625
f 1626 1624 1625
f 1620 1619 1621
f 1622 1620 1621
f 1616 1615 1617
f 1618 1616 1617
f 1612 1611 1613
f 1613 1614 1612
f 1608 1607 1609
f 1610 1608 1609
f 1604 1603 1605
f 1606 1604 1605
f 1510 1509 1511
f 1511 1512 1510
f 1506 1505 1507
f 1508 1506 1507
f 1502 1501 1503
f 1504 1502 1503
f 1498 1497 1499
f 1500 1498 1499
f 1494 1493 1495
f 1496 1494 1495
f 1490 1489 1491
f 1491 1492 1490
f 1486 1485 1487
f 1488 1486 1487
f 1482 1481 1483
f 1484 1482 1483
f 1388 1387 1389
f 1389 1390 1388
f 1384 1383 1385
f 1386 1384 1385
f 1380 1379 1381
f 1382 1380 1381
f 1376 1375 1377
f 1378 1376 1377
f 1372 1371 1373
f 1374 1372 1373
f 1368 1367 1369
f 1369 1370 1368
f 1364 1363 1365
f 1366 1364 1365
f 1360 1359 1361
f 1362 1360 1361
f 1356 1355 1357
f 1358 1356 1357
f 1352 1351 1353
f 1354 1352 1353
f 1348 1347 1349
f 1349 1350 1348
f 1344 1343 1345
f 1345 1346 1344
f 1340 1339 1341
f 1342 1340 1341
f 1336 1335 1337
f 1338 1336 1337
f 1332 1331 1333
f 1334 1332 1333
f 1328 1327 1329
f 1330 1328 1329
f 1324 1323 1325
f 1325 1326 1324
f 1320 1319 1321
f 1322 1320 1321
f 1316 1315 1317
f 1318 1316 1317
f 1312 1311 1313
f 1314 1312 1313
f 1308 1307 1309
f 1310 1308 1309
f 1304 1303 1305
f 1305 1306 1304
f 1300 1299 1301
f 1302 1300 1301
f 1296 1295 1297
f 1298 1296 1297
f 1292 1291 1293
f 1294 1292 1293
f 1288 1287 1289
f 1290 1288 1289
f 1284 1283 1285
f 1285 1286 1284
f 1280 1279 1281
f 1282 1280 1281
f 1276 1275 1277
f 1278 1276 1277
f 1176 1175 1177
f 1178 1176 1177
f 1172 1171 1173
f 1174 1172 1173
f 1168 1167 1169
f 1170 1168 1169
f 1164 1163 1165
f 1166 1164 1165
f 1144 1143 1145
f 1146 1144 1145
f 1140 1139 1141
f 1142 1140 1141
f 1136 1135 1137
f 1138 1136 1137
f 1132 1131 1133
f 1134 1132 1133
f 1128 1127 1129
f 1129 1130 1128
f 1124 1123 1125
f 1126 1124 1125
f 1120 1119 1121
f 1121 1122 1120
f 1100 1099 1101
f 1101 1102 1100
f 1096 1095 1097
f 1097 1098 1096
f 1088 1087 1089
f 1090 1088 1089
f 1072 1071 1073
f 1073 1074 1072
f 1068 1067 1069
f 1070 1068 1069
f 1064 1063 1065
f 1066 1064 1065
f 956 955 957
f 958 956 957
f 948 947 949
f 949 950 948
f 944 943 945
f 946 944 945
f 940 939 941
f 942 940 941
f 936 935 937
f 938 936 937
f 920 919 921
f 921 922 920
f 916 915 917
f 918 916 917
f 912 911 913
f 914 912 913
f 908 907 909
f 910 908 909
f 904 903 905
f 906 904 905
f 900 899 901
f 901 902 900
f 896 895 897
f 897 898 896
f 892 891 893
f 894 892 893
f 888 887 889
f 890 888 889
f 884 883 885
f 886 884 885
f 880 879 881
f 882 880 881
f 876 875 877
f 877 878 876
f 872 871 873
f 873 874 872
f 868 867 869
f 870 868 869
f 864 863 865
f 866 864 865
f 716 715 717
f 718 716 717
f 704 703 705
f 705 706 704
f 700 699 701
f 702 700 701
f 696 695 697
f 698 696 697
f 692 691 693
f 694 692 693
f 688 687 689
f 690 688 689
f 684 683 685
f 685 686 684
f 680 679 681
f 681 682 680
f 676 675 677
f 678 676 677
f 672 671 673
f 674 672 673
f 578 577 579
f 579 580 578
f 574 573 575
f 576 574 575
f 570 569 571
f 572 570 571
f 566 565 567
f 568 566 567
f 562 561 563
f 564 562 563
f 558 557 559
f 559 560 558
f 554 553 555
f 555 556 554
f 550 549 551
f 552 550 551
f 546 545 547
f 548 546 547
f 542 541 543
f 544 542 543
f 538 537 539
f 540 538 539
f 534 533 535
f 535 536 534
f 530 529 531
f 531 532 530
f 526 525 527
f 528 526 527
f 522 521 523
f 524 522 523
f 392 391 393
f 394 392 393
f 384 383 385
f 386 384 385
f 376 375 377
f 378 376 377
f 368 367 369
f 370 368 369
f 360 359 361
f 362 360 361
f 356 355 357
f 358 356 357
f 352 351 353
f 354 352 353
f 348 347 349
f 350 348 349
f 340 339 341
f 341 346 340
f 346 345 340
f 343 345 346
f 344 345 343
f 343 342 344
f 342 339 344
f 341 339 342
f 2283 2284 2286
f 2284 2283 2285
f 2251 2252 2254
f 2252 2251 2253
f 2227 2228 2230
f 2228 2227 2229
f 2195 2196 2198
f 2196 2195 2197
f 2179 2180 2182
f 2180 2179 2181
f 1115 1116 1118
f 1116 1115 1117
f 1091 1092 1094
f 1092 1091 1093
f 1181 1184 1183
f 1183 1182 1181
f 1181 1182 1180
f 1180 1179 1181
f 336 335 337
f 338 336 337
f 332 331 333
f 334 332 333
f 328 327 329
f 330 328 329
f 406 403 404
f 404 403 405
f 967 966 968
f 970 971 964
f 965 970 964
f 964 963 965
f 965 963 966
f 966 963 969
f 968 966 969
f 969 972 968
f 766 765 767
f 767 768 766
f 761 764 760
f 756 755 757
f 757 762 756
f 762 761 756
f 761 763 756
f 758 763 761
f 760 758 761
f 759 758 760
f 770 769 771
f 771 772 770
f 428 427 429
f 429 430 428
f 417 426 416
f 416 415 417
f 415 418 417
f 418 419 417
f 419 420 417
f 420 421 417
f 421 422 417
f 422 423 417
f 423 424 417
f 424 425 417
f 402 399 400
f 400 399 401
f 754 751 752
f 752 751 753
f 750 747 748
f 748 747 749
f 746 743 744
f 744 743 745
f 742 739 740
f 740 739 741
f 738 735 736
f 736 735 737
f 734 731 732
f 732 731 733
f 730 727 728
f 728 727 729
f 726 723 724
f 724 723 725
f 414 411 412
f 412 411 413
f 410 407 408
f 408 407 409
f 77 76 78
f 54 56 55
f 54 55 53
f 52 54 53
f 52 53 51
f 50 2311 2312
f 50 2312 49
f 48 2313 2314
f 48 2314 47
f 46 48 47
f 46 47 43
f 44 2315 2316
f 44 2316 45
f 36 38 37
f 36 37 35
f 34 36 35
f 34 35 33
f 32 2317 2318
f 32 2318 31
f 30 2319 2320
f 30 2320 29
f 28 30 29
f 28 29 25
f 26 2321 2322
f 26 2322 27
f 1850 1852 1851
f 1850 1851 1849
f 1848 1850 1849
f 1848 1849 1847
f 1846 2323 2324
f 1846 2324 1845
f 1844 2325 2326
f 1844 2326 1843
f 1842 1844 1843
f 1842 1843 1839
f 1840 2327 2328
f 1840 2328 1841
f 1832 1834 1833
f 1832 1833 1831
f 1830 1832 1831
f 1830 1831 1829
f 1828 2329 2330
f 1828 2330 1827
f 1826 2331 2332
f 1826 2332 1825
f 1824 1826 1825
f 1824 1825 1821
f 1822 2333 2334
f 1822 2334 1823
f 1710 1712 1711
f 1710 1711 1709
f 1708 1710 1709
f 1708 1709 1707
f 1706 2335 2336
f 1706 2336 1705
f 1704 2337 2338
f 1704 2338 1703
f 1702 1704 1703
f 1702 1703 1699
f 1700 2339 2340
f 1700 2340 1701
f 1444 1446 1445
f 1444 1445 1443
f 1442 1444 1443
f 1442 1443 1441
f 1440 2341 2342
f 1440 2342 1439
f 1438 2343 2344
f 1438 2344 1437
f 1436 1438 1437
f 1436 1437 1433
f 1434 2345 2346
f 1434 2346 1435
f 1426 1428 1427
f 1426 1427 1425
f 1424 1426 1425
f 1424 1425 1423
f 1422 2347 2348
f 1422 2348 1421
f 1420 2349 2350
f 1420 2350 1419
f 1418 1420 1419
f 1418 1419 1415
f 1416 2351 2352
f 1416 2352 1417
f 1238 1240 1239
f 1238 1239 1237
f 1236 1238 1237
f 1236 1237 1235
f 1234 2353 2354
f 1234 2354 1233
f 1232 2355 2356
f 1232 2356 1231
f 1230 1232 1231
f 1230 1231 1227
f 1228 2357 2358
f 1228 2358 1229
f 1220 1222 1221
f 1220 1221 1219
f 1218 1220 1219
f 1218 1219 1217
f 1216 2359 2360
f 1216 2360 1215
f 1214 2361 2362
f 1214 2362 1213
f 1212 1214 1213
f 1212 1213 1209
f 1210 2363 2364
f 1210 2364 1211
f 634 636 635
f 634 635 633
f 632 634 633
f 632 633 631
f 630 2365 2366
f 630 2366 629
f 628 2367 2368
f 628 2368 627
f 626 628 627
f 626 627 623
f 624 2369 2370
f 624 2370 625
f 466 468 467
f 466 467 465
f 464 466 465
f 464 465 463
f 462 2371 2372
f 462 2372 461
f 460 2373 2374
f 460 2374 459
f 458 460 459
f 458 459 455
f 456 2375 2376
f 456 2376 457
f 156 158 157
f 156 157 155
f 154 156 155
f 154 155 153
f 152 2377 2378
f 152 2378 151
f 150 2379 2380
f 150 2380 149
f 148 150 149
f 148 149 145
f 146 2381 2382
f 146 2382 147
f 138 140 139
f 138 139 137
f 136 138 137
f 136 137 135
f 134 2383 2384
f 134 2384 133
f 132 2385 2386
f 132 2386 131
f 130 132 131
f 130 131 127
f 128 2387 2388
f 128 2388 129
f 2134 2136 2135
f 2134 2135 2133
f 2132 2134 2133
f 2132 2133 2131
f 2130 2389 2390
f 2130 2390 2129
f 2128 2391 2392
f 2128 2392 2127
f 2126 2128 2127
f 2126 2127 2123
f 2124 2393 2394
f 2124 2394 2125
f 2012 2014 2013
f 2012 2013 2011
f 2010 2012 2011
f 2010 2011 2009
f 2008 2395 2396
f 2008 2396 2007
f 2006 2397 2398
f 2006 2398 2005
f 2004 2006 2005
f 2004 2005 2001
f 2002 2399 2400
f 2002 2400 2003
f 1994 1996 1995
f 1994 1995 1993
f 1992 1994 1993
f 1992 1993 1991
f 1990 2401 2402
f 1990 2402 1989
f 1988 2403 2404
f 1988 2404 1987
f 1986 1988 1987
f 1986 1987 1983
f 1984 2405 2406
f 1984 2406 1985
f 1566 1568 1567
f 1566 1567 1565
f 1564 1566 1565
f 1564 1565 1563
f 1562 2407 2408
f 1562 2408 1561
f 1560 2409 2410
f 1560 2410 1559
f 1558 1560 1559
f 1558 1559 1555
f 1556 2411 2412
f 1556 2412 1557
f 1548 1550 1549
f 1548 1549 1547
f 1546 1548 1547
f 1546 1547 1545
f 1544 2413 2414
f 1544 2414 1543
f 1542 2415 2416
f 1542 2416 1541
f 1540 1542 1541
f 1540 1541 1537
f 1538 2417 2418
f 1538 2418 1539
f 1026 1028 1027
f 1026 1027 1025
f 1024 1026 1025
f 1024 1025 1023
f 1022 2419 2420
f 1022 2420 1021
f 1020 2421 2422
f 1020 2422 1019
f 1018 1020 1019
f 1018 1019 1015
f 1016 2423 2424
f 1016 2424 1017
f 826 828 827
f 826 827 825
f 824 826 825
f 824 825 823
f 822 2425 2426
f 822 2426 821
f 820 2427 2428
f 820 2428 819
f 818 820 819
f 818 819 815
f 816 2429 2430
f 816 2430 817
f 808 810 809
f 808 809 807
f 806 808 807
f 806 807 805
f 804 2431 2432
f 804 2432 803
f 802 2433 2434
f 802 2434 801
f 800 802 801
f 800 801 797
f 798 2435 2436
f 798 2436 799
f 258 260 259
f 258 259 257
f 256 258 257
f 256 257 255
f 254 2437 2438
f 254 2438 253
f 252 2439 2440
f 252 2440 251
f 250 252 251
f 250 251 247
f 248 2441 2442
f 248 2442 249
f 240 242 241
f 240 241 239
f 238 240 239
f 238 239 237
f 236 2443 2444
f 236 2444 235
f 234 2445 2446
f 234 2446 233
f 232 234 233
f 232 233 229
f 230 2447 2448
f 230 2448 231
f 1876 1875 1877
f 1877 1878 1876
f 1878 1879 1876
f 1879 1878 1880
f 663 662 664
f 662 663 660
f 661 662 660
f 660 659 661
f 2106 2105 2107
f 2106 2108 2105
f 2449 2109 2450
f 2449 2110 2109
f 2110 2111 2109
f 2110 2112 2111
f 2451 2113 2452
f 2451 2114 2113
f 2453 2115 2454
f 2453 2116 2115
f 2116 2117 2115
f 2116 2118 2117
f 1728 1730 1729
f 1728 1729 1727
f 1726 1728 1727
f 1726 1727 1725
f 1724 2455 2456
f 1724 2456 1723
f 1722 2457 2458
f 1722 2458 1721
f 1720 1722 1721
f 1720 1721 1717
f 1718 2459 2460
f 1718 2460 1719
f 998 997 999
f 998 1000 997
f 2461 1001 2462
f 2461 1002 1001
f 1002 1003 1001
f 1002 1004 1003
f 2463 1005 2464
f 2463 1006 1005
f 2465 1007 2466
f 2465 1008 1007
f 1008 1009 1007
f 1008 1010 1009
f 484 486 485
f 484 485 483
f 482 484 483
f 482 483 481
f 480 2467 2468
f 480 2468 479
f 478 2469 2470
f 478 2470 477
f 476 478 477
f 476 477 473
f 474 2471 2472
f 474 2472 475
f 616 618 617
f 616 617 615
f 614 616 615
f 614 615 613
f 612 2473 2474
f 612 2474 611
f 610 2475 2476
f 610 2476 609
f 608 610 609
f 608 609 605
f 606 2477 2478
f 606 2478 607
f 68 69 67
f 67 65 68
f 64 65 67
f 65 64 66
f 62 61 63
f 74 75 73
f 73 71 74
f 70 71 73
f 71 70 72
f 58 60 57
f 58 57 59
f 40 42 39
f 40 39 41
f 22 24 21
f 22 21 23
f 18 20 17
f 18 17 19
f 14 16 13
f 14 13 15
f 10 12 9
f 10 9 11
f 2166 2165 2167
f 2167 2168 2166
f 2168 2169 2166
f 2169 2168 2170
f 666 665 667
f 667 668 666
f 668 669 666
f 669 668 670
f 2160 2159 2161
f 2161 2162 2160
f 2162 2163 2160
f 2163 2162 2164
f 1252 1253 1251
f 1251 1249 1252
f 1248 1249 1251
f 1249 1248 1250
f 2157 2156 2158
f 1258 1259 1257
f 1257 1255 1258
f 1254 1255 1257
f 1255 1254 1256
f 2154 2155 2153
f 2153 2151 2154
f 2150 2151 2153
f 2151 2150 2152
f 1882 1881 1883
f 1883 1884 1882
f 1884 1885 1882
f 1885 1884 1886
f 2148 2149 2147
f 2147 2145 2148
f 2144 2145 2147
f 2145 2144 2146
f 222 224 221
f 222 221 223
f 226 228 225
f 226 225 227
f 244 246 243
f 244 243 245
f 262 264 261
f 262 261 263
f 488 490 487
f 488 487 489
f 782 784 781
f 782 781 783
f 786 788 785
f 786 785 787
f 790 792 789
f 790 789 791
f 794 796 793
f 794 793 795
f 812 814 811
f 812 811 813
f 830 832 829
f 830 829 831
f 1012 1014 1011
f 1012 1011 1013
f 1030 1032 1029
f 1030 1029 1031
f 1530 1532 1529
f 1530 1529 1531
f 1534 1536 1533
f 1534 1533 1535
f 1552 1554 1551
f 1552 1551 1553
f 1570 1572 1569
f 1570 1569 1571
f 1732 1734 1731
f 1732 1731 1733
f 1968 1970 1967
f 1968 1967 1969
f 1972 1974 1971
f 1972 1971 1973
f 1976 1978 1975
f 1976 1975 1977
f 1980 1982 1979
f 1980 1979 1981
f 1998 2000 1997
f 1998 1997 1999
f 2016 2018 2015
f 2016 2015 2017
f 2120 2122 2119
f 2120 2119 2121
f 2138 2140 2137
f 2138 2137 2139
f 80 79 81
f 81 82 80
f 82 83 80
f 83 82 84
f 2142 2141 2143
f 86 85 87
f 87 88 86
f 88 89 86
f 89 88 90
f 2102 2104 2101
f 2102 2101 2103
f 2098 2100 2097
f 2098 2097 2099
f 2094 2096 2093
f 2094 2093 2095
f 2090 2092 2089
f 2090 2089 2091
f 2044 2043 2045
f 2045 2046 2044
f 2046 2047 2044
f 2047 2046 2048
f 112 114 111
f 112 111 113
f 116 118 115
f 116 115 117
f 120 122 119
f 120 119 121
f 124 126 123
f 124 123 125
f 142 144 141
f 142 141 143
f 160 162 159
f 160 159 161
f 164 163 165
f 2038 2037 2039
f 2039 2040 2038
f 2040 2041 2038
f 2041 2040 2042
f 170 171 169
f 169 167 170
f 166 167 169
f 167 166 168
f 2035 2034 2036
f 176 177 175
f 175 173 176
f 172 173 175
f 173 172 174
f 2032 2033 2031
f 2031 2029 2032
f 2028 2029 2031
f 2029 2028 2030
f 179 178 180
f 2026 2027 2025
f 2025 2023 2026
f 2022 2023 2025
f 2023 2022 2024
f 182 181 183
f 183 184 182
f 184 185 182
f 185 184 186
f 2020 2019 2021
f 188 187 189
f 189 190 188
f 190 191 188
f 191 190 192
f 1873 1872 1874
f 214 216 213
f 214 213 215
f 218 220 217
f 218 217 219
f 266 265 267
f 1870 1871 1869
f 1869 1867 1870
f 1866 1867 1869
f 1867 1866 1868
f 272 273 271
f 271 269 272
f 268 269 271
f 269 268 270
f 1864 1865 1863
f 1863 1861 1864
f 1860 1861 1863
f 1861 1860 1862
f 278 279 277
f 277 275 278
f 274 275 277
f 275 274 276
f 1858 1857 1859
f 281 280 282
f 1854 1856 1853
f 1854 1853 1855
f 1836 1838 1835
f 1836 1835 1837
f 1818 1820 1817
f 1818 1817 1819
f 1814 1816 1813
f 1814 1813 1815
f 1810 1812 1809
f 1810 1809 1811
f 1806 1808 1805
f 1806 1805 1807
f 1760 1759 1761
f 1761 1762 1760
f 1762 1763 1760
f 1763 1762 1764
f 284 283 285
f 285 286 284
f 286 287 284
f 287 286 288
f 1754 1753 1755
f 1755 1756 1754
f 1756 1757 1754
f 1757 1756 1758
f 290 289 291
f 291 292 290
f 292 293 290
f 293 292 294
f 1751 1750 1752
f 440 442 439
f 440 439 441
f 444 446 443
f 444 443 445
f 448 450 447
f 448 447 449
f 452 454 451
f 452 451 453
f 470 472 469
f 470 469 471
f 492 491 493
f 1748 1749 1747
f 1747 1745 1748
f 1744 1745 1747
f 1745 1744 1746
f 498 499 497
f 497 495 498
f 494 495 497
f 495 494 496
f 1742 1743 1741
f 1741 1739 1742
f 1738 1739 1741
f 1739 1738 1740
f 504 505 503
f 503 501 504
f 500 501 503
f 501 500 502
f 1736 1735 1737
f 507 506 508
f 1714 1716 1713
f 1714 1713 1715
f 1696 1698 1695
f 1696 1695 1697
f 1692 1694 1691
f 1692 1691 1693
f 1688 1690 1687
f 1688 1687 1689
f 1684 1686 1683
f 1684 1683 1685
f 1598 1597 1599
f 1599 1600 1598
f 1600 1601 1598
f 1601 1600 1602
f 510 509 511
f 511 512 510
f 512 513 510
f 513 512 514
f 1592 1591 1593
f 1593 1594 1592
f 1594 1595 1592
f 1595 1594 1596
f 516 515 517
f 517 518 516
f 518 519 516
f 519 518 520
f 1589 1588 1590
f 590 592 589
f 590 589 591
f 594 596 593
f 594 593 595
f 598 600 597
f 598 597 599
f 602 604 601
f 602 601 603
f 620 622 619
f 620 619 621
f 638 640 637
f 638 637 639
f 642 641 643
f 1586 1587 1585
f 1585 1583 1586
f 1582 1583 1585
f 1583 1582 1584
f 648 649 647
f 647 645 648
f 644 645 647
f 645 644 646
f 1580 1581 1579
f 1579 1577 1580
f 1576 1577 1579
f 1577 1576 1578
f 654 655 653
f 653 651 654
f 650 651 653
f 651 650 652
f 1574 1573 1575
f 657 656 658
f 1526 1528 1525
f 1526 1525 1527
f 1522 1524 1521
f 1522 1521 1523
f 1476 1475 1477
f 1477 1478 1476
f 1478 1479 1476
f 1479 1478 1480
f 834 833 835
f 1470 1469 1471
f 1471 1472 1470
f 1472 1473 1470
f 1473 1472 1474
f 840 841 839
f 839 837 840
f 836 837 839
f 837 836 838
f 1467 1466 1468
f 846 847 845
f 845 843 846
f 842 843 845
f 843 842 844
f 1464 1465 1463
f 1463 1461 1464
f 1460 1461 1463
f 1461 1460 1462
f 849 848 850
f 1458 1459 1457
f 1457 1455 1458
f 1454 1455 1457
f 1455 1454 1456
f 852 851 853
f 853 854 852
f 854 855 852
f 855 854 856
f 1452 1451 1453
f 858 857 859
f 859 860 858
f 860 861 858
f 861 860 862
f 1448 1450 1447
f 1448 1447 1449
f 1430 1432 1429
f 1430 1429 1431
f 1412 1414 1411
f 1412 1411 1413
f 1408 1410 1407
f 1408 1407 1409
f 1404 1406 1403
f 1404 1403 1405
f 1400 1402 1399
f 1400 1399 1401
f 1270 1269 1271
f 1271 1272 1270
f 1272 1273 1270
f 1273 1272 1274
f 982 984 981
f 982 981 983
f 986 988 985
f 986 985 987
f 990 992 989
f 990 989 991
f 994 996 993
f 994 993 995
f 1034 1033 1035
f 1264 1263 1265
f 1265 1266 1264
f 1266 1267 1264
f 1267 1266 1268
f 1040 1041 1039
f 1039 1037 1040
f 1036 1037 1039
f 1037 1036 1038
f 1261 1260 1262
f 1046 1047 1045
f 1045 1043 1046
f 1042 1043 1045
f 1043 1042 1044
f 1246 1245 1247
f 1049 1048 1050
f 1242 1244 1241
f 1242 1241 1243
f 1224 1226 1223
f 1224 1223 1225
f 1206 1208 1205
f 1206 1205 1207
f 1202 1204 1201
f 1202 1201 1203
f 1198 1200 1197
f 1198 1197 1199
f 1194 1196 1193
f 1194 1193 1195
f 1058 1057 1059
f 1059 1060 1058
f 1060 1061 1058
f 1061 1060 1062
f 1052 1051 1053
f 1053 1054 1052
f 1054 1055 1052
f 1055 1054 1056
