# from WaterfrontDistrict_Block15_Residental (UC)_0006_LOD_0.pskx
v 366.0706787109375 2303.87939453125 199.99981689453125
v -445.86785888671875 2136.9482421875 199.99978637695312
v -0.0679931640625 2228.6025390625 299.9997863769531
v -0.0679931640625 2228.6025390625 496.936767578125
v -289.9105224609375 2169.01220703125 496.9367980957031
v 366.0706787109375 2303.87939453125 599.999755859375
v -445.86785888671875 2136.9482421875 599.9996948242188
v -289.9105224609375 2169.01220703125 299.99981689453125
v -1159.478515625 -824.599853515625 200.00001525878906
v -1486.87109375 -1286.025634765625 200.0000457763672
v -1169.672607421875 -838.96728515625 215.0000457763672
v -1169.672607421875 -838.96728515625 545.4000854492188
v -1418.43994140625 -1189.579345703125 545.4000854492188
v -1159.478515625 -824.599853515625 600.0000610351562
v -1486.87109375 -1286.025634765625 600.0000610351562
v -1418.43994140625 -1189.579345703125 215.00006103515625
v -1486.87109375 -1286.025634765625 200.0000457763672
v -679.3148803710938 -1858.7305908203125 200.0001220703125
v -1486.87109375 -1286.025634765625 600.0
v -679.3148803710938 -1858.7305908203125 600.0000610351562
v -679.3148803710938 -1858.7305908203125 200.0001220703125
v 246.39297485351562 -553.7012939453125 199.99996948242188
v -636.0717163085938 -1797.7679443359375 215.00013732910156
v -45.23455810546875 -964.8272705078125 545.400146484375
v 203.48983764648438 -614.1847534179688 545.4000854492188
v -679.3148803710938 -1858.7305908203125 600.0001220703125
v -636.0717163085938 -1797.7679443359375 545.400146484375
v -87.80377197265625 -1024.8397216796875 545.400146484375
v -336.52813720703125 -1375.482421875 545.4000854492188
v -387.34735107421875 -1447.12548828125 545.400146484375
v 246.3929443359375 -553.7012329101562 599.9999389648438
v -387.34735107421875 -1447.12548828125 215.0001220703125
v 203.48983764648438 -614.184814453125 215.0000762939453
v -336.52813720703125 -1375.482421875 215.0001220703125
v -87.80377197265625 -1024.8397216796875 215.00010681152344
v -45.23455810546875 -964.8272705078125 215.00009155273438
v 246.39297485351562 -553.7012939453125 199.99996948242188
v 1.69085693359375 -380.1295166015625 199.99972534179688
v 246.3929443359375 -553.7012329101562 599.9999389648438
v 1.69085693359375 -380.12945556640625 599.999755859375
v 1.69085693359375 -380.1295166015625 199.99972534179688
v 464.54486083984375 272.3729248046875 199.99949645996094
v 1.69085693359375 -380.12945556640625 599.999755859375
v 464.5448303222656 272.37298583984375 599.99951171875
v 464.54486083984375 272.3729248046875 199.99949645996094
v 709.2348022460938 98.81336975097656 199.99960327148438
v 464.5448303222656 272.37298583984375 599.99951171875
v 709.2347412109375 98.81340026855469 599.9996337890625
v 709.2347412109375 98.81336975097656 199.99960327148438
v 1634.91845703125 1403.8428955078125 200.0000457763672
v 752.4771728515625 159.77662658691406 214.99961853027344
v 1343.303955078125 992.7247314453125 545.3995971679688
v 1592.02392578125 1343.3702392578125 545.3995971679688
v 709.2347412109375 98.81340026855469 599.9996337890625
v 752.4771728515625 159.7766571044922 545.3995971679688
v 1300.7354736328125 932.7117309570312 545.3995971679688
v 1052.015625 582.0659790039062 545.3995971679688
v 1001.1972045898438 510.42230224609375 545.3995971679688
v 1634.91845703125 1403.8428955078125 600.0000610351562
v 1001.1972045898438 510.4222717285156 214.99960327148438
v 1592.02392578125 1343.3702392578125 214.9995574951172
v 1052.015625 582.06591796875 214.9995880126953
v 1300.7354736328125 932.711669921875 214.99957275390625
v 1343.303955078125 992.7246704101562 214.99957275390625
v 1634.91845703125 1403.8426513671875 200.0000457763672
v 366.07049560546875 2303.87939453125 199.99981689453125
v 907.3034057617188 1919.9644775390625 299.99993896484375
v 907.3034057617188 1919.9644775390625 498.9369201660156
v 664.3203125 2092.32080078125 498.9369201660156
v 1634.918212890625 1403.8426513671875 600.0000610351562
v 366.0704650878906 2303.87939453125 599.9998168945312
v 664.3203125 2092.32080078125 299.99993896484375
v 1.94586181640625 2218.8076171875 496.9367980957031
v -287.89666748046875 2159.217041015625 496.9367980957031
v -0.0679931640625 2228.6025390625 496.936767578125
v -289.9105224609375 2169.01220703125 496.9367980957031
v 1.94586181640625 2218.8076171875 299.99981689453125
v -0.0679931640625 2228.6025390625 299.9997863769531
v -287.89666748046875 2159.217041015625 299.99981689453125
v -289.9105224609375 2169.01220703125 299.99981689453125
v 1.94586181640625 2218.8076171875 496.9367980957031
v -0.0679931640625 2228.6025390625 299.9997863769531
v 1.94586181640625 2218.8076171875 299.99981689453125
v -0.0679931640625 2228.6025390625 496.936767578125
v -287.89666748046875 2159.217041015625 496.9367980957031
v -287.89666748046875 2159.217041015625 299.99981689453125
v -289.9105224609375 2169.01220703125 299.99981689453125
v -289.9105224609375 2169.01220703125 496.9367980957031
v -1153.361328125 -850.5406494140625 545.4000854492188
v -1402.12890625 -1201.1527099609375 545.4000854492188
v -1169.672607421875 -838.96728515625 545.4000854492188
v -1418.43994140625 -1189.579345703125 545.4000854492188
v -1153.361328125 -850.5406494140625 215.0000457763672
v -1169.672607421875 -838.96728515625 215.0000457763672
v -1402.12890625 -1201.1527099609375 215.00006103515625
v -1418.43994140625 -1189.579345703125 215.00006103515625
v -1153.361328125 -850.5406494140625 545.4000854492188
v -1169.672607421875 -838.96728515625 215.0000457763672
v -1153.361328125 -850.5406494140625 215.0000457763672
v -1169.672607421875 -838.96728515625 545.4000854492188
v -1402.12890625 -1201.1527099609375 545.4000854492188
v -1402.12890625 -1201.1527099609375 215.00006103515625
v -1418.43994140625 -1189.579345703125 215.00006103515625
v -1418.43994140625 -1189.579345703125 545.4000854492188
v -652.3844604492188 -1786.1966552734375 545.400146484375
v -403.66015625 -1435.55419921875 545.4000854492188
v -636.0717163085938 -1797.7679443359375 545.400146484375
v -387.34735107421875 -1447.12548828125 545.400146484375
v -652.3844604492188 -1786.1966552734375 215.00013732910156
v -636.0717163085938 -1797.7679443359375 215.00013732910156
v -403.66015625 -1435.55419921875 215.0001220703125
v -387.34735107421875 -1447.12548828125 215.0001220703125
v -652.3844604492188 -1786.1966552734375 545.400146484375
v -636.0717163085938 -1797.7679443359375 215.00013732910156
v -652.3844604492188 -1786.1966552734375 215.00013732910156
v -636.0717163085938 -1797.7679443359375 545.400146484375
v -403.66015625 -1435.55419921875 545.4000854492188
v -403.66015625 -1435.55419921875 215.0001220703125
v -387.34735107421875 -1447.12548828125 215.0001220703125
v -387.34735107421875 -1447.12548828125 545.400146484375
v -352.8409423828125 -1363.9111328125 545.4000854492188
v -104.11651611328125 -1013.2684326171875 545.4000854492188
v -336.52813720703125 -1375.482421875 545.4000854492188
v -87.80377197265625 -1024.8397216796875 545.400146484375
v -352.8409423828125 -1363.9111328125 215.0001220703125
v -336.52813720703125 -1375.482421875 215.0001220703125
v -104.11651611328125 -1013.2684326171875 215.00010681152344
v -87.80377197265625 -1024.8397216796875 215.00010681152344
v -352.8409423828125 -1363.9111328125 545.4000854492188
v -336.52813720703125 -1375.482421875 215.0001220703125
v -352.8409423828125 -1363.9111328125 215.0001220703125
v -336.52813720703125 -1375.482421875 545.4000854492188
v -104.11651611328125 -1013.2684326171875 545.4000854492188
v -104.11651611328125 -1013.2684326171875 215.00010681152344
v -87.80377197265625 -1024.8397216796875 215.00010681152344
v -87.80377197265625 -1024.8397216796875 545.400146484375
v -61.54730224609375 -953.2559814453125 545.400146484375
v 187.17706298828125 -602.6134643554688 545.4000854492188
v -45.23455810546875 -964.8272705078125 545.400146484375
v 203.48983764648438 -614.1847534179688 545.4000854492188
v -61.54730224609375 -953.2559814453125 215.00009155273438
v -45.23455810546875 -964.8272705078125 215.00009155273438
v 187.17706298828125 -602.613525390625 215.0000762939453
v 203.48983764648438 -614.184814453125 215.0000762939453
v -61.54730224609375 -953.2559814453125 545.400146484375
v -45.23455810546875 -964.8272705078125 215.00009155273438
v -61.54730224609375 -953.2559814453125 215.00009155273438
v -45.23455810546875 -964.8272705078125 545.400146484375
v 187.17706298828125 -602.6134643554688 545.4000854492188
v 187.17706298828125 -602.613525390625 215.0000762939453
v 203.48983764648438 -614.184814453125 215.0000762939453
v 203.48983764648438 -614.1847534179688 545.4000854492188
v 1035.70263671875 593.6370849609375 545.3995971679688
v 1284.422607421875 944.2827758789062 545.3995361328125
v 1052.015625 582.0659790039062 545.3995971679688
v 1300.7354736328125 932.7117309570312 545.3995971679688
v 1035.70263671875 593.6370239257812 214.9995880126953
v 1052.015625 582.06591796875 214.9995880126953
v 1284.422607421875 944.28271484375 214.99957275390625
v 1300.7354736328125 932.711669921875 214.99957275390625
v 1035.70263671875 593.6370849609375 545.3995971679688
v 1052.015625 582.06591796875 214.9995880126953
v 1035.70263671875 593.6370239257812 214.9995880126953
v 1052.015625 582.0659790039062 545.3995971679688
v 1284.422607421875 944.2827758789062 545.3995361328125
v 1284.422607421875 944.28271484375 214.99957275390625
v 1300.7354736328125 932.711669921875 214.99957275390625
v 1300.7354736328125 932.7117309570312 545.3995971679688
v 736.164306640625 171.34771728515625 545.3995971679688
v 984.88427734375 521.993408203125 545.3995971679688
v 752.4771728515625 159.7766571044922 545.3995971679688
v 1001.1972045898438 510.42230224609375 545.3995971679688
v 736.164306640625 171.34768676757812 214.99961853027344
v 752.4771728515625 159.77662658691406 214.99961853027344
v 984.88427734375 521.9933471679688 214.99960327148438
v 1001.1972045898438 510.4222717285156 214.99960327148438
v 736.164306640625 171.34771728515625 545.3995971679688
v 752.4771728515625 159.77662658691406 214.99961853027344
v 736.164306640625 171.34768676757812 214.99961853027344
v 752.4771728515625 159.7766571044922 545.3995971679688
v 984.88427734375 521.993408203125 545.3995971679688
v 984.88427734375 521.9933471679688 214.99960327148438
v 1001.1972045898438 510.4222717285156 214.99960327148438
v 1001.1972045898438 510.42230224609375 545.3995971679688
v 1326.9910888671875 1004.2958374023438 545.3995971679688
v 1575.7110595703125 1354.9412841796875 545.3995361328125
v 1343.303955078125 992.7247314453125 545.3995971679688
v 1592.02392578125 1343.3702392578125 545.3995971679688
v 1326.9910888671875 1004.2957763671875 214.99957275390625
v 1343.303955078125 992.7246704101562 214.99957275390625
v 1575.7110595703125 1354.9412841796875 214.9995574951172
v 1592.02392578125 1343.3702392578125 214.9995574951172
v 1326.9910888671875 1004.2958374023438 545.3995971679688
v 1343.303955078125 992.7246704101562 214.99957275390625
v 1326.9910888671875 1004.2957763671875 214.99957275390625
v 1343.303955078125 992.7247314453125 545.3995971679688
v 1575.7110595703125 1354.9412841796875 545.3995361328125
v 1575.7110595703125 1354.9412841796875 214.9995574951172
v 1592.02392578125 1343.3702392578125 214.9995574951172
v 1592.02392578125 1343.3702392578125 545.3995971679688
v 664.3203125 2092.32080078125 498.9369201660156
v 907.3034057617188 1919.9644775390625 498.9369201660156
v 901.517822265625 1911.80810546875 498.9369201660156
v 658.53466796875 2084.164306640625 498.9369201660156
v 664.3203125 2092.32080078125 299.99993896484375
v 901.517822265625 1911.80810546875 299.99993896484375
v 907.3034057617188 1919.9644775390625 299.99993896484375
v 658.53466796875 2084.164306640625 299.99993896484375
v 901.517822265625 1911.80810546875 498.9369201660156
v 907.3034057617188 1919.9644775390625 299.99993896484375
v 901.517822265625 1911.80810546875 299.99993896484375
v 907.3034057617188 1919.9644775390625 498.9369201660156
v 658.53466796875 2084.164306640625 498.9369201660156
v 658.53466796875 2084.164306640625 299.99993896484375
v 664.3203125 2092.32080078125 299.99993896484375
v 664.3203125 2092.32080078125 498.9369201660156
v 366.0706787109375 2303.87939453125 599.9998168945312
v -445.86785888671875 2136.9482421875 599.999755859375
v -0.236328125 2228.568115234375 699.9998168945312
v -0.236328125 2228.568115234375 899.9998168945312
v -294.090087890625 2168.153076171875 899.999755859375
v -0.239013671875 2228.56787109375 1099.287841796875
v -0.239013671875 2228.56787109375 1299.287841796875
v -294.09271240234375 2168.15234375 1299.287841796875
v -0.236328125 2228.568115234375 1499.999755859375
v -0.23638916015625 2228.568115234375 1699.9998779296875
v -294.09014892578125 2168.153076171875 1699.9998779296875
v -0.23907470703125 2228.56787109375 1899.9998779296875
v -0.23907470703125 2228.56787109375 2099.999755859375
v -294.0927734375 2168.152587890625 2099.999755859375
v 366.0705871582031 2303.87939453125 2199.99951171875
v -445.86785888671875 2136.9482421875 2199.99951171875
v -294.0927734375 2168.15234375 1899.9998779296875
v -294.090087890625 2168.153076171875 1499.999755859375
v -294.09271240234375 2168.15234375 1099.287841796875
v -294.090087890625 2168.153076171875 699.999755859375
v -1201.2724609375 -883.50390625 600.0000610351562
v -1201.2724609375 -883.503662109375 2100.0
v -1374.87158203125 -1128.173583984375 2100.000244140625
v -1159.478515625 -824.599609375 2200.0
v -1374.87158203125 -1128.173828125 600.0000610351562
v -1486.87109375 -1286.025390625 2200.000244140625
v -1486.87109375 -1286.025634765625 600.0000610351562
v -679.3148803710938 -1858.7305908203125 600.0001220703125
v -1201.223388671875 -1488.6019287109375 700.0001220703125
v -1201.223388671875 -1488.6019287109375 900.0001220703125
v -956.5142211914062 -1662.1455078125 900.0001220703125
v -1201.22314453125 -1488.6019287109375 1100.0
v -1201.22314453125 -1488.6019287109375 1300.0
v -956.5140991210938 -1662.1458740234375 1300.0
v -1201.223388671875 -1488.6019287109375 1499.9998779296875
v -1201.223388671875 -1488.6019287109375 1700.0
v -956.5142211914062 -1662.1455078125 1700.0
v -1201.22314453125 -1488.6019287109375 1900.0
v -1201.22314453125 -1488.601806640625 2100.000244140625
v -956.5140991210938 -1662.145751953125 2100.000244140625
v -1486.87109375 -1286.025390625 2200.0
v -679.3150024414062 -1858.7303466796875 2200.0
v -956.5140991210938 -1662.1458740234375 1900.0
v -956.5142211914062 -1662.1455078125 1499.9998779296875
v -956.5140991210938 -1662.1458740234375 1100.0
v -956.5142211914062 -1662.1455078125 700.0001220703125
v -650.3866577148438 -1817.9488525390625 600.0001220703125
v -650.3867797851562 -1817.9486083984375 2100.000244140625
v 49.9871826171875 -830.586669921875 2100.0
v 223.55609130859375 -585.8956298828125 2100.0
v -679.3150024414062 -1858.7303466796875 2200.000244140625
v -476.81781005859375 -1573.257080078125 2100.000244140625
v -476.81781005859375 -1573.25732421875 600.0001220703125
v -447.88970947265625 -1532.4755859375 600.0001220703125
v -447.88970947265625 -1532.4754638671875 848.900146484375
v -39.875732421875 -957.2724609375 848.900146484375
v 26.48553466796875 -863.718505859375 848.900146484375
v -447.88970947265625 -1532.4754638671875 1000.0001220703125
v -39.875732421875 -957.2724609375 1248.900146484375
v 26.48553466796875 -863.718505859375 1248.900146484375
v -447.88970947265625 -1532.4754638671875 1400.0001220703125
v -39.875732421875 -957.2724609375 1648.900146484375
v 26.48553466796875 -863.718505859375 1648.900146484375
v -447.88970947265625 -1532.4754638671875 1800.0001220703125
v -39.87579345703125 -957.2724609375 2048.900146484375
v 26.4854736328125 -863.718505859375 2048.900146484375
v -381.5284423828125 -1438.921875 848.9000854492188
v -381.52850341796875 -1438.921875 1248.900146484375
v -381.52850341796875 -1438.921875 1648.900146484375
v -381.52850341796875 -1438.921875 2048.900390625
v -447.88970947265625 -1532.4754638671875 1248.900146484375
v -447.88970947265625 -1532.4754638671875 1648.900146484375
v -447.88970947265625 -1532.4754638671875 2048.900390625
v -381.5284423828125 -1438.9219970703125 600.0000610351562
v -39.875732421875 -957.2725830078125 600.0001220703125
v 26.48553466796875 -863.7186279296875 600.0001220703125
v 49.98724365234375 -830.5869140625 600.0001220703125
v -381.52850341796875 -1438.921875 1800.0001220703125
v -381.52850341796875 -1438.921875 1400.0001220703125
v -381.5284423828125 -1438.921875 1000.0000610351562
v 26.48553466796875 -863.718505859375 1800.0001220703125
v -39.875732421875 -957.2724609375 1800.0001220703125
v -39.875732421875 -957.2724609375 1400.0001220703125
v -39.875732421875 -957.2724609375 1000.0001220703125
v 26.48553466796875 -863.718505859375 1400.0001220703125
v 26.48553466796875 -863.718505859375 1000.0001220703125
v 223.55615234375 -585.895751953125 600.0000610351562
v 246.3929443359375 -553.7012329101562 600.0000610351562
v 246.39288330078125 -553.7011108398438 2200.0
v 246.3929443359375 -553.7012329101562 600.0000610351562
v 1.69085693359375 -380.12945556640625 599.9998779296875
v 246.39288330078125 -553.7011108398438 2200.0
v 1.6907958984375 -380.12933349609375 2199.999755859375
v 1.69085693359375 -380.12945556640625 599.9998779296875
v 45.0836181640625 -318.95697021484375 599.9998779296875
v 45.08355712890625 -318.95684814453125 2099.999755859375
v 247.583251953125 -33.48553466796875 2099.999755859375
v 421.1544189453125 211.20404052734375 2099.999755859375
v 1.6907958984375 -380.12933349609375 2199.999755859375
v 218.65475463867188 -74.26730346679688 2099.999755859375
v 218.65481567382812 -74.26742553710938 599.9998779296875
v 247.58334350585938 -33.48565673828125 599.9998168945312
v 421.15447998046875 211.20391845703125 599.9998168945312
v 464.5448303222656 272.37298583984375 599.9996337890625
v 464.5447692871094 272.37310791015625 2199.99951171875
v 464.5448303222656 272.37298583984375 599.9996337890625
v 709.2347412109375 98.81340026855469 599.9996948242188
v 464.5447692871094 272.37310791015625 2199.99951171875
v 709.2346801757812 98.81355285644531 2199.99951171875
v 709.2347412109375 98.81340026855469 599.9996948242188
v 738.1624145507812 139.59556579589844 599.9996948242188
v 738.162353515625 139.595703125 2099.99951171875
v 1438.524169921875 1126.96630859375 2099.99951171875
v 1612.090087890625 1371.65966796875 2099.99951171875
v 709.2346801757812 98.81355285644531 2199.99951171875
v 911.728271484375 384.2890930175781 2099.99951171875
v 911.7283935546875 384.2889709472656 599.999755859375
v 940.656005859375 425.0713195800781 599.9998168945312
v 940.656005859375 425.07135009765625 848.899658203125
v 1348.662841796875 1000.2796630859375 848.899658203125
v 1415.02294921875 1093.833984375 848.899658203125
v 940.656005859375 425.07135009765625 999.9996948242188
v 1348.662841796875 1000.2797241210938 1248.899658203125
v 1415.02294921875 1093.8341064453125 1248.899658203125
v 940.656005859375 425.0713806152344 1399.999755859375
v 1348.6627197265625 1000.2797241210938 1648.8997802734375
v 1415.0228271484375 1093.8341064453125 1648.8997802734375
v 940.656005859375 425.0714111328125 1799.9996337890625
v 1348.6627197265625 1000.27978515625 2048.89990234375
v 1415.0228271484375 1093.834228515625 2048.89990234375
v 1007.0159912109375 518.6258544921875 848.899658203125
v 1007.0159912109375 518.6258544921875 1248.8997802734375
v 1007.0159912109375 518.6259155273438 1648.89990234375
v 1007.0159912109375 518.6259765625 2048.89990234375
v 940.656005859375 425.0713806152344 1248.8997802734375
v 940.656005859375 425.0714111328125 1648.89990234375
v 940.656005859375 425.0714416503906 2048.89990234375
v 1007.0160522460938 518.6257934570312 599.9998168945312
v 1348.662841796875 1000.2796630859375 599.9998779296875
v 1415.02294921875 1093.833984375 599.9999389648438
v 1438.524169921875 1126.966064453125 599.9999389648438
v 1007.0159912109375 518.6259155273438 1799.9996337890625
v 1007.0159912109375 518.6258544921875 1399.999755859375
v 1007.0159912109375 518.6258544921875 999.9996948242188
v 1415.0228271484375 1093.834228515625 1799.99951171875
v 1348.6627197265625 1000.27978515625 1799.99951171875
v 1348.6627197265625 1000.2797241210938 1399.9996337890625
v 1348.662841796875 1000.2796630859375 999.9996948242188
v 1415.0228271484375 1093.8341064453125 1399.9996337890625
v 1415.02294921875 1093.833984375 999.9996948242188
v 1612.090087890625 1371.659423828125 599.9999389648438
v 1634.91845703125 1403.8428955078125 599.9999389648438
v 1634.91845703125 1403.8431396484375 2200.0
v 1634.918212890625 1403.8426513671875 599.9999389648438
v 1335.5892333984375 1616.1669921875 699.9999389648438
v 906.9269409179688 1920.231689453125 899.9998779296875
v 662.2351684570312 2093.7998046875 899.9998168945312
v 1335.575927734375 1616.176513671875 1099.2879638671875
v 906.9168701171875 1920.23876953125 1299.2879638671875
v 662.2250366210938 2093.80712890625 1299.2879638671875
v 1335.589111328125 1616.1669921875 1499.9998779296875
v 906.9268798828125 1920.231689453125 1699.9998779296875
v 662.235107421875 2093.7998046875 1699.9998779296875
v 1335.575927734375 1616.176513671875 1899.9998779296875
v 906.9168090820312 1920.2388916015625 2099.999755859375
v 662.2249755859375 2093.80712890625 2099.999755859375
v 1634.918212890625 1403.8428955078125 2200.0
v 1335.589111328125 1616.1669921875 899.9999389648438
v 1090.8974609375 1789.735107421875 899.9998779296875
v 1090.884033203125 1789.74462890625 1299.2879638671875
v 1090.8974609375 1789.735107421875 1699.9998779296875
v 1090.884033203125 1789.7447509765625 2099.999755859375
v 1335.575927734375 1616.176513671875 1299.2879638671875
v 1335.589111328125 1616.1669921875 1699.9998779296875
v 1335.575927734375 1616.1766357421875 2100.0
v 366.07037353515625 2303.87939453125 2199.999755859375
v 1090.884033203125 1789.74462890625 1899.9998779296875
v 1090.8974609375 1789.735107421875 1499.9998779296875
v 1090.884033203125 1789.74462890625 1099.2879638671875
v 1090.8974609375 1789.735107421875 699.9998779296875
v 662.2249755859375 2093.80712890625 1899.9998779296875
v 906.9168090820312 1920.23876953125 1899.9998779296875
v 906.9269409179688 1920.231689453125 1499.9998779296875
v 906.9168701171875 1920.23876953125 1099.2879638671875
v 906.927001953125 1920.231689453125 699.9998779296875
v 662.235107421875 2093.7998046875 1499.9998779296875
v 662.2250366210938 2093.80712890625 1099.2879638671875
v 662.2351684570312 2093.7998046875 699.9998168945312
v 1.77471923828125 2218.772705078125 2099.999755859375
v -292.078857421875 2158.357421875 2099.999755859375
v -0.23907470703125 2228.56787109375 2099.999755859375
v -294.0927734375 2168.152587890625 2099.999755859375
v 1.77471923828125 2218.7724609375 1899.9998779296875
v -0.23907470703125 2228.56787109375 1899.9998779296875
v -292.078857421875 2158.357421875 1899.9998779296875
v -294.0927734375 2168.15234375 1899.9998779296875
v 1.77471923828125 2218.772705078125 2099.999755859375
v -0.23907470703125 2228.56787109375 1899.9998779296875
v 1.77471923828125 2218.7724609375 1899.9998779296875
v -0.23907470703125 2228.56787109375 2099.999755859375
v -292.078857421875 2158.357421875 2099.999755859375
v -292.078857421875 2158.357421875 1899.9998779296875
v -294.0927734375 2168.15234375 1899.9998779296875
v -294.0927734375 2168.152587890625 2099.999755859375
v 1.7747802734375 2218.7724609375 1299.287841796875
v -292.07879638671875 2158.357421875 1299.287841796875
v -0.239013671875 2228.56787109375 1299.287841796875
v -294.09271240234375 2168.15234375 1299.287841796875
v 1.7747802734375 2218.7724609375 1099.287841796875
v -0.239013671875 2228.56787109375 1099.287841796875
v -292.07879638671875 2158.357421875 1099.287841796875
v -294.09271240234375 2168.15234375 1099.287841796875
v 1.7747802734375 2218.7724609375 1299.287841796875
v -0.239013671875 2228.56787109375 1099.287841796875
v 1.7747802734375 2218.7724609375 1099.287841796875
v -0.239013671875 2228.56787109375 1299.287841796875
v -292.07879638671875 2158.357421875 1299.287841796875
v -292.07879638671875 2158.357421875 1099.287841796875
v -294.09271240234375 2168.15234375 1099.287841796875
v -294.09271240234375 2168.15234375 1299.287841796875
v 1.77777099609375 2218.771484375 1699.9998779296875
v -292.07598876953125 2158.3564453125 1699.9998779296875
v -0.23638916015625 2228.568115234375 1699.9998779296875
v -294.09014892578125 2168.153076171875 1699.9998779296875
v 1.77783203125 2218.771484375 1499.999755859375
v -0.236328125 2228.568115234375 1499.999755859375
v -292.075927734375 2158.3564453125 1499.999755859375
v -294.090087890625 2168.153076171875 1499.999755859375
v 1.77777099609375 2218.771484375 1699.9998779296875
v -0.236328125 2228.568115234375 1499.999755859375
v 1.77783203125 2218.771484375 1499.999755859375
v -0.23638916015625 2228.568115234375 1699.9998779296875
v -292.07598876953125 2158.3564453125 1699.9998779296875
v -292.075927734375 2158.3564453125 1499.999755859375
v -294.090087890625 2168.153076171875 1499.999755859375
v -294.09014892578125 2168.153076171875 1699.9998779296875
v 1.77783203125 2218.771484375 899.9998168945312
v -292.075927734375 2158.3564453125 899.999755859375
v -0.236328125 2228.568115234375 899.9998168945312
v -294.090087890625 2168.153076171875 899.999755859375
v 1.77783203125 2218.771484375 699.9998168945312
v -0.236328125 2228.568115234375 699.9998168945312
v -292.075927734375 2158.3564453125 699.999755859375
v -294.090087890625 2168.153076171875 699.999755859375
v 1.77783203125 2218.771484375 899.9998168945312
v -0.236328125 2228.568115234375 699.9998168945312
v 1.77783203125 2218.771484375 699.9998168945312
v -0.236328125 2228.568115234375 899.9998168945312
v -292.075927734375 2158.3564453125 899.999755859375
v -292.075927734375 2158.3564453125 699.999755859375
v -294.090087890625 2168.153076171875 699.999755859375
v -294.090087890625 2168.153076171875 899.999755859375
v -1180.88330078125 -897.97021484375 2100.0
v -1354.482421875 -1142.64013671875 2100.000244140625
v -1201.2724609375 -883.503662109375 2100.0
v -1374.87158203125 -1128.173583984375 2100.000244140625
v -1180.88330078125 -897.970458984375 600.0000610351562
v -1201.2724609375 -883.50390625 600.0000610351562
v -1354.482421875 -1142.640380859375 600.0000610351562
v -1374.87158203125 -1128.173828125 600.0000610351562
v -1180.88330078125 -897.97021484375 2100.0
v -1201.2724609375 -883.50390625 600.0000610351562
v -1180.88330078125 -897.970458984375 600.0000610351562
v -1201.2724609375 -883.503662109375 2100.0
v -1354.482421875 -1142.64013671875 2100.000244140625
v -1354.482421875 -1142.640380859375 600.0000610351562
v -1374.87158203125 -1128.173828125 600.0000610351562
v -1374.87158203125 -1128.173583984375 2100.000244140625
v -956.5140991210938 -1662.1458740234375 1300.0
v -1201.22314453125 -1488.6019287109375 1300.0
v -1195.4384765625 -1480.4449462890625 1300.0
v -950.7293090820312 -1653.9888916015625 1300.0
v -956.5140991210938 -1662.1458740234375 1100.0
v -1195.4384765625 -1480.4449462890625 1100.0
v -1201.22314453125 -1488.6019287109375 1100.0
v -950.7293090820312 -1653.9888916015625 1100.0
v -1195.4384765625 -1480.4449462890625 1300.0
v -1201.22314453125 -1488.6019287109375 1100.0
v -1195.4384765625 -1480.4449462890625 1100.0
v -1201.22314453125 -1488.6019287109375 1300.0
v -950.7293090820312 -1653.9888916015625 1300.0
v -950.7293090820312 -1653.9888916015625 1100.0
v -956.5140991210938 -1662.1458740234375 1100.0
v -956.5140991210938 -1662.1458740234375 1300.0
v -956.5140991210938 -1662.145751953125 2100.000244140625
v -1201.22314453125 -1488.601806640625 2100.000244140625
v -1195.4384765625 -1480.44482421875 2100.000244140625
v -950.7293090820312 -1653.98876953125 2100.000244140625
v -956.5140991210938 -1662.1458740234375 1900.0
v -1195.4384765625 -1480.4449462890625 1900.0
v -1201.22314453125 -1488.6019287109375 1900.0
v -950.7293090820312 -1653.9888916015625 1900.0
v -1195.4384765625 -1480.44482421875 2100.000244140625
v -1201.22314453125 -1488.6019287109375 1900.0
v -1195.4384765625 -1480.4449462890625 1900.0
v -1201.22314453125 -1488.601806640625 2100.000244140625
v -950.7293090820312 -1653.98876953125 2100.000244140625
v -950.7293090820312 -1653.9888916015625 1900.0
v -956.5140991210938 -1662.1458740234375 1900.0
v -956.5140991210938 -1662.145751953125 2100.000244140625
v -956.5142211914062 -1662.1455078125 900.0001220703125
v -1201.223388671875 -1488.6019287109375 900.0001220703125
v -1195.433349609375 -1480.4373779296875 900.0001220703125
v -950.7239379882812 -1653.98095703125 900.0001220703125
v -956.5142211914062 -1662.1455078125 700.0001220703125
v -1195.433349609375 -1480.4373779296875 700.0001220703125
v -1201.223388671875 -1488.6019287109375 700.0001220703125
v -950.7239379882812 -1653.98095703125 700.0001220703125
v -1195.433349609375 -1480.4373779296875 900.0001220703125
v -1201.223388671875 -1488.6019287109375 700.0001220703125
v -1195.433349609375 -1480.4373779296875 700.0001220703125
v -1201.223388671875 -1488.6019287109375 900.0001220703125
v -950.7239379882812 -1653.98095703125 900.0001220703125
v -950.7239379882812 -1653.98095703125 700.0001220703125
v -956.5142211914062 -1662.1455078125 700.0001220703125
v -956.5142211914062 -1662.1455078125 900.0001220703125
v -956.5142211914062 -1662.1455078125 1700.0
v -1201.223388671875 -1488.6019287109375 1700.0
v -1195.433349609375 -1480.4373779296875 1700.0
v -950.7239379882812 -1653.98095703125 1700.0
v -956.5142211914062 -1662.1455078125 1499.9998779296875
v -1195.433349609375 -1480.4373779296875 1499.9998779296875
v -1201.223388671875 -1488.6019287109375 1499.9998779296875
v -950.7239379882812 -1653.98095703125 1499.9998779296875
v -1195.433349609375 -1480.4373779296875 1700.0
v -1201.223388671875 -1488.6019287109375 1499.9998779296875
v -1195.433349609375 -1480.4373779296875 1499.9998779296875
v -1201.223388671875 -1488.6019287109375 1700.0
v -950.7239379882812 -1653.98095703125 1700.0
v -950.7239379882812 -1653.98095703125 1499.9998779296875
v -956.5142211914062 -1662.1455078125 1499.9998779296875
v -956.5142211914062 -1662.1455078125 1700.0
v -670.7777709960938 -1803.4844970703125 2100.000244140625
v -497.20880126953125 -1558.7930908203125 2100.000244140625
v -650.3867797851562 -1817.9486083984375 2100.000244140625
v -476.81781005859375 -1573.257080078125 2100.000244140625
v -670.7776489257812 -1803.4847412109375 600.0001220703125
v -650.3866577148438 -1817.9488525390625 600.0001220703125
v -497.20880126953125 -1558.7933349609375 600.0001220703125
v -476.81781005859375 -1573.25732421875 600.0001220703125
v -670.7777709960938 -1803.4844970703125 2100.000244140625
v -650.3866577148438 -1817.9488525390625 600.0001220703125
v -670.7776489257812 -1803.4847412109375 600.0001220703125
v -650.3867797851562 -1817.9486083984375 2100.000244140625
v -497.20880126953125 -1558.7930908203125 2100.000244140625
v -497.20880126953125 -1558.7933349609375 600.0001220703125
v -476.81781005859375 -1573.25732421875 600.0001220703125
v -476.81781005859375 -1573.257080078125 2100.000244140625
v 29.59619140625 -816.12255859375 2100.0
v 203.1651611328125 -571.4315185546875 2100.0
v 49.9871826171875 -830.586669921875 2100.0
v 223.55609130859375 -585.8956298828125 2100.0
v 29.59625244140625 -816.122802734375 600.0001220703125
v 49.98724365234375 -830.5869140625 600.0001220703125
v 203.16522216796875 -571.431640625 600.0000610351562
v 223.55615234375 -585.895751953125 600.0000610351562
v 29.59619140625 -816.12255859375 2100.0
v 49.98724365234375 -830.5869140625 600.0001220703125
v 29.59625244140625 -816.122802734375 600.0001220703125
v 49.9871826171875 -830.586669921875 2100.0
v 203.1651611328125 -571.4315185546875 2100.0
v 203.16522216796875 -571.431640625 600.0000610351562
v 223.55615234375 -585.895751953125 600.0000610351562
v 223.55609130859375 -585.8956298828125 2100.0
v 24.6927490234375 -304.4925537109375 2099.999755859375
v 198.26394653320312 -59.80303955078125 2099.999755859375
v 45.08355712890625 -318.95684814453125 2099.999755859375
v 218.65475463867188 -74.26730346679688 2099.999755859375
v 24.69281005859375 -304.49267578125 599.9998779296875
v 45.0836181640625 -318.95697021484375 599.9998779296875
v 198.26400756835938 -59.80316162109375 599.9998779296875
v 218.65481567382812 -74.26742553710938 599.9998779296875
v 24.6927490234375 -304.4925537109375 2099.999755859375
v 45.0836181640625 -318.95697021484375 599.9998779296875
v 24.69281005859375 -304.49267578125 599.9998779296875
v 45.08355712890625 -318.95684814453125 2099.999755859375
v 198.26394653320312 -59.80303955078125 2099.999755859375
v 198.26400756835938 -59.80316162109375 599.9998779296875
v 218.65481567382812 -74.26742553710938 599.9998779296875
v 218.65475463867188 -74.26730346679688 2099.999755859375
v 227.19244384765625 -19.021270751953125 2099.999755859375
v 400.76361083984375 225.66831970214844 2099.999755859375
v 247.583251953125 -33.48553466796875 2099.999755859375
v 421.1544189453125 211.20404052734375 2099.999755859375
v 227.19253540039062 -19.021392822265625 599.9998168945312
v 247.58334350585938 -33.48565673828125 599.9998168945312
v 400.763671875 225.66818237304688 599.9998168945312
v 421.15447998046875 211.20391845703125 599.9998168945312
v 227.19244384765625 -19.021270751953125 2099.999755859375
v 247.58334350585938 -33.48565673828125 599.9998168945312
v 227.19253540039062 -19.021392822265625 599.9998168945312
v 247.583251953125 -33.48553466796875 2099.999755859375
v 400.76361083984375 225.66831970214844 2099.999755859375
v 400.763671875 225.66818237304688 599.9998168945312
v 421.15447998046875 211.20391845703125 599.9998168945312
v 421.1544189453125 211.20404052734375 2099.999755859375
v 1418.133056640625 1141.4300537109375 2099.99951171875
v 1591.698974609375 1386.12353515625 2099.99951171875
v 1438.524169921875 1126.96630859375 2099.99951171875
v 1612.090087890625 1371.65966796875 2099.99951171875
v 1418.133056640625 1141.429931640625 599.9996948242188
v 1438.524169921875 1126.966064453125 599.9996948242188
v 1591.698974609375 1386.123291015625 599.9996337890625
v 1612.090087890625 1371.659423828125 599.9996337890625
v 1418.133056640625 1141.4300537109375 2099.99951171875
v 1438.524169921875 1126.966064453125 599.9996948242188
v 1418.133056640625 1141.429931640625 599.9996948242188
v 1438.524169921875 1126.96630859375 2099.99951171875
v 1591.698974609375 1386.12353515625 2099.99951171875
v 1591.698974609375 1386.123291015625 599.9996337890625
v 1612.090087890625 1371.659423828125 599.9996337890625
v 1612.090087890625 1371.65966796875 2099.99951171875
v 717.771240234375 154.05953979492188 2099.99951171875
v 891.337158203125 398.7529296875 2099.99951171875
v 738.162353515625 139.595703125 2099.99951171875
v 911.728271484375 384.2890930175781 2099.99951171875
v 717.771240234375 154.0594024658203 599.9996948242188
v 738.1624145507812 139.59556579589844 599.9996948242188
v 891.3372802734375 398.7528076171875 599.9996948242188
v 911.7283935546875 384.2889709472656 599.9996948242188
v 717.771240234375 154.05953979492188 2099.99951171875
v 738.1624145507812 139.59556579589844 599.9996948242188
v 717.771240234375 154.0594024658203 599.9996948242188
v 738.162353515625 139.595703125 2099.99951171875
v 891.337158203125 398.7529296875 2099.99951171875
v 891.3372802734375 398.7528076171875 599.9996948242188
v 911.7283935546875 384.2889709472656 599.9996948242188
v 911.728271484375 384.2890930175781 2099.99951171875
v 1090.884033203125 1789.7447509765625 2099.999755859375
v 1335.575927734375 1616.1766357421875 2100.0
v 1329.790283203125 1608.0201416015625 2100.0
v 1085.098388671875 1781.58837890625 2099.999755859375
v 1090.884033203125 1789.74462890625 1899.9998779296875
v 1329.790283203125 1608.02001953125 1899.9998779296875
v 1335.575927734375 1616.176513671875 1899.9998779296875
v 1085.098388671875 1781.5882568359375 1899.9998779296875
v 1329.790283203125 1608.0201416015625 2100.0
v 1335.575927734375 1616.176513671875 1899.9998779296875
v 1329.790283203125 1608.02001953125 1899.9998779296875
v 1335.575927734375 1616.1766357421875 2100.0
v 1085.098388671875 1781.58837890625 2099.999755859375
v 1085.098388671875 1781.5882568359375 1899.9998779296875
v 1090.884033203125 1789.74462890625 1899.9998779296875
v 1090.884033203125 1789.7447509765625 2099.999755859375
v 662.2249755859375 2093.80712890625 2099.999755859375
v 906.9168090820312 1920.2388916015625 2099.999755859375
v 901.1312255859375 1912.0823974609375 2099.999755859375
v 656.4393920898438 2085.65087890625 2099.999755859375
v 662.2249755859375 2093.80712890625 1899.9998779296875
v 901.1312255859375 1912.082275390625 1899.9998779296875
v 906.9168090820312 1920.23876953125 1899.9998779296875
v 656.4393920898438 2085.650634765625 1899.9998779296875
v 901.1312255859375 1912.0823974609375 2099.999755859375
v 906.9168090820312 1920.23876953125 1899.9998779296875
v 901.1312255859375 1912.082275390625 1899.9998779296875
v 906.9168090820312 1920.2388916015625 2099.999755859375
v 656.4393920898438 2085.65087890625 2099.999755859375
v 656.4393920898438 2085.650634765625 1899.9998779296875
v 662.2249755859375 2093.80712890625 1899.9998779296875
v 662.2249755859375 2093.80712890625 2099.999755859375
v 662.2250366210938 2093.80712890625 1299.2879638671875
v 906.9168701171875 1920.23876953125 1299.2879638671875
v 901.1312255859375 1912.082275390625 1299.2879638671875
v 656.439453125 2085.650634765625 1299.2879638671875
v 662.2250366210938 2093.80712890625 1099.2879638671875
v 901.1312255859375 1912.082275390625 1099.2879638671875
v 906.9168701171875 1920.23876953125 1099.2879638671875
v 656.439453125 2085.650634765625 1099.2879638671875
v 901.1312255859375 1912.082275390625 1299.2879638671875
v 906.9168701171875 1920.23876953125 1099.2879638671875
v 901.1312255859375 1912.082275390625 1099.2879638671875
v 906.9168701171875 1920.23876953125 1299.2879638671875
v 656.439453125 2085.650634765625 1299.2879638671875
v 656.439453125 2085.650634765625 1099.2879638671875
v 662.2250366210938 2093.80712890625 1099.2879638671875
v 662.2250366210938 2093.80712890625 1299.2879638671875
v 1090.884033203125 1789.74462890625 1299.2879638671875
v 1335.575927734375 1616.176513671875 1299.2879638671875
v 1329.790283203125 1608.02001953125 1299.2879638671875
v 1085.0985107421875 1781.5882568359375 1299.2879638671875
v 1090.884033203125 1789.74462890625 1099.2879638671875
v 1329.790283203125 1608.02001953125 1099.2879638671875
v 1335.575927734375 1616.176513671875 1099.2879638671875
v 1085.0985107421875 1781.5882568359375 1099.2879638671875
v 1329.790283203125 1608.02001953125 1299.2879638671875
v 1335.575927734375 1616.176513671875 1099.2879638671875
v 1329.790283203125 1608.02001953125 1099.2879638671875
v 1335.575927734375 1616.176513671875 1299.2879638671875
v 1085.0985107421875 1781.5882568359375 1299.2879638671875
v 1085.0985107421875 1781.5882568359375 1099.2879638671875
v 1090.884033203125 1789.74462890625 1099.2879638671875
v 1090.884033203125 1789.74462890625 1299.2879638671875
v 662.235107421875 2093.7998046875 1699.9998779296875
v 906.9268798828125 1920.231689453125 1699.9998779296875
v 901.149658203125 1912.087158203125 1699.9998779296875
v 656.4578247070312 2085.6552734375 1699.9998779296875
v 662.235107421875 2093.7998046875 1499.9998779296875
v 901.149658203125 1912.087158203125 1499.9998779296875
v 906.9269409179688 1920.231689453125 1499.9998779296875
v 656.4578857421875 2085.6552734375 1499.9998779296875
v 901.149658203125 1912.087158203125 1699.9998779296875
v 906.9269409179688 1920.231689453125 1499.9998779296875
v 901.149658203125 1912.087158203125 1499.9998779296875
v 906.9268798828125 1920.231689453125 1699.9998779296875
v 656.4578247070312 2085.6552734375 1699.9998779296875
v 656.4578857421875 2085.6552734375 1499.9998779296875
v 662.235107421875 2093.7998046875 1499.9998779296875
v 662.235107421875 2093.7998046875 1699.9998779296875
v 662.2351684570312 2093.7998046875 899.9998168945312
v 906.9269409179688 1920.231689453125 899.9998779296875
v 901.149658203125 1912.087158203125 899.9998779296875
v 656.4578857421875 2085.6552734375 899.9998168945312
v 662.2351684570312 2093.7998046875 699.9998168945312
v 901.1497192382812 1912.087158203125 699.9998779296875
v 906.927001953125 1920.231689453125 699.9998779296875
v 656.4578857421875 2085.6552734375 699.9998168945312
v 901.149658203125 1912.087158203125 899.9998779296875
v 906.927001953125 1920.231689453125 699.9998779296875
v 901.1497192382812 1912.087158203125 699.9998779296875
v 906.9269409179688 1920.231689453125 899.9998779296875
v 656.4578857421875 2085.6552734375 899.9998168945312
v 656.4578857421875 2085.6552734375 699.9998168945312
v 662.2351684570312 2093.7998046875 699.9998168945312
v 662.2351684570312 2093.7998046875 899.9998168945312
v 1090.8974609375 1789.735107421875 899.9998779296875
v 1335.589111328125 1616.1669921875 899.9999389648438
v 1329.811767578125 1608.022216796875 899.9999389648438
v 1085.1199951171875 1781.59033203125 899.9998779296875
v 1090.8974609375 1789.735107421875 699.9998779296875
v 1329.811767578125 1608.022216796875 699.9999389648438
v 1335.5892333984375 1616.1669921875 699.9999389648438
v 1085.1199951171875 1781.59033203125 699.9998779296875
v 1329.811767578125 1608.022216796875 899.9999389648438
v 1335.5892333984375 1616.1669921875 699.9999389648438
v 1329.811767578125 1608.022216796875 699.9999389648438
v 1335.589111328125 1616.1669921875 899.9999389648438
v 1085.1199951171875 1781.59033203125 899.9998779296875
v 1085.1199951171875 1781.59033203125 699.9998779296875
v 1090.8974609375 1789.735107421875 699.9998779296875
v 1090.8974609375 1789.735107421875 899.9998779296875
v 1090.8974609375 1789.735107421875 1699.9998779296875
v 1335.589111328125 1616.1669921875 1699.9998779296875
v 1329.811767578125 1608.022216796875 1699.9998779296875
v 1085.119873046875 1781.59033203125 1699.9998779296875
v 1090.8974609375 1789.735107421875 1499.9998779296875
v 1329.811767578125 1608.022216796875 1499.9998779296875
v 1335.589111328125 1616.1669921875 1499.9998779296875
v 1085.1199951171875 1781.59033203125 1499.9998779296875
v 1329.811767578125 1608.022216796875 1699.9998779296875
v 1335.589111328125 1616.1669921875 1499.9998779296875
v 1329.811767578125 1608.022216796875 1499.9998779296875
v 1335.589111328125 1616.1669921875 1699.9998779296875
v 1085.119873046875 1781.59033203125 1699.9998779296875
v 1085.1199951171875 1781.59033203125 1499.9998779296875
v 1090.8974609375 1789.735107421875 1499.9998779296875
v 1090.8974609375 1789.735107421875 1699.9998779296875
v -1364.12939453125 -1721.621337890625 200.00009155273438
v -1413.42138671875 -1729.970947265625 200.00009155273438
v -1364.12939453125 -1721.621337890625 280.00006103515625
v -1413.42138671875 -1729.970947265625 280.00006103515625
v -1413.42138671875 -1729.970947265625 200.00009155273438
v -1346.8564453125 -2122.9150390625 200.0001220703125
v -1413.42138671875 -1729.970947265625 280.00006103515625
v -1346.8564453125 -2122.9150390625 280.0000915527344
v -1346.8564453125 -2122.9150390625 200.0001220703125
v -979.0585327148438 -2379.775390625 200.00015258789062
v -1346.8564453125 -2122.9150390625 280.0001220703125
v -979.0585327148438 -2379.775390625 280.00018310546875
v -979.0585327148438 -2379.775390625 200.00015258789062
v -774.2977905273438 -2148.916015625 200.00015258789062
v -979.0585327148438 -2379.775390625 280.00018310546875
v -774.2977905273438 -2148.916015625 280.0001525878906
v -774.2977905273438 -2148.916015625 200.00015258789062
v -1364.12939453125 -1721.621337890625 200.00009155273438
v -774.2977905273438 -2148.916015625 280.0001525878906
v -1364.12939453125 -1721.621337890625 280.0000915527344
v -1346.8564453125 -2122.9150390625 280.0001220703125
v -1364.12939453125 -1721.621337890625 280.0000915527344
v -1413.42138671875 -1729.970947265625 280.0000915527344
v -979.0585327148438 -2379.775390625 280.00018310546875
v -774.2977905273438 -2148.916015625 280.0001525878906
v -1362.8955078125 -1716.341064453125 280.0000915527344
v -1419.186279296875 -1725.876220703125 280.0000915527344
v -1419.186279296875 -1725.876220703125 300.0000915527344
v -1362.8955078125 -1716.341064453125 300.0000915527344
v -1367.8310546875 -1737.4620361328125 280.0000915527344
v -1367.8310546875 -1737.4620361328125 300.0000915527344
v -1396.126708984375 -1742.2550048828125 300.0000915527344
v -1396.126708984375 -1742.2550048828125 280.0000915527344
v -1419.186279296875 -1725.876220703125 280.0000915527344
v -1351.436279296875 -2125.81494140625 280.0001220703125
v -1351.436279296875 -2125.81494140625 300.0001220703125
v -1419.186279296875 -1725.876220703125 300.0000915527344
v -1396.126708984375 -1742.2550048828125 280.0000915527344
v -1396.126708984375 -1742.2550048828125 300.0000915527344
v -1333.11669921875 -2114.21484375 300.0001220703125
v -1333.11669921875 -2114.21484375 280.0001220703125
v -1351.436279296875 -2125.81494140625 280.0001220703125
v -978.2717895507812 -2386.42333984375 280.00018310546875
v -978.2717895507812 -2386.42333984375 300.00018310546875
v -1351.436279296875 -2125.81494140625 300.0001220703125
v -1333.11669921875 -2114.21484375 280.0001220703125
v -1333.11669921875 -2114.21484375 300.0001220703125
v -981.4190063476562 -2359.8310546875 300.00018310546875
v -981.4190063476562 -2359.8310546875 280.00018310546875
v -978.2717895507812 -2386.42333984375 280.00018310546875
v -766.8949584960938 -2148.10498046875 280.0001525878906
v -766.8949584960938 -2148.10498046875 300.0001525878906
v -978.2717895507812 -2386.42333984375 300.00018310546875
v -981.4190063476562 -2359.8310546875 280.00018310546875
v -981.4190063476562 -2359.8310546875 300.00018310546875
v -796.5065307617188 -2151.35009765625 300.0001525878906
v -796.5065307617188 -2151.35009765625 280.0001525878906
v -766.8949584960938 -2148.10498046875 280.0001525878906
v -1362.8955078125 -1716.341064453125 280.0000915527344
v -1362.8955078125 -1716.341064453125 300.0000915527344
v -766.8949584960938 -2148.10498046875 300.0001525878906
v -796.5065307617188 -2151.35009765625 280.0001525878906
v -796.5065307617188 -2151.35009765625 300.0001525878906
v -1367.8310546875 -1737.4620361328125 300.0000915527344
v -1367.8310546875 -1737.4620361328125 280.0000915527344
v -1362.8955078125 -1716.341064453125 300.0000915527344
v -1419.186279296875 -1725.876220703125 300.0000915527344
v -1396.126708984375 -1742.2550048828125 300.0000915527344
v -1367.8310546875 -1737.4620361328125 300.0000915527344
v -1351.436279296875 -2125.81494140625 300.0001220703125
v -1333.11669921875 -2114.21484375 300.0001220703125
v -978.2717895507812 -2386.42333984375 300.00018310546875
v -981.4190063476562 -2359.8310546875 300.00018310546875
v -766.8949584960938 -2148.10498046875 300.0001525878906
v -796.5065307617188 -2151.35009765625 300.0001525878906
v -1413.42138671875 -1729.970947265625 280.0000915527344
v -1419.186279296875 -1725.876220703125 280.0000915527344
v -1362.8955078125 -1716.341064453125 280.0000915527344
v -1364.12939453125 -1721.621337890625 280.0000915527344
v -1346.8564453125 -2122.9150390625 280.0001220703125
v -1351.436279296875 -2125.81494140625 280.0001220703125
v -979.0585327148438 -2379.775390625 280.00018310546875
v -978.2717895507812 -2386.42333984375 280.00018310546875
v -774.2977905273438 -2148.916015625 280.0001525878906
v -766.8949584960938 -2148.10498046875 280.0001525878906
v -445.86785888671875 2136.9482421875 199.99978637695312
v -1628.8876953125 1935.776123046875 199.99977111816406
v -887.8855590820312 2061.783203125 299.9997863769531
v -887.8855590820312 2061.783203125 499.9997863769531
v -1183.639892578125 2011.490234375 499.999755859375
v -445.86785888671875 2136.9482421875 599.999755859375
v -1628.8876953125 1935.776123046875 599.999755859375
v -1183.639892578125 2011.490234375 299.999755859375
v -1628.8876953125 1935.776123046875 199.99977111816406
v -1437.193603515625 808.5123291015625 199.99986267089844
v -1616.357421875 1862.0916748046875 214.99978637695312
v -1240.174560546875 -350.06512451171875 545.4000244140625
v -1168.103515625 -773.881103515625 545.4000854492188
v -1628.8876953125 1935.776123046875 599.999755859375
v -1616.357421875 1862.0916748046875 545.3997802734375
v -1252.50927734375 -277.529052734375 545.4000244140625
v -1324.580322265625 146.28663635253906 545.3999633789062
v -1457.489990234375 927.866455078125 545.39990234375
v -1529.56103515625 1351.68212890625 545.3997802734375
v -1544.286376953125 1438.27587890625 545.3997802734375
v -1544.286376953125 1438.27587890625 214.99981689453125
v -1529.56103515625 1351.68212890625 214.9998321533203
v -1457.489990234375 927.8663940429688 214.99986267089844
v -1437.193603515625 808.5123291015625 457.9998779296875
v -1382.051513671875 484.24688720703125 457.9998779296875
v -1344.666259765625 264.40301513671875 457.9999084472656
v -1399.80859375 588.6683959960938 457.9998779296875
v -1399.80859375 588.6683959960938 199.9998779296875
v -1382.051513671875 484.2468566894531 199.99989318847656
v -1344.666259765625 264.40301513671875 199.99990844726562
v -1159.478515625 -824.60009765625 200.00001525878906
v -1324.580322265625 146.28660583496094 214.99993896484375
v -1159.478515625 -824.60009765625 600.0000610351562
v -1252.50927734375 -277.52911376953125 214.99998474121094
v -1168.103515625 -773.881103515625 215.00003051757812
v -1240.174560546875 -350.065185546875 215.0
v -886.2090454101562 2051.9248046875 499.9997863769531
v -1181.96337890625 2001.6317138671875 499.999755859375
v -887.8855590820312 2061.783203125 499.9997863769531
v -1183.639892578125 2011.490234375 499.999755859375
v -886.2090454101562 2051.9248046875 299.9997863769531
v -887.8855590820312 2061.783203125 299.9997863769531
v -1181.96337890625 2001.6317138671875 299.999755859375
v -1183.639892578125 2011.490234375 299.999755859375
v -886.2090454101562 2051.9248046875 499.9997863769531
v -887.8855590820312 2061.783203125 299.9997863769531
v -886.2090454101562 2051.9248046875 299.9997863769531
v -887.8855590820312 2061.783203125 499.9997863769531
v -1181.96337890625 2001.6317138671875 499.999755859375
v -1181.96337890625 2001.6317138671875 299.999755859375
v -1183.639892578125 2011.490234375 299.999755859375
v -1183.639892578125 2011.490234375 499.999755859375
v -1457.489990234375 927.866455078125 545.39990234375
v -1529.56103515625 1351.68212890625 545.3997802734375
v -1509.843994140625 1355.0350341796875 545.3997802734375
v -1437.77294921875 931.2194213867188 545.39990234375
v -1457.489990234375 927.8663940429688 214.99986267089844
v -1509.843994140625 1355.0350341796875 214.9998321533203
v -1529.56103515625 1351.68212890625 214.9998321533203
v -1437.77294921875 931.2193603515625 214.99986267089844
v -1509.843994140625 1355.0350341796875 545.3997802734375
v -1529.56103515625 1351.68212890625 214.9998321533203
v -1509.843994140625 1355.0350341796875 214.9998321533203
v -1529.56103515625 1351.68212890625 545.3997802734375
v -1437.77294921875 931.2194213867188 545.39990234375
v -1437.77294921875 931.2193603515625 214.99986267089844
v -1457.489990234375 927.8663940429688 214.99986267089844
v -1457.489990234375 927.866455078125 545.39990234375
v -1544.286376953125 1438.27587890625 545.3997802734375
v -1616.357421875 1862.0916748046875 545.3997802734375
v -1596.640380859375 1865.444580078125 545.3997802734375
v -1524.5693359375 1441.6287841796875 545.3997802734375
v -1544.286376953125 1438.27587890625 214.99981689453125
v -1596.640380859375 1865.444580078125 214.99978637695312
v -1616.357421875 1862.0916748046875 214.99978637695312
v -1524.5693359375 1441.6287841796875 214.99981689453125
v -1596.640380859375 1865.444580078125 545.3997802734375
v -1616.357421875 1862.0916748046875 214.99978637695312
v -1596.640380859375 1865.444580078125 214.99978637695312
v -1616.357421875 1862.0916748046875 545.3997802734375
v -1524.5693359375 1441.6287841796875 545.3997802734375
v -1524.5693359375 1441.6287841796875 214.99981689453125
v -1544.286376953125 1438.27587890625 214.99981689453125
v -1544.286376953125 1438.27587890625 545.3997802734375
v -1168.103515625 -773.881103515625 545.4000854492188
v -1240.174560546875 -350.06512451171875 545.4000244140625
v -1220.45751953125 -346.71221923828125 545.4000244140625
v -1148.386474609375 -770.5281982421875 545.4000854492188
v -1168.103515625 -773.881103515625 215.00003051757812
v -1220.45751953125 -346.7122802734375 215.0
v -1240.174560546875 -350.065185546875 215.0
v -1148.386474609375 -770.5281982421875 215.00003051757812
v -1220.45751953125 -346.71221923828125 545.4000244140625
v -1240.174560546875 -350.065185546875 215.0
v -1220.45751953125 -346.7122802734375 215.0
v -1240.174560546875 -350.06512451171875 545.4000244140625
v -1148.386474609375 -770.5281982421875 545.4000854492188
v -1148.386474609375 -770.5281982421875 215.00003051757812
v -1168.103515625 -773.881103515625 215.00003051757812
v -1168.103515625 -773.881103515625 545.4000854492188
v -1252.50927734375 -277.529052734375 545.4000244140625
v -1324.580322265625 146.28663635253906 545.3999633789062
v -1304.86328125 149.63958740234375 545.3999633789062
v -1232.792236328125 -274.17608642578125 545.4000244140625
v -1252.50927734375 -277.52911376953125 214.99998474121094
v -1304.86328125 149.63955688476562 214.9999542236328
v -1324.580322265625 146.28660583496094 214.99993896484375
v -1232.792236328125 -274.1761474609375 214.99998474121094
v -1304.86328125 149.63958740234375 545.3999633789062
v -1324.580322265625 146.28660583496094 214.99993896484375
v -1304.86328125 149.63955688476562 214.9999542236328
v -1324.580322265625 146.28663635253906 545.3999633789062
v -1232.792236328125 -274.17608642578125 545.4000244140625
v -1232.792236328125 -274.1761474609375 214.99998474121094
v -1252.50927734375 -277.52911376953125 214.99998474121094
v -1252.50927734375 -277.529052734375 545.4000244140625
v -888.8722534179688 2061.615478515625 699.999755859375
v -888.8722534179688 2061.615478515625 899.999755859375
v -1184.62646484375 2011.32275390625 899.9998168945312
v -888.8869018554688 2061.613037109375 1099.287841796875
v -888.8869018554688 2061.613037109375 1299.287841796875
v -1184.64111328125 2011.3201904296875 1299.287841796875
v -888.8722534179688 2061.615478515625 1499.999755859375
v -888.8722534179688 2061.615478515625 1699.999755859375
v -1184.62646484375 2011.32275390625 1699.999755859375
v -888.8869018554688 2061.613037109375 1899.999755859375
v -888.8869018554688 2061.61328125 2099.999755859375
v -1184.64111328125 2011.3203125 2099.999755859375
v -445.86785888671875 2136.9482421875 2199.999755859375
v -1628.887939453125 1935.7763671875 2199.999755859375
v -1184.64111328125 2011.3201904296875 1899.999755859375
v -1184.62646484375 2011.32275390625 1499.999755859375
v -1184.64111328125 2011.3201904296875 1099.287841796875
v -1184.62646484375 2011.32275390625 699.9998168945312
v -1361.106201171875 361.0776672363281 599.9999389648438
v -1254.7080078125 -264.6004638671875 600.0
v -1254.7080078125 -264.6004638671875 848.9000244140625
v -1235.47900390625 -377.67706298828125 848.9000244140625
v -1254.7080078125 -264.6004638671875 1000.0
v -1254.7080078125 -264.60040283203125 1248.89990234375
v -1235.47900390625 -377.677001953125 1248.89990234375
v -1254.7080078125 -264.60040283203125 1399.9998779296875
v -1254.7080078125 -264.60040283203125 1648.89990234375
v -1235.47900390625 -377.677001953125 1648.89990234375
v -1254.7080078125 -264.600341796875 1799.9998779296875
v -1254.7080078125 -264.600341796875 2048.900146484375
v -1235.47900390625 -377.67694091796875 2048.900146484375
v -1361.106201171875 361.0777893066406 2100.0
v -1235.47900390625 -377.67706298828125 600.0
v -1225.48779296875 -436.4310302734375 600.0
v -1225.48779296875 -436.430908203125 2100.0
v -1235.47900390625 -377.67694091796875 1799.9998779296875
v -1235.47900390625 -377.677001953125 1399.9998779296875
v -1235.47900390625 -377.67706298828125 1000.0
v -1175.194091796875 -732.1851806640625 2100.0
v -1628.887939453125 1935.7763671875 2199.999755859375
v -1607.27001953125 1808.6524658203125 599.999755859375
v -1607.270263671875 1808.6527099609375 2099.999755859375
v -1411.39990234375 656.8319091796875 2100.0
v -1556.9765625 1512.8984375 2100.0
v -1175.194091796875 -732.1854248046875 600.0
v -1159.478515625 -824.599853515625 2200.0
v -1556.976318359375 1512.898193359375 599.999755859375
v -1540.877685546875 1418.230224609375 599.999755859375
v -1540.877685546875 1418.2303466796875 848.8997802734375
v -1521.648681640625 1305.153564453125 848.8998413085938
v -1540.877685546875 1418.2303466796875 999.999755859375
v -1540.877685546875 1418.2303466796875 1248.8997802734375
v -1521.648681640625 1305.153564453125 1248.8997802734375
v -1540.877685546875 1418.2303466796875 1399.999755859375
v -1540.877685546875 1418.2303466796875 1648.8997802734375
v -1521.648681640625 1305.153564453125 1648.8997802734375
v -1540.8779296875 1418.2303466796875 1799.999755859375
v -1540.8779296875 1418.2303466796875 2048.900146484375
v -1521.64892578125 1305.153564453125 2048.900146484375
v -1521.648681640625 1305.153564453125 599.9998168945312
v -1411.39990234375 656.831787109375 599.9998779296875
v -1521.64892578125 1305.153564453125 1799.999755859375
v -1521.648681640625 1305.153564453125 1399.999755859375
v -1521.648681640625 1305.153564453125 999.9998168945312
v -887.2105102539062 2051.75439453125 1299.287841796875
v -1182.96484375 2001.461669921875 1299.287841796875
v -888.8869018554688 2061.613037109375 1299.287841796875
v -1184.64111328125 2011.3201904296875 1299.287841796875
v -887.2105102539062 2051.75439453125 1099.287841796875
v -888.8869018554688 2061.613037109375 1099.287841796875
v -1182.96484375 2001.461669921875 1099.287841796875
v -1184.64111328125 2011.3201904296875 1099.287841796875
v -887.2105102539062 2051.75439453125 1299.287841796875
v -888.8869018554688 2061.613037109375 1099.287841796875
v -887.2105102539062 2051.75439453125 1099.287841796875
v -888.8869018554688 2061.613037109375 1299.287841796875
v -1182.96484375 2001.461669921875 1299.287841796875
v -1182.96484375 2001.461669921875 1099.287841796875
v -1184.64111328125 2011.3201904296875 1099.287841796875
v -1184.64111328125 2011.3201904296875 1299.287841796875
v -887.2105102539062 2051.754638671875 2099.999755859375
v -1182.96484375 2001.4617919921875 2099.999755859375
v -888.8869018554688 2061.61328125 2099.999755859375
v -1184.64111328125 2011.3203125 2099.999755859375
v -887.2105102539062 2051.75439453125 1899.999755859375
v -888.8869018554688 2061.613037109375 1899.999755859375
v -1182.96484375 2001.461669921875 1899.999755859375
v -1184.64111328125 2011.3201904296875 1899.999755859375
v -887.2105102539062 2051.754638671875 2099.999755859375
v -888.8869018554688 2061.613037109375 1899.999755859375
v -887.2105102539062 2051.75439453125 1899.999755859375
v -888.8869018554688 2061.61328125 2099.999755859375
v -1182.96484375 2001.4617919921875 2099.999755859375
v -1182.96484375 2001.461669921875 1899.999755859375
v -1184.64111328125 2011.3201904296875 1899.999755859375
v -1184.64111328125 2011.3203125 2099.999755859375
v -887.1912231445312 2051.72998046875 1699.999755859375
v -1182.945556640625 2001.4371337890625 1699.999755859375
v -888.8722534179688 2061.615478515625 1699.999755859375
v -1184.62646484375 2011.32275390625 1699.999755859375
v -887.1912231445312 2051.72998046875 1499.999755859375
v -888.8722534179688 2061.615478515625 1499.999755859375
v -1182.945556640625 2001.4371337890625 1499.999755859375
v -1184.62646484375 2011.32275390625 1499.999755859375
v -887.1912231445312 2051.72998046875 1699.999755859375
v -888.8722534179688 2061.615478515625 1499.999755859375
v -887.1912231445312 2051.72998046875 1499.999755859375
v -888.8722534179688 2061.615478515625 1699.999755859375
v -1182.945556640625 2001.4371337890625 1699.999755859375
v -1182.945556640625 2001.4371337890625 1499.999755859375
v -1184.62646484375 2011.32275390625 1499.999755859375
v -1184.62646484375 2011.32275390625 1699.999755859375
v -887.1912231445312 2051.72998046875 899.999755859375
v -1182.945556640625 2001.4371337890625 899.9998168945312
v -888.8722534179688 2061.615478515625 899.999755859375
v -1184.62646484375 2011.32275390625 899.9998168945312
v -887.1912231445312 2051.72998046875 699.999755859375
v -888.8722534179688 2061.615478515625 699.999755859375
v -1182.945556640625 2001.4371337890625 699.9998168945312
v -1184.62646484375 2011.32275390625 699.9998168945312
v -887.1912231445312 2051.72998046875 899.999755859375
v -888.8722534179688 2061.615478515625 699.999755859375
v -887.1912231445312 2051.72998046875 699.999755859375
v -888.8722534179688 2061.615478515625 899.999755859375
v -1182.945556640625 2001.4371337890625 899.9998168945312
v -1182.945556640625 2001.4371337890625 699.9998168945312
v -1184.62646484375 2011.32275390625 699.9998168945312
v -1184.62646484375 2011.32275390625 899.9998168945312
v -1556.9765625 1512.8984375 2100.0
v -1607.270263671875 1808.6527099609375 2099.999755859375
v -1582.6240234375 1812.8438720703125 2099.999755859375
v -1532.330322265625 1517.089599609375 2100.0
v -1556.976318359375 1512.898193359375 599.999755859375
v -1582.623779296875 1812.8436279296875 599.999755859375
v -1607.27001953125 1808.6524658203125 599.999755859375
v -1532.330078125 1517.08935546875 599.999755859375
v -1582.6240234375 1812.8438720703125 2099.999755859375
v -1607.27001953125 1808.6524658203125 599.999755859375
v -1582.623779296875 1812.8436279296875 599.999755859375
v -1607.270263671875 1808.6527099609375 2099.999755859375
v -1532.330322265625 1517.089599609375 2100.0
v -1532.330078125 1517.08935546875 599.999755859375
v -1556.976318359375 1512.898193359375 599.999755859375
v -1556.9765625 1512.8984375 2100.0
v -1175.194091796875 -732.1851806640625 2100.0
v -1225.48779296875 -436.430908203125 2100.0
v -1200.841552734375 -432.23974609375 2100.0
v -1150.5478515625 -727.9940185546875 2100.0
v -1175.194091796875 -732.1854248046875 600.0
v -1200.841552734375 -432.2398681640625 600.0
v -1225.48779296875 -436.4310302734375 600.0
v -1150.5478515625 -727.9942626953125 600.0
v -1200.841552734375 -432.23974609375 2100.0
v -1225.48779296875 -436.4310302734375 600.0
v -1200.841552734375 -432.2398681640625 600.0
v -1225.48779296875 -436.430908203125 2100.0
v -1150.5478515625 -727.9940185546875 2100.0
v -1150.5478515625 -727.9942626953125 600.0
v -1175.194091796875 -732.1854248046875 600.0
v -1175.194091796875 -732.1851806640625 2100.0
v -1361.106201171875 361.0777893066406 2100.0
v -1411.39990234375 656.8319091796875 2100.0
v -1386.75390625 661.0230712890625 2100.0
v -1336.4599609375 365.2689514160156 2100.0
v -1361.106201171875 361.0776672363281 599.9999389648438
v -1386.753662109375 661.02294921875 599.9998779296875
v -1411.39990234375 656.831787109375 599.9998779296875
v -1336.4599609375 365.268798828125 599.9999389648438
v -1386.75390625 661.0230712890625 2100.0
v -1411.39990234375 656.831787109375 599.9998779296875
v -1386.753662109375 661.02294921875 599.9998779296875
v -1411.39990234375 656.8319091796875 2100.0
v -1336.4599609375 365.2689514160156 2100.0
v -1336.4599609375 365.268798828125 599.9999389648438
v -1361.106201171875 361.0776672363281 599.9999389648438
v -1361.106201171875 361.0777893066406 2100.0
v -1647.72314453125 -1085.1220703125 2200.0
v -1422.72314453125 -767.9345703125 2200.0
v -1605.80419921875 -1331.58203125 2200.000244140625
v -625.3477172851562 -2027.0653076171875 2200.000244140625
v -1159.478515625 -824.599609375 2200.0
v -477.47174072265625 -2001.9188232421875 2200.000244140625
v -177.64276123046875 559.59228515625 2200.0
v 406.2928466796875 -786.5501708984375 2200.0
v 405.7923583984375 -634.4872436523438 2200.0
v 835.3455810546875 -28.90863037109375 2200.0
v 424.627685546875 2386.42333984375 2199.999755859375
v 958.5755615234375 -7.949127197265625 2200.0
v 1837.640380859375 1384.1285400390625 2200.0
v 1858.599853515625 1260.8985595703125 2200.0
v -1694.940185546875 2025.99853515625 2199.999755859375
v -445.86785888671875 2136.9482421875 2199.999755859375
v -1628.887939453125 1935.7763671875 2199.999755859375
v -1858.599853515625 1795.2978515625 2199.999755859375
v -1422.72314453125 -767.9345703125 2200.0
v -1647.72314453125 -1085.1220703125 2200.0
v -1422.72314453125 -767.9345703125 2300.0
v -1647.72314453125 -1085.1220703125 2300.0
v -1647.72314453125 -1085.1220703125 2200.0
v -1605.80419921875 -1331.58203125 2200.000244140625
v -1647.72314453125 -1085.1220703125 2300.0
v -1605.80419921875 -1331.58203125 2300.000244140625
v -1605.80419921875 -1331.58203125 2200.000244140625
v -625.3479614257812 -2027.0653076171875 2200.000244140625
v -1605.80419921875 -1331.58203125 2300.000244140625
v -625.3479614257812 -2027.0653076171875 2300.000244140625
v -625.3477172851562 -2027.0653076171875 2200.000244140625
v -477.47174072265625 -2001.9188232421875 2200.000244140625
v -625.3477172851562 -2027.0653076171875 2300.000244140625
v -477.47174072265625 -2001.9188232421875 2300.000244140625
v -477.47174072265625 -2001.9188232421875 2200.000244140625
v 406.2928466796875 -786.55029296875 2200.0
v -477.47174072265625 -2001.9188232421875 2300.000244140625
v 406.2928466796875 -786.55029296875 2300.0
v 406.2928466796875 -786.5501708984375 2200.0
v 405.7923583984375 -634.4872436523438 2200.0
v 406.2928466796875 -786.5501708984375 2300.0
v 405.7923583984375 -634.4872436523438 2300.0
v 405.7923583984375 -634.4872436523438 2200.0
v 835.3455810546875 -28.9085693359375 2200.0
v 405.7923583984375 -634.4872436523438 2300.0
v 835.3455810546875 -28.908538818359375 2300.0
v 835.3455810546875 -28.90863037109375 2200.0
v 958.5755615234375 -7.949066162109375 2200.0
v 835.3455810546875 -28.908599853515625 2300.0
v 958.5755615234375 -7.94903564453125 2300.0
v 958.5755615234375 -7.949066162109375 2200.0
v 1858.599853515625 1260.898681640625 2200.0
v 958.5755615234375 -7.94903564453125 2300.0
v 1858.599853515625 1260.898681640625 2300.0
v 1858.599853515625 1260.8985595703125 2200.0
v 1837.640380859375 1384.1285400390625 2200.0
v 1858.599853515625 1260.8985595703125 2300.0
v 1837.640380859375 1384.1285400390625 2300.0
v 1837.640380859375 1384.1285400390625 2200.0
v 424.62750244140625 2386.42333984375 2199.999755859375
v 1837.640380859375 1384.1285400390625 2300.0
v 424.62750244140625 2386.42333984375 2299.999755859375
v 424.627685546875 2386.42333984375 2199.999755859375
v -1694.940185546875 2025.99853515625 2199.999755859375
v 424.627685546875 2386.42333984375 2299.999755859375
v -1694.940185546875 2025.99853515625 2299.999755859375
v -1694.940185546875 2025.99853515625 2199.999755859375
v -1858.599853515625 1795.2978515625 2199.999755859375
v -1694.940185546875 2025.99853515625 2299.999755859375
v -1858.599853515625 1795.2978515625 2299.999755859375
v -1858.599853515625 1795.2978515625 2199.999755859375
v -1422.72314453125 -767.9345703125 2200.0
v -1858.599853515625 1795.2978515625 2299.999755859375
v -1422.72314453125 -767.9345703125 2300.0
v -1647.72314453125 -1085.1220703125 2300.0
v -1605.80419921875 -1331.58203125 2300.000244140625
v -1422.72314453125 -767.9345703125 2300.0
v -625.3477172851562 -2027.0653076171875 2300.000244140625
v -477.47174072265625 -2001.9188232421875 2300.000244140625
v 405.7923583984375 -634.4872436523438 2300.0
v 424.627685546875 2386.42333984375 2299.999755859375
v -1694.940185546875 2025.99853515625 2299.999755859375
v 406.2928466796875 -786.5501708984375 2300.0
v 835.3455810546875 -28.908599853515625 2300.0
v 958.5755615234375 -7.94903564453125 2300.0
v 1837.640380859375 1384.1285400390625 2300.0
v 1858.599853515625 1260.8985595703125 2300.0
v -1858.599853515625 1795.2978515625 2299.999755859375
v -1339.703125 235.19021606445312 199.99990844726562
v -1364.34912109375 231.00320434570312 199.99990844726562
v -1339.703125 235.19024658203125 499.9999084472656
v -1364.34912109375 231.00323486328125 499.9999084472656
v -1364.34912109375 231.00320434570312 199.99990844726562
v -1355.962890625 181.71121215820312 199.9999237060547
v -1364.34912109375 231.00323486328125 499.9999084472656
v -1355.962890625 181.71124267578125 499.9999084472656
v -1355.962890625 181.71121215820312 199.9999237060547
v -1331.31689453125 185.89822387695312 199.9999237060547
v -1355.962890625 181.71124267578125 499.9999084472656
v -1331.31689453125 185.89825439453125 499.9999084472656
v -1364.34912109375 231.00323486328125 499.9999084472656
v -1355.962890625 181.71124267578125 499.9999084472656
v -1339.703125 235.19024658203125 499.9999084472656
v -1331.31689453125 185.8982391357422 499.9999084472656
v -1394.18310546875 555.5881958007812 199.99989318847656
v -1418.8291015625 551.4011840820312 199.99989318847656
v -1394.18310546875 555.5882568359375 499.9998779296875
v -1418.8291015625 551.4012451171875 499.9998779296875
v -1418.8291015625 551.4011840820312 199.99989318847656
v -1410.455078125 502.10919189453125 199.99989318847656
v -1418.8291015625 551.4012451171875 499.9998779296875
v -1410.455078125 502.1092529296875 499.9998779296875
v -1410.455078125 502.1092224121094 199.99989318847656
v -1385.796875 506.29620361328125 199.99989318847656
v -1410.455078125 502.1092529296875 499.99981689453125
v -1385.796875 506.2962646484375 499.99981689453125
v -1418.8291015625 551.4012451171875 499.9998779296875
v -1410.455078125 502.1092529296875 499.9998779296875
v -1394.18310546875 555.5882568359375 499.9998779296875
v -1385.796875 506.2962646484375 499.9998779296875
v -1448.67529296875 875.9861450195312 199.99986267089844
v -1473.3212890625 871.7991333007812 199.99986267089844
v -1448.67529296875 875.9862060546875 499.9998474121094
v -1473.3212890625 871.7991943359375 499.9998474121094
v -1473.3212890625 871.7991333007812 199.99986267089844
v -1464.93505859375 822.5071411132812 199.99986267089844
v -1473.3212890625 871.7991943359375 499.9998474121094
v -1464.93505859375 822.5072021484375 499.9998779296875
v -1464.93505859375 822.5071411132812 199.99986267089844
v -1440.2890625 826.6941528320312 199.99986267089844
v -1464.93505859375 822.5072021484375 499.9998779296875
v -1440.2890625 826.6942138671875 499.9998474121094
v -1473.3212890625 871.7991943359375 499.9998474121094
v -1464.93505859375 822.5072021484375 499.9998779296875
v -1448.67529296875 875.9862060546875 499.9998474121094
v -1440.2890625 826.6942138671875 499.9998474121094
v -1376.421875 152.8660430908203 499.9999084472656
v -1502.154296875 892.2581176757812 499.9998474121094
v -1452.8623046875 900.6322021484375 499.9998474121094
v -1327.1298828125 161.2522735595703 499.9999084472656
v -1452.8623046875 900.6322021484375 499.9998474121094
v -1502.154296875 892.2581176757812 499.9998474121094
v -1452.8623046875 900.6322021484375 549.9998779296875
v -1502.154296875 892.2581176757812 549.9998168945312
v -1502.154296875 892.2581176757812 499.9998474121094
v -1376.421875 152.86595153808594 499.9999084472656
v -1502.154296875 892.2581176757812 549.9998168945312
v -1376.421875 152.86595153808594 549.9999389648438
v -1376.421875 152.8660430908203 499.9999084472656
v -1327.1298828125 161.2522735595703 499.9999084472656
v -1376.421875 152.8660430908203 549.9999389648438
v -1327.1298828125 161.2522735595703 549.9999389648438
v -1376.421875 152.8660430908203 549.9999389648438
v -1452.8623046875 900.6322021484375 549.9998779296875
v -1502.154296875 892.2581176757812 549.9998168945312
v -1327.1298828125 161.2522735595703 549.9999389648438
v -1494.77099609375 1147.11865234375 599.9998779296875
v -1667.286376953125 1117.7774658203125 599.9998168945312
v -1494.77099609375 1147.11865234375 949.9998779296875
v -1667.286376953125 1117.7774658203125 949.9998168945312
v -1667.286376953125 1117.7774658203125 599.9998168945312
v -1600.208740234375 723.4415893554688 599.9998168945312
v -1658.90185546875 1068.485595703125 699.9998168945312
v -1658.90185546875 1068.485595703125 899.9998168945312
v -1608.593505859375 772.73388671875 899.9998168945312
v -1667.286376953125 1117.7774658203125 949.9998168945312
v -1600.208740234375 723.441650390625 949.9998168945312
v -1608.593505859375 772.73388671875 699.9998168945312
v -1600.208740234375 723.4415283203125 599.9998168945312
v -1427.70556640625 752.7824096679688 599.9998779296875
v -1600.208740234375 723.4415283203125 949.9998168945312
v -1427.705810546875 752.782470703125 949.9998779296875
v -1608.593505859375 772.73388671875 899.9998168945312
v -1658.90185546875 1068.485595703125 899.9998168945312
v -1634.255859375 1072.677978515625 899.9998168945312
v -1583.947509765625 776.92626953125 899.9998168945312
v -1608.593505859375 772.73388671875 699.9998168945312
v -1634.255859375 1072.677978515625 699.9998168945312
v -1658.90185546875 1068.485595703125 699.9998168945312
v -1583.947509765625 776.9262084960938 699.9998168945312
v -1634.255859375 1072.677978515625 899.9998168945312
v -1658.90185546875 1068.485595703125 699.9998168945312
v -1634.255859375 1072.677978515625 699.9998168945312
v -1658.90185546875 1068.485595703125 899.9998168945312
v -1583.947509765625 776.92626953125 899.9998168945312
v -1583.947509765625 776.9262084960938 699.9998168945312
v -1608.593505859375 772.73388671875 699.9998168945312
v -1608.593505859375 772.73388671875 899.9998168945312
v -1604.237060546875 1939.9576416015625 599.999755859375
v -1727.467041015625 1919.0103759765625 599.999755859375
v -1809.290771484375 1803.6539306640625 599.999755859375
v -1373.414306640625 -759.5418701171875 600.0000610351562
v -1130.640869140625 -845.0645751953125 600.0000610351562
v -1598.414306640625 -1076.7537841796875 600.0
v -1573.267822265625 -1224.6297607421875 600.0
v -1457.923583984375 -1306.4534912109375 600.0000610351562
v -1604.237060546875 1939.9576416015625 549.499755859375
v -1809.290771484375 1803.6539306640625 549.499755859375
v -1727.467041015625 1919.0103759765625 549.499755859375
v -1373.414306640625 -759.5418701171875 549.5000610351562
v -1130.640869140625 -845.0645751953125 549.5000610351562
v -1598.414306640625 -1076.7537841796875 549.5
v -1573.267822265625 -1224.6297607421875 549.5
v -1457.923583984375 -1306.4534912109375 549.5000610351562
v -1604.237060546875 1939.9576416015625 599.999755859375
v -1727.467041015625 1919.0103759765625 549.499755859375
v -1727.467041015625 1919.0103759765625 599.999755859375
v -1604.237060546875 1939.9576416015625 549.499755859375
v -1727.467041015625 1919.0103759765625 599.999755859375
v -1809.290771484375 1803.6539306640625 549.499755859375
v -1809.290771484375 1803.6539306640625 599.999755859375
v -1727.467041015625 1919.0103759765625 549.499755859375
v -1809.290771484375 1803.6539306640625 599.999755859375
v -1373.414306640625 -759.5418701171875 549.5000610351562
v -1373.414306640625 -759.5418701171875 600.0000610351562
v -1809.290771484375 1803.6539306640625 549.499755859375
v -1373.414306640625 -759.5418701171875 600.0000610351562
v -1598.414306640625 -1076.7537841796875 549.5
v -1598.414306640625 -1076.7537841796875 600.0
v -1373.414306640625 -759.5418701171875 549.5000610351562
v -1598.414306640625 -1076.7537841796875 600.0
v -1573.267822265625 -1224.6297607421875 549.5
v -1573.267822265625 -1224.6297607421875 600.0
v -1598.414306640625 -1076.7537841796875 549.5
v -1573.267822265625 -1224.6297607421875 600.0
v -1457.923583984375 -1306.4534912109375 549.5000610351562
v -1457.923583984375 -1306.4534912109375 600.0000610351562
v -1573.267822265625 -1224.6297607421875 549.5
v -1457.923583984375 -1306.4534912109375 600.0000610351562
v -1130.640869140625 -845.0645751953125 549.5000610351562
v -1130.640869140625 -845.0645751953125 600.0000610351562
v -1457.923583984375 -1306.4534912109375 549.5000610351562
v -1130.640869140625 -845.0645751953125 600.0000610351562
v -1604.237060546875 1939.9576416015625 549.499755859375
v -1604.237060546875 1939.9576416015625 599.999755859375
v -1130.640869140625 -845.0645751953125 549.5000610351562
v -1667.286376953125 1117.7774658203125 949.9998168945312
v -1600.208740234375 723.4415283203125 949.9998168945312
v -1494.77099609375 1147.11865234375 949.9998779296875
v -1427.705810546875 752.782470703125 949.9998779296875
v -1373.4208984375 -759.5228271484375 950.0005493164062
v -1727.503662109375 1919.022705078125 949.9998779296875
v -1604.249267578125 1939.945556640625 949.9998779296875
v -1809.315185546875 1803.666259765625 949.9998779296875
v -1598.304443359375 -1076.7415771484375 950.0005493164062
v -1457.935791015625 -1306.44140625 950.0007934570312
v -1573.145751953125 -1224.6175537109375 950.0006713867188
v -1130.653076171875 -845.0399169921875 950.0003662109375
v -1604.249267578125 1939.945556640625 949.9998779296875
v -1727.503662109375 1919.022705078125 949.9998779296875
v -1604.249267578125 1939.945556640625 999.9998779296875
v -1727.503662109375 1919.022705078125 999.9998779296875
v -1727.503662109375 1919.022705078125 949.9998779296875
v -1809.315185546875 1803.666259765625 949.9998779296875
v -1727.503662109375 1919.022705078125 999.9998779296875
v -1809.315185546875 1803.666259765625 999.9998779296875
v -1809.315185546875 1803.666259765625 949.9998779296875
v -1373.4208984375 -759.5230712890625 950.0005493164062
v -1809.315185546875 1803.666259765625 999.9998779296875
v -1373.4208984375 -759.5230712890625 1000.0005493164062
v -1373.4208984375 -759.52294921875 950.0005493164062
v -1598.304443359375 -1076.741455078125 950.0005493164062
v -1373.4208984375 -759.52294921875 1000.0005493164062
v -1598.304443359375 -1076.741455078125 1000.0005493164062
v -1598.304443359375 -1076.741455078125 950.0005493164062
v -1573.145751953125 -1224.617431640625 950.0006713867188
v -1598.304443359375 -1076.741455078125 1000.0005493164062
v -1573.145751953125 -1224.617431640625 1000.0006713867188
v -1573.145751953125 -1224.617431640625 950.0006713867188
v -1457.935791015625 -1306.441162109375 950.0007934570312
v -1573.145751953125 -1224.617431640625 1000.0006713867188
v -1457.935791015625 -1306.441162109375 1000.0007934570312
v -1597.35009765625 1899.3033447265625 1093.11181640625
v -1700.693603515625 1876.35791015625 1091.9708251953125
v -1596.458740234375 1894.05224609375 1091.9708251953125
v -1703.76123046875 1881.2396240234375 1093.11181640625
v -1597.7607421875 1901.7220458984375 1093.120849609375
v -1703.76123046875 1881.2396240234375 1093.11181640625
v -1597.35009765625 1899.3033447265625 1093.11181640625
v -1705.17431640625 1883.4881591796875 1093.120849609375
v -1598.711181640625 1907.3212890625 1091.9388427734375
v -1705.17431640625 1883.4881591796875 1093.120849609375
v -1597.7607421875 1901.7220458984375 1093.120849609375
v -1708.445068359375 1888.6934814453125 1091.9388427734375
v -1598.71240234375 1907.3287353515625 1086.227783203125
v -1708.445068359375 1888.6934814453125 1091.9388427734375
v -1598.711181640625 1907.3212890625 1091.9388427734375
v -1708.449462890625 1888.7003173828125 1086.227783203125
v -1596.45849609375 1894.0501708984375 1086.223876953125
v -1708.449462890625 1888.7003173828125 1086.227783203125
v -1598.71240234375 1907.3287353515625 1086.227783203125
v -1700.6923828125 1876.3560791015625 1086.223876953125
v -1596.458740234375 1894.05224609375 1091.9708251953125
v -1700.6923828125 1876.3560791015625 1086.223876953125
v -1596.45849609375 1894.0501708984375 1086.223876953125
v -1700.693603515625 1876.35791015625 1091.9708251953125
v -1597.854248046875 1902.2720947265625 1010.0585327148438
v -1703.5361328125 1880.881591796875 1010.0447387695312
v -1597.284912109375 1898.918212890625 1010.0447387695312
v -1705.49560546875 1883.99951171875 1010.0585327148438
v -1597.85498046875 1902.2774658203125 1007.707275390625
v -1705.49560546875 1883.99951171875 1010.0585327148438
v -1597.854248046875 1902.2720947265625 1010.0585327148438
v -1705.49853515625 1884.0045166015625 1007.707275390625
v -1597.28564453125 1898.9234619140625 1007.7039184570312
v -1705.49853515625 1884.0045166015625 1007.707275390625
v -1597.85498046875 1902.2774658203125 1007.707275390625
v -1703.539306640625 1880.886474609375 1007.7039184570312
v -1597.284912109375 1898.918212890625 1010.0447387695312
v -1703.539306640625 1880.886474609375 1007.7039184570312
v -1597.28564453125 1898.9234619140625 1007.7039184570312
v -1703.5361328125 1880.881591796875 1010.0447387695312
v -1597.831787109375 1902.14111328125 1062.47802734375
v -1703.471435546875 1880.7786865234375 1062.47802734375
v -1597.265869140625 1898.8074951171875 1062.47802734375
v -1705.4189453125 1883.8778076171875 1062.47802734375
v -1597.828857421875 1902.12255859375 1059.9190673828125
v -1705.4189453125 1883.8778076171875 1062.47802734375
v -1597.831787109375 1902.14111328125 1062.47802734375
v -1705.408203125 1883.860595703125 1059.9190673828125
v -1597.262939453125 1898.7890625 1059.9190673828125
v -1705.408203125 1883.860595703125 1059.9190673828125
v -1597.828857421875 1902.12255859375 1059.9190673828125
v -1703.4609375 1880.7615966796875 1059.9190673828125
v -1597.265869140625 1898.8074951171875 1062.47802734375
v -1703.4609375 1880.7615966796875 1059.9190673828125
v -1597.262939453125 1898.7890625 1059.9190673828125
v -1703.471435546875 1880.7786865234375 1062.47802734375
v -1703.76123046875 1881.2396240234375 1093.11181640625
v -1760.192138671875 1792.4637451171875 1091.9708251953125
v -1700.693603515625 1876.35791015625 1091.9708251953125
v -1765.812744140625 1793.7454833984375 1093.11181640625
v -1765.812744140625 1793.7454833984375 1093.11181640625
v -1768.401611328125 1794.3359375 1093.120849609375
v -1708.445068359375 1888.6934814453125 1091.9388427734375
v -1768.401611328125 1794.3359375 1093.120849609375
v -1705.17431640625 1883.4881591796875 1093.120849609375
v -1774.39501953125 1795.7027587890625 1091.9388427734375
v -1708.449462890625 1888.7003173828125 1086.227783203125
v -1774.39501953125 1795.7027587890625 1091.9388427734375
v -1708.445068359375 1888.6934814453125 1091.9388427734375
v -1774.40283203125 1795.70458984375 1086.227783203125
v -1774.40283203125 1795.70458984375 1086.227783203125
v -1760.189697265625 1792.4632568359375 1086.223876953125
v -1700.693603515625 1876.35791015625 1091.9708251953125
v -1760.189697265625 1792.4632568359375 1086.223876953125
v -1700.6923828125 1876.3560791015625 1086.223876953125
v -1760.192138671875 1792.4637451171875 1091.9708251953125
v -1705.49560546875 1883.99951171875 1010.0585327148438
v -1765.400390625 1793.6514892578125 1010.0447387695312
v -1703.5361328125 1880.881591796875 1010.0447387695312
v -1768.990234375 1794.47021484375 1010.0585327148438
v -1705.49853515625 1884.0045166015625 1007.707275390625
v -1768.990234375 1794.47021484375 1010.0585327148438
v -1705.49560546875 1883.99951171875 1010.0585327148438
v -1768.99609375 1794.4715576171875 1007.707275390625
v -1768.99609375 1794.4715576171875 1007.707275390625
v -1765.406005859375 1793.65283203125 1007.7039184570312
v -1703.5361328125 1880.881591796875 1010.0447387695312
v -1765.406005859375 1793.65283203125 1007.7039184570312
v -1703.539306640625 1880.886474609375 1007.7039184570312
v -1765.400390625 1793.6514892578125 1010.0447387695312
v -1765.28173828125 1793.62451171875 1062.47802734375
v -1768.85009765625 1794.438232421875 1062.47802734375
v -1705.408203125 1883.860595703125 1059.9190673828125
v -1768.85009765625 1794.438232421875 1062.47802734375
v -1705.4189453125 1883.8778076171875 1062.47802734375
v -1768.830322265625 1794.433837890625 1059.9190673828125
v -1768.830322265625 1794.433837890625 1059.9190673828125
v -1765.26220703125 1793.6199951171875 1059.9190673828125
v -1703.471435546875 1880.7786865234375 1062.47802734375
v -1765.26220703125 1793.6199951171875 1059.9190673828125
v -1703.4609375 1880.7615966796875 1059.9190673828125
v -1765.28173828125 1793.62451171875 1062.47802734375
v -1765.812744140625 1793.7454833984375 1093.11181640625
v -1324.298583984375 -770.7203369140625 1091.971435546875
v -1760.192138671875 1792.4637451171875 1091.9708251953125
v -1329.9189453125 -769.439208984375 1093.1124267578125
v -1329.9189453125 -769.439208984375 1093.1124267578125
v -1332.5078125 -768.84912109375 1093.12158203125
v -1774.39501953125 1795.7027587890625 1091.9388427734375
v -1332.5078125 -768.84912109375 1093.12158203125
v -1768.401611328125 1794.3359375 1093.120849609375
v -1338.501220703125 -767.4827880859375 1091.9395751953125
v -1774.40283203125 1795.70458984375 1086.227783203125
v -1338.501220703125 -767.4827880859375 1091.9395751953125
v -1774.39501953125 1795.7027587890625 1091.9388427734375
v -1338.509033203125 -767.4810791015625 1086.228515625
v -1338.509033203125 -767.4810791015625 1086.228515625
v -1324.296142578125 -770.720947265625 1086.224609375
v -1760.192138671875 1792.4637451171875 1091.9708251953125
v -1324.296142578125 -770.720947265625 1086.224609375
v -1760.189697265625 1792.4632568359375 1086.223876953125
v -1324.298583984375 -770.7203369140625 1091.971435546875
v -1768.990234375 1794.47021484375 1010.0585327148438
v -1329.5068359375 -769.5330810546875 1010.0454711914062
v -1765.400390625 1793.6514892578125 1010.0447387695312
v -1333.0966796875 -768.71484375 1010.0592041015625
v -1768.99609375 1794.4715576171875 1007.707275390625
v -1333.0966796875 -768.71484375 1010.0592041015625
v -1768.990234375 1794.47021484375 1010.0585327148438
v -1333.1025390625 -768.7135009765625 1007.7079467773438
v -1333.1025390625 -768.7135009765625 1007.7079467773438
v -1329.512451171875 -769.5318603515625 1007.7047119140625
v -1765.400390625 1793.6514892578125 1010.0447387695312
v -1329.512451171875 -769.5318603515625 1007.7047119140625
v -1765.406005859375 1793.65283203125 1007.7039184570312
v -1329.5068359375 -769.5330810546875 1010.0454711914062
v -1329.38818359375 -769.5601806640625 1062.478759765625
v -1332.95654296875 -768.746826171875 1062.478759765625
v -1768.830322265625 1794.433837890625 1059.9190673828125
v -1332.95654296875 -768.746826171875 1062.478759765625
v -1768.85009765625 1794.438232421875 1062.47802734375
v -1332.936767578125 -768.751220703125 1059.919677734375
v -1332.936767578125 -768.751220703125 1059.919677734375
v -1329.36865234375 -769.564697265625 1059.919677734375
v -1765.28173828125 1793.62451171875 1062.47802734375
v -1329.36865234375 -769.564697265625 1059.919677734375
v -1765.26220703125 1793.6199951171875 1059.9190673828125
v -1329.38818359375 -769.5601806640625 1062.478759765625
v -1329.9189453125 -769.439208984375 1093.1124267578125
v -1549.18115234375 -1087.9373779296875 1091.9715576171875
v -1324.298583984375 -770.7203369140625 1091.971435546875
v -1554.8017578125 -1086.65625 1093.112548828125
v -1554.8017578125 -1086.65625 1093.112548828125
v -1557.390625 -1086.0662841796875 1093.12158203125
v -1338.501220703125 -767.4827880859375 1091.9395751953125
v -1557.390625 -1086.0662841796875 1093.12158203125
v -1332.5078125 -768.84912109375 1093.12158203125
v -1563.384033203125 -1084.7003173828125 1091.9395751953125
v -1338.509033203125 -767.4810791015625 1086.228515625
v -1563.384033203125 -1084.7003173828125 1091.9395751953125
v -1338.501220703125 -767.4827880859375 1091.9395751953125
v -1563.391845703125 -1084.6986083984375 1086.228515625
v -1563.391845703125 -1084.6986083984375 1086.228515625
v -1549.1787109375 -1087.9378662109375 1086.224609375
v -1324.298583984375 -770.7203369140625 1091.971435546875
v -1549.1787109375 -1087.9378662109375 1086.224609375
v -1324.296142578125 -770.720947265625 1086.224609375
v -1549.18115234375 -1087.9373779296875 1091.9715576171875
v -1333.0966796875 -768.71484375 1010.0592041015625
v -1554.389404296875 -1086.7503662109375 1010.0455322265625
v -1329.5068359375 -769.5330810546875 1010.0454711914062
v -1557.9794921875 -1085.9320068359375 1010.0592651367188
v -1333.1025390625 -768.7135009765625 1007.7079467773438
v -1557.9794921875 -1085.9320068359375 1010.0592651367188
v -1333.0966796875 -768.71484375 1010.0592041015625
v -1557.985107421875 -1085.9306640625 1007.7080078125
v -1557.985107421875 -1085.9306640625 1007.7080078125
v -1554.39501953125 -1086.7490234375 1007.7047119140625
v -1329.5068359375 -769.5330810546875 1010.0454711914062
v -1554.39501953125 -1086.7490234375 1007.7047119140625
v -1329.512451171875 -769.5318603515625 1007.7047119140625
v -1554.389404296875 -1086.7503662109375 1010.0455322265625
v -1554.27099609375 -1086.7772216796875 1062.4788818359375
v -1557.839111328125 -1085.964111328125 1062.4788818359375
v -1332.936767578125 -768.751220703125 1059.919677734375
v -1557.839111328125 -1085.964111328125 1062.4788818359375
v -1332.95654296875 -768.746826171875 1062.478759765625
v -1557.819580078125 -1085.968505859375 1059.9197998046875
v -1557.819580078125 -1085.968505859375 1059.9197998046875
v -1554.251220703125 -1086.78173828125 1059.9197998046875
v -1329.38818359375 -769.5601806640625 1062.478759765625
v -1554.251220703125 -1086.78173828125 1059.9197998046875
v -1329.36865234375 -769.564697265625 1059.919677734375
v -1554.27099609375 -1086.7772216796875 1062.4788818359375
v -1554.8017578125 -1086.65625 1093.112548828125
v -1530.486328125 -1197.819580078125 1091.9716796875
v -1549.18115234375 -1087.9373779296875 1091.9715576171875
v -1535.367431640625 -1200.8856201171875 1093.1126708984375
v -1535.367431640625 -1200.8856201171875 1093.1126708984375
v -1537.61572265625 -1202.298095703125 1093.1217041015625
v -1563.384033203125 -1084.7003173828125 1091.9395751953125
v -1537.61572265625 -1202.298095703125 1093.1217041015625
v -1557.390625 -1086.0662841796875 1093.12158203125
v -1542.820556640625 -1205.567626953125 1091.939697265625
v -1563.391845703125 -1084.6986083984375 1086.228515625
v -1542.820556640625 -1205.567626953125 1091.939697265625
v -1563.384033203125 -1084.7003173828125 1091.9395751953125
v -1542.8271484375 -1205.57177734375 1086.228759765625
v -1542.8271484375 -1205.57177734375 1086.228759765625
v -1530.484375 -1197.8182373046875 1086.2247314453125
v -1549.18115234375 -1087.9373779296875 1091.9715576171875
v -1530.484375 -1197.8182373046875 1086.2247314453125
v -1549.1787109375 -1087.9378662109375 1086.224609375
v -1530.486328125 -1197.819580078125 1091.9716796875
v -1557.9794921875 -1085.9320068359375 1010.0592651367188
v -1535.00927734375 -1200.6607666015625 1010.045654296875
v -1554.389404296875 -1086.7503662109375 1010.0455322265625
v -1538.127197265625 -1202.6192626953125 1010.059326171875
v -1557.985107421875 -1085.9306640625 1007.7080078125
v -1538.127197265625 -1202.6192626953125 1010.059326171875
v -1557.9794921875 -1085.9320068359375 1010.0592651367188
v -1538.1318359375 -1202.622314453125 1007.7080688476562
v -1538.1318359375 -1202.622314453125 1007.7080688476562
v -1535.014404296875 -1200.6640625 1007.704833984375
v -1554.389404296875 -1086.7503662109375 1010.0455322265625
v -1535.014404296875 -1200.6640625 1007.704833984375
v -1554.39501953125 -1086.7490234375 1007.7047119140625
v -1535.00927734375 -1200.6607666015625 1010.045654296875
v -1534.906494140625 -1200.5963134765625 1062.4788818359375
v -1538.005126953125 -1202.542724609375 1062.4788818359375
v -1557.819580078125 -1085.968505859375 1059.9197998046875
v -1538.005126953125 -1202.542724609375 1062.4788818359375
v -1557.839111328125 -1085.964111328125 1062.4788818359375
v -1537.988037109375 -1202.5321044921875 1059.919921875
v -1537.988037109375 -1202.5321044921875 1059.919921875
v -1534.889404296875 -1200.58544921875 1059.919921875
v -1554.27099609375 -1086.7772216796875 1062.4788818359375
v -1534.889404296875 -1200.58544921875 1059.919921875
v -1554.251220703125 -1086.78173828125 1059.9197998046875
v -1534.906494140625 -1200.5963134765625 1062.4788818359375
v -1535.367431640625 -1200.8856201171875 1093.1126708984375
v -1430.98193359375 -1268.4891357421875 1091.9718017578125
v -1530.486328125 -1197.819580078125 1091.9716796875
v -1434.06591796875 -1272.8314208984375 1093.11279296875
v -1434.06591796875 -1272.8314208984375 1093.11279296875
v -1435.486328125 -1274.8319091796875 1093.121826171875
v -1542.820556640625 -1205.567626953125 1091.939697265625
v -1435.486328125 -1274.8319091796875 1093.121826171875
v -1537.61572265625 -1202.298095703125 1093.1217041015625
v -1438.775146484375 -1279.462158203125 1091.9398193359375
v -1542.8271484375 -1205.57177734375 1086.228759765625
v -1438.775146484375 -1279.462158203125 1091.9398193359375
v -1542.820556640625 -1205.567626953125 1091.939697265625
v -1438.779296875 -1279.46826171875 1086.2288818359375
v -1438.779296875 -1279.46826171875 1086.2288818359375
v -1430.98046875 -1268.4873046875 1086.224853515625
v -1530.486328125 -1197.819580078125 1091.9716796875
v -1430.98046875 -1268.4873046875 1086.224853515625
v -1530.484375 -1197.8182373046875 1086.2247314453125
v -1430.98193359375 -1268.4891357421875 1091.9718017578125
v -1538.127197265625 -1202.6192626953125 1010.059326171875
v -1433.839599609375 -1272.512939453125 1010.0457763671875
v -1535.00927734375 -1200.6607666015625 1010.045654296875
v -1435.8095703125 -1275.28662109375 1010.0595092773438
v -1538.1318359375 -1202.622314453125 1007.7080688476562
v -1435.8095703125 -1275.28662109375 1010.0595092773438
v -1538.127197265625 -1202.6192626953125 1010.059326171875
v -1435.8125 -1275.2911376953125 1007.708251953125
v -1435.8125 -1275.2911376953125 1007.708251953125
v -1433.8427734375 -1272.5174560546875 1007.7050170898438
v -1535.00927734375 -1200.6607666015625 1010.045654296875
v -1433.8427734375 -1272.5174560546875 1007.7050170898438
v -1535.014404296875 -1200.6640625 1007.704833984375
v -1433.839599609375 -1272.512939453125 1010.0457763671875
v -1433.774658203125 -1272.42138671875 1062.47900390625
v -1435.732421875 -1275.17822265625 1062.47900390625
v -1537.988037109375 -1202.5321044921875 1059.919921875
v -1435.732421875 -1275.17822265625 1062.47900390625
v -1538.005126953125 -1202.542724609375 1062.4788818359375
v -1435.7216796875 -1275.1629638671875 1059.9200439453125
v -1435.7216796875 -1275.1629638671875 1059.9200439453125
v -1433.763916015625 -1272.4061279296875 1059.9200439453125
v -1534.906494140625 -1200.5963134765625 1062.4788818359375
v -1433.763916015625 -1272.4061279296875 1059.9200439453125
v -1534.889404296875 -1200.58544921875 1059.919921875
v -1433.774658203125 -1272.42138671875 1062.47900390625
v -1597.871826171875 1902.377197265625 1069.9713134765625
v -1705.593994140625 1884.1561279296875 1000.0806274414062
v -1597.8828125 1902.4405517578125 1000.0806274414062
v -1705.55712890625 1884.0972900390625 1069.9713134765625
v -1598.08837890625 1903.6524658203125 1069.9713134765625
v -1705.55712890625 1884.0972900390625 1069.9713134765625
v -1597.871826171875 1902.377197265625 1069.9713134765625
v -1706.302001953125 1885.282958984375 1069.9713134765625
v -1598.096923828125 1903.7032470703125 1000.04296875
v -1706.302001953125 1885.282958984375 1069.9713134765625
v -1598.08837890625 1903.6524658203125 1069.9713134765625
v -1706.33154296875 1885.330078125 1000.04296875
v -1597.89013671875 1902.4835205078125 999.9948120117188
v -1706.283447265625 1885.253662109375 1000.0108032226562
v -1598.0830078125 1903.6209716796875 1000.0108032226562
v -1705.618896484375 1884.196044921875 999.9948120117188
v -1705.55712890625 1884.0972900390625 1069.9713134765625
v -1769.170654296875 1794.5113525390625 1000.0806274414062
v -1705.593994140625 1884.1561279296875 1000.0806274414062
v -1769.10302734375 1794.495849609375 1069.9713134765625
v -1769.10302734375 1794.495849609375 1069.9713134765625
v -1770.4677734375 1794.8072509765625 1069.9713134765625
v -1706.33154296875 1885.330078125 1000.04296875
v -1770.4677734375 1794.8072509765625 1069.9713134765625
v -1706.302001953125 1885.282958984375 1069.9713134765625
v -1770.522216796875 1794.819580078125 1000.04296875
v -1705.618896484375 1884.196044921875 999.9948120117188
v -1770.434326171875 1794.799560546875 1000.0108032226562
v -1706.283447265625 1885.253662109375 1000.0108032226562
v -1769.216796875 1794.5218505859375 999.9948120117188
v -1769.10302734375 1794.495849609375 1069.9713134765625
v -1333.27685546875 -768.673828125 1000.081298828125
v -1769.170654296875 1794.5113525390625 1000.0806274414062
v -1333.209228515625 -768.689208984375 1069.9720458984375
v -1333.209228515625 -768.689208984375 1069.9720458984375
v -1334.57421875 -768.3779296875 1069.9720458984375
v -1770.522216796875 1794.819580078125 1000.04296875
v -1334.57421875 -768.3779296875 1069.9720458984375
v -1770.4677734375 1794.8072509765625 1069.9713134765625
v -1334.62841796875 -768.3656005859375 1000.0436401367188
v -1769.216796875 1794.5218505859375 999.9948120117188
v -1334.54052734375 -768.3857421875 1000.0115966796875
v -1770.434326171875 1794.799560546875 1000.0108032226562
v -1333.322998046875 -768.663330078125 999.9954833984375
v -1333.209228515625 -768.689208984375 1069.9720458984375
v -1558.15966796875 -1085.8909912109375 1000.0814208984375
v -1333.27685546875 -768.673828125 1000.081298828125
v -1558.092041015625 -1085.906494140625 1069.97216796875
v -1558.092041015625 -1085.906494140625 1069.97216796875
v -1559.45703125 -1085.595458984375 1069.97216796875
v -1334.62841796875 -768.3656005859375 1000.0436401367188
v -1559.45703125 -1085.595458984375 1069.97216796875
v -1334.57421875 -768.3779296875 1069.9720458984375
v -1559.51123046875 -1085.5830078125 1000.043701171875
v -1333.322998046875 -768.663330078125 999.9954833984375
v -1559.42333984375 -1085.60302734375 1000.0116577148438
v -1334.54052734375 -768.3857421875 1000.0115966796875
v -1558.205810546875 -1085.8804931640625 999.9955444335938
v -1558.092041015625 -1085.906494140625 1069.97216796875
v -1538.283447265625 -1202.7176513671875 1000.08154296875
v -1558.15966796875 -1085.8909912109375 1000.0814208984375
v -1538.224853515625 -1202.6806640625 1069.97216796875
v -1538.224853515625 -1202.6806640625 1069.97216796875
v -1539.41015625 -1203.42529296875 1069.97216796875
v -1559.51123046875 -1085.5830078125 1000.043701171875
v -1539.41015625 -1203.42529296875 1069.97216796875
v -1559.45703125 -1085.595458984375 1069.97216796875
v -1539.457275390625 -1203.454833984375 1000.0437622070312
v -1558.205810546875 -1085.8804931640625 999.9955444335938
v -1539.380859375 -1203.406982421875 1000.01171875
v -1559.42333984375 -1085.60302734375 1000.0116577148438
v -1538.323486328125 -1202.74267578125 999.99560546875
v -1538.224853515625 -1202.6806640625 1069.97216796875
v -1435.908203125 -1275.42578125 1000.0817260742188
v -1538.283447265625 -1202.7176513671875 1000.08154296875
v -1435.871337890625 -1275.37353515625 1069.9722900390625
v -1435.871337890625 -1275.37353515625 1069.9722900390625
v -1436.620361328125 -1276.4283447265625 1069.9722900390625
v -1539.457275390625 -1203.454833984375 1000.0437622070312
v -1436.620361328125 -1276.4283447265625 1069.9722900390625
v -1539.41015625 -1203.42529296875 1069.97216796875
v -1436.650146484375 -1276.47021484375 1000.0439453125
v -1538.323486328125 -1202.74267578125 999.99560546875
v -1436.601806640625 -1276.4019775390625 1000.0119018554688
v -1539.380859375 -1203.406982421875 1000.01171875
v -1435.93359375 -1275.461669921875 999.9957885742188
v -1596.45849609375 1894.0501708984375 1086.223876953125
v -1598.71240234375 1907.3287353515625 1086.227783203125
v -1598.711181640625 1907.3212890625 1091.9388427734375
v -1596.458740234375 1894.05224609375 1091.9708251953125
v -1597.7607421875 1901.7220458984375 1093.120849609375
v -1597.35009765625 1899.3033447265625 1093.11181640625
v -1597.28564453125 1898.9234619140625 1007.7039184570312
v -1597.85498046875 1902.2774658203125 1007.707275390625
v -1597.284912109375 1898.918212890625 1010.0447387695312
v -1597.854248046875 1902.2720947265625 1010.0585327148438
v -1597.262939453125 1898.7890625 1059.9190673828125
v -1597.828857421875 1902.12255859375 1059.9190673828125
v -1597.265869140625 1898.8074951171875 1062.47802734375
v -1597.831787109375 1902.14111328125 1062.47802734375
v -1598.08837890625 1903.6524658203125 1069.9713134765625
v -1597.871826171875 1902.377197265625 1069.9713134765625
v -1597.8828125 1902.4405517578125 1000.0806274414062
v -1598.096923828125 1903.7032470703125 1000.04296875
v -1438.775146484375 -1279.462158203125 1091.9398193359375
v -1438.779296875 -1279.46826171875 1086.2288818359375
v -1430.98046875 -1268.4873046875 1086.224853515625
v -1430.98193359375 -1268.4891357421875 1091.9718017578125
v -1434.06591796875 -1272.8314208984375 1093.11279296875
v -1435.486328125 -1274.8319091796875 1093.121826171875
v -1433.839599609375 -1272.512939453125 1010.0457763671875
v -1435.8125 -1275.2911376953125 1007.708251953125
v -1433.8427734375 -1272.5174560546875 1007.7050170898438
v -1435.8095703125 -1275.28662109375 1010.0595092773438
v -1433.774658203125 -1272.42138671875 1062.47900390625
v -1435.7216796875 -1275.1629638671875 1059.9200439453125
v -1433.763916015625 -1272.4061279296875 1059.9200439453125
v -1435.732421875 -1275.17822265625 1062.47900390625
v -1435.908203125 -1275.42578125 1000.0817260742188
v -1435.871337890625 -1275.37353515625 1069.9722900390625
v -1436.620361328125 -1276.4283447265625 1069.9722900390625
v -1436.650146484375 -1276.47021484375 1000.0439453125
v -1597.35009765625 1899.30322265625 693.11181640625
v -1700.693603515625 1876.3577880859375 691.9708862304688
v -1596.458740234375 1894.0521240234375 691.9708862304688
v -1703.76123046875 1881.239501953125 693.11181640625
v -1597.7607421875 1901.721923828125 693.120849609375
v -1703.76123046875 1881.239501953125 693.11181640625
v -1597.35009765625 1899.30322265625 693.11181640625
v -1705.17431640625 1883.488037109375 693.120849609375
v -1598.711181640625 1907.3211669921875 691.9388427734375
v -1705.17431640625 1883.488037109375 693.120849609375
v -1597.7607421875 1901.721923828125 693.120849609375
v -1708.445068359375 1888.693359375 691.9388427734375
v -1598.71240234375 1907.32861328125 686.2279052734375
v -1708.445068359375 1888.693359375 691.9388427734375
v -1598.711181640625 1907.3211669921875 691.9388427734375
v -1708.449462890625 1888.7001953125 686.2279052734375
v -1596.45849609375 1894.050048828125 686.223876953125
v -1708.449462890625 1888.7001953125 686.2279052734375
v -1598.71240234375 1907.32861328125 686.2279052734375
v -1700.6923828125 1876.35595703125 686.223876953125
v -1596.458740234375 1894.0521240234375 691.9708862304688
v -1700.6923828125 1876.35595703125 686.223876953125
v -1596.45849609375 1894.050048828125 686.223876953125
v -1700.693603515625 1876.3577880859375 691.9708862304688
v -1597.854248046875 1902.27197265625 610.0585327148438
v -1703.5361328125 1880.8814697265625 610.0447387695312
v -1597.284912109375 1898.9180908203125 610.0447387695312
v -1705.49560546875 1883.9993896484375 610.0585327148438
v -1597.85498046875 1902.27734375 607.707275390625
v -1705.49560546875 1883.9993896484375 610.0585327148438
v -1597.854248046875 1902.27197265625 610.0585327148438
v -1705.49853515625 1884.00439453125 607.707275390625
v -1597.28564453125 1898.92333984375 607.7039794921875
v -1705.49853515625 1884.00439453125 607.707275390625
v -1597.85498046875 1902.27734375 607.707275390625
v -1703.539306640625 1880.8863525390625 607.7039794921875
v -1597.284912109375 1898.9180908203125 610.0447387695312
v -1703.539306640625 1880.8863525390625 607.7039794921875
v -1597.28564453125 1898.92333984375 607.7039794921875
v -1703.5361328125 1880.8814697265625 610.0447387695312
v -1597.831787109375 1902.1409912109375 662.4780883789062
v -1703.471435546875 1880.778564453125 662.4780883789062
v -1597.265869140625 1898.807373046875 662.4780883789062
v -1705.4189453125 1883.877685546875 662.4780883789062
v -1597.828857421875 1902.1224365234375 659.9190673828125
v -1705.4189453125 1883.877685546875 662.4780883789062
v -1597.831787109375 1902.1409912109375 662.4780883789062
v -1705.408203125 1883.8604736328125 659.9190673828125
v -1597.262939453125 1898.7889404296875 659.9190673828125
v -1705.408203125 1883.8604736328125 659.9190673828125
v -1597.828857421875 1902.1224365234375 659.9190673828125
v -1703.4609375 1880.761474609375 659.9190673828125
v -1597.265869140625 1898.807373046875 662.4780883789062
v -1703.4609375 1880.761474609375 659.9190673828125
v -1597.262939453125 1898.7889404296875 659.9190673828125
v -1703.471435546875 1880.778564453125 662.4780883789062
v -1703.76123046875 1881.239501953125 693.11181640625
v -1760.192138671875 1792.463623046875 691.9708862304688
v -1700.693603515625 1876.3577880859375 691.9708862304688
v -1765.812744140625 1793.745361328125 693.11181640625
v -1765.812744140625 1793.745361328125 693.11181640625
v -1768.401611328125 1794.3358154296875 693.120849609375
v -1708.445068359375 1888.693359375 691.9388427734375
v -1768.401611328125 1794.3358154296875 693.120849609375
v -1705.17431640625 1883.488037109375 693.120849609375
v -1774.39501953125 1795.70263671875 691.9388427734375
v -1708.449462890625 1888.7001953125 686.2279052734375
v -1774.39501953125 1795.70263671875 691.9388427734375
v -1708.445068359375 1888.693359375 691.9388427734375
v -1774.40283203125 1795.7044677734375 686.2279052734375
v -1774.40283203125 1795.7044677734375 686.2279052734375
v -1760.189697265625 1792.463134765625 686.223876953125
v -1700.693603515625 1876.3577880859375 691.9708862304688
v -1760.189697265625 1792.463134765625 686.223876953125
v -1700.6923828125 1876.35595703125 686.223876953125
v -1760.192138671875 1792.463623046875 691.9708862304688
v -1705.49560546875 1883.9993896484375 610.0585327148438
v -1765.400390625 1793.6513671875 610.0447387695312
v -1703.5361328125 1880.8814697265625 610.0447387695312
v -1768.990234375 1794.4700927734375 610.0585327148438
v -1705.49853515625 1884.00439453125 607.707275390625
v -1768.990234375 1794.4700927734375 610.0585327148438
v -1705.49560546875 1883.9993896484375 610.0585327148438
v -1768.99609375 1794.471435546875 607.707275390625
v -1768.99609375 1794.471435546875 607.707275390625
v -1765.406005859375 1793.6527099609375 607.7039794921875
v -1703.5361328125 1880.8814697265625 610.0447387695312
v -1765.406005859375 1793.6527099609375 607.7039794921875
v -1703.539306640625 1880.8863525390625 607.7039794921875
v -1765.400390625 1793.6513671875 610.0447387695312
v -1765.28173828125 1793.6243896484375 662.4780883789062
v -1768.85009765625 1794.4381103515625 662.4780883789062
v -1705.408203125 1883.8604736328125 659.9190673828125
v -1768.85009765625 1794.4381103515625 662.4780883789062
v -1705.4189453125 1883.877685546875 662.4780883789062
v -1768.830322265625 1794.4337158203125 659.9190673828125
v -1768.830322265625 1794.4337158203125 659.9190673828125
v -1765.26220703125 1793.619873046875 659.9190673828125
v -1703.471435546875 1880.778564453125 662.4780883789062
v -1765.26220703125 1793.619873046875 659.9190673828125
v -1703.4609375 1880.761474609375 659.9190673828125
v -1765.28173828125 1793.6243896484375 662.4780883789062
v -1765.812744140625 1793.745361328125 693.11181640625
v -1324.298583984375 -770.720458984375 691.9715576171875
v -1760.192138671875 1792.463623046875 691.9708862304688
v -1329.9189453125 -769.4393310546875 693.112548828125
v -1329.9189453125 -769.4393310546875 693.112548828125
v -1332.5078125 -768.8492431640625 693.12158203125
v -1774.39501953125 1795.70263671875 691.9388427734375
v -1332.5078125 -768.8492431640625 693.12158203125
v -1768.401611328125 1794.3358154296875 693.120849609375
v -1338.501220703125 -767.48291015625 691.9396362304688
v -1774.40283203125 1795.7044677734375 686.2279052734375
v -1338.501220703125 -767.48291015625 691.9396362304688
v -1774.39501953125 1795.70263671875 691.9388427734375
v -1338.509033203125 -767.481201171875 686.2286376953125
v -1338.509033203125 -767.481201171875 686.2286376953125
v -1324.296142578125 -770.7210693359375 686.224609375
v -1760.192138671875 1792.463623046875 691.9708862304688
v -1324.296142578125 -770.7210693359375 686.224609375
v -1760.189697265625 1792.463134765625 686.223876953125
v -1324.298583984375 -770.720458984375 691.9715576171875
v -1768.990234375 1794.4700927734375 610.0585327148438
v -1329.5068359375 -769.533203125 610.0454711914062
v -1765.400390625 1793.6513671875 610.0447387695312
v -1333.0966796875 -768.7149658203125 610.0592651367188
v -1768.99609375 1794.471435546875 607.707275390625
v -1333.0966796875 -768.7149658203125 610.0592651367188
v -1768.990234375 1794.4700927734375 610.0585327148438
v -1333.1025390625 -768.713623046875 607.7080078125
v -1333.1025390625 -768.713623046875 607.7080078125
v -1329.512451171875 -769.531982421875 607.7047119140625
v -1765.400390625 1793.6513671875 610.0447387695312
v -1329.512451171875 -769.531982421875 607.7047119140625
v -1765.406005859375 1793.6527099609375 607.7039794921875
v -1329.5068359375 -769.533203125 610.0454711914062
v -1329.38818359375 -769.560302734375 662.4788208007812
v -1332.95654296875 -768.7469482421875 662.4788208007812
v -1768.830322265625 1794.4337158203125 659.9190673828125
v -1332.95654296875 -768.7469482421875 662.4788208007812
v -1768.85009765625 1794.4381103515625 662.4780883789062
v -1332.936767578125 -768.7513427734375 659.9197998046875
v -1332.936767578125 -768.7513427734375 659.9197998046875
v -1329.36865234375 -769.5648193359375 659.9197998046875
v -1765.28173828125 1793.6243896484375 662.4780883789062
v -1329.36865234375 -769.5648193359375 659.9197998046875
v -1765.26220703125 1793.619873046875 659.9190673828125
v -1329.38818359375 -769.560302734375 662.4788208007812
v -1329.9189453125 -769.4393310546875 693.112548828125
v -1549.18115234375 -1087.9375 691.9715576171875
v -1324.298583984375 -770.720458984375 691.9715576171875
v -1554.8017578125 -1086.6563720703125 693.1126098632812
v -1554.8017578125 -1086.6563720703125 693.1126098632812
v -1557.390625 -1086.06640625 693.1216430664062
v -1338.501220703125 -767.48291015625 691.9396362304688
v -1557.390625 -1086.06640625 693.1216430664062
v -1332.5078125 -768.8492431640625 693.12158203125
v -1563.384033203125 -1084.700439453125 691.9396362304688
v -1338.509033203125 -767.481201171875 686.2286376953125
v -1563.384033203125 -1084.700439453125 691.9396362304688
v -1338.501220703125 -767.48291015625 691.9396362304688
v -1563.391845703125 -1084.69873046875 686.2286376953125
v -1563.391845703125 -1084.69873046875 686.2286376953125
v -1549.1787109375 -1087.93798828125 686.2246704101562
v -1324.298583984375 -770.720458984375 691.9715576171875
v -1549.1787109375 -1087.93798828125 686.2246704101562
v -1324.296142578125 -770.7210693359375 686.224609375
v -1549.18115234375 -1087.9375 691.9715576171875
v -1333.0966796875 -768.7149658203125 610.0592651367188
v -1554.389404296875 -1086.75048828125 610.0455322265625
v -1329.5068359375 -769.533203125 610.0454711914062
v -1557.9794921875 -1085.93212890625 610.059326171875
v -1333.1025390625 -768.713623046875 607.7080078125
v -1557.9794921875 -1085.93212890625 610.059326171875
v -1333.0966796875 -768.7149658203125 610.0592651367188
v -1557.985107421875 -1085.9307861328125 607.7080078125
v -1557.985107421875 -1085.9307861328125 607.7080078125
v -1554.39501953125 -1086.7491455078125 607.7047119140625
v -1329.5068359375 -769.533203125 610.0454711914062
v -1554.39501953125 -1086.7491455078125 607.7047119140625
v -1329.512451171875 -769.531982421875 607.7047119140625
v -1554.389404296875 -1086.75048828125 610.0455322265625
v -1554.27099609375 -1086.77734375 662.4788208007812
v -1557.839111328125 -1085.9642333984375 662.4788208007812
v -1332.936767578125 -768.7513427734375 659.9197998046875
v -1557.839111328125 -1085.9642333984375 662.4788208007812
v -1332.95654296875 -768.7469482421875 662.4788208007812
v -1557.819580078125 -1085.9686279296875 659.9198608398438
v -1557.819580078125 -1085.9686279296875 659.9198608398438
v -1554.251220703125 -1086.7818603515625 659.9198608398438
v -1329.38818359375 -769.560302734375 662.4788208007812
v -1554.251220703125 -1086.7818603515625 659.9198608398438
v -1329.36865234375 -769.5648193359375 659.9197998046875
v -1554.27099609375 -1086.77734375 662.4788208007812
v -1554.8017578125 -1086.6563720703125 693.1126098632812
v -1530.486328125 -1197.8197021484375 691.9716796875
v -1549.18115234375 -1087.9375 691.9715576171875
v -1535.367431640625 -1200.8857421875 693.1127319335938
v -1535.367431640625 -1200.8857421875 693.1127319335938
v -1537.61572265625 -1202.2982177734375 693.1217041015625
v -1563.384033203125 -1084.700439453125 691.9396362304688
v -1537.61572265625 -1202.2982177734375 693.1217041015625
v -1557.390625 -1086.06640625 693.1216430664062
v -1542.820556640625 -1205.5677490234375 691.9397583007812
v -1563.391845703125 -1084.69873046875 686.2286376953125
v -1542.820556640625 -1205.5677490234375 691.9397583007812
v -1563.384033203125 -1084.700439453125 691.9396362304688
v -1542.8271484375 -1205.5718994140625 686.228759765625
v -1542.8271484375 -1205.5718994140625 686.228759765625
v -1530.484375 -1197.818359375 686.2247314453125
v -1549.18115234375 -1087.9375 691.9715576171875
v -1530.484375 -1197.818359375 686.2247314453125
v -1549.1787109375 -1087.93798828125 686.2246704101562
v -1530.486328125 -1197.8197021484375 691.9716796875
v -1557.9794921875 -1085.93212890625 610.059326171875
v -1535.00927734375 -1200.660888671875 610.045654296875
v -1554.389404296875 -1086.75048828125 610.0455322265625
v -1538.127197265625 -1202.619384765625 610.0593872070312
v -1557.985107421875 -1085.9307861328125 607.7080078125
v -1538.127197265625 -1202.619384765625 610.0593872070312
v -1557.9794921875 -1085.93212890625 610.059326171875
v -1538.1318359375 -1202.6224365234375 607.7081298828125
v -1538.1318359375 -1202.6224365234375 607.7081298828125
v -1535.014404296875 -1200.6641845703125 607.704833984375
v -1554.389404296875 -1086.75048828125 610.0455322265625
v -1535.014404296875 -1200.6641845703125 607.704833984375
v -1554.39501953125 -1086.7491455078125 607.7047119140625
v -1535.00927734375 -1200.660888671875 610.045654296875
v -1534.906494140625 -1200.596435546875 662.4789428710938
v -1538.005126953125 -1202.5428466796875 662.4789428710938
v -1557.819580078125 -1085.9686279296875 659.9198608398438
v -1538.005126953125 -1202.5428466796875 662.4789428710938
v -1557.839111328125 -1085.9642333984375 662.4788208007812
v -1537.988037109375 -1202.5322265625 659.919921875
v -1537.988037109375 -1202.5322265625 659.919921875
v -1534.889404296875 -1200.5855712890625 659.919921875
v -1554.27099609375 -1086.77734375 662.4788208007812
v -1534.889404296875 -1200.5855712890625 659.919921875
v -1554.251220703125 -1086.7818603515625 659.9198608398438
v -1534.906494140625 -1200.596435546875 662.4789428710938
v -1535.367431640625 -1200.8857421875 693.1127319335938
v -1430.98193359375 -1268.4892578125 691.9718627929688
v -1530.486328125 -1197.8197021484375 691.9716796875
v -1434.06591796875 -1272.83154296875 693.1128540039062
v -1434.06591796875 -1272.83154296875 693.1128540039062
v -1435.486328125 -1274.83203125 693.1218872070312
v -1542.820556640625 -1205.5677490234375 691.9397583007812
v -1435.486328125 -1274.83203125 693.1218872070312
v -1537.61572265625 -1202.2982177734375 693.1217041015625
v -1438.775146484375 -1279.4622802734375 691.9398803710938
v -1542.8271484375 -1205.5718994140625 686.228759765625
v -1438.775146484375 -1279.4622802734375 691.9398803710938
v -1542.820556640625 -1205.5677490234375 691.9397583007812
v -1438.779296875 -1279.4683837890625 686.2288818359375
v -1438.779296875 -1279.4683837890625 686.2288818359375
v -1430.98046875 -1268.4874267578125 686.2249145507812
v -1530.486328125 -1197.8197021484375 691.9716796875
v -1430.98046875 -1268.4874267578125 686.2249145507812
v -1530.484375 -1197.818359375 686.2247314453125
v -1430.98193359375 -1268.4892578125 691.9718627929688
v -1538.127197265625 -1202.619384765625 610.0593872070312
v -1433.839599609375 -1272.5130615234375 610.0457763671875
v -1535.00927734375 -1200.660888671875 610.045654296875
v -1435.8095703125 -1275.2867431640625 610.0595703125
v -1538.1318359375 -1202.6224365234375 607.7081298828125
v -1435.8095703125 -1275.2867431640625 610.0595703125
v -1538.127197265625 -1202.619384765625 610.0593872070312
v -1435.8125 -1275.291259765625 607.708251953125
v -1435.8125 -1275.291259765625 607.708251953125
v -1433.8427734375 -1272.517578125 607.7050170898438
v -1535.00927734375 -1200.660888671875 610.045654296875
v -1433.8427734375 -1272.517578125 607.7050170898438
v -1535.014404296875 -1200.6641845703125 607.704833984375
v -1433.839599609375 -1272.5130615234375 610.0457763671875
v -1433.774658203125 -1272.4215087890625 662.4790649414062
v -1435.732421875 -1275.1783447265625 662.4790649414062
v -1537.988037109375 -1202.5322265625 659.919921875
v -1435.732421875 -1275.1783447265625 662.4790649414062
v -1538.005126953125 -1202.5428466796875 662.4789428710938
v -1435.7216796875 -1275.1630859375 659.9201049804688
v -1435.7216796875 -1275.1630859375 659.9201049804688
v -1433.763916015625 -1272.40625 659.9201049804688
v -1534.906494140625 -1200.596435546875 662.4789428710938
v -1433.763916015625 -1272.40625 659.9201049804688
v -1534.889404296875 -1200.5855712890625 659.919921875
v -1433.774658203125 -1272.4215087890625 662.4790649414062
v -1597.871826171875 1902.3770751953125 669.9713745117188
v -1705.593994140625 1884.156005859375 600.0806884765625
v -1597.8828125 1902.4404296875 600.0806884765625
v -1705.55712890625 1884.09716796875 669.9713745117188
v -1598.08837890625 1903.65234375 669.9713745117188
v -1705.55712890625 1884.09716796875 669.9713745117188
v -1597.871826171875 1902.3770751953125 669.9713745117188
v -1706.302001953125 1885.2828369140625 669.9713745117188
v -1598.096923828125 1903.703125 600.04296875
v -1706.302001953125 1885.2828369140625 669.9713745117188
v -1598.08837890625 1903.65234375 669.9713745117188
v -1706.33154296875 1885.3299560546875 600.04296875
v -1597.89013671875 1902.4833984375 599.9948120117188
v -1706.283447265625 1885.2535400390625 600.0108642578125
v -1598.0830078125 1903.620849609375 600.0108642578125
v -1705.618896484375 1884.1959228515625 599.9948120117188
v -1705.55712890625 1884.09716796875 669.9713745117188
v -1769.170654296875 1794.51123046875 600.0806884765625
v -1705.593994140625 1884.156005859375 600.0806884765625
v -1769.10302734375 1794.4957275390625 669.9713745117188
v -1769.10302734375 1794.4957275390625 669.9713745117188
v -1770.4677734375 1794.80712890625 669.9713745117188
v -1706.33154296875 1885.3299560546875 600.04296875
v -1770.4677734375 1794.80712890625 669.9713745117188
v -1706.302001953125 1885.2828369140625 669.9713745117188
v -1770.522216796875 1794.8194580078125 600.04296875
v -1705.618896484375 1884.1959228515625 599.9948120117188
v -1770.434326171875 1794.7994384765625 600.0108642578125
v -1706.283447265625 1885.2535400390625 600.0108642578125
v -1769.216796875 1794.521728515625 599.9948120117188
v -1769.10302734375 1794.4957275390625 669.9713745117188
v -1333.27685546875 -768.6739501953125 600.0814208984375
v -1769.170654296875 1794.51123046875 600.0806884765625
v -1333.209228515625 -768.6893310546875 669.9721069335938
v -1333.209228515625 -768.6893310546875 669.9721069335938
v -1334.57421875 -768.3780517578125 669.9721069335938
v -1770.522216796875 1794.8194580078125 600.04296875
v -1334.57421875 -768.3780517578125 669.9721069335938
v -1770.4677734375 1794.80712890625 669.9713745117188
v -1334.62841796875 -768.36572265625 600.043701171875
v -1769.216796875 1794.521728515625 599.9948120117188
v -1334.54052734375 -768.3858642578125 600.0115966796875
v -1770.434326171875 1794.7994384765625 600.0108642578125
v -1333.322998046875 -768.6634521484375 599.9954833984375
v -1333.209228515625 -768.6893310546875 669.9721069335938
v -1558.15966796875 -1085.89111328125 600.0814208984375
v -1333.27685546875 -768.6739501953125 600.0814208984375
v -1558.092041015625 -1085.9066162109375 669.9721069335938
v -1558.092041015625 -1085.9066162109375 669.9721069335938
v -1559.45703125 -1085.5955810546875 669.9721069335938
v -1334.62841796875 -768.36572265625 600.043701171875
v -1559.45703125 -1085.5955810546875 669.9721069335938
v -1334.57421875 -768.3780517578125 669.9721069335938
v -1559.51123046875 -1085.5831298828125 600.043701171875
v -1333.322998046875 -768.6634521484375 599.9954833984375
v -1559.42333984375 -1085.6031494140625 600.0116577148438
v -1334.54052734375 -768.3858642578125 600.0115966796875
v -1558.205810546875 -1085.880615234375 599.9955444335938
v -1558.092041015625 -1085.9066162109375 669.9721069335938
v -1538.283447265625 -1202.7177734375 600.08154296875
v -1558.15966796875 -1085.89111328125 600.0814208984375
v -1538.224853515625 -1202.6807861328125 669.9722290039062
v -1538.224853515625 -1202.6807861328125 669.9722290039062
v -1539.41015625 -1203.4254150390625 669.9722290039062
v -1559.51123046875 -1085.5831298828125 600.043701171875
v -1539.41015625 -1203.4254150390625 669.9722290039062
v -1559.45703125 -1085.5955810546875 669.9721069335938
v -1539.457275390625 -1203.4549560546875 600.0438232421875
v -1558.205810546875 -1085.880615234375 599.9955444335938
v -1539.380859375 -1203.4071044921875 600.01171875
v -1559.42333984375 -1085.6031494140625 600.0116577148438
v -1538.323486328125 -1202.7427978515625 599.99560546875
v -1538.224853515625 -1202.6807861328125 669.9722290039062
v -1435.908203125 -1275.4259033203125 600.0817260742188
v -1538.283447265625 -1202.7177734375 600.08154296875
v -1435.871337890625 -1275.3736572265625 669.972412109375
v -1435.871337890625 -1275.3736572265625 669.972412109375
v -1436.620361328125 -1276.428466796875 669.972412109375
v -1539.457275390625 -1203.4549560546875 600.0438232421875
v -1436.620361328125 -1276.428466796875 669.972412109375
v -1539.41015625 -1203.4254150390625 669.9722290039062
v -1436.650146484375 -1276.4703369140625 600.0440063476562
v -1538.323486328125 -1202.7427978515625 599.99560546875
v -1436.601806640625 -1276.402099609375 600.0119018554688
v -1539.380859375 -1203.4071044921875 600.01171875
v -1435.93359375 -1275.4617919921875 599.9957885742188
v -1596.45849609375 1894.050048828125 686.223876953125
v -1598.71240234375 1907.32861328125 686.2279052734375
v -1598.711181640625 1907.3211669921875 691.9388427734375
v -1596.458740234375 1894.0521240234375 691.9708862304688
v -1597.7607421875 1901.721923828125 693.120849609375
v -1597.35009765625 1899.30322265625 693.11181640625
v -1597.28564453125 1898.92333984375 607.7039794921875
v -1597.85498046875 1902.27734375 607.707275390625
v -1597.284912109375 1898.9180908203125 610.0447387695312
v -1597.854248046875 1902.27197265625 610.0585327148438
v -1597.262939453125 1898.7889404296875 659.9190673828125
v -1597.828857421875 1902.1224365234375 659.9190673828125
v -1597.265869140625 1898.807373046875 662.4780883789062
v -1597.831787109375 1902.1409912109375 662.4780883789062
v -1598.08837890625 1903.65234375 669.9713745117188
v -1597.871826171875 1902.3770751953125 669.9713745117188
v -1597.8828125 1902.4404296875 600.0806884765625
v -1598.096923828125 1903.703125 600.04296875
v -1438.775146484375 -1279.4622802734375 691.9398803710938
v -1438.779296875 -1279.4683837890625 686.2288818359375
v -1430.98046875 -1268.4874267578125 686.2249145507812
v -1430.98193359375 -1268.4892578125 691.9718627929688
v -1434.06591796875 -1272.83154296875 693.1128540039062
v -1435.486328125 -1274.83203125 693.1218872070312
v -1433.839599609375 -1272.5130615234375 610.0457763671875
v -1435.8125 -1275.291259765625 607.708251953125
v -1433.8427734375 -1272.517578125 607.7050170898438
v -1435.8095703125 -1275.2867431640625 610.0595703125
v -1433.774658203125 -1272.4215087890625 662.4790649414062
v -1435.7216796875 -1275.1630859375 659.9201049804688
v -1433.763916015625 -1272.40625 659.9201049804688
v -1435.732421875 -1275.1783447265625 662.4790649414062
v -1435.908203125 -1275.4259033203125 600.0817260742188
v -1435.871337890625 -1275.3736572265625 669.972412109375
v -1436.620361328125 -1276.428466796875 669.972412109375
v -1436.650146484375 -1276.4703369140625 600.0440063476562
v -1583.277587890625 1816.727783203125 949.999755859375
v -1593.153076171875 1815.043212890625 949.9998779296875
v -1143.848876953125 -826.997802734375 950.000244140625
v -1130.640869140625 -845.052001953125 950.0000610351562
v -1409.766845703125 -1201.887939453125 950.000244140625
v -1396.558837890625 -1219.942138671875 950.0000610351562
v -1583.277587890625 1816.727783203125 899.999755859375
v -1143.848876953125 -826.997802734375 900.000244140625
v -1593.153076171875 1815.043212890625 899.9998779296875
v -1130.640869140625 -845.052001953125 900.0000610351562
v -1409.766845703125 -1201.887939453125 900.000244140625
v -1396.558837890625 -1219.942138671875 900.0000610351562
v -1583.277587890625 1816.727783203125 949.999755859375
v -1593.153076171875 1815.043212890625 899.9998779296875
v -1593.153076171875 1815.043212890625 949.9998779296875
v -1583.277587890625 1816.727783203125 899.999755859375
v -1593.153076171875 1815.043212890625 949.9998779296875
v -1143.848876953125 -826.997802734375 900.000244140625
v -1143.848876953125 -826.997802734375 950.000244140625
v -1593.153076171875 1815.043212890625 899.9998779296875
v -1143.848876953125 -826.997802734375 950.000244140625
v -1409.766845703125 -1201.887939453125 900.000244140625
v -1409.766845703125 -1201.887939453125 950.000244140625
v -1143.848876953125 -826.997802734375 900.000244140625
v -1409.766845703125 -1201.887939453125 950.000244140625
v -1396.558837890625 -1219.942138671875 900.0000610351562
v -1396.558837890625 -1219.942138671875 950.0000610351562
v -1409.766845703125 -1201.887939453125 900.000244140625
v -1396.558837890625 -1219.942138671875 950.0000610351562
v -1130.640869140625 -845.052001953125 900.0000610351562
v -1130.640869140625 -845.052001953125 950.0000610351562
v -1396.558837890625 -1219.942138671875 900.0000610351562
v -1130.640869140625 -845.052001953125 950.0000610351562
v -1583.277587890625 1816.727783203125 899.999755859375
v -1583.277587890625 1816.727783203125 949.999755859375
v -1130.640869140625 -845.052001953125 900.0000610351562
v -1373.4208984375 -759.52294921875 1000.0005493164062
v -1604.249267578125 1939.945556640625 999.9998779296875
v -1727.503662109375 1919.022705078125 999.9998779296875
v -1809.315185546875 1803.666259765625 999.9998779296875
v -1598.304443359375 -1076.741455078125 1000.0005493164062
v -1573.145751953125 -1224.617431640625 1000.0006713867188
v -1457.935791015625 -1306.441162109375 1000.0007934570312
v -1130.653076171875 -845.0400390625 1000.0003662109375
v -1667.286376953125 1117.777587890625 999.9998168945312
v -1494.77099609375 1147.11865234375 999.9998779296875
v -1600.208740234375 723.441650390625 999.9998168945312
v -1427.705810546875 752.7825317382812 999.9998779296875
v -1516.358642578125 230.4972686767578 999.9998779296875
v -1343.885498046875 259.8307800292969 999.9999389648438
v -1449.281005859375 -163.82644653320312 1000.0
v -1276.832275390625 -134.50515747070312 1000.0
v -1494.77099609375 1147.11865234375 999.9998779296875
v -1667.286376953125 1117.777587890625 999.9998168945312
v -1494.77099609375 1147.11865234375 1349.999755859375
v -1667.286376953125 1117.777587890625 1349.999755859375
v -1667.286376953125 1117.777587890625 999.9998168945312
v -1600.208740234375 723.4417114257812 999.9998168945312
v -1658.90185546875 1068.4857177734375 1099.999755859375
v -1658.90185546875 1068.4857177734375 1299.999755859375
v -1608.593505859375 772.7340087890625 1299.9998779296875
v -1667.286376953125 1117.777587890625 1349.999755859375
v -1600.208740234375 723.4417724609375 1349.9998779296875
v -1608.593505859375 772.7340087890625 1099.9998779296875
v -1600.208740234375 723.441650390625 999.9998168945312
v -1427.705810546875 752.7825317382812 999.9998779296875
v -1600.208740234375 723.441650390625 1349.9998779296875
v -1427.705810546875 752.7825927734375 1349.9998779296875
v -1608.593505859375 772.7340087890625 1299.9998779296875
v -1658.90185546875 1068.4857177734375 1299.999755859375
v -1634.255859375 1072.6781005859375 1299.999755859375
v -1583.947509765625 776.9263916015625 1299.9998779296875
v -1608.593505859375 772.7340087890625 1099.9998779296875
v -1634.255859375 1072.6781005859375 1099.999755859375
v -1658.90185546875 1068.4857177734375 1099.999755859375
v -1583.947509765625 776.9263305664062 1099.9998779296875
v -1634.255859375 1072.6781005859375 1299.999755859375
v -1658.90185546875 1068.4857177734375 1099.999755859375
v -1634.255859375 1072.6781005859375 1099.999755859375
v -1658.90185546875 1068.4857177734375 1299.999755859375
v -1583.947509765625 776.9263916015625 1299.9998779296875
v -1583.947509765625 776.9263305664062 1099.9998779296875
v -1608.593505859375 772.7340087890625 1099.9998779296875
v -1608.593505859375 772.7340087890625 1299.9998779296875
v -1667.286376953125 1117.777587890625 1349.999755859375
v -1600.208740234375 723.441650390625 1349.9998779296875
v -1494.77099609375 1147.11865234375 1349.999755859375
v -1427.705810546875 752.7825927734375 1349.9998779296875
v -1373.4208984375 -759.52294921875 1350.00048828125
v -1727.50390625 1919.022705078125 1349.9998779296875
v -1604.24951171875 1939.945556640625 1349.9998779296875
v -1809.3154296875 1803.666259765625 1349.9998779296875
v -1598.304443359375 -1076.741455078125 1350.0006103515625
v -1457.935791015625 -1306.441162109375 1350.000732421875
v -1573.145751953125 -1224.617431640625 1350.0006103515625
v -1130.653076171875 -845.0400390625 1350.000244140625
v -1604.24951171875 1939.945556640625 1349.9998779296875
v -1727.50390625 1919.022705078125 1349.9998779296875
v -1604.24951171875 1939.945556640625 1399.9998779296875
v -1727.50390625 1919.022705078125 1399.9998779296875
v -1727.50390625 1919.022705078125 1349.9998779296875
v -1809.3154296875 1803.666259765625 1349.9998779296875
v -1727.50390625 1919.022705078125 1399.9998779296875
v -1809.3154296875 1803.666259765625 1399.9998779296875
v -1809.3154296875 1803.666259765625 1349.9998779296875
v -1373.4208984375 -759.5230712890625 1350.00048828125
v -1809.3154296875 1803.666259765625 1399.9998779296875
v -1373.4208984375 -759.5230712890625 1400.00048828125
v -1373.4208984375 -759.52294921875 1350.00048828125
v -1598.304443359375 -1076.741455078125 1350.0006103515625
v -1373.4208984375 -759.52294921875 1400.00048828125
v -1598.304443359375 -1076.741455078125 1400.0006103515625
v -1598.304443359375 -1076.741455078125 1350.0006103515625
v -1573.145751953125 -1224.617431640625 1350.0006103515625
v -1598.304443359375 -1076.741455078125 1400.0006103515625
v -1573.145751953125 -1224.617431640625 1400.0006103515625
v -1573.145751953125 -1224.617431640625 1350.0006103515625
v -1457.935791015625 -1306.441162109375 1350.000732421875
v -1573.145751953125 -1224.617431640625 1400.0006103515625
v -1457.935791015625 -1306.441162109375 1400.000732421875
v -1597.350341796875 1899.3033447265625 1493.11181640625
v -1700.69384765625 1876.35791015625 1491.9708251953125
v -1596.458984375 1894.05224609375 1491.9708251953125
v -1703.761474609375 1881.2396240234375 1493.11181640625
v -1597.760986328125 1901.7220458984375 1493.120849609375
v -1703.761474609375 1881.2396240234375 1493.11181640625
v -1597.350341796875 1899.3033447265625 1493.11181640625
v -1705.174560546875 1883.4881591796875 1493.120849609375
v -1598.71142578125 1907.3212890625 1491.9388427734375
v -1705.174560546875 1883.4881591796875 1493.120849609375
v -1597.760986328125 1901.7220458984375 1493.120849609375
v -1708.4453125 1888.6934814453125 1491.9388427734375
v -1598.712646484375 1907.3287353515625 1486.227783203125
v -1708.4453125 1888.6934814453125 1491.9388427734375
v -1598.71142578125 1907.3212890625 1491.9388427734375
v -1708.44970703125 1888.7003173828125 1486.227783203125
v -1596.458740234375 1894.0501708984375 1486.223876953125
v -1708.44970703125 1888.7003173828125 1486.227783203125
v -1598.712646484375 1907.3287353515625 1486.227783203125
v -1700.692626953125 1876.3560791015625 1486.223876953125
v -1596.458984375 1894.05224609375 1491.9708251953125
v -1700.692626953125 1876.3560791015625 1486.223876953125
v -1596.458740234375 1894.0501708984375 1486.223876953125
v -1700.69384765625 1876.35791015625 1491.9708251953125
v -1597.8544921875 1902.2720947265625 1410.05859375
v -1703.536376953125 1880.881591796875 1410.044677734375
v -1597.28515625 1898.918212890625 1410.044677734375
v -1705.495849609375 1883.99951171875 1410.05859375
v -1597.855224609375 1902.2774658203125 1407.707275390625
v -1705.495849609375 1883.99951171875 1410.05859375
v -1597.8544921875 1902.2720947265625 1410.05859375
v -1705.498779296875 1884.0045166015625 1407.707275390625
v -1597.285888671875 1898.9234619140625 1407.703857421875
v -1705.498779296875 1884.0045166015625 1407.707275390625
v -1597.855224609375 1902.2774658203125 1407.707275390625
v -1703.53955078125 1880.886474609375 1407.703857421875
v -1597.28515625 1898.918212890625 1410.044677734375
v -1703.53955078125 1880.886474609375 1407.703857421875
v -1597.285888671875 1898.9234619140625 1407.703857421875
v -1703.536376953125 1880.881591796875 1410.044677734375
v -1597.83203125 1902.14111328125 1462.47802734375
v -1703.4716796875 1880.7786865234375 1462.47802734375
v -1597.26611328125 1898.8074951171875 1462.47802734375
v -1705.419189453125 1883.8778076171875 1462.47802734375
v -1597.8291015625 1902.12255859375 1459.9190673828125
v -1705.419189453125 1883.8778076171875 1462.47802734375
v -1597.83203125 1902.14111328125 1462.47802734375
v -1705.408447265625 1883.860595703125 1459.9190673828125
v -1597.26318359375 1898.7890625 1459.9190673828125
v -1705.408447265625 1883.860595703125 1459.9190673828125
v -1597.8291015625 1902.12255859375 1459.9190673828125
v -1703.461181640625 1880.7615966796875 1459.9190673828125
v -1597.26611328125 1898.8074951171875 1462.47802734375
v -1703.461181640625 1880.7615966796875 1459.9190673828125
v -1597.26318359375 1898.7890625 1459.9190673828125
v -1703.4716796875 1880.7786865234375 1462.47802734375
v -1703.761474609375 1881.2396240234375 1493.11181640625
v -1760.1923828125 1792.4637451171875 1491.9708251953125
v -1700.69384765625 1876.35791015625 1491.9708251953125
v -1765.81298828125 1793.7454833984375 1493.11181640625
v -1765.81298828125 1793.7454833984375 1493.11181640625
v -1768.40185546875 1794.3359375 1493.120849609375
v -1708.4453125 1888.6934814453125 1491.9388427734375
v -1768.40185546875 1794.3359375 1493.120849609375
v -1705.174560546875 1883.4881591796875 1493.120849609375
v -1774.395263671875 1795.7027587890625 1491.9388427734375
v -1708.44970703125 1888.7003173828125 1486.227783203125
v -1774.395263671875 1795.7027587890625 1491.9388427734375
v -1708.4453125 1888.6934814453125 1491.9388427734375
v -1774.403076171875 1795.70458984375 1486.227783203125
v -1774.403076171875 1795.70458984375 1486.227783203125
v -1760.18994140625 1792.4632568359375 1486.223876953125
v -1700.69384765625 1876.35791015625 1491.9708251953125
v -1760.18994140625 1792.4632568359375 1486.223876953125
v -1700.692626953125 1876.3560791015625 1486.223876953125
v -1760.1923828125 1792.4637451171875 1491.9708251953125
v -1705.495849609375 1883.99951171875 1410.05859375
v -1765.400634765625 1793.6514892578125 1410.044677734375
v -1703.536376953125 1880.881591796875 1410.044677734375
v -1768.990478515625 1794.47021484375 1410.05859375
v -1705.498779296875 1884.0045166015625 1407.707275390625
v -1768.990478515625 1794.47021484375 1410.05859375
v -1705.495849609375 1883.99951171875 1410.05859375
v -1768.996337890625 1794.4715576171875 1407.707275390625
v -1768.996337890625 1794.4715576171875 1407.707275390625
v -1765.40625 1793.65283203125 1407.703857421875
v -1703.536376953125 1880.881591796875 1410.044677734375
v -1765.40625 1793.65283203125 1407.703857421875
v -1703.53955078125 1880.886474609375 1407.703857421875
v -1765.400634765625 1793.6514892578125 1410.044677734375
v -1765.281982421875 1793.62451171875 1462.47802734375
v -1768.850341796875 1794.438232421875 1462.47802734375
v -1705.408447265625 1883.860595703125 1459.9190673828125
v -1768.850341796875 1794.438232421875 1462.47802734375
v -1705.419189453125 1883.8778076171875 1462.47802734375
v -1768.83056640625 1794.433837890625 1459.9190673828125
v -1768.83056640625 1794.433837890625 1459.9190673828125
v -1765.262451171875 1793.6199951171875 1459.9190673828125
v -1703.4716796875 1880.7786865234375 1462.47802734375
v -1765.262451171875 1793.6199951171875 1459.9190673828125
v -1703.461181640625 1880.7615966796875 1459.9190673828125
v -1765.281982421875 1793.62451171875 1462.47802734375
v -1765.81298828125 1793.7454833984375 1493.11181640625
v -1324.298583984375 -770.7203369140625 1491.971435546875
v -1760.1923828125 1792.4637451171875 1491.9708251953125
v -1329.9189453125 -769.439208984375 1493.1124267578125
v -1329.9189453125 -769.439208984375 1493.1124267578125
v -1332.5078125 -768.84912109375 1493.12158203125
v -1774.395263671875 1795.7027587890625 1491.9388427734375
v -1332.5078125 -768.84912109375 1493.12158203125
v -1768.40185546875 1794.3359375 1493.120849609375
v -1338.501220703125 -767.4827880859375 1491.9395751953125
v -1774.403076171875 1795.70458984375 1486.227783203125
v -1338.501220703125 -767.4827880859375 1491.9395751953125
v -1774.395263671875 1795.7027587890625 1491.9388427734375
v -1338.509033203125 -767.4810791015625 1486.228515625
v -1338.509033203125 -767.4810791015625 1486.228515625
v -1324.296142578125 -770.720947265625 1486.224609375
v -1760.1923828125 1792.4637451171875 1491.9708251953125
v -1324.296142578125 -770.720947265625 1486.224609375
v -1760.18994140625 1792.4632568359375 1486.223876953125
v -1324.298583984375 -770.7203369140625 1491.971435546875
v -1768.990478515625 1794.47021484375 1410.05859375
v -1329.5068359375 -769.5330810546875 1410.04541015625
v -1765.400634765625 1793.6514892578125 1410.044677734375
v -1333.0966796875 -768.71484375 1410.0592041015625
v -1768.996337890625 1794.4715576171875 1407.707275390625
v -1333.0966796875 -768.71484375 1410.0592041015625
v -1768.990478515625 1794.47021484375 1410.05859375
v -1333.1025390625 -768.7135009765625 1407.7078857421875
v -1333.1025390625 -768.7135009765625 1407.7078857421875
v -1329.512451171875 -769.5318603515625 1407.70458984375
v -1765.400634765625 1793.6514892578125 1410.044677734375
v -1329.512451171875 -769.5318603515625 1407.70458984375
v -1765.40625 1793.65283203125 1407.703857421875
v -1329.5068359375 -769.5330810546875 1410.04541015625
v -1329.38818359375 -769.5601806640625 1462.478759765625
v -1332.95654296875 -768.746826171875 1462.478759765625
v -1768.83056640625 1794.433837890625 1459.9190673828125
v -1332.95654296875 -768.746826171875 1462.478759765625
v -1768.850341796875 1794.438232421875 1462.47802734375
v -1332.936767578125 -768.751220703125 1459.919677734375
v -1332.936767578125 -768.751220703125 1459.919677734375
v -1329.36865234375 -769.564697265625 1459.919677734375
v -1765.281982421875 1793.62451171875 1462.47802734375
v -1329.36865234375 -769.564697265625 1459.919677734375
v -1765.262451171875 1793.6199951171875 1459.9190673828125
v -1329.38818359375 -769.5601806640625 1462.478759765625
v -1329.9189453125 -769.439208984375 1493.1124267578125
v -1549.18115234375 -1087.9373779296875 1491.9715576171875
v -1324.298583984375 -770.7203369140625 1491.971435546875
v -1554.8017578125 -1086.65625 1493.112548828125
v -1554.8017578125 -1086.65625 1493.112548828125
v -1557.390625 -1086.0662841796875 1493.12158203125
v -1338.501220703125 -767.4827880859375 1491.9395751953125
v -1557.390625 -1086.0662841796875 1493.12158203125
v -1332.5078125 -768.84912109375 1493.12158203125
v -1563.384033203125 -1084.7003173828125 1491.9395751953125
v -1338.509033203125 -767.4810791015625 1486.228515625
v -1563.384033203125 -1084.7003173828125 1491.9395751953125
v -1338.501220703125 -767.4827880859375 1491.9395751953125
v -1563.391845703125 -1084.6986083984375 1486.228515625
v -1563.391845703125 -1084.6986083984375 1486.228515625
v -1549.1787109375 -1087.9378662109375 1486.224609375
v -1324.298583984375 -770.7203369140625 1491.971435546875
v -1549.1787109375 -1087.9378662109375 1486.224609375
v -1324.296142578125 -770.720947265625 1486.224609375
v -1549.18115234375 -1087.9373779296875 1491.9715576171875
v -1333.0966796875 -768.71484375 1410.0592041015625
v -1554.389404296875 -1086.7503662109375 1410.0455322265625
v -1329.5068359375 -769.5330810546875 1410.04541015625
v -1557.9794921875 -1085.9320068359375 1410.0592041015625
v -1333.1025390625 -768.7135009765625 1407.7078857421875
v -1557.9794921875 -1085.9320068359375 1410.0592041015625
v -1333.0966796875 -768.71484375 1410.0592041015625
v -1557.985107421875 -1085.9306640625 1407.7080078125
v -1557.985107421875 -1085.9306640625 1407.7080078125
v -1554.39501953125 -1086.7490234375 1407.7047119140625
v -1329.5068359375 -769.5330810546875 1410.04541015625
v -1554.39501953125 -1086.7490234375 1407.7047119140625
v -1329.512451171875 -769.5318603515625 1407.70458984375
v -1554.389404296875 -1086.7503662109375 1410.0455322265625
v -1554.27099609375 -1086.7772216796875 1462.4788818359375
v -1557.839111328125 -1085.964111328125 1462.4788818359375
v -1332.936767578125 -768.751220703125 1459.919677734375
v -1557.839111328125 -1085.964111328125 1462.4788818359375
v -1332.95654296875 -768.746826171875 1462.478759765625
v -1557.819580078125 -1085.968505859375 1459.9197998046875
v -1557.819580078125 -1085.968505859375 1459.9197998046875
v -1554.251220703125 -1086.78173828125 1459.9197998046875
v -1329.38818359375 -769.5601806640625 1462.478759765625
v -1554.251220703125 -1086.78173828125 1459.9197998046875
v -1329.36865234375 -769.564697265625 1459.919677734375
v -1554.27099609375 -1086.7772216796875 1462.4788818359375
v -1554.8017578125 -1086.65625 1493.112548828125
v -1530.486328125 -1197.819580078125 1491.9716796875
v -1549.18115234375 -1087.9373779296875 1491.9715576171875
v -1535.367431640625 -1200.8856201171875 1493.1126708984375
v -1535.367431640625 -1200.8856201171875 1493.1126708984375
v -1537.61572265625 -1202.298095703125 1493.1217041015625
v -1563.384033203125 -1084.7003173828125 1491.9395751953125
v -1537.61572265625 -1202.298095703125 1493.1217041015625
v -1557.390625 -1086.0662841796875 1493.12158203125
v -1542.820556640625 -1205.567626953125 1491.939697265625
v -1563.391845703125 -1084.6986083984375 1486.228515625
v -1542.820556640625 -1205.567626953125 1491.939697265625
v -1563.384033203125 -1084.7003173828125 1491.9395751953125
v -1542.8271484375 -1205.57177734375 1486.228759765625
v -1542.8271484375 -1205.57177734375 1486.228759765625
v -1530.484375 -1197.8182373046875 1486.2247314453125
v -1549.18115234375 -1087.9373779296875 1491.9715576171875
v -1530.484375 -1197.8182373046875 1486.2247314453125
v -1549.1787109375 -1087.9378662109375 1486.224609375
v -1530.486328125 -1197.819580078125 1491.9716796875
v -1557.9794921875 -1085.9320068359375 1410.0592041015625
v -1535.00927734375 -1200.6607666015625 1410.045654296875
v -1554.389404296875 -1086.7503662109375 1410.0455322265625
v -1538.127197265625 -1202.6192626953125 1410.059326171875
v -1557.985107421875 -1085.9306640625 1407.7080078125
v -1538.127197265625 -1202.6192626953125 1410.059326171875
v -1557.9794921875 -1085.9320068359375 1410.0592041015625
v -1538.1318359375 -1202.622314453125 1407.7081298828125
v -1538.1318359375 -1202.622314453125 1407.7081298828125
v -1535.014404296875 -1200.6640625 1407.704833984375
v -1554.389404296875 -1086.7503662109375 1410.0455322265625
v -1535.014404296875 -1200.6640625 1407.704833984375
v -1554.39501953125 -1086.7490234375 1407.7047119140625
v -1535.00927734375 -1200.6607666015625 1410.045654296875
v -1534.906494140625 -1200.5963134765625 1462.4788818359375
v -1538.005126953125 -1202.542724609375 1462.4788818359375
v -1557.819580078125 -1085.968505859375 1459.9197998046875
v -1538.005126953125 -1202.542724609375 1462.4788818359375
v -1557.839111328125 -1085.964111328125 1462.4788818359375
v -1537.988037109375 -1202.5321044921875 1459.919921875
v -1537.988037109375 -1202.5321044921875 1459.919921875
v -1534.889404296875 -1200.58544921875 1459.919921875
v -1554.27099609375 -1086.7772216796875 1462.4788818359375
v -1534.889404296875 -1200.58544921875 1459.919921875
v -1554.251220703125 -1086.78173828125 1459.9197998046875
v -1534.906494140625 -1200.5963134765625 1462.4788818359375
v -1535.367431640625 -1200.8856201171875 1493.1126708984375
v -1430.98193359375 -1268.4891357421875 1491.9718017578125
v -1530.486328125 -1197.819580078125 1491.9716796875
v -1434.06591796875 -1272.8314208984375 1493.11279296875
v -1434.06591796875 -1272.8314208984375 1493.11279296875
v -1435.486328125 -1274.8319091796875 1493.121826171875
v -1542.820556640625 -1205.567626953125 1491.939697265625
v -1435.486328125 -1274.8319091796875 1493.121826171875
v -1537.61572265625 -1202.298095703125 1493.1217041015625
v -1438.775146484375 -1279.462158203125 1491.9398193359375
v -1542.8271484375 -1205.57177734375 1486.228759765625
v -1438.775146484375 -1279.462158203125 1491.9398193359375
v -1542.820556640625 -1205.567626953125 1491.939697265625
v -1438.779296875 -1279.46826171875 1486.2288818359375
v -1438.779296875 -1279.46826171875 1486.2288818359375
v -1430.98046875 -1268.4873046875 1486.224853515625
v -1530.486328125 -1197.819580078125 1491.9716796875
v -1430.98046875 -1268.4873046875 1486.224853515625
v -1530.484375 -1197.8182373046875 1486.2247314453125
v -1430.98193359375 -1268.4891357421875 1491.9718017578125
v -1538.127197265625 -1202.6192626953125 1410.059326171875
v -1433.839599609375 -1272.512939453125 1410.0457763671875
v -1535.00927734375 -1200.6607666015625 1410.045654296875
v -1435.8095703125 -1275.28662109375 1410.0594482421875
v -1538.1318359375 -1202.622314453125 1407.7081298828125
v -1435.8095703125 -1275.28662109375 1410.0594482421875
v -1538.127197265625 -1202.6192626953125 1410.059326171875
v -1435.8125 -1275.2911376953125 1407.7081298828125
v -1435.8125 -1275.2911376953125 1407.7081298828125
v -1433.8427734375 -1272.5174560546875 1407.7049560546875
v -1535.00927734375 -1200.6607666015625 1410.045654296875
v -1433.8427734375 -1272.5174560546875 1407.7049560546875
v -1535.014404296875 -1200.6640625 1407.704833984375
v -1433.839599609375 -1272.512939453125 1410.0457763671875
v -1433.774658203125 -1272.42138671875 1462.47900390625
v -1435.732421875 -1275.17822265625 1462.47900390625
v -1537.988037109375 -1202.5321044921875 1459.919921875
v -1435.732421875 -1275.17822265625 1462.47900390625
v -1538.005126953125 -1202.542724609375 1462.4788818359375
v -1435.7216796875 -1275.1629638671875 1459.9200439453125
v -1435.7216796875 -1275.1629638671875 1459.9200439453125
v -1433.763916015625 -1272.4061279296875 1459.9200439453125
v -1534.906494140625 -1200.5963134765625 1462.4788818359375
v -1433.763916015625 -1272.4061279296875 1459.9200439453125
v -1534.889404296875 -1200.58544921875 1459.919921875
v -1433.774658203125 -1272.42138671875 1462.47900390625
v -1597.8720703125 1902.377197265625 1469.9713134765625
v -1705.59423828125 1884.1561279296875 1400.08056640625
v -1597.883056640625 1902.4405517578125 1400.08056640625
v -1705.557373046875 1884.0972900390625 1469.9713134765625
v -1598.088623046875 1903.6524658203125 1469.9713134765625
v -1705.557373046875 1884.0972900390625 1469.9713134765625
v -1597.8720703125 1902.377197265625 1469.9713134765625
v -1706.30224609375 1885.282958984375 1469.9713134765625
v -1598.09716796875 1903.7032470703125 1400.04296875
v -1706.30224609375 1885.282958984375 1469.9713134765625
v -1598.088623046875 1903.6524658203125 1469.9713134765625
v -1706.331787109375 1885.330078125 1400.04296875
v -1597.890380859375 1902.4835205078125 1399.9947509765625
v -1706.28369140625 1885.253662109375 1400.0108642578125
v -1598.083251953125 1903.6209716796875 1400.0108642578125
v -1705.619140625 1884.196044921875 1399.9947509765625
v -1705.557373046875 1884.0972900390625 1469.9713134765625
v -1769.1708984375 1794.5113525390625 1400.08056640625
v -1705.59423828125 1884.1561279296875 1400.08056640625
v -1769.103271484375 1794.495849609375 1469.9713134765625
v -1769.103271484375 1794.495849609375 1469.9713134765625
v -1770.468017578125 1794.8072509765625 1469.9713134765625
v -1706.331787109375 1885.330078125 1400.04296875
v -1770.468017578125 1794.8072509765625 1469.9713134765625
v -1706.30224609375 1885.282958984375 1469.9713134765625
v -1770.5224609375 1794.819580078125 1400.04296875
v -1705.619140625 1884.196044921875 1399.9947509765625
v -1770.4345703125 1794.799560546875 1400.0108642578125
v -1706.28369140625 1885.253662109375 1400.0108642578125
v -1769.217041015625 1794.5218505859375 1399.9947509765625
v -1769.103271484375 1794.495849609375 1469.9713134765625
v -1333.27685546875 -768.673828125 1400.081298828125
v -1769.1708984375 1794.5113525390625 1400.08056640625
v -1333.209228515625 -768.689208984375 1469.9720458984375
v -1333.209228515625 -768.689208984375 1469.9720458984375
v -1334.57421875 -768.3779296875 1469.9720458984375
v -1770.5224609375 1794.819580078125 1400.04296875
v -1334.57421875 -768.3779296875 1469.9720458984375
v -1770.468017578125 1794.8072509765625 1469.9713134765625
v -1334.62841796875 -768.3656005859375 1400.0435791015625
v -1769.217041015625 1794.5218505859375 1399.9947509765625
v -1334.54052734375 -768.3857421875 1400.0115966796875
v -1770.4345703125 1794.799560546875 1400.0108642578125
v -1333.322998046875 -768.663330078125 1399.995361328125
v -1333.209228515625 -768.689208984375 1469.9720458984375
v -1558.15966796875 -1085.8909912109375 1400.0814208984375
v -1333.27685546875 -768.673828125 1400.081298828125
v -1558.092041015625 -1085.906494140625 1469.97216796875
v -1558.092041015625 -1085.906494140625 1469.97216796875
v -1559.45703125 -1085.595458984375 1469.97216796875
v -1334.62841796875 -768.3656005859375 1400.0435791015625
v -1559.45703125 -1085.595458984375 1469.97216796875
v -1334.57421875 -768.3779296875 1469.9720458984375
v -1559.51123046875 -1085.5830078125 1400.043701171875
v -1333.322998046875 -768.663330078125 1399.995361328125
v -1559.42333984375 -1085.60302734375 1400.0115966796875
v -1334.54052734375 -768.3857421875 1400.0115966796875
v -1558.205810546875 -1085.8804931640625 1399.9954833984375
v -1558.092041015625 -1085.906494140625 1469.97216796875
v -1538.283447265625 -1202.7176513671875 1400.08154296875
v -1558.15966796875 -1085.8909912109375 1400.0814208984375
v -1538.224853515625 -1202.6806640625 1469.97216796875
v -1538.224853515625 -1202.6806640625 1469.97216796875
v -1539.41015625 -1203.42529296875 1469.97216796875
v -1559.51123046875 -1085.5830078125 1400.043701171875
v -1539.41015625 -1203.42529296875 1469.97216796875
v -1559.45703125 -1085.595458984375 1469.97216796875
v -1539.457275390625 -1203.454833984375 1400.0438232421875
v -1558.205810546875 -1085.8804931640625 1399.9954833984375
v -1539.380859375 -1203.406982421875 1400.01171875
v -1559.42333984375 -1085.60302734375 1400.0115966796875
v -1538.323486328125 -1202.74267578125 1399.99560546875
v -1538.224853515625 -1202.6806640625 1469.97216796875
v -1435.908203125 -1275.42578125 1400.0816650390625
v -1538.283447265625 -1202.7176513671875 1400.08154296875
v -1435.871337890625 -1275.37353515625 1469.9722900390625
v -1435.871337890625 -1275.37353515625 1469.9722900390625
v -1436.620361328125 -1276.4283447265625 1469.9722900390625
v -1539.457275390625 -1203.454833984375 1400.0438232421875
v -1436.620361328125 -1276.4283447265625 1469.9722900390625
v -1539.41015625 -1203.42529296875 1469.97216796875
v -1436.650146484375 -1276.47021484375 1400.0438232421875
v -1538.323486328125 -1202.74267578125 1399.99560546875
v -1436.601806640625 -1276.4019775390625 1400.0118408203125
v -1539.380859375 -1203.406982421875 1400.01171875
v -1435.93359375 -1275.461669921875 1399.9957275390625
v -1596.458740234375 1894.0501708984375 1486.223876953125
v -1598.712646484375 1907.3287353515625 1486.227783203125
v -1598.71142578125 1907.3212890625 1491.9388427734375
v -1596.458984375 1894.05224609375 1491.9708251953125
v -1597.760986328125 1901.7220458984375 1493.120849609375
v -1597.350341796875 1899.3033447265625 1493.11181640625
v -1597.285888671875 1898.9234619140625 1407.703857421875
v -1597.855224609375 1902.2774658203125 1407.707275390625
v -1597.28515625 1898.918212890625 1410.044677734375
v -1597.8544921875 1902.2720947265625 1410.05859375
v -1597.26318359375 1898.7890625 1459.9190673828125
v -1597.8291015625 1902.12255859375 1459.9190673828125
v -1597.26611328125 1898.8074951171875 1462.47802734375
v -1597.83203125 1902.14111328125 1462.47802734375
v -1598.088623046875 1903.6524658203125 1469.9713134765625
v -1597.8720703125 1902.377197265625 1469.9713134765625
v -1597.883056640625 1902.4405517578125 1400.08056640625
v -1598.09716796875 1903.7032470703125 1400.04296875
v -1438.775146484375 -1279.462158203125 1491.9398193359375
v -1438.779296875 -1279.46826171875 1486.2288818359375
v -1430.98046875 -1268.4873046875 1486.224853515625
v -1430.98193359375 -1268.4891357421875 1491.9718017578125
v -1434.06591796875 -1272.8314208984375 1493.11279296875
v -1435.486328125 -1274.8319091796875 1493.121826171875
v -1433.839599609375 -1272.512939453125 1410.0457763671875
v -1435.8125 -1275.2911376953125 1407.7081298828125
v -1433.8427734375 -1272.5174560546875 1407.7049560546875
v -1435.8095703125 -1275.28662109375 1410.0594482421875
v -1433.774658203125 -1272.42138671875 1462.47900390625
v -1435.7216796875 -1275.1629638671875 1459.9200439453125
v -1433.763916015625 -1272.4061279296875 1459.9200439453125
v -1435.732421875 -1275.17822265625 1462.47900390625
v -1435.908203125 -1275.42578125 1400.0816650390625
v -1435.871337890625 -1275.37353515625 1469.9722900390625
v -1436.620361328125 -1276.4283447265625 1469.9722900390625
v -1436.650146484375 -1276.47021484375 1400.0438232421875
v -1583.27783203125 1816.727783203125 1349.999755859375
v -1593.1533203125 1815.043212890625 1349.9998779296875
v -1143.848876953125 -826.997802734375 1350.000244140625
v -1130.640869140625 -845.052001953125 1350.0
v -1409.766845703125 -1201.887939453125 1350.000244140625
v -1396.558837890625 -1219.942138671875 1350.0
v -1583.27783203125 1816.727783203125 1299.999755859375
v -1143.848876953125 -826.997802734375 1300.000244140625
v -1593.1533203125 1815.043212890625 1299.9998779296875
v -1130.640869140625 -845.052001953125 1300.0
v -1409.766845703125 -1201.887939453125 1300.000244140625
v -1396.558837890625 -1219.942138671875 1300.0
v -1583.27783203125 1816.727783203125 1349.999755859375
v -1593.1533203125 1815.043212890625 1299.9998779296875
v -1593.1533203125 1815.043212890625 1349.9998779296875
v -1583.27783203125 1816.727783203125 1299.999755859375
v -1593.1533203125 1815.043212890625 1349.9998779296875
v -1143.848876953125 -826.997802734375 1300.000244140625
v -1143.848876953125 -826.997802734375 1350.000244140625
v -1593.1533203125 1815.043212890625 1299.9998779296875
v -1143.848876953125 -826.997802734375 1350.000244140625
v -1409.766845703125 -1201.887939453125 1300.000244140625
v -1409.766845703125 -1201.887939453125 1350.000244140625
v -1143.848876953125 -826.997802734375 1300.000244140625
v -1409.766845703125 -1201.887939453125 1350.000244140625
v -1396.558837890625 -1219.942138671875 1300.0
v -1396.558837890625 -1219.942138671875 1350.0
v -1409.766845703125 -1201.887939453125 1300.000244140625
v -1396.558837890625 -1219.942138671875 1350.0
v -1130.640869140625 -845.052001953125 1300.0
v -1130.640869140625 -845.052001953125 1350.0
v -1396.558837890625 -1219.942138671875 1300.0
v -1130.640869140625 -845.052001953125 1350.0
v -1583.27783203125 1816.727783203125 1299.999755859375
v -1583.27783203125 1816.727783203125 1349.999755859375
v -1130.640869140625 -845.052001953125 1300.0
v -1373.4208984375 -759.52294921875 1400.00048828125
v -1604.24951171875 1939.945556640625 1399.9998779296875
v -1727.50390625 1919.022705078125 1399.9998779296875
v -1809.3154296875 1803.666259765625 1399.9998779296875
v -1598.304443359375 -1076.741455078125 1400.0006103515625
v -1573.145751953125 -1224.617431640625 1400.0006103515625
v -1457.935791015625 -1306.441162109375 1400.000732421875
v -1130.653076171875 -845.0400390625 1400.000244140625
v -1667.286376953125 1117.777587890625 1399.999755859375
v -1494.77099609375 1147.11865234375 1399.999755859375
v -1600.208740234375 723.441650390625 1399.9998779296875
v -1427.705810546875 752.7825927734375 1399.9998779296875
v -1516.358642578125 230.497314453125 1399.9998779296875
v -1343.885498046875 259.830810546875 1399.9998779296875
v -1449.281005859375 -163.826416015625 1399.9998779296875
v -1276.832275390625 -134.505126953125 1399.9998779296875
v -1494.77099609375 1147.11865234375 1399.999755859375
v -1667.286376953125 1117.777587890625 1399.999755859375
v -1494.77099609375 1147.1187744140625 1749.999755859375
v -1667.286376953125 1117.7777099609375 1749.999755859375
v -1667.286376953125 1117.777587890625 1399.999755859375
v -1600.208740234375 723.4417724609375 1399.9998779296875
v -1658.90185546875 1068.4857177734375 1499.999755859375
v -1658.90185546875 1068.4857177734375 1699.999755859375
v -1608.593505859375 772.7340087890625 1699.9998779296875
v -1667.286376953125 1117.7777099609375 1749.999755859375
v -1600.208740234375 723.4417724609375 1749.9998779296875
v -1608.593505859375 772.7340087890625 1499.9998779296875
v -1600.208740234375 723.441650390625 1399.9998779296875
v -1427.705810546875 752.7825927734375 1399.9998779296875
v -1600.208740234375 723.4417114257812 1749.9998779296875
v -1427.705810546875 752.7825927734375 1749.9998779296875
v -1608.593505859375 772.7340087890625 1699.9998779296875
v -1658.90185546875 1068.4857177734375 1699.999755859375
v -1634.255859375 1072.6781005859375 1699.999755859375
v -1583.947509765625 776.9263916015625 1699.9998779296875
v -1608.593505859375 772.7340087890625 1499.9998779296875
v -1634.255859375 1072.6781005859375 1499.999755859375
v -1658.90185546875 1068.4857177734375 1499.999755859375
v -1583.947509765625 776.9263916015625 1499.9998779296875
v -1634.255859375 1072.6781005859375 1699.999755859375
v -1658.90185546875 1068.4857177734375 1499.999755859375
v -1634.255859375 1072.6781005859375 1499.999755859375
v -1658.90185546875 1068.4857177734375 1699.999755859375
v -1583.947509765625 776.9263916015625 1699.9998779296875
v -1583.947509765625 776.9263916015625 1499.9998779296875
v -1608.593505859375 772.7340087890625 1499.9998779296875
v -1608.593505859375 772.7340087890625 1699.9998779296875
v -1667.286376953125 1117.7777099609375 1749.999755859375
v -1600.208740234375 723.4417114257812 1749.9998779296875
v -1494.77099609375 1147.1187744140625 1749.999755859375
v -1427.705810546875 752.7825927734375 1749.9998779296875
v -1373.4208984375 -759.52294921875 1750.0006103515625
v -1727.50390625 1919.022705078125 1749.999755859375
v -1604.24951171875 1939.945556640625 1749.999755859375
v -1809.3154296875 1803.666259765625 1749.999755859375
v -1598.304443359375 -1076.741455078125 1750.0006103515625
v -1457.935791015625 -1306.441162109375 1750.000732421875
v -1573.145751953125 -1224.617431640625 1750.000732421875
v -1130.653076171875 -845.0400390625 1750.0003662109375
v -1604.24951171875 1939.945556640625 1750.0
v -1727.50390625 1919.022705078125 1750.0
v -1604.24951171875 1939.945556640625 1800.0
v -1727.50390625 1919.022705078125 1800.0
v -1727.50390625 1919.022705078125 1750.0
v -1809.3154296875 1803.666259765625 1750.0
v -1727.50390625 1919.022705078125 1800.0
v -1809.3154296875 1803.666259765625 1800.0
v -1809.3154296875 1803.666259765625 1750.0
v -1373.4208984375 -759.5230712890625 1750.0006103515625
v -1809.3154296875 1803.666259765625 1800.0
v -1373.4208984375 -759.5230712890625 1800.0006103515625
v -1373.4208984375 -759.52294921875 1750.0006103515625
v -1598.304443359375 -1076.741455078125 1750.000732421875
v -1373.4208984375 -759.52294921875 1800.0006103515625
v -1598.304443359375 -1076.741455078125 1800.000732421875
v -1598.304443359375 -1076.741455078125 1750.000732421875
v -1573.145751953125 -1224.617431640625 1750.000732421875
v -1598.304443359375 -1076.741455078125 1800.000732421875
v -1573.145751953125 -1224.617431640625 1800.000732421875
v -1573.145751953125 -1224.617431640625 1750.000732421875
v -1457.935791015625 -1306.441162109375 1750.0009765625
v -1573.145751953125 -1224.617431640625 1800.000732421875
v -1457.935791015625 -1306.441162109375 1800.0009765625
v -1597.350341796875 1899.3033447265625 1893.1119384765625
v -1700.69384765625 1876.35791015625 1891.970947265625
v -1596.458984375 1894.05224609375 1891.970947265625
v -1703.761474609375 1881.2396240234375 1893.1119384765625
v -1597.760986328125 1901.7220458984375 1893.120849609375
v -1703.761474609375 1881.2396240234375 1893.1119384765625
v -1597.350341796875 1899.3033447265625 1893.1119384765625
v -1705.174560546875 1883.4881591796875 1893.120849609375
v -1598.71142578125 1907.3212890625 1891.93896484375
v -1705.174560546875 1883.4881591796875 1893.120849609375
v -1597.760986328125 1901.7220458984375 1893.120849609375
v -1708.4453125 1888.6934814453125 1891.93896484375
v -1598.712646484375 1907.3287353515625 1886.2279052734375
v -1708.4453125 1888.6934814453125 1891.93896484375
v -1598.71142578125 1907.3212890625 1891.93896484375
v -1708.44970703125 1888.7003173828125 1886.2279052734375
v -1596.458740234375 1894.0501708984375 1886.223876953125
v -1708.44970703125 1888.7003173828125 1886.2279052734375
v -1598.712646484375 1907.3287353515625 1886.2279052734375
v -1700.692626953125 1876.3560791015625 1886.223876953125
v -1596.458984375 1894.05224609375 1891.970947265625
v -1700.692626953125 1876.3560791015625 1886.223876953125
v -1596.458740234375 1894.0501708984375 1886.223876953125
v -1700.69384765625 1876.35791015625 1891.970947265625
v -1597.8544921875 1902.2720947265625 1810.0587158203125
v -1703.536376953125 1880.881591796875 1810.0447998046875
v -1597.28515625 1898.918212890625 1810.0447998046875
v -1705.495849609375 1883.99951171875 1810.0587158203125
v -1597.855224609375 1902.2774658203125 1807.7073974609375
v -1705.495849609375 1883.99951171875 1810.0587158203125
v -1597.8544921875 1902.2720947265625 1810.0587158203125
v -1705.498779296875 1884.0045166015625 1807.7073974609375
v -1597.285888671875 1898.9234619140625 1807.7041015625
v -1705.498779296875 1884.0045166015625 1807.7073974609375
v -1597.855224609375 1902.2774658203125 1807.7073974609375
v -1703.53955078125 1880.886474609375 1807.7041015625
v -1597.28515625 1898.918212890625 1810.0447998046875
v -1703.53955078125 1880.886474609375 1807.7041015625
v -1597.285888671875 1898.9234619140625 1807.7041015625
v -1703.536376953125 1880.881591796875 1810.0447998046875
v -1597.83203125 1902.14111328125 1862.4781494140625
v -1703.4716796875 1880.7786865234375 1862.4781494140625
v -1597.26611328125 1898.8074951171875 1862.4781494140625
v -1705.419189453125 1883.8778076171875 1862.4781494140625
v -1597.8291015625 1902.12255859375 1859.9190673828125
v -1705.419189453125 1883.8778076171875 1862.4781494140625
v -1597.83203125 1902.14111328125 1862.4781494140625
v -1705.408447265625 1883.860595703125 1859.9190673828125
v -1597.26318359375 1898.7890625 1859.9190673828125
v -1705.408447265625 1883.860595703125 1859.9190673828125
v -1597.8291015625 1902.12255859375 1859.9190673828125
v -1703.461181640625 1880.7615966796875 1859.9190673828125
v -1597.26611328125 1898.8074951171875 1862.4781494140625
v -1703.461181640625 1880.7615966796875 1859.9190673828125
v -1597.26318359375 1898.7890625 1859.9190673828125
v -1703.4716796875 1880.7786865234375 1862.4781494140625
v -1703.761474609375 1881.2396240234375 1893.1119384765625
v -1760.1923828125 1792.4637451171875 1891.970947265625
v -1700.69384765625 1876.35791015625 1891.970947265625
v -1765.81298828125 1793.7454833984375 1893.1119384765625
v -1765.81298828125 1793.7454833984375 1893.1119384765625
v -1768.40185546875 1794.3359375 1893.120849609375
v -1708.4453125 1888.6934814453125 1891.93896484375
v -1768.40185546875 1794.3359375 1893.120849609375
v -1705.174560546875 1883.4881591796875 1893.120849609375
v -1774.395263671875 1795.7027587890625 1891.93896484375
v -1708.44970703125 1888.7003173828125 1886.2279052734375
v -1774.395263671875 1795.7027587890625 1891.93896484375
v -1708.4453125 1888.6934814453125 1891.93896484375
v -1774.403076171875 1795.70458984375 1886.2279052734375
v -1774.403076171875 1795.70458984375 1886.2279052734375
v -1760.18994140625 1792.4632568359375 1886.223876953125
v -1700.69384765625 1876.35791015625 1891.970947265625
v -1760.18994140625 1792.4632568359375 1886.223876953125
v -1700.692626953125 1876.3560791015625 1886.223876953125
v -1760.1923828125 1792.4637451171875 1891.970947265625
v -1705.495849609375 1883.99951171875 1810.0587158203125
v -1765.400634765625 1793.6514892578125 1810.0447998046875
v -1703.536376953125 1880.881591796875 1810.0447998046875
v -1768.990478515625 1794.47021484375 1810.0587158203125
v -1705.498779296875 1884.0045166015625 1807.7073974609375
v -1768.990478515625 1794.47021484375 1810.0587158203125
v -1705.495849609375 1883.99951171875 1810.0587158203125
v -1768.996337890625 1794.4715576171875 1807.7073974609375
v -1768.996337890625 1794.4715576171875 1807.7073974609375
v -1765.40625 1793.65283203125 1807.7041015625
v -1703.536376953125 1880.881591796875 1810.0447998046875
v -1765.40625 1793.65283203125 1807.7041015625
v -1703.53955078125 1880.886474609375 1807.7041015625
v -1765.400634765625 1793.6514892578125 1810.0447998046875
v -1765.281982421875 1793.62451171875 1862.4781494140625
v -1768.850341796875 1794.438232421875 1862.4781494140625
v -1705.408447265625 1883.860595703125 1859.9190673828125
v -1768.850341796875 1794.438232421875 1862.4781494140625
v -1705.419189453125 1883.8778076171875 1862.4781494140625
v -1768.83056640625 1794.433837890625 1859.9190673828125
v -1768.83056640625 1794.433837890625 1859.9190673828125
v -1765.262451171875 1793.6199951171875 1859.9190673828125
v -1703.4716796875 1880.7786865234375 1862.4781494140625
v -1765.262451171875 1793.6199951171875 1859.9190673828125
v -1703.461181640625 1880.7615966796875 1859.9190673828125
v -1765.281982421875 1793.62451171875 1862.4781494140625
v -1765.81298828125 1793.7454833984375 1893.1119384765625
v -1324.298583984375 -770.7203369140625 1891.9715576171875
v -1760.1923828125 1792.4637451171875 1891.970947265625
v -1329.9189453125 -769.439208984375 1893.112548828125
v -1329.9189453125 -769.439208984375 1893.112548828125
v -1332.5078125 -768.84912109375 1893.12158203125
v -1774.395263671875 1795.7027587890625 1891.93896484375
v -1332.5078125 -768.84912109375 1893.12158203125
v -1768.40185546875 1794.3359375 1893.120849609375
v -1338.501220703125 -767.4827880859375 1891.9395751953125
v -1774.403076171875 1795.70458984375 1886.2279052734375
v -1338.501220703125 -767.4827880859375 1891.9395751953125
v -1774.395263671875 1795.7027587890625 1891.93896484375
v -1338.509033203125 -767.4810791015625 1886.228515625
v -1338.509033203125 -767.4810791015625 1886.228515625
v -1324.296142578125 -770.720947265625 1886.224609375
v -1760.1923828125 1792.4637451171875 1891.970947265625
v -1324.296142578125 -770.720947265625 1886.224609375
v -1760.18994140625 1792.4632568359375 1886.223876953125
v -1324.298583984375 -770.7203369140625 1891.9715576171875
v -1768.990478515625 1794.47021484375 1810.0587158203125
v -1329.5068359375 -769.5330810546875 1810.04541015625
v -1765.400634765625 1793.6514892578125 1810.0447998046875
v -1333.0966796875 -768.71484375 1810.059326171875
v -1768.996337890625 1794.4715576171875 1807.7073974609375
v -1333.0966796875 -768.71484375 1810.059326171875
v -1768.990478515625 1794.47021484375 1810.0587158203125
v -1333.1025390625 -768.7135009765625 1807.7080078125
v -1333.1025390625 -768.7135009765625 1807.7080078125
v -1329.512451171875 -769.5318603515625 1807.7047119140625
v -1765.400634765625 1793.6514892578125 1810.0447998046875
v -1329.512451171875 -769.5318603515625 1807.7047119140625
v -1765.40625 1793.65283203125 1807.7041015625
v -1329.5068359375 -769.5330810546875 1810.04541015625
v -1329.38818359375 -769.5601806640625 1862.4788818359375
v -1332.95654296875 -768.746826171875 1862.4788818359375
v -1768.83056640625 1794.433837890625 1859.9190673828125
v -1332.95654296875 -768.746826171875 1862.4788818359375
v -1768.850341796875 1794.438232421875 1862.4781494140625
v -1332.936767578125 -768.751220703125 1859.919677734375
v -1332.936767578125 -768.751220703125 1859.919677734375
v -1329.36865234375 -769.564697265625 1859.919677734375
v -1765.281982421875 1793.62451171875 1862.4781494140625
v -1329.36865234375 -769.564697265625 1859.919677734375
v -1765.262451171875 1793.6199951171875 1859.9190673828125
v -1329.38818359375 -769.5601806640625 1862.4788818359375
v -1329.9189453125 -769.439208984375 1893.112548828125
v -1549.18115234375 -1087.9373779296875 1891.9715576171875
v -1324.298583984375 -770.7203369140625 1891.9715576171875
v -1554.8017578125 -1086.65625 1893.11279296875
v -1554.8017578125 -1086.65625 1893.11279296875
v -1557.390625 -1086.0662841796875 1893.1217041015625
v -1338.501220703125 -767.4827880859375 1891.9395751953125
v -1557.390625 -1086.0662841796875 1893.1217041015625
v -1332.5078125 -768.84912109375 1893.12158203125
v -1563.384033203125 -1084.7003173828125 1891.939697265625
v -1338.509033203125 -767.4810791015625 1886.228515625
v -1563.384033203125 -1084.7003173828125 1891.939697265625
v -1338.501220703125 -767.4827880859375 1891.9395751953125
v -1563.391845703125 -1084.6986083984375 1886.228759765625
v -1563.391845703125 -1084.6986083984375 1886.228759765625
v -1549.1787109375 -1087.9378662109375 1886.2247314453125
v -1324.298583984375 -770.7203369140625 1891.9715576171875
v -1549.1787109375 -1087.9378662109375 1886.2247314453125
v -1324.296142578125 -770.720947265625 1886.224609375
v -1549.18115234375 -1087.9373779296875 1891.9715576171875
v -1333.0966796875 -768.71484375 1810.059326171875
v -1554.389404296875 -1086.7503662109375 1810.045654296875
v -1329.5068359375 -769.5330810546875 1810.04541015625
v -1557.9794921875 -1085.9320068359375 1810.059326171875
v -1333.1025390625 -768.7135009765625 1807.7080078125
v -1557.9794921875 -1085.9320068359375 1810.059326171875
v -1333.0966796875 -768.71484375 1810.059326171875
v -1557.985107421875 -1085.9306640625 1807.7081298828125
v -1557.985107421875 -1085.9306640625 1807.7081298828125
v -1554.39501953125 -1086.7490234375 1807.7047119140625
v -1329.5068359375 -769.5330810546875 1810.04541015625
v -1554.39501953125 -1086.7490234375 1807.7047119140625
v -1329.512451171875 -769.5318603515625 1807.7047119140625
v -1554.389404296875 -1086.7503662109375 1810.045654296875
v -1554.27099609375 -1086.7772216796875 1862.4788818359375
v -1557.839111328125 -1085.964111328125 1862.4788818359375
v -1332.936767578125 -768.751220703125 1859.919677734375
v -1557.839111328125 -1085.964111328125 1862.4788818359375
v -1332.95654296875 -768.746826171875 1862.4788818359375
v -1557.819580078125 -1085.968505859375 1859.919921875
v -1557.819580078125 -1085.968505859375 1859.919921875
v -1554.251220703125 -1086.78173828125 1859.919921875
v -1329.38818359375 -769.5601806640625 1862.4788818359375
v -1554.251220703125 -1086.78173828125 1859.919921875
v -1329.36865234375 -769.564697265625 1859.919677734375
v -1554.27099609375 -1086.7772216796875 1862.4788818359375
v -1554.8017578125 -1086.65625 1893.11279296875
v -1530.486328125 -1197.819580078125 1891.9718017578125
v -1549.18115234375 -1087.9373779296875 1891.9715576171875
v -1535.367431640625 -1200.8856201171875 1893.11279296875
v -1535.367431640625 -1200.8856201171875 1893.11279296875
v -1537.61572265625 -1202.298095703125 1893.1217041015625
v -1563.384033203125 -1084.7003173828125 1891.939697265625
v -1537.61572265625 -1202.298095703125 1893.1217041015625
v -1557.390625 -1086.0662841796875 1893.1217041015625
v -1542.820556640625 -1205.567626953125 1891.939697265625
v -1563.391845703125 -1084.6986083984375 1886.228759765625
v -1542.820556640625 -1205.567626953125 1891.939697265625
v -1563.384033203125 -1084.7003173828125 1891.939697265625
v -1542.8271484375 -1205.57177734375 1886.228759765625
v -1542.8271484375 -1205.57177734375 1886.228759765625
v -1530.484375 -1197.8182373046875 1886.2247314453125
v -1549.18115234375 -1087.9373779296875 1891.9715576171875
v -1530.484375 -1197.8182373046875 1886.2247314453125
v -1549.1787109375 -1087.9378662109375 1886.2247314453125
v -1530.486328125 -1197.819580078125 1891.9718017578125
v -1557.9794921875 -1085.9320068359375 1810.059326171875
v -1535.00927734375 -1200.6607666015625 1810.045654296875
v -1554.389404296875 -1086.7503662109375 1810.045654296875
v -1538.127197265625 -1202.6192626953125 1810.0595703125
v -1557.985107421875 -1085.9306640625 1807.7081298828125
v -1538.127197265625 -1202.6192626953125 1810.0595703125
v -1557.9794921875 -1085.9320068359375 1810.059326171875
v -1538.1318359375 -1202.622314453125 1807.7081298828125
v -1538.1318359375 -1202.622314453125 1807.7081298828125
v -1535.014404296875 -1200.6640625 1807.7049560546875
v -1554.389404296875 -1086.7503662109375 1810.045654296875
v -1535.014404296875 -1200.6640625 1807.7049560546875
v -1554.39501953125 -1086.7490234375 1807.7047119140625
v -1535.00927734375 -1200.6607666015625 1810.045654296875
v -1534.906494140625 -1200.5963134765625 1862.47900390625
v -1538.005126953125 -1202.542724609375 1862.47900390625
v -1557.819580078125 -1085.968505859375 1859.919921875
v -1538.005126953125 -1202.542724609375 1862.47900390625
v -1557.839111328125 -1085.964111328125 1862.4788818359375
v -1537.988037109375 -1202.5321044921875 1859.919921875
v -1537.988037109375 -1202.5321044921875 1859.919921875
v -1534.889404296875 -1200.58544921875 1859.919921875
v -1554.27099609375 -1086.7772216796875 1862.4788818359375
v -1534.889404296875 -1200.58544921875 1859.919921875
v -1554.251220703125 -1086.78173828125 1859.919921875
v -1534.906494140625 -1200.5963134765625 1862.47900390625
v -1535.367431640625 -1200.8856201171875 1893.11279296875
v -1430.98193359375 -1268.4891357421875 1891.971923828125
v -1530.486328125 -1197.819580078125 1891.9718017578125
v -1434.06591796875 -1272.8314208984375 1893.1129150390625
v -1434.06591796875 -1272.8314208984375 1893.1129150390625
v -1435.486328125 -1274.8319091796875 1893.1219482421875
v -1542.820556640625 -1205.567626953125 1891.939697265625
v -1435.486328125 -1274.8319091796875 1893.1219482421875
v -1537.61572265625 -1202.298095703125 1893.1217041015625
v -1438.775146484375 -1279.462158203125 1891.93994140625
v -1542.8271484375 -1205.57177734375 1886.228759765625
v -1438.775146484375 -1279.462158203125 1891.93994140625
v -1542.820556640625 -1205.567626953125 1891.939697265625
v -1438.779296875 -1279.46826171875 1886.22900390625
v -1438.779296875 -1279.46826171875 1886.22900390625
v -1430.98046875 -1268.4873046875 1886.2249755859375
v -1530.486328125 -1197.819580078125 1891.9718017578125
v -1430.98046875 -1268.4873046875 1886.2249755859375
v -1530.484375 -1197.8182373046875 1886.2247314453125
v -1430.98193359375 -1268.4891357421875 1891.971923828125
v -1538.127197265625 -1202.6192626953125 1810.0595703125
v -1433.839599609375 -1272.512939453125 1810.0457763671875
v -1535.00927734375 -1200.6607666015625 1810.045654296875
v -1435.8095703125 -1275.28662109375 1810.0595703125
v -1538.1318359375 -1202.622314453125 1807.7081298828125
v -1435.8095703125 -1275.28662109375 1810.0595703125
v -1538.127197265625 -1202.6192626953125 1810.0595703125
v -1435.8125 -1275.2911376953125 1807.7083740234375
v -1435.8125 -1275.2911376953125 1807.7083740234375
v -1433.8427734375 -1272.5174560546875 1807.7049560546875
v -1535.00927734375 -1200.6607666015625 1810.045654296875
v -1433.8427734375 -1272.5174560546875 1807.7049560546875
v -1535.014404296875 -1200.6640625 1807.7049560546875
v -1433.839599609375 -1272.512939453125 1810.0457763671875
v -1433.774658203125 -1272.42138671875 1862.47900390625
v -1435.732421875 -1275.17822265625 1862.47900390625
v -1537.988037109375 -1202.5321044921875 1859.919921875
v -1435.732421875 -1275.17822265625 1862.47900390625
v -1538.005126953125 -1202.542724609375 1862.47900390625
v -1435.7216796875 -1275.1629638671875 1859.920166015625
v -1435.7216796875 -1275.1629638671875 1859.920166015625
v -1433.763916015625 -1272.4061279296875 1859.920166015625
v -1534.906494140625 -1200.5963134765625 1862.47900390625
v -1433.763916015625 -1272.4061279296875 1859.920166015625
v -1534.889404296875 -1200.58544921875 1859.919921875
v -1433.774658203125 -1272.42138671875 1862.47900390625
v -1597.8720703125 1902.377197265625 1869.971435546875
v -1705.59423828125 1884.1561279296875 1800.080810546875
v -1597.883056640625 1902.4405517578125 1800.080810546875
v -1705.557373046875 1884.0972900390625 1869.971435546875
v -1598.088623046875 1903.6524658203125 1869.971435546875
v -1705.557373046875 1884.0972900390625 1869.971435546875
v -1597.8720703125 1902.377197265625 1869.971435546875
v -1706.30224609375 1885.282958984375 1869.971435546875
v -1598.09716796875 1903.7032470703125 1800.0430908203125
v -1706.30224609375 1885.282958984375 1869.971435546875
v -1598.088623046875 1903.6524658203125 1869.971435546875
v -1706.331787109375 1885.330078125 1800.0430908203125
v -1597.890380859375 1902.4835205078125 1799.9947509765625
v -1706.28369140625 1885.253662109375 1800.010986328125
v -1598.083251953125 1903.6209716796875 1800.010986328125
v -1705.619140625 1884.196044921875 1799.9947509765625
v -1705.557373046875 1884.0972900390625 1869.971435546875
v -1769.1708984375 1794.5113525390625 1800.080810546875
v -1705.59423828125 1884.1561279296875 1800.080810546875
v -1769.103271484375 1794.495849609375 1869.971435546875
v -1769.103271484375 1794.495849609375 1869.971435546875
v -1770.468017578125 1794.8072509765625 1869.971435546875
v -1706.331787109375 1885.330078125 1800.0430908203125
v -1770.468017578125 1794.8072509765625 1869.971435546875
v -1706.30224609375 1885.282958984375 1869.971435546875
v -1770.5224609375 1794.819580078125 1800.0430908203125
v -1705.619140625 1884.196044921875 1799.9947509765625
v -1770.4345703125 1794.799560546875 1800.010986328125
v -1706.28369140625 1885.253662109375 1800.010986328125
v -1769.217041015625 1794.5218505859375 1799.9947509765625
v -1769.103271484375 1794.495849609375 1869.971435546875
v -1333.27685546875 -768.673828125 1800.0814208984375
v -1769.1708984375 1794.5113525390625 1800.080810546875
v -1333.209228515625 -768.689208984375 1869.9720458984375
v -1333.209228515625 -768.689208984375 1869.9720458984375
v -1334.57421875 -768.3779296875 1869.9720458984375
v -1770.5224609375 1794.819580078125 1800.0430908203125
v -1334.57421875 -768.3779296875 1869.9720458984375
v -1770.468017578125 1794.8072509765625 1869.971435546875
v -1334.62841796875 -768.3656005859375 1800.043701171875
v -1769.217041015625 1794.5218505859375 1799.9947509765625
v -1334.54052734375 -768.3857421875 1800.0115966796875
v -1770.4345703125 1794.799560546875 1800.010986328125
v -1333.322998046875 -768.663330078125 1799.995361328125
v -1333.209228515625 -768.689208984375 1869.9720458984375
v -1558.15966796875 -1085.8909912109375 1800.0814208984375
v -1333.27685546875 -768.673828125 1800.0814208984375
v -1558.092041015625 -1085.906494140625 1869.97216796875
v -1558.092041015625 -1085.906494140625 1869.97216796875
v -1559.45703125 -1085.595458984375 1869.97216796875
v -1334.62841796875 -768.3656005859375 1800.043701171875
v -1559.45703125 -1085.595458984375 1869.97216796875
v -1334.57421875 -768.3779296875 1869.9720458984375
v -1559.51123046875 -1085.5830078125 1800.0438232421875
v -1333.322998046875 -768.663330078125 1799.995361328125
v -1559.42333984375 -1085.60302734375 1800.0115966796875
v -1334.54052734375 -768.3857421875 1800.0115966796875
v -1558.205810546875 -1085.8804931640625 1799.99560546875
v -1558.092041015625 -1085.906494140625 1869.97216796875
v -1538.283447265625 -1202.7176513671875 1800.0816650390625
v -1558.15966796875 -1085.8909912109375 1800.0814208984375
v -1538.224853515625 -1202.6806640625 1869.97216796875
v -1538.224853515625 -1202.6806640625 1869.97216796875
v -1539.41015625 -1203.42529296875 1869.97216796875
v -1559.51123046875 -1085.5830078125 1800.0438232421875
v -1539.41015625 -1203.42529296875 1869.97216796875
v -1559.45703125 -1085.595458984375 1869.97216796875
v -1539.457275390625 -1203.454833984375 1800.0438232421875
v -1558.205810546875 -1085.8804931640625 1799.99560546875
v -1539.380859375 -1203.406982421875 1800.0118408203125
v -1559.42333984375 -1085.60302734375 1800.0115966796875
v -1538.323486328125 -1202.74267578125 1799.99560546875
v -1538.224853515625 -1202.6806640625 1869.97216796875
v -1435.908203125 -1275.42578125 1800.0816650390625
v -1538.283447265625 -1202.7176513671875 1800.0816650390625
v -1435.871337890625 -1275.37353515625 1869.972412109375
v -1435.871337890625 -1275.37353515625 1869.972412109375
v -1436.620361328125 -1276.4283447265625 1869.972412109375
v -1539.457275390625 -1203.454833984375 1800.0438232421875
v -1436.620361328125 -1276.4283447265625 1869.972412109375
v -1539.41015625 -1203.42529296875 1869.97216796875
v -1436.650146484375 -1276.47021484375 1800.0440673828125
v -1538.323486328125 -1202.74267578125 1799.99560546875
v -1436.601806640625 -1276.4019775390625 1800.0118408203125
v -1539.380859375 -1203.406982421875 1800.0118408203125
v -1435.93359375 -1275.461669921875 1799.995849609375
v -1596.458740234375 1894.0501708984375 1886.223876953125
v -1598.712646484375 1907.3287353515625 1886.2279052734375
v -1598.71142578125 1907.3212890625 1891.93896484375
v -1596.458984375 1894.05224609375 1891.970947265625
v -1597.760986328125 1901.7220458984375 1893.120849609375
v -1597.350341796875 1899.3033447265625 1893.1119384765625
v -1597.285888671875 1898.9234619140625 1807.7041015625
v -1597.855224609375 1902.2774658203125 1807.7073974609375
v -1597.28515625 1898.918212890625 1810.0447998046875
v -1597.8544921875 1902.2720947265625 1810.0587158203125
v -1597.26318359375 1898.7890625 1859.9190673828125
v -1597.8291015625 1902.12255859375 1859.9190673828125
v -1597.26611328125 1898.8074951171875 1862.4781494140625
v -1597.83203125 1902.14111328125 1862.4781494140625
v -1598.088623046875 1903.6524658203125 1869.971435546875
v -1597.8720703125 1902.377197265625 1869.971435546875
v -1597.883056640625 1902.4405517578125 1800.080810546875
v -1598.09716796875 1903.7032470703125 1800.0430908203125
v -1438.775146484375 -1279.462158203125 1891.93994140625
v -1438.779296875 -1279.46826171875 1886.22900390625
v -1430.98046875 -1268.4873046875 1886.2249755859375
v -1430.98193359375 -1268.4891357421875 1891.971923828125
v -1434.06591796875 -1272.8314208984375 1893.1129150390625
v -1435.486328125 -1274.8319091796875 1893.1219482421875
v -1433.839599609375 -1272.512939453125 1810.0457763671875
v -1435.8125 -1275.2911376953125 1807.7083740234375
v -1433.8427734375 -1272.5174560546875 1807.7049560546875
v -1435.8095703125 -1275.28662109375 1810.0595703125
v -1433.774658203125 -1272.42138671875 1862.47900390625
v -1435.7216796875 -1275.1629638671875 1859.920166015625
v -1433.763916015625 -1272.4061279296875 1859.920166015625
v -1435.732421875 -1275.17822265625 1862.47900390625
v -1435.908203125 -1275.42578125 1800.0816650390625
v -1435.871337890625 -1275.37353515625 1869.972412109375
v -1436.620361328125 -1276.4283447265625 1869.972412109375
v -1436.650146484375 -1276.47021484375 1800.0440673828125
v -1583.27783203125 1816.727783203125 1749.999755859375
v -1593.1533203125 1815.043212890625 1750.0
v -1143.848876953125 -826.997802734375 1750.000244140625
v -1130.640869140625 -845.052001953125 1750.0
v -1409.766845703125 -1201.887939453125 1750.000244140625
v -1396.558837890625 -1219.942138671875 1750.0
v -1583.27783203125 1816.727783203125 1699.999755859375
v -1143.848876953125 -826.997802734375 1700.000244140625
v -1593.1533203125 1815.043212890625 1700.0
v -1130.640869140625 -845.052001953125 1700.0
v -1409.766845703125 -1201.887939453125 1700.000244140625
v -1396.558837890625 -1219.942138671875 1700.0
v -1583.27783203125 1816.727783203125 1749.999755859375
v -1593.1533203125 1815.043212890625 1700.0
v -1593.1533203125 1815.043212890625 1750.0
v -1583.27783203125 1816.727783203125 1699.999755859375
v -1593.1533203125 1815.043212890625 1750.0
v -1143.848876953125 -826.997802734375 1700.000244140625
v -1143.848876953125 -826.997802734375 1750.000244140625
v -1593.1533203125 1815.043212890625 1700.0
v -1143.848876953125 -826.997802734375 1750.000244140625
v -1409.766845703125 -1201.887939453125 1700.000244140625
v -1409.766845703125 -1201.887939453125 1750.000244140625
v -1143.848876953125 -826.997802734375 1700.000244140625
v -1409.766845703125 -1201.887939453125 1750.000244140625
v -1396.558837890625 -1219.942138671875 1700.0
v -1396.558837890625 -1219.942138671875 1750.0
v -1409.766845703125 -1201.887939453125 1700.000244140625
v -1396.558837890625 -1219.942138671875 1750.0
v -1130.640869140625 -845.052001953125 1700.0
v -1130.640869140625 -845.052001953125 1750.0
v -1396.558837890625 -1219.942138671875 1700.0
v -1130.640869140625 -845.052001953125 1750.0
v -1583.27783203125 1816.727783203125 1699.999755859375
v -1583.27783203125 1816.727783203125 1749.999755859375
v -1130.640869140625 -845.052001953125 1700.0
v -1373.4208984375 -759.52294921875 1800.0006103515625
v -1604.24951171875 1939.945556640625 1800.0
v -1727.50390625 1919.022705078125 1800.0
v -1809.3154296875 1803.666259765625 1800.0
v -1598.304443359375 -1076.741455078125 1800.000732421875
v -1573.145751953125 -1224.617431640625 1800.000732421875
v -1457.935791015625 -1306.441162109375 1800.0009765625
v -1130.653076171875 -845.0400390625 1800.0003662109375
v -1667.286376953125 1117.7777099609375 1799.999755859375
v -1494.77099609375 1147.1187744140625 1799.999755859375
v -1600.208740234375 723.441650390625 1799.9998779296875
v -1427.705810546875 752.7825927734375 1799.9998779296875
v -1516.358642578125 230.49734497070312 1799.9998779296875
v -1343.8857421875 259.8308410644531 1799.9998779296875
v -1449.281005859375 -163.82638549804688 1799.9998779296875
v -1276.832275390625 -134.50509643554688 1799.9998779296875
v -1494.77099609375 1147.1187744140625 1799.999755859375
v -1667.286376953125 1117.7777099609375 1799.999755859375
v -1494.771240234375 1147.1187744140625 2150.0
v -1667.28662109375 1117.7777099609375 2150.0
v -1667.286376953125 1117.7777099609375 1799.999755859375
v -1600.208740234375 723.4417724609375 1799.9998779296875
v -1658.90185546875 1068.48583984375 1899.999755859375
v -1658.902099609375 1068.48583984375 2100.0
v -1608.593505859375 772.7340698242188 2100.0
v -1667.28662109375 1117.7777099609375 2150.0
v -1600.208740234375 723.4417724609375 2150.0
v -1608.593505859375 772.7340087890625 1899.9998779296875
v -1600.208740234375 723.4417114257812 1799.9998779296875
v -1427.705810546875 752.7825927734375 1799.9998779296875
v -1600.208740234375 723.4417724609375 2150.0
v -1427.705810546875 752.7825927734375 2150.0
v -1608.593505859375 772.7340698242188 2100.0
v -1658.902099609375 1068.48583984375 2100.0
v -1634.256103515625 1072.67822265625 2100.0
v -1583.947509765625 776.9263916015625 2100.0
v -1608.593505859375 772.7340087890625 1899.9998779296875
v -1634.255859375 1072.67822265625 1899.999755859375
v -1658.90185546875 1068.48583984375 1899.999755859375
v -1583.947509765625 776.9263916015625 1899.9998779296875
v -1634.256103515625 1072.67822265625 2100.0
v -1658.90185546875 1068.48583984375 1899.999755859375
v -1634.255859375 1072.67822265625 1899.999755859375
v -1658.902099609375 1068.48583984375 2100.0
v -1583.947509765625 776.9263916015625 2100.0
v -1583.947509765625 776.9263916015625 1899.9998779296875
v -1608.593505859375 772.7340087890625 1899.9998779296875
v -1608.593505859375 772.7340698242188 2100.0
v -1667.28662109375 1117.7777099609375 2150.0
v -1600.208740234375 723.4417724609375 2150.0
v -1494.771240234375 1147.1187744140625 2150.0
v -1427.705810546875 752.7825927734375 2150.0
v -1373.4208984375 -759.5228271484375 2150.00048828125
v -1727.50390625 1919.0228271484375 2150.0
v -1604.24951171875 1939.9456787109375 2150.0
v -1809.3154296875 1803.6663818359375 2150.0
v -1598.304443359375 -1076.7413330078125 2150.000732421875
v -1457.935791015625 -1306.4410400390625 2150.001220703125
v -1573.145751953125 -1224.6173095703125 2150.0009765625
v -1130.653076171875 -845.0399169921875 2150.00048828125
v -1604.24951171875 1939.9456787109375 2150.0
v -1727.50390625 1919.0228271484375 2150.0
v -1604.24951171875 1939.9456787109375 2200.0
v -1727.50390625 1919.0228271484375 2200.0
v -1727.50390625 1919.0228271484375 2150.0
v -1809.3154296875 1803.6663818359375 2150.0
v -1727.50390625 1919.0228271484375 2200.0
v -1809.3154296875 1803.6663818359375 2200.0
v -1809.3154296875 1803.6663818359375 2150.0
v -1373.4208984375 -759.52294921875 2150.00048828125
v -1809.3154296875 1803.6663818359375 2200.0
v -1373.4208984375 -759.52294921875 2200.00048828125
v -1373.4208984375 -759.5228271484375 2150.00048828125
v -1598.304443359375 -1076.7413330078125 2150.000732421875
v -1373.4208984375 -759.5228271484375 2200.00048828125
v -1598.304443359375 -1076.7413330078125 2200.000732421875
v -1598.304443359375 -1076.7413330078125 2150.000732421875
v -1573.145751953125 -1224.6173095703125 2150.0009765625
v -1598.304443359375 -1076.7413330078125 2200.000732421875
v -1573.145751953125 -1224.6173095703125 2200.0009765625
v -1573.145751953125 -1224.6173095703125 2150.0009765625
v -1457.935791015625 -1306.4410400390625 2150.001220703125
v -1573.145751953125 -1224.6173095703125 2200.0009765625
v -1457.935791015625 -1306.4410400390625 2200.001220703125
v -1604.24951171875 1939.9456787109375 2250.0
v -1727.50390625 1919.0228271484375 2250.0
v -1727.50390625 1919.0228271484375 2250.0
v -1809.3154296875 1803.6663818359375 2250.0
v -1809.3154296875 1803.6663818359375 2250.0
v -1373.4208984375 -759.52294921875 2250.00048828125
v -1373.4208984375 -759.5228271484375 2250.00048828125
v -1598.304443359375 -1076.7413330078125 2250.000732421875
v -1598.304443359375 -1076.7413330078125 2250.000732421875
v -1573.145751953125 -1224.6173095703125 2250.0009765625
v -1573.145751953125 -1224.6173095703125 2250.0009765625
v -1457.935791015625 -1306.4410400390625 2250.001220703125
v -1457.935791015625 -1306.4410400390625 2200.001220703125
v -1130.653076171875 -845.0400390625 2200.00048828125
v -1457.935791015625 -1306.4410400390625 2250.001220703125
v -1130.653076171875 -845.0400390625 2250.00048828125
v -1130.653076171875 -845.0399169921875 2200.00048828125
v -1604.24951171875 1939.9461669921875 2200.0
v -1130.653076171875 -845.0399169921875 2250.00048828125
v -1604.24951171875 1939.9461669921875 2250.0
v -1373.4208984375 -759.5228271484375 2250.00048828125
v -1604.24951171875 1939.9456787109375 2250.0
v -1727.50390625 1919.0228271484375 2250.0
v -1809.3154296875 1803.6663818359375 2250.0
v -1598.304443359375 -1076.7413330078125 2250.000732421875
v -1573.145751953125 -1224.6173095703125 2250.0009765625
v -1457.935791015625 -1306.4410400390625 2250.001220703125
v -1130.653076171875 -845.0399169921875 2250.00048828125
v -1343.8857421875 259.8308410644531 1799.9998779296875
v -1516.358642578125 230.49732971191406 1799.9998779296875
v -1343.8857421875 259.83087158203125 2150.0
v -1516.358642578125 230.4973602294922 2150.0
v -1516.358642578125 230.4973602294922 1799.9998779296875
v -1449.281005859375 -163.82635498046875 1799.9998779296875
v -1507.9736328125 181.20542907714844 1899.9998779296875
v -1507.9736328125 181.2054443359375 2100.0
v -1457.6640625 -114.54598999023438 2100.0
v -1516.358642578125 230.4973907470703 2150.0
v -1449.28125 -163.82632446289062 2150.0
v -1457.6640625 -114.5460205078125 1899.9998779296875
v -1449.281005859375 -163.82635498046875 1799.9998779296875
v -1276.832275390625 -134.50518798828125 1799.9998779296875
v -1449.28125 -163.82632446289062 2150.0
v -1276.83251953125 -134.50515747070312 2150.0
v -1457.6640625 -114.54598999023438 2100.0
v -1507.9736328125 181.2054443359375 2100.0
v -1483.32763671875 185.3979034423828 2100.0
v -1433.018310546875 -110.35354614257812 2100.0
v -1457.6640625 -114.5460205078125 1899.9998779296875
v -1483.32763671875 185.39788818359375 1899.9998779296875
v -1507.9736328125 181.20542907714844 1899.9998779296875
v -1433.018310546875 -110.35357666015625 1899.9998779296875
v -1483.32763671875 185.3979034423828 2100.0
v -1507.9736328125 181.20542907714844 1899.9998779296875
v -1483.32763671875 185.39788818359375 1899.9998779296875
v -1507.9736328125 181.2054443359375 2100.0
v -1433.018310546875 -110.35354614257812 2100.0
v -1433.018310546875 -110.35357666015625 1899.9998779296875
v -1457.6640625 -114.5460205078125 1899.9998779296875
v -1457.6640625 -114.54598999023438 2100.0
v -1516.358642578125 230.49737548828125 2150.0
v -1449.28125 -163.82632446289062 2150.0
v -1343.8857421875 259.83087158203125 2150.0
v -1276.83251953125 -134.50515747070312 2150.0
v -1343.885498046875 259.830810546875 1399.9998779296875
v -1516.358642578125 230.49728393554688 1399.9998779296875
v -1343.8857421875 259.8308410644531 1749.9998779296875
v -1516.358642578125 230.497314453125 1749.9998779296875
v -1516.358642578125 230.497314453125 1399.9998779296875
v -1449.281005859375 -163.82638549804688 1399.9998779296875
v -1507.9736328125 181.20538330078125 1499.9998779296875
v -1507.9736328125 181.20541381835938 1699.9998779296875
v -1457.6640625 -114.5460205078125 1699.9998779296875
v -1516.358642578125 230.49734497070312 1749.9998779296875
v -1449.281005859375 -163.82635498046875 1749.9998779296875
v -1457.6640625 -114.54605102539062 1499.9998779296875
v -1449.281005859375 -163.82638549804688 1399.9998779296875
v -1276.832275390625 -134.50521850585938 1399.9998779296875
v -1449.281005859375 -163.82635498046875 1749.9998779296875
v -1276.832275390625 -134.50518798828125 1749.9998779296875
v -1457.6640625 -114.5460205078125 1699.9998779296875
v -1507.9736328125 181.20541381835938 1699.9998779296875
v -1483.32763671875 185.39785766601562 1699.9998779296875
v -1433.01806640625 -110.35357666015625 1699.9998779296875
v -1457.6640625 -114.54605102539062 1499.9998779296875
v -1483.32763671875 185.39785766601562 1499.9998779296875
v -1507.9736328125 181.20538330078125 1499.9998779296875
v -1433.01806640625 -110.35360717773438 1499.9998779296875
v -1483.32763671875 185.39785766601562 1699.9998779296875
v -1507.9736328125 181.20538330078125 1499.9998779296875
v -1483.32763671875 185.39785766601562 1499.9998779296875
v -1507.9736328125 181.20541381835938 1699.9998779296875
v -1433.01806640625 -110.35357666015625 1699.9998779296875
v -1433.01806640625 -110.35360717773438 1499.9998779296875
v -1457.6640625 -114.54605102539062 1499.9998779296875
v -1457.6640625 -114.5460205078125 1699.9998779296875
v -1516.358642578125 230.49734497070312 1749.9998779296875
v -1449.281005859375 -163.82635498046875 1749.9998779296875
v -1343.8857421875 259.8308410644531 1749.9998779296875
v -1276.832275390625 -134.50518798828125 1749.9998779296875
v -1343.885498046875 259.8307800292969 999.9999389648438
v -1516.358642578125 230.49725341796875 999.9998779296875
v -1343.885498046875 259.830810546875 1349.9998779296875
v -1516.358642578125 230.49728393554688 1349.9998779296875
v -1516.358642578125 230.49728393554688 999.9998779296875
v -1449.281005859375 -163.826416015625 1000.0
v -1507.9736328125 181.20535278320312 1099.9998779296875
v -1507.9736328125 181.20538330078125 1299.9998779296875
v -1457.6640625 -114.54605102539062 1299.9998779296875
v -1516.358642578125 230.497314453125 1349.9998779296875
v -1449.281005859375 -163.82638549804688 1349.9998779296875
v -1457.6640625 -114.54608154296875 1099.9998779296875
v -1449.281005859375 -163.826416015625 1000.0
v -1276.832275390625 -134.5052490234375 1000.0
v -1449.281005859375 -163.82638549804688 1349.9998779296875
v -1276.832275390625 -134.50521850585938 1349.9998779296875
v -1457.6640625 -114.54605102539062 1299.9998779296875
v -1507.9736328125 181.20538330078125 1299.9998779296875
v -1483.32763671875 185.3978271484375 1299.9998779296875
v -1433.01806640625 -110.35360717773438 1299.9998779296875
v -1457.6640625 -114.54608154296875 1099.9998779296875
v -1483.32763671875 185.3978271484375 1099.9998779296875
v -1507.9736328125 181.20535278320312 1099.9998779296875
v -1433.01806640625 -110.3536376953125 1099.9998779296875
v -1483.32763671875 185.3978271484375 1299.9998779296875
v -1507.9736328125 181.20535278320312 1099.9998779296875
v -1483.32763671875 185.3978271484375 1099.9998779296875
v -1507.9736328125 181.20538330078125 1299.9998779296875
v -1433.01806640625 -110.35360717773438 1299.9998779296875
v -1433.01806640625 -110.3536376953125 1099.9998779296875
v -1457.6640625 -114.54608154296875 1099.9998779296875
v -1457.6640625 -114.54605102539062 1299.9998779296875
v -1516.358642578125 230.49729919433594 1349.9998779296875
v -1449.281005859375 -163.82638549804688 1349.9998779296875
v -1343.885498046875 259.830810546875 1349.9998779296875
v -1276.832275390625 -134.50521850585938 1349.9998779296875
v -1343.89013671875 259.83624267578125 599.9999389648438
v -1516.36328125 230.5149383544922 599.9998779296875
v -1343.89013671875 259.8362731933594 949.9999389648438
v -1516.36328125 230.5149688720703 949.9998779296875
v -1516.36328125 230.51495361328125 599.9998779296875
v -1449.28564453125 -163.82089233398438 600.0
v -1507.978515625 181.22299194335938 699.9998779296875
v -1507.978515625 181.22300720214844 899.9998779296875
v -1457.67041015625 -114.5286865234375 900.0
v -1516.36328125 230.51498413085938 949.9998779296875
v -1449.28564453125 -163.82086181640625 950.0
v -1457.67041015625 -114.52871704101562 700.0
v -1449.28564453125 -163.82089233398438 600.0
v -1276.82470703125 -134.49960327148438 600.0
v -1449.28564453125 -163.82086181640625 950.0
v -1276.82470703125 -134.49957275390625 950.0
v -1457.67041015625 -114.5286865234375 900.0
v -1507.978515625 181.22300720214844 899.9998779296875
v -1483.33251953125 185.4153594970703 899.9999389648438
v -1433.0244140625 -110.33633422851562 900.0
v -1457.67041015625 -114.52871704101562 700.0
v -1483.33251953125 185.41534423828125 699.9999389648438
v -1507.978515625 181.22299194335938 699.9998779296875
v -1433.0244140625 -110.33636474609375 700.0
v -1483.33251953125 185.4153594970703 899.9999389648438
v -1507.978515625 181.22299194335938 699.9998779296875
v -1483.33251953125 185.41534423828125 699.9999389648438
v -1507.978515625 181.22300720214844 899.9998779296875
v -1433.0244140625 -110.33633422851562 900.0
v -1433.0244140625 -110.33636474609375 700.0
v -1457.67041015625 -114.52871704101562 700.0
v -1457.67041015625 -114.5286865234375 900.0
v -1516.36328125 230.51498413085938 949.9998779296875
v -1449.28564453125 -163.82086181640625 950.0
v -1343.89013671875 259.8362731933594 949.9999389648438
v -1276.82470703125 -134.49957275390625 950.0
v 1267.8773193359375 1664.1942138671875 199.99990844726562
v 1282.6722412109375 1685.0438232421875 199.99990844726562
v 1267.8773193359375 1664.1942138671875 499.9999084472656
v 1282.6722412109375 1685.0438232421875 499.9999084472656
v 1282.6722412109375 1685.0438232421875 199.99990844726562
v 1130.2430419921875 1793.1614990234375 199.99989318847656
v 1255.8466796875 1704.0711669921875 210.85792541503906
v 1255.8466796875 1704.0711669921875 470.5578918457031
v 1155.113525390625 1775.52099609375 470.5578918457031
v 1282.6722412109375 1685.0438232421875 499.9999084472656
v 1130.2430419921875 1793.1614990234375 499.9999084472656
v 1155.113525390625 1775.52099609375 210.85792541503906
v 1130.2430419921875 1793.1614990234375 199.99989318847656
v 1115.4481201171875 1772.3118896484375 199.99989318847656
v 1130.2430419921875 1793.1614990234375 499.9998474121094
v 1115.4481201171875 1772.3118896484375 499.9998474121094
v 1155.113525390625 1775.52099609375 470.5578918457031
v 1255.8466796875 1704.0711669921875 470.5578918457031
v 1250.061279296875 1695.9146728515625 470.5578918457031
v 1149.3280029296875 1767.364501953125 470.5578918457031
v 1155.113525390625 1775.52099609375 210.85792541503906
v 1250.061279296875 1695.9146728515625 210.85792541503906
v 1255.8466796875 1704.0711669921875 210.85792541503906
v 1149.3280029296875 1767.364501953125 210.85792541503906
v 1250.061279296875 1695.9146728515625 470.5578918457031
v 1255.8466796875 1704.0711669921875 210.85792541503906
v 1250.061279296875 1695.9146728515625 210.85792541503906
v 1255.8466796875 1704.0711669921875 470.5578918457031
v 1149.3280029296875 1767.364501953125 470.5578918457031
v 1149.3280029296875 1767.364501953125 210.85792541503906
v 1155.113525390625 1775.52099609375 210.85792541503906
v 1155.113525390625 1775.52099609375 470.5578918457031
v 1289.642333984375 1686.2156982421875 499.9999084472656
v 1271.95458984375 1661.3133544921875 499.9999084472656
v 1282.6722412109375 1685.0438232421875 499.9999084472656
v 1129.034423828125 1800.1195068359375 499.9999084472656
v 1130.2430419921875 1793.1614990234375 499.9999084472656
v 1111.37109375 1775.1927490234375 499.9999084472656
v 1115.4481201171875 1772.3118896484375 499.9999084472656
v 1267.88232421875 1664.201171875 499.9999084472656
v 1271.95458984375 1661.3133544921875 499.9999084472656
v 1289.6424560546875 1686.2156982421875 499.9999084472656
v 1271.95458984375 1661.3133544921875 509.9999084472656
v 1289.6424560546875 1686.2156982421875 509.9999084472656
v 1289.642333984375 1686.2156982421875 499.9999084472656
v 1129.0345458984375 1800.1195068359375 499.9999084472656
v 1289.642333984375 1686.2156982421875 509.9999084472656
v 1129.0345458984375 1800.1195068359375 509.9999084472656
v 1129.034423828125 1800.1195068359375 499.9999084472656
v 1111.37109375 1775.1927490234375 499.9999084472656
v 1129.034423828125 1800.1195068359375 509.9999084472656
v 1111.37109375 1775.1927490234375 509.9999084472656
v 1634.918212890625 1403.8426513671875 599.9901123046875
v 1663.848876953125 1444.6263427734375 599.9901123046875
v 363.25079345703125 2299.912109375 599.989990234375
v 411.35870361328125 2333.45703125 599.989990234375
v -1637.27392578125 1985.080322265625 599.9899291992188
v -1628.89990234375 1935.788330078125 599.9899291992188
v 1634.918212890625 1403.8426513671875 549.9901123046875
v 363.25079345703125 2299.912109375 549.989990234375
v 1663.848876953125 1444.6263427734375 549.9901123046875
v 411.35870361328125 2333.45703125 549.989990234375
v -1637.27392578125 1985.080322265625 549.9899291992188
v -1628.89990234375 1935.788330078125 549.9899291992188
v 1634.918212890625 1403.8426513671875 599.9901123046875
v 1663.848876953125 1444.6263427734375 549.9901123046875
v 1663.848876953125 1444.6263427734375 599.9901123046875
v 1634.918212890625 1403.8426513671875 549.9901123046875
v 1663.848876953125 1444.6263427734375 599.9901123046875
v 411.35870361328125 2333.45703125 549.989990234375
v 411.35870361328125 2333.45703125 599.989990234375
v 1663.848876953125 1444.6263427734375 549.9901123046875
v 411.35870361328125 2333.45703125 599.989990234375
v -1637.27392578125 1985.080322265625 549.9899291992188
v -1637.27392578125 1985.080322265625 599.9899291992188
v 411.35870361328125 2333.45703125 549.989990234375
v -1637.27392578125 1985.080322265625 599.9899291992188
v -1628.89990234375 1935.788330078125 549.9899291992188
v -1628.89990234375 1935.788330078125 599.9899291992188
v -1637.27392578125 1985.080322265625 549.9899291992188
v -1628.89990234375 1935.788330078125 599.9899291992188
v 363.25079345703125 2299.912109375 549.989990234375
v 363.25079345703125 2299.912109375 599.989990234375
v -1628.89990234375 1935.788330078125 549.9899291992188
v 363.25079345703125 2299.912109375 599.989990234375
v 1634.918212890625 1403.8426513671875 549.9901123046875
v 1634.918212890625 1403.8426513671875 599.9901123046875
v 363.25079345703125 2299.912109375 549.989990234375
v 1129.034423828125 1800.1195068359375 509.9999084472656
v 1271.95458984375 1661.3133544921875 509.9999084472656
v 1289.642333984375 1686.2156982421875 509.9999084472656
v 1111.37109375 1775.1927490234375 509.9999084472656
v 411.3220520019531 2333.4326171875 599.9998168945312
v 137.26202392578125 2286.826171875 599.9998168945312
v 411.3219909667969 2333.4326171875 2199.999755859375
v 137.261962890625 2286.826171875 2199.999755859375
v 137.26202392578125 2286.826171875 599.9998168945312
v 145.63604736328125 2237.5341796875 599.9998168945312
v 137.261962890625 2286.826171875 2199.999755859375
v 145.635986328125 2237.5341796875 2199.999755859375
v 419.7083740234375 2284.140625 599.9998168945312
v 411.3220520019531 2333.4326171875 599.9998168945312
v 419.7082824707031 2284.140625 2199.999755859375
v 411.3219909667969 2333.4326171875 2199.999755859375
v 137.261962890625 2286.826171875 2199.999755859375
v 145.635986328125 2237.5341796875 2199.999755859375
v 411.3219909667969 2333.4326171875 2199.999755859375
v 419.7082824707031 2284.140625 2199.999755859375
v -445.86785888671875 2136.9482421875 599.999755859375
v -454.25408935546875 2186.240234375 599.999755859375
v -445.86785888671875 2136.9482421875 2199.999755859375
v -454.25408935546875 2186.240234375 2199.999755859375
v -454.25408935546875 2186.240234375 599.999755859375
v -750.0060424804688 2135.947265625 599.999755859375
v -454.25408935546875 2186.240234375 2199.999755859375
v -750.0060424804688 2135.947265625 2199.999755859375
v -750.0060424804688 2135.947265625 599.999755859375
v -741.6198120117188 2086.6552734375 599.999755859375
v -750.0060424804688 2135.947265625 2199.999755859375
v -741.6198120117188 2086.6552734375 2199.999755859375
v -445.86785888671875 2136.9482421875 2199.999755859375
v -454.25408935546875 2186.240234375 2199.999755859375
v -741.6198120117188 2086.6552734375 2199.999755859375
v -750.0060424804688 2135.947265625 2199.999755859375
v -1333.135986328125 1986.069091796875 599.9998168945312
v -1341.510009765625 2035.361083984375 599.9998168945312
v -1333.135986328125 1986.0693359375 2199.999755859375
v -1341.510009765625 2035.361328125 2199.999755859375
v -1341.510009765625 2035.361083984375 599.9998168945312
v -1637.26171875 1985.068115234375 599.999755859375
v -1341.510009765625 2035.361328125 2199.999755859375
v -1637.261962890625 1985.068359375 2199.999755859375
v -1637.26171875 1985.068115234375 599.999755859375
v -1637.261962890625 1985.068359375 2199.999755859375
v -1333.135986328125 1986.0693359375 2199.999755859375
v -1341.510009765625 2035.361328125 2199.999755859375
v -1628.887939453125 1935.7763671875 2199.999755859375
v -1637.261962890625 1985.068359375 2199.999755859375
v -1180.88330078125 -897.970458984375 600.0000610351562
v -1354.482421875 -1142.640380859375 600.0000610351562
v -1354.482421875 -1142.64013671875 2100.000244140625
v -1180.88330078125 -897.97021484375 2100.0
v -670.7776489257812 -1803.4847412109375 600.0001220703125
v -497.20880126953125 -1558.7933349609375 600.0001220703125
v -497.20880126953125 -1558.7930908203125 2100.000244140625
v -670.7777709960938 -1803.4844970703125 2100.000244140625
v 29.59625244140625 -816.122802734375 600.0001220703125
v 203.16522216796875 -571.431640625 600.0000610351562
v 203.1651611328125 -571.4315185546875 2100.0
v 29.59619140625 -816.12255859375 2100.0
v 24.69281005859375 -304.49267578125 599.9998779296875
v 198.26400756835938 -59.80316162109375 599.9998779296875
v 198.26394653320312 -59.80303955078125 2099.999755859375
v 24.6927490234375 -304.4925537109375 2099.999755859375
v 227.19253540039062 -19.021392822265625 599.9998168945312
v 400.763671875 225.66818237304688 599.9998168945312
v 400.76361083984375 225.66831970214844 2099.999755859375
v 227.19244384765625 -19.021270751953125 2099.999755859375
v 1418.133056640625 1141.429931640625 599.9996948242188
v 1591.698974609375 1386.123291015625 599.9996337890625
v 1591.698974609375 1386.12353515625 2099.99951171875
v 1418.133056640625 1141.4300537109375 2099.99951171875
v 717.771240234375 154.0594024658203 599.9996948242188
v 891.3372802734375 398.7528076171875 599.9996948242188
v 891.337158203125 398.7529296875 2099.99951171875
v 717.771240234375 154.05953979492188 2099.99951171875
v -1582.623779296875 1812.8436279296875 599.999755859375
v -1532.330078125 1517.08935546875 599.999755859375
v -1532.330322265625 1517.089599609375 2100.0
v -1582.6240234375 1812.8438720703125 2099.999755859375
v -1200.841552734375 -432.2398681640625 600.0
v -1150.5478515625 -727.9942626953125 600.0
v -1150.5478515625 -727.9940185546875 2100.0
v -1200.841552734375 -432.23974609375 2100.0
v -1386.753662109375 661.02294921875 599.9998779296875
v -1336.4599609375 365.268798828125 599.9999389648438
v -1336.4599609375 365.2689514160156 2100.0
v -1386.75390625 661.0230712890625 2100.0
f 38 37 39
f 40 38 39
f 877 878 875
f 884 885 871
f 883 884 871
f 882 883 871
f 883 882 881
f 880 883 881
f 880 881 875
f 879 880 875
f 878 879 875
f 879 878 887
f 887 878 893
f 887 886 879
f 886 888 879
f 888 885 879
f 885 884 879
f 890 889 888
f 886 890 888
f 893 891 887
f 892 891 893
f 893 895 892
f 895 897 892
f 897 895 877
f 873 897 877
f 873 877 875
f 874 873 875
f 875 894 874
f 874 894 896
f 896 894 892
f 897 896 892
f 881 876 875
f 876 870 875
f 872 870 876
f 871 870 872
f 872 882 871
f 426 425 427
f 427 428 426
f 414 413 415
f 415 416 414
f 410 409 411
f 411 412 410
f 383 396 406
f 403 406 380
f 406 396 380
f 380 396 407
f 407 396 374
f 408 407 374
f 405 408 374
f 404 407 377
f 377 407 408
f 375 373 388
f 374 373 375
f 375 400 374
f 400 405 374
f 405 400 389
f 376 405 389
f 376 389 378
f 377 376 378
f 378 399 377
f 399 404 377
f 389 388 378
f 388 373 378
f 378 373 393
f 393 373 381
f 390 393 381
f 404 399 390
f 379 404 390
f 379 390 381
f 380 379 381
f 381 398 380
f 398 403 380
f 403 398 391
f 382 403 391
f 382 391 384
f 383 382 384
f 391 394 384
f 384 394 395
f 395 394 387
f 392 395 387
f 381 373 394
f 394 373 387
f 384 397 383
f 397 402 383
f 402 397 392
f 385 402 392
f 385 392 387
f 386 385 387
f 387 396 386
f 386 396 401
f 401 396 383
f 402 401 383
f 257 256 259
f 258 257 259
f 259 260 258
f 258 260 261
f 261 260 255
f 256 261 255
f 255 254 256
f 256 254 259
f 254 253 259
f 253 245 259
f 251 245 253
f 252 251 253
f 253 262 252
f 250 245 251
f 248 245 250
f 249 248 250
f 250 263 249
f 249 263 246
f 263 252 246
f 252 260 246
f 262 260 252
f 255 260 262
f 264 249 246
f 247 264 246
f 246 245 247
f 247 245 248
f 422 421 423
f 423 421 424
f 420 417 418
f 418 417 419
f 23 32 22
f 22 21 23
f 23 21 27
f 27 21 26
f 30 27 26
f 32 34 22
f 34 32 30
f 29 34 30
f 29 30 26
f 28 29 26
f 36 35 28
f 24 36 28
f 24 28 26
f 25 24 26
f 26 31 25
f 25 31 33
f 33 31 22
f 36 33 22
f 35 36 22
f 34 35 22
f 18 17 19
f 20 18 19
f 10 9 11
f 11 16 10
f 16 15 10
f 13 15 16
f 14 15 13
f 13 12 14
f 12 9 14
f 11 9 12
f 3875 3874 3876
f 3876 3874 3877
f 3873 3870 3871
f 3871 3870 3872
f 3866 3867 3869
f 3867 3866 3868
f 3863 3862 3864
f 3865 3864 3862
f 3839 3838 3840
f 3840 3838 3841
f 3837 3834 3835
f 3835 3834 3836
f 3830 3831 3833
f 3831 3830 3832
f 3827 3826 3828
f 3829 3828 3826
f 3803 3802 3804
f 3804 3802 3805
f 3801 3798 3799
f 3799 3798 3800
f 3794 3795 3797
f 3795 3794 3796
f 3791 3790 3792
f 3793 3792 3790
f 3767 3766 3768
f 3768 3766 3769
f 3765 3762 3763
f 3763 3762 3764
f 3758 3759 3761
f 3759 3758 3760
f 3755 3754 3756
f 3757 3756 3754
f 3731 3730 3732
f 3732 3730 3733
f 3729 3726 3727
f 3727 3726 3728
f 3722 3723 3725
f 3723 3722 3724
f 3719 3718 3720
f 3721 3720 3718
f 3623 3622 3624
f 3624 3622 3625
f 3621 3618 3619
f 3619 3618 3620
f 3614 3615 3617
f 3615 3614 3616
f 3611 3610 3612
f 3613 3612 3610
f 3035 3034 3036
f 3036 3034 3037
f 3033 3030 3031
f 3031 3030 3032
f 3026 3027 3029
f 3027 3026 3028
f 3023 3022 3024
f 3025 3024 3022
f 2447 2446 2448
f 2448 2446 2449
f 2445 2442 2443
f 2443 2442 2444
f 2438 2439 2441
f 2439 2438 2440
f 2435 2434 2436
f 2437 2436 2434
f 1343 1342 1344
f 1344 1342 1345
f 1341 1338 1339
f 1339 1338 1340
f 1334 1335 1337
f 1335 1334 1336
f 1331 1330 1332
f 1333 1332 1330
f 1107 1106 1108
f 1108 1106 1109
f 1105 1102 1103
f 1103 1102 1104
f 1091 1090 1092
f 1092 1090 1093
f 1089 1086 1087
f 1087 1086 1088
f 1075 1074 1076
f 1076 1074 1077
f 1073 1070 1071
f 1071 1070 1072
f 1059 1058 1060
f 1060 1058 1061
f 1057 1054 1055
f 1055 1054 1056
f 975 974 976
f 976 974 977
f 973 970 971
f 971 970 972
f 966 967 969
f 967 966 968
f 963 962 964
f 965 964 962
f 959 958 960
f 960 958 961
f 957 954 955
f 955 954 956
f 950 951 953
f 951 950 952
f 947 946 948
f 949 948 946
f 943 942 944
f 944 942 945
f 941 938 939
f 939 938 940
f 934 935 937
f 935 934 936
f 931 930 932
f 933 932 930
f 927 926 928
f 928 926 929
f 925 922 923
f 923 922 924
f 918 919 921
f 919 918 920
f 915 914 916
f 917 916 914
f 911 910 912
f 912 910 913
f 909 906 907
f 907 906 908
f 774 773 775
f 775 773 776
f 772 769 770
f 770 769 771
f 765 766 768
f 766 765 767
f 762 761 763
f 764 763 761
f 758 757 759
f 759 757 760
f 756 753 754
f 754 753 755
f 749 750 752
f 750 749 751
f 746 745 747
f 748 747 745
f 742 741 743
f 743 741 744
f 740 737 738
f 738 737 739
f 733 734 736
f 734 733 735
f 730 729 731
f 732 731 729
f 726 725 727
f 727 725 728
f 724 721 722
f 722 721 723
f 717 718 720
f 718 717 719
f 714 713 715
f 716 715 713
f 710 709 711
f 711 709 712
f 708 705 706
f 706 705 707
f 701 702 704
f 702 701 703
f 698 697 699
f 700 699 697
f 694 693 695
f 695 693 696
f 692 689 690
f 690 689 691
f 685 686 688
f 686 685 687
f 682 681 683
f 684 683 681
f 678 677 679
f 679 677 680
f 676 673 674
f 674 673 675
f 669 670 672
f 670 669 671
f 666 665 667
f 668 667 665
f 662 661 663
f 663 661 664
f 660 657 658
f 658 657 659
f 653 654 656
f 654 653 655
f 650 649 651
f 652 651 649
f 550 549 551
f 551 549 552
f 548 545 546
f 546 545 547
f 541 542 544
f 542 541 543
f 538 537 539
f 540 539 537
f 534 533 535
f 535 533 536
f 532 529 530
f 530 529 531
f 525 526 528
f 526 525 527
f 522 521 523
f 524 523 521
f 518 517 519
f 519 517 520
f 516 513 514
f 514 513 515
f 509 510 512
f 510 509 511
f 506 505 507
f 508 507 505
f 502 501 503
f 503 501 504
f 500 497 498
f 498 497 499
f 493 494 496
f 494 493 495
f 490 489 491
f 492 491 489
f 470 469 471
f 471 469 472
f 468 465 466
f 466 465 467
f 454 453 455
f 455 453 456
f 452 449 450
f 450 449 451
f 438 437 439
f 439 437 440
f 436 433 434
f 434 433 435
f 214 213 215
f 215 213 216
f 212 209 210
f 210 209 211
f 205 206 208
f 206 205 207
f 202 201 203
f 204 203 201
f 198 197 199
f 199 197 200
f 196 193 194
f 194 193 195
f 182 181 183
f 183 181 184
f 180 177 178
f 178 177 179
f 166 165 167
f 167 165 168
f 164 161 162
f 162 161 163
f 150 149 151
f 151 149 152
f 148 145 146
f 146 145 147
f 134 133 135
f 135 133 136
f 132 129 130
f 130 129 131
f 118 117 119
f 119 117 120
f 116 113 114
f 114 113 115
f 102 101 103
f 103 101 104
f 100 97 98
f 98 97 99
f 86 85 87
f 87 85 88
f 84 81 82
f 82 81 83
f 58 55 54
f 55 49 54
f 51 49 55
f 50 49 51
f 51 60 50
f 60 62 50
f 62 60 58
f 57 62 58
f 57 58 54
f 56 57 54
f 52 56 54
f 52 64 56
f 64 63 56
f 63 64 50
f 62 63 50
f 53 52 54
f 54 59 53
f 53 59 61
f 61 59 50
f 64 61 50
f 991 990 992
f 992 993 991
f 991 993 994
f 994 993 985
f 985 993 979
f 996 985 979
f 983 981 984
f 984 981 986
f 985 984 986
f 986 995 985
f 995 994 985
f 988 994 995
f 989 994 988
f 988 987 989
f 989 987 990
f 990 987 992
f 987 986 992
f 986 978 992
f 981 978 986
f 980 978 981
f 979 978 980
f 980 997 979
f 997 996 979
f 982 996 997
f 983 996 982
f 982 981 983
f 2 1 3
f 3 8 2
f 8 7 2
f 5 7 8
f 6 7 5
f 5 4 6
f 4 1 6
f 3 1 4
f 223 217 225
f 222 217 223
f 220 217 222
f 221 220 222
f 222 235 221
f 221 235 218
f 235 224 218
f 224 232 218
f 234 232 224
f 227 232 234
f 224 223 225
f 225 234 224
f 236 221 218
f 219 236 218
f 218 217 219
f 219 217 220
f 227 226 228
f 228 233 227
f 233 232 227
f 230 232 233
f 231 232 230
f 230 229 231
f 229 228 231
f 228 226 231
f 226 225 231
f 225 217 231
f 1321 1318 1323
f 1322 1321 1323
f 1323 1324 1322
f 1322 1324 1325
f 1325 1324 1319
f 1320 1325 1319
f 1319 1318 1320
f 1320 1318 1321
f 3819 3820 3818
f 3818 3817 3819
f 3817 3814 3819
f 3816 3814 3817
f 3815 3814 3816
f 3816 3821 3815
f 3821 3820 3815
f 3818 3820 3821
f 3967 3966 3968
f 3968 3969 3967
f 3859 3858 3860
f 3861 3859 3860
f 3851 3850 3852
f 3852 3857 3851
f 3857 3856 3851
f 3854 3856 3857
f 3855 3856 3854
f 3854 3853 3855
f 3853 3850 3855
f 3852 3850 3853
f 42 41 43
f 44 42 43
f 46 45 47
f 48 46 47
f 66 65 67
f 67 72 66
f 72 71 66
f 69 71 72
f 70 71 69
f 69 68 70
f 68 65 70
f 67 65 68
f 3847 3846 3848
f 3849 3847 3848
f 3843 3842 3844
f 3844 3845 3843
f 3823 3822 3824
f 3825 3823 3824
f 3811 3810 3812
f 3813 3811 3812
f 3807 3806 3808
f 3808 3809 3807
f 3787 3786 3788
f 3789 3787 3788
f 3779 3778 3780
f 3780 3785 3779
f 3785 3784 3779
f 3782 3784 3785
f 3783 3784 3782
f 3782 3781 3783
f 3781 3778 3783
f 3780 3778 3781
f 74 73 75
f 75 76 74
f 78 77 79
f 79 80 78
f 90 89 91
f 91 92 90
f 94 93 95
f 95 96 94
f 106 105 107
f 107 108 106
f 110 109 111
f 111 112 110
f 122 121 123
f 123 124 122
f 126 125 127
f 127 128 126
f 138 137 139
f 139 140 138
f 142 141 143
f 143 144 142
f 154 153 155
f 155 156 154
f 158 157 159
f 159 160 158
f 170 169 171
f 171 172 170
f 174 173 175
f 175 176 174
f 186 185 187
f 187 188 186
f 190 189 191
f 191 192 190
f 431 432 430
f 430 429 431
f 442 441 443
f 443 444 442
f 446 445 447
f 447 448 446
f 458 457 459
f 459 460 458
f 462 461 463
f 463 464 462
f 778 777 779
f 780 778 779
f 782 781 783
f 784 782 783
f 786 785 787
f 788 786 787
f 790 789 791
f 792 790 791
f 794 793 795
f 796 794 795
f 863 862 864
f 864 869 863
f 869 868 863
f 866 868 869
f 867 868 866
f 866 865 867
f 865 862 867
f 864 862 865
f 3775 3774 3776
f 3777 3775 3776
f 3771 3770 3772
f 3772 3773 3771
f 3751 3750 3752
f 3753 3751 3752
f 3743 3742 3744
f 3744 3749 3743
f 3749 3748 3743
f 3746 3748 3749
f 3747 3748 3746
f 3746 3745 3747
f 3745 3742 3747
f 3744 3742 3745
f 899 898 900
f 900 901 899
f 903 902 904
f 904 905 903
f 1047 1046 1048
f 1048 1049 1047
f 1051 1050 1052
f 1052 1053 1051
f 1063 1062 1064
f 1064 1065 1063
f 1067 1066 1068
f 1068 1069 1067
f 1079 1078 1080
f 1080 1081 1079
f 1083 1082 1084
f 1084 1085 1083
f 1095 1094 1096
f 1096 1097 1095
f 1099 1098 1100
f 1100 1101 1099
f 1247 1246 1248
f 1249 1247 1248
f 1251 1250 1252
f 1253 1251 1252
f 1255 1254 1256
f 1257 1255 1256
f 1259 1258 1260
f 1260 1261 1259
f 1263 1262 1264
f 1265 1263 1264
f 1267 1266 1268
f 1269 1267 1268
f 1271 1270 1272
f 1273 1271 1272
f 1275 1274 1276
f 1276 1277 1275
f 1279 1278 1280
f 1281 1279 1280
f 1283 1282 1284
f 1285 1283 1284
f 1287 1286 1288
f 1289 1287 1288
f 1315 1314 1316
f 1317 1315 1316
f 1327 1326 1328
f 1329 1327 1328
f 2419 2418 2420
f 2421 2419 2420
f 2423 2422 2424
f 2424 2429 2423
f 2429 2428 2423
f 2426 2428 2429
f 2427 2428 2426
f 2426 2425 2427
f 2425 2422 2427
f 2424 2422 2425
f 3739 3738 3740
f 3741 3739 3740
f 3735 3734 3736
f 3736 3737 3735
f 3715 3714 3716
f 3717 3715 3716
f 3707 3706 3708
f 3708 3713 3707
f 3713 3712 3707
f 3710 3712 3713
f 3711 3712 3710
f 3710 3709 3711
f 3709 3706 3711
f 3708 3706 3709
f 2431 2430 2432
f 2433 2431 2432
f 3007 3006 3008
f 3009 3007 3008
f 3011 3010 3012
f 3012 3017 3011
f 3017 3016 3011
f 3014 3016 3017
f 3015 3016 3014
f 3014 3013 3015
f 3013 3010 3015
f 3012 3010 3013
f 3703 3702 3704
f 3705 3703 3704
f 3607 3606 3608
f 3609 3607 3608
f 3599 3598 3600
f 3600 3605 3599
f 3605 3604 3599
f 3602 3604 3605
f 3603 3604 3602
f 3602 3601 3603
f 3601 3598 3603
f 3600 3598 3601
f 3019 3018 3020
f 3021 3019 3020
f 3595 3594 3596
f 3597 3595 3596
f 310 309 311
f 312 310 311
f 273 272 274
f 286 274 277
f 274 272 277
f 277 272 290
f 290 272 280
f 287 290 280
f 291 280 271
f 280 272 271
f 276 275 277
f 275 286 277
f 275 294 286
f 294 293 286
f 288 291 283
f 283 291 271
f 292 283 271
f 289 292 271
f 303 305 276
f 285 268 300
f 271 268 285
f 285 284 271
f 284 289 271
f 284 301 289
f 301 297 289
f 297 301 282
f 283 297 282
f 282 281 283
f 281 288 283
f 301 300 282
f 300 268 282
f 282 268 304
f 304 268 279
f 279 268 296
f 305 279 296
f 276 305 296
f 296 295 276
f 302 304 279
f 281 302 288
f 302 298 288
f 298 302 279
f 280 298 279
f 279 278 280
f 278 287 280
f 278 303 287
f 303 299 287
f 299 303 276
f 277 299 276
f 1037 1023 1044
f 1044 1023 1042
f 1042 1041 1031
f 1032 1028 1033
f 1030 1028 1032
f 1031 1030 1032
f 1032 1045 1031
f 1031 1045 1042
f 1045 1034 1042
f 1034 1044 1042
f 1035 1044 1034
f 1034 1033 1035
f 1033 1028 1035
f 1029 1028 1030
f 1035 1028 1024
f 1036 1035 1024
f 1038 1036 1024
f 1037 1036 1038
f 1038 1043 1037
f 1043 1023 1037
f 1040 1023 1043
f 1024 1023 1040
f 1040 1039 1024
f 1039 1038 1024
f 1021 1020 1022
f 1022 1020 1019
f 1024 1022 1019
f 1023 1024 1019
f 1011 1023 1019
f 1026 1025 1018
f 1018 1027 1026
f 1019 1027 1018
f 1018 1014 1019
f 1014 1011 1019
f 1016 1014 1013
f 1007 1014 1016
f 1009 1008 1011
f 1010 1009 1011
f 1011 1014 1010
f 1010 1014 1015
f 1015 1014 1007
f 1008 1015 1007
f 1007 1006 1008
f 1008 1006 1011
f 1006 1005 1011
f 1005 998 1011
f 999 998 1000
f 1003 998 1005
f 1002 998 1003
f 1000 998 1002
f 1001 1000 1002
f 1002 1017 1001
f 1001 1017 1013
f 1017 1004 1013
f 1004 1016 1013
f 1005 1016 1004
f 1004 1003 1005
f 1013 1012 1001
f 366 368 343
f 365 364 346
f 364 332 346
f 346 332 368
f 368 332 343
f 343 332 360
f 369 343 360
f 340 369 360
f 360 359 340
f 367 369 340
f 349 332 364
f 358 357 350
f 339 358 350
f 339 350 341
f 340 339 341
f 341 363 340
f 363 367 340
f 367 363 351
f 342 367 351
f 342 351 344
f 343 342 344
f 350 338 341
f 338 336 341
f 341 336 354
f 354 336 344
f 351 354 344
f 337 336 338
f 355 344 335
f 344 336 335
f 352 355 347
f 347 355 335
f 356 347 335
f 353 356 335
f 344 362 343
f 362 366 343
f 366 362 352
f 345 366 352
f 345 352 347
f 346 345 347
f 347 361 346
f 361 365 346
f 365 361 353
f 348 365 353
f 348 353 335
f 349 348 335
f 335 332 349
f 332 335 334
f 333 332 334
f 334 372 333
f 333 372 371
f 371 370 333
f 330 329 331
f 331 329 334
f 335 331 334
f 3983 3982 3984
f 3984 3985 3983
f 3979 3978 3980
f 3981 3979 3980
f 3975 3974 3976
f 3977 3975 3976
f 3971 3970 3972
f 3973 3971 3972
f 3963 3962 3964
f 3965 3963 3964
f 3959 3958 3960
f 3961 3959 3960
f 3955 3954 3956
f 3957 3955 3956
f 3951 3950 3952
f 3952 3953 3951
f 3947 3946 3948
f 3949 3947 3948
f 3943 3942 3944
f 3945 3943 3944
f 3939 3938 3940
f 3941 3939 3940
f 3553 3551 3552
f 3549 3552 3551
f 3551 3548 3549
f 3549 3548 3550
f 1143 1142 1144
f 1145 1144 1142
f 1139 1138 1140
f 1140 1138 1141
f 1137 1134 1135
f 1135 1134 1136
f 1130 1131 1133
f 1131 1130 1132
f 1127 1126 1128
f 1129 1128 1126
f 1123 1122 1124
f 1124 1122 1125
f 1121 1118 1119
f 1119 1118 1120
f 1114 1115 1117
f 1115 1114 1116
f 1111 1110 1112
f 1113 1112 1110
f 238 237 239
f 239 237 241
f 240 239 241
f 241 244 240
f 240 244 243
f 243 242 240
f 2965 2963 2964
f 2961 2964 2963
f 4026 2960 4027
f 4027 2960 2962
f 3577 3574 3575
f 3575 3574 3576
f 3573 3570 3571
f 3571 3570 3572
f 3569 3566 3567
f 3567 3566 3568
f 3565 3562 3563
f 3563 3562 3564
f 3561 3558 3559
f 3559 3558 3560
f 3557 3554 3555
f 3555 3554 3556
f 3543 3542 3544
f 3544 3542 3545
f 3545 3546 3544
f 3546 3545 3547
f 2989 2986 2987
f 2987 2986 2988
f 2985 2982 2983
f 2983 2982 2984
f 2981 2978 2979
f 2979 2978 2980
f 2977 2974 2975
f 2975 2974 2976
f 2973 2970 2971
f 2971 2970 2972
f 2969 2966 2967
f 2967 2966 2968
f 2955 2954 2956
f 2956 2954 2957
f 4028 2958 4029
f 2958 4028 2959
f 2401 2398 2399
f 2399 2398 2400
f 2397 2394 2395
f 2395 2394 2396
f 2393 2390 2391
f 2391 2390 2392
f 2389 2386 2387
f 2387 2386 2388
f 2385 2382 2383
f 2383 2382 2384
f 2381 2378 2379
f 2379 2378 2380
f 2367 2366 2368
f 2368 2366 2369
f 4030 2370 4031
f 2370 4030 2371
f 1155 1154 1156
f 1156 1154 1157
f 1153 1150 1151
f 1151 1150 1152
f 1146 1147 1149
f 1147 1146 1148
f 646 645 647
f 647 645 648
f 644 641 642
f 642 641 643
f 630 629 631
f 631 629 632
f 628 625 626
f 626 625 627
f 614 613 615
f 615 613 616
f 612 609 610
f 610 609 611
f 598 597 599
f 599 597 600
f 596 593 594
f 594 593 595
f 582 581 583
f 583 581 584
f 580 577 578
f 578 577 579
f 566 565 567
f 567 565 568
f 564 561 562
f 562 561 563
f 486 485 487
f 487 485 488
f 484 481 482
f 482 481 483
f 314 313 315
f 315 313 318
f 319 315 318
f 316 319 318
f 316 321 319
f 321 320 319
f 317 316 318
f 318 324 317
f 317 324 323
f 323 322 317
f 2377 2375 2376
f 2373 2376 2375
f 4032 2372 4033
f 4033 2372 2374
f 266 265 267
f 267 265 270
f 271 267 270
f 268 271 270
f 269 268 270
f 270 308 269
f 269 308 307
f 307 306 269
f 638 637 639
f 639 640 638
f 634 633 635
f 635 636 634
f 622 621 623
f 623 624 622
f 618 617 619
f 619 620 618
f 606 605 607
f 607 608 606
f 602 601 603
f 603 604 602
f 590 589 591
f 591 592 590
f 586 585 587
f 587 588 586
f 574 573 575
f 575 576 574
f 570 569 571
f 571 572 570
f 558 557 559
f 559 560 558
f 554 553 555
f 555 556 554
f 478 477 479
f 479 480 478
f 474 473 475
f 475 476 474
f 326 325 327
f 328 326 327
f 827 826 828
f 828 826 829
f 3899 3898 3900
f 3900 3901 3899
f 4034 3902 4035
f 3902 4034 3903
f 823 822 824
f 824 822 825
f 819 818 820
f 820 818 821
f 815 814 816
f 816 814 817
f 811 810 812
f 812 810 813
f 807 806 808
f 808 806 809
f 803 802 804
f 804 802 805
f 800 798 801
f 797 798 800
f 798 797 799
f 3934 3935 3937
f 3935 3934 3936
f 3933 3930 3931
f 3931 3930 3932
f 3929 3926 3927
f 3927 3926 3928
f 3925 3922 3923
f 3923 3922 3924
f 3921 3918 3919
f 3919 3918 3920
f 3917 3914 3915
f 3915 3914 3916
f 3913 3910 3911
f 3911 3910 3912
f 3880 3885 3879
f 3879 3878 3880
f 3878 3881 3880
f 3880 3881 3882
f 3884 3882 3881
f 3881 3883 3884
f 3699 3698 3700
f 3700 3698 3694
f 3694 3701 3700
f 3694 3695 3701
f 3695 3694 3696
f 3696 3694 3697
f 3583 3582 3584
f 3584 3582 3578
f 3578 3585 3584
f 3578 3579 3585
f 3579 3578 3580
f 3580 3578 3581
f 2995 2994 2996
f 2996 2994 2990
f 2990 2997 2996
f 2990 2991 2997
f 2991 2990 2992
f 2992 2990 2993
f 2407 2406 2408
f 2408 2406 2402
f 2402 2409 2408
f 2402 2403 2409
f 2403 2402 2404
f 2404 2402 2405
f 1393 1390 1391
f 1391 1390 1392
f 1389 1386 1387
f 1387 1386 1388
f 1385 1382 1383
f 1383 1382 1384
f 1381 1378 1379
f 1379 1378 1380
f 1377 1374 1375
f 1375 1374 1376
f 1373 1370 1371
f 1371 1370 1372
f 1369 1366 1367
f 1367 1366 1368
f 1365 1362 1363
f 1363 1362 1364
f 1347 1346 1348
f 1348 1346 1349
f 1349 1346 1350
f 1350 1351 1349
f 1351 1350 1352
f 1352 1350 1353
f 1310 1311 1313
f 1311 1310 1312
f 1295 1294 1296
f 1297 1296 1294
f 853 852 854
f 854 852 855
f 854 4036 861
f 861 4036 860
f 861 4037 859
f 859 4037 858
f 859 4038 857
f 857 4038 856
f 857 4039 4040
f 4040 4039 4041
f 839 838 840
f 840 838 841
f 835 834 836
f 836 834 837
f 831 830 832
f 832 830 833
f 3905 3904 3906
f 3906 3907 3905
f 4042 3908 4043
f 3909 4043 3908
f 3895 3894 3896
f 3897 3895 3896
f 3891 3890 3892
f 3893 3891 3892
f 3887 3886 3888
f 3889 3887 3888
f 3691 3690 3692
f 3693 3691 3692
f 3687 3686 3688
f 3689 3687 3688
f 3683 3682 3684
f 3685 3683 3684
f 3679 3678 3680
f 3681 3679 3680
f 3675 3674 3676
f 3677 3675 3676
f 3671 3670 3672
f 3673 3671 3672
f 3667 3666 3668
f 3669 3667 3668
f 3663 3662 3664
f 3665 3663 3664
f 3659 3658 3660
f 3661 3659 3660
f 3655 3654 3656
f 3657 3655 3656
f 3651 3650 3652
f 3653 3651 3652
f 3647 3646 3648
f 3649 3647 3648
f 3643 3642 3644
f 3645 3643 3644
f 3639 3638 3640
f 3641 3639 3640
f 3633 3630 3631
f 3631 3630 3632
f 3637 3632 3630
f 3635 3637 3630
f 3630 3634 3635
f 3635 3634 3636
f 3627 3626 3628
f 3628 3629 3627
f 3591 3590 3592
f 3592 3593 3591
f 3587 3586 3588
f 3588 3589 3587
f 3071 3070 3072
f 3073 3071 3072
f 3067 3066 3068
f 3069 3067 3068
f 3063 3062 3064
f 3065 3063 3064
f 3059 3058 3060
f 3061 3059 3060
f 3055 3054 3056
f 3057 3055 3056
f 3051 3050 3052
f 3053 3051 3052
f 3045 3042 3043
f 3043 3042 3044
f 3049 3044 3042
f 3047 3049 3042
f 3042 3046 3047
f 3047 3046 3048
f 3039 3038 3040
f 3040 3041 3039
f 3003 3002 3004
f 3004 3005 3003
f 2999 2998 3000
f 3000 3001 2999
f 2483 2482 2484
f 2485 2483 2484
f 2479 2478 2480
f 2481 2479 2480
f 2475 2474 2476
f 2477 2475 2476
f 2471 2470 2472
f 2473 2471 2472
f 2467 2466 2468
f 2469 2467 2468
f 2463 2462 2464
f 2465 2463 2464
f 2457 2454 2455
f 2455 2454 2456
f 2461 2456 2454
f 2459 2461 2454
f 2454 2458 2459
f 2459 2458 2460
f 2451 2450 2452
f 2452 2453 2451
f 2415 2414 2416
f 2416 2417 2415
f 2411 2410 2412
f 2412 2413 2411
f 1427 1426 1428
f 1429 1427 1428
f 1423 1422 1424
f 1425 1423 1424
f 1419 1418 1420
f 1421 1419 1420
f 1415 1414 1416
f 1417 1415 1416
f 1411 1410 1412
f 1413 1411 1412
f 1407 1406 1408
f 1409 1407 1408
f 1401 1398 1399
f 1399 1398 1400
f 1405 1400 1398
f 1403 1405 1398
f 1398 1402 1403
f 1403 1402 1404
f 1395 1394 1396
f 1396 1397 1395
f 1361 1358 1360
f 1360 1358 1359
f 1357 1359 1358
f 1358 1354 1357
f 1357 1354 1355
f 1355 1354 1356
f 1166 1167 1168
f 1169 1168 1167
f 1170 1168 1169
f 1169 1171 1170
f 1159 1158 1160
f 1160 1161 1159
f 1159 1161 1162
f 1163 1162 1161
f 1164 1162 1163
f 1163 1165 1164
f 1164 1165 1166
f 1166 1173 1164
f 1168 1173 1166
f 1168 1172 1173
f 1173 1172 1174
f 1175 1174 1172
f 1175 1159 1174
f 1162 1174 1159
f 1307 1306 1308
f 1309 1307 1308
f 1303 1302 1304
f 1305 1303 1304
f 1299 1298 1300
f 1301 1299 1300
f 1291 1290 1292
f 1292 1293 1291
f 1243 1244 1242
f 1242 1238 1243
f 1241 1238 1242
f 1238 1241 1237
f 1237 1234 1238
f 1234 1239 1238
f 1239 1234 1245
f 1237 1240 1236
f 1236 1234 1237
f 1235 1234 1236
f 1234 1235 1233
f 1233 1232 1234
f 851 848 849
f 848 846 849
f 849 846 847
f 846 843 847
f 847 843 844
f 843 842 844
f 844 842 845
f 842 850 845
f 845 850 851
f 850 848 851
f 1177 1176 1178
f 1179 1177 1178
f 1181 1180 1182
f 1183 1181 1182
f 1185 1184 1186
f 1187 1185 1186
f 1189 1188 1190
f 1191 1189 1190
f 1193 1192 1194
f 1195 1193 1194
f 1197 1196 1198
f 1199 1197 1198
f 1201 1200 1202
f 1203 1201 1202
f 1205 1204 1206
f 1207 1205 1206
f 1209 1208 1210
f 1211 1209 1210
f 1213 1212 1214
f 1215 1213 1214
f 1217 1216 1218
f 1219 1217 1218
f 1221 1220 1222
f 1223 1221 1222
f 1225 1224 1226
f 1227 1225 1226
f 1229 1228 1230
f 1231 1229 1230
f 1431 1433 1430
f 1431 1430 1432
f 1499 1501 1498
f 1499 1498 1500
f 1495 1497 1494
f 1495 1494 1496
f 1491 1493 1490
f 1491 1490 1492
f 1487 1489 1486
f 1487 1486 1488
f 1483 1485 1482
f 1483 1482 1484
f 1479 1481 1478
f 1479 1478 1480
f 1475 1477 1474
f 1475 1474 1476
f 1471 1473 1470
f 1471 1470 1472
f 1467 1469 1466
f 1467 1466 1468
f 1463 1465 1462
f 1463 1462 1464
f 1459 1461 1458
f 1459 1458 1460
f 1455 1457 1454
f 1455 1454 1456
f 1451 1453 1450
f 1451 1450 1452
f 1447 1449 1446
f 1447 1446 1448
f 1443 1445 1442
f 1443 1442 1444
f 1439 1441 1438
f 1439 1438 1440
f 1435 1437 1434
f 4044 1434 1436
f 3517 3516 3518
f 3519 3517 3518
f 3513 3512 3514
f 3514 3515 3513
f 3407 3409 3406
f 3407 3406 3408
f 3403 3405 3402
f 3403 3402 3404
f 3399 3401 3398
f 3399 3398 3400
f 3395 3397 3394
f 3395 3394 3396
f 3391 3393 3390
f 3391 3390 3392
f 3387 3389 3386
f 3387 3386 3388
f 3383 3385 3382
f 3383 3382 3384
f 3379 3381 3378
f 3379 3378 3380
f 3375 3377 3374
f 3375 3374 3376
f 3371 3373 3370
f 3371 3370 3372
f 3367 3369 3366
f 3367 3366 3368
f 3363 3365 3362
f 3363 3362 3364
f 3359 3361 3358
f 3359 3358 3360
f 3355 3357 3354
f 3355 3354 3356
f 3351 3353 3350
f 3351 3350 3352
f 3347 3349 3346
f 3347 3346 3348
f 3343 3345 3342
f 3343 3342 3344
f 3339 3341 3338
f 3339 3338 3340
f 3335 3337 3334
f 3335 3334 3336
f 3331 3333 3330
f 3331 3330 3332
f 3327 3329 3326
f 3327 3326 3328
f 3323 3325 3322
f 3323 3322 3324
f 3319 3321 3318
f 3319 3318 3320
f 3315 3317 3314
f 3315 3314 3316
f 3311 3313 3310
f 3311 3310 3312
f 3307 3309 3306
f 3307 3306 3308
f 3303 3305 3302
f 3303 3302 3304
f 3299 3301 3298
f 3299 3298 3300
f 3295 3297 3294
f 3295 3294 3296
f 3291 3293 3290
f 3291 3290 3292
f 3287 3289 3286
f 3287 3286 3288
f 3283 3285 3282
f 3283 3282 3284
f 3279 3281 3278
f 3279 3278 3280
f 3275 3277 3274
f 3275 3274 3276
f 3271 3273 3270
f 3271 3270 3272
f 3267 3269 3266
f 3267 3266 3268
f 3263 3265 3262
f 3263 3262 3264
f 3259 3261 3258
f 3259 3258 3260
f 3255 3257 3254
f 3255 3254 3256
f 3251 3253 3250
f 3251 3250 3252
f 3247 3249 3246
f 3247 3246 3248
f 3243 3245 3242
f 3243 3242 3244
f 3239 3241 3238
f 3239 3238 3240
f 3235 3237 3234
f 3235 3234 3236
f 3231 3233 3230
f 3231 3230 3232
f 3227 3229 3226
f 3227 3226 3228
f 3223 3225 3222
f 3223 3222 3224
f 3219 3221 3218
f 3219 3218 3220
f 3215 3217 3214
f 3215 3214 3216
f 3211 3213 3210
f 3211 3210 3212
f 3207 3209 3206
f 3207 3206 3208
f 3203 3205 3202
f 3203 3202 3204
f 3199 3201 3198
f 3199 3198 3200
f 3195 3197 3194
f 3195 3194 3196
f 3191 3193 3190
f 3191 3190 3192
f 3187 3189 3186
f 3187 3186 3188
f 3183 3185 3182
f 3183 3182 3184
f 3179 3181 3178
f 3179 3178 3180
f 3175 3177 3174
f 3175 3174 3176
f 3171 3173 3170
f 3171 3170 3172
f 3167 3169 3166
f 3167 3166 3168
f 3163 3165 3162
f 3163 3162 3164
f 3159 3161 3158
f 3159 3158 3160
f 3155 3157 3154
f 3155 3154 3156
f 3151 3153 3150
f 3151 3150 3152
f 3147 3149 3146
f 3147 3146 3148
f 3143 3145 3142
f 3143 3142 3144
f 3139 3141 3138
f 3139 3138 3140
f 3135 3137 3134
f 3135 3134 3136
f 3131 3133 3130
f 3131 3130 3132
f 3127 3129 3126
f 3127 3126 3128
f 3123 3125 3122
f 3123 3122 3124
f 3119 3121 3118
f 3119 3118 3120
f 3115 3117 3114
f 3115 3114 3116
f 3111 3113 3110
f 3111 3110 3112
f 3107 3109 3106
f 3107 3106 3108
f 3103 3105 3102
f 3103 3102 3104
f 3099 3101 3098
f 3099 3098 3100
f 3095 3097 3094
f 3095 3094 3096
f 3091 3093 3090
f 3091 3090 3092
f 3087 3089 3086
f 3087 3086 3088
f 3083 3085 3082
f 3083 3082 3084
f 3079 3081 3078
f 3079 3078 3080
f 3075 3077 3074
f 3075 3074 3076
f 2929 2928 2930
f 2931 2929 2930
f 2925 2924 2926
f 2926 2927 2925
f 2819 2821 2818
f 2819 2818 2820
f 2815 2817 2814
f 2815 2814 2816
f 2811 2813 2810
f 2811 2810 2812
f 2807 2809 2806
f 2807 2806 2808
f 2803 2805 2802
f 2803 2802 2804
f 2799 2801 2798
f 2799 2798 2800
f 2795 2797 2794
f 2795 2794 2796
f 2791 2793 2790
f 2791 2790 2792
f 2787 2789 2786
f 2787 2786 2788
f 2783 2785 2782
f 2783 2782 2784
f 2779 2781 2778
f 2779 2778 2780
f 2775 2777 2774
f 2775 2774 2776
f 2771 2773 2770
f 2771 2770 2772
f 2767 2769 2766
f 2767 2766 2768
f 2763 2765 2762
f 2763 2762 2764
f 2759 2761 2758
f 2759 2758 2760
f 2755 2757 2754
f 2755 2754 2756
f 2751 2753 2750
f 2751 2750 2752
f 2747 2749 2746
f 2747 2746 2748
f 2743 2745 2742
f 2743 2742 2744
f 2739 2741 2738
f 2739 2738 2740
f 2735 2737 2734
f 2735 2734 2736
f 2731 2733 2730
f 2731 2730 2732
f 2727 2729 2726
f 2727 2726 2728
f 2723 2725 2722
f 2723 2722 2724
f 2719 2721 2718
f 2719 2718 2720
f 2715 2717 2714
f 2715 2714 2716
f 2711 2713 2710
f 2711 2710 2712
f 2707 2709 2706
f 2707 2706 2708
f 2703 2705 2702
f 2703 2702 2704
f 2699 2701 2698
f 2699 2698 2700
f 2695 2697 2694
f 2695 2694 2696
f 2691 2693 2690
f 2691 2690 2692
f 2687 2689 2686
f 2687 2686 2688
f 2683 2685 2682
f 2683 2682 2684
f 2679 2681 2678
f 2679 2678 2680
f 2675 2677 2674
f 2675 2674 2676
f 2671 2673 2670
f 2671 2670 2672
f 2667 2669 2666
f 2667 2666 2668
f 2663 2665 2662
f 2663 2662 2664
f 2659 2661 2658
f 2659 2658 2660
f 2655 2657 2654
f 2655 2654 2656
f 2651 2653 2650
f 2651 2650 2652
f 2647 2649 2646
f 2647 2646 2648
f 2643 2645 2642
f 2643 2642 2644
f 2639 2641 2638
f 2639 2638 2640
f 2635 2637 2634
f 2635 2634 2636
f 2631 2633 2630
f 2631 2630 2632
f 2627 2629 2626
f 2627 2626 2628
f 2623 2625 2622
f 2623 2622 2624
f 2619 2621 2618
f 2619 2618 2620
f 2615 2617 2614
f 2615 2614 2616
f 2611 2613 2610
f 2611 2610 2612
f 2607 2609 2606
f 2607 2606 2608
f 2603 2605 2602
f 2603 2602 2604
f 2599 2601 2598
f 2599 2598 2600
f 2595 2597 2594
f 2595 2594 2596
f 2591 2593 2590
f 2591 2590 2592
f 2587 2589 2586
f 2587 2586 2588
f 2583 2585 2582
f 2583 2582 2584
f 2579 2581 2578
f 2579 2578 2580
f 2575 2577 2574
f 2575 2574 2576
f 2571 2573 2570
f 2571 2570 2572
f 2567 2569 2566
f 2567 2566 2568
f 2563 2565 2562
f 2563 2562 2564
f 2559 2561 2558
f 2559 2558 2560
f 2555 2557 2554
f 2555 2554 2556
f 2551 2553 2550
f 2551 2550 2552
f 2547 2549 2546
f 2547 2546 2548
f 2543 2545 2542
f 2543 2542 2544
f 2539 2541 2538
f 2539 2538 2540
f 2535 2537 2534
f 2535 2534 2536
f 2531 2533 2530
f 2531 2530 2532
f 2527 2529 2526
f 2527 2526 2528
f 2523 2525 2522
f 2523 2522 2524
f 2519 2521 2518
f 2519 2518 2520
f 2515 2517 2514
f 2515 2514 2516
f 2511 2513 2510
f 2511 2510 2512
f 2507 2509 2506
f 2507 2506 2508
f 2503 2505 2502
f 2503 2502 2504
f 2499 2501 2498
f 2499 2498 2500
f 2495 2497 2494
f 2495 2494 2496
f 2491 2493 2490
f 2491 2490 2492
f 2487 2489 2486
f 2487 2486 2488
f 2341 2340 2342
f 2343 2341 2342
f 2337 2336 2338
f 2338 2339 2337
f 2231 2233 2230
f 2231 2230 2232
f 2227 2229 2226
f 2227 2226 2228
f 2223 2225 2222
f 2223 2222 2224
f 2219 2221 2218
f 2219 2218 2220
f 2215 2217 2214
f 2215 2214 2216
f 2211 2213 2210
f 2211 2210 2212
f 2207 2209 2206
f 2207 2206 2208
f 2203 2205 2202
f 2203 2202 2204
f 2199 2201 2198
f 2199 2198 2200
f 2195 2197 2194
f 2195 2194 2196
f 2191 2193 2190
f 2191 2190 2192
f 2187 2189 2186
f 2187 2186 2188
f 2183 2185 2182
f 2183 2182 2184
f 2179 2181 2178
f 2179 2178 2180
f 2175 2177 2174
f 2175 2174 2176
f 2171 2173 2170
f 2171 2170 2172
f 2167 2169 2166
f 2167 2166 2168
f 2163 2165 2162
f 2163 2162 2164
f 2159 2161 2158
f 2159 2158 2160
f 2155 2157 2154
f 2155 2154 2156
f 2151 2153 2150
f 2151 2150 2152
f 2147 2149 2146
f 2147 2146 2148
f 2143 2145 2142
f 2143 2142 2144
f 2139 2141 2138
f 2139 2138 2140
f 2135 2137 2134
f 2135 2134 2136
f 2131 2133 2130
f 2131 2130 2132
f 2127 2129 2126
f 2127 2126 2128
f 2123 2125 2122
f 2123 2122 2124
f 2119 2121 2118
f 2119 2118 2120
f 2115 2117 2114
f 2115 2114 2116
f 2111 2113 2110
f 2111 2110 2112
f 2107 2109 2106
f 2107 2106 2108
f 2103 2105 2102
f 2103 2102 2104
f 2099 2101 2098
f 2099 2098 2100
f 2095 2097 2094
f 2095 2094 2096
f 2091 2093 2090
f 2091 2090 2092
f 2087 2089 2086
f 2087 2086 2088
f 2083 2085 2082
f 2083 2082 2084
f 2079 2081 2078
f 2079 2078 2080
f 2075 2077 2074
f 2075 2074 2076
f 2071 2073 2070
f 2071 2070 2072
f 2067 2069 2066
f 2067 2066 2068
f 2063 2065 2062
f 2063 2062 2064
f 2059 2061 2058
f 2059 2058 2060
f 2055 2057 2054
f 2055 2054 2056
f 2051 2053 2050
f 2051 2050 2052
f 2047 2049 2046
f 2047 2046 2048
f 2043 2045 2042
f 2043 2042 2044
f 2039 2041 2038
f 2039 2038 2040
f 2035 2037 2034
f 2035 2034 2036
f 2031 2033 2030
f 2031 2030 2032
f 2027 2029 2026
f 2027 2026 2028
f 2023 2025 2022
f 2023 2022 2024
f 2019 2021 2018
f 2019 2018 2020
f 2015 2017 2014
f 2015 2014 2016
f 2011 2013 2010
f 2011 2010 2012
f 2007 2009 2006
f 2007 2006 2008
f 2003 2005 2002
f 2003 2002 2004
f 1999 2001 1998
f 1999 1998 2000
f 1995 1997 1994
f 1995 1994 1996
f 1991 1993 1990
f 1991 1990 1992
f 1987 1989 1986
f 1987 1986 1988
f 1983 1985 1982
f 1983 1982 1984
f 1979 1981 1978
f 1979 1978 1980
f 1975 1977 1974
f 1975 1974 1976
f 1971 1973 1970
f 1971 1970 1972
f 1967 1969 1966
f 1967 1966 1968
f 1963 1965 1962
f 1963 1962 1964
f 1959 1961 1958
f 1959 1958 1960
f 1955 1957 1954
f 1955 1954 1956
f 1951 1953 1950
f 1951 1950 1952
f 1947 1949 1946
f 1947 1946 1948
f 1943 1945 1942
f 1943 1942 1944
f 1939 1941 1938
f 1939 1938 1940
f 1935 1937 1934
f 1935 1934 1936
f 1931 1933 1930
f 1931 1930 1932
f 1927 1929 1926
f 1927 1926 1928
f 1923 1925 1922
f 1923 1922 1924
f 1919 1921 1918
f 1919 1918 1920
f 1915 1917 1914
f 1915 1914 1916
f 1911 1913 1910
f 1911 1910 1912
f 1907 1909 1906
f 1907 1906 1908
f 1903 1905 1902
f 1903 1902 1904
f 1899 1901 1898
f 1899 1898 1900
f 1873 1872 1874
f 1875 1873 1874
f 1869 1868 1870
f 1870 1871 1869
f 1763 1765 1762
f 1763 1762 1764
f 1759 1761 1758
f 1759 1758 1760
f 1755 1757 1754
f 1755 1754 1756
f 1751 1753 1750
f 1751 1750 1752
f 1747 1749 1746
f 1747 1746 1748
f 1743 1745 1742
f 1743 1742 1744
f 1739 1741 1738
f 1739 1738 1740
f 1735 1737 1734
f 1735 1734 1736
f 1731 1733 1730
f 1731 1730 1732
f 1727 1729 1726
f 1727 1726 1728
f 1723 1725 1722
f 1723 1722 1724
f 1719 1721 1718
f 1719 1718 1720
f 1715 1717 1714
f 1715 1714 1716
f 1711 1713 1710
f 1711 1710 1712
f 1707 1709 1706
f 1707 1706 1708
f 1703 1705 1702
f 1703 1702 1704
f 1699 1701 1698
f 1699 1698 1700
f 1695 1697 1694
f 1695 1694 1696
f 1691 1693 1690
f 1691 1690 1692
f 1687 1689 1686
f 1687 1686 1688
f 1683 1685 1682
f 1683 1682 1684
f 1679 1681 1678
f 1679 1678 1680
f 1675 1677 1674
f 1675 1674 1676
f 1671 1673 1670
f 1671 1670 1672
f 1667 1669 1666
f 1667 1666 1668
f 1663 1665 1662
f 1663 1662 1664
f 1659 1661 1658
f 1659 1658 1660
f 1655 1657 1654
f 1655 1654 1656
f 1651 1653 1650
f 1651 1650 1652
f 1647 1649 1646
f 1647 1646 1648
f 1643 1645 1642
f 1643 1642 1644
f 1639 1641 1638
f 1639 1638 1640
f 1635 1637 1634
f 1635 1634 1636
f 1631 1633 1630
f 1631 1630 1632
f 1627 1629 1626
f 1627 1626 1628
f 1623 1625 1622
f 1623 1622 1624
f 1619 1621 1618
f 1619 1618 1620
f 1615 1617 1614
f 1615 1614 1616
f 1611 1613 1610
f 1611 1610 1612
f 1607 1609 1606
f 1607 1606 1608
f 1603 1605 1602
f 1603 1602 1604
f 1599 1601 1598
f 1599 1598 1600
f 1595 1597 1594
f 1595 1594 1596
f 1591 1593 1590
f 1591 1590 1592
f 1587 1589 1586
f 1587 1586 1588
f 1583 1585 1582
f 1583 1582 1584
f 1579 1581 1578
f 1579 1578 1580
f 1575 1577 1574
f 1575 1574 1576
f 1571 1573 1570
f 1571 1570 1572
f 1567 1569 1566
f 1567 1566 1568
f 1563 1565 1562
f 1563 1562 1564
f 1559 1561 1558
f 1559 1558 1560
f 1555 1557 1554
f 1555 1554 1556
f 1551 1553 1550
f 1551 1550 1552
f 1547 1549 1546
f 1547 1546 1548
f 1543 1545 1542
f 1543 1542 1544
f 1539 1541 1538
f 1539 1538 1540
f 1535 1537 1534
f 1535 1534 1536
f 1531 1533 1530
f 1531 1530 1532
f 1527 1529 1526
f 1527 1526 1528
f 1523 1525 1522
f 1523 1522 1524
f 1519 1521 1518
f 1519 1518 1520
f 1515 1517 1514
f 1515 1514 1516
f 1511 1513 1510
f 1511 1510 1512
f 1507 1509 1506
f 1507 1506 1508
f 1503 1505 1502
f 1503 1502 1504
f 1863 1862 1864
f 1864 1862 1865
f 1865 1866 1864
f 1867 1866 1865
f 1877 1876 1878
f 1878 1876 1879
f 1881 1880 1882
f 1880 1883 1882
f 1883 1880 1885
f 1884 1883 1885
f 3539 3538 3540
f 3538 3541 3540
f 3537 3534 3535
f 3535 3534 3536
f 3530 3531 3533
f 3531 3530 3532
f 3525 3524 3526
f 3524 3527 3526
f 3527 3524 3529
f 3528 3527 3529
f 1886 1887 1889
f 1887 1886 1888
f 1893 1890 1891
f 1891 1890 1892
f 1895 1894 1896
f 1894 1897 1896
f 2331 2330 2332
f 2332 2330 2333
f 2333 2334 2332
f 2335 2334 2333
f 2345 2344 2346
f 2346 2344 2347
f 2349 2348 2350
f 2348 2351 2350
f 2351 2348 2353
f 2352 2351 2353
f 3521 3520 3522
f 3522 3520 3523
f 3507 3506 3508
f 3508 3506 3509
f 3509 3510 3508
f 3511 3510 3509
f 2951 2950 2952
f 2950 2953 2952
f 2949 2946 2947
f 2947 2946 2948
f 2942 2943 2945
f 2943 2942 2944
f 2937 2936 2938
f 2936 2939 2938
f 2939 2936 2941
f 2940 2939 2941
f 2354 2355 2357
f 2355 2354 2356
f 2361 2358 2359
f 2359 2358 2360
f 2363 2362 2364
f 2362 2365 2364
f 2919 2918 2920
f 2920 2918 2921
f 2921 2922 2920
f 2923 2922 2921
f 2933 2932 2934
f 2934 2932 2935
f 3987 3986 3988
f 3988 3986 3989
f 3991 3990 3992
f 3992 3990 3993
f 3995 3994 3996
f 3996 3994 3997
f 3999 3998 4000
f 4000 3998 4001
f 4003 4002 4004
f 4004 4002 4005
f 4007 4006 4008
f 4008 4006 4009
f 4011 4010 4012
f 4012 4010 4013
f 4015 4014 4016
f 4016 4014 4017
f 4019 4018 4020
f 4020 4018 4021
f 4023 4022 4024
f 4024 4022 4025
f 1767 1769 1766
f 1767 1766 1768
f 1779 1781 1778
f 1779 1778 1780
f 1775 1777 1774
f 1775 1774 1776
f 1771 1773 1770
f 1771 1770 1772
f 3503 3505 3502
f 3503 3502 3504
f 3499 3501 3498
f 3499 3498 3500
f 3495 3497 3494
f 3495 3494 3496
f 3491 3493 3490
f 3491 3490 3492
f 3487 3489 3486
f 3487 3486 3488
f 3483 3485 3482
f 3483 3482 3484
f 3479 3481 3478
f 3479 3478 3480
f 3475 3477 3474
f 3475 3474 3476
f 3471 3473 3470
f 3471 3470 3472
f 3467 3469 3466
f 3467 3466 3468
f 3463 3465 3462
f 3463 3462 3464
f 3459 3461 3458
f 3459 3458 3460
f 3455 3457 3454
f 3455 3454 3456
f 3451 3453 3450
f 3451 3450 3452
f 3447 3449 3446
f 3447 3446 3448
f 3443 3445 3442
f 3443 3442 3444
f 3439 3441 3438
f 3439 3438 3440
f 3435 3437 3434
f 3435 3434 3436
f 3431 3433 3430
f 3431 3430 3432
f 3427 3429 3426
f 3427 3426 3428
f 3423 3425 3422
f 3423 3422 3424
f 3419 3421 3418
f 3419 3418 3420
f 3415 3417 3414
f 3415 3414 3416
f 3411 3413 3410
f 3411 3410 3412
f 2915 2917 2914
f 2915 2914 2916
f 2911 2913 2910
f 2911 2910 2912
f 2907 2909 2906
f 2907 2906 2908
f 2903 2905 2902
f 2903 2902 2904
f 2899 2901 2898
f 2899 2898 2900
f 2895 2897 2894
f 2895 2894 2896
f 2891 2893 2890
f 2891 2890 2892
f 2887 2889 2886
f 2887 2886 2888
f 2883 2885 2882
f 2883 2882 2884
f 2879 2881 2878
f 2879 2878 2880
f 2875 2877 2874
f 2875 2874 2876
f 2871 2873 2870
f 2871 2870 2872
f 2867 2869 2866
f 2867 2866 2868
f 2863 2865 2862
f 2863 2862 2864
f 2859 2861 2858
f 2859 2858 2860
f 2855 2857 2854
f 2855 2854 2856
f 2851 2853 2850
f 2851 2850 2852
f 2847 2849 2846
f 2847 2846 2848
f 2843 2845 2842
f 2843 2842 2844
f 2839 2841 2838
f 2839 2838 2840
f 2835 2837 2834
f 2835 2834 2836
f 2831 2833 2830
f 2831 2830 2832
f 2827 2829 2826
f 2827 2826 2828
f 2823 2825 2822
f 2823 2822 2824
f 2327 2329 2326
f 2327 2326 2328
f 2323 2325 2322
f 2323 2322 2324
f 2319 2321 2318
f 2319 2318 2320
f 2315 2317 2314
f 2315 2314 2316
f 2311 2313 2310
f 2311 2310 2312
f 2307 2309 2306
f 2307 2306 2308
f 2303 2305 2302
f 2303 2302 2304
f 2299 2301 2298
f 2299 2298 2300
f 2295 2297 2294
f 2295 2294 2296
f 2291 2293 2290
f 2291 2290 2292
f 2287 2289 2286
f 2287 2286 2288
f 2283 2285 2282
f 2283 2282 2284
f 2279 2281 2278
f 2279 2278 2280
f 2275 2277 2274
f 2275 2274 2276
f 2271 2273 2270
f 2271 2270 2272
f 2267 2269 2266
f 2267 2266 2268
f 2263 2265 2262
f 2263 2262 2264
f 2259 2261 2258
f 2259 2258 2260
f 2255 2257 2254
f 2255 2254 2256
f 2251 2253 2250
f 2251 2250 2252
f 2247 2249 2246
f 2247 2246 2248
f 2243 2245 2242
f 2243 2242 2244
f 2239 2241 2238
f 2239 2238 2240
f 2235 2237 2234
f 2235 2234 2236
f 1859 1861 1858
f 1859 1858 1860
f 1855 1857 1854
f 1855 1854 1856
f 1851 1853 1850
f 1851 1850 1852
f 1847 1849 1846
f 1847 1846 1848
f 1843 1845 1842
f 1843 1842 1844
f 1839 1841 1838
f 1839 1838 1840
f 1835 1837 1834
f 1835 1834 1836
f 1831 1833 1830
f 1831 1830 1832
f 1827 1829 1826
f 1827 1826 1828
f 1823 1825 1822
f 1823 1822 1824
f 1819 1821 1818
f 1819 1818 1820
f 1815 1817 1814
f 1815 1814 1816
f 1811 1813 1810
f 1811 1810 1812
f 1807 1809 1806
f 1807 1806 1808
f 1803 1805 1802
f 1803 1802 1804
f 1799 1801 1798
f 1799 1798 1800
f 1795 1797 1794
f 1795 1794 1796
f 1791 1793 1790
f 1791 1790 1792
f 1787 1789 1786
f 1787 1786 1788
f 1783 1785 1782
f 1783 1782 1784
