# from FD_B16_Bridge02_LOD_0.pskx
v -1309.7645263671875 -301.88818359375 190.57745361328125
v -1381.625732421875 268.0102844238281 190.652099609375
v -1609.9229736328125 232.76995849609375 187.82212829589844
v -1526.189697265625 -335.2959289550781 187.8074188232422
v -1092.610595703125 -273.58856201171875 203.3729705810547
v -1152.56298828125 297.8620910644531 203.50668334960938
v -874.8519897460938 -250.41311645507812 222.94515991210938
v -922.85888671875 322.30914306640625 223.08456420898438
v -656.6106567382812 -232.37469482421875 245.23521423339844
v -692.6400146484375 341.3379211425781 245.344482421875
v -438.0063171386719 -219.48300170898438 266.1832275390625
v -462.03546142578125 354.9374084472656 266.24652099609375
v -219.15838623046875 -211.74502563476562 281.72900390625
v -231.1749725341797 363.10015869140625 281.75079345703125
v -0.1875140517950058 -209.16525268554688 287.8126220703125
v -0.18754112720489502 365.8215637207031 287.81719970703125
v 218.78335571289062 -211.74501037597656 281.72900390625
v 230.79991149902344 363.1001892089844 281.75079345703125
v 437.6313171386719 -219.4829559326172 266.183349609375
v 461.660400390625 354.9374694824219 266.24664306640625
v 656.2356567382812 -232.37464904785156 245.23532104492188
v 692.2650146484375 341.3379821777344 245.34454345703125
v 874.4769897460938 -250.4130401611328 222.94525146484375
v 922.4838256835938 322.3092346191406 223.08474731445312
v 1092.235595703125 -273.5884704589844 203.37315368652344
v 1152.18798828125 297.8621826171875 203.50686645507812
v 1309.3895263671875 -301.8880920410156 190.57769775390625
v 1381.2506103515625 268.0103759765625 190.65234375
v 1525.814697265625 -335.2957763671875 187.8076934814453
v 1609.5479736328125 232.77011108398438 187.8224334716797
v -1295.5928955078125 -395.8413391113281 -75.30261993408203
v -1296.3797607421875 -395.9472961425781 -347.82501220703125
v -1081.4488525390625 -367.9372863769531 -347.8249816894531
v -1079.8575439453125 -367.7528381347656 -75.3026123046875
v -865.9177856445312 -344.9987487792969 -347.824951171875
v -863.9366455078125 -344.81292724609375 -75.30259704589844
v -649.9060668945312 -327.1444396972656 -347.8249206542969
v -647.9395141601562 -327.00445556640625 -75.30257415771484
v -430.18670654296875 -314.2205810546875 226.35244750976562
v -442.6539306640625 -314.8143005371094 128.05215454101562
v -221.3492889404297 -306.82965087890625 165.85623168945312
v -214.93153381347656 -306.6681823730469 241.77993774414062
v -0.1875007003545761 -304.1718444824219 177.81494140625
v -0.18750637769699097 -304.15863037109375 247.79925537109375
v 220.9743194580078 -306.8296203613281 165.8035430908203
v 214.55653381347656 -306.66815185546875 241.77999877929688
v 442.27899169921875 -314.81427001953125 127.94120788574219
v 429.8116760253906 -314.2205505371094 226.3524932861328
v 863.5615234375 -344.8128662109375 -75.30247497558594
v 647.5645141601562 -327.00439453125 -75.30245971679688
v 649.5310668945312 -327.1443786621094 -347.8247985839844
v 865.5427856445312 -344.9986877441406 -347.8247985839844
v 1079.4825439453125 -367.75274658203125 -75.30242919921875
v 1081.0738525390625 -367.9371643066406 -347.8247375488281
v 1296.0047607421875 -395.9471740722656 -347.8247375488281
v 1295.2178955078125 -395.8412170410156 -75.30239868164062
v 1161.87060546875 392.3822021484375 -75.30247497558594
v 1163.35009765625 392.21075439453125 -347.8248291015625
v 931.4185791015625 416.8946838378906 -347.82489013671875
v 929.5762329101562 417.0674743652344 -75.30254364013672
v 698.969970703125 436.1075744628906 -347.82489013671875
v 697.1411743164062 436.2377624511719 -75.30249786376953
v 639.3845825195312 439.6214904785156 -347.82489013671875
v 639.5023193359375 439.6146240234375 -75.30249786376953
v 231.18862915039062 458.13348388671875 241.77447509765625
v 463.02130126953125 449.9908752441406 226.33375549316406
v 475.2534484863281 449.40869140625 120.20065307617188
v 237.46615600585938 457.97607421875 163.9650421142578
v -0.18754181265830994 460.84039306640625 247.80130004882812
v -0.18753570318222046 460.8281555175781 177.8148651123047
v -231.56369018554688 458.1334533691406 241.77442932128906
v -237.8411407470703 457.9760437011719 164.01773071289062
v -463.3963928222656 449.99078369140625 226.33367919921875
v -475.6285400390625 449.4085693359375 120.31159210205078
v -695.666015625 436.3694152832031 205.46006774902344
v -491.90338134765625 448.34100341796875 116.48969268798828
v -548.3944091796875 445.009521484375 95.18206787109375
v -595.6105346679688 442.22503662109375 64.96045684814453
v -630.2898559570312 440.1799011230469 24.045928955078125
v -640.35205078125 439.5865173339844 -20.877872467041016
v -640.3311767578125 439.5877380371094 -75.30267333984375
v -697.5161743164062 436.2377014160156 -75.30265045166016
v -929.951171875 417.0673828125 -75.30270385742188
v -699.344970703125 436.1075134277344 -347.82501220703125
v -931.7935791015625 416.8946228027344 -347.82501220703125
v -1162.24560546875 392.3821105957031 -75.30268096923828
v -1163.72509765625 392.21063232421875 -347.8250732421875
v -491.9033203125 -317.8264465332031 116.48976135253906
v -640.3311157226562 -326.5797119140625 -75.30257415771484
v -640.3519897460938 -326.5809326171875 -20.877866744995117
v -645.9498291015625 -326.8628234863281 205.48675537109375
v -630.2898559570312 -325.9876403808594 24.045963287353516
v -595.6105346679688 -323.94244384765625 64.96049499511719
v -548.3944091796875 -321.157958984375 95.18213653564453
v 645.5748291015625 -326.8627624511719 205.48687744140625
v 491.0555725097656 -317.79852294921875 116.48991394042969
v 547.5466918945312 -321.13006591796875 95.18229675292969
v 594.7627563476562 -323.9144592285156 64.96055603027344
v 629.4332885742188 -325.9591064453125 24.056509017944336
v 639.525390625 -326.55426025390625 -20.86542320251465
v 639.5023193359375 -326.55291748046875 -75.30242919921875
v -570.9647216796875 403.8279724121094 39.41565704345703
v -573.7320556640625 -282.41156005859375 37.08642578125
v -598.5415649414062 -283.8202209472656 6.995974540710449
v -597.3757934570312 402.35821533203125 8.797429084777832
v -605.3297729492188 401.9415588378906 -24.47280502319336
v -605.448974609375 -284.22271728515625 -25.034208297729492
v -605.2941284179688 -284.2154235839844 -347.82720947265625
v -605.2941284179688 401.9449157714844 -347.8260498046875
v -218.40794372558594 -266.7336120605469 130.96743774414062
v -436.4714050292969 -274.4241638183594 93.55426788330078
v -465.8399963378906 409.8771667480469 86.6601333618164
v -233.03305053710938 418.08837890625 129.33702087402344
v -0.18748904764652252 -264.1690979003906 142.81494140625
v -0.18754136562347412 420.82513427734375 142.81488037109375
v 218.03297424316406 -266.7335510253906 130.91476440429688
v 232.65798950195312 418.0884094238281 129.28439331054688
v 604.5026245117188 401.9713134765625 -24.472087860107422
v 604.6224975585938 -284.19915771484375 -25.03474235534668
v 597.6934814453125 -283.7984619140625 6.996750354766846
v 596.5272827148438 402.3922424316406 8.79918098449707
v 570.115478515625 403.8589782714844 39.41695022583008
v 572.882568359375 -282.386962890625 37.08808517456055
v 533.7281494140625 -280.1263427734375 62.74106216430664
v 529.889892578125 406.1539611816406 64.64115142822266
v 465.46240234375 409.8795166015625 86.54981231689453
v 436.09576416015625 -274.4244079589844 93.44351196289062
v 478.67266845703125 409.1203918457031 83.58829498291016
v 483.05377197265625 -277.17730712890625 82.26032257080078
v 604.4539184570312 401.9648132324219 -347.82666015625
v 604.4539794921875 -284.179443359375 -347.82781982421875
v -534.5758666992188 -280.15423583984375 62.74087905883789
v -530.7376708984375 406.1260070800781 64.64099884033203
v -479.5196838378906 409.0897521972656 83.58844757080078
v -483.9010314941406 -277.20452880859375 82.26042175292969
v -649.9060668945312 -332.1444396972656 -352.8248291015625
v -865.9177856445312 -349.9987487792969 -352.8248596191406
v -865.9177856445312 -349.9987487792969 -392.8248291015625
v -649.9060668945312 -332.1444396972656 -392.8248291015625
v -600.419677734375 -329.22601318359375 -25.302515029907227
v -640.3519897460938 -331.5809326171875 -20.87777328491211
v -640.3311157226562 -331.5797119140625 -75.302490234375
v -640.2247924804688 -331.5735168457031 -352.8248291015625
v -600.27880859375 -329.2177734375 -392.8248291015625
v -630.2898559570312 -330.9876403808594 24.046056747436523
v -593.4822387695312 -328.8169860839844 5.670631408691406
v -595.6105346679688 -328.94244384765625 64.96057891845703
v -569.0550537109375 -327.3763732910156 34.489723205566406
v -548.3944091796875 -326.157958984375 95.18223571777344
v -530.4144287109375 -325.0976257324219 59.222450256347656
v -491.9033203125 -322.8264465332031 116.48988342285156
v -480.2637023925781 -322.1400146484375 78.13859558105469
v -442.6539306640625 -319.8143005371094 128.05227661132812
v -433.5337219238281 -319.3842468261719 89.10806274414062
v -221.3492889404297 -311.82965087890625 165.85635375976562
v -216.92076110839844 -311.7253112792969 126.10240173339844
v -0.18750038743019104 -309.1718444824219 177.8150634765625
v -0.18749688565731049 -309.171875 137.8150634765625
v 220.9743194580078 -311.8296203613281 165.8036651611328
v 216.54576110839844 -311.72528076171875 126.04969787597656
v 442.27899169921875 -319.81427001953125 127.94132995605469
v 433.1587219238281 -319.38421630859375 88.99713897705078
v 491.0555725097656 -322.79852294921875 116.49003601074219
v 479.4159851074219 -322.1120910644531 78.13868713378906
v 547.5466918945312 -326.13006591796875 95.18238830566406
v 529.5667114257812 -325.0697326660156 59.22260665893555
v 594.7627563476562 -328.9144592285156 64.96065521240234
v 568.207275390625 -327.348388671875 34.489830017089844
v 629.4332885742188 -330.9591064453125 24.056602478027344
v 592.634521484375 -328.7889709472656 5.670734405517578
v 639.525390625 -331.55426025390625 -20.865331649780273
v 599.5928955078125 -329.1993103027344 -25.302349090576172
v 599.4370727539062 -329.190185546875 -392.82470703125
v 649.5310668945312 -332.1443786621094 -392.82470703125
v 649.5310668945312 -332.1443786621094 -352.82470703125
v 639.3845825195312 -331.5460205078125 -352.82470703125
v 639.5023193359375 -331.55291748046875 -75.30233764648438
v 865.5427856445312 -349.9986877441406 -352.82470703125
v 865.5427856445312 -349.9986877441406 -392.82470703125
v 1294.5772705078125 -395.7549743652344 150.63031005859375
v 1509.9605712890625 -428.9736633300781 147.8150634765625
v 1510.2159423828125 -429.0130615234375 187.8150634765625
v 1296.0047607421875 -395.9471435546875 190.6150360107422
v 1078.1129150390625 -367.593994140625 163.54641723632812
v 1081.0738525390625 -367.9371337890625 203.44003295898438
v 861.7161865234375 -344.6398010253906 183.1992950439453
v 865.5427856445312 -344.9986267089844 223.0150146484375
v 649.531005859375 -327.1443176269531 245.28997802734375
v 433.15869140625 -314.38421630859375 266.2149963378906
v 216.54574584960938 -306.72528076171875 281.73992919921875
v -0.1875099092721939 -304.1718444824219 287.81494140625
v -216.9207763671875 -306.7253112792969 281.7398986816406
v -433.5337219238281 -314.3842468261719 266.21490478515625
v -649.9060668945312 -327.1443786621094 245.28985595703125
v -862.0911865234375 -344.639892578125 183.1991424560547
v -865.9177856445312 -344.99871826171875 223.01487731933594
v -1078.4879150390625 -367.5940856933594 163.54623413085938
v -1081.4488525390625 -367.9372253417969 203.43983459472656
v -1294.9522705078125 -395.75506591796875 150.6300811767578
v -1296.3797607421875 -395.9472351074219 190.61480712890625
v -1510.3355712890625 -428.97381591796875 147.8148193359375
v -1510.5909423828125 -429.0132141113281 187.8148193359375
v -1393.683837890625 362.2478942871094 150.6279296875
v -1625.284423828125 326.52386474609375 147.81472778320312
v -1625.5216064453125 326.48724365234375 187.8147430419922
v -1395.0106201171875 362.0693054199219 190.61474609375
v -1160.972412109375 392.5296630859375 163.53170776367188
v -1163.72509765625 392.210693359375 203.4397735595703
v -928.2352294921875 417.2283020019531 183.17410278320312
v -931.7935791015625 416.8946533203125 223.01480102539062
v -699.344970703125 436.1075744628906 245.28985595703125
v -466.5082702636719 449.838623046875 266.21484375
v -233.41262817382812 458.08038330078125 281.7398376464844
v -0.1875452995300293 460.8281555175781 287.81488037109375
v 233.03756713867188 458.0804138183594 281.7398681640625
v 466.1331787109375 449.8387145996094 266.2149353027344
v 695.291015625 436.3694763183594 205.46005249023438
v 698.9699096679688 436.1076354980469 245.28985595703125
v 927.8602294921875 417.2283935546875 183.17428588867188
v 931.4185791015625 416.8947448730469 223.0149688720703
v 1160.597412109375 392.5297546386719 163.53189086914062
v 1163.35009765625 392.2107849121094 203.43997192382812
v 1393.308837890625 362.2480163574219 150.628173828125
v 1394.6356201171875 362.0694274902344 190.614990234375
v 1624.9095458984375 326.5240173339844 147.8150177001953
v 1625.1468505859375 326.4873962402344 187.8150177001953
v 698.969970703125 441.1075439453125 -352.8245849609375
v 931.4185791015625 421.8946838378906 -352.8245544433594
v 931.4185791015625 421.8946838378906 -392.8245849609375
v 698.969970703125 441.1075439453125 -392.8245849609375
v 599.5928955078125 446.9681701660156 -25.302200317382812
v 639.525390625 444.6131896972656 -20.865184783935547
v 639.5023193359375 444.6145935058594 -75.30220031738281
v 639.3845825195312 444.6214599609375 -352.8245849609375
v 599.4370727539062 446.9773254394531 -392.8245849609375
v 629.4332885742188 445.2084045410156 24.056747436523438
v 592.634521484375 447.3785095214844 5.6708807945251465
v 594.7627563476562 447.2529602050781 64.9607925415039
v 568.207275390625 448.8190612792969 34.48997116088867
v 547.5466918945312 450.0374755859375 95.18253326416016
v 529.5667114257812 451.0978088378906 59.222755432128906
v 491.0554504394531 453.3690185546875 116.49014282226562
v 479.4159240722656 454.0554504394531 78.13886260986328
v 475.2534484863281 454.4086608886719 120.20096588134766
v 466.13323974609375 454.83868408203125 81.2568130493164
v 237.46615600585938 462.9760437011719 163.96533203125
v 233.03759765625 463.08038330078125 124.21138000488281
v -0.18753686547279358 465.8281555175781 177.81517028808594
v -0.18753334879875183 465.828125 137.81517028808594
v -237.8411407470703 462.97601318359375 164.0180206298828
v -233.41261291503906 463.0803527832031 124.26407623291016
v -475.6285400390625 454.4085998535156 120.31190490722656
v -466.5083312988281 454.8386535644531 81.36772155761719
v -491.90338134765625 453.34100341796875 116.489990234375
v -480.2637939453125 454.02740478515625 78.13874053955078
v -548.3944091796875 450.0094909667969 95.18238067626953
v -530.4144287109375 451.0698547363281 59.22260284423828
v -595.6105346679688 447.2250061035156 64.96076202392578
v -569.0550537109375 448.7911071777344 34.48990249633789
v -630.2898559570312 445.1799011230469 24.046232223510742
v -593.4822387695312 447.3505554199219 5.670776844024658
v -640.35205078125 444.5865173339844 -20.877567291259766
v -600.4197387695312 446.9414367675781 -25.302337646484375
v -600.27880859375 446.94976806640625 -392.82470703125
v -699.344970703125 441.10748291015625 -392.8246765136719
v -699.344970703125 441.10748291015625 -352.82470703125
v -640.2247924804688 444.5940246582031 -352.82470703125
v -640.3311767578125 444.5877380371094 -75.3023681640625
v -931.7935791015625 421.8946228027344 -352.8247375488281
v -931.7935791015625 421.8946228027344 -392.82470703125
v -1510.4493408203125 -428.99139404296875 -75.30265045166016
v 1510.0743408203125 -428.99127197265625 -75.30238342285156
v 1625.0152587890625 326.5076904296875 -75.30244445800781
v 1393.904296875 362.1678466796875 -75.30245971679688
v 491.0554504394531 448.3690185546875 116.4898452758789
v 639.525390625 439.61322021484375 -20.865489959716797
v 629.4332885742188 440.2084045410156 24.056442260742188
v 594.7627563476562 442.25299072265625 64.96048736572266
v 547.5466918945312 445.0375061035156 95.1822280883789
v -640.2247924804688 439.5940246582031 -347.82501220703125
v -1394.279296875 362.167724609375 -75.30270385742188
v -1625.3900146484375 326.5075378417969 -75.30272674560547
v -640.2247924804688 -326.5735168457031 -347.8249206542969
v 639.3845825195312 -326.5460205078125 -347.8247985839844
v -600.4760131835938 -284.22601318359375 -25.553647994995117
v -600.419677734375 -329.22601318359375 -25.302515029907227
v -600.27880859375 -329.2177734375 -392.8248291015625
v -600.27880859375 446.94976806640625 -392.82470703125
v -600.4197387695312 446.9414367675781 -25.302337646484375
v -600.3634033203125 401.94140625 -25.051538467407227
v -600.2941284179688 401.9449157714844 -352.82501220703125
v -600.2941284179688 -284.216064453125 -352.824951171875
v 649.5310668945312 -332.1443786621094 -352.82470703125
v 865.5427856445312 -349.9986877441406 -352.82470703125
v 865.5427856445312 -344.9986877441406 -347.8247985839844
v 649.5310668945312 -327.1443786621094 -347.8247985839844
v 639.3845825195312 -331.5460205078125 -352.82470703125
v 639.3845825195312 -326.5460205078125 -347.8247985839844
v 639.5023193359375 -331.55291748046875 -75.30233764648438
v 639.3845825195312 -331.5460205078125 -352.82470703125
v 639.3845825195312 -326.5460205078125 -347.8247985839844
v 639.5023193359375 -326.55291748046875 -75.30242919921875
v 639.525390625 -331.55426025390625 -20.865331649780273
v 639.525390625 -326.55426025390625 -20.86542320251465
v 629.4332885742188 -330.9591064453125 24.056602478027344
v 629.4332885742188 -325.9591064453125 24.056509017944336
v 594.7627563476562 -328.9144592285156 64.96065521240234
v 594.7627563476562 -323.9144592285156 64.96055603027344
v 547.5466918945312 -326.13006591796875 95.18238830566406
v 547.5466918945312 -321.13006591796875 95.18229675292969
v 491.0555725097656 -322.79852294921875 116.49003601074219
v 491.0555725097656 -317.79852294921875 116.48991394042969
v 442.27899169921875 -319.81427001953125 127.94132995605469
v 442.27899169921875 -314.81427001953125 127.94120788574219
v 220.9743194580078 -311.8296203613281 165.8036651611328
v 220.9743194580078 -306.8296203613281 165.8035430908203
v -0.18750038743019104 -309.1718444824219 177.8150634765625
v -0.1875007003545761 -304.1718444824219 177.81494140625
v -221.3492889404297 -311.82965087890625 165.85635375976562
v -221.3492889404297 -306.82965087890625 165.85623168945312
v -442.6539306640625 -319.8143005371094 128.05227661132812
v -442.6539306640625 -314.8143005371094 128.05215454101562
v -491.9033203125 -322.8264465332031 116.48988342285156
v -491.9033203125 -317.8264465332031 116.48976135253906
v -548.3944091796875 -326.157958984375 95.18223571777344
v -548.3944091796875 -321.157958984375 95.18213653564453
v -595.6105346679688 -328.94244384765625 64.96057891845703
v -595.6105346679688 -323.94244384765625 64.96049499511719
v -630.2898559570312 -330.9876403808594 24.046056747436523
v -630.2898559570312 -325.9876403808594 24.045963287353516
v -640.3519897460938 -331.5809326171875 -20.87777328491211
v -640.3519897460938 -326.5809326171875 -20.877866744995117
v -640.3311157226562 -331.5797119140625 -75.302490234375
v -640.3311157226562 -326.5797119140625 -75.30257415771484
v -640.2247924804688 -331.5735168457031 -352.8248291015625
v -640.2247924804688 -326.5735168457031 -347.8249206542969
v -649.9060668945312 -332.1444396972656 -352.8248291015625
v -640.2247924804688 -331.5735168457031 -352.8248291015625
v -640.2247924804688 -326.5735168457031 -347.8249206542969
v -649.9060668945312 -327.1444396972656 -347.8249206542969
v -865.9177856445312 -349.9987487792969 -352.8248596191406
v -865.9177856445312 -344.9987487792969 -347.824951171875
v -699.344970703125 441.10748291015625 -352.82470703125
v -931.7935791015625 421.8946228027344 -352.8247375488281
v -931.7935791015625 416.8946228027344 -347.82501220703125
v -699.344970703125 436.1075134277344 -347.82501220703125
v -640.2247924804688 444.5940246582031 -352.82470703125
v -640.2247924804688 439.5940246582031 -347.82501220703125
v -640.3311767578125 444.5877380371094 -75.3023681640625
v -640.2247924804688 444.5940246582031 -352.82470703125
v -640.2247924804688 439.5940246582031 -347.82501220703125
v -640.3311767578125 439.5877380371094 -75.30267333984375
v -640.35205078125 444.5865173339844 -20.877567291259766
v -640.35205078125 439.5865173339844 -20.877872467041016
v -630.2898559570312 445.1799011230469 24.046232223510742
v -630.2898559570312 440.1799011230469 24.045928955078125
v -595.6105346679688 447.2250061035156 64.96076202392578
v -595.6105346679688 442.22503662109375 64.96045684814453
v -548.3944091796875 450.0094909667969 95.18238067626953
v -548.3944091796875 445.009521484375 95.18206787109375
v -491.90338134765625 453.34100341796875 116.489990234375
v -491.90338134765625 448.34100341796875 116.48969268798828
v -475.6285400390625 454.4085998535156 120.31190490722656
v -475.6285400390625 449.4085693359375 120.31159210205078
v -237.8411407470703 457.9760437011719 164.01773071289062
v -237.8411407470703 462.97601318359375 164.0180206298828
v -0.18753570318222046 460.8281555175781 177.8148651123047
v -0.18753686547279358 465.8281555175781 177.81517028808594
v 237.46615600585938 457.97607421875 163.9650421142578
v 237.46615600585938 462.9760437011719 163.96533203125
v 475.2534484863281 449.40869140625 120.20065307617188
v 475.2534484863281 454.4086608886719 120.20096588134766
v 491.0554504394531 453.3690185546875 116.49014282226562
v 491.0554504394531 448.3690185546875 116.4898452758789
v 547.5466918945312 450.0374755859375 95.18253326416016
v 547.5466918945312 445.0375061035156 95.1822280883789
v 594.7627563476562 447.2529602050781 64.9607925415039
v 594.7627563476562 442.25299072265625 64.96048736572266
v 629.4332885742188 445.2084045410156 24.056747436523438
v 629.4332885742188 440.2084045410156 24.056442260742188
v 639.525390625 444.6131896972656 -20.865184783935547
v 639.525390625 439.61322021484375 -20.865489959716797
v 639.5023193359375 444.6145935058594 -75.30220031738281
v 639.5023193359375 439.6146240234375 -75.30249786376953
v 639.3845825195312 444.6214599609375 -352.8245849609375
v 639.3845825195312 439.6214904785156 -347.82489013671875
v 698.969970703125 441.1075439453125 -352.8245849609375
v 639.3845825195312 444.6214599609375 -352.8245849609375
v 639.3845825195312 439.6214904785156 -347.82489013671875
v 698.969970703125 436.1075744628906 -347.82489013671875
v 931.4185791015625 421.8946838378906 -352.8245544433594
v 931.4185791015625 416.8946838378906 -347.82489013671875
v -532.2811279296875 -280.1511535644531 58.29855728149414
v -482.4107666015625 -277.20269775390625 77.4876480102539
v -480.2637023925781 -322.1400146484375 78.13859558105469
v -530.4144287109375 -325.0976257324219 59.222450256347656
v -570.383544921875 -282.41253662109375 33.373291015625
v -569.0550537109375 -327.3763732910156 34.489723205566406
v -594.0314331054688 -283.82568359375 4.837528228759766
v -593.4822387695312 -328.8169860839844 5.670631408691406
v -592.9330444335938 402.3592529296875 6.503514289855957
v -593.4822387695312 447.3505554199219 5.670776844024658
v -567.7265625 403.8272399902344 35.605899810791016
v -569.0550537109375 448.7911071777344 34.48990249633789
v -528.5477294921875 406.1233825683594 60.146095275878906
v -530.4144287109375 451.0698547363281 59.22260284423828
v -478.1167297363281 409.09014892578125 78.78931427001953
v -480.2637939453125 454.02740478515625 78.13874053955078
v -464.7221984863281 409.87811279296875 81.78668975830078
v -466.5083312988281 454.8386535644531 81.36772155761719
v -232.4817352294922 418.088623046875 124.36752319335938
v -233.41261291503906 463.0803527832031 124.26407623291016
v -0.18753615021705627 420.8253479003906 137.81488037109375
v -0.18753334879875183 465.828125 137.81517028808594
v 232.106689453125 418.0886535644531 124.31482696533203
v 233.03759765625 463.08038330078125 124.21138000488281
v 464.3471984863281 409.8782043457031 81.67575073242188
v 466.13323974609375 454.83868408203125 81.2568130493164
v 477.2688903808594 409.11810302734375 78.7894058227539
v 479.4159240722656 454.0554504394531 78.13886260986328
v 527.699951171875 406.1513366699219 60.14624786376953
v 529.5667114257812 451.0978088378906 59.222755432128906
v 566.8787841796875 403.855224609375 35.60594177246094
v 568.207275390625 448.8190612792969 34.48997116088867
v 592.0850219726562 402.38726806640625 6.504288673400879
v 592.634521484375 447.3785095214844 5.6708807945251465
v 599.5362548828125 401.9681701660156 -25.050764083862305
v 599.5928955078125 446.9681701660156 -25.302200317382812
v 599.4370727539062 -329.190185546875 -392.82470703125
v 599.5928955078125 -329.1993103027344 -25.302349090576172
v 599.6495361328125 -284.1993103027344 -25.554182052612305
v 599.4539794921875 -284.179443359375 -352.8248291015625
v 599.4539184570312 401.96417236328125 -352.82489013671875
v 599.4370727539062 446.9773254394531 -392.8245849609375
v 599.4370727539062 -324.190185546875 -392.8248291015625
v 593.1840209960938 -283.7976989746094 4.8369293212890625
v 592.634521484375 -328.7889709472656 5.670734405517578
v 569.5357666015625 -282.3845520019531 33.3734245300293
v 568.207275390625 -327.348388671875 34.489830017089844
v 531.4334106445312 -280.1232604980469 58.29874801635742
v 529.5667114257812 -325.0697326660156 59.22260665893555
v 481.5630798339844 -277.1747741699219 77.48770141601562
v 479.4159851074219 -322.1120910644531 78.13868713378906
v 434.94476318359375 -274.4236755371094 88.5777816772461
v 433.1587219238281 -319.38421630859375 88.99713897705078
v 217.47666931152344 -266.7334899902344 125.94581604003906
v 216.54576110839844 -311.72528076171875 126.04969787597656
v -0.1874934881925583 -264.1690979003906 137.81494140625
v -0.18749688565731049 -309.171875 137.8150634765625
v -217.85165405273438 -266.7335510253906 125.9985122680664
v -216.92076110839844 -311.7253112792969 126.10240173339844
v -435.31976318359375 -274.4237060546875 88.68870544433594
v -433.5337219238281 -319.3842468261719 89.10806274414062
v -570.383544921875 -282.41253662109375 33.373291015625
v -594.0314331054688 -283.82568359375 4.837528228759766
v -598.5415649414062 -283.8202209472656 6.995974540710449
v -573.7320556640625 -282.41156005859375 37.08642578125
v -592.9330444335938 402.3592529296875 6.503514289855957
v -567.7265625 403.8272399902344 35.605899810791016
v -570.9647216796875 403.8279724121094 39.41565704345703
v -597.3757934570312 402.35821533203125 8.797429084777832
v -600.4760131835938 -284.22601318359375 -25.553647994995117
v -600.2941284179688 -284.216064453125 -352.824951171875
v -605.2941284179688 -284.2154235839844 -347.82720947265625
v -605.448974609375 -284.22271728515625 -25.034208297729492
v -600.2941284179688 -284.216064453125 -352.824951171875
v -600.2941284179688 401.9449157714844 -352.82501220703125
v -605.2941284179688 401.9449157714844 -347.8260498046875
v -605.2941284179688 -284.2154235839844 -347.82720947265625
v -600.2941284179688 401.9449157714844 -352.82501220703125
v -600.3634033203125 401.94140625 -25.051538467407227
v -605.3297729492188 401.9415588378906 -24.47280502319336
v -605.2941284179688 401.9449157714844 -347.8260498046875
v -218.40794372558594 -266.7336120605469 130.96743774414062
v -217.85165405273438 -266.7335510253906 125.9985122680664
v -435.31976318359375 -274.4237060546875 88.68870544433594
v -436.4714050292969 -274.4241638183594 93.55426788330078
v -233.03305053710938 418.08837890625 129.33702087402344
v -465.8399963378906 409.8771667480469 86.6601333618164
v -464.7221984863281 409.87811279296875 81.78668975830078
v -232.4817352294922 418.088623046875 124.36752319335938
v -0.18748904764652252 -264.1690979003906 142.81494140625
v -0.1874934881925583 -264.1690979003906 137.81494140625
v -0.18754136562347412 420.82513427734375 142.81488037109375
v -0.18753615021705627 420.8253479003906 137.81488037109375
v 218.03297424316406 -266.7335510253906 130.91476440429688
v 217.47666931152344 -266.7334899902344 125.94581604003906
v 232.65798950195312 418.0884094238281 129.28439331054688
v 232.106689453125 418.0886535644531 124.31482696533203
v 599.6495361328125 -284.1993103027344 -25.554182052612305
v 593.1840209960938 -283.7976989746094 4.8369293212890625
v 597.6934814453125 -283.7984619140625 6.996750354766846
v 604.6224975585938 -284.19915771484375 -25.03474235534668
v 592.0850219726562 402.38726806640625 6.504288673400879
v 599.5362548828125 401.9681701660156 -25.050764083862305
v 604.5026245117188 401.9713134765625 -24.472087860107422
v 596.5272827148438 402.3922424316406 8.79918098449707
v 569.5357666015625 -282.3845520019531 33.3734245300293
v 531.4334106445312 -280.1232604980469 58.29874801635742
v 533.7281494140625 -280.1263427734375 62.74106216430664
v 572.882568359375 -282.386962890625 37.08808517456055
v 527.699951171875 406.1513366699219 60.14624786376953
v 566.8787841796875 403.855224609375 35.60594177246094
v 570.115478515625 403.8589782714844 39.41695022583008
v 529.889892578125 406.1539611816406 64.64115142822266
v 436.09576416015625 -274.4244079589844 93.44351196289062
v 434.94476318359375 -274.4236755371094 88.5777816772461
v 464.3471984863281 409.8782043457031 81.67575073242188
v 465.46240234375 409.8795166015625 86.54981231689453
v 477.2688903808594 409.11810302734375 78.7894058227539
v 478.67266845703125 409.1203918457031 83.58829498291016
v 481.5630798339844 -277.1747741699219 77.48770141601562
v 483.05377197265625 -277.17730712890625 82.26032257080078
v 599.4539184570312 401.96417236328125 -352.82489013671875
v 604.4539184570312 401.9648132324219 -347.82666015625
v 599.4539184570312 401.96417236328125 -352.82489013671875
v 599.4539794921875 -284.179443359375 -352.8248291015625
v 604.4539794921875 -284.179443359375 -347.82781982421875
v 604.4539184570312 401.9648132324219 -347.82666015625
v 599.4539794921875 -284.179443359375 -352.8248291015625
v 604.4539794921875 -284.179443359375 -347.82781982421875
v -532.2811279296875 -280.1511535644531 58.29855728149414
v -534.5758666992188 -280.15423583984375 62.74087905883789
v -528.5477294921875 406.1233825683594 60.146095275878906
v -530.7376708984375 406.1260070800781 64.64099884033203
v -478.1167297363281 409.09014892578125 78.78931427001953
v -479.5196838378906 409.0897521972656 83.58844757080078
v -482.4107666015625 -277.20269775390625 77.4876480102539
v -483.9010314941406 -277.20452880859375 82.26042175292969
v -1631.908203125 334.2275390625 170.32192993164062
v -1631.1485595703125 334.2182922363281 177.81222534179688
v -1399.276123046875 369.9973449707031 180.612548828125
v -1399.7615966796875 370.0419921875 173.1463623046875
v -1166.458251953125 400.3155822753906 193.48007202148438
v -1166.5872802734375 400.39501953125 186.0589141845703
v -933.3026123046875 425.0942077636719 213.09263610839844
v -933.2311401367188 425.1771240234375 205.70127868652344
v -699.9715576171875 444.3389892578125 235.37669372558594
v -699.8701782226562 444.4040222167969 227.99014282226562
v -466.59619140625 458.0635986328125 256.2794189453125
v -466.6357727050781 458.1014709472656 248.8712158203125
v -233.3100128173828 466.2847900390625 271.7655944824219
v -232.84619140625 466.298095703125 264.2711486816406
v -0.1875447928905487 469.02178955078125 277.81884765625
v -0.18754413723945618 469.0248718261719 270.3145751953125
v 232.93492126464844 466.2848205566406 271.765625
v 232.47109985351562 466.2981262207031 264.27117919921875
v 466.2210693359375 458.0636291503906 256.279541015625
v 465.4398498535156 458.10186767578125 248.80165100097656
v 699.5966186523438 444.33905029296875 235.37669372558594
v 698.6726684570312 444.4048156738281 227.9089813232422
v 932.927490234375 425.09429931640625 213.09278869628906
v 932.0339965820312 425.1780700683594 205.6228790283203
v 1166.083251953125 400.315673828125 193.48025512695312
v 1165.392333984375 400.395751953125 185.99716186523438
v 1398.901123046875 369.9974670410156 180.61279296875
v 1398.5679931640625 370.0422668457031 173.11419677734375
v 1630.7735595703125 334.21844482421875 177.81253051757812
v 1630.713623046875 334.2276916503906 170.31246948242188
v -1636.194091796875 363.79266357421875 192.81008911132812
v -1404.169189453125 399.6083679199219 195.59832763671875
v -1403.5008544921875 399.6983947753906 185.60504150390625
v -1636.0728759765625 363.81134033203125 182.81008911132812
v -1171.3651123046875 429.9476318359375 208.42880249023438
v -1169.9805908203125 430.10809326171875 198.47525024414062
v -937.9107666015625 454.7936706542969 228.01043701171875
v -936.1209106445312 454.9615478515625 218.09107971191406
v -703.9358520507812 474.1327209472656 250.2919921875
v -702.085205078125 474.2644348144531 240.37815856933594
v -469.5702819824219 487.9540100097656 271.2236633300781
v -468.005126953125 488.0304870605469 261.2838134765625
v -234.944091796875 496.2498779296875 286.75537109375
v -234.01437377929688 496.2764892578125 276.77288818359375
v -0.18754741549491882 499.0156555175781 292.8348388671875
v -0.1875465363264084 499.0217590332031 282.82806396484375
v 234.56900024414062 496.2499084472656 286.7554016113281
v 233.6392822265625 496.2765197753906 276.77288818359375
v 469.1951904296875 487.9540710449219 271.2237243652344
v 467.6299743652344 488.0305480957031 261.283935546875
v 703.5608520507812 474.1327819824219 250.29197692871094
v 701.7102661132812 474.2644958496094 240.37814331054688
v 937.53564453125 454.79376220703125 228.01063537597656
v 935.7457885742188 454.9616394042969 218.09124755859375
v 1170.9901123046875 429.9477233886719 208.4290008544922
v 1169.6055908203125 430.1081848144531 198.47543334960938
v 1403.794189453125 399.6084899902344 195.59857177734375
v 1403.1258544921875 399.6985168457031 185.60528564453125
v 1635.819091796875 363.7928161621094 192.81039428710938
v 1635.6981201171875 363.8114929199219 182.81039428710938
v 1504.27978515625 -436.6963806152344 170.31759643554688
v 1504.343017578125 -436.70611572265625 177.81777954101562
v 1290.362548828125 -403.6897888183594 180.632080078125
v 1290.007080078125 -403.6419677734375 173.1335906982422
v 1075.4844970703125 -375.7110595703125 193.49923706054688
v 1074.74609375 -375.62548828125 186.01834106445312
v 860.3422241210938 -352.85198974609375 213.1090087890625
v 859.3873291015625 -352.762451171875 205.6431884765625
v 645.087646484375 -335.1041259765625 235.386474609375
v 644.1004028320312 -335.0338439941406 227.9230194091797
v 429.84210205078125 -322.4513244628906 256.2781982421875
v 429.00714111328125 -322.41046142578125 248.80325317382812
v 214.72972106933594 -314.87457275390625 271.75079345703125
v 214.23377990722656 -314.8603210449219 264.257080078125
v -215.10475158691406 -314.8746032714844 271.75079345703125
v -214.6088104248047 -314.8603515625 264.257080078125
v -0.1875080168247223 -312.34942626953125 270.2906494140625
v -0.18750867247581482 -312.3527526855469 277.79559326171875
v -430.2171325683594 -322.45135498046875 256.278076171875
v -430.2035827636719 -322.410888671875 248.87808227539062
v -645.4627075195312 -335.10418701171875 235.3863525390625
v -645.2989501953125 -335.0346984863281 228.01031494140625
v -860.7172241210938 -352.8520812988281 213.10887145996094
v -860.5853881835938 -352.7635192871094 205.72764587402344
v -1075.8594970703125 -375.7111511230469 193.49905395507812
v -1075.94140625 -375.6263122558594 186.08474731445312
v -1290.737548828125 -403.68988037109375 180.6318359375
v -1291.20068359375 -403.6422424316406 173.1680908203125
v -1504.718017578125 -436.7062683105469 177.81752014160156
v -1505.4744873046875 -436.696533203125 170.32752990722656
v 1499.543701171875 -466.3184814453125 192.82008361816406
v 1286.8463134765625 -433.4861755371094 195.63267517089844
v 1286.1380615234375 -433.3908996582031 185.64012145996094
v 1499.4185791015625 -466.2991638183594 182.82008361816406
v 1073.43408203125 -405.674072265625 208.45187377929688
v 1071.9625244140625 -405.50360107421875 198.50442504882812
v 859.4259033203125 -382.8976745605469 228.0196533203125
v 857.5244140625 -382.7193603515625 218.1106719970703
v 644.9404907226562 -365.16949462890625 250.28759765625
v 642.9745483398438 -365.02960205078125 240.38482666015625
v 430.09698486328125 -352.49957275390625 271.2055969238281
v 428.43359375 -352.4182434082031 261.2734069824219
v 215.01443481445312 -344.8947448730469 286.7232666015625
v 214.0255889892578 -344.8663024902344 276.742919921875
v -0.187508687376976 -342.3593444824219 292.79351806640625
v -0.18750779330730438 -342.3527526855469 282.78570556640625
v -215.38946533203125 -344.8947448730469 286.7232666015625
v -214.40061950683594 -344.8663330078125 276.742919921875
v -430.471923828125 -352.4996032714844 271.20550537109375
v -428.8085632324219 -352.41827392578125 261.2733459472656
v -645.3154907226562 -365.1695556640625 250.28749084472656
v -643.3495483398438 -365.0296630859375 240.38470458984375
v -859.8009033203125 -382.89776611328125 228.01953125
v -857.8993530273438 -382.7194519042969 218.11053466796875
v -1073.80908203125 -405.6741638183594 208.45169067382812
v -1072.3375244140625 -405.5036926269531 198.50424194335938
v -1287.2213134765625 -433.48626708984375 195.6324462890625
v -1286.5130615234375 -433.3909912109375 185.639892578125
v -1499.9188232421875 -466.3186340332031 192.81982421875
v -1499.7935791015625 -466.29931640625 182.81982421875
v 1625.0281982421875 299.6932067871094 162.81808471679688
v 1393.308837890625 335.4355163574219 165.628173828125
v 1397.179443359375 362.6612548828125 165.621337890625
v 1629.4227294921875 326.8381042480469 162.81314086914062
v 1160.597412109375 365.7172546386719 178.5319061279297
v 1163.8228759765625 393.0268859863281 178.52767944335938
v 927.8602294921875 390.4158935546875 198.1742706298828
v 930.4393920898438 417.7941589355469 198.17318725585938
v 695.291015625 409.5569763183594 220.4600830078125
v 697.2240600585938 436.9884033203125 220.4618377685547
v 463.02130126953125 423.1783752441406 241.3337860107422
v 464.3090515136719 450.647705078125 241.33810424804688
v 231.18862915039062 431.321044921875 256.7745056152344
v 231.83216857910156 458.81292724609375 256.78125
v -0.18754194676876068 434.02178955078125 262.81121826171875
v -0.18754315376281738 461.5273742675781 262.80975341796875
v -231.56369018554688 431.3210144042969 256.77447509765625
v -232.2072296142578 458.8129577636719 256.78125
v -465.0369873046875 423.17828369140625 241.3397979736328
v -466.3247375488281 450.6475830078125 241.34413146972656
v -697.306640625 409.5569152832031 220.46620178222656
v -699.2396850585938 436.98834228515625 220.4679412841797
v -929.8759765625 390.4158020019531 198.18020629882812
v -932.455078125 417.7940673828125 198.17910766601562
v -1162.613037109375 365.7171630859375 178.53781127929688
v -1165.8385009765625 393.02679443359375 178.53359985351562
v -1395.16748046875 335.3460998535156 165.62750244140625
v -1399.195068359375 362.6611328125 165.627197265625
v -1626.925048828125 299.71136474609375 162.8208465576172
v -1631.4384765625 326.8380126953125 162.81893920898438
v -1511.9761962890625 -402.16131591796875 162.8209228515625
v -1296.486328125 -369.0386657714844 165.6285400390625
v -1292.722900390625 -396.16839599609375 165.64349365234375
v -1507.4632568359375 -429.2879638671875 162.822998046875
v -1080.1285400390625 -340.7815856933594 178.55233764648438
v -1076.9041748046875 -368.09136962890625 178.55673217773438
v -863.7318725585938 -317.827392578125 198.20526123046875
v -861.154052734375 -345.2057800292969 198.20623779296875
v -647.5903930664062 -300.0503234863281 220.49285888671875
v -645.6588134765625 -327.48187255859375 220.49078369140625
v -430.18670654296875 -287.4080810546875 241.35244750976562
v -430.18914794921875 -314.861083984375 241.35244750976562
v -214.93153381347656 -279.8556823730469 256.77996826171875
v -214.28868103027344 -307.3476867675781 256.772705078125
v -0.18750889599323273 -277.3527526855469 262.8101806640625
v -0.18750768899917603 -304.8456115722656 262.7901611328125
v 214.55653381347656 -279.85565185546875 256.7799987792969
v 213.91368103027344 -307.3476257324219 256.772705078125
v 429.8116760253906 -287.4080505371094 241.35250854492188
v 428.5251159667969 -314.8774108886719 241.34768676757812
v 645.5748291015625 -300.0502624511719 220.4868621826172
v 643.6432495117188 -327.4818115234375 220.48480224609375
v 861.7161865234375 -317.8273010253906 198.19927978515625
v 859.1384887695312 -345.2056884765625 198.20025634765625
v 1078.1129150390625 -340.781494140625 178.54641723632812
v 1074.8885498046875 -368.0912780761719 178.55081176757812
v 1294.5772705078125 -368.9424743652344 165.6302947998047
v 1290.707275390625 -396.1683044433594 165.63763427734375
v 1510.0882568359375 -402.1808776855469 162.818115234375
v 1505.4476318359375 -429.2878112792969 162.817138671875
v -1625.5216064453125 299.67474365234375 192.81472778320312
v -1395.0106201171875 335.2568054199219 195.61474609375
v -1404.169189453125 399.6083679199219 195.59832763671875
v -1636.194091796875 363.79266357421875 192.81008911132812
v -1163.72509765625 365.398193359375 208.4397735595703
v -1171.3651123046875 429.9476318359375 208.42880249023438
v -931.7935791015625 390.0821533203125 228.01480102539062
v -937.9107666015625 454.7936706542969 228.01043701171875
v -699.344970703125 409.2950744628906 250.28985595703125
v -703.9358520507812 474.1327209472656 250.2919921875
v -466.5082702636719 423.026123046875 271.21484375
v -469.5702819824219 487.9540100097656 271.2236633300781
v -233.41262817382812 431.26788330078125 286.7398681640625
v -234.944091796875 496.2498779296875 286.75537109375
v -0.1875445693731308 434.015625 292.81488037109375
v -0.18754741549491882 499.0156555175781 292.8348388671875
v 233.03756713867188 431.2679138183594 286.7398681640625
v 234.56900024414062 496.2499084472656 286.7554016113281
v 466.1331787109375 423.0262145996094 271.2149658203125
v 469.1951904296875 487.9540710449219 271.2237243652344
v 698.9699096679688 409.2951354980469 250.2898406982422
v 703.5608520507812 474.1327819824219 250.29197692871094
v 931.4185791015625 390.0822448730469 228.01498413085938
v 937.53564453125 454.79376220703125 228.01063537597656
v 1163.35009765625 365.3982849121094 208.4399871826172
v 1170.9901123046875 429.9477233886719 208.4290008544922
v 1394.6356201171875 335.2569274902344 195.614990234375
v 1403.794189453125 399.6084899902344 195.59857177734375
v 1625.1468505859375 299.6748962402344 192.81503295898438
v 1635.819091796875 363.7928161621094 192.81039428710938
v 1630.7735595703125 334.21844482421875 177.81253051757812
v 1398.901123046875 369.9974670410156 180.61279296875
v 1403.1258544921875 399.6985168457031 185.60528564453125
v 1635.6981201171875 363.8114929199219 182.81039428710938
v 1166.083251953125 400.315673828125 193.48025512695312
v 1169.6055908203125 430.1081848144531 198.47543334960938
v 932.927490234375 425.09429931640625 213.09278869628906
v 935.7457885742188 454.9616394042969 218.09124755859375
v 699.5966186523438 444.33905029296875 235.37669372558594
v 701.7102661132812 474.2644958496094 240.37814331054688
v 466.2210693359375 458.0636291503906 256.279541015625
v 467.6299743652344 488.0305480957031 261.283935546875
v 232.93492126464844 466.2848205566406 271.765625
v 233.6392822265625 496.2765197753906 276.77288818359375
v -0.1875447928905487 469.02178955078125 277.81884765625
v -0.1875465363264084 499.0217590332031 282.82806396484375
v -233.3100128173828 466.2847900390625 271.7655944824219
v -234.01437377929688 496.2764892578125 276.77288818359375
v -466.59619140625 458.0635986328125 256.2794189453125
v -468.005126953125 488.0304870605469 261.2838134765625
v -699.9715576171875 444.3389892578125 235.37669372558594
v -702.085205078125 474.2644348144531 240.37815856933594
v -933.3026123046875 425.0942077636719 213.09263610839844
v -936.1209106445312 454.9615478515625 218.09107971191406
v -1166.458251953125 400.3155822753906 193.48007202148438
v -1169.9805908203125 430.10809326171875 198.47525024414062
v -1399.276123046875 369.9973449707031 180.612548828125
v -1403.5008544921875 399.6983947753906 185.60504150390625
v -1631.1485595703125 334.2182922363281 177.81222534179688
v -1636.0728759765625 363.81134033203125 182.81008911132812
v 1510.2159423828125 -402.2005615234375 192.8150634765625
v 1296.0047607421875 -369.1346435546875 195.61505126953125
v 1286.8463134765625 -433.4861755371094 195.63267517089844
v 1499.543701171875 -466.3184814453125 192.82008361816406
v 1081.0738525390625 -341.1246337890625 208.4400177001953
v 1073.43408203125 -405.674072265625 208.45187377929688
v 865.5427856445312 -318.1861267089844 228.01502990722656
v 859.4259033203125 -382.8976745605469 228.0196533203125
v 649.531005859375 -300.3318176269531 250.28997802734375
v 644.9404907226562 -365.16949462890625 250.28759765625
v 433.15869140625 -287.57171630859375 271.21502685546875
v 430.09698486328125 -352.49957275390625 271.2055969238281
v 216.54574584960938 -279.91278076171875 286.73992919921875
v 215.01443481445312 -344.8947448730469 286.7232666015625
v -0.18751151859760284 -277.3593444824219 292.81494140625
v -0.187508687376976 -342.3593444824219 292.79351806640625
v -216.9207763671875 -279.91278076171875 286.73992919921875
v -215.38946533203125 -344.8947448730469 286.7232666015625
v -433.5337219238281 -287.5717468261719 271.21490478515625
v -430.471923828125 -352.4996032714844 271.20550537109375
v -649.9060668945312 -300.3318786621094 250.2898406982422
v -645.3154907226562 -365.1695556640625 250.28749084472656
v -865.9177856445312 -318.18621826171875 228.01487731933594
v -859.8009033203125 -382.89776611328125 228.01953125
v -1081.4488525390625 -341.1247253417969 208.43983459472656
v -1073.80908203125 -405.6741638183594 208.45169067382812
v -1296.3797607421875 -369.1347351074219 195.61480712890625
v -1287.2213134765625 -433.48626708984375 195.6324462890625
v -1510.5909423828125 -402.2007141113281 192.81480407714844
v -1499.9188232421875 -466.3186340332031 192.81982421875
v -1504.718017578125 -436.7062683105469 177.81752014160156
v -1290.737548828125 -403.68988037109375 180.6318359375
v -1286.5130615234375 -433.3909912109375 185.639892578125
v -1499.7935791015625 -466.29931640625 182.81982421875
v -1075.8594970703125 -375.7111511230469 193.49905395507812
v -1072.3375244140625 -405.5036926269531 198.50424194335938
v -860.7172241210938 -352.8520812988281 213.10887145996094
v -857.8993530273438 -382.7194519042969 218.11053466796875
v -645.4627075195312 -335.10418701171875 235.3863525390625
v -643.3495483398438 -365.0296630859375 240.38470458984375
v -430.2171325683594 -322.45135498046875 256.278076171875
v -428.8085632324219 -352.41827392578125 261.2733459472656
v -215.10475158691406 -314.8746032714844 271.75079345703125
v -214.40061950683594 -344.8663330078125 276.742919921875
v -0.18750867247581482 -312.3527526855469 277.79559326171875
v -0.18750779330730438 -342.3527526855469 282.78570556640625
v 214.72972106933594 -314.87457275390625 271.75079345703125
v 214.0255889892578 -344.8663024902344 276.742919921875
v 429.84210205078125 -322.4513244628906 256.2781982421875
v 428.43359375 -352.4182434082031 261.2734069824219
v 645.087646484375 -335.1041259765625 235.386474609375
v 642.9745483398438 -365.02960205078125 240.38482666015625
v 860.3422241210938 -352.85198974609375 213.1090087890625
v 857.5244140625 -382.7193603515625 218.1106719970703
v 1075.4844970703125 -375.7110595703125 193.49923706054688
v 1071.9625244140625 -405.50360107421875 198.50442504882812
v 1290.362548828125 -403.6897888183594 180.632080078125
v 1286.1380615234375 -433.3908996582031 185.64012145996094
v 1504.343017578125 -436.70611572265625 177.81777954101562
v 1499.4185791015625 -466.2991638183594 182.82008361816406
v -1631.4384765625 326.8380126953125 162.81893920898438
v -1631.908203125 334.2275390625 170.32192993164062
v -1399.7615966796875 370.0419921875 173.1463623046875
v -1399.195068359375 362.6611328125 165.627197265625
v -1166.5872802734375 400.39501953125 186.0589141845703
v -1165.8385009765625 393.02679443359375 178.53359985351562
v -933.2311401367188 425.1771240234375 205.70127868652344
v -932.455078125 417.7940673828125 198.17910766601562
v -699.8701782226562 444.4040222167969 227.99014282226562
v -699.2396850585938 436.98834228515625 220.4679412841797
v -466.6357727050781 458.1014709472656 248.8712158203125
v -466.3247375488281 450.6475830078125 241.34413146972656
v -232.84619140625 466.298095703125 264.2711486816406
v -232.2072296142578 458.8129577636719 256.78125
v -0.18754413723945618 469.0248718261719 270.3145751953125
v -0.18754315376281738 461.5273742675781 262.80975341796875
v 232.47109985351562 466.2981262207031 264.27117919921875
v 231.83216857910156 458.81292724609375 256.78125
v 465.4398498535156 458.10186767578125 248.80165100097656
v 464.3090515136719 450.647705078125 241.33810424804688
v 698.6726684570312 444.4048156738281 227.9089813232422
v 697.2240600585938 436.9884033203125 220.4618377685547
v 932.0339965820312 425.1780700683594 205.6228790283203
v 930.4393920898438 417.7941589355469 198.17318725585938
v 1165.392333984375 400.395751953125 185.99716186523438
v 1163.8228759765625 393.0268859863281 178.52767944335938
v 1398.5679931640625 370.0422668457031 173.11419677734375
v 1397.179443359375 362.6612548828125 165.621337890625
v 1630.713623046875 334.2276916503906 170.31246948242188
v 1629.4227294921875 326.8381042480469 162.81314086914062
v 1505.4476318359375 -429.2878112792969 162.817138671875
v 1504.27978515625 -436.6963806152344 170.31759643554688
v 1290.007080078125 -403.6419677734375 173.1335906982422
v 1290.707275390625 -396.1683044433594 165.63763427734375
v 1074.74609375 -375.62548828125 186.01834106445312
v 1074.8885498046875 -368.0912780761719 178.55081176757812
v 859.3873291015625 -352.762451171875 205.6431884765625
v 859.1384887695312 -345.2056884765625 198.20025634765625
v 644.1004028320312 -335.0338439941406 227.9230194091797
v 643.6432495117188 -327.4818115234375 220.48480224609375
v 429.00714111328125 -322.41046142578125 248.80325317382812
v 428.5251159667969 -314.8774108886719 241.34768676757812
v 214.23377990722656 -314.8603210449219 264.257080078125
v 213.91368103027344 -307.3476257324219 256.772705078125
v -214.6088104248047 -314.8603515625 264.257080078125
v -214.28868103027344 -307.3476867675781 256.772705078125
v -0.18750768899917603 -304.8456115722656 262.7901611328125
v -0.1875080168247223 -312.34942626953125 270.2906494140625
v -430.2035827636719 -322.410888671875 248.87808227539062
v -430.18914794921875 -314.861083984375 241.35244750976562
v -645.2989501953125 -335.0346984863281 228.01031494140625
v -645.6588134765625 -327.48187255859375 220.49078369140625
v -860.5853881835938 -352.7635192871094 205.72764587402344
v -861.154052734375 -345.2057800292969 198.20623779296875
v -1075.94140625 -375.6263122558594 186.08474731445312
v -1076.9041748046875 -368.09136962890625 178.55673217773438
v -1291.20068359375 -403.6422424316406 173.1680908203125
v -1292.722900390625 -396.16839599609375 165.64349365234375
v -1505.4744873046875 -436.696533203125 170.32752990722656
v -1507.4632568359375 -429.2879638671875 162.822998046875
v -1625.5216064453125 299.67474365234375 162.82090759277344
v -1395.16748046875 335.3460998535156 165.62750244140625
v -1395.0106201171875 335.2568054199219 195.61474609375
v -1625.5216064453125 299.67474365234375 192.81472778320312
v -1163.72509765625 365.398193359375 178.44593811035156
v -1163.72509765625 365.398193359375 208.4397735595703
v -931.7935791015625 390.0821533203125 198.02096557617188
v -931.7935791015625 390.0821533203125 228.01480102539062
v -699.344970703125 409.2950744628906 220.29600524902344
v -699.344970703125 409.2950744628906 250.28985595703125
v -466.5082702636719 423.026123046875 241.2210235595703
v -466.5082702636719 423.026123046875 271.21484375
v -233.41262817382812 431.26788330078125 256.74603271484375
v -233.41262817382812 431.26788330078125 286.7398681640625
v -0.18754194676876068 434.02178955078125 262.81121826171875
v -0.1875445693731308 434.015625 292.81488037109375
v 233.03756713867188 431.2679138183594 256.74603271484375
v 233.03756713867188 431.2679138183594 286.7398681640625
v 466.1331787109375 423.0262145996094 241.22109985351562
v 466.1331787109375 423.0262145996094 271.2149658203125
v 698.9699096679688 409.2951354980469 220.2960205078125
v 698.9699096679688 409.2951354980469 250.2898406982422
v 931.4185791015625 390.0822448730469 198.02113342285156
v 931.4185791015625 390.0822448730469 228.01498413085938
v 1163.35009765625 365.3982849121094 178.44613647460938
v 1163.35009765625 365.3982849121094 208.4399871826172
v 1394.6356201171875 335.25689697265625 165.62115478515625
v 1394.6356201171875 335.2569274902344 195.614990234375
v 1625.0281982421875 299.6932067871094 162.81808471679688
v 1625.1468505859375 299.6748962402344 192.81503295898438
v 1510.0882568359375 -402.1808776855469 162.818115234375
v 1296.0047607421875 -369.1346435546875 165.62120056152344
v 1296.0047607421875 -369.1346435546875 195.61505126953125
v 1510.2159423828125 -402.2005615234375 192.8150634765625
v 1081.0738525390625 -341.1246337890625 178.44619750976562
v 1081.0738525390625 -341.1246337890625 208.4400177001953
v 865.5427856445312 -318.1861267089844 198.02117919921875
v 865.5427856445312 -318.1861267089844 228.01502990722656
v 649.531005859375 -300.3318176269531 220.29612731933594
v 649.531005859375 -300.3318176269531 250.28997802734375
v 433.1587219238281 -287.57171630859375 241.22116088867188
v 433.15869140625 -287.57171630859375 271.21502685546875
v 216.54574584960938 -279.91278076171875 256.74609375
v 216.54574584960938 -279.91278076171875 286.73992919921875
v -0.18750889599323273 -277.3527526855469 262.8101806640625
v -0.18751151859760284 -277.3593444824219 292.81494140625
v -216.9207763671875 -279.9128112792969 256.74609375
v -216.9207763671875 -279.91278076171875 286.73992919921875
v -433.5337219238281 -287.5717468261719 241.22108459472656
v -433.5337219238281 -287.5717468261719 271.21490478515625
v -649.9060668945312 -300.3318786621094 220.2960205078125
v -649.9060668945312 -300.3318786621094 250.2898406982422
v -865.9177856445312 -318.18621826171875 198.02105712890625
v -865.9177856445312 -318.18621826171875 228.01487731933594
v -1081.4488525390625 -341.1247253417969 178.44601440429688
v -1081.4488525390625 -341.1247253417969 208.43983459472656
v -1296.486328125 -369.0386657714844 165.6285400390625
v -1296.3797607421875 -369.1347351074219 195.61480712890625
v -1510.5909423828125 -402.2007141113281 162.82098388671875
v -1510.5909423828125 -402.2007141113281 192.81480407714844
v 727.6309204101562 431.4559326171875 -350.04156494140625
v 731.9461669921875 486.28643798828125 -350.04156494140625
v 731.9461669921875 486.28643798828125 -390.04156494140625
v 727.6309204101562 431.4559326171875 -390.04156494140625
v 831.6378784179688 478.4405212402344 -350.04156494140625
v 827.3226928710938 423.6100769042969 -350.04156494140625
v 827.3226928710938 423.6100769042969 -390.04156494140625
v 831.6378784179688 478.4405212402344 -390.04156494140625
v 731.9461669921875 486.28643798828125 -350.04156494140625
v 831.6378784179688 478.4405212402344 -350.04156494140625
v 831.6378784179688 478.4405212402344 -390.04156494140625
v 731.9461669921875 486.28643798828125 -390.04156494140625
v 732.6155395507812 431.0636901855469 -345.04156494140625
v 736.5384521484375 480.9095458984375 -345.04156494140625
v 731.9461669921875 486.28643798828125 -350.04156494140625
v 727.6309204101562 431.4559326171875 -350.04156494140625
v 826.2610473632812 473.8482360839844 -345.04156494140625
v 822.338134765625 424.0023498535156 -345.04156494140625
v 827.3226928710938 423.6100769042969 -350.04156494140625
v 831.6378784179688 478.4405212402344 -350.04156494140625
v 736.5384521484375 480.9095458984375 -345.04156494140625
v 826.2610473632812 473.8482360839844 -345.04156494140625
v 831.6378784179688 478.4405212402344 -350.04156494140625
v 731.9461669921875 486.28643798828125 -350.04156494140625
v 736.5384521484375 480.9095764160156 -10.755653381347656
v 826.2610473632812 473.8482666015625 -10.755644798278809
v 826.2610473632812 473.8482360839844 -345.04156494140625
v 736.5384521484375 480.9095458984375 -345.04156494140625
v 732.6155395507812 431.0637512207031 238.01495361328125
v 734.5769653320312 455.9866638183594 238.0149383544922
v 734.5769653320312 455.98663330078125 21.598413467407227
v 736.5384521484375 480.9095458984375 -345.04156494140625
v 732.6155395507812 431.0636901855469 -345.04156494140625
v 732.6155395507812 431.063720703125 10.803279876708984
v 736.5384521484375 480.9095764160156 -10.755653381347656
v 734.5769653320312 455.98663330078125 13.303277969360352
v 822.338134765625 424.0023498535156 -345.04156494140625
v 826.2610473632812 473.8482360839844 -345.04156494140625
v 826.2610473632812 473.8482666015625 -10.755644798278809
v 824.2994995117188 448.92535400390625 238.0149383544922
v 822.338134765625 424.0024108886719 238.01495361328125
v 822.338134765625 424.00238037109375 10.803288459777832
v 824.2994995117188 448.9253234863281 21.598421096801758
v 824.2994995117188 448.9253234863281 13.303285598754883
v 732.0342407226562 487.3605041503906 -11.505196571350098
v 831.7189331054688 479.5151672363281 -11.50518798828125
v 831.373291015625 475.1236877441406 -13.87054443359375
v 731.6886596679688 482.9690246582031 -13.870553016662598
v 729.5924072265625 456.37890625 21.598413467407227
v 732.0342407226562 487.3605041503906 -11.505196571350098
v 731.6886596679688 482.9690246582031 -13.870553016662598
v 729.5924072265625 456.37890625 13.303276062011719
v 831.7189331054688 479.5151672363281 -11.50518798828125
v 829.2841186523438 448.5329895019531 21.598421096801758
v 829.2841186523438 448.5329895019531 13.303285598754883
v 831.373291015625 475.1236877441406 -13.87054443359375
v 731.6886596679688 482.9690246582031 -13.870553016662598
v 831.373291015625 475.1236877441406 -13.87054443359375
v 826.2610473632812 473.8482666015625 -10.755644798278809
v 736.5384521484375 480.9095764160156 -10.755653381347656
v 729.5924072265625 456.37890625 13.303276062011719
v 734.5769653320312 455.98663330078125 13.303277969360352
v 729.5924072265625 456.37890625 21.598413467407227
v 734.5769653320312 455.98663330078125 21.598413467407227
v 732.0342407226562 487.3605041503906 -11.505196571350098
v 729.5924072265625 456.37890625 21.598413467407227
v 734.5769653320312 455.98663330078125 21.598413467407227
v 824.2994995117188 448.9253234863281 21.598421096801758
v 829.2841186523438 448.5329895019531 21.598421096801758
v 831.7189331054688 479.5151672363281 -11.50518798828125
v 829.2841186523438 448.5329895019531 13.303285598754883
v 829.2841186523438 448.5329895019531 21.598421096801758
v 824.2994995117188 448.9253234863281 21.598421096801758
v 824.2994995117188 448.9253234863281 13.303285598754883
v 734.5769653320312 455.98663330078125 21.598413467407227
v 734.5769653320312 455.9866638183594 238.0149383544922
v 824.2994995117188 448.92535400390625 238.0149383544922
v 824.2994995117188 448.9253234863281 21.598421096801758
v -826.8743286132812 423.5438232421875 -350.04168701171875
v -831.1896362304688 478.3741760253906 -350.04168701171875
v -831.1896362304688 478.3741760253906 -390.04168701171875
v -826.8743286132812 423.5438232421875 -390.04168701171875
v -731.4979248046875 486.22021484375 -350.04168701171875
v -727.1826782226562 431.3896179199219 -350.04168701171875
v -727.1826782226562 431.3896179199219 -390.04168701171875
v -731.4979248046875 486.22021484375 -390.04168701171875
v -831.1896362304688 478.3741760253906 -350.04168701171875
v -731.4979248046875 486.22021484375 -350.04168701171875
v -731.4979248046875 486.22021484375 -390.04168701171875
v -831.1896362304688 478.3741760253906 -390.04168701171875
v -821.8897705078125 423.9361572265625 -345.04168701171875
v -825.8128051757812 473.78192138671875 -345.04168701171875
v -831.1896362304688 478.3741760253906 -350.04168701171875
v -826.8743286132812 423.5438232421875 -350.04168701171875
v -736.0902099609375 480.8432312011719 -345.04168701171875
v -732.1672973632812 430.99749755859375 -345.04168701171875
v -727.1826782226562 431.3896179199219 -350.04168701171875
v -731.4979248046875 486.22021484375 -350.04168701171875
v -825.8128051757812 473.78192138671875 -345.04168701171875
v -736.0902099609375 480.8432312011719 -345.04168701171875
v -731.4979248046875 486.22021484375 -350.04168701171875
v -831.1896362304688 478.3741760253906 -350.04168701171875
v -825.8128051757812 473.7819519042969 -10.755789756774902
v -736.0902099609375 480.84326171875 -10.755782127380371
v -736.0902099609375 480.8432312011719 -345.04168701171875
v -825.8128051757812 473.78192138671875 -345.04168701171875
v -821.889892578125 423.93621826171875 238.01483154296875
v -823.851318359375 448.859130859375 238.0148162841797
v -823.851318359375 448.8591003417969 21.598276138305664
v -825.8128051757812 473.78192138671875 -345.04168701171875
v -821.8897705078125 423.9361572265625 -345.04168701171875
v -821.8897705078125 423.9361877441406 10.803144454956055
v -825.8128051757812 473.7819519042969 -10.755789756774902
v -823.851318359375 448.8591003417969 13.303141593933105
v -732.1672973632812 430.99749755859375 -345.04168701171875
v -736.0902099609375 480.8432312011719 -345.04168701171875
v -736.0902099609375 480.84326171875 -10.755782127380371
v -734.1287231445312 455.92041015625 238.0148162841797
v -732.1672973632812 430.99755859375 238.01483154296875
v -732.1672973632812 430.9975280761719 10.803150177001953
v -734.1287231445312 455.9203796386719 21.598283767700195
v -734.1287231445312 455.9203796386719 13.30314826965332
v -831.2706909179688 479.4488220214844 -11.505332946777344
v -731.5859985351562 487.2941589355469 -11.505326271057129
v -731.2404174804688 482.9026794433594 -13.870681762695312
v -830.9251098632812 475.0573425292969 -13.87069034576416
v -828.8359375 448.46673583984375 21.598276138305664
v -831.2706909179688 479.4488220214844 -11.505332946777344
v -830.9251098632812 475.0573425292969 -13.87069034576416
v -828.8359375 448.46673583984375 13.303141593933105
v -731.5859985351562 487.2941589355469 -11.505326271057129
v -729.1441650390625 456.3127136230469 21.598283767700195
v -729.1441650390625 456.3127136230469 13.303150177001953
v -731.2404174804688 482.9026794433594 -13.870681762695312
v -830.9251098632812 475.0573425292969 -13.87069034576416
v -731.2404174804688 482.9026794433594 -13.870681762695312
v -736.0902099609375 480.84326171875 -10.755782127380371
v -825.8128051757812 473.7819519042969 -10.755789756774902
v -828.8359375 448.46673583984375 13.303141593933105
v -823.851318359375 448.8591003417969 13.303141593933105
v -828.8359375 448.46673583984375 21.598276138305664
v -823.851318359375 448.8591003417969 21.598276138305664
v -831.2706909179688 479.4488220214844 -11.505332946777344
v -828.8359375 448.46673583984375 21.598276138305664
v -823.851318359375 448.8591003417969 21.598276138305664
v -734.1287231445312 455.9203796386719 21.598283767700195
v -729.1441650390625 456.3127136230469 21.598283767700195
v -731.5859985351562 487.2941589355469 -11.505326271057129
v -729.1441650390625 456.3127136230469 13.303150177001953
v -729.1441650390625 456.3127136230469 21.598283767700195
v -734.1287231445312 455.9203796386719 21.598283767700195
v -734.1287231445312 455.9203796386719 13.30314826965332
v -823.851318359375 448.8591003417969 21.598276138305664
v -823.851318359375 448.859130859375 238.0148162841797
v -734.1287231445312 455.92041015625 238.0148162841797
v -734.1287231445312 455.9203796386719 21.598283767700195
v -670.8108520507812 -322.6614685058594 -350.0416259765625
v -666.4954833984375 -377.4918212890625 -350.0416259765625
v -666.4954833984375 -377.4918212890625 -390.0416259765625
v -670.8108520507812 -322.6614685058594 -390.0416259765625
v -766.187255859375 -385.33782958984375 -350.0416259765625
v -770.5025024414062 -330.5074768066406 -350.0416259765625
v -770.5025024414062 -330.5074768066406 -390.0416259765625
v -766.187255859375 -385.33782958984375 -390.0416259765625
v -666.4954833984375 -377.4918212890625 -350.0416259765625
v -766.187255859375 -385.33782958984375 -350.0416259765625
v -766.187255859375 -385.33782958984375 -390.0416259765625
v -666.4954833984375 -377.4918212890625 -390.0416259765625
v -675.79541015625 -323.0538024902344 -345.0416259765625
v -671.8724365234375 -372.8995361328125 -345.0416259765625
v -666.4954833984375 -377.4918212890625 -350.0416259765625
v -670.8108520507812 -322.6614685058594 -350.0416259765625
v -761.594970703125 -379.9608459472656 -345.0416259765625
v -765.5180053710938 -330.1151123046875 -345.0416259765625
v -770.5025024414062 -330.5074768066406 -350.0416259765625
v -766.187255859375 -385.33782958984375 -350.0416259765625
v -671.8724365234375 -372.8995361328125 -345.0416259765625
v -761.594970703125 -379.9608459472656 -345.0416259765625
v -766.187255859375 -385.33782958984375 -350.0416259765625
v -666.4954833984375 -377.4918212890625 -350.0416259765625
v -671.8724365234375 -372.8995056152344 -10.75570297241211
v -761.594970703125 -379.9608154296875 -10.755709648132324
v -761.594970703125 -379.9608459472656 -345.0416259765625
v -671.8724365234375 -372.8995361328125 -345.0416259765625
v -675.7953491210938 -323.0532531738281 238.014892578125
v -673.833984375 -347.9763488769531 238.014892578125
v -673.8339233398438 -347.9768981933594 21.598360061645508
v -671.8724365234375 -372.8995361328125 -345.0416259765625
v -675.79541015625 -323.0538024902344 -345.0416259765625
v -675.79541015625 -323.05377197265625 10.80322265625
v -671.8724365234375 -372.8995056152344 -10.75570297241211
v -673.8339233398438 -347.9768981933594 13.303224563598633
v -765.5180053710938 -330.1151123046875 -345.0416259765625
v -761.594970703125 -379.9608459472656 -345.0416259765625
v -761.594970703125 -379.9608154296875 -10.755709648132324
v -763.5564575195312 -355.0376892089844 238.014892578125
v -765.5180053710938 -330.11456298828125 238.014892578125
v -765.5180053710938 -330.1150817871094 10.803215026855469
v -763.5565185546875 -355.0382080078125 21.59835433959961
v -763.5565185546875 -355.0382080078125 13.303218841552734
v -666.41455078125 -378.5663757324219 -11.505244255065918
v -766.0992431640625 -386.4119873046875 -11.50525188446045
v -766.44482421875 -382.020263671875 -13.870609283447266
v -666.7601318359375 -374.1746520996094 -13.870601654052734
v -668.849365234375 -347.58453369140625 21.59836196899414
v -666.41455078125 -378.5663757324219 -11.505244255065918
v -666.7601318359375 -374.1746520996094 -13.870601654052734
v -668.849365234375 -347.58453369140625 13.303224563598633
v -766.0992431640625 -386.4119873046875 -11.50525188446045
v -768.5410766601562 -355.4305419921875 21.598352432250977
v -768.5410766601562 -355.4305419921875 13.303216934204102
v -766.44482421875 -382.020263671875 -13.870609283447266
v -666.7601318359375 -374.1746520996094 -13.870601654052734
v -766.44482421875 -382.020263671875 -13.870609283447266
v -761.594970703125 -379.9608154296875 -10.755709648132324
v -671.8724365234375 -372.8995056152344 -10.75570297241211
v -668.849365234375 -347.58453369140625 13.303224563598633
v -673.8339233398438 -347.9768981933594 13.303224563598633
v -668.849365234375 -347.58453369140625 21.59836196899414
v -673.8339233398438 -347.9768981933594 21.598360061645508
v -666.41455078125 -378.5663757324219 -11.505244255065918
v -668.849365234375 -347.58453369140625 21.59836196899414
v -673.8339233398438 -347.9768981933594 21.598360061645508
v -763.5565185546875 -355.0382080078125 21.59835433959961
v -768.5410766601562 -355.4305419921875 21.598352432250977
v -766.0992431640625 -386.4119873046875 -11.50525188446045
v -768.5410766601562 -355.4305419921875 13.303216934204102
v -768.5410766601562 -355.4305419921875 21.598352432250977
v -763.5565185546875 -355.0382080078125 21.59835433959961
v -763.5565185546875 -355.0382080078125 13.303218841552734
v -673.8339233398438 -347.9768981933594 21.598360061645508
v -673.833984375 -347.9763488769531 238.014892578125
v -763.5564575195312 -355.0376892089844 238.014892578125
v -763.5565185546875 -355.0382080078125 21.59835433959961
v 770.8343505859375 -330.5135498046875 -350.04150390625
v 766.5191040039062 -385.3445129394531 -350.04150390625
v 766.5191040039062 -385.3445129394531 -390.04150390625
v 770.8343505859375 -330.5135498046875 -390.04150390625
v 666.827392578125 -377.49810791015625 -350.04150390625
v 671.1427001953125 -322.66815185546875 -350.04150390625
v 671.1427001953125 -322.66815185546875 -390.04150390625
v 666.827392578125 -377.49810791015625 -390.04150390625
v 766.5191040039062 -385.3445129394531 -350.04150390625
v 666.827392578125 -377.49810791015625 -350.04150390625
v 666.827392578125 -377.49810791015625 -390.04150390625
v 766.5191040039062 -385.3445129394531 -390.04150390625
v 765.8497924804688 -330.12127685546875 -345.04150390625
v 761.9268188476562 -379.9671325683594 -345.04150390625
v 766.5191040039062 -385.3445129394531 -350.04150390625
v 770.8343505859375 -330.5135498046875 -350.04150390625
v 672.204345703125 -372.90582275390625 -345.04150390625
v 676.127197265625 -323.0599365234375 -345.04150390625
v 671.1427001953125 -322.66815185546875 -350.04150390625
v 666.827392578125 -377.49810791015625 -350.04150390625
v 761.9268188476562 -379.9671325683594 -345.04150390625
v 672.204345703125 -372.90582275390625 -345.04150390625
v 666.827392578125 -377.49810791015625 -350.04150390625
v 766.5191040039062 -385.3445129394531 -350.04150390625
v 761.9268188476562 -379.96710205078125 -10.755576133728027
v 672.204345703125 -372.9057922363281 -10.755584716796875
v 672.204345703125 -372.90582275390625 -345.04150390625
v 761.9268188476562 -379.9671325683594 -345.04150390625
v 765.849609375 -330.1206970214844 238.0150146484375
v 763.88818359375 -355.04364013671875 238.0150146484375
v 763.8883056640625 -355.0441589355469 21.598487854003906
v 761.9268188476562 -379.9671325683594 -345.04150390625
v 765.8497924804688 -330.12127685546875 -345.04150390625
v 765.8497924804688 -330.1212463378906 10.803348541259766
v 761.9268188476562 -379.96710205078125 -10.755576133728027
v 763.8883056640625 -355.0441589355469 13.303350448608398
v 676.127197265625 -323.0599365234375 -345.04150390625
v 672.204345703125 -372.90582275390625 -345.04150390625
v 672.204345703125 -372.9057922363281 -10.755584716796875
v 674.1656494140625 -347.9823303222656 238.0150146484375
v 676.127197265625 -323.05938720703125 238.0150146484375
v 676.127197265625 -323.0599060058594 10.803340911865234
v 674.1657104492188 -347.98284912109375 21.59847640991211
v 674.1657104492188 -347.98284912109375 13.303342819213867
v 766.4310302734375 -386.41802978515625 -11.505118370056152
v 666.7463989257812 -378.5726623535156 -11.505126953125
v 667.0919799804688 -374.18096923828125 -13.870484352111816
v 766.776611328125 -382.0263366699219 -13.870474815368652
v 768.8728637695312 -355.43646240234375 21.598487854003906
v 766.4310302734375 -386.41802978515625 -11.505118370056152
v 766.776611328125 -382.0263366699219 -13.870474815368652
v 768.8728637695312 -355.43646240234375 13.303352355957031
v 666.7463989257812 -378.5726623535156 -11.505126953125
v 669.18115234375 -347.5905456542969 21.59847640991211
v 669.18115234375 -347.5905456542969 13.303342819213867
v 667.0919799804688 -374.18096923828125 -13.870484352111816
v 766.776611328125 -382.0263366699219 -13.870474815368652
v 667.0919799804688 -374.18096923828125 -13.870484352111816
v 672.204345703125 -372.9057922363281 -10.755584716796875
v 761.9268188476562 -379.96710205078125 -10.755576133728027
v 768.8728637695312 -355.43646240234375 13.303352355957031
v 763.8883056640625 -355.0441589355469 13.303350448608398
v 768.8728637695312 -355.43646240234375 21.598487854003906
v 763.8883056640625 -355.0441589355469 21.598487854003906
v 766.4310302734375 -386.41802978515625 -11.505118370056152
v 768.8728637695312 -355.43646240234375 21.598487854003906
v 763.8883056640625 -355.0441589355469 21.598487854003906
v 674.1657104492188 -347.98284912109375 21.59847640991211
v 669.18115234375 -347.5905456542969 21.59847640991211
v 666.7463989257812 -378.5726623535156 -11.505126953125
v 669.18115234375 -347.5905456542969 13.303342819213867
v 669.18115234375 -347.5905456542969 21.59847640991211
v 674.1657104492188 -347.98284912109375 21.59847640991211
v 674.1657104492188 -347.98284912109375 13.303342819213867
v 763.8883056640625 -355.0441589355469 21.598487854003906
v 763.88818359375 -355.04364013671875 238.0150146484375
v 674.1656494140625 -347.9823303222656 238.0150146484375
v 674.1657104492188 -347.98284912109375 21.59847640991211
v 768.207275390625 -300.2110900878906 283.0150146484375
v 768.2070922851562 -300.2174377441406 353.0150146484375
v 763.8923950195312 -355.0411071777344 353.0150146484375
v 763.891845703125 -355.0444641113281 283.0150146484375
v 763.891845703125 -355.0444641113281 283.0150146484375
v 763.8923950195312 -355.0411071777344 353.0150146484375
v 674.169189453125 -347.9797668457031 353.0150146484375
v 674.1692504882812 -347.98321533203125 283.0150146484375
v 674.1692504882812 -347.98321533203125 283.0150146484375
v 674.169189453125 -347.9797668457031 353.0150146484375
v 678.48388671875 -293.1561279296875 353.0150146484375
v 678.4847412109375 -293.14984130859375 283.0150146484375
v 678.4847412109375 -293.14984130859375 283.0150146484375
v 678.48388671875 -293.1561279296875 353.0150146484375
v 768.2070922851562 -300.2174377441406 353.0150146484375
v 768.207275390625 -300.2110900878906 283.0150146484375
v 778.82373046875 -292.7818908691406 357.71502685546875
v 778.82373046875 -292.7818908691406 363.21502685546875
v 773.2152099609375 -364.0458984375 363.21502685546875
v 773.2152099609375 -364.0458984375 357.71502685546875
v 663.5526733398438 -355.41534423828125 363.21502685546875
v 663.5526733398438 -355.41534423828125 357.71502685546875
v 773.2152099609375 -364.0458984375 357.71502685546875
v 773.2152099609375 -364.0458984375 363.21502685546875
v 773.2025146484375 -364.044921875 363.21502685546875
v 663.5653076171875 -355.4163513183594 363.21502685546875
v 663.5526733398438 -355.41534423828125 357.71502685546875
v 663.5526733398438 -355.41534423828125 363.21502685546875
v 669.1611938476562 -284.1513366699219 363.21502685546875
v 669.1611938476562 -284.1513366699219 357.71502685546875
v 778.82373046875 -292.7818908691406 363.21502685546875
v 778.82373046875 -292.7818908691406 357.71502685546875
v 669.1611938476562 -284.1513366699219 357.71502685546875
v 669.1611938476562 -284.1513366699219 363.21502685546875
v 669.1738891601562 -284.1523132324219 363.21502685546875
v 778.8109130859375 -292.7808837890625 363.215087890625
v 778.82373046875 -292.7818908691406 357.71502685546875
v 773.2152099609375 -364.0458984375 357.71502685546875
v 763.8923950195312 -355.0411071777344 353.0150146484375
v 768.2070922851562 -300.2174377441406 353.0150146484375
v 773.2152099609375 -364.0458984375 357.71502685546875
v 663.5526733398438 -355.41534423828125 357.71502685546875
v 674.169189453125 -347.9797668457031 353.0150146484375
v 763.8923950195312 -355.0411071777344 353.0150146484375
v 663.5526733398438 -355.41534423828125 357.71502685546875
v 669.1611938476562 -284.1513366699219 357.71502685546875
v 678.48388671875 -293.1561279296875 353.0150146484375
v 674.169189453125 -347.9797668457031 353.0150146484375
v 669.1611938476562 -284.1513366699219 357.71502685546875
v 778.82373046875 -292.7818908691406 357.71502685546875
v 768.2070922851562 -300.2174377441406 353.0150146484375
v 678.48388671875 -293.1561279296875 353.0150146484375
v 768.484130859375 -360.4213562011719 233.01502990722656
v 768.484130859375 -360.4213562011719 278.0150146484375
v 668.7924194335938 -352.57550048828125 278.0150146484375
v 668.7924194335938 -352.57550048828125 238.0150146484375
v 768.484130859375 -360.4213562011719 278.0150146484375
v 763.891845703125 -355.0444641113281 283.0150146484375
v 674.1692504882812 -347.98321533203125 283.0150146484375
v 668.7924194335938 -352.57550048828125 278.0150146484375
v 773.5844116210938 -295.6158752441406 233.01502990722656
v 773.5844116210938 -295.6158752441406 278.0150146484375
v 768.484130859375 -360.4213562011719 278.0150146484375
v 768.484130859375 -360.4213562011719 233.01502990722656
v 673.8926391601562 -287.77001953125 238.0150146484375
v 668.7924194335938 -352.57550048828125 238.0150146484375
v 668.7924194335938 -352.57550048828125 278.0150146484375
v 673.8926391601562 -287.77001953125 278.0150146484375
v 673.8926391601562 -287.77001953125 238.0150146484375
v 673.8926391601562 -287.77001953125 278.0150146484375
v 773.5844116210938 -295.6158752441406 278.0150146484375
v 773.5844116210938 -295.6158752441406 233.01502990722656
v 768.484130859375 -360.4213562011719 278.0150146484375
v 773.5844116210938 -295.6158752441406 278.0150146484375
v 768.207275390625 -300.2110900878906 283.0150146484375
v 763.891845703125 -355.0444641113281 283.0150146484375
v 678.4847412109375 -293.14984130859375 283.0150146484375
v 673.8926391601562 -287.77001953125 278.0150146484375
v 668.7924194335938 -352.57550048828125 278.0150146484375
v 674.1692504882812 -347.98321533203125 283.0150146484375
v 673.8926391601562 -287.77001953125 278.0150146484375
v 678.4847412109375 -293.14984130859375 283.0150146484375
v 768.207275390625 -300.2110900878906 283.0150146484375
v 773.5844116210938 -295.6158752441406 278.0150146484375
v 778.8109130859375 -292.7808837890625 363.215087890625
v 721.1881713867188 -324.0986022949219 388.0150146484375
v 773.2025146484375 -364.044921875 363.21502685546875
v 778.82373046875 -292.7818908691406 363.21502685546875
v 778.8109130859375 -292.7808837890625 363.215087890625
v 773.2025146484375 -364.044921875 363.21502685546875
v 773.2152099609375 -364.0458984375 363.21502685546875
v 778.82373046875 -292.7818908691406 363.21502685546875
v 773.2025146484375 -364.044921875 363.21502685546875
v 773.2025146484375 -364.044921875 363.21502685546875
v 721.1881713867188 -324.0986022949219 388.0150146484375
v 663.5653076171875 -355.4163513183594 363.21502685546875
v 721.1881713867188 -324.0986022949219 388.0150146484375
v 778.8109130859375 -292.7808837890625 363.215087890625
v 669.1738891601562 -284.1523132324219 363.21502685546875
v 663.5653076171875 -355.4163513183594 363.21502685546875
v 721.1881713867188 -324.0986022949219 388.0150146484375
v 669.1738891601562 -284.1523132324219 363.21502685546875
v 669.1738891601562 -284.1523132324219 363.21502685546875
v 669.1611938476562 -284.1513366699219 363.21502685546875
v 663.5526733398438 -355.41534423828125 363.21502685546875
v 663.5653076171875 -355.4163513183594 363.21502685546875
v -823.8558959960938 448.8614501953125 283.01483154296875
v -819.5404052734375 394.0281066894531 283.01483154296875
v -819.5410766601562 394.031494140625 353.0148010253906
v -823.855712890625 448.8551025390625 353.0148010253906
v -819.5404052734375 394.0281066894531 283.01483154296875
v -729.8178100585938 401.08929443359375 283.01483154296875
v -729.8177490234375 401.09271240234375 353.01483154296875
v -819.5410766601562 394.031494140625 353.0148010253906
v -729.8178100585938 401.08929443359375 283.01483154296875
v -734.1332397460938 455.9226379394531 283.01483154296875
v -734.1323852539062 455.9163513183594 353.01483154296875
v -729.8177490234375 401.09271240234375 353.01483154296875
v -734.1332397460938 455.9226379394531 283.01483154296875
v -823.8558959960938 448.8614501953125 283.01483154296875
v -823.855712890625 448.8551025390625 353.0148010253906
v -734.1323852539062 455.9163513183594 353.01483154296875
v -834.4722900390625 456.29071044921875 357.71484375
v -828.8638305664062 385.02667236328125 357.71484375
v -828.8638305664062 385.02667236328125 363.21484375
v -834.4722900390625 456.29071044921875 363.21484375
v -828.8511352539062 385.0276794433594 363.21484375
v -828.8638305664062 385.02667236328125 363.21484375
v -828.8638305664062 385.02667236328125 357.71484375
v -719.2138671875 393.6561584472656 363.21484375
v -719.2012329101562 393.65716552734375 363.21484375
v -719.2012329101562 393.65716552734375 357.71484375
v -719.2012329101562 393.65716552734375 357.71484375
v -724.8096923828125 464.92120361328125 357.71484375
v -724.8096923828125 464.92120361328125 363.21484375
v -719.2012329101562 393.65716552734375 363.21484375
v -724.8224487304688 464.9201354980469 363.21484375
v -724.8096923828125 464.92120361328125 363.21484375
v -724.8096923828125 464.92120361328125 357.71484375
v -834.4594116210938 456.2917175292969 363.2148742675781
v -834.4722900390625 456.29071044921875 363.21484375
v -834.4722900390625 456.29071044921875 357.71484375
v -834.4722900390625 456.29071044921875 357.71484375
v -823.855712890625 448.8551025390625 353.0148010253906
v -819.5410766601562 394.031494140625 353.0148010253906
v -828.8638305664062 385.02667236328125 357.71484375
v -828.8638305664062 385.02667236328125 357.71484375
v -819.5410766601562 394.031494140625 353.0148010253906
v -729.8177490234375 401.09271240234375 353.01483154296875
v -719.2012329101562 393.65716552734375 357.71484375
v -719.2012329101562 393.65716552734375 357.71484375
v -729.8177490234375 401.09271240234375 353.01483154296875
v -734.1323852539062 455.9163513183594 353.01483154296875
v -724.8096923828125 464.92120361328125 357.71484375
v -724.8096923828125 464.92120361328125 357.71484375
v -734.1323852539062 455.9163513183594 353.01483154296875
v -823.855712890625 448.8551025390625 353.0148010253906
v -834.4722900390625 456.29071044921875 357.71484375
v -824.1327514648438 388.6512145996094 233.01483154296875
v -724.4409790039062 396.49700927734375 238.01483154296875
v -724.4409790039062 396.49700927734375 278.01483154296875
v -824.1327514648438 388.6512451171875 278.0148010253906
v -824.1327514648438 388.6512451171875 278.0148010253906
v -724.4409790039062 396.49700927734375 278.01483154296875
v -729.8178100585938 401.08929443359375 283.01483154296875
v -819.5404052734375 394.0281066894531 283.01483154296875
v -829.23291015625 453.4566650390625 233.0148162841797
v -824.1327514648438 388.6512145996094 233.01483154296875
v -824.1327514648438 388.6512451171875 278.0148010253906
v -829.23291015625 453.4566955566406 278.0148010253906
v -729.5411376953125 461.3024597167969 238.0148162841797
v -729.5411376953125 461.3024597167969 278.01483154296875
v -724.4409790039062 396.49700927734375 278.01483154296875
v -724.4409790039062 396.49700927734375 238.01483154296875
v -729.5411376953125 461.3024597167969 238.0148162841797
v -829.23291015625 453.4566650390625 233.0148162841797
v -829.23291015625 453.4566955566406 278.0148010253906
v -729.5411376953125 461.3024597167969 278.01483154296875
v -824.1327514648438 388.6512451171875 278.0148010253906
v -819.5404052734375 394.0281066894531 283.01483154296875
v -823.8558959960938 448.8614501953125 283.01483154296875
v -829.23291015625 453.4566955566406 278.0148010253906
v -734.1332397460938 455.9226379394531 283.01483154296875
v -729.8178100585938 401.08929443359375 283.01483154296875
v -724.4409790039062 396.49700927734375 278.01483154296875
v -729.5411376953125 461.3024597167969 278.01483154296875
v -729.5411376953125 461.3024597167969 278.01483154296875
v -829.23291015625 453.4566955566406 278.0148010253906
v -823.8558959960938 448.8614501953125 283.01483154296875
v -734.1332397460938 455.9226379394531 283.01483154296875
v -828.8511352539062 385.0276794433594 363.21484375
v -776.8367309570312 424.9739074707031 388.01483154296875
v -834.4594116210938 456.2917175292969 363.2148742675781
v -828.8511352539062 385.0276794433594 363.21484375
v -834.4594116210938 456.2917175292969 363.2148742675781
v -834.4722900390625 456.29071044921875 363.21484375
v -828.8638305664062 385.02667236328125 363.21484375
v -828.8511352539062 385.0276794433594 363.21484375
v -834.4722900390625 456.29071044921875 363.21484375
v -828.8511352539062 385.0276794433594 363.21484375
v -719.2138671875 393.6561584472656 363.21484375
v -776.8367309570312 424.9739074707031 388.01483154296875
v -776.8367309570312 424.9739074707031 388.01483154296875
v -724.8224487304688 464.9201354980469 363.21484375
v -834.4594116210938 456.2917175292969 363.2148742675781
v -719.2012329101562 393.65716552734375 363.21484375
v -724.8096923828125 464.92120361328125 363.21484375
v -724.8224487304688 464.9201354980469 363.21484375
v -719.2138671875 393.6561584472656 363.21484375
v -719.2138671875 393.6561584472656 363.21484375
v -724.8224487304688 464.9201354980469 363.21484375
v -776.8367309570312 424.9739074707031 388.01483154296875
v 824.299072265625 448.92413330078125 283.01495361328125
v 824.2989501953125 448.917724609375 353.01495361328125
v 819.9842529296875 394.0943298339844 353.01495361328125
v 819.9835815429688 394.0908508300781 283.01495361328125
v 819.9835815429688 394.0908508300781 283.01495361328125
v 819.9842529296875 394.0943298339844 353.01495361328125
v 730.2609252929688 401.1556701660156 353.01495361328125
v 730.2610473632812 401.15228271484375 283.01495361328125
v 730.2610473632812 401.15228271484375 283.01495361328125
v 730.2609252929688 401.1556701660156 353.01495361328125
v 734.57568359375 455.9791564941406 353.01495361328125
v 734.5764770507812 455.985595703125 283.01495361328125
v 734.5764770507812 455.985595703125 283.01495361328125
v 734.57568359375 455.9791564941406 353.01495361328125
v 824.2989501953125 448.917724609375 353.01495361328125
v 824.299072265625 448.92413330078125 283.01495361328125
v 834.91552734375 456.3532409667969 357.7149658203125
v 834.91552734375 456.3532409667969 363.2149658203125
v 829.306884765625 385.0895080566406 363.2149658203125
v 829.306884765625 385.0895080566406 357.7149658203125
v 719.6444702148438 393.7197570800781 363.2149658203125
v 719.6444702148438 393.7197570800781 357.7149658203125
v 829.306884765625 385.0895080566406 357.7149658203125
v 829.306884765625 385.0895080566406 363.2149658203125
v 829.2943115234375 385.0904846191406 363.2149658203125
v 719.6571044921875 393.71881103515625 363.2149658203125
v 719.6444702148438 393.7197570800781 357.7149658203125
v 719.6444702148438 393.7197570800781 363.2149658203125
v 725.2529907226562 464.98394775390625 363.2149658203125
v 725.2529907226562 464.98394775390625 357.7149658203125
v 834.91552734375 456.3532409667969 363.2149658203125
v 834.91552734375 456.3532409667969 357.7149658203125
v 725.2529907226562 464.98394775390625 357.7149658203125
v 725.2529907226562 464.98394775390625 363.2149658203125
v 725.265625 464.9830017089844 363.2149658203125
v 834.9027709960938 456.35418701171875 363.21502685546875
v 834.91552734375 456.3532409667969 357.7149658203125
v 829.306884765625 385.0895080566406 357.7149658203125
v 819.9842529296875 394.0943298339844 353.01495361328125
v 824.2989501953125 448.917724609375 353.01495361328125
v 829.306884765625 385.0895080566406 357.7149658203125
v 719.6444702148438 393.7197570800781 357.7149658203125
v 730.2609252929688 401.1556701660156 353.01495361328125
v 819.9842529296875 394.0943298339844 353.01495361328125
v 719.6444702148438 393.7197570800781 357.7149658203125
v 725.2529907226562 464.98394775390625 357.7149658203125
v 734.57568359375 455.9791564941406 353.01495361328125
v 730.2609252929688 401.1556701660156 353.01495361328125
v 725.2529907226562 464.98394775390625 357.7149658203125
v 834.91552734375 456.3532409667969 357.7149658203125
v 824.2989501953125 448.917724609375 353.01495361328125
v 734.57568359375 455.9791564941406 353.01495361328125
v 824.575927734375 388.7138671875 233.0149688720703
v 824.575927734375 388.7138671875 278.01495361328125
v 724.8841552734375 396.5600280761719 278.01495361328125
v 724.8842163085938 396.5600280761719 238.01495361328125
v 824.575927734375 388.7138671875 278.01495361328125
v 819.9835815429688 394.0908508300781 283.01495361328125
v 730.2610473632812 401.15228271484375 283.01495361328125
v 724.8841552734375 396.5600280761719 278.01495361328125
v 829.6761474609375 453.51934814453125 233.01495361328125
v 829.6761474609375 453.51934814453125 278.01495361328125
v 824.575927734375 388.7138671875 278.01495361328125
v 824.575927734375 388.7138671875 233.0149688720703
v 729.9844970703125 461.364990234375 238.0149383544922
v 724.8842163085938 396.5600280761719 238.01495361328125
v 724.8841552734375 396.5600280761719 278.01495361328125
v 729.9844970703125 461.364990234375 278.01495361328125
v 729.9844970703125 461.364990234375 238.0149383544922
v 729.9844970703125 461.364990234375 278.01495361328125
v 829.6761474609375 453.51934814453125 278.01495361328125
v 829.6761474609375 453.51934814453125 233.01495361328125
v 824.575927734375 388.7138671875 278.01495361328125
v 829.6761474609375 453.51934814453125 278.01495361328125
v 824.299072265625 448.92413330078125 283.01495361328125
v 819.9835815429688 394.0908508300781 283.01495361328125
v 734.5764770507812 455.985595703125 283.01495361328125
v 729.9844970703125 461.364990234375 278.01495361328125
v 724.8841552734375 396.5600280761719 278.01495361328125
v 730.2610473632812 401.15228271484375 283.01495361328125
v 729.9844970703125 461.364990234375 278.01495361328125
v 734.5764770507812 455.985595703125 283.01495361328125
v 824.299072265625 448.92413330078125 283.01495361328125
v 829.6761474609375 453.51934814453125 278.01495361328125
v 834.9027709960938 456.35418701171875 363.21502685546875
v 777.2799682617188 425.0364990234375 388.01495361328125
v 829.2943115234375 385.0904846191406 363.2149658203125
v 834.91552734375 456.3532409667969 363.2149658203125
v 834.9027709960938 456.35418701171875 363.21502685546875
v 829.2943115234375 385.0904846191406 363.2149658203125
v 829.306884765625 385.0895080566406 363.2149658203125
v 834.91552734375 456.3532409667969 363.2149658203125
v 829.2943115234375 385.0904846191406 363.2149658203125
v 829.2943115234375 385.0904846191406 363.2149658203125
v 777.2799682617188 425.0364990234375 388.01495361328125
v 719.6571044921875 393.71881103515625 363.2149658203125
v 777.2799682617188 425.0364990234375 388.01495361328125
v 834.9027709960938 456.35418701171875 363.21502685546875
v 725.265625 464.9830017089844 363.2149658203125
v 719.6571044921875 393.71881103515625 363.2149658203125
v 777.2799682617188 425.0364990234375 388.01495361328125
v 725.265625 464.9830017089844 363.2149658203125
v 725.265625 464.9830017089844 363.2149658203125
v 725.2529907226562 464.98394775390625 363.2149658203125
v 719.6444702148438 393.7197570800781 363.2149658203125
v 719.6571044921875 393.71881103515625 363.2149658203125
v -767.87939453125 -300.1943054199219 283.014892578125
v -763.5640869140625 -355.0276794433594 283.014892578125
v -763.5647583007812 -355.0242919921875 353.014892578125
v -767.8792724609375 -300.2006530761719 353.014892578125
v -763.5640869140625 -355.0276794433594 283.014892578125
v -673.8414916992188 -347.9667053222656 283.014892578125
v -673.8414306640625 -347.9632568359375 353.014892578125
v -763.5647583007812 -355.0242919921875 353.014892578125
v -673.8414916992188 -347.9667053222656 283.014892578125
v -678.1567993164062 -293.1333312988281 283.014892578125
v -678.1559448242188 -293.1396179199219 353.014892578125
v -673.8414306640625 -347.9632568359375 353.014892578125
v -678.1567993164062 -293.1333312988281 283.014892578125
v -767.87939453125 -300.1943054199219 283.014892578125
v -767.8792724609375 -300.2006530761719 353.014892578125
v -678.1559448242188 -293.1396179199219 353.014892578125
v -778.4957885742188 -292.7650451660156 357.71490478515625
v -772.8875122070312 -364.0290832519531 357.71490478515625
v -772.8875122070312 -364.0290832519531 363.21490478515625
v -778.4957885742188 -292.7650451660156 363.21490478515625
v -772.8748168945312 -364.0281066894531 363.21490478515625
v -772.8875122070312 -364.0290832519531 363.21490478515625
v -772.8875122070312 -364.0290832519531 357.71490478515625
v -663.237548828125 -355.3998718261719 363.21490478515625
v -663.2249145507812 -355.39886474609375 363.21490478515625
v -663.2249145507812 -355.39886474609375 357.71490478515625
v -663.2249145507812 -355.39886474609375 357.71490478515625
v -668.833251953125 -284.13482666015625 357.71490478515625
v -668.833251953125 -284.13482666015625 363.21490478515625
v -663.2249145507812 -355.39886474609375 363.21490478515625
v -668.845947265625 -284.1358337402344 363.21490478515625
v -668.833251953125 -284.13482666015625 363.21490478515625
v -668.833251953125 -284.13482666015625 357.71490478515625
v -778.4829711914062 -292.7640380859375 363.2149658203125
v -778.4957885742188 -292.7650451660156 363.21490478515625
v -778.4957885742188 -292.7650451660156 357.71490478515625
v -778.4957885742188 -292.7650451660156 357.71490478515625
v -767.8792724609375 -300.2006530761719 353.014892578125
v -763.5647583007812 -355.0242919921875 353.014892578125
v -772.8875122070312 -364.0290832519531 357.71490478515625
v -772.8875122070312 -364.0290832519531 357.71490478515625
v -763.5647583007812 -355.0242919921875 353.014892578125
v -673.8414306640625 -347.9632568359375 353.014892578125
v -663.2249145507812 -355.39886474609375 357.71490478515625
v -663.2249145507812 -355.39886474609375 357.71490478515625
v -673.8414306640625 -347.9632568359375 353.014892578125
v -678.1559448242188 -293.1396179199219 353.014892578125
v -668.833251953125 -284.13482666015625 357.71490478515625
v -668.833251953125 -284.13482666015625 357.71490478515625
v -678.1559448242188 -293.1396179199219 353.014892578125
v -767.8792724609375 -300.2006530761719 353.014892578125
v -778.4957885742188 -292.7650451660156 357.71490478515625
v -768.1564331054688 -360.404541015625 233.014892578125
v -668.4646606445312 -352.55902099609375 238.014892578125
v -668.4646606445312 -352.55902099609375 278.014892578125
v -768.1564331054688 -360.404541015625 278.014892578125
v -768.1564331054688 -360.404541015625 278.014892578125
v -668.4646606445312 -352.55902099609375 278.014892578125
v -673.8414916992188 -347.9667053222656 283.014892578125
v -763.5640869140625 -355.0276794433594 283.014892578125
v -773.2564697265625 -295.59906005859375 233.014892578125
v -768.1564331054688 -360.404541015625 233.014892578125
v -768.1564331054688 -360.404541015625 278.014892578125
v -773.2564697265625 -295.59906005859375 278.014892578125
v -673.564697265625 -287.7535400390625 238.014892578125
v -673.564697265625 -287.7535400390625 278.014892578125
v -668.4646606445312 -352.55902099609375 278.014892578125
v -668.4646606445312 -352.55902099609375 238.014892578125
v -673.564697265625 -287.7535400390625 238.014892578125
v -773.2564697265625 -295.59906005859375 233.014892578125
v -773.2564697265625 -295.59906005859375 278.014892578125
v -673.564697265625 -287.7535400390625 278.014892578125
v -768.1564331054688 -360.404541015625 278.014892578125
v -763.5640869140625 -355.0276794433594 283.014892578125
v -767.87939453125 -300.1943054199219 283.014892578125
v -773.2564697265625 -295.59906005859375 278.014892578125
v -678.1567993164062 -293.1333312988281 283.014892578125
v -673.8414916992188 -347.9667053222656 283.014892578125
v -668.4646606445312 -352.55902099609375 278.014892578125
v -673.564697265625 -287.7535400390625 278.014892578125
v -673.564697265625 -287.7535400390625 278.014892578125
v -773.2564697265625 -295.59906005859375 278.014892578125
v -767.87939453125 -300.1943054199219 283.014892578125
v -678.1567993164062 -293.1333312988281 283.014892578125
v -772.8748168945312 -364.0281066894531 363.21490478515625
v -720.8604125976562 -324.08197021484375 388.014892578125
v -778.4829711914062 -292.7640380859375 363.2149658203125
v -772.8748168945312 -364.0281066894531 363.21490478515625
v -778.4829711914062 -292.7640380859375 363.2149658203125
v -778.4957885742188 -292.7650451660156 363.21490478515625
v -772.8875122070312 -364.0290832519531 363.21490478515625
v -772.8748168945312 -364.0281066894531 363.21490478515625
v -778.4957885742188 -292.7650451660156 363.21490478515625
v -772.8748168945312 -364.0281066894531 363.21490478515625
v -663.237548828125 -355.3998718261719 363.21490478515625
v -720.8604125976562 -324.08197021484375 388.014892578125
v -720.8604125976562 -324.08197021484375 388.014892578125
v -668.845947265625 -284.1358337402344 363.21490478515625
v -778.4829711914062 -292.7640380859375 363.2149658203125
v -663.2249145507812 -355.39886474609375 363.21490478515625
v -668.833251953125 -284.13482666015625 363.21490478515625
v -668.845947265625 -284.1358337402344 363.21490478515625
v -663.237548828125 -355.3998718261719 363.21490478515625
v -663.237548828125 -355.3998718261719 363.21490478515625
v -668.845947265625 -284.1358337402344 363.21490478515625
v -720.8604125976562 -324.08197021484375 388.014892578125
v -12.662215232849121 468.8627624511719 291.8746337890625
v -12.656603813171387 443.8627624511719 291.8746337890625
v -12.656604766845703 443.8627624511719 296.8746337890625
v -12.662216186523438 468.8627624511719 296.8746337890625
v -12.656603813171387 443.8627624511719 291.8746337890625
v 12.343396186828613 443.8683776855469 291.11297607421875
v 12.34339427947998 443.8683776855469 296.8746337890625
v -12.656604766845703 443.8627624511719 296.8746337890625
v 12.343396186828613 443.8683776855469 291.11297607421875
v 12.337785720825195 468.8683776855469 291.11297607421875
v 12.337783813476562 468.8683776855469 296.8746337890625
v 12.34339427947998 443.8683776855469 296.8746337890625
v 12.337785720825195 468.8683776855469 291.11297607421875
v -12.662215232849121 468.8627624511719 291.8746337890625
v -12.662216186523438 468.8627624511719 296.8746337890625
v 12.337783813476562 468.8683776855469 296.8746337890625
v -12.662216186523438 468.8627624511719 296.8746337890625
v -12.656604766845703 443.8627624511719 296.8746337890625
v -4.03350305557251 452.3178405761719 301.8746337890625
v -4.035242557525635 460.0678405761719 301.8746337890625
v -12.656604766845703 443.8627624511719 296.8746337890625
v 12.34339427947998 443.8683776855469 296.8746337890625
v 3.7164969444274902 452.3195495605469 301.8746337890625
v -4.03350305557251 452.3178405761719 301.8746337890625
v 12.34339427947998 443.8683776855469 296.8746337890625
v 12.337783813476562 468.8683776855469 296.8746337890625
v 3.7147576808929443 460.069580078125 301.8746337890625
v 3.7164969444274902 452.3195495605469 301.8746337890625
v 12.337783813476562 468.8683776855469 296.8746337890625
v -12.662216186523438 468.8627624511719 296.8746337890625
v -4.035242557525635 460.0678405761719 301.8746337890625
v 3.7147576808929443 460.069580078125 301.8746337890625
v -4.03350305557251 452.3178405761719 301.8746337890625
v -9.239367485046387 447.1096496582031 316.8746337890625
v -9.243443489074707 465.2737121582031 316.8746337890625
v -4.035242557525635 460.0678405761719 301.8746337890625
v 3.7164969444274902 452.3195495605469 301.8746337890625
v 8.924695014953613 447.1136779785156 316.8746337890625
v -9.239367485046387 447.1096496582031 316.8746337890625
v -4.03350305557251 452.3178405761719 301.8746337890625
v 3.7147576808929443 460.069580078125 301.8746337890625
v 8.920618057250977 465.2777404785156 316.8746337890625
v 8.924695014953613 447.1136779785156 316.8746337890625
v 3.7164969444274902 452.3195495605469 301.8746337890625
v -4.035242557525635 460.0678405761719 301.8746337890625
v -9.243443489074707 465.2737121582031 316.8746337890625
v 8.920618057250977 465.2777404785156 316.8746337890625
v 3.7147576808929443 460.069580078125 301.8746337890625
v -4.033509254455566 452.3178405761719 376.8746337890625
v -4.035248756408691 460.0678405761719 376.8746337890625
v 3.7164902687072754 452.3195495605469 376.8746337890625
v -4.033509254455566 452.3178405761719 376.8746337890625
v 3.7147510051727295 460.069580078125 376.8746337890625
v 3.7164902687072754 452.3195495605469 376.8746337890625
v -4.035248756408691 460.0678405761719 376.8746337890625
v 3.7147510051727295 460.069580078125 376.8746337890625
v -12.662222862243652 468.8625183105469 383.44573974609375
v -12.662221908569336 468.8627624511719 376.8746337890625
v -12.656612396240234 443.8627624511719 376.8746337890625
v -12.65661334991455 443.8625183105469 383.44573974609375
v -12.65661334991455 443.8625183105469 383.44573974609375
v -12.656612396240234 443.8627624511719 376.8746337890625
v 12.343388557434082 443.8683776855469 376.8746337890625
v 12.34350872039795 443.8681335449219 382.68365478515625
v 12.34350872039795 443.8681335449219 382.68365478515625
v 12.343388557434082 443.8683776855469 376.8746337890625
v 12.337778091430664 468.8683776855469 376.8746337890625
v 12.337776184082031 468.8681335449219 382.68365478515625
v 12.337776184082031 468.8681335449219 382.68365478515625
v 12.337778091430664 468.8683776855469 376.8746337890625
v -12.662221908569336 468.8627624511719 376.8746337890625
v -12.662222862243652 468.8625183105469 383.44573974609375
v -12.662221908569336 468.8627624511719 376.8746337890625
v -4.035248756408691 460.0678405761719 376.8746337890625
v -4.033509254455566 452.3178405761719 376.8746337890625
v -12.656612396240234 443.8627624511719 376.8746337890625
v 3.7164902687072754 452.3195495605469 376.8746337890625
v 12.343388557434082 443.8683776855469 376.8746337890625
v 3.7147510051727295 460.069580078125 376.8746337890625
v 12.337778091430664 468.8683776855469 376.8746337890625
v -245.97154235839844 466.1358337402344 284.57598876953125
v -245.382080078125 441.1427917480469 284.57598876953125
v -245.382080078125 441.1427917480469 291.4294738769531
v -245.97154235839844 466.1358337402344 291.4294738769531
v -245.382080078125 441.1427917480469 284.57598876953125
v -220.388916015625 441.7321472167969 285.6678466796875
v -220.388916015625 441.7321472167969 291.4294738769531
v -245.382080078125 441.1427917480469 291.4294738769531
v -220.388916015625 441.7321472167969 285.6678466796875
v -220.97850036621094 466.7252502441406 285.6678466796875
v -220.97850036621094 466.7252502441406 291.4294738769531
v -220.388916015625 441.7321472167969 291.4294738769531
v -220.97850036621094 466.7252502441406 285.6678466796875
v -245.97154235839844 466.1358337402344 284.57598876953125
v -245.97154235839844 466.1358337402344 291.4294738769531
v -220.97850036621094 466.7252502441406 291.4294738769531
v -245.97154235839844 466.1358337402344 291.4294738769531
v -245.382080078125 441.1427917480469 291.4294738769531
v -236.95872497558594 449.79681396484375 296.4294738769531
v -237.14149475097656 457.5445861816406 296.4294738769531
v -245.382080078125 441.1427917480469 291.4294738769531
v -220.388916015625 441.7321472167969 291.4294738769531
v -229.21083068847656 449.9797058105469 296.4294738769531
v -236.95872497558594 449.79681396484375 296.4294738769531
v -220.388916015625 441.7321472167969 291.4294738769531
v -220.97850036621094 466.7252502441406 291.4294738769531
v -229.39361572265625 457.7274475097656 296.4294738769531
v -229.21083068847656 449.9797058105469 296.4294738769531
v -220.97850036621094 466.7252502441406 291.4294738769531
v -245.97154235839844 466.1358337402344 291.4294738769531
v -237.14149475097656 457.5445861816406 296.4294738769531
v -229.39361572265625 457.7274475097656 296.4294738769531
v -236.95872497558594 449.79681396484375 296.4294738769531
v -242.04151916503906 444.4685363769531 311.42950439453125
v -242.46990966796875 462.62762451171875 311.42950439453125
v -237.14149475097656 457.5445861816406 296.4294738769531
v -229.21083068847656 449.9797058105469 296.4294738769531
v -223.88253784179688 444.89666748046875 311.42950439453125
v -242.04151916503906 444.4685363769531 311.42950439453125
v -236.95872497558594 449.79681396484375 296.4294738769531
v -229.39361572265625 457.7274475097656 296.4294738769531
v -224.31080627441406 463.05572509765625 311.42950439453125
v -223.88253784179688 444.89666748046875 311.42950439453125
v -229.21083068847656 449.9797058105469 296.4294738769531
v -237.14149475097656 457.5445861816406 296.4294738769531
v -242.46990966796875 462.62762451171875 311.42950439453125
v -224.31080627441406 463.05572509765625 311.42950439453125
v -229.39361572265625 457.7274475097656 296.4294738769531
v -236.95872497558594 449.79681396484375 371.4294738769531
v -237.14149475097656 457.5445861816406 371.4294738769531
v -229.21083068847656 449.9797058105469 371.4294738769531
v -236.95872497558594 449.79681396484375 371.4294738769531
v -229.39361572265625 457.7274475097656 371.4294738769531
v -229.21083068847656 449.9797058105469 371.4294738769531
v -237.14149475097656 457.5445861816406 371.4294738769531
v -229.39361572265625 457.7274475097656 371.4294738769531
v -245.97157287597656 466.1358642578125 377.19158935546875
v -245.97157287597656 466.1358642578125 371.4294738769531
v -245.382080078125 441.142822265625 371.4294738769531
v -245.382080078125 441.142822265625 377.19158935546875
v -245.382080078125 441.142822265625 377.19158935546875
v -245.382080078125 441.142822265625 371.4294738769531
v -220.388916015625 441.7321472167969 371.4294738769531
v -220.388916015625 441.7321472167969 377.95489501953125
v -220.388916015625 441.7321472167969 377.95489501953125
v -220.388916015625 441.7321472167969 371.4294738769531
v -220.97850036621094 466.7252502441406 371.4294738769531
v -220.97850036621094 466.7252502441406 377.95489501953125
v -220.97850036621094 466.7252502441406 377.95489501953125
v -220.97850036621094 466.7252502441406 371.4294738769531
v -245.97157287597656 466.1358642578125 371.4294738769531
v -245.97157287597656 466.1358642578125 377.19158935546875
v -245.97157287597656 466.1358642578125 371.4294738769531
v -237.14149475097656 457.5445861816406 371.4294738769531
v -236.95872497558594 449.79681396484375 371.4294738769531
v -245.382080078125 441.142822265625 371.4294738769531
v -229.21083068847656 449.9797058105469 371.4294738769531
v -220.388916015625 441.7321472167969 371.4294738769531
v -229.39361572265625 457.7274475097656 371.4294738769531
v -220.97850036621094 466.7252502441406 371.4294738769531
v -480.6611328125 457.2210693359375 269.135498046875
v -479.396240234375 432.25311279296875 269.135498046875
v -479.396240234375 432.25341796875 276.6990661621094
v -480.6611328125 457.2213134765625 276.6990661621094
v -479.396240234375 432.25311279296875 269.135498046875
v -454.42822265625 433.5182800292969 270.9373779296875
v -454.42822265625 433.5182800292969 276.6990661621094
v -479.396240234375 432.25341796875 276.6990661621094
v -454.42822265625 433.5182800292969 270.9373779296875
v -455.6931457519531 458.4862365722656 270.9373779296875
v -455.6931457519531 458.4862365722656 276.6990661621094
v -454.42822265625 433.5182800292969 276.6990661621094
v -455.6931457519531 458.4862365722656 270.9373779296875
v -480.6611328125 457.2210693359375 269.135498046875
v -480.6611328125 457.2213134765625 276.6990661621094
v -455.6931457519531 458.4862365722656 276.6990661621094
v -480.6611328125 457.2213134765625 276.6990661621094
v -479.396240234375 432.25341796875 276.6990661621094
v -471.2099914550781 441.1319274902344 281.69903564453125
v -471.6020812988281 448.8721008300781 281.69903564453125
v -479.396240234375 432.25341796875 276.6990661621094
v -454.42822265625 433.5182800292969 276.6990661621094
v -463.4698791503906 441.5240173339844 281.69903564453125
v -471.2099914550781 441.1319274902344 281.69903564453125
v -454.42822265625 433.5182800292969 276.6990661621094
v -455.6931457519531 458.4862365722656 276.6990661621094
v -463.8620300292969 449.2641906738281 281.69903564453125
v -463.4698791503906 441.5240173339844 281.69903564453125
v -455.6931457519531 458.4862365722656 276.6990661621094
v -480.6611328125 457.2213134765625 276.6990661621094
v -471.6020812988281 448.8721008300781 281.69903564453125
v -463.8620300292969 449.2641906738281 281.69903564453125
v -471.2099914550781 441.1319274902344 281.69903564453125
v -476.1468811035156 435.6681823730469 296.69903564453125
v -477.0658874511719 453.80908203125 296.69903564453125
v -471.6020812988281 448.8721008300781 281.69903564453125
v -463.4698791503906 441.5240173339844 281.69903564453125
v -458.00604248046875 436.5872802734375 296.69903564453125
v -476.1468811035156 435.6681823730469 296.69903564453125
v -471.2099914550781 441.1319274902344 281.69903564453125
v -463.8620300292969 449.2641906738281 281.69903564453125
v -458.9251403808594 454.7279357910156 296.69903564453125
v -458.00604248046875 436.5872802734375 296.69903564453125
v -463.4698791503906 441.5240173339844 281.69903564453125
v -471.6020812988281 448.8721008300781 281.69903564453125
v -477.0658874511719 453.80908203125 296.69903564453125
v -458.9251403808594 454.7279357910156 296.69903564453125
v -463.8620300292969 449.2641906738281 281.69903564453125
v -471.21002197265625 441.1319274902344 356.69903564453125
v -471.60211181640625 448.8721008300781 356.69903564453125
v -463.46990966796875 441.5240173339844 356.69903564453125
v -471.21002197265625 441.1319274902344 356.69903564453125
v -463.862060546875 449.2641906738281 356.69903564453125
v -463.46990966796875 441.5240173339844 356.69903564453125
v -471.60211181640625 448.8721008300781 356.69903564453125
v -463.862060546875 449.2641906738281 356.69903564453125
v -480.6611633300781 457.2213134765625 362.46112060546875
v -480.6611633300781 457.2213134765625 356.69903564453125
v -479.3962707519531 432.25341796875 356.69903564453125
v -479.3962707519531 432.25341796875 362.46112060546875
v -479.3962707519531 432.25341796875 362.46112060546875
v -479.3962707519531 432.25341796875 356.69903564453125
v -454.4282531738281 433.5182800292969 356.69903564453125
v -454.42822265625 433.5179748535156 362.5345458984375
v -454.42822265625 433.5179748535156 362.5345458984375
v -454.4282531738281 433.5182800292969 356.69903564453125
v -455.6932067871094 458.4862365722656 356.69903564453125
v -455.693115234375 458.4859924316406 362.5345458984375
v -455.693115234375 458.4859924316406 362.5345458984375
v -455.6932067871094 458.4862365722656 356.69903564453125
v -480.6611633300781 457.2213134765625 356.69903564453125
v -480.6611633300781 457.2213134765625 362.46112060546875
v -480.6611633300781 457.2213134765625 356.69903564453125
v -471.60211181640625 448.8721008300781 356.69903564453125
v -471.21002197265625 441.1319274902344 356.69903564453125
v -479.3962707519531 432.25341796875 356.69903564453125
v -463.46990966796875 441.5240173339844 356.69903564453125
v -454.4282531738281 433.5182800292969 356.69903564453125
v -463.862060546875 449.2641906738281 356.69903564453125
v -455.6932067871094 458.4862365722656 356.69903564453125
v -445.903076171875 -298.2957763671875 268.54046630859375
v -444.6381530761719 -323.2637634277344 268.54046630859375
v -444.6382141113281 -323.2637634277344 276.6991271972656
v -445.9031677246094 -298.2957763671875 276.6991271972656
v -444.6381530761719 -323.2637634277344 268.54046630859375
v -419.6702575683594 -321.9988708496094 270.93743896484375
v -419.6702575683594 -321.9988708496094 276.6991271972656
v -444.6382141113281 -323.2637634277344 276.6991271972656
v -419.6702575683594 -321.9988708496094 270.93743896484375
v -420.9352111816406 -297.0309143066406 270.93743896484375
v -420.9352111816406 -297.0309143066406 276.6991271972656
v -419.6702575683594 -321.9988708496094 276.6991271972656
v -420.9352111816406 -297.0309143066406 270.93743896484375
v -445.903076171875 -298.2957763671875 268.54046630859375
v -445.9031677246094 -298.2957763671875 276.6991271972656
v -420.9352111816406 -297.0309143066406 276.6991271972656
v -445.9031677246094 -298.2957763671875 276.6991271972656
v -444.6382141113281 -323.2637634277344 276.6991271972656
v -436.45196533203125 -314.3849792480469 281.6990966796875
v -436.8441162109375 -306.64483642578125 281.6990966796875
v -444.6382141113281 -323.2637634277344 276.6991271972656
v -419.6702575683594 -321.9988708496094 276.6991271972656
v -428.7118835449219 -313.99261474609375 281.6990966796875
v -436.45196533203125 -314.3849792480469 281.6990966796875
v -419.6702575683594 -321.9988708496094 276.6991271972656
v -420.9352111816406 -297.0309143066406 276.6991271972656
v -429.10400390625 -306.2529602050781 281.6990966796875
v -428.7118835449219 -313.99261474609375 281.6990966796875
v -420.9352111816406 -297.0309143066406 276.6991271972656
v -445.9031677246094 -298.2957763671875 276.6991271972656
v -436.8441162109375 -306.64483642578125 281.6990966796875
v -429.10400390625 -306.2529602050781 281.6990966796875
v -436.45196533203125 -314.3849792480469 281.6990966796875
v -441.38885498046875 -319.8484802246094 296.6990966796875
v -442.3078918457031 -301.70806884765625 296.6990966796875
v -436.8441162109375 -306.64483642578125 281.6990966796875
v -428.7118835449219 -313.99261474609375 281.6990966796875
v -423.24810791015625 -318.92987060546875 296.6991271972656
v -441.38885498046875 -319.8484802246094 296.6990966796875
v -436.45196533203125 -314.3849792480469 281.6990966796875
v -429.10400390625 -306.2529602050781 281.6990966796875
v -424.1671142578125 -300.7889404296875 296.6991271972656
v -423.24810791015625 -318.92987060546875 296.6991271972656
v -428.7118835449219 -313.99261474609375 281.6990966796875
v -436.8441162109375 -306.64483642578125 281.6990966796875
v -442.3078918457031 -301.70806884765625 296.6990966796875
v -424.1671142578125 -300.7889404296875 296.6991271972656
v -429.10400390625 -306.2529602050781 281.6990966796875
v -436.4519958496094 -314.3849792480469 356.6990966796875
v -436.8441467285156 -306.64483642578125 356.6990966796875
v -428.7119140625 -313.99261474609375 356.6990966796875
v -436.4519958496094 -314.3849792480469 356.6990966796875
v -429.1040344238281 -306.2529602050781 356.6990966796875
v -428.7119140625 -313.99261474609375 356.6990966796875
v -436.8441467285156 -306.64483642578125 356.6990966796875
v -429.1040344238281 -306.2529602050781 356.6990966796875
v -445.90313720703125 -298.2957763671875 360.7681884765625
v -445.9031982421875 -298.2957763671875 356.6990966796875
v -444.63824462890625 -323.2637634277344 356.6990966796875
v -444.63818359375 -323.2637634277344 360.7681884765625
v -444.63818359375 -323.2637634277344 360.7681884765625
v -444.63824462890625 -323.2637634277344 356.6990966796875
v -419.6702880859375 -321.9988708496094 356.6990966796875
v -419.67022705078125 -321.9988708496094 362.6429443359375
v -419.67022705078125 -321.9988708496094 362.6429443359375
v -419.6702880859375 -321.9988708496094 356.6990966796875
v -420.93524169921875 -297.0309143066406 356.6990966796875
v -420.9351806640625 -297.0309143066406 362.6429443359375
v -420.9351806640625 -297.0309143066406 362.6429443359375
v -420.93524169921875 -297.0309143066406 356.6990966796875
v -445.9031982421875 -298.2957763671875 356.6990966796875
v -445.90313720703125 -298.2957763671875 360.7681884765625
v -445.9031982421875 -298.2957763671875 356.6990966796875
v -436.8441467285156 -306.64483642578125 356.6990966796875
v -436.4519958496094 -314.3849792480469 356.6990966796875
v -444.63824462890625 -323.2637634277344 356.6990966796875
v -428.7119140625 -313.99261474609375 356.6990966796875
v -419.6702880859375 -321.9988708496094 356.6990966796875
v -429.1040344238281 -306.2529602050781 356.6990966796875
v -420.93524169921875 -297.0309143066406 356.6990966796875
v -12.658123970031738 -287.52032470703125 291.87469482421875
v -12.652515411376953 -312.52032470703125 291.87469482421875
v -12.65251636505127 -312.52032470703125 296.87469482421875
v -12.658125877380371 -287.52032470703125 296.87469482421875
v -12.652515411376953 -312.52032470703125 291.87469482421875
v 12.347485542297363 -312.51470947265625 291.113037109375
v 12.34748363494873 -312.51470947265625 296.87469482421875
v -12.65251636505127 -312.52032470703125 296.87469482421875
v 12.347485542297363 -312.51470947265625 291.113037109375
v 12.341876029968262 -287.51470947265625 291.113037109375
v 12.341875076293945 -287.51470947265625 296.87469482421875
v 12.34748363494873 -312.51470947265625 296.87469482421875
v 12.341876029968262 -287.51470947265625 291.113037109375
v -12.658123970031738 -287.52032470703125 291.87469482421875
v -12.658125877380371 -287.52032470703125 296.87469482421875
v 12.341875076293945 -287.51470947265625 296.87469482421875
v -12.658125877380371 -287.52032470703125 296.87469482421875
v -12.65251636505127 -312.52032470703125 296.87469482421875
v -4.029412269592285 -304.0652770996094 301.87469482421875
v -4.03115177154541 -296.3152770996094 301.87469482421875
v -12.65251636505127 -312.52032470703125 296.87469482421875
v 12.34748363494873 -312.51470947265625 296.87469482421875
v 3.720587730407715 -304.06353759765625 301.87469482421875
v -4.029412269592285 -304.0652770996094 301.87469482421875
v 12.34748363494873 -312.51470947265625 296.87469482421875
v 12.341875076293945 -287.51470947265625 296.87469482421875
v 3.718848705291748 -296.31353759765625 301.87469482421875
v 3.720587730407715 -304.06353759765625 301.87469482421875
v 12.341875076293945 -287.51470947265625 296.87469482421875
v -12.658125877380371 -287.52032470703125 296.87469482421875
v -4.03115177154541 -296.3152770996094 301.87469482421875
v 3.718848705291748 -296.31353759765625 301.87469482421875
v -4.029412269592285 -304.0652770996094 301.87469482421875
v -9.235276222229004 -309.2734680175781 316.87469482421875
v -9.23935317993164 -291.1094055175781 316.87469482421875
v -4.03115177154541 -296.3152770996094 301.87469482421875
v 3.720587730407715 -304.06353759765625 301.87469482421875
v 8.928786277770996 -309.2693786621094 316.87469482421875
v -9.235276222229004 -309.2734680175781 316.87469482421875
v -4.029412269592285 -304.0652770996094 301.87469482421875
v 3.718848705291748 -296.31353759765625 301.87469482421875
v 8.92470932006836 -291.1053161621094 316.87469482421875
v 8.928786277770996 -309.2693786621094 316.87469482421875
v 3.720587730407715 -304.06353759765625 301.87469482421875
v -4.03115177154541 -296.3152770996094 301.87469482421875
v -9.23935317993164 -291.1094055175781 316.87469482421875
v 8.92470932006836 -291.1053161621094 316.87469482421875
v 3.718848705291748 -296.31353759765625 301.87469482421875
v -4.0294189453125 -304.0652770996094 376.87469482421875
v -4.031158447265625 -296.3152770996094 376.87469482421875
v 3.720581293106079 -304.06353759765625 376.87469482421875
v -4.0294189453125 -304.0652770996094 376.87469482421875
v 3.718842029571533 -296.31353759765625 376.87469482421875
v 3.720581293106079 -304.06353759765625 376.87469482421875
v -4.031158447265625 -296.3152770996094 376.87469482421875
v 3.718842029571533 -296.31353759765625 376.87469482421875
v -12.658010482788086 -287.52081298828125 383.31170654296875
v -12.65813159942627 -287.52032470703125 376.87469482421875
v -12.652522087097168 -312.52032470703125 376.87469482421875
v -12.652400970458984 -312.52081298828125 383.31170654296875
v -12.652400970458984 -312.52081298828125 383.31170654296875
v -12.652522087097168 -312.52032470703125 376.87469482421875
v 12.347477912902832 -312.51470947265625 376.87469482421875
v 12.3475980758667 -312.51470947265625 383.22943115234375
v 12.3475980758667 -312.51470947265625 383.22943115234375
v 12.347477912902832 -312.51470947265625 376.87469482421875
v 12.34186840057373 -287.51470947265625 376.87469482421875
v 12.341988563537598 -287.51470947265625 383.22943115234375
v 12.341988563537598 -287.51470947265625 383.22943115234375
v 12.34186840057373 -287.51470947265625 376.87469482421875
v -12.65813159942627 -287.52032470703125 376.87469482421875
v -12.658010482788086 -287.52081298828125 383.31170654296875
v -12.65813159942627 -287.52032470703125 376.87469482421875
v -4.031158447265625 -296.3152770996094 376.87469482421875
v -4.0294189453125 -304.0652770996094 376.87469482421875
v -12.652522087097168 -312.52032470703125 376.87469482421875
v 3.720581293106079 -304.06353759765625 376.87469482421875
v 12.347477912902832 -312.51470947265625 376.87469482421875
v 3.718842029571533 -296.31353759765625 376.87469482421875
v 12.34186840057373 -287.51470947265625 376.87469482421875
v -229.26039123535156 -290.3638610839844 283.8892822265625
v -228.67092895507812 -315.3569030761719 283.8892822265625
v -228.67105102539062 -315.35687255859375 291.4295349121094
v -229.26051330566406 -290.36383056640625 291.4295349121094
v -228.67092895507812 -315.3569030761719 283.8892822265625
v -203.67800903320312 -314.76776123046875 285.66790771484375
v -203.67800903320312 -314.76776123046875 291.4295349121094
v -228.67105102539062 -315.35687255859375 291.4295349121094
v -203.67800903320312 -314.76776123046875 285.66790771484375
v -204.26747131347656 -289.7747497558594 285.66790771484375
v -204.26747131347656 -289.7747497558594 291.4295349121094
v -203.67800903320312 -314.76776123046875 291.4295349121094
v -204.26747131347656 -289.7747497558594 285.66790771484375
v -229.26039123535156 -290.3638610839844 283.8892822265625
v -229.26051330566406 -290.36383056640625 291.4295349121094
v -204.26747131347656 -289.7747497558594 291.4295349121094
v -229.26051330566406 -290.36383056640625 291.4295349121094
v -228.67105102539062 -315.35687255859375 291.4295349121094
v -220.24783325195312 -306.703125 296.4295349121094
v -220.4304656982422 -298.95513916015625 296.4295349121094
v -228.67105102539062 -315.35687255859375 291.4295349121094
v -203.67800903320312 -314.76776123046875 291.4295349121094
v -212.4999237060547 -306.5202331542969 296.4295349121094
v -220.24783325195312 -306.703125 296.4295349121094
v -203.67800903320312 -314.76776123046875 291.4295349121094
v -204.26747131347656 -289.7747497558594 291.4295349121094
v -212.6826934814453 -298.7722473144531 296.4295349121094
v -212.4999237060547 -306.5202331542969 296.4295349121094
v -204.26747131347656 -289.7747497558594 291.4295349121094
v -229.26051330566406 -290.36383056640625 291.4295349121094
v -220.4304656982422 -298.95513916015625 296.4295349121094
v -212.6826934814453 -298.7722473144531 296.4295349121094
v -220.24783325195312 -306.703125 296.4295349121094
v -225.3306121826172 -312.03143310546875 311.4295654296875
v -225.75888061523438 -293.8723449707031 311.4295654296875
v -220.4304656982422 -298.95513916015625 296.4295349121094
v -212.4999237060547 -306.5202331542969 296.4295349121094
v -207.17153930664062 -311.60302734375 311.4295654296875
v -225.3306121826172 -312.03143310546875 311.4295654296875
v -220.24783325195312 -306.703125 296.4295349121094
v -212.6826934814453 -298.7722473144531 296.4295349121094
v -207.5999298095703 -293.4439392089844 311.4295654296875
v -207.17153930664062 -311.60302734375 311.4295654296875
v -212.4999237060547 -306.5202331542969 296.4295349121094
v -220.4304656982422 -298.95513916015625 296.4295349121094
v -225.75888061523438 -293.8723449707031 311.4295654296875
v -207.5999298095703 -293.4439392089844 311.4295654296875
v -212.6826934814453 -298.7722473144531 296.4295349121094
v -220.24783325195312 -306.703125 371.4295349121094
v -220.4304656982422 -298.95513916015625 371.4295349121094
v -212.4999237060547 -306.5202331542969 371.4295349121094
v -220.24783325195312 -306.703125 371.4295349121094
v -212.6826934814453 -298.7722473144531 371.4295349121094
v -212.4999237060547 -306.5202331542969 371.4295349121094
v -220.4304656982422 -298.95513916015625 371.4295349121094
v -212.6826934814453 -298.7722473144531 371.4295349121094
v -229.26039123535156 -290.36383056640625 376.3061218261719
v -229.26051330566406 -290.36383056640625 371.4295349121094
v -228.67105102539062 -315.35687255859375 371.4295349121094
v -228.67092895507812 -315.35687255859375 376.3061218261719
v -228.67092895507812 -315.35687255859375 376.3061218261719
v -228.67105102539062 -315.35687255859375 371.4295349121094
v -203.67803955078125 -314.76776123046875 371.4295349121094
v -203.67788696289062 -314.76824951171875 377.8951110839844
v -203.67788696289062 -314.76824951171875 377.8951110839844
v -203.67803955078125 -314.76776123046875 371.4295349121094
v -204.26747131347656 -289.7747497558594 371.4295349121094
v -204.26736450195312 -289.7752380371094 377.8951110839844
v -204.26736450195312 -289.7752380371094 377.8951110839844
v -204.26747131347656 -289.7747497558594 371.4295349121094
v -229.26051330566406 -290.36383056640625 371.4295349121094
v -229.26039123535156 -290.36383056640625 376.3061218261719
v -229.26051330566406 -290.36383056640625 371.4295349121094
v -220.4304656982422 -298.95513916015625 371.4295349121094
v -220.24783325195312 -306.703125 371.4295349121094
v -228.67105102539062 -315.35687255859375 371.4295349121094
v -212.4999237060547 -306.5202331542969 371.4295349121094
v -203.67803955078125 -314.76776123046875 371.4295349121094
v -212.6826934814453 -298.7722473144531 371.4295349121094
v -204.26747131347656 -289.7747497558594 371.4295349121094
v -877.1837158203125 -329.30029296875 225.2408905029297
v -874.9764404296875 -354.20263671875 225.2408905029297
v -874.9765625 -354.20263671875 232.78549194335938
v -877.1837158203125 -329.30029296875 232.78549194335938
v -874.9764404296875 -354.20263671875 225.2408905029297
v -850.0740966796875 -351.9953918457031 227.02386474609375
v -850.0740966796875 -351.9953918457031 232.78550720214844
v -874.9765625 -354.20263671875 232.78549194335938
v -850.0740966796875 -351.9953918457031 227.02386474609375
v -852.2813720703125 -327.0930480957031 227.02386474609375
v -852.2813720703125 -327.0930480957031 232.78550720214844
v -850.0740966796875 -351.9953918457031 232.78550720214844
v -852.2813720703125 -327.0930480957031 227.02386474609375
v -877.1837158203125 -329.30029296875 225.2408905029297
v -877.1837158203125 -329.30029296875 232.78549194335938
v -852.2813720703125 -327.0930480957031 232.78550720214844
v -877.1837158203125 -329.30029296875 232.78549194335938
v -874.9765625 -354.20263671875 232.78549194335938
v -867.1315307617188 -345.02117919921875 237.78550720214844
v -867.8157958984375 -337.3011169433594 237.78550720214844
v -874.9765625 -354.20263671875 232.78549194335938
v -850.0740966796875 -351.9953918457031 232.78550720214844
v -859.4117431640625 -344.3368225097656 237.78550720214844
v -867.1315307617188 -345.02117919921875 237.78550720214844
v -850.0740966796875 -351.9953918457031 232.78550720214844
v -852.2813720703125 -327.0930480957031 232.78550720214844
v -860.095947265625 -336.61676025390625 237.78550720214844
v -859.4117431640625 -344.3368225097656 237.78550720214844
v -852.2813720703125 -327.0930480957031 232.78550720214844
v -877.1837158203125 -329.30029296875 232.78549194335938
v -867.8157958984375 -337.3011169433594 237.78550720214844
v -860.095947265625 -336.61676025390625 237.78550720214844
v -867.1315307617188 -345.02117919921875 237.78550720214844
v -871.8585205078125 -350.6672668457031 252.7855224609375
v -873.4622192382812 -332.5743713378906 252.78550720214844
v -867.8157958984375 -337.3011169433594 237.78550720214844
v -859.4117431640625 -344.3368225097656 237.78550720214844
v -853.7653198242188 -349.0635681152344 252.7855224609375
v -871.8585205078125 -350.6672668457031 252.7855224609375
v -867.1315307617188 -345.02117919921875 237.78550720214844
v -860.095947265625 -336.61676025390625 237.78550720214844
v -855.3690185546875 -330.970703125 252.7855224609375
v -853.7653198242188 -349.0635681152344 252.7855224609375
v -859.4117431640625 -344.3368225097656 237.78550720214844
v -867.8157958984375 -337.3011169433594 237.78550720214844
v -873.4622192382812 -332.5743713378906 252.78550720214844
v -855.3690185546875 -330.970703125 252.7855224609375
v -860.095947265625 -336.61676025390625 237.78550720214844
v -867.1315307617188 -345.0211486816406 312.7854919433594
v -867.8157958984375 -337.30108642578125 312.7854919433594
v -859.4117431640625 -344.3367919921875 312.7854919433594
v -867.1315307617188 -345.0211486816406 312.7854919433594
v -860.095947265625 -336.6167297363281 312.7854919433594
v -859.4117431640625 -344.3367919921875 312.7854919433594
v -867.8157958984375 -337.30108642578125 312.7854919433594
v -860.095947265625 -336.6167297363281 312.7854919433594
v -877.1837158203125 -329.3002624511719 317.1958312988281
v -877.1837158203125 -329.3002624511719 312.7854919433594
v -874.9765625 -354.2026062011719 312.7854919433594
v -874.9764404296875 -354.2026062011719 317.1958312988281
v -874.9764404296875 -354.2026062011719 317.1958312988281
v -874.9765625 -354.2026062011719 312.7854919433594
v -850.0740966796875 -351.995361328125 312.7854919433594
v -850.073974609375 -351.995361328125 319.53277587890625
v -850.073974609375 -351.995361328125 319.53277587890625
v -850.0740966796875 -351.995361328125 312.7854919433594
v -852.2813720703125 -327.093017578125 312.7854919433594
v -852.2813110351562 -327.093017578125 319.53277587890625
v -852.2813110351562 -327.093017578125 319.53277587890625
v -852.2813720703125 -327.093017578125 312.7854919433594
v -877.1837158203125 -329.3002624511719 312.7854919433594
v -877.1837158203125 -329.3002624511719 317.1958312988281
v -877.1837158203125 -329.3002624511719 312.7854919433594
v -867.8157958984375 -337.30108642578125 312.7854919433594
v -867.1315307617188 -345.0211486816406 312.7854919433594
v -874.9765625 -354.2026062011719 312.7854919433594
v -859.4117431640625 -344.3367919921875 312.7854919433594
v -850.0740966796875 -351.995361328125 312.7854919433594
v -860.095947265625 -336.6167297363281 312.7854919433594
v -852.2813720703125 -327.093017578125 312.7854919433594
v -1092.699951171875 -352.5703430175781 207.36087036132812
v -1089.806884765625 -377.4021911621094 207.36087036132812
v -1089.806884765625 -377.4021911621094 212.36087036132812
v -1092.699951171875 -352.5703430175781 212.36087036132812
v -1089.806884765625 -377.4021911621094 207.36087036132812
v -1064.974853515625 -374.5094299316406 206.59922790527344
v -1064.974853515625 -374.5094299316406 212.36087036132812
v -1089.806884765625 -377.4021911621094 212.36087036132812
v -1064.974853515625 -374.5094299316406 206.59922790527344
v -1067.867919921875 -349.67706298828125 206.59922790527344
v -1067.867919921875 -349.67706298828125 212.36087036132812
v -1064.974853515625 -374.5094299316406 212.36087036132812
v -1067.867919921875 -349.67706298828125 206.59922790527344
v -1092.699951171875 -352.5703430175781 207.36087036132812
v -1092.699951171875 -352.5703430175781 212.36087036132812
v -1067.867919921875 -349.67706298828125 212.36087036132812
v -1092.699951171875 -352.5703430175781 212.36087036132812
v -1089.806884765625 -377.4021911621094 212.36087036132812
v -1082.2181396484375 -368.0079345703125 217.36085510253906
v -1083.114990234375 -360.30987548828125 217.36085510253906
v -1089.806884765625 -377.4021911621094 212.36087036132812
v -1064.974853515625 -374.5094299316406 212.36087036132812
v -1074.5201416015625 -367.1111755371094 217.36085510253906
v -1082.2181396484375 -368.0079345703125 217.36085510253906
v -1064.974853515625 -374.5094299316406 212.36087036132812
v -1067.867919921875 -349.67706298828125 212.36087036132812
v -1075.4169921875 -359.41314697265625 217.36085510253906
v -1074.5201416015625 -367.1111755371094 217.36085510253906
v -1067.867919921875 -349.67706298828125 212.36087036132812
v -1092.699951171875 -352.5703430175781 212.36087036132812
v -1083.114990234375 -360.30987548828125 217.36085510253906
v -1075.4169921875 -359.41314697265625 217.36085510253906
v -1082.2181396484375 -368.0079345703125 217.36085510253906
v -1086.78759765625 -373.7823791503906 232.36087036132812
v -1088.8895263671875 -355.7403869628906 232.36087036132812
v -1083.114990234375 -360.30987548828125 217.36085510253906
v -1074.5201416015625 -367.1111755371094 217.36085510253906
v -1068.7454833984375 -371.6806945800781 232.36087036132812
v -1086.78759765625 -373.7823791503906 232.36087036132812
v -1082.2181396484375 -368.0079345703125 217.36085510253906
v -1075.4169921875 -359.41314697265625 217.36085510253906
v -1070.8475341796875 -353.638671875 232.36087036132812
v -1068.7454833984375 -371.6806945800781 232.36087036132812
v -1074.5201416015625 -367.1111755371094 217.36085510253906
v -1083.114990234375 -360.30987548828125 217.36085510253906
v -1088.8895263671875 -355.7403869628906 232.36087036132812
v -1070.8475341796875 -353.638671875 232.36087036132812
v -1075.4169921875 -359.41314697265625 217.36085510253906
v -1082.2181396484375 -368.0079345703125 292.36083984375
v -1083.114990234375 -360.30987548828125 292.36083984375
v -1074.5201416015625 -367.1111755371094 292.36083984375
v -1082.2181396484375 -368.0079345703125 292.36083984375
v -1075.4169921875 -359.41314697265625 292.36083984375
v -1074.5201416015625 -367.1111755371094 292.36083984375
v -1083.114990234375 -360.30987548828125 292.36083984375
v -1075.4169921875 -359.41314697265625 292.36083984375
v -1092.699951171875 -352.5703430175781 298.1229553222656
v -1092.699951171875 -352.5703430175781 292.36083984375
v -1089.806884765625 -377.4021911621094 292.36083984375
v -1089.806884765625 -377.4021911621094 298.1229553222656
v -1089.806884765625 -377.4021911621094 298.1229553222656
v -1089.806884765625 -377.4021911621094 292.36083984375
v -1064.974853515625 -374.5094299316406 292.36083984375
v -1064.974853515625 -374.5099182128906 300.1351623535156
v -1064.974853515625 -374.5099182128906 300.1351623535156
v -1064.974853515625 -374.5094299316406 292.36083984375
v -1067.867919921875 -349.67706298828125 292.36083984375
v -1067.867919921875 -349.67755126953125 300.1351623535156
v -1067.867919921875 -349.67755126953125 300.1351623535156
v -1067.867919921875 -349.67706298828125 292.36083984375
v -1092.699951171875 -352.5703430175781 292.36083984375
v -1092.699951171875 -352.5703430175781 298.1229553222656
v -1092.699951171875 -352.5703430175781 292.36083984375
v -1083.114990234375 -360.30987548828125 292.36083984375
v -1082.2181396484375 -368.0079345703125 292.36083984375
v -1089.806884765625 -377.4021911621094 292.36083984375
v -1074.5201416015625 -367.1111755371094 292.36083984375
v -1064.974853515625 -374.5094299316406 292.36083984375
v -1075.4169921875 -359.41314697265625 292.36083984375
v -1067.867919921875 -349.67706298828125 292.36083984375
v -1307.314697265625 -381.0252380371094 195.02362060546875
v -1303.67236328125 -405.7583312988281 195.02362060546875
v -1303.67236328125 -405.7583312988281 200.02362060546875
v -1307.314697265625 -381.0252380371094 200.02362060546875
v -1303.67236328125 -405.7583312988281 195.02362060546875
v -1278.9390869140625 -402.1160583496094 194.261962890625
v -1278.9390869140625 -402.1160583496094 200.02362060546875
v -1303.67236328125 -405.7583312988281 200.02362060546875
v -1278.9390869140625 -402.1160583496094 194.261962890625
v -1282.5814208984375 -377.3829650878906 194.261962890625
v -1282.5814208984375 -377.3829650878906 200.02362060546875
v -1278.9390869140625 -402.1160583496094 200.02362060546875
v -1282.5814208984375 -377.3829650878906 194.261962890625
v -1307.314697265625 -381.0252380371094 195.02362060546875
v -1307.314697265625 -381.0252380371094 200.02362060546875
v -1282.5814208984375 -377.3829650878906 200.02362060546875
v -1307.314697265625 -381.0252380371094 200.02362060546875
v -1303.67236328125 -405.7583312988281 200.02362060546875
v -1296.3709716796875 -396.13897705078125 205.02362060546875
v -1297.5 -388.47174072265625 205.02362060546875
v -1303.67236328125 -405.7583312988281 200.02362060546875
v -1278.9390869140625 -402.1160583496094 200.02362060546875
v -1288.70361328125 -395.00982666015625 205.02362060546875
v -1296.3709716796875 -396.13897705078125 205.02362060546875
v -1278.9390869140625 -402.1160583496094 200.02362060546875
v -1282.5814208984375 -377.3829650878906 200.02362060546875
v -1289.832763671875 -387.34259033203125 205.02362060546875
v -1288.70361328125 -395.00982666015625 205.02362060546875
v -1282.5814208984375 -377.3829650878906 200.02362060546875
v -1307.314697265625 -381.0252380371094 200.02362060546875
v -1297.5 -388.47174072265625 205.02362060546875
v -1289.832763671875 -387.34259033203125 205.02362060546875
v -1296.3709716796875 -396.13897705078125 205.02362060546875
v -1300.7637939453125 -402.04913330078125 220.02362060546875
v -1303.41015625 -384.07855224609375 220.02362060546875
v -1297.5 -388.47174072265625 205.02362060546875
v -1288.70361328125 -395.00982666015625 205.02362060546875
v -1282.79345703125 -399.40252685546875 220.02362060546875
v -1300.7637939453125 -402.04913330078125 220.02362060546875
v -1296.3709716796875 -396.13897705078125 205.02362060546875
v -1289.832763671875 -387.34259033203125 205.02362060546875
v -1285.4398193359375 -381.43243408203125 220.02362060546875
v -1282.79345703125 -399.40252685546875 220.02362060546875
v -1288.70361328125 -395.00982666015625 205.02362060546875
v -1297.5 -388.47174072265625 205.02362060546875
v -1303.41015625 -384.07855224609375 220.02362060546875
v -1285.4398193359375 -381.43243408203125 220.02362060546875
v -1289.832763671875 -387.34259033203125 205.02362060546875
v -1296.3709716796875 -396.13897705078125 280.02362060546875
v -1297.5 -388.47174072265625 280.02362060546875
v -1288.70361328125 -395.00982666015625 280.02362060546875
v -1296.3709716796875 -396.13897705078125 280.02362060546875
v -1289.832763671875 -387.34259033203125 280.02362060546875
v -1288.70361328125 -395.00982666015625 280.02362060546875
v -1297.5 -388.47174072265625 280.02362060546875
v -1289.832763671875 -387.34259033203125 280.02362060546875
v -1307.314697265625 -381.0252380371094 285.78570556640625
v -1307.314697265625 -381.0252380371094 280.02362060546875
v -1303.67236328125 -405.7583312988281 280.02362060546875
v -1303.67236328125 -405.7583312988281 285.78570556640625
v -1303.67236328125 -405.7583312988281 285.78570556640625
v -1303.67236328125 -405.7583312988281 280.02362060546875
v -1278.9390869140625 -402.1160583496094 280.02362060546875
v -1278.9390869140625 -402.1160583496094 286.5440673828125
v -1278.9390869140625 -402.1160583496094 286.5440673828125
v -1278.9390869140625 -402.1160583496094 280.02362060546875
v -1282.5814208984375 -377.3829650878906 280.02362060546875
v -1282.5814208984375 -377.3829650878906 286.5440673828125
v -1282.5814208984375 -377.3829650878906 286.5440673828125
v -1282.5814208984375 -377.3829650878906 280.02362060546875
v -1307.314697265625 -381.0252380371094 280.02362060546875
v -1307.314697265625 -381.0252380371094 285.78570556640625
v -1307.314697265625 -381.0252380371094 280.02362060546875
v -1297.5 -388.47174072265625 280.02362060546875
v -1296.3709716796875 -396.13897705078125 280.02362060546875
v -1303.67236328125 -405.7583312988281 280.02362060546875
v -1288.70361328125 -395.00982666015625 280.02362060546875
v -1278.9390869140625 -402.1160583496094 280.02362060546875
v -1289.832763671875 -387.34259033203125 280.02362060546875
v -1282.5814208984375 -377.3829650878906 280.02362060546875
v -947.5039672851562 423.7474060058594 225.96463012695312
v -945.2966918945312 398.8450927734375 225.96463012695312
v -945.2967529296875 398.8450927734375 232.78543090820312
v -947.5039672851562 423.7474060058594 232.78543090820312
v -945.2966918945312 398.8450927734375 225.96463012695312
v -920.3943481445312 401.0523376464844 227.02378845214844
v -920.3943481445312 401.0523376464844 232.78543090820312
v -945.2967529296875 398.8450927734375 232.78543090820312
v -920.3943481445312 401.0523376464844 227.02378845214844
v -922.6016235351562 425.9546813964844 227.02378845214844
v -922.6016235351562 425.9546813964844 232.78543090820312
v -920.3943481445312 401.0523376464844 232.78543090820312
v -922.6016235351562 425.9546813964844 227.02378845214844
v -947.5039672851562 423.7474060058594 225.96463012695312
v -947.5039672851562 423.7474060058594 232.78543090820312
v -922.6016235351562 425.9546813964844 232.78543090820312
v -947.5039672851562 423.7474060058594 232.78543090820312
v -945.2967529296875 398.8450927734375 232.78543090820312
v -937.4517211914062 408.02679443359375 237.78543090820312
v -938.135986328125 415.7463684082031 237.78543090820312
v -945.2967529296875 398.8450927734375 232.78543090820312
v -920.3943481445312 401.0523376464844 232.78543090820312
v -929.7320556640625 408.7109375 237.78543090820312
v -937.4517211914062 408.02679443359375 237.78543090820312
v -920.3943481445312 401.0523376464844 232.78543090820312
v -922.6016235351562 425.9546813964844 232.78543090820312
v -930.4163208007812 416.43072509765625 237.78543090820312
v -929.7320556640625 408.7109375 237.78543090820312
v -922.6016235351562 425.9546813964844 232.78543090820312
v -947.5039672851562 423.7474060058594 232.78543090820312
v -938.135986328125 415.7463684082031 237.78543090820312
v -930.4163208007812 416.43072509765625 237.78543090820312
v -937.4517211914062 408.02679443359375 237.78543090820312
v -942.1787109375 402.38018798828125 252.7854461669922
v -943.7824096679688 420.4733581542969 252.7854461669922
v -938.135986328125 415.7463684082031 237.78543090820312
v -929.7320556640625 408.7109375 237.78543090820312
v -924.0856323242188 403.98388671875 252.7854461669922
v -942.1787109375 402.38018798828125 252.7854461669922
v -937.4517211914062 408.02679443359375 237.78543090820312
v -930.4163208007812 416.43072509765625 237.78543090820312
v -925.6893310546875 422.0770568847656 252.7854461669922
v -924.0856323242188 403.98388671875 252.7854461669922
v -929.7320556640625 408.7109375 237.78543090820312
v -938.135986328125 415.7463684082031 237.78543090820312
v -943.7824096679688 420.4733581542969 252.7854461669922
v -925.6893310546875 422.0770568847656 252.7854461669922
v -930.4163208007812 416.43072509765625 237.78543090820312
v -937.4517211914062 408.0268249511719 312.7854309082031
v -938.135986328125 415.74639892578125 312.7854309082031
v -929.7320556640625 408.7109680175781 312.7854309082031
v -937.4517211914062 408.0268249511719 312.7854309082031
v -930.4163208007812 416.4307556152344 312.7854309082031
v -929.7320556640625 408.7109680175781 312.7854309082031
v -938.135986328125 415.74639892578125 312.7854309082031
v -930.4163208007812 416.4307556152344 312.7854309082031
v -947.5039672851562 423.7474365234375 318.5475158691406
v -947.5039672851562 423.7474365234375 312.7854309082031
v -945.2967529296875 398.8451232910156 312.7854309082031
v -945.2967529296875 398.8451232910156 318.5475158691406
v -945.2967529296875 398.8451232910156 318.5475158691406
v -945.2967529296875 398.8451232910156 312.7854309082031
v -920.3943481445312 401.0523681640625 312.7854309082031
v -920.3943481445312 401.0523681640625 320.3805236816406
v -920.3943481445312 401.0523681640625 320.3805236816406
v -920.3943481445312 401.0523681640625 312.7854309082031
v -922.6016235351562 425.9547119140625 312.7854309082031
v -922.6016235351562 425.9547119140625 320.3805236816406
v -922.6016235351562 425.9547119140625 320.3805236816406
v -922.6016235351562 425.9547119140625 312.7854309082031
v -947.5039672851562 423.7474365234375 312.7854309082031
v -947.5039672851562 423.7474365234375 318.5475158691406
v -947.5039672851562 423.7474365234375 312.7854309082031
v -938.135986328125 415.74639892578125 312.7854309082031
v -937.4517211914062 408.0268249511719 312.7854309082031
v -945.2967529296875 398.8451232910156 312.7854309082031
v -929.7320556640625 408.7109680175781 312.7854309082031
v -920.3943481445312 401.0523681640625 312.7854309082031
v -930.4163208007812 416.4307556152344 312.7854309082031
v -922.6016235351562 425.9547119140625 312.7854309082031
v -1180.3875732421875 398.8988037109375 207.36080932617188
v -1177.4945068359375 374.0666809082031 207.36080932617188
v -1177.4945068359375 374.0666809082031 212.36080932617188
v -1180.3875732421875 398.8988037109375 212.36080932617188
v -1177.4945068359375 374.0666809082031 207.36080932617188
v -1152.6624755859375 376.959716796875 206.59913635253906
v -1152.6624755859375 376.959716796875 212.36080932617188
v -1177.4945068359375 374.0666809082031 212.36080932617188
v -1152.6624755859375 376.959716796875 206.59913635253906
v -1155.5555419921875 401.7918395996094 206.59913635253906
v -1155.5555419921875 401.7918395996094 212.36080932617188
v -1152.6624755859375 376.959716796875 212.36080932617188
v -1155.5555419921875 401.7918395996094 206.59913635253906
v -1180.3875732421875 398.8988037109375 207.36080932617188
v -1180.3875732421875 398.8988037109375 212.36080932617188
v -1155.5555419921875 401.7918395996094 212.36080932617188
v -1180.3875732421875 398.8988037109375 212.36080932617188
v -1177.4945068359375 374.0666809082031 212.36080932617188
v -1169.9056396484375 383.4612121582031 217.3607940673828
v -1170.802490234375 391.15899658203125 217.3607940673828
v -1177.4945068359375 374.0666809082031 212.36080932617188
v -1152.6624755859375 376.959716796875 212.36080932617188
v -1162.207763671875 384.35797119140625 217.3607940673828
v -1169.9056396484375 383.4612121582031 217.3607940673828
v -1152.6624755859375 376.959716796875 212.36080932617188
v -1155.5555419921875 401.7918395996094 212.36080932617188
v -1163.1046142578125 392.0559997558594 217.3607940673828
v -1162.207763671875 384.35797119140625 217.3607940673828
v -1155.5555419921875 401.7918395996094 212.36080932617188
v -1180.3875732421875 398.8988037109375 212.36080932617188
v -1170.802490234375 391.15899658203125 217.3607940673828
v -1163.1046142578125 392.0559997558594 217.3607940673828
v -1169.9056396484375 383.4612121582031 217.3607940673828
v -1174.47509765625 377.6864929199219 232.36080932617188
v -1176.5771484375 395.728515625 232.36080932617188
v -1170.802490234375 391.15899658203125 217.3607940673828
v -1162.207763671875 384.35797119140625 217.3607940673828
v -1156.43310546875 379.7884521484375 232.36080932617188
v -1174.47509765625 377.6864929199219 232.36080932617188
v -1169.9056396484375 383.4612121582031 217.3607940673828
v -1163.1046142578125 392.0559997558594 217.3607940673828
v -1158.5350341796875 397.8304748535156 232.36080932617188
v -1156.43310546875 379.7884521484375 232.36080932617188
v -1162.207763671875 384.35797119140625 217.3607940673828
v -1170.802490234375 391.15899658203125 217.3607940673828
v -1176.5771484375 395.728515625 232.36080932617188
v -1158.5350341796875 397.8304748535156 232.36080932617188
v -1163.1046142578125 392.0559997558594 217.3607940673828
v -1169.9056396484375 383.4612121582031 292.36077880859375
v -1170.802490234375 391.15899658203125 292.36077880859375
v -1162.207763671875 384.35797119140625 292.36077880859375
v -1169.9056396484375 383.4612121582031 292.36077880859375
v -1163.1046142578125 392.0559997558594 292.36077880859375
v -1162.207763671875 384.35797119140625 292.36077880859375
v -1170.802490234375 391.15899658203125 292.36077880859375
v -1163.1046142578125 392.0559997558594 292.36077880859375
v -1180.3875732421875 398.8988037109375 298.12286376953125
v -1180.3875732421875 398.8988037109375 292.36077880859375
v -1177.4945068359375 374.0666809082031 292.36077880859375
v -1177.4945068359375 374.0666809082031 298.12286376953125
v -1177.4945068359375 374.0666809082031 298.12286376953125
v -1177.4945068359375 374.0666809082031 292.36077880859375
v -1152.6624755859375 376.959716796875 292.36077880859375
v -1152.6624755859375 376.95947265625 300.27398681640625
v -1152.6624755859375 376.95947265625 300.27398681640625
v -1152.6624755859375 376.959716796875 292.36077880859375
v -1155.5555419921875 401.7918395996094 292.36077880859375
v -1155.5555419921875 401.7915344238281 300.27398681640625
v -1155.5555419921875 401.7915344238281 300.27398681640625
v -1155.5555419921875 401.7918395996094 292.36077880859375
v -1180.3875732421875 398.8988037109375 292.36077880859375
v -1180.3875732421875 398.8988037109375 298.12286376953125
v -1180.3875732421875 398.8988037109375 292.36077880859375
v -1170.802490234375 391.15899658203125 292.36077880859375
v -1169.9056396484375 383.4612121582031 292.36077880859375
v -1177.4945068359375 374.0666809082031 292.36077880859375
v -1162.207763671875 384.35797119140625 292.36077880859375
v -1152.6624755859375 376.959716796875 292.36077880859375
v -1163.1046142578125 392.0559997558594 292.36077880859375
v -1155.5555419921875 401.7918395996094 292.36077880859375
v -1412.470947265625 367.87872314453125 195.0235595703125
v -1408.8287353515625 343.1453857421875 195.0235595703125
v -1408.8287353515625 343.1453857421875 200.0235595703125
v -1412.470947265625 367.87872314453125 200.0235595703125
v -1408.8287353515625 343.1453857421875 195.0235595703125
v -1384.095458984375 346.78765869140625 194.26190185546875
v -1384.095458984375 346.78765869140625 200.0235595703125
v -1408.8287353515625 343.1453857421875 200.0235595703125
v -1384.095458984375 346.78765869140625 194.26190185546875
v -1387.7376708984375 371.5209655761719 194.26190185546875
v -1387.7376708984375 371.5209655761719 200.0235595703125
v -1384.095458984375 346.78765869140625 200.0235595703125
v -1387.7376708984375 371.5209655761719 194.26190185546875
v -1412.470947265625 367.87872314453125 195.0235595703125
v -1412.470947265625 367.87872314453125 200.0235595703125
v -1387.7376708984375 371.5209655761719 200.0235595703125
v -1412.470947265625 367.87872314453125 200.0235595703125
v -1408.8287353515625 343.1453857421875 200.0235595703125
v -1401.5272216796875 352.76495361328125 205.0235595703125
v -1402.6563720703125 360.43218994140625 205.0235595703125
v -1408.8287353515625 343.1453857421875 200.0235595703125
v -1384.095458984375 346.78765869140625 200.0235595703125
v -1393.8599853515625 353.89410400390625 205.0235595703125
v -1401.5272216796875 352.76495361328125 205.0235595703125
v -1384.095458984375 346.78765869140625 200.0235595703125
v -1387.7376708984375 371.5209655761719 200.0235595703125
v -1394.989013671875 361.56134033203125 205.0235595703125
v -1393.8599853515625 353.89410400390625 205.0235595703125
v -1387.7376708984375 371.5209655761719 200.0235595703125
v -1412.470947265625 367.87872314453125 200.0235595703125
v -1402.6563720703125 360.43218994140625 205.0235595703125
v -1394.989013671875 361.56134033203125 205.0235595703125
v -1401.5272216796875 352.76495361328125 205.0235595703125
v -1405.920166015625 346.85479736328125 220.0235595703125
v -1408.5665283203125 364.82513427734375 220.0235595703125
v -1402.6563720703125 360.43218994140625 205.0235595703125
v -1393.8599853515625 353.89410400390625 205.0235595703125
v -1387.9498291015625 349.50115966796875 220.0235595703125
v -1405.920166015625 346.85479736328125 220.0235595703125
v -1401.5272216796875 352.76495361328125 205.0235595703125
v -1394.989013671875 361.56134033203125 205.0235595703125
v -1390.59619140625 367.47149658203125 220.0235595703125
v -1387.9498291015625 349.50115966796875 220.0235595703125
v -1393.8599853515625 353.89410400390625 205.0235595703125
v -1402.6563720703125 360.43218994140625 205.0235595703125
v -1408.5665283203125 364.82513427734375 220.0235595703125
v -1390.59619140625 367.47149658203125 220.0235595703125
v -1394.989013671875 361.56134033203125 205.0235595703125
v -1401.5272216796875 352.76495361328125 280.0235595703125
v -1402.6563720703125 360.43218994140625 280.0235595703125
v -1393.8599853515625 353.89410400390625 280.0235595703125
v -1401.5272216796875 352.76495361328125 280.0235595703125
v -1394.989013671875 361.56134033203125 280.0235595703125
v -1393.8599853515625 353.89410400390625 280.0235595703125
v -1402.6563720703125 360.43218994140625 280.0235595703125
v -1394.989013671875 361.56134033203125 280.0235595703125
v -1412.470947265625 367.87872314453125 285.78564453125
v -1412.470947265625 367.87872314453125 280.0235595703125
v -1408.8287353515625 343.1453857421875 280.0235595703125
v -1408.8287353515625 343.1453857421875 285.78564453125
v -1408.8287353515625 343.1453857421875 285.78564453125
v -1408.8287353515625 343.1453857421875 280.0235595703125
v -1384.095458984375 346.78765869140625 280.0235595703125
v -1384.095458984375 346.78741455078125 287.40447998046875
v -1384.095458984375 346.78741455078125 287.40447998046875
v -1384.095458984375 346.78765869140625 280.0235595703125
v -1387.7376708984375 371.5209655761719 280.0235595703125
v -1387.7376708984375 371.5207214355469 287.40447998046875
v -1387.7376708984375 371.5207214355469 287.40447998046875
v -1387.7376708984375 371.5209655761719 280.0235595703125
v -1412.470947265625 367.87872314453125 280.0235595703125
v -1412.470947265625 367.87872314453125 285.78564453125
v -1412.470947265625 367.87872314453125 280.0235595703125
v -1402.6563720703125 360.43218994140625 280.0235595703125
v -1401.5272216796875 352.76495361328125 280.0235595703125
v -1408.8287353515625 343.1453857421875 280.0235595703125
v -1393.8599853515625 353.89410400390625 280.0235595703125
v -1384.095458984375 346.78765869140625 280.0235595703125
v -1394.989013671875 361.56134033203125 280.0235595703125
v -1387.7376708984375 371.5209655761719 280.0235595703125
v 245.6554412841797 466.12799072265625 284.5760192871094
v 245.6554412841797 466.12799072265625 291.42950439453125
v 245.06594848632812 441.13494873046875 291.42950439453125
v 245.06594848632812 441.13494873046875 284.5760192871094
v 245.06594848632812 441.13494873046875 284.5760192871094
v 245.06594848632812 441.13494873046875 291.42950439453125
v 220.07276916503906 441.7242736816406 291.42950439453125
v 220.07276916503906 441.7242736816406 285.6678771972656
v 220.07276916503906 441.7242736816406 285.6678771972656
v 220.07276916503906 441.7242736816406 291.42950439453125
v 220.66236877441406 466.7173767089844 291.42950439453125
v 220.66236877441406 466.7173767089844 285.6678771972656
v 220.66236877441406 466.7173767089844 285.6678771972656
v 220.66236877441406 466.7173767089844 291.42950439453125
v 245.6554412841797 466.12799072265625 291.42950439453125
v 245.6554412841797 466.12799072265625 284.5760192871094
v 245.6554412841797 466.12799072265625 291.42950439453125
v 236.8253173828125 457.53662109375 296.42950439453125
v 236.64260864257812 449.7890930175781 296.42950439453125
v 245.06594848632812 441.13494873046875 291.42950439453125
v 245.06594848632812 441.13494873046875 291.42950439453125
v 236.64260864257812 449.7890930175781 296.42950439453125
v 228.8946533203125 449.9718933105469 296.42950439453125
v 220.07276916503906 441.7242736816406 291.42950439453125
v 220.07276916503906 441.7242736816406 291.42950439453125
v 228.8946533203125 449.9718933105469 296.42950439453125
v 229.0774688720703 457.7197265625 296.42950439453125
v 220.66236877441406 466.7173767089844 291.42950439453125
v 220.66236877441406 466.7173767089844 291.42950439453125
v 229.0774688720703 457.7197265625 296.42950439453125
v 236.8253173828125 457.53662109375 296.42950439453125
v 245.6554412841797 466.12799072265625 291.42950439453125
v 236.64260864257812 449.7890930175781 296.42950439453125
v 236.8253173828125 457.53662109375 296.42950439453125
v 242.15377807617188 462.6199035644531 311.42950439453125
v 241.72537231445312 444.4606018066406 311.42950439453125
v 228.8946533203125 449.9718933105469 296.42950439453125
v 236.64260864257812 449.7890930175781 296.42950439453125
v 241.72537231445312 444.4606018066406 311.42950439453125
v 223.56643676757812 444.888916015625 311.42950439453125
v 229.0774688720703 457.7197265625 296.42950439453125
v 228.8946533203125 449.9718933105469 296.42950439453125
v 223.56643676757812 444.888916015625 311.42950439453125
v 223.99459838867188 463.04791259765625 311.42950439453125
v 236.8253173828125 457.53662109375 296.42950439453125
v 229.0774688720703 457.7197265625 296.42950439453125
v 223.99459838867188 463.04791259765625 311.42950439453125
v 242.15377807617188 462.6199035644531 311.42950439453125
v 236.64260864257812 449.7890930175781 371.42950439453125
v 236.8253173828125 457.53662109375 371.42950439453125
v 228.8946533203125 449.9718933105469 371.42950439453125
v 236.64260864257812 449.7890930175781 371.42950439453125
v 229.0774688720703 457.7197265625 371.42950439453125
v 228.8946533203125 449.9718933105469 371.42950439453125
v 236.8253173828125 457.53662109375 371.42950439453125
v 229.0774688720703 457.7197265625 371.42950439453125
v 245.6554412841797 466.12799072265625 377.1916198730469
v 245.06594848632812 441.13494873046875 377.1916198730469
v 245.06594848632812 441.13494873046875 371.42950439453125
v 245.6554412841797 466.12799072265625 371.42950439453125
v 245.06594848632812 441.13494873046875 377.1916198730469
v 220.07276916503906 441.7242736816406 377.95489501953125
v 220.07276916503906 441.7242736816406 371.42950439453125
v 245.06594848632812 441.13494873046875 371.42950439453125
v 220.07276916503906 441.7242736816406 377.95489501953125
v 220.66236877441406 466.7173767089844 377.95489501953125
v 220.66236877441406 466.7173767089844 371.42950439453125
v 220.07276916503906 441.7242736816406 371.42950439453125
v 220.66236877441406 466.7173767089844 377.95489501953125
v 245.6554412841797 466.12799072265625 377.1916198730469
v 245.6554412841797 466.12799072265625 371.42950439453125
v 220.66236877441406 466.7173767089844 371.42950439453125
v 245.6554412841797 466.12799072265625 371.42950439453125
v 245.06594848632812 441.13494873046875 371.42950439453125
v 236.64260864257812 449.7890930175781 371.42950439453125
v 236.8253173828125 457.53662109375 371.42950439453125
v 220.07276916503906 441.7242736816406 371.42950439453125
v 228.8946533203125 449.9718933105469 371.42950439453125
v 220.66236877441406 466.7173767089844 371.42950439453125
v 229.0774688720703 457.7197265625 371.42950439453125
v 480.34503173828125 457.21337890625 269.1356201171875
v 480.34503173828125 457.213623046875 276.6991271972656
v 479.08001708984375 432.2455139160156 276.6991271972656
v 479.08001708984375 432.2452697753906 269.1356201171875
v 479.08001708984375 432.2452697753906 269.1356201171875
v 479.08001708984375 432.2455139160156 276.6991271972656
v 454.11212158203125 433.5104675292969 276.6991271972656
v 454.11212158203125 433.5104675292969 270.9375
v 454.11212158203125 433.5104675292969 270.9375
v 454.11212158203125 433.5104675292969 276.6991271972656
v 455.3769836425781 458.478515625 276.6991271972656
v 455.3769836425781 458.478515625 270.9375
v 455.3769836425781 458.478515625 270.9375
v 455.3769836425781 458.478515625 276.6991271972656
v 480.34503173828125 457.213623046875 276.6991271972656
v 480.34503173828125 457.21337890625 269.1356201171875
v 480.34503173828125 457.213623046875 276.6991271972656
v 471.285888671875 448.8641662597656 281.69915771484375
v 470.8938293457031 441.12408447265625 281.69915771484375
v 479.08001708984375 432.2455139160156 276.6991271972656
v 479.08001708984375 432.2455139160156 276.6991271972656
v 470.8938293457031 441.12408447265625 281.69915771484375
v 463.15374755859375 441.5161437988281 281.69915771484375
v 454.11212158203125 433.5104675292969 276.6991271972656
v 454.11212158203125 433.5104675292969 276.6991271972656
v 463.15374755859375 441.5161437988281 281.69915771484375
v 463.5458068847656 449.2564392089844 281.69915771484375
v 455.3769836425781 458.478515625 276.6991271972656
v 455.3769836425781 458.478515625 276.6991271972656
v 463.5458068847656 449.2564392089844 281.69915771484375
v 471.285888671875 448.8641662597656 281.69915771484375
v 480.34503173828125 457.213623046875 276.6991271972656
v 470.8938293457031 441.12408447265625 281.69915771484375
v 471.285888671875 448.8641662597656 281.69915771484375
v 476.7497863769531 453.80120849609375 296.69915771484375
v 475.8307189941406 435.6603698730469 296.69915771484375
v 463.15374755859375 441.5161437988281 281.69915771484375
v 470.8938293457031 441.12408447265625 281.69915771484375
v 475.8307189941406 435.6603698730469 296.69915771484375
v 457.68988037109375 436.5793762207031 296.69915771484375
v 463.5458068847656 449.2564392089844 281.69915771484375
v 463.15374755859375 441.5161437988281 281.69915771484375
v 457.68988037109375 436.5793762207031 296.69915771484375
v 458.6089172363281 454.72021484375 296.69915771484375
v 471.285888671875 448.8641662597656 281.69915771484375
v 463.5458068847656 449.2564392089844 281.69915771484375
v 458.6089172363281 454.72021484375 296.69915771484375
v 476.7497863769531 453.80120849609375 296.69915771484375
v 470.893798828125 441.1241149902344 356.69915771484375
v 471.2858581542969 448.86419677734375 356.69915771484375
v 463.1537170410156 441.51617431640625 356.69915771484375
v 470.893798828125 441.1241149902344 356.69915771484375
v 463.5457763671875 449.2564697265625 356.69915771484375
v 463.1537170410156 441.51617431640625 356.69915771484375
v 471.2858581542969 448.86419677734375 356.69915771484375
v 463.5457763671875 449.2564697265625 356.69915771484375
v 480.3450012207031 457.2136535644531 362.46124267578125
v 479.0799865722656 432.24554443359375 362.46124267578125
v 479.0799865722656 432.24554443359375 356.69915771484375
v 480.3450012207031 457.2136535644531 356.69915771484375
v 479.0799865722656 432.24554443359375 362.46124267578125
v 454.1119384765625 433.51025390625 362.53466796875
v 454.1120910644531 433.510498046875 356.6991271972656
v 479.0799865722656 432.24554443359375 356.69915771484375
v 454.1119384765625 433.51025390625 362.53466796875
v 455.376953125 458.47833251953125 362.53466796875
v 455.376953125 458.4785461425781 356.6991271972656
v 454.1120910644531 433.510498046875 356.6991271972656
v 455.376953125 458.47833251953125 362.53466796875
v 480.3450012207031 457.2136535644531 362.46124267578125
v 480.3450012207031 457.2136535644531 356.69915771484375
v 455.376953125 458.4785461425781 356.6991271972656
v 480.3450012207031 457.2136535644531 356.69915771484375
v 479.0799865722656 432.24554443359375 356.69915771484375
v 470.893798828125 441.1241149902344 356.69915771484375
v 471.2858581542969 448.86419677734375 356.69915771484375
v 454.1120910644531 433.510498046875 356.6991271972656
v 463.1537170410156 441.51617431640625 356.69915771484375
v 455.376953125 458.4785461425781 356.6991271972656
v 463.5457763671875 449.2564697265625 356.69915771484375
v 445.58697509765625 -298.3037414550781 268.54058837890625
v 445.58709716796875 -298.3037414550781 276.6991882324219
v 444.3221130371094 -323.27178955078125 276.6991882324219
v 444.3221130371094 -323.27178955078125 268.54058837890625
v 444.3221130371094 -323.27178955078125 268.54058837890625
v 444.3221130371094 -323.27178955078125 276.6991882324219
v 419.3541564941406 -322.00689697265625 276.6991882324219
v 419.3541564941406 -322.00689697265625 270.93756103515625
v 419.3541564941406 -322.00689697265625 270.93756103515625
v 419.3541564941406 -322.00689697265625 276.6991882324219
v 420.6190490722656 -297.0388488769531 276.6991882324219
v 420.6190490722656 -297.0388488769531 270.93756103515625
v 420.6190490722656 -297.0388488769531 270.93756103515625
v 420.6190490722656 -297.0388488769531 276.6991882324219
v 445.58709716796875 -298.3037414550781 276.6991882324219
v 445.58697509765625 -298.3037414550781 268.54058837890625
v 445.58709716796875 -298.3037414550781 276.6991882324219
v 436.5279235839844 -306.6524658203125 281.6991882324219
v 436.1358642578125 -314.39276123046875 281.6991882324219
v 444.3221130371094 -323.27178955078125 276.6991882324219
v 444.3221130371094 -323.27178955078125 276.6991882324219
v 436.1358642578125 -314.39276123046875 281.6991882324219
v 428.3957824707031 -314.0004577636719 281.6991882324219
v 419.3541564941406 -322.00689697265625 276.6991882324219
v 419.3541564941406 -322.00689697265625 276.6991882324219
v 428.3957824707031 -314.0004577636719 281.6991882324219
v 428.78790283203125 -306.2606506347656 281.6991882324219
v 420.6190490722656 -297.0388488769531 276.6991882324219
v 420.6190490722656 -297.0388488769531 276.6991882324219
v 428.78790283203125 -306.2606506347656 281.6991882324219
v 436.5279235839844 -306.6524658203125 281.6991882324219
v 445.58709716796875 -298.3037414550781 276.6991882324219
v 436.1358642578125 -314.39276123046875 281.6991882324219
v 436.5279235839844 -306.6524658203125 281.6991882324219
v 441.9918212890625 -301.7156677246094 296.69921875
v 441.07275390625 -319.85650634765625 296.69921875
v 428.3957824707031 -314.0004577636719 281.6991882324219
v 436.1358642578125 -314.39276123046875 281.6991882324219
v 441.07275390625 -319.85650634765625 296.69921875
v 422.93194580078125 -318.937744140625 296.69921875
v 428.78790283203125 -306.2606506347656 281.6991882324219
v 428.3957824707031 -314.0004577636719 281.6991882324219
v 422.93194580078125 -318.937744140625 296.69921875
v 423.8511047363281 -300.7969055175781 296.69921875
v 436.5279235839844 -306.6524658203125 281.6991882324219
v 428.78790283203125 -306.2606506347656 281.6991882324219
v 423.8511047363281 -300.7969055175781 296.69921875
v 441.9918212890625 -301.7156677246094 296.69921875
v 436.1358337402344 -314.3927307128906 356.6991882324219
v 436.52789306640625 -306.6524353027344 356.6991882324219
v 428.395751953125 -314.00042724609375 356.6991882324219
v 436.1358337402344 -314.3927307128906 356.6991882324219
v 428.7878723144531 -306.2606201171875 356.6991882324219
v 428.395751953125 -314.00042724609375 356.6991882324219
v 436.52789306640625 -306.6524353027344 356.6991882324219
v 428.7878723144531 -306.2606201171875 356.6991882324219
v 445.5869445800781 -298.3037109375 360.768310546875
v 444.32208251953125 -323.2717590332031 360.768310546875
v 444.32208251953125 -323.2717590332031 356.6991882324219
v 445.5870666503906 -298.3037109375 356.6991882324219
v 444.32208251953125 -323.2717590332031 360.768310546875
v 419.3541259765625 -322.0068664550781 362.6430358886719
v 419.3541259765625 -322.0068664550781 356.6991882324219
v 444.32208251953125 -323.2717590332031 356.6991882324219
v 419.3541259765625 -322.0068664550781 362.6430358886719
v 420.6190185546875 -297.038818359375 362.6430358886719
v 420.6190185546875 -297.038818359375 356.6991882324219
v 419.3541259765625 -322.0068664550781 356.6991882324219
v 420.6190185546875 -297.038818359375 362.6430358886719
v 445.5869445800781 -298.3037109375 360.768310546875
v 445.5870666503906 -298.3037109375 356.6991882324219
v 420.6190185546875 -297.038818359375 356.6991882324219
v 445.5870666503906 -298.3037109375 356.6991882324219
v 444.32208251953125 -323.2717590332031 356.6991882324219
v 436.1358337402344 -314.3927307128906 356.6991882324219
v 436.52789306640625 -306.6524353027344 356.6991882324219
v 419.3541259765625 -322.0068664550781 356.6991882324219
v 428.395751953125 -314.00042724609375 356.6991882324219
v 420.6190185546875 -297.038818359375 356.6991882324219
v 428.7878723144531 -306.2606201171875 356.6991882324219
v 228.94432067871094 -290.37188720703125 283.8893127441406
v 228.94447326660156 -290.37188720703125 291.4295654296875
v 228.35494995117188 -315.36468505859375 291.4295654296875
v 228.35482788085938 -315.36468505859375 283.8893127441406
v 228.35482788085938 -315.36468505859375 283.8893127441406
v 228.35494995117188 -315.36468505859375 291.4295654296875
v 203.36192321777344 -314.77557373046875 291.4295654296875
v 203.36192321777344 -314.77557373046875 285.66790771484375
v 203.36192321777344 -314.77557373046875 285.66790771484375
v 203.36192321777344 -314.77557373046875 291.4295654296875
v 203.95140075683594 -289.7827453613281 291.4295654296875
v 203.95140075683594 -289.7827453613281 285.66790771484375
v 203.95140075683594 -289.7827453613281 285.66790771484375
v 203.95140075683594 -289.7827453613281 291.4295654296875
v 228.94447326660156 -290.37188720703125 291.4295654296875
v 228.94432067871094 -290.37188720703125 283.8893127441406
v 228.94447326660156 -290.37188720703125 291.4295654296875
v 220.11434936523438 -298.9627380371094 296.4295654296875
v 219.9317626953125 -306.7108154296875 296.4295654296875
v 228.35494995117188 -315.36468505859375 291.4295654296875
v 228.35494995117188 -315.36468505859375 291.4295654296875
v 219.9317626953125 -306.7108154296875 296.4295654296875
v 212.1837921142578 -306.5279846191406 296.4295654296875
v 203.36192321777344 -314.77557373046875 291.4295654296875
v 203.36192321777344 -314.77557373046875 291.4295654296875
v 212.1837921142578 -306.5279846191406 296.4295654296875
v 212.3666229248047 -298.7799072265625 296.4295654296875
v 203.95140075683594 -289.7827453613281 291.4295654296875
v 203.95140075683594 -289.7827453613281 291.4295654296875
v 212.3666229248047 -298.7799072265625 296.4295654296875
v 220.11434936523438 -298.9627380371094 296.4295654296875
v 228.94447326660156 -290.37188720703125 291.4295654296875
v 219.9317626953125 -306.7108154296875 296.4295654296875
v 220.11434936523438 -298.9627380371094 296.4295654296875
v 225.4427947998047 -293.8799743652344 311.4295654296875
v 225.01449584960938 -312.0392761230469 311.4295654296875
v 212.1837921142578 -306.5279846191406 296.4295654296875
v 219.9317626953125 -306.7108154296875 296.4295654296875
v 225.01449584960938 -312.0392761230469 311.4295654296875
v 206.85546875 -311.6107177734375 311.4295654296875
v 212.3666229248047 -298.7799072265625 296.4295654296875
v 212.1837921142578 -306.5279846191406 296.4295654296875
v 206.85546875 -311.6107177734375 311.4295654296875
v 207.28375244140625 -293.4519348144531 311.4295654296875
v 220.11434936523438 -298.9627380371094 296.4295654296875
v 212.3666229248047 -298.7799072265625 296.4295654296875
v 207.28375244140625 -293.4519348144531 311.4295654296875
v 225.4427947998047 -293.8799743652344 311.4295654296875
v 219.9317626953125 -306.7108154296875 371.4295654296875
v 220.11434936523438 -298.9627380371094 371.4295654296875
v 212.1837921142578 -306.5279846191406 371.4295654296875
v 219.9317626953125 -306.7108154296875 371.4295654296875
v 212.3666229248047 -298.7799072265625 371.4295654296875
v 212.1837921142578 -306.5279846191406 371.4295654296875
v 220.11434936523438 -298.9627380371094 371.4295654296875
v 212.3666229248047 -298.7799072265625 371.4295654296875
v 228.94432067871094 -290.37188720703125 376.30615234375
v 228.35482788085938 -315.36468505859375 376.30615234375
v 228.35494995117188 -315.36468505859375 371.4295654296875
v 228.94444274902344 -290.37188720703125 371.4295654296875
v 228.35482788085938 -315.36468505859375 376.30615234375
v 203.3617706298828 -314.77606201171875 377.8951416015625
v 203.36192321777344 -314.77557373046875 371.4295654296875
v 228.35494995117188 -315.36468505859375 371.4295654296875
v 203.3617706298828 -314.77606201171875 377.8951416015625
v 203.9512939453125 -289.7832336425781 377.8951416015625
v 203.95140075683594 -289.7827453613281 371.4295654296875
v 203.36192321777344 -314.77557373046875 371.4295654296875
v 203.9512939453125 -289.7832336425781 377.8951416015625
v 228.94432067871094 -290.37188720703125 376.30615234375
v 228.94444274902344 -290.37188720703125 371.4295654296875
v 203.95140075683594 -289.7827453613281 371.4295654296875
v 228.94444274902344 -290.37188720703125 371.4295654296875
v 228.35494995117188 -315.36468505859375 371.4295654296875
v 219.9317626953125 -306.7108154296875 371.4295654296875
v 220.11434936523438 -298.9627380371094 371.4295654296875
v 203.36192321777344 -314.77557373046875 371.4295654296875
v 212.1837921142578 -306.5279846191406 371.4295654296875
v 203.95140075683594 -289.7827453613281 371.4295654296875
v 212.3666229248047 -298.7799072265625 371.4295654296875
v 876.86767578125 -329.3080139160156 225.2410430908203
v 876.86767578125 -329.3080139160156 232.78565979003906
v 874.6602783203125 -354.21038818359375 232.78565979003906
v 874.6602783203125 -354.21038818359375 225.2410430908203
v 874.6602783203125 -354.21038818359375 225.2410430908203
v 874.6602783203125 -354.21038818359375 232.78565979003906
v 849.7579345703125 -352.0030822753906 232.78564453125
v 849.7579345703125 -352.0030822753906 227.0240020751953
v 849.7579345703125 -352.0030822753906 227.0240020751953
v 849.7579345703125 -352.0030822753906 232.78564453125
v 851.96533203125 -327.1007080078125 232.78564453125
v 851.96533203125 -327.1007080078125 227.0240020751953
v 851.96533203125 -327.1007080078125 227.0240020751953
v 851.96533203125 -327.1007080078125 232.78564453125
v 876.86767578125 -329.3080139160156 232.78565979003906
v 876.86767578125 -329.3080139160156 225.2410430908203
v 876.86767578125 -329.3080139160156 232.78565979003906
v 867.49951171875 -337.30865478515625 237.78564453125
v 866.8155517578125 -345.0290222167969 237.78564453125
v 874.6602783203125 -354.21038818359375 232.78565979003906
v 874.6602783203125 -354.21038818359375 232.78565979003906
v 866.8155517578125 -345.0290222167969 237.78564453125
v 859.0956420898438 -344.3447265625 237.78564453125
v 849.7579345703125 -352.0030822753906 232.78564453125
v 849.7579345703125 -352.0030822753906 232.78564453125
v 859.0956420898438 -344.3447265625 237.78564453125
v 859.7799072265625 -336.6243591308594 237.78564453125
v 851.96533203125 -327.1007080078125 232.78564453125
v 851.96533203125 -327.1007080078125 232.78564453125
v 859.7799072265625 -336.6243591308594 237.78564453125
v 867.49951171875 -337.30865478515625 237.78564453125
v 876.86767578125 -329.3080139160156 232.78565979003906
v 866.8155517578125 -345.0290222167969 237.78564453125
v 867.49951171875 -337.30865478515625 237.78564453125
v 873.146240234375 -332.5823059082031 252.78565979003906
v 871.5423583984375 -350.6749267578125 252.78564453125
v 859.0956420898438 -344.3447265625 237.78564453125
v 866.8155517578125 -345.0290222167969 237.78564453125
v 871.5423583984375 -350.6749267578125 252.78564453125
v 853.44921875 -349.0715637207031 252.78564453125
v 859.7799072265625 -336.6243591308594 237.78564453125
v 859.0956420898438 -344.3447265625 237.78564453125
v 853.44921875 -349.0715637207031 252.78564453125
v 855.0528564453125 -330.97845458984375 252.78564453125
v 867.49951171875 -337.30865478515625 237.78564453125
v 859.7799072265625 -336.6243591308594 237.78564453125
v 855.0528564453125 -330.97845458984375 252.78564453125
v 873.146240234375 -332.5823059082031 252.78565979003906
v 866.8155517578125 -345.0290222167969 312.78564453125
v 867.49951171875 -337.30865478515625 312.78564453125
v 859.0956420898438 -344.3447265625 312.78564453125
v 866.8155517578125 -345.0290222167969 312.78564453125
v 859.7799072265625 -336.6243591308594 312.78564453125
v 859.0956420898438 -344.3447265625 312.78564453125
v 867.49951171875 -337.30865478515625 312.78564453125
v 859.7799072265625 -336.6243591308594 312.78564453125
v 876.86767578125 -329.3080139160156 317.1960144042969
v 874.6602783203125 -354.21038818359375 317.1960144042969
v 874.6602783203125 -354.21038818359375 312.78564453125
v 876.86767578125 -329.3080139160156 312.78564453125
v 874.6602783203125 -354.21038818359375 317.1960144042969
v 849.7579345703125 -352.0030822753906 319.53289794921875
v 849.7579345703125 -352.0030822753906 312.78564453125
v 874.6602783203125 -354.21038818359375 312.78564453125
v 849.7579345703125 -352.0030822753906 319.53289794921875
v 851.96533203125 -327.1007080078125 319.53289794921875
v 851.96533203125 -327.1007080078125 312.78564453125
v 849.7579345703125 -352.0030822753906 312.78564453125
v 851.96533203125 -327.1007080078125 319.53289794921875
v 876.86767578125 -329.3080139160156 317.1960144042969
v 876.86767578125 -329.3080139160156 312.78564453125
v 851.96533203125 -327.1007080078125 312.78564453125
v 876.86767578125 -329.3080139160156 312.78564453125
v 874.6602783203125 -354.21038818359375 312.78564453125
v 866.8155517578125 -345.0290222167969 312.78564453125
v 867.49951171875 -337.30865478515625 312.78564453125
v 849.7579345703125 -352.0030822753906 312.78564453125
v 859.0956420898438 -344.3447265625 312.78564453125
v 851.96533203125 -327.1007080078125 312.78564453125
v 859.7799072265625 -336.6243591308594 312.78564453125
v 1092.3839111328125 -352.5780334472656 207.36105346679688
v 1092.3839111328125 -352.5780334472656 212.36105346679688
v 1089.490966796875 -377.40972900390625 212.36105346679688
v 1089.490966796875 -377.40972900390625 207.36105346679688
v 1089.490966796875 -377.40972900390625 207.36105346679688
v 1089.490966796875 -377.40972900390625 212.36105346679688
v 1064.6588134765625 -374.5173645019531 212.36105346679688
v 1064.6588134765625 -374.5173645019531 206.59938049316406
v 1064.6588134765625 -374.5173645019531 206.59938049316406
v 1064.6588134765625 -374.5173645019531 212.36105346679688
v 1067.5518798828125 -349.6846618652344 212.36105346679688
v 1067.5518798828125 -349.6846618652344 206.5994110107422
v 1067.5518798828125 -349.6846618652344 206.5994110107422
v 1067.5518798828125 -349.6846618652344 212.36105346679688
v 1092.3839111328125 -352.5780334472656 212.36105346679688
v 1092.3839111328125 -352.5780334472656 207.36105346679688
v 1092.3839111328125 -352.5780334472656 212.36105346679688
v 1082.7989501953125 -360.3174743652344 217.36105346679688
v 1081.9019775390625 -368.01544189453125 217.36105346679688
v 1089.490966796875 -377.40972900390625 212.36105346679688
v 1089.490966796875 -377.40972900390625 212.36105346679688
v 1081.9019775390625 -368.01544189453125 217.36105346679688
v 1074.2039794921875 -367.11871337890625 217.36105346679688
v 1064.6588134765625 -374.5173645019531 212.36105346679688
v 1064.6588134765625 -374.5173645019531 212.36105346679688
v 1074.2039794921875 -367.11871337890625 217.36105346679688
v 1075.1009521484375 -359.4207763671875 217.36105346679688
v 1067.5518798828125 -349.6846618652344 212.36105346679688
v 1067.5518798828125 -349.6846618652344 212.36105346679688
v 1075.1009521484375 -359.4207763671875 217.36105346679688
v 1082.7989501953125 -360.3174743652344 217.36105346679688
v 1092.3839111328125 -352.5780334472656 212.36105346679688
v 1081.9019775390625 -368.01544189453125 217.36105346679688
v 1082.7989501953125 -360.3174743652344 217.36105346679688
v 1088.5736083984375 -355.7483215332031 232.36105346679688
v 1086.4716796875 -373.790283203125 232.36105346679688
v 1074.2039794921875 -367.11871337890625 217.36105346679688
v 1081.9019775390625 -368.01544189453125 217.36105346679688
v 1086.4716796875 -373.790283203125 232.36105346679688
v 1068.429443359375 -371.6883850097656 232.36105346679688
v 1075.1009521484375 -359.4207763671875 217.36105346679688
v 1074.2039794921875 -367.11871337890625 217.36105346679688
v 1068.429443359375 -371.6883850097656 232.36105346679688
v 1070.5316162109375 -353.6463928222656 232.36105346679688
v 1082.7989501953125 -360.3174743652344 217.36105346679688
v 1075.1009521484375 -359.4207763671875 217.36105346679688
v 1070.5316162109375 -353.6463928222656 232.36105346679688
v 1088.5736083984375 -355.7483215332031 232.36105346679688
v 1081.9019775390625 -368.01544189453125 292.3610534667969
v 1082.7989501953125 -360.3174743652344 292.3610534667969
v 1074.2039794921875 -367.11871337890625 292.3610534667969
v 1081.9019775390625 -368.01544189453125 292.3610534667969
v 1075.1009521484375 -359.4207763671875 292.3610534667969
v 1074.2039794921875 -367.11871337890625 292.3610534667969
v 1082.7989501953125 -360.3174743652344 292.3610534667969
v 1075.1009521484375 -359.4207763671875 292.3610534667969
v 1092.3839111328125 -352.5780334472656 298.1231689453125
v 1089.490966796875 -377.40972900390625 298.1231689453125
v 1089.490966796875 -377.40972900390625 292.3610534667969
v 1092.3839111328125 -352.5780334472656 292.3610534667969
v 1089.490966796875 -377.40972900390625 298.1231689453125
v 1064.6588134765625 -374.5178527832031 300.1353759765625
v 1064.6588134765625 -374.5173645019531 292.3610534667969
v 1089.490966796875 -377.40972900390625 292.3610534667969
v 1064.6588134765625 -374.5178527832031 300.1353759765625
v 1067.5518798828125 -349.6851501464844 300.1353759765625
v 1067.5518798828125 -349.6846618652344 292.3610534667969
v 1064.6588134765625 -374.5173645019531 292.3610534667969
v 1067.5518798828125 -349.6851501464844 300.1353759765625
v 1092.3839111328125 -352.5780334472656 298.1231689453125
v 1092.3839111328125 -352.5780334472656 292.3610534667969
v 1067.5518798828125 -349.6846618652344 292.3610534667969
v 1092.3839111328125 -352.5780334472656 292.3610534667969
v 1089.490966796875 -377.40972900390625 292.3610534667969
v 1081.9019775390625 -368.01544189453125 292.3610534667969
v 1082.7989501953125 -360.3174743652344 292.3610534667969
v 1064.6588134765625 -374.5173645019531 292.3610534667969
v 1074.2039794921875 -367.11871337890625 292.3610534667969
v 1067.5518798828125 -349.6846618652344 292.3610534667969
v 1075.1009521484375 -359.4207763671875 292.3610534667969
v 1306.9986572265625 -381.0328063964844 195.0238494873047
v 1306.9986572265625 -381.0328063964844 200.02386474609375
v 1303.3563232421875 -405.76605224609375 200.02386474609375
v 1303.3563232421875 -405.76605224609375 195.0238494873047
v 1303.3563232421875 -405.76605224609375 195.0238494873047
v 1303.3563232421875 -405.76605224609375 200.02386474609375
v 1278.623046875 -402.1236877441406 200.02386474609375
v 1278.623046875 -402.1236877441406 194.26220703125
v 1278.623046875 -402.1236877441406 194.26220703125
v 1278.623046875 -402.1236877441406 200.02386474609375
v 1282.265380859375 -377.3908996582031 200.02386474609375
v 1282.265380859375 -377.3908996582031 194.26220703125
v 1282.265380859375 -377.3908996582031 194.26220703125
v 1282.265380859375 -377.3908996582031 200.02386474609375
v 1306.9986572265625 -381.0328063964844 200.02386474609375
v 1306.9986572265625 -381.0328063964844 195.0238494873047
v 1306.9986572265625 -381.0328063964844 200.02386474609375
v 1297.183837890625 -388.4793395996094 205.02386474609375
v 1296.0546875 -396.1465759277344 205.02386474609375
v 1303.3563232421875 -405.76605224609375 200.02386474609375
v 1303.3563232421875 -405.76605224609375 200.02386474609375
v 1296.0546875 -396.1465759277344 205.02386474609375
v 1288.3875732421875 -395.0174560546875 205.02386474609375
v 1278.623046875 -402.1236877441406 200.02386474609375
v 1278.623046875 -402.1236877441406 200.02386474609375
v 1288.3875732421875 -395.0174560546875 205.02386474609375
v 1289.5167236328125 -387.3502197265625 205.02386474609375
v 1282.265380859375 -377.3908996582031 200.02386474609375
v 1282.265380859375 -377.3908996582031 200.02386474609375
v 1289.5167236328125 -387.3502197265625 205.02386474609375
v 1297.183837890625 -388.4793395996094 205.02386474609375
v 1306.9986572265625 -381.0328063964844 200.02386474609375
v 1296.0546875 -396.1465759277344 205.02386474609375
v 1297.183837890625 -388.4793395996094 205.02386474609375
v 1303.0941162109375 -384.08642578125 220.02386474609375
v 1300.44775390625 -402.0567321777344 220.02386474609375
v 1288.3875732421875 -395.0174560546875 205.02386474609375
v 1296.0546875 -396.1465759277344 205.02386474609375
v 1300.44775390625 -402.0567321777344 220.02386474609375
v 1282.4774169921875 -399.4103698730469 220.02386474609375
v 1289.5167236328125 -387.3502197265625 205.02386474609375
v 1288.3875732421875 -395.0174560546875 205.02386474609375
v 1282.4774169921875 -399.4103698730469 220.02386474609375
v 1285.123779296875 -381.4400634765625 220.02386474609375
v 1297.183837890625 -388.4793395996094 205.02386474609375
v 1289.5167236328125 -387.3502197265625 205.02386474609375
v 1285.123779296875 -381.4400634765625 220.02386474609375
v 1303.0941162109375 -384.08642578125 220.02386474609375
v 1296.0546875 -396.14654541015625 280.02386474609375
v 1297.183837890625 -388.47930908203125 280.02386474609375
v 1288.3875732421875 -395.0174255371094 280.02386474609375
v 1296.0546875 -396.14654541015625 280.02386474609375
v 1289.5167236328125 -387.3501892089844 280.02386474609375
v 1288.3875732421875 -395.0174255371094 280.02386474609375
v 1297.183837890625 -388.47930908203125 280.02386474609375
v 1289.5167236328125 -387.3501892089844 280.02386474609375
v 1306.9986572265625 -381.03277587890625 285.7859191894531
v 1303.3563232421875 -405.7660217285156 285.7859191894531
v 1303.3563232421875 -405.7660217285156 280.02386474609375
v 1306.9986572265625 -381.03277587890625 280.02386474609375
v 1303.3563232421875 -405.7660217285156 285.7859191894531
v 1278.623046875 -402.1236572265625 286.5442810058594
v 1278.623046875 -402.1236572265625 280.02386474609375
v 1303.3563232421875 -405.7660217285156 280.02386474609375
v 1278.623046875 -402.1236572265625 286.5442810058594
v 1282.265380859375 -377.390869140625 286.5442810058594
v 1282.265380859375 -377.390869140625 280.02386474609375
v 1278.623046875 -402.1236572265625 280.02386474609375
v 1282.265380859375 -377.390869140625 286.5442810058594
v 1306.9986572265625 -381.03277587890625 285.7859191894531
v 1306.9986572265625 -381.03277587890625 280.02386474609375
v 1282.265380859375 -377.390869140625 280.02386474609375
v 1306.9986572265625 -381.03277587890625 280.02386474609375
v 1303.3563232421875 -405.7660217285156 280.02386474609375
v 1296.0546875 -396.14654541015625 280.02386474609375
v 1297.183837890625 -388.47930908203125 280.02386474609375
v 1278.623046875 -402.1236572265625 280.02386474609375
v 1288.3875732421875 -395.0174255371094 280.02386474609375
v 1282.265380859375 -377.390869140625 280.02386474609375
v 1289.5167236328125 -387.3501892089844 280.02386474609375
v 947.18798828125 423.7397766113281 225.9647979736328
v 947.18798828125 423.7397766113281 232.7855987548828
v 944.9805908203125 398.8374328613281 232.7855987548828
v 944.9805908203125 398.8374328613281 225.9647979736328
v 944.9805908203125 398.8374328613281 225.9647979736328
v 944.9805908203125 398.8374328613281 232.7855987548828
v 920.0782470703125 401.0447082519531 232.7855987548828
v 920.0782470703125 401.0447082519531 227.02395629882812
v 920.0782470703125 401.0447082519531 227.02395629882812
v 920.0782470703125 401.0447082519531 232.7855987548828
v 922.28564453125 425.9470520019531 232.7855987548828
v 922.28564453125 425.9470520019531 227.02395629882812
v 922.28564453125 425.9470520019531 227.02395629882812
v 922.28564453125 425.9470520019531 232.7855987548828
v 947.18798828125 423.7397766113281 232.7855987548828
v 947.18798828125 423.7397766113281 225.9647979736328
v 947.18798828125 423.7397766113281 232.7855987548828
v 937.8198852539062 415.7386474609375 237.78561401367188
v 937.1358032226562 408.01904296875 237.78561401367188
v 944.9805908203125 398.8374328613281 232.7855987548828
v 944.9805908203125 398.8374328613281 232.7855987548828
v 937.1358032226562 408.01904296875 237.78561401367188
v 929.4158935546875 408.70306396484375 237.78561401367188
v 920.0782470703125 401.0447082519531 232.7855987548828
v 920.0782470703125 401.0447082519531 232.7855987548828
v 929.4158935546875 408.70306396484375 237.78561401367188
v 930.1002197265625 416.4229431152344 237.78561401367188
v 922.28564453125 425.9470520019531 232.7855987548828
v 922.28564453125 425.9470520019531 232.7855987548828
v 930.1002197265625 416.4229431152344 237.78561401367188
v 937.8198852539062 415.7386474609375 237.78561401367188
v 947.18798828125 423.7397766113281 232.7855987548828
v 937.1358032226562 408.01904296875 237.78561401367188
v 937.8198852539062 415.7386474609375 237.78561401367188
v 943.46630859375 420.46575927734375 252.7855987548828
v 941.8626708984375 402.37261962890625 252.7855987548828
v 929.4158935546875 408.70306396484375 237.78561401367188
v 937.1358032226562 408.01904296875 237.78561401367188
v 941.8626708984375 402.37261962890625 252.7855987548828
v 923.7694702148438 403.9762268066406 252.7855987548828
v 930.1002197265625 416.4229431152344 237.78561401367188
v 929.4158935546875 408.70306396484375 237.78561401367188
v 923.7694702148438 403.9762268066406 252.7855987548828
v 925.3731689453125 422.0693664550781 252.7855987548828
v 937.8198852539062 415.7386474609375 237.78561401367188
v 930.1002197265625 416.4229431152344 237.78561401367188
v 925.3731689453125 422.0693664550781 252.7855987548828
v 943.46630859375 420.46575927734375 252.7855987548828
v 937.1358032226562 408.01904296875 312.7856140136719
v 937.8198852539062 415.7386474609375 312.7856140136719
v 929.4158935546875 408.70306396484375 312.7856140136719
v 937.1358032226562 408.01904296875 312.7856140136719
v 930.1002197265625 416.4229431152344 312.7856140136719
v 929.4158935546875 408.70306396484375 312.7856140136719
v 937.8198852539062 415.7386474609375 312.7856140136719
v 930.1002197265625 416.4229431152344 312.7856140136719
v 947.18798828125 423.7397766113281 318.54766845703125
v 944.9805908203125 398.8374328613281 318.54766845703125
v 944.9805908203125 398.8374328613281 312.7856140136719
v 947.18798828125 423.7397766113281 312.7856140136719
v 944.9805908203125 398.8374328613281 318.54766845703125
v 920.0782470703125 401.0447082519531 320.38067626953125
v 920.0782470703125 401.0447082519531 312.7856140136719
v 944.9805908203125 398.8374328613281 312.7856140136719
v 920.0782470703125 401.0447082519531 320.38067626953125
v 922.28564453125 425.9470520019531 320.38067626953125
v 922.28564453125 425.9470520019531 312.7856140136719
v 920.0782470703125 401.0447082519531 312.7856140136719
v 922.28564453125 425.9470520019531 320.38067626953125
v 947.18798828125 423.7397766113281 318.54766845703125
v 947.18798828125 423.7397766113281 312.7856140136719
v 922.28564453125 425.9470520019531 312.7856140136719
v 947.18798828125 423.7397766113281 312.7856140136719
v 944.9805908203125 398.8374328613281 312.7856140136719
v 937.1358032226562 408.01904296875 312.7856140136719
v 937.8198852539062 415.7386474609375 312.7856140136719
v 920.0782470703125 401.0447082519531 312.7856140136719
v 929.4158935546875 408.70306396484375 312.7856140136719
v 922.28564453125 425.9470520019531 312.7856140136719
v 930.1002197265625 416.4229431152344 312.7856140136719
v 1180.071533203125 398.8911437988281 207.36099243164062
v 1180.071533203125 398.8911437988281 212.36099243164062
v 1177.1783447265625 374.0589599609375 212.36099243164062
v 1177.1783447265625 374.0589599609375 207.36099243164062
v 1177.1783447265625 374.0589599609375 207.36099243164062
v 1177.1783447265625 374.0589599609375 212.36099243164062
v 1152.346435546875 376.9520568847656 212.36099243164062
v 1152.346435546875 376.9520568847656 206.59934997558594
v 1152.346435546875 376.9520568847656 206.59934997558594
v 1152.346435546875 376.9520568847656 212.36099243164062
v 1155.239501953125 401.78399658203125 212.36099243164062
v 1155.239501953125 401.78399658203125 206.59934997558594
v 1155.239501953125 401.78399658203125 206.59934997558594
v 1155.239501953125 401.78399658203125 212.36099243164062
v 1180.071533203125 398.8911437988281 212.36099243164062
v 1180.071533203125 398.8911437988281 207.36099243164062
v 1180.071533203125 398.8911437988281 212.36099243164062
v 1170.486572265625 391.1512145996094 217.36099243164062
v 1169.589599609375 383.4534912109375 217.36099243164062
v 1177.1783447265625 374.0589599609375 212.36099243164062
v 1177.1783447265625 374.0589599609375 212.36099243164062
v 1169.589599609375 383.4534912109375 217.36099243164062
v 1161.8916015625 384.3501892089844 217.36099243164062
v 1152.346435546875 376.9520568847656 212.36099243164062
v 1152.346435546875 376.9520568847656 212.36099243164062
v 1161.8916015625 384.3501892089844 217.36099243164062
v 1162.78857421875 392.04815673828125 217.36099243164062
v 1155.239501953125 401.78399658203125 212.36099243164062
v 1155.239501953125 401.78399658203125 212.36099243164062
v 1162.78857421875 392.04815673828125 217.36099243164062
v 1170.486572265625 391.1512145996094 217.36099243164062
v 1180.071533203125 398.8911437988281 212.36099243164062
v 1169.589599609375 383.4534912109375 217.36099243164062
v 1170.486572265625 391.1512145996094 217.36099243164062
v 1176.260986328125 395.7208557128906 232.36099243164062
v 1174.1590576171875 377.67889404296875 232.36099243164062
v 1161.8916015625 384.3501892089844 217.36099243164062
v 1169.589599609375 383.4534912109375 217.36099243164062
v 1174.1590576171875 377.67889404296875 232.36099243164062
v 1156.1170654296875 379.7807922363281 232.36099243164062
v 1162.78857421875 392.04815673828125 217.36099243164062
v 1161.8916015625 384.3501892089844 217.36099243164062
v 1156.1170654296875 379.7807922363281 232.36099243164062
v 1158.218994140625 397.82275390625 232.36099243164062
v 1170.486572265625 391.1512145996094 217.36099243164062
v 1162.78857421875 392.04815673828125 217.36099243164062
v 1158.218994140625 397.82275390625 232.36099243164062
v 1176.260986328125 395.7208557128906 232.36099243164062
v 1169.589599609375 383.4535217285156 292.3609924316406
v 1170.486572265625 391.1512451171875 292.3609924316406
v 1161.8916015625 384.3502197265625 292.3609924316406
v 1169.589599609375 383.4535217285156 292.3609924316406
v 1162.78857421875 392.0481872558594 292.3609924316406
v 1161.8916015625 384.3502197265625 292.3609924316406
v 1170.486572265625 391.1512451171875 292.3609924316406
v 1162.78857421875 392.0481872558594 292.3609924316406
v 1180.071533203125 398.89117431640625 298.12310791015625
v 1177.1783447265625 374.0589904785156 298.12310791015625
v 1177.1783447265625 374.0589904785156 292.3609924316406
v 1180.071533203125 398.89117431640625 292.3609924316406
v 1177.1783447265625 374.0589904785156 298.12310791015625
v 1152.346435546875 376.95184326171875 300.2742004394531
v 1152.346435546875 376.9520568847656 292.3609924316406
v 1177.1783447265625 374.0589904785156 292.3609924316406
v 1152.346435546875 376.95184326171875 300.2742004394531
v 1155.239501953125 401.7837829589844 300.2742004394531
v 1155.239501953125 401.78399658203125 292.3609924316406
v 1152.346435546875 376.9520568847656 292.3609924316406
v 1155.239501953125 401.7837829589844 300.2742004394531
v 1180.071533203125 398.89117431640625 298.12310791015625
v 1180.071533203125 398.89117431640625 292.3609924316406
v 1155.239501953125 401.78399658203125 292.3609924316406
v 1180.071533203125 398.89117431640625 292.3609924316406
v 1177.1783447265625 374.0589904785156 292.3609924316406
v 1169.589599609375 383.4535217285156 292.3609924316406
v 1170.486572265625 391.1512451171875 292.3609924316406
v 1152.346435546875 376.9520568847656 292.3609924316406
v 1161.8916015625 384.3502197265625 292.3609924316406
v 1155.239501953125 401.78399658203125 292.3609924316406
v 1162.78857421875 392.0481872558594 292.3609924316406
v 1412.1549072265625 367.8709716796875 195.0238037109375
v 1412.1549072265625 367.8709716796875 200.0238037109375
v 1408.5126953125 343.13775634765625 200.0238037109375
v 1408.5126953125 343.13775634765625 195.0238037109375
v 1408.5126953125 343.13775634765625 195.0238037109375
v 1408.5126953125 343.13775634765625 200.0238037109375
v 1383.7794189453125 346.7799072265625 200.0238037109375
v 1383.7794189453125 346.7799072265625 194.26214599609375
v 1383.7794189453125 346.7799072265625 194.26214599609375
v 1383.7794189453125 346.7799072265625 200.0238037109375
v 1387.421630859375 371.5133972167969 200.0238037109375
v 1387.421630859375 371.5133972167969 194.26214599609375
v 1387.421630859375 371.5133972167969 194.26214599609375
v 1387.421630859375 371.5133972167969 200.0238037109375
v 1412.1549072265625 367.8709716796875 200.0238037109375
v 1412.1549072265625 367.8709716796875 195.0238037109375
v 1412.1549072265625 367.8709716796875 200.0238037109375
v 1402.34033203125 360.4244384765625 205.0238037109375
v 1401.211181640625 352.7572021484375 205.0238037109375
v 1408.5126953125 343.13775634765625 200.0238037109375
v 1408.5126953125 343.13775634765625 200.0238037109375
v 1401.211181640625 352.7572021484375 205.0238037109375
v 1393.5439453125 353.8863525390625 205.0238037109375
v 1383.7794189453125 346.7799072265625 200.0238037109375
v 1383.7794189453125 346.7799072265625 200.0238037109375
v 1393.5439453125 353.8863525390625 205.0238037109375
v 1394.673095703125 361.5535888671875 205.0238037109375
v 1387.421630859375 371.5133972167969 200.0238037109375
v 1387.421630859375 371.5133972167969 200.0238037109375
v 1394.673095703125 361.5535888671875 205.0238037109375
v 1402.34033203125 360.4244384765625 205.0238037109375
v 1412.1549072265625 367.8709716796875 200.0238037109375
v 1401.211181640625 352.7572021484375 205.0238037109375
v 1402.34033203125 360.4244384765625 205.0238037109375
v 1408.25048828125 364.8173828125 220.0238037109375
v 1405.6041259765625 346.8470458984375 220.0238037109375
v 1393.5439453125 353.8863525390625 205.0238037109375
v 1401.211181640625 352.7572021484375 205.0238037109375
v 1405.6041259765625 346.8470458984375 220.0238037109375
v 1387.6337890625 349.493408203125 220.0238037109375
v 1394.673095703125 361.5535888671875 205.0238037109375
v 1393.5439453125 353.8863525390625 205.0238037109375
v 1387.6337890625 349.493408203125 220.0238037109375
v 1390.2801513671875 367.4637451171875 220.0238037109375
v 1402.34033203125 360.4244384765625 205.0238037109375
v 1394.673095703125 361.5535888671875 205.0238037109375
v 1390.2801513671875 367.4637451171875 220.0238037109375
v 1408.25048828125 364.8173828125 220.0238037109375
v 1401.211181640625 352.7572021484375 280.0238037109375
v 1402.34033203125 360.4244384765625 280.0238037109375
v 1393.5439453125 353.8863525390625 280.0238037109375
v 1401.211181640625 352.7572021484375 280.0238037109375
v 1394.673095703125 361.5535888671875 280.0238037109375
v 1393.5439453125 353.8863525390625 280.0238037109375
v 1402.34033203125 360.4244384765625 280.0238037109375
v 1394.673095703125 361.5535888671875 280.0238037109375
v 1412.1549072265625 367.8709716796875 285.785888671875
v 1408.5126953125 343.13775634765625 285.785888671875
v 1408.5126953125 343.13775634765625 280.0238037109375
v 1412.1549072265625 367.8709716796875 280.0238037109375
v 1408.5126953125 343.13775634765625 285.785888671875
v 1383.7794189453125 346.7796630859375 287.40472412109375
v 1383.7794189453125 346.7799072265625 280.0238037109375
v 1408.5126953125 343.13775634765625 280.0238037109375
v 1383.7794189453125 346.7796630859375 287.40472412109375
v 1387.421630859375 371.5131530761719 287.40472412109375
v 1387.421630859375 371.5133972167969 280.0238037109375
v 1383.7794189453125 346.7799072265625 280.0238037109375
v 1387.421630859375 371.5131530761719 287.40472412109375
v 1412.1549072265625 367.8709716796875 285.785888671875
v 1412.1549072265625 367.8709716796875 280.0238037109375
v 1387.421630859375 371.5133972167969 280.0238037109375
v 1412.1549072265625 367.8709716796875 280.0238037109375
v 1408.5126953125 343.13775634765625 280.0238037109375
v 1401.211181640625 352.7572021484375 280.0238037109375
v 1402.34033203125 360.4244384765625 280.0238037109375
v 1383.7794189453125 346.7799072265625 280.0238037109375
v 1393.5439453125 353.8863525390625 280.0238037109375
v 1387.421630859375 371.5133972167969 280.0238037109375
v 1394.673095703125 361.5535888671875 280.0238037109375
v -1510.5909423828125 -429.0132141113281 187.8148193359375
v -1296.3797607421875 -395.9472351074219 190.61480712890625
v -1081.4488525390625 -367.9372253417969 203.43983459472656
v -865.9177856445312 -344.99871826171875 223.01487731933594
v -649.9060668945312 -327.1443786621094 245.28985595703125
v -433.5337219238281 -314.3842468261719 266.21490478515625
v -216.9207763671875 -306.7253112792969 281.7398986816406
v -0.1875099092721939 -304.1718444824219 287.81494140625
v 216.54574584960938 -306.72528076171875 281.73992919921875
v 433.15869140625 -314.38421630859375 266.2149963378906
v 649.531005859375 -327.1443176269531 245.28997802734375
v 865.5427856445312 -344.9986267089844 223.0150146484375
v 1081.0738525390625 -367.9371337890625 203.44003295898438
v 1296.0047607421875 -395.9471435546875 190.6150360107422
v 1510.2159423828125 -429.0130615234375 187.8150634765625
v 1625.1468505859375 326.4873962402344 187.8150177001953
v 1394.6356201171875 362.0694274902344 190.614990234375
v 1163.35009765625 392.2107849121094 203.43997192382812
v 931.4185791015625 416.8947448730469 223.0149688720703
v 698.9699096679688 436.1076354980469 245.28985595703125
v 466.1331787109375 449.8387145996094 266.2149353027344
v 233.03756713867188 458.0804138183594 281.7398681640625
v -0.1875452995300293 460.8281555175781 287.81488037109375
v -233.41262817382812 458.08038330078125 281.7398376464844
v -466.5082702636719 449.838623046875 266.21484375
v -699.344970703125 436.1075744628906 245.28985595703125
v -931.7935791015625 416.8946533203125 223.01480102539062
v -1163.72509765625 392.210693359375 203.4397735595703
v -1395.0106201171875 362.0693054199219 190.61474609375
v -1625.5216064453125 326.48724365234375 187.8147430419922
v 1295.96484375 -395.01226806640625 -69.99909210205078
v 1080.105224609375 -366.9076232910156 -69.99911499023438
v 1078.85986328125 -377.4416198730469 -69.99911499023438
v 1294.470947265625 -405.5138854980469 -69.99909210205078
v 1294.470947265625 -405.5138854980469 -69.99909210205078
v 1078.85986328125 -377.4416198730469 -69.99911499023438
v 1078.85986328125 -377.4416198730469 -75.6057357788086
v 1294.470947265625 -405.5138854980469 -75.60572052001953
v 1295.1751708984375 -400.56341552734375 -80.60572052001953
v 1079.4468994140625 -372.4758605957031 -80.60574340820312
v 1080.105224609375 -366.9076232910156 -80.60574340820312
v 1295.96484375 -395.01226806640625 -80.60572052001953
v 864.0596313476562 -343.9544982910156 -69.99916076660156
v 863.0635375976562 -354.5149841308594 -69.99916076660156
v 863.0635375976562 -354.5149841308594 -69.99916076660156
v 863.0635375976562 -354.5149841308594 -75.60578918457031
v 863.5331420898438 -349.5367431640625 -80.60578918457031
v 864.0596313476562 -343.9544982910156 -80.60578918457031
v 647.9307250976562 -326.1351623535156 -69.9991455078125
v 647.1983032226562 -336.7173767089844 -69.9991455078125
v 647.1983032226562 -336.7173767089844 -69.9991455078125
v 647.1983032226562 -336.7173767089844 -75.60578155517578
v 647.5435791015625 -331.72894287109375 -80.60577392578125
v 647.9307250976562 -326.1351623535156 -80.60577392578125
v 645.1235961914062 -326.0071105957031 -69.97042846679688
v 644.4722900390625 -336.59368896484375 -70.0281753540039
v 644.4722900390625 -336.59368896484375 -70.0281753540039
v 638.8792114257812 -336.2497863769531 -75.62921142578125
v 634.1880493164062 -330.9519348144531 -80.60720825195312
v 634.5323486328125 -325.35589599609375 -80.57669067382812
v 645.1235961914062 -326.0071105957031 -69.97042846679688
v 645.1452026367188 -326.0091857910156 -20.2758846282959
v 644.4926147460938 -336.595703125 -20.278783798217773
v 644.4722900390625 -336.59368896484375 -70.0281753540039
v 644.4926147460938 -336.595703125 -20.278783798217773
v 638.8963623046875 -336.250732421875 -20.9005184173584
v 634.6365966796875 -325.3894348144531 26.5003604888916
v 633.9862060546875 -335.97607421875 26.48760414123535
v 633.9862060546875 -335.97607421875 26.48760414123535
v 628.8291015625 -335.65704345703125 23.91072654724121
v 634.6365966796875 -325.3894348144531 26.5003604888916
v 598.604248046875 -323.26446533203125 69.0111312866211
v 597.961181640625 -333.8515319824219 68.98970794677734
v 633.9862060546875 -335.97607421875 26.48760414123535
v 597.961181640625 -333.8515319824219 68.98970794677734
v 594.2399291992188 -333.6171875 64.71883392333984
v 550.2481079101562 -320.412841796875 99.96257019042969
v 549.611083984375 -331.0002746582031 99.93730163574219
v 549.611083984375 -331.0002746582031 99.93730163574219
v 547.0919189453125 -330.8368225097656 94.89698791503906
v 492.9195556640625 -317.0315856933594 121.58573150634766
v 492.2762451171875 -327.61865234375 121.56352233886719
v 492.2762451171875 -327.61865234375 121.56352233886719
v 490.64569091796875 -327.5079345703125 116.18797302246094
v 443.7538146972656 -314.0255432128906 133.13040161132812
v 443.21990966796875 -324.6192932128906 133.07835388183594
v 443.21990966796875 -324.6192932128906 133.07835388183594
v 441.9429931640625 -324.528076171875 127.61991882324219
v 221.69569396972656 -306.0134582519531 171.12301635742188
v 221.42483520507812 -316.61688232421875 171.02499389648438
v 221.42483520507812 -316.61688232421875 171.02499389648438
v 220.8053741455078 -316.549560546875 165.4530792236328
v -0.18734252452850342 -303.346923828125 183.17449951171875
v -0.18767298758029938 -313.95367431640625 183.06134033203125
v -0.18767298758029938 -313.95367431640625 183.06134033203125
v -0.18766488134860992 -313.89385986328125 177.455078125
v -222.07058715820312 -306.01348876953125 171.1757049560547
v -221.7999267578125 -316.6169128417969 171.07766723632812
v -221.7999267578125 -316.6169128417969 171.07766723632812
v -221.18045043945312 -316.5495910644531 165.50576782226562
v -444.12860107421875 -314.0255432128906 133.24142456054688
v -443.5946960449219 -324.6192932128906 133.18936157226562
v -443.5946960449219 -324.6192932128906 133.18936157226562
v -442.3179016113281 -324.5281066894531 127.73079681396484
v -493.76702880859375 -317.0594787597656 121.58570861816406
v -493.1239013671875 -327.64654541015625 121.56336975097656
v -493.1239013671875 -327.64654541015625 121.56336975097656
v -491.4935607910156 -327.5358581542969 116.18775939941406
v -551.0958251953125 -320.4407043457031 99.96241760253906
v -550.4588012695312 -331.02813720703125 99.93721008300781
v -550.4588012695312 -331.02813720703125 99.93721008300781
v -547.9396362304688 -330.8647155761719 94.89686584472656
v -599.4519653320312 -323.29241943359375 69.01111602783203
v -598.8090209960938 -333.8794860839844 68.98963928222656
v -598.8090209960938 -333.8794860839844 68.98963928222656
v -595.0877685546875 -333.6451721191406 64.71870422363281
v -635.4940185546875 -325.4179382324219 26.488834381103516
v -634.8440551757812 -336.00457763671875 26.475709915161133
v -634.8440551757812 -336.00457763671875 26.475709915161133
v -629.6858520507812 -335.6855773925781 23.90005874633789
v -635.4940185546875 -325.4179382324219 26.488834381103516
v -645.9715576171875 -326.0356750488281 -20.289546966552734
v -645.3193359375 -336.6221923828125 -20.292753219604492
v -634.8440551757812 -336.00457763671875 26.475709915161133
v -645.3193359375 -336.6221923828125 -20.292753219604492
v -639.72314453125 -336.27740478515625 -20.913022994995117
v -645.9515991210938 -326.0339050292969 -69.96905517578125
v -645.301025390625 -336.6205139160156 -70.02944946289062
v -645.301025390625 -336.6205139160156 -70.02944946289062
v -639.7086181640625 -336.276611328125 -75.63042449951172
v -645.9515991210938 -326.0339050292969 -69.96905517578125
v -648.3048706054688 -326.13629150390625 -69.9981689453125
v -647.5740356445312 -336.7186279296875 -70.0003890991211
v -645.301025390625 -336.6205139160156 -70.02944946289062
v -647.5740356445312 -336.7186279296875 -70.0003890991211
v -647.5740966796875 -336.7174377441406 -75.60698699951172
v -635.017333984375 -330.97869873046875 -80.60763549804688
v -647.918701171875 -331.7278747558594 -80.60595703125
v -648.3049926757812 -326.134033203125 -80.6047592163086
v -635.3612060546875 -325.3826599121094 -80.57571411132812
v -864.4345092773438 -343.9556884765625 -69.99818420410156
v -863.4384155273438 -354.5161437988281 -70.00041198730469
v -863.4384155273438 -354.5161437988281 -70.00041198730469
v -863.4385375976562 -354.51495361328125 -75.60700988769531
v -863.908203125 -349.5356750488281 -80.60597229003906
v -864.4346923828125 -343.9534606933594 -80.60478210449219
v -1080.4801025390625 -366.9088439941406 -69.99819946289062
v -1079.2347412109375 -377.4428405761719 -70.00042724609375
v -1079.2347412109375 -377.4428405761719 -70.00042724609375
v -1079.23486328125 -377.441650390625 -75.60702514648438
v -1079.822021484375 -372.4748229980469 -80.60598754882812
v -1080.4803466796875 -366.9065856933594 -80.60479736328125
v -1296.339599609375 -395.0135192871094 -69.99820709228516
v -1294.8458251953125 -405.5151062011719 -70.00043487548828
v -1294.8458251953125 -405.5151062011719 -70.00043487548828
v -1294.8460693359375 -405.51397705078125 -75.6070327758789
v -1295.5504150390625 -400.5624084472656 -80.60600280761719
v -1296.3399658203125 -395.01129150390625 -80.60480499267578
v -1161.6229248046875 391.4744873046875 -69.99937438964844
v -929.452880859375 416.14654541015625 -69.99938201904297
v -930.449462890625 426.70697021484375 -69.99938201904297
v -1162.8682861328125 402.00848388671875 -69.99938201904297
v -1162.8682861328125 402.00848388671875 -69.99938201904297
v -930.449462890625 426.70697021484375 -69.99938201904297
v -930.449462890625 426.70697021484375 -75.60601043701172
v -1162.8682861328125 402.00848388671875 -75.60601043701172
v -1162.28125 397.042724609375 -80.60601043701172
v -929.979736328125 421.7287292480469 -80.60601043701172
v -929.452880859375 416.14654541015625 -80.60601043701172
v -1161.6229248046875 391.4744873046875 -80.60600280761719
v -697.1430053710938 435.30657958984375 -69.99933624267578
v -697.8893432617188 445.8875732421875 -69.99933624267578
v -697.8893432617188 445.8875732421875 -69.99933624267578
v -697.8893432617188 445.8875732421875 -75.60596466064453
v -697.5375366210938 440.8996887207031 -80.60596466064453
v -697.1430053710938 435.30657958984375 -80.60596466064453
v -645.289306640625 438.3180236816406 -70.0254898071289
v -645.9622192382812 448.9032897949219 -69.97323608398438
v -645.9622192382812 448.9032897949219 -69.97323608398438
v -640.3626708984375 449.25909423828125 -75.5820083618164
v -635.0558471679688 444.58624267578125 -80.60449981689453
v -634.7001342773438 438.9909362792969 -80.63211822509766
v -645.289306640625 438.3180236816406 -70.0254898071289
v -645.3084106445312 438.3168029785156 -20.293888092041016
v -645.9813232421875 448.90203857421875 -20.28839683532715
v -645.9622192382812 448.9032897949219 -69.97323608398438
v -645.9813232421875 448.90203857421875 -20.28839683532715
v -640.3857421875 449.2577209472656 -20.9086971282959
v -634.8338623046875 438.9344787597656 26.470884323120117
v -635.5028686523438 449.5199279785156 26.493555068969727
v -635.5028686523438 449.5199279785156 26.493555068969727
v -630.3453369140625 449.849853515625 23.91793441772461
v -634.8338623046875 438.9344787597656 26.470884323120117
v -598.801513671875 441.0593566894531 68.98169708251953
v -599.4581298828125 451.6455383300781 69.01895141601562
v -635.5028686523438 449.5199279785156 26.493555068969727
v -599.4581298828125 451.6455383300781 69.01895141601562
v -595.737548828125 451.8907775878906 64.74805450439453
v -550.4536743164062 443.9105529785156 99.92774200439453
v -551.0999755859375 454.4973449707031 99.9715576171875
v -551.0999755859375 454.4973449707031 99.9715576171875
v -548.581298828125 454.6717224121094 94.93133544921875
v -493.1097717285156 447.2932434082031 121.55799865722656
v -493.780029296875 457.8786315917969 121.59088897705078
v -493.780029296875 457.8786315917969 121.59088897705078
v -492.1502990722656 457.9996032714844 116.21527862548828
v -476.55767822265625 448.3766174316406 125.44245910644531
v -477.11395263671875 458.969482421875 125.50708770751953
v -477.11395263671875 458.969482421875 125.50708770751953
v -475.837646484375 459.06982421875 120.04865264892578
v -238.29037475585938 456.9615478515625 169.2305450439453
v -238.56341552734375 467.56475830078125 169.34561157226562
v -238.56341552734375 467.56475830078125 169.34561157226562
v -237.9441680908203 467.64117431640625 163.77381896972656
v -0.18772397935390472 459.8190612792969 183.05259704589844
v -0.18737921118736267 470.42559814453125 183.18296813964844
v -0.18737921118736267 470.42559814453125 183.18296813964844
v -0.18736346065998077 470.4945373535156 177.57676696777344
v 237.9152374267578 456.9615783691406 169.17787170410156
v 238.18849182128906 467.5647888183594 169.2929229736328
v 238.18849182128906 467.5647888183594 169.2929229736328
v 237.56927490234375 467.6412048339844 163.72113037109375
v 476.1820983886719 448.3766784667969 125.33157348632812
v 476.73956298828125 458.9695129394531 125.39603424072266
v 476.73956298828125 458.9695129394531 125.39603424072266
v 475.463134765625 459.0699157714844 119.93759155273438
v 492.26141357421875 447.3211975097656 121.55819702148438
v 492.93280029296875 457.90655517578125 121.59085845947266
v 492.93280029296875 457.90655517578125 121.59085845947266
v 491.302978515625 458.0276184082031 116.21537017822266
v 549.6058349609375 443.93841552734375 99.92777252197266
v 550.2523193359375 454.52520751953125 99.9717788696289
v 550.2523193359375 454.52520751953125 99.9717788696289
v 547.7337036132812 454.6996765136719 94.93155670166016
v 597.95361328125 441.0871887207031 68.9816665649414
v 598.6105346679688 451.67333984375 69.01898956298828
v 598.6105346679688 451.67333984375 69.01898956298828
v 594.8899536132812 451.9187316894531 64.74811553955078
v 633.9759521484375 438.9628601074219 26.482715606689453
v 634.6455688476562 449.5483093261719 26.505083084106445
v 634.6455688476562 449.5483093261719 26.505083084106445
v 629.4890747070312 449.8783264160156 23.928205490112305
v 633.9759521484375 438.9628601074219 26.482715606689453
v 644.4815673828125 438.34326171875 -20.279979705810547
v 645.1549682617188 448.9284973144531 -20.27479362487793
v 634.6455688476562 449.5483093261719 26.505083084106445
v 645.1549682617188 448.9284973144531 -20.27479362487793
v 639.5593872070312 449.2844543457031 -20.896528244018555
v 644.4605102539062 438.3446960449219 -70.02552032470703
v 645.1337890625 448.9299011230469 -69.97293853759766
v 645.1337890625 448.9299011230469 -69.97293853759766
v 639.5340576171875 449.2859802246094 -75.58161163330078
v 644.4605102539062 438.3446960449219 -70.02552032470703
v 696.7679443359375 435.3064270019531 -69.99939727783203
v 697.5143432617188 445.88751220703125 -69.9990005493164
v 645.1337890625 448.9299011230469 -69.97293853759766
v 697.5143432617188 445.88751220703125 -69.9990005493164
v 697.514404296875 445.88763427734375 -75.60559844970703
v 634.2267456054688 444.6133117675781 -80.60425567626953
v 697.1625366210938 440.8998718261719 -80.60578155517578
v 696.7680053710938 435.3067626953125 -80.60599517822266
v 633.870849609375 439.01800537109375 -80.63206481933594
v 929.077880859375 416.1464538574219 -69.99943542480469
v 930.0745239257812 426.7068786621094 -69.9990463256836
v 930.0745239257812 426.7068786621094 -69.9990463256836
v 930.0745849609375 426.7070617675781 -75.60564422607422
v 929.604736328125 421.7290344238281 -80.60581970214844
v 929.077880859375 416.1468200683594 -80.60604095458984
v 1161.247802734375 391.4743957519531 -69.99937438964844
v 1162.4932861328125 402.00836181640625 -69.99898529052734
v 1162.4932861328125 402.00836181640625 -69.99898529052734
v 1162.493408203125 402.0085754394531 -75.60558319091797
v 1161.90625 397.0429992675781 -80.60576629638672
v 1161.2479248046875 391.4747619628906 -80.60597229003906
v 1295.1751708984375 -400.56341552734375 -80.60572052001953
v 1294.470947265625 -405.5138854980469 -75.60572052001953
v 1078.85986328125 -377.4416198730469 -75.6057357788086
v 1079.4468994140625 -372.4758605957031 -80.60574340820312
v 863.0635375976562 -354.5149841308594 -75.60578918457031
v 863.5331420898438 -349.5367431640625 -80.60578918457031
v 647.1983032226562 -336.7173767089844 -75.60578155517578
v 647.5435791015625 -331.72894287109375 -80.60577392578125
v 638.8792114257812 -336.2497863769531 -75.62921142578125
v 634.1880493164062 -330.9519348144531 -80.60720825195312
v 634.1880493164062 -330.9519348144531 -80.60720825195312
v 638.8792114257812 -336.2497863769531 -75.62921142578125
v 638.8963623046875 -336.250732421875 -20.9005184173584
v 634.2131958007812 -330.9525451660156 -21.453588485717773
v 628.8291015625 -335.65704345703125 23.91072654724121
v 624.5365600585938 -330.3819274902344 21.61867332458496
v 594.2399291992188 -333.6171875 64.71883392333984
v 591.2244262695312 -328.41741943359375 60.92009735107422
v 547.0919189453125 -330.8368225097656 94.89698791503906
v 545.1455688476562 -325.7000732421875 90.41389465332031
v 490.64569091796875 -327.5079345703125 116.18797302246094
v 489.4948425292969 -322.4184265136719 111.4045181274414
v 441.9429931640625 -324.528076171875 127.61991882324219
v 441.0558166503906 -319.45281982421875 122.77652740478516
v 220.8053741455078 -316.549560546875 165.4530792236328
v 220.38059997558594 -311.49102783203125 160.53030395507812
v -0.18766488134860992 -313.89385986328125 177.455078125
v -0.18750253319740295 -308.8404846191406 172.50872802734375
v -221.18045043945312 -316.5495910644531 165.50576782226562
v -220.75558471679688 -311.4910583496094 160.58299255371094
v -442.3179016113281 -324.5281066894531 127.73079681396484
v -441.4309387207031 -319.452880859375 122.88740539550781
v -491.4935607910156 -327.5358581542969 116.18775939941406
v -490.3427734375 -322.4463806152344 111.40438079833984
v -547.9396362304688 -330.8647155761719 94.89686584472656
v -545.9932861328125 -325.7279968261719 90.41376495361328
v -595.0877685546875 -333.6451721191406 64.71870422363281
v -592.0722045898438 -328.4454345703125 60.91999053955078
v -629.6858520507812 -335.6855773925781 23.90005874633789
v -625.39208984375 -330.4104919433594 21.609289169311523
v -639.72314453125 -336.27740478515625 -20.913022994995117
v -635.0398559570312 -330.9794006347656 -21.46468734741211
v -639.7086181640625 -336.276611328125 -75.63042449951172
v -635.017333984375 -330.97869873046875 -80.60763549804688
v -635.017333984375 -330.97869873046875 -80.60763549804688
v -639.7086181640625 -336.276611328125 -75.63042449951172
v -647.5740966796875 -336.7174377441406 -75.60698699951172
v -647.918701171875 -331.7278747558594 -80.60595703125
v -863.4385375976562 -354.51495361328125 -75.60700988769531
v -863.908203125 -349.5356750488281 -80.60597229003906
v -1079.23486328125 -377.441650390625 -75.60702514648438
v -1079.822021484375 -372.4748229980469 -80.60598754882812
v -1294.8460693359375 -405.51397705078125 -75.6070327758789
v -1295.5504150390625 -400.5624084472656 -80.60600280761719
v -1162.8682861328125 402.00848388671875 -75.60601043701172
v -930.449462890625 426.70697021484375 -75.60601043701172
v -929.979736328125 421.7287292480469 -80.60601043701172
v -1162.28125 397.042724609375 -80.60601043701172
v -697.8893432617188 445.8875732421875 -75.60596466064453
v -697.5375366210938 440.8996887207031 -80.60596466064453
v -640.3626708984375 449.25909423828125 -75.5820083618164
v -635.0558471679688 444.58624267578125 -80.60449981689453
v -640.3626708984375 449.25909423828125 -75.5820083618164
v -640.3857421875 449.2577209472656 -20.9086971282959
v -635.0784301757812 444.5850524902344 -21.46445083618164
v -635.0558471679688 444.58624267578125 -80.60449981689453
v -630.3453369140625 449.849853515625 23.91793441772461
v -625.4304809570312 445.154052734375 21.610288619995117
v -595.737548828125 451.8907775878906 64.74805450439453
v -592.1100463867188 447.1190490722656 60.921634674072266
v -548.581298828125 454.6717224121094 94.93133544921875
v -546.0304565429688 449.8365478515625 90.41577911376953
v -492.1502990722656 457.9996032714844 116.21527862548828
v -490.38104248046875 453.1174621582031 111.40589904785156
v -475.837646484375 459.06982421875 120.04865264892578
v -474.4372253417969 454.1658020019531 115.15028381347656
v -237.9441680908203 467.64117431640625 163.77381896972656
v -237.26321411132812 462.7108459472656 158.75062561035156
v -0.18736346065998077 470.4945373535156 177.57676696777344
v -0.1875106394290924 465.5559997558594 172.5156707763672
v 237.56927490234375 467.6412048339844 163.72113037109375
v 236.88824462890625 462.71087646484375 158.69793701171875
v 475.463134765625 459.0699157714844 119.93759155273438
v 474.0619812011719 454.1659240722656 115.03934478759766
v 491.302978515625 458.0276184082031 116.21537017822266
v 489.532958984375 453.14556884765625 111.4061050415039
v 547.7337036132812 454.6996765136719 94.93155670166016
v 545.1828002929688 449.8645935058594 90.41590118408203
v 594.8899536132812 451.9187316894531 64.74811553955078
v 591.26220703125 447.14715576171875 60.92170333862305
v 629.4890747070312 449.8783264160156 23.928205490112305
v 624.574951171875 445.1826477050781 21.619613647460938
v 639.5593872070312 449.2844543457031 -20.896528244018555
v 634.2517700195312 444.61199951171875 -21.453441619873047
v 639.5340576171875 449.2859802246094 -75.58161163330078
v 634.2267456054688 444.6133117675781 -80.60425567626953
v 639.5340576171875 449.2859802246094 -75.58161163330078
v 697.514404296875 445.88763427734375 -75.60559844970703
v 697.1625366210938 440.8998718261719 -80.60578155517578
v 634.2267456054688 444.6133117675781 -80.60425567626953
v 930.0745849609375 426.7070617675781 -75.60564422607422
v 929.604736328125 421.7290344238281 -80.60581970214844
v 1162.493408203125 402.0085754394531 -75.60558319091797
v 1161.90625 397.0429992675781 -80.60576629638672
v 1587.430419921875 390.79620361328125 228.18002319335938
v 1587.436767578125 390.7954406738281 298.17999267578125
v 1641.3927001953125 380.1656188964844 298.17999267578125
v 1641.3961181640625 380.1644287109375 228.18002319335938
v 1641.3961181640625 380.1644287109375 228.18002319335938
v 1641.3927001953125 380.1656188964844 298.17999267578125
v 1623.9962158203125 291.8619689941406 298.17999267578125
v 1623.999755859375 291.8617858886719 228.18002319335938
v 1623.999755859375 291.8617858886719 228.18002319335938
v 1623.9962158203125 291.8619689941406 298.17999267578125
v 1570.0401611328125 302.4917907714844 298.17999267578125
v 1570.0340576171875 302.4934997558594 228.1800079345703
v 1570.0340576171875 302.4934997558594 228.1800079345703
v 1570.0401611328125 302.4917907714844 298.17999267578125
v 1587.436767578125 390.7954406738281 298.17999267578125
v 1587.430419921875 390.79620361328125 228.18002319335938
v 1581.2796630859375 402.20111083984375 302.8800048828125
v 1581.2796630859375 402.20111083984375 308.3800048828125
v 1651.416015625 388.3836364746094 308.3800048828125
v 1651.416259765625 388.3836364746094 302.8800048828125
v 1630.1533203125 280.4564514160156 308.3800048828125
v 1630.1533203125 280.4564514160156 302.8800048828125
v 1651.416259765625 388.3836364746094 302.8800048828125
v 1651.416015625 388.3836364746094 308.3800048828125
v 1651.4136962890625 388.3711853027344 308.3800048828125
v 1630.156005859375 280.4689636230469 308.3800048828125
v 1630.1533203125 280.4564514160156 302.8800048828125
v 1630.1533203125 280.4564514160156 308.3800048828125
v 1560.0169677734375 294.2740173339844 308.3800048828125
v 1560.0169677734375 294.2740173339844 302.8800048828125
v 1581.2796630859375 402.20111083984375 308.3800048828125
v 1581.2796630859375 402.20111083984375 302.8800048828125
v 1560.0169677734375 294.2740173339844 302.8800048828125
v 1560.0169677734375 294.2740173339844 308.3800048828125
v 1560.01953125 294.2864074707031 308.3800048828125
v 1581.277099609375 402.1883850097656 308.38006591796875
v 1581.2796630859375 402.20111083984375 302.8800048828125
v 1651.416259765625 388.3836364746094 302.8800048828125
v 1641.3927001953125 380.1656188964844 298.17999267578125
v 1587.436767578125 390.7954406738281 298.17999267578125
v 1651.416259765625 388.3836364746094 302.8800048828125
v 1630.1533203125 280.4564514160156 302.8800048828125
v 1623.9962158203125 291.8619689941406 298.17999267578125
v 1641.3927001953125 380.1656188964844 298.17999267578125
v 1630.1533203125 280.4564514160156 302.8800048828125
v 1560.0169677734375 294.2740173339844 302.8800048828125
v 1570.0401611328125 302.4917907714844 298.17999267578125
v 1623.9962158203125 291.8619689941406 298.17999267578125
v 1560.0169677734375 294.2740173339844 302.8800048828125
v 1581.2796630859375 402.20111083984375 302.8800048828125
v 1587.436767578125 390.7954406738281 298.17999267578125
v 1570.0401611328125 302.4917907714844 298.17999267578125
v 1627.9388427734375 285.9896240234375 223.1800079345703
v 1627.9390869140625 285.9895324707031 -347.8246765136719
v 1647.268310546875 384.1036071777344 -347.8246765136719
v 1647.2684326171875 384.1036682128906 223.1800079345703
v 1647.2684326171875 384.1036682128906 223.1800079345703
v 1641.3961181640625 380.1644287109375 228.18002319335938
v 1623.999755859375 291.8617858886719 228.18002319335938
v 1627.9388427734375 285.9896240234375 223.1800079345703
v 1647.2684326171875 384.1036682128906 223.1800079345703
v 1647.268310546875 384.1036071777344 -347.8246765136719
v 1583.4886474609375 396.6687927246094 -347.8248291015625
v 1583.488525390625 396.6688537597656 223.1800079345703
v 1627.9388427734375 285.9896240234375 223.1800079345703
v 1564.1588134765625 298.5547790527344 223.17999267578125
v 1564.1590576171875 298.5547180175781 -347.8248596191406
v 1627.9390869140625 285.9895324707031 -347.8246765136719
v 1583.488525390625 396.6688537597656 223.1800079345703
v 1583.4886474609375 396.6687927246094 -347.8248291015625
v 1564.1590576171875 298.5547180175781 -347.8248596191406
v 1564.1588134765625 298.5547790527344 223.17999267578125
v 1647.2684326171875 384.1036682128906 223.1800079345703
v 1583.488525390625 396.6688537597656 223.1800079345703
v 1587.430419921875 390.79620361328125 228.18002319335938
v 1641.3961181640625 380.1644287109375 228.18002319335938
v 1570.0340576171875 302.4934997558594 228.1800079345703
v 1564.1588134765625 298.5547790527344 223.17999267578125
v 1627.9388427734375 285.9896240234375 223.1800079345703
v 1623.999755859375 291.8617858886719 228.18002319335938
v 1564.1588134765625 298.5547790527344 223.17999267578125
v 1570.0340576171875 302.4934997558594 228.1800079345703
v 1587.430419921875 390.79620361328125 228.18002319335938
v 1583.488525390625 396.6688537597656 223.1800079345703
v 1581.277099609375 402.1883850097656 308.38006591796875
v 1605.71630859375 341.32867431640625 333.17999267578125
v 1651.4136962890625 388.3711853027344 308.3800048828125
v 1581.2796630859375 402.20111083984375 308.3800048828125
v 1581.277099609375 402.1883850097656 308.38006591796875
v 1651.4136962890625 388.3711853027344 308.3800048828125
v 1651.416015625 388.3836364746094 308.3800048828125
v 1581.2796630859375 402.20111083984375 308.3800048828125
v 1651.4136962890625 388.3711853027344 308.3800048828125
v 1651.4136962890625 388.3711853027344 308.3800048828125
v 1605.71630859375 341.32867431640625 333.17999267578125
v 1630.156005859375 280.4689636230469 308.3800048828125
v 1605.71630859375 341.32867431640625 333.17999267578125
v 1581.277099609375 402.1883850097656 308.38006591796875
v 1560.01953125 294.2864074707031 308.3800048828125
v 1630.156005859375 280.4689636230469 308.3800048828125
v 1605.71630859375 341.32867431640625 333.17999267578125
v 1560.01953125 294.2864074707031 308.3800048828125
v 1560.01953125 294.2864074707031 308.3800048828125
v 1560.0169677734375 294.2740173339844 308.3800048828125
v 1630.1533203125 280.4564514160156 308.3800048828125
v 1630.156005859375 280.4689636230469 308.3800048828125
v 1460.929931640625 -386.7164611816406 228.1800537109375
v 1460.936279296875 -386.71722412109375 298.1800537109375
v 1514.849365234375 -397.56256103515625 298.1800537109375
v 1514.852783203125 -397.56365966796875 228.1800537109375
v 1514.852783203125 -397.56365966796875 228.1800537109375
v 1514.849365234375 -397.56256103515625 298.1800537109375
v 1497.1005859375 -485.7957763671875 298.1800537109375
v 1497.1041259765625 -485.7960205078125 228.18006896972656
v 1497.1041259765625 -485.7960205078125 228.18006896972656
v 1497.1005859375 -485.7957763671875 298.1800537109375
v 1443.187255859375 -474.950927734375 298.1800537109375
v 1443.1812744140625 -474.94927978515625 228.18006896972656
v 1443.1812744140625 -474.94927978515625 228.18006896972656
v 1443.187255859375 -474.950927734375 298.1800537109375
v 1460.936279296875 -386.71722412109375 298.1800537109375
v 1460.929931640625 -386.7164611816406 228.1800537109375
v 1454.8248291015625 -375.287109375 302.88006591796875
v 1454.8248291015625 -375.287109375 308.38006591796875
v 1524.9051513671875 -389.38427734375 308.38006591796875
v 1524.9051513671875 -389.38427734375 302.88006591796875
v 1503.2119140625 -497.2258605957031 308.38006591796875
v 1503.2119140625 -497.2258605957031 302.88006591796875
v 1524.9051513671875 -389.38427734375 302.88006591796875
v 1524.9051513671875 -389.38427734375 308.38006591796875
v 1524.9027099609375 -389.396728515625 308.38006591796875
v 1503.214599609375 -497.2134094238281 308.38006591796875
v 1503.2119140625 -497.2258605957031 302.88006591796875
v 1503.2119140625 -497.2258605957031 308.38006591796875
v 1433.131591796875 -483.1286926269531 308.38006591796875
v 1433.131591796875 -483.1286926269531 302.88006591796875
v 1454.8248291015625 -375.287109375 308.38006591796875
v 1454.8248291015625 -375.287109375 302.88006591796875
v 1433.131591796875 -483.1286926269531 302.88006591796875
v 1433.131591796875 -483.1286926269531 308.38006591796875
v 1433.1341552734375 -483.1163024902344 308.38006591796875
v 1454.822021484375 -375.300048828125 308.380126953125
v 1454.8248291015625 -375.287109375 302.88006591796875
v 1524.9051513671875 -389.38427734375 302.88006591796875
v 1514.849365234375 -397.56256103515625 298.1800537109375
v 1460.936279296875 -386.71722412109375 298.1800537109375
v 1524.9051513671875 -389.38427734375 302.88006591796875
v 1503.2119140625 -497.2258605957031 302.88006591796875
v 1497.1005859375 -485.7957763671875 298.1800537109375
v 1514.849365234375 -397.56256103515625 298.1800537109375
v 1503.2119140625 -497.2258605957031 302.88006591796875
v 1433.131591796875 -483.1286926269531 302.88006591796875
v 1443.187255859375 -474.950927734375 298.1800537109375
v 1497.1005859375 -485.7957763671875 298.1800537109375
v 1433.131591796875 -483.1286926269531 302.88006591796875
v 1454.8248291015625 -375.287109375 302.88006591796875
v 1460.936279296875 -386.71722412109375 298.1800537109375
v 1443.187255859375 -474.950927734375 298.1800537109375
v 1501.02001953125 -491.68402099609375 -346.7681884765625
v 1520.7406005859375 -393.6479797363281 -346.7681884765625
v 1520.7406005859375 -393.6479187011719 223.1800537109375
v 1501.019775390625 -491.6839599609375 223.18006896972656
v 1520.7406005859375 -393.6479187011719 223.1800537109375
v 1514.852783203125 -397.56365966796875 228.1800537109375
v 1497.1041259765625 -485.7960205078125 228.18006896972656
v 1501.019775390625 -491.6839599609375 223.18006896972656
v 1520.7406005859375 -393.6479797363281 -346.7681884765625
v 1457.011474609375 -380.82806396484375 -346.7681884765625
v 1457.011474609375 -380.8280029296875 223.1800537109375
v 1520.7406005859375 -393.6479187011719 223.1800537109375
v 1501.019775390625 -491.6839599609375 223.18006896972656
v 1437.290771484375 -478.8643798828125 223.18006896972656
v 1437.2906494140625 -478.86444091796875 -346.7681884765625
v 1501.02001953125 -491.68402099609375 -346.7681884765625
v 1457.011474609375 -380.8280029296875 223.1800537109375
v 1457.011474609375 -380.82806396484375 -346.7681884765625
v 1437.2906494140625 -478.86444091796875 -346.7681884765625
v 1437.290771484375 -478.8643798828125 223.18006896972656
v 1520.7406005859375 -393.6479187011719 223.1800537109375
v 1457.011474609375 -380.8280029296875 223.1800537109375
v 1460.929931640625 -386.7164611816406 228.1800537109375
v 1514.852783203125 -397.56365966796875 228.1800537109375
v 1443.1812744140625 -474.94927978515625 228.18006896972656
v 1437.290771484375 -478.8643798828125 223.18006896972656
v 1501.019775390625 -491.6839599609375 223.18006896972656
v 1497.1041259765625 -485.7960205078125 228.18006896972656
v 1437.290771484375 -478.8643798828125 223.18006896972656
v 1443.1812744140625 -474.94927978515625 228.18006896972656
v 1460.929931640625 -386.7164611816406 228.1800537109375
v 1457.011474609375 -380.8280029296875 223.1800537109375
v 1454.822021484375 -375.300048828125 308.380126953125
v 1479.0184326171875 -436.2565612792969 333.1800537109375
v 1524.9027099609375 -389.396728515625 308.38006591796875
v 1454.8248291015625 -375.287109375 308.38006591796875
v 1454.822021484375 -375.300048828125 308.380126953125
v 1524.9027099609375 -389.396728515625 308.38006591796875
v 1524.9051513671875 -389.38427734375 308.38006591796875
v 1454.8248291015625 -375.287109375 308.38006591796875
v 1524.9027099609375 -389.396728515625 308.38006591796875
v 1524.9027099609375 -389.396728515625 308.38006591796875
v 1479.0184326171875 -436.2565612792969 333.1800537109375
v 1503.214599609375 -497.2134094238281 308.38006591796875
v 1479.0184326171875 -436.2565612792969 333.1800537109375
v 1454.822021484375 -375.300048828125 308.380126953125
v 1433.1341552734375 -483.1163024902344 308.38006591796875
v 1503.214599609375 -497.2134094238281 308.38006591796875
v 1479.0184326171875 -436.2565612792969 333.1800537109375
v 1433.1341552734375 -483.1163024902344 308.38006591796875
v 1433.1341552734375 -483.1163024902344 308.38006591796875
v 1433.131591796875 -483.1286926269531 308.38006591796875
v 1503.2119140625 -497.2258605957031 308.38006591796875
v 1503.214599609375 -497.2134094238281 308.38006591796875
v -1515.019287109375 -399.2706298828125 228.179931640625
v -1515.01318359375 -399.2689514160156 298.179931640625
v -1461.0125732421875 -388.8675231933594 298.179931640625
v -1461.0091552734375 -388.8673400878906 228.179931640625
v -1461.0091552734375 -388.8673400878906 228.179931640625
v -1461.0125732421875 -388.8675231933594 298.179931640625
v -1443.9898681640625 -477.243896484375 298.179931640625
v -1443.986572265625 -477.2428894042969 228.17994689941406
v -1443.986572265625 -477.2428894042969 228.17994689941406
v -1443.9898681640625 -477.243896484375 298.179931640625
v -1497.9903564453125 -487.6453552246094 298.179931640625
v -1497.9967041015625 -487.6460876464844 228.17994689941406
v -1497.9967041015625 -487.6460876464844 228.17994689941406
v -1497.9903564453125 -487.6453552246094 298.179931640625
v -1515.01318359375 -399.2689514160156 298.179931640625
v -1515.019287109375 -399.2706298828125 228.179931640625
v -1525.00146484375 -391.0085144042969 302.87994384765625
v -1525.00146484375 -391.0085144042969 308.37994384765625
v -1454.807373046875 -377.4880065917969 308.37994384765625
v -1454.807373046875 -377.4880065917969 302.87994384765625
v -1434.0015869140625 -485.5042724609375 308.37994384765625
v -1434.0015869140625 -485.5042724609375 302.87994384765625
v -1454.807373046875 -377.4880065917969 302.87994384765625
v -1454.807373046875 -377.4880065917969 308.37994384765625
v -1454.804931640625 -377.5003967285156 308.37994384765625
v -1434.00390625 -485.4917907714844 308.37994384765625
v -1434.0015869140625 -485.5042724609375 302.87994384765625
v -1434.0015869140625 -485.5042724609375 308.37994384765625
v -1504.1956787109375 -499.02484130859375 308.37994384765625
v -1504.1956787109375 -499.02484130859375 302.87994384765625
v -1525.00146484375 -391.0085144042969 308.37994384765625
v -1525.00146484375 -391.0085144042969 302.87994384765625
v -1504.1956787109375 -499.02484130859375 302.87994384765625
v -1504.1956787109375 -499.02484130859375 308.37994384765625
v -1504.197998046875 -499.0124206542969 308.37994384765625
v -1524.9989013671875 -391.0214538574219 308.3800048828125
v -1525.00146484375 -391.0085144042969 302.87994384765625
v -1454.807373046875 -377.4880065917969 302.87994384765625
v -1461.0125732421875 -388.8675231933594 298.179931640625
v -1515.01318359375 -399.2689514160156 298.179931640625
v -1454.807373046875 -377.4880065917969 302.87994384765625
v -1434.0015869140625 -485.5042724609375 302.87994384765625
v -1443.9898681640625 -477.243896484375 298.179931640625
v -1461.0125732421875 -388.8675231933594 298.179931640625
v -1434.0015869140625 -485.5042724609375 302.87994384765625
v -1504.1956787109375 -499.02484130859375 302.87994384765625
v -1497.9903564453125 -487.6453552246094 298.179931640625
v -1443.9898681640625 -477.243896484375 298.179931640625
v -1504.1956787109375 -499.02484130859375 302.87994384765625
v -1525.00146484375 -391.0085144042969 302.87994384765625
v -1515.01318359375 -399.2689514160156 298.179931640625
v -1497.9903564453125 -487.6453552246094 298.179931640625
v -1438.131103515625 -481.2068786621094 -346.76824951171875
v -1457.045166015625 -383.011962890625 -346.76824951171875
v -1457.045166015625 -383.01190185546875 223.179931640625
v -1438.131103515625 -481.2068176269531 223.17994689941406
v -1457.045166015625 -383.01190185546875 223.179931640625
v -1461.0091552734375 -388.8673400878906 228.179931640625
v -1443.986572265625 -477.2428894042969 228.17994689941406
v -1438.131103515625 -481.2068176269531 223.17994689941406
v -1457.045166015625 -383.011962890625 -346.76824951171875
v -1520.87744140625 -395.3071594238281 -346.76837158203125
v -1520.87744140625 -395.30712890625 223.179931640625
v -1457.045166015625 -383.01190185546875 223.179931640625
v -1438.131103515625 -481.2068176269531 223.17994689941406
v -1501.96337890625 -493.50201416015625 223.17994689941406
v -1501.96337890625 -493.5020446777344 -346.76837158203125
v -1438.131103515625 -481.2068786621094 -346.76824951171875
v -1520.87744140625 -395.30712890625 223.179931640625
v -1520.87744140625 -395.3071594238281 -346.76837158203125
v -1501.96337890625 -493.5020446777344 -346.76837158203125
v -1501.96337890625 -493.50201416015625 223.17994689941406
v -1457.045166015625 -383.01190185546875 223.179931640625
v -1520.87744140625 -395.30712890625 223.179931640625
v -1515.019287109375 -399.2706298828125 228.179931640625
v -1461.0091552734375 -388.8673400878906 228.179931640625
v -1497.9967041015625 -487.6460876464844 228.17994689941406
v -1501.96337890625 -493.50201416015625 223.17994689941406
v -1438.131103515625 -481.2068176269531 223.17994689941406
v -1443.986572265625 -477.2428894042969 228.17994689941406
v -1501.96337890625 -493.50201416015625 223.17994689941406
v -1497.9967041015625 -487.6460876464844 228.17994689941406
v -1515.019287109375 -399.2706298828125 228.179931640625
v -1520.87744140625 -395.30712890625 223.179931640625
v -1524.9989013671875 -391.0214538574219 308.3800048828125
v -1479.50146484375 -438.2563781738281 333.179931640625
v -1454.804931640625 -377.5003967285156 308.37994384765625
v -1525.00146484375 -391.0085144042969 308.37994384765625
v -1524.9989013671875 -391.0214538574219 308.3800048828125
v -1454.804931640625 -377.5003967285156 308.37994384765625
v -1454.807373046875 -377.4880065917969 308.37994384765625
v -1525.00146484375 -391.0085144042969 308.37994384765625
v -1454.804931640625 -377.5003967285156 308.37994384765625
v -1454.804931640625 -377.5003967285156 308.37994384765625
v -1479.50146484375 -438.2563781738281 333.179931640625
v -1434.00390625 -485.4917907714844 308.37994384765625
v -1479.50146484375 -438.2563781738281 333.179931640625
v -1524.9989013671875 -391.0214538574219 308.3800048828125
v -1504.197998046875 -499.0124206542969 308.37994384765625
v -1434.00390625 -485.4917907714844 308.37994384765625
v -1479.50146484375 -438.2563781738281 333.179931640625
v -1504.197998046875 -499.0124206542969 308.37994384765625
v -1504.197998046875 -499.0124206542969 308.37994384765625
v -1504.1956787109375 -499.02484130859375 308.37994384765625
v -1434.0015869140625 -485.5042724609375 308.37994384765625
v -1434.00390625 -485.4917907714844 308.37994384765625
v -1641.4334716796875 380.48931884765625 228.1798553466797
v -1641.4273681640625 380.49102783203125 298.17987060546875
v -1587.4268798828125 390.89251708984375 298.17987060546875
v -1587.42333984375 390.8926696777344 228.1798553466797
v -1587.42333984375 390.8926696777344 228.1798553466797
v -1587.4268798828125 390.89251708984375 298.17987060546875
v -1570.404296875 302.51605224609375 298.17987060546875
v -1570.4010009765625 302.51715087890625 228.17987060546875
v -1570.4010009765625 302.51715087890625 228.17987060546875
v -1570.404296875 302.51605224609375 298.17987060546875
v -1624.404541015625 292.1146545410156 298.17987060546875
v -1624.4107666015625 292.1138916015625 228.1798553466797
v -1624.4107666015625 292.1138916015625 228.1798553466797
v -1624.404541015625 292.1146545410156 298.17987060546875
v -1641.4273681640625 380.49102783203125 298.17987060546875
v -1641.4334716796875 380.48931884765625 228.1798553466797
v -1651.4154052734375 388.7514953613281 302.8798522949219
v -1651.4154052734375 388.7514953613281 308.3798828125
v -1581.2218017578125 402.2720642089844 308.3798828125
v -1581.2218017578125 402.2720642089844 302.8798522949219
v -1560.416015625 294.2556457519531 308.3798828125
v -1560.416015625 294.2556457519531 302.8798522949219
v -1581.2218017578125 402.2720642089844 302.8798522949219
v -1581.2218017578125 402.2720642089844 308.3798828125
v -1581.21923828125 402.2596130371094 308.3798828125
v -1560.4183349609375 294.2680969238281 308.3798828125
v -1560.416015625 294.2556457519531 302.8798522949219
v -1560.416015625 294.2556457519531 308.3798828125
v -1630.60986328125 280.7350769042969 308.3798828125
v -1630.60986328125 280.7350769042969 302.8798522949219
v -1651.4154052734375 388.7514953613281 308.3798828125
v -1651.4154052734375 388.7514953613281 302.8798522949219
v -1630.60986328125 280.7350769042969 302.8798522949219
v -1630.60986328125 280.7350769042969 308.3798828125
v -1630.6124267578125 280.7475280761719 308.3798828125
v -1651.4132080078125 388.7385559082031 308.37994384765625
v -1651.4154052734375 388.7514953613281 302.8798522949219
v -1581.2218017578125 402.2720642089844 302.8798522949219
v -1587.4268798828125 390.89251708984375 298.17987060546875
v -1641.4273681640625 380.49102783203125 298.17987060546875
v -1581.2218017578125 402.2720642089844 302.8798522949219
v -1560.416015625 294.2556457519531 302.8798522949219
v -1570.404296875 302.51605224609375 298.17987060546875
v -1587.4268798828125 390.89251708984375 298.17987060546875
v -1560.416015625 294.2556457519531 302.8798522949219
v -1630.60986328125 280.7350769042969 302.8798522949219
v -1624.404541015625 292.1146545410156 298.17987060546875
v -1570.404296875 302.51605224609375 298.17987060546875
v -1630.60986328125 280.7350769042969 302.8798522949219
v -1651.4154052734375 388.7514953613281 302.8798522949219
v -1641.4273681640625 380.49102783203125 298.17987060546875
v -1624.404541015625 292.1146545410156 298.17987060546875
v -1564.5455322265625 298.5530700683594 -347.82489013671875
v -1583.45947265625 396.7480773925781 -347.82489013671875
v -1583.45947265625 396.7480773925781 223.1798553466797
v -1564.54541015625 298.5531005859375 223.17987060546875
v -1583.45947265625 396.7480773925781 223.1798553466797
v -1587.42333984375 390.8926696777344 228.1798553466797
v -1570.4010009765625 302.51715087890625 228.17987060546875
v -1564.54541015625 298.5531005859375 223.17987060546875
v -1583.45947265625 396.7480773925781 -347.82489013671875
v -1647.29150390625 384.4528503417969 -347.824951171875
v -1647.29150390625 384.4529113769531 223.1798553466797
v -1583.45947265625 396.7480773925781 223.1798553466797
v -1564.54541015625 298.5531005859375 223.17987060546875
v -1628.377685546875 286.2579345703125 223.1798553466797
v -1628.377685546875 286.2579040527344 -347.8249206542969
v -1564.5455322265625 298.5530700683594 -347.82489013671875
v -1647.29150390625 384.4529113769531 223.1798553466797
v -1647.29150390625 384.4528503417969 -347.824951171875
v -1628.377685546875 286.2579040527344 -347.8249206542969
v -1628.377685546875 286.2579345703125 223.1798553466797
v -1583.45947265625 396.7480773925781 223.1798553466797
v -1647.29150390625 384.4529113769531 223.1798553466797
v -1641.4334716796875 380.48931884765625 228.1798553466797
v -1587.42333984375 390.8926696777344 228.1798553466797
v -1624.4107666015625 292.1138916015625 228.1798553466797
v -1628.377685546875 286.2579345703125 223.1798553466797
v -1564.54541015625 298.5531005859375 223.17987060546875
v -1570.4010009765625 302.51715087890625 228.17987060546875
v -1628.377685546875 286.2579345703125 223.1798553466797
v -1624.4107666015625 292.1138916015625 228.1798553466797
v -1641.4334716796875 380.48931884765625 228.1798553466797
v -1647.29150390625 384.4529113769531 223.1798553466797
v -1651.4132080078125 388.7385559082031 308.37994384765625
v -1605.915771484375 341.50360107421875 333.17987060546875
v -1581.21923828125 402.2596130371094 308.3798828125
v -1651.4154052734375 388.7514953613281 308.3798828125
v -1651.4132080078125 388.7385559082031 308.37994384765625
v -1581.21923828125 402.2596130371094 308.3798828125
v -1581.2218017578125 402.2720642089844 308.3798828125
v -1651.4154052734375 388.7514953613281 308.3798828125
v -1581.21923828125 402.2596130371094 308.3798828125
v -1581.21923828125 402.2596130371094 308.3798828125
v -1605.915771484375 341.50360107421875 333.17987060546875
v -1560.4183349609375 294.2680969238281 308.3798828125
v -1605.915771484375 341.50360107421875 333.17987060546875
v -1651.4132080078125 388.7385559082031 308.37994384765625
v -1630.6124267578125 280.7475280761719 308.3798828125
v -1560.4183349609375 294.2680969238281 308.3798828125
v -1605.915771484375 341.50360107421875 333.17987060546875
v -1630.6124267578125 280.7475280761719 308.3798828125
v -1630.6124267578125 280.7475280761719 308.3798828125
v -1630.60986328125 280.7350769042969 308.3798828125
v -1560.416015625 294.2556457519531 308.3798828125
v -1560.4183349609375 294.2680969238281 308.3798828125
v -1404.4990234375 371.5635681152344 290.5927734375
v -1576.727294921875 344.5576477050781 287.8099365234375
v -1574.55419921875 330.0326843261719 292.812255859375
v -1399.9200439453125 357.3884582519531 295.60101318359375
v -1172.05029296875 401.8671569824219 303.40496826171875
v -1168.2308349609375 387.59375 308.41046142578125
v -938.796875 426.708984375 322.9707946777344
v -935.7389526367188 412.3548889160156 327.97296142578125
v -704.852294921875 446.065673828125 345.24969482421875
v -702.5574951171875 431.6485290527344 350.24853515625
v -470.3457946777344 459.9143371582031 366.19342041015625
v -468.81524658203125 445.4518737792969 371.18896484375
v -235.40513610839844 468.2353820800781 381.7447204589844
v -234.6396942138672 453.7452392578125 386.7369689941406
v -0.1881784051656723 456.5121154785156 392.82489013671875
v -0.1881721466779709 471.0120849609375 387.8348388671875
v 234.26353454589844 453.7452392578125 386.73699951171875
v 235.029052734375 468.2370910644531 381.7447509765625
v 468.4394836425781 445.4520263671875 371.1891784667969
v 469.9701232910156 459.9174499511719 366.1935729980469
v 702.1823120117188 431.648681640625 350.24859619140625
v 704.4774169921875 446.0693054199219 345.24969482421875
v 935.3642578125 412.3549499511719 327.9730224609375
v 938.4224853515625 426.71246337890625 322.97088623046875
v 1167.8564453125 387.5937805175781 308.41058349609375
v 1171.6763916015625 401.86981201171875 303.4051513671875
v 1399.5458984375 357.3884582519531 295.60125732421875
v 1404.125 371.56500244140625 290.593017578125
v 1574.187255859375 330.0316467285156 292.8125
v 1576.3575439453125 344.5574645996094 287.8101806640625
v 1499.6083984375 -438.3285217285156 287.81982421875
v 1504.9444580078125 -424.269287109375 292.8173828125
v 1291.7841796875 -391.3583068847656 295.6173095703125
v 1287.2052001953125 -405.5349426269531 290.62615966796875
v 1077.9970703125 -363.4851379394531 308.41796875
v 1074.177490234375 -377.7614440917969 303.4237976074219
v 863.4443969726562 -340.6318054199219 327.970703125
v 860.386474609375 -354.9896240234375 322.97296142578125
v 648.2281494140625 -322.82135009765625 350.23919677734375
v 645.933349609375 -337.2422790527344 345.2379150390625
v 432.4670104980469 -310.076904296875 371.1749572753906
v 430.9365539550781 -324.5425720214844 366.1701965332031
v 216.27833557128906 -302.41851806640625 386.71917724609375
v 215.512939453125 -316.9105224609375 381.7108154296875
v -0.1882404088973999 -299.8631896972656 392.80419921875
v -0.18824701011180878 -314.3631896972656 387.79351806640625
v -216.6545867919922 -302.4185485839844 386.7191162109375
v -215.88926696777344 -316.9085388183594 381.71075439453125
v -431.3125 -324.5392150878906 366.1700439453125
v -432.8428039550781 -310.0769958496094 371.1747741699219
v -646.308837890625 -337.2382507324219 345.23779296875
v -648.6033935546875 -322.8214111328125 350.23907470703125
v -860.761474609375 -354.9856872558594 322.972900390625
v -863.819091796875 -340.6318359375 327.9706115722656
v -1074.552001953125 -377.7583923339844 303.4236755371094
v -1078.3712158203125 -363.4851379394531 308.41778564453125
v -1287.579345703125 -405.5332336425781 290.62591552734375
v -1292.158203125 -391.3582763671875 295.6170654296875
v -1450.85986328125 -431.0872497558594 287.81964111328125
v -1453.00048828125 -416.5575256347656 292.817138671875
v -1404.169189453125 371.6083679199219 285.59832763671875
v -1395.0106201171875 343.2568054199219 285.61474609375
v -1572.3223876953125 315.516357421875 282.81475830078125
v -1576.6685791015625 344.5667419433594 282.81011962890625
v -1171.3651123046875 401.9476013183594 298.42877197265625
v -1163.72509765625 373.398193359375 298.43975830078125
v -937.9107666015625 426.7937316894531 318.010498046875
v -931.7935791015625 398.0821838378906 318.01483154296875
v -703.9358520507812 446.13275146484375 340.2919921875
v -699.344970703125 417.2950744628906 340.28985595703125
v -469.5703125 459.9539794921875 361.2236328125
v -466.50830078125 431.02618408203125 361.2148742675781
v -234.944091796875 468.2498779296875 376.7553405761719
v -233.41265869140625 439.2679138183594 376.7398376464844
v -0.18755406141281128 471.01568603515625 382.8348388671875
v -0.1875527948141098 442.015625 382.81488037109375
v 234.5689697265625 468.2498779296875 376.75537109375
v 233.03756713867188 439.2679138183594 376.7398681640625
v 469.1951599121094 459.9540710449219 361.2237548828125
v 466.1331481933594 431.0262451171875 361.2149353027344
v 703.5608520507812 446.1328125 340.2919921875
v 698.9699096679688 417.2951354980469 340.28985595703125
v 937.53564453125 426.7937927246094 318.0106506347656
v 931.4185180664062 398.0822448730469 318.01495361328125
v 1170.9901123046875 401.9477233886719 298.4289855957031
v 1163.35009765625 373.3983154296875 298.4399719238281
v 1403.794189453125 371.6084899902344 285.59857177734375
v 1394.6356201171875 343.2569274902344 285.614990234375
v 1576.29833984375 344.566162109375 282.81036376953125
v 1571.957763671875 315.5149841308594 282.81500244140625
v 1286.8463134765625 -405.48614501953125 285.6326904296875
v 1296.0047607421875 -377.1346130371094 285.6150207519531
v 1510.2159423828125 -410.2005615234375 282.8150634765625
v 1499.543701171875 -438.3184509277344 282.820068359375
v 1073.43408203125 -377.674072265625 298.451904296875
v 1081.0738525390625 -349.1246337890625 298.4400329589844
v 859.4259033203125 -354.8976745605469 318.0196533203125
v 865.5427856445312 -326.1861267089844 318.0150146484375
v 644.9404907226562 -337.16949462890625 340.28759765625
v 649.531005859375 -308.3318176269531 340.28997802734375
v 430.0968933105469 -324.4995422363281 361.20562744140625
v 433.1586608886719 -295.5716857910156 361.2149963378906
v 215.01443481445312 -316.8947448730469 376.7232666015625
v 216.54574584960938 -287.91278076171875 376.73992919921875
v -0.18751777708530426 -314.3593444824219 382.79351806640625
v -0.18751904368400574 -285.3593444824219 382.81494140625
v -215.38946533203125 -316.8947448730469 376.7232360839844
v -216.9207763671875 -287.91278076171875 376.7398986816406
v -430.47198486328125 -324.4996032714844 361.20550537109375
v -433.53375244140625 -295.5717468261719 361.2149353027344
v -645.3154907226562 -337.1695556640625 340.2874755859375
v -649.9060668945312 -308.3318786621094 340.28985595703125
v -859.8009033203125 -354.8977355957031 318.01953125
v -865.9177856445312 -326.1861877441406 318.014892578125
v -1073.80908203125 -377.6741638183594 298.4516906738281
v -1081.4488525390625 -349.1247253417969 298.4398193359375
v -1287.2213134765625 -405.48626708984375 285.6324462890625
v -1296.3797607421875 -377.1347351074219 285.61480712890625
v -1450.795654296875 -431.0777893066406 282.81982421875
v -1455.0772705078125 -402.0179138183594 282.8148193359375
v -1404.169189453125 371.6083679199219 285.59832763671875
v -1576.6685791015625 344.5667419433594 282.81011962890625
v -1576.727294921875 344.5576477050781 287.8099365234375
v -1404.4990234375 371.5635681152344 290.5927734375
v -1572.3223876953125 315.516357421875 282.81475830078125
v -1395.0106201171875 343.2568054199219 285.61474609375
v -1395.341064453125 343.21337890625 290.60919189453125
v -1572.3812255859375 315.5076904296875 287.8145751953125
v -1171.3651123046875 401.9476013183594 298.42877197265625
v -1172.05029296875 401.8671569824219 303.40496826171875
v -1163.72509765625 373.398193359375 298.43975830078125
v -1164.411376953125 373.3202819824219 303.4158935546875
v -937.9107666015625 426.7937316894531 318.010498046875
v -938.796875 426.708984375 322.9707946777344
v -931.7935791015625 398.0821838378906 318.01483154296875
v -932.6809692382812 398.00079345703125 322.97503662109375
v -703.9358520507812 446.13275146484375 340.2919921875
v -704.852294921875 446.065673828125 345.24969482421875
v -699.344970703125 417.2950744628906 340.28985595703125
v -700.2626342773438 417.2314758300781 345.2474365234375
v -469.5703125 459.9539794921875 361.2236328125
v -470.3457946777344 459.9143371582031 366.19342041015625
v -466.50830078125 431.02618408203125 361.2148742675781
v -467.2846984863281 430.98944091796875 366.1845703125
v -234.944091796875 468.2498779296875 376.7553405761719
v -235.40513610839844 468.2353820800781 381.7447204589844
v -233.41265869140625 439.2679138183594 376.7398376464844
v -233.87423706054688 439.255126953125 381.7291564941406
v -0.18755406141281128 471.01568603515625 382.8348388671875
v -0.1881721466779709 471.0120849609375 387.8348388671875
v -0.1875527948141098 442.015625 382.81488037109375
v -0.18818385899066925 442.0121154785156 387.81488037109375
v 234.5689697265625 468.2498779296875 376.75537109375
v 235.029052734375 468.2370910644531 381.7447509765625
v 233.03756713867188 439.2679138183594 376.7398681640625
v 233.49801635742188 439.25341796875 381.729248046875
v 469.1951599121094 459.9540710449219 361.2237548828125
v 469.9701232910156 459.9174499511719 366.1935729980469
v 466.1331481933594 431.0262451171875 361.2149353027344
v 466.9087829589844 430.9866027832031 366.1847229003906
v 703.5608520507812 446.1328125 340.2919921875
v 704.4774169921875 446.0693054199219 345.24969482421875
v 698.9699096679688 417.2951354980469 340.28985595703125
v 699.88720703125 417.2280578613281 345.24749755859375
v 937.53564453125 426.7937927246094 318.0106506347656
v 938.4224853515625 426.71246337890625 322.97088623046875
v 931.4185180664062 398.0822448730469 318.01495361328125
v 932.305908203125 397.9974365234375 322.97515869140625
v 1170.9901123046875 401.9477233886719 298.4289855957031
v 1171.6763916015625 401.86981201171875 303.4051513671875
v 1163.35009765625 373.3983154296875 298.4399719238281
v 1164.0367431640625 373.31768798828125 303.41607666015625
v 1403.794189453125 371.6084899902344 285.59857177734375
v 1404.125 371.56500244140625 290.593017578125
v 1394.6356201171875 343.2569274902344 285.614990234375
v 1394.9666748046875 343.2119445800781 290.60943603515625
v 1576.29833984375 344.566162109375 282.81036376953125
v 1576.3575439453125 344.5574645996094 287.8101806640625
v 1571.957763671875 315.5149841308594 282.81500244140625
v 1572.016845703125 315.50579833984375 287.8148193359375
v 1286.8463134765625 -405.48614501953125 285.6326904296875
v 1499.543701171875 -438.3184509277344 282.820068359375
v 1499.6083984375 -438.3285217285156 287.81982421875
v 1287.2052001953125 -405.5349426269531 290.62615966796875
v 1510.2159423828125 -410.2005615234375 282.8150634765625
v 1296.0047607421875 -377.1346130371094 285.6150207519531
v 1296.36328125 -377.1816711425781 290.6085205078125
v 1510.280517578125 -410.2100524902344 287.81488037109375
v 1073.43408203125 -377.674072265625 298.451904296875
v 1074.177490234375 -377.7614440917969 303.4237976074219
v 1081.0738525390625 -349.1246337890625 298.4400329589844
v 1081.8167724609375 -349.2088317871094 303.4120178222656
v 859.4259033203125 -354.8976745605469 318.0196533203125
v 860.386474609375 -354.9896240234375 322.97296142578125
v 865.5427856445312 -326.1861267089844 318.0150146484375
v 866.5025024414062 -326.27398681640625 322.96844482421875
v 644.9404907226562 -337.16949462890625 340.28759765625
v 645.933349609375 -337.2422790527344 345.2379150390625
v 649.531005859375 -308.3318176269531 340.28997802734375
v 650.5230102539062 -308.400390625 345.24041748046875
v 430.0968933105469 -324.4995422363281 361.20562744140625
v 430.9365539550781 -324.5425720214844 366.1701965332031
v 433.1586608886719 -295.5716857910156 361.2149963378906
v 433.9974670410156 -295.6112060546875 366.1796569824219
v 215.01443481445312 -316.8947448730469 376.7232666015625
v 215.512939453125 -316.9105224609375 381.7108154296875
v 216.54574584960938 -287.91278076171875 376.73992919921875
v 217.04373168945312 -287.926513671875 381.7275390625
v -0.18751777708530426 -314.3593444824219 382.79351806640625
v -0.18824701011180878 -314.3631896972656 387.79351806640625
v -0.18751904368400574 -285.3593444824219 382.81494140625
v -0.1882328987121582 -285.3631896972656 387.81494140625
v -215.38946533203125 -316.8947448730469 376.7232360839844
v -215.88926696777344 -316.9085388183594 381.71075439453125
v -216.9207763671875 -287.91278076171875 376.7398986816406
v -217.41990661621094 -287.9285888671875 381.72747802734375
v -430.47198486328125 -324.4996032714844 361.20550537109375
v -431.3125 -324.5392150878906 366.1700439453125
v -433.53375244140625 -295.5717468261719 361.2149353027344
v -434.3730773925781 -295.6147766113281 366.17950439453125
v -645.3154907226562 -337.1695556640625 340.2874755859375
v -646.308837890625 -337.2382507324219 345.23779296875
v -649.9060668945312 -308.3318786621094 340.28985595703125
v -650.8978881835938 -308.40460205078125 345.24029541015625
v -859.8009033203125 -354.8977355957031 318.01953125
v -860.761474609375 -354.9856872558594 322.972900390625
v -865.9177856445312 -326.1861877441406 318.014892578125
v -866.8767700195312 -326.27801513671875 322.9683532714844
v -1073.80908203125 -377.6741638183594 298.4516906738281
v -1074.552001953125 -377.7583923339844 303.4236755371094
v -1081.4488525390625 -349.1247253417969 298.4398193359375
v -1082.1905517578125 -349.2119140625 303.41192626953125
v -1287.2213134765625 -405.48626708984375 285.6324462890625
v -1287.579345703125 -405.5332336425781 290.62591552734375
v -1296.3797607421875 -377.1347351074219 285.61480712890625
v -1296.7371826171875 -377.1833190917969 290.6082763671875
v -1450.795654296875 -431.0777893066406 282.81982421875
v -1450.85986328125 -431.0872497558594 287.81964111328125
v -1455.0772705078125 -402.0179138183594 282.8148193359375
v -1455.1412353515625 -402.02783203125 287.81463623046875
v -1572.3812255859375 315.5076904296875 287.8145751953125
v -1395.341064453125 343.21337890625 290.60919189453125
v -1164.411376953125 373.3202819824219 303.4158935546875
v -932.6809692382812 398.00079345703125 322.97503662109375
v -700.2626342773438 417.2314758300781 345.2474365234375
v -467.2846984863281 430.98944091796875 366.1845703125
v -233.87423706054688 439.255126953125 381.7291564941406
v -0.18818385899066925 442.0121154785156 387.81488037109375
v 233.49801635742188 439.25341796875 381.729248046875
v 466.9087829589844 430.9866027832031 366.1847229003906
v 699.88720703125 417.2280578613281 345.24749755859375
v 932.305908203125 397.9974365234375 322.97515869140625
v 1164.0367431640625 373.31768798828125 303.41607666015625
v 1394.9666748046875 343.2119445800781 290.60943603515625
v 1572.016845703125 315.50579833984375 287.8148193359375
v 1510.280517578125 -410.2100524902344 287.81488037109375
v 1296.36328125 -377.1816711425781 290.6085205078125
v 1081.8167724609375 -349.2088317871094 303.4120178222656
v 866.5025024414062 -326.27398681640625 322.96844482421875
v 650.5230102539062 -308.400390625 345.24041748046875
v 433.9974670410156 -295.6112060546875 366.1796569824219
v 217.04373168945312 -287.926513671875 381.7275390625
v -0.1882328987121582 -285.3631896972656 387.81494140625
v -217.41990661621094 -287.9285888671875 381.72747802734375
v -434.3730773925781 -295.6147766113281 366.17950439453125
v -650.8978881835938 -308.40460205078125 345.24029541015625
v -866.8767700195312 -326.27801513671875 322.9683532714844
v -1082.1905517578125 -349.2119140625 303.41192626953125
v -1296.7371826171875 -377.1833190917969 290.6082763671875
v -1455.1412353515625 -402.02783203125 287.81463623046875
v -2495.77734375 86.77651977539062 183.3995361328125
v -1644.872314453125 296.26239013671875 187.75711059570312
v -1644.8720703125 296.26239013671875 -41.2010383605957
v -2495.77734375 86.77649688720703 -45.5586051940918
v -1538.556396484375 -411.29815673828125 187.6142578125
v -2308.5458984375 -629.1572875976562 183.3134765625
v -2308.5458984375 -629.1573486328125 -45.644649505615234
v -1538.556396484375 -411.29815673828125 -41.34387969970703
v -1514.468505859375 -405.6939392089844 187.81297302246094
v -1538.556396484375 -411.29815673828125 187.6142578125
v -1538.556396484375 -411.29815673828125 -41.34387969970703
v -1514.468505859375 -405.6939392089844 -41.145145416259766
v -1644.872314453125 296.26239013671875 187.75711059570312
v -1621.343994140625 301.38018798828125 187.81668090820312
v -1621.343994140625 301.38018798828125 -41.14143753051758
v -1644.8720703125 296.26239013671875 -41.2010383605957
v 1646.16259765625 296.7166442871094 187.88583374023438
v 2651.478515625 80.39514923095703 187.8145294189453
v 2651.478515625 80.39513397216797 -15.095783233642578
v 1646.16259765625 296.71661376953125 -15.024478912353516
v 2471.6689453125 -637.4393310546875 187.83721923828125
v 1539.44677734375 -410.7166748046875 187.74078369140625
v 1539.44677734375 -410.7167053222656 -15.169445037841797
v 2471.6689453125 -637.4393310546875 -15.0730619430542
v 1515.31494140625 -404.8417053222656 187.73883056640625
v 1515.31494140625 -404.84173583984375 -15.171432495117188
v 1620.0521240234375 302.3401794433594 187.8871612548828
v 1620.0521240234375 302.34014892578125 -15.02310848236084
f 21 22 23
f 24 23 22
f 23 24 25
f 26 25 24
f 25 26 27
f 28 27 26
f 27 28 29
f 30 29 28
f 11 12 13
f 14 13 12
f 13 14 15
f 16 15 14
f 15 16 17
f 18 17 16
f 17 18 19
f 20 19 18
f 19 20 21
f 22 21 20
f 4 3 1
f 2 1 3
f 1 2 5
f 6 5 2
f 5 6 7
f 8 7 6
f 7 8 9
f 10 9 8
f 9 10 11
f 12 11 10
f 1051 1050 1052
f 1053 1052 1050
f 323 84 324
f 85 324 84
f 84 83 85
f 86 85 83
f 83 87 86
f 88 86 87
f 113 117 116
f 118 116 117
f 117 119 118
f 120 118 119
f 119 130 120
f 129 120 130
f 129 130 131
f 132 131 130
f 131 132 128
f 127 128 132
f 128 127 125
f 126 125 127
f 4715 4714 135
f 136 135 4714
f 4319 4318 4320
f 4321 4320 4318
f 4315 4314 4316
f 4317 4316 4314
f 4311 4310 4312
f 4313 4312 4310
f 4307 4306 4308
f 4309 4308 4306
f 4213 4212 4214
f 4215 4214 4212
f 4209 4208 4210
f 4211 4210 4208
f 4205 4204 4206
f 4207 4206 4204
f 4201 4200 4202
f 4203 4202 4200
f 4107 4106 4108
f 4109 4108 4106
f 4103 4102 4104
f 4105 4104 4102
f 4099 4098 4100
f 4101 4100 4098
f 4095 4094 4096
f 4097 4096 4094
f 3999 3998 4000
f 4001 4000 3998
f 3995 3994 3996
f 3997 3996 3994
f 3991 3990 3992
f 3993 3992 3990
f 3987 3986 3988
f 3989 3988 3986
f 1701 1700 1702
f 1703 1702 1700
f 1697 1696 1698
f 1699 1698 1696
f 1693 1692 1694
f 1695 1694 1692
f 1689 1688 1690
f 1691 1690 1688
f 1595 1594 1596
f 1597 1596 1594
f 1591 1590 1592
f 1593 1592 1590
f 1587 1586 1588
f 1589 1588 1586
f 1583 1582 1584
f 1585 1584 1582
f 1489 1488 1490
f 1491 1490 1488
f 1485 1484 1486
f 1487 1486 1484
f 1481 1480 1482
f 1483 1482 1480
f 1477 1476 1478
f 1479 1478 1476
f 1383 1382 1384
f 1385 1384 1382
f 1379 1378 1380
f 1381 1380 1378
f 1375 1374 1376
f 1377 1376 1374
f 1371 1370 1372
f 1373 1372 1370
f 1367 1366 1368
f 1369 1368 1366
f 1313 1312 1314
f 1314 1312 1317
f 1319 1314 1317
f 1318 1319 1317
f 1315 1318 1317
f 1316 1315 1317
f 1309 1308 1310
f 1311 1310 1308
f 1281 1280 1282
f 1283 1282 1280
f 1227 1226 1228
f 1228 1226 1231
f 1233 1228 1231
f 1232 1233 1231
f 1229 1232 1231
f 1230 1229 1231
f 1223 1222 1224
f 1225 1224 1222
f 1195 1194 1196
f 1197 1196 1194
f 1141 1140 1142
f 1142 1140 1145
f 1147 1142 1145
f 1146 1147 1145
f 1143 1146 1145
f 1144 1143 1145
f 1137 1136 1138
f 1139 1138 1136
f 1109 1108 1110
f 1111 1110 1108
f 134 133 122
f 121 122 133
f 122 121 123
f 124 123 121
f 32 31 33
f 34 33 31
f 33 34 35
f 36 35 34
f 35 36 37
f 38 37 36
f 38 333 37
f 334 37 333
f 108 107 105
f 106 105 107
f 4716 137 4717
f 138 4717 137
f 137 140 138
f 139 138 140
f 139 140 115
f 114 115 140
f 114 113 115
f 116 115 113
f 142 141 110
f 109 110 141
f 110 109 111
f 112 111 109
f 1321 1320 1322
f 1322 1320 1325
f 1327 1322 1325
f 1326 1327 1325
f 1323 1326 1325
f 1324 1323 1325
f 1238 1237 1239
f 1237 1240 1239
f 1240 1241 1239
f 1241 1236 1239
f 1236 1234 1239
f 1235 1234 1236
f 1149 1148 1150
f 1150 1148 1153
f 1155 1150 1153
f 1154 1155 1153
f 1151 1154 1153
f 1152 1151 1153
f 1063 1062 1064
f 1064 1062 1067
f 1069 1064 1067
f 1068 1069 1067
f 1065 1068 1067
f 1066 1065 1067
f 1058 1057 1059
f 1057 1060 1059
f 1060 1061 1059
f 1061 1056 1059
f 1056 1054 1059
f 1055 1054 1056
f 58 57 59
f 60 59 57
f 59 60 61
f 62 61 60
f 61 62 63
f 64 63 62
f 56 55 53
f 54 53 55
f 54 52 53
f 49 53 52
f 52 51 49
f 50 49 51
f 51 336 50
f 335 50 336
f 4683 4682 4684
f 4685 4684 4682
f 91 90 92
f 292 291 293
f 294 293 291
f 293 294 295
f 296 295 294
f 295 296 297
f 298 297 296
f 297 298 90
f 93 90 298
f 90 93 92
f 92 93 94
f 94 93 95
f 93 39 95
f 95 39 96
f 39 89 96
f 40 89 39
f 40 39 41
f 42 41 39
f 41 42 43
f 44 43 42
f 43 44 45
f 46 45 44
f 45 46 47
f 48 47 46
f 48 97 47
f 47 97 98
f 98 97 99
f 99 97 100
f 100 97 101
f 101 97 102
f 102 97 104
f 103 102 104
f 305 303 306
f 304 306 303
f 303 301 304
f 302 304 301
f 301 299 302
f 300 302 299
f 299 104 300
f 97 300 104
f 4711 4710 4712
f 4713 4712 4710
f 4707 4706 4708
f 4709 4708 4706
f 4703 4702 4704
f 4705 4704 4702
f 4699 4698 4700
f 4701 4700 4698
f 4695 4694 4696
f 4697 4696 4694
f 4691 4690 4692
f 4693 4692 4690
f 4687 4686 4688
f 4689 4688 4686
f 81 80 82
f 80 79 82
f 331 329 332
f 330 332 329
f 329 327 330
f 328 330 327
f 327 325 328
f 326 328 325
f 325 82 326
f 75 326 82
f 79 75 82
f 78 75 79
f 77 75 78
f 76 75 77
f 74 75 76
f 73 75 74
f 74 72 73
f 71 73 72
f 72 70 71
f 69 71 70
f 70 68 69
f 65 69 68
f 68 67 65
f 66 65 67
f 67 317 66
f 66 317 322
f 321 66 322
f 320 66 321
f 316 66 320
f 319 316 320
f 318 316 319
f 315 316 318
f 316 315 314
f 313 314 315
f 314 313 312
f 311 312 313
f 312 311 310
f 309 310 311
f 310 309 307
f 308 307 309
f 1455 1454 1456
f 4511 4510 4509
f 4508 4509 4510
f 4509 4508 4507
f 4506 4507 4508
f 4507 4506 4503
f 4502 4503 4506
f 4503 4502 4504
f 4505 4504 4502
f 4521 4520 4519
f 4518 4519 4520
f 4519 4518 4517
f 4516 4517 4518
f 4517 4516 4515
f 4514 4515 4516
f 4515 4514 4513
f 4512 4513 4514
f 4513 4512 4511
f 4510 4511 4512
f 4531 4530 4529
f 4528 4529 4530
f 4529 4528 4527
f 4526 4527 4528
f 4527 4526 4525
f 4524 4525 4526
f 4525 4524 4523
f 4522 4523 4524
f 4523 4522 4521
f 4520 4521 4522
f 4481 4480 4479
f 4478 4479 4480
f 4479 4478 4477
f 4476 4477 4478
f 4477 4476 4473
f 4472 4473 4476
f 4473 4472 4474
f 4475 4474 4472
f 4491 4490 4489
f 4488 4489 4490
f 4489 4488 4487
f 4486 4487 4488
f 4487 4486 4485
f 4484 4485 4486
f 4485 4484 4483
f 4482 4483 4484
f 4483 4482 4481
f 4480 4481 4482
f 4501 4500 4499
f 4498 4499 4500
f 4499 4498 4497
f 4496 4497 4498
f 4497 4496 4495
f 4494 4495 4496
f 4495 4494 4493
f 4492 4493 4494
f 4493 4492 4491
f 4490 4491 4492
f 4439 4438 4437
f 4436 4437 4438
f 4437 4436 4435
f 4434 4435 4436
f 4435 4434 4433
f 4432 4433 4434
f 4433 4432 4431
f 4430 4431 4432
f 4431 4430 4429
f 4428 4429 4430
f 4429 4428 4427
f 4426 4427 4428
f 4427 4426 4424
f 4425 4423 4424
f 4425 4424 4426
f 4425 4426 4658
f 4659 4658 4426
f 4426 4428 4659
f 4660 4659 4428
f 4660 4428 4661
f 4430 4661 4428
f 4661 4430 4662
f 4432 4662 4430
f 4654 4653 4417
f 4417 4419 4654
f 4655 4654 4419
f 4419 4421 4655
f 4656 4655 4421
f 4421 4423 4656
f 4657 4656 4423
f 4423 4425 4657
f 4658 4657 4425
f 4653 4652 4415
f 4415 4417 4653
f 4417 4415 4416
f 4416 4418 4417
f 4419 4417 4418
f 4418 4420 4419
f 4421 4419 4420
f 4420 4422 4421
f 4423 4421 4422
f 4422 4424 4423
f 4412 4416 4415
f 4415 4414 4412
f 4414 4415 4652
f 4413 4412 4414
f 4406 4405 4407
f 4409 4408 4410
f 4408 4411 4410
f 4387 4386 4388
f 4389 4388 4386
f 4383 4382 4384
f 4385 4384 4382
f 4379 4378 4380
f 4381 4380 4378
f 4375 4374 4376
f 4377 4376 4374
f 4371 4370 4372
f 4373 4372 4370
f 4367 4366 4368
f 4369 4368 4366
f 4363 4362 4364
f 4365 4364 4362
f 4359 4358 4360
f 4361 4360 4358
f 4355 4354 4356
f 4357 4356 4354
f 4351 4350 4352
f 4353 4352 4350
f 4347 4346 4348
f 4349 4348 4346
f 4343 4342 4344
f 4345 4344 4342
f 4337 4336 4338
f 4338 4336 4341
f 4340 4338 4341
f 4339 4338 4340
f 4403 4402 4404
f 4333 4332 4334
f 4335 4334 4332
f 4327 4326 4328
f 4328 4326 4331
f 4330 4328 4331
f 4329 4328 4330
f 4400 4399 4401
f 4323 4322 4324
f 4325 4324 4322
f 4303 4302 4304
f 4302 4305 4304
f 4281 4280 4282
f 4283 4282 4280
f 4277 4276 4278
f 4279 4278 4276
f 4273 4272 4274
f 4275 4274 4272
f 4269 4268 4270
f 4271 4270 4268
f 4265 4264 4266
f 4267 4266 4264
f 4261 4260 4262
f 4263 4262 4260
f 4257 4256 4258
f 4259 4258 4256
f 4253 4252 4254
f 4255 4254 4252
f 4249 4248 4250
f 4251 4250 4248
f 4245 4244 4246
f 4247 4246 4244
f 4241 4240 4242
f 4243 4242 4240
f 4237 4236 4238
f 4239 4238 4236
f 4231 4230 4232
f 4232 4230 4235
f 4234 4232 4235
f 4233 4232 4234
f 4397 4396 4398
f 4227 4226 4228
f 4229 4228 4226
f 4221 4220 4222
f 4222 4220 4225
f 4224 4222 4225
f 4223 4222 4224
f 4394 4393 4395
f 4217 4216 4218
f 4219 4218 4216
f 4197 4196 4198
f 4196 4199 4198
f 4175 4174 4176
f 4177 4176 4174
f 4171 4170 4172
f 4173 4172 4170
f 4167 4166 4168
f 4169 4168 4166
f 4163 4162 4164
f 4165 4164 4162
f 4159 4158 4160
f 4161 4160 4158
f 4155 4154 4156
f 4157 4156 4154
f 4151 4150 4152
f 4153 4152 4150
f 4147 4146 4148
f 4149 4148 4146
f 4143 4142 4144
f 4145 4144 4142
f 4139 4138 4140
f 4141 4140 4138
f 4135 4134 4136
f 4137 4136 4134
f 4131 4130 4132
f 4133 4132 4130
f 4125 4124 4126
f 4126 4124 4129
f 4128 4126 4129
f 4127 4126 4128
f 4391 4390 4392
f 4121 4120 4122
f 4123 4122 4120
f 4115 4114 4116
f 4116 4114 4119
f 4118 4116 4119
f 4117 4116 4118
f 4300 4299 4301
f 4111 4110 4112
f 4113 4112 4110
f 2183 2182 2184
f 2185 2184 2182
f 2179 2178 2180
f 2181 2180 2178
f 2175 2174 2176
f 2177 2176 2174
f 2171 2170 2172
f 2173 2172 2170
f 2169 2168 2160
f 2159 2160 2168
f 2159 2158 2160
f 2161 2160 2158
f 4297 4296 4298
f 2167 2166 2156
f 2155 2156 2166
f 2155 2154 2156
f 2157 2156 2154
f 4294 4293 4295
f 2165 2164 2152
f 2151 2152 2164
f 2151 2150 2152
f 2153 2152 2150
f 4291 4290 4292
f 2163 2162 2148
f 2147 2148 2162
f 2147 2146 2148
f 2149 2148 2146
f 4288 4287 4289
f 2143 2142 2144
f 2145 2144 2142
f 2139 2138 2140
f 2141 2140 2138
f 2135 2134 2136
f 2137 2136 2134
f 2131 2130 2132
f 2133 2132 2130
f 2127 2126 2128
f 2129 2128 2126
f 2123 2122 2124
f 2125 2124 2122
f 2119 2118 2120
f 2121 2120 2118
f 2115 2114 2116
f 2117 2116 2114
f 2107 2106 2108
f 2109 2108 2106
f 2108 2109 2110
f 2111 2110 2109
f 2110 2111 2112
f 2113 2112 2111
f 2112 2113 2107
f 2106 2107 2113
f 2103 2102 2104
f 2105 2104 2102
f 2099 2098 2100
f 2101 2100 2098
f 2095 2094 2096
f 2097 2096 2094
f 2091 2090 2092
f 2093 2092 2090
f 2089 2088 2080
f 2079 2080 2088
f 2079 2078 2080
f 2081 2080 2078
f 4285 4284 4286
f 2087 2086 2076
f 2075 2076 2086
f 2075 2074 2076
f 2077 2076 2074
f 4194 4193 4195
f 2085 2084 2072
f 2071 2072 2084
f 2071 2070 2072
f 2073 2072 2070
f 4191 4190 4192
f 2083 2082 2068
f 2067 2068 2082
f 2067 2066 2068
f 2069 2068 2066
f 4188 4187 4189
f 2063 2062 2064
f 2065 2064 2062
f 2059 2058 2060
f 2061 2060 2058
f 2055 2054 2056
f 2057 2056 2054
f 2051 2050 2052
f 2053 2052 2050
f 2047 2046 2048
f 2049 2048 2046
f 2043 2042 2044
f 2045 2044 2042
f 2039 2038 2040
f 2041 2040 2038
f 2035 2034 2036
f 2037 2036 2034
f 2027 2026 2028
f 2029 2028 2026
f 2028 2029 2030
f 2031 2030 2029
f 2030 2031 2032
f 2033 2032 2031
f 2032 2033 2027
f 2026 2027 2033
f 2023 2022 2024
f 2025 2024 2022
f 2019 2018 2020
f 2021 2020 2018
f 2015 2014 2016
f 2017 2016 2014
f 2011 2010 2012
f 2013 2012 2010
f 2009 2008 2000
f 1999 2000 2008
f 1999 1998 2000
f 2001 2000 1998
f 4185 4184 4186
f 2007 2006 1996
f 1995 1996 2006
f 1995 1994 1996
f 1997 1996 1994
f 4182 4181 4183
f 2005 2004 1992
f 1991 1992 2004
f 1991 1990 1992
f 1993 1992 1990
f 4179 4178 4180
f 2003 2002 1988
f 1987 1988 2002
f 1987 1986 1988
f 1989 1988 1986
f 4092 4091 4093
f 1983 1982 1984
f 1985 1984 1982
f 1979 1978 1980
f 1981 1980 1978
f 1975 1974 1976
f 1977 1976 1974
f 1971 1970 1972
f 1973 1972 1970
f 1967 1966 1968
f 1969 1968 1966
f 1963 1962 1964
f 1965 1964 1962
f 1959 1958 1960
f 1961 1960 1958
f 1955 1954 1956
f 1957 1956 1954
f 1947 1946 1948
f 1949 1948 1946
f 1948 1949 1950
f 1951 1950 1949
f 1950 1951 1952
f 1953 1952 1951
f 1952 1953 1947
f 1946 1947 1953
f 1943 1942 1944
f 1945 1944 1942
f 1939 1938 1940
f 1941 1940 1938
f 1935 1934 1936
f 1937 1936 1934
f 1931 1930 1932
f 1933 1932 1930
f 1929 1928 1920
f 1919 1920 1928
f 1919 1918 1920
f 1921 1920 1918
f 4089 4088 4090
f 1927 1926 1916
f 1915 1916 1926
f 1915 1914 1916
f 1917 1916 1914
f 4086 4085 4087
f 1925 1924 1912
f 1911 1912 1924
f 1911 1910 1912
f 1913 1912 1910
f 4083 4082 4084
f 1923 1922 1908
f 1907 1908 1922
f 1907 1906 1908
f 1909 1908 1906
f 4080 4079 4081
f 1903 1902 1904
f 1905 1904 1902
f 1899 1898 1900
f 1901 1900 1898
f 1895 1894 1896
f 1897 1896 1894
f 1891 1890 1892
f 1893 1892 1890
f 1887 1886 1888
f 1889 1888 1886
f 1883 1882 1884
f 1885 1884 1882
f 1879 1878 1880
f 1881 1880 1878
f 1875 1874 1876
f 1877 1876 1874
f 1867 1866 1868
f 1869 1868 1866
f 1868 1869 1870
f 1871 1870 1869
f 1870 1871 1872
f 1873 1872 1871
f 1872 1873 1867
f 1866 1867 1873
f 1863 1862 1864
f 1865 1864 1862
f 1859 1858 1860
f 1861 1860 1858
f 1855 1854 1856
f 1857 1856 1854
f 1851 1850 1852
f 1853 1852 1850
f 1849 1848 1840
f 1839 1840 1848
f 1839 1838 1840
f 1841 1840 1838
f 4077 4076 4078
f 1847 1846 1836
f 1835 1836 1846
f 1835 1834 1836
f 1837 1836 1834
f 4074 4073 4075
f 1845 1844 1832
f 1831 1832 1844
f 1831 1830 1832
f 1833 1832 1830
f 4071 4070 4072
f 1843 1842 1828
f 1827 1828 1842
f 1827 1826 1828
f 1829 1828 1826
f 1792 1791 1793
f 1823 1822 1824
f 1825 1824 1822
f 1819 1818 1820
f 1821 1820 1818
f 1815 1814 1816
f 1817 1816 1814
f 1811 1810 1812
f 1813 1812 1810
f 1807 1806 1808
f 1809 1808 1806
f 1803 1802 1804
f 1805 1804 1802
f 1799 1798 1800
f 1801 1800 1798
f 1795 1794 1796
f 1797 1796 1794
f 1788 1787 1789
f 1787 1790 1789
f 1769 1768 1770
f 1771 1770 1768
f 1765 1764 1766
f 1767 1766 1764
f 1761 1760 1762
f 1763 1762 1760
f 1757 1756 1758
f 1759 1758 1756
f 1753 1752 1754
f 1755 1754 1752
f 1749 1748 1750
f 1751 1750 1748
f 1745 1744 1746
f 1747 1746 1744
f 1741 1740 1742
f 1743 1742 1740
f 1737 1736 1738
f 1739 1738 1736
f 1733 1732 1734
f 1735 1734 1732
f 1729 1728 1730
f 1731 1730 1728
f 1725 1724 1726
f 1727 1726 1724
f 1719 1718 1720
f 1718 1721 1720
f 1721 1722 1720
f 1720 1722 1723
f 1785 1784 1786
f 1715 1714 1716
f 1717 1716 1714
f 1709 1708 1710
f 1708 1711 1710
f 1711 1712 1710
f 1710 1712 1713
f 1782 1781 1783
f 1705 1704 1706
f 1707 1706 1704
f 1685 1684 1686
f 1684 1687 1686
f 1655 1654 1656
f 1657 1656 1654
f 1651 1650 1652
f 1653 1652 1650
f 1647 1646 1648
f 1649 1648 1646
f 1643 1642 1644
f 1645 1644 1642
f 1639 1638 1640
f 1641 1640 1638
f 1635 1634 1636
f 1637 1636 1634
f 1631 1630 1632
f 1633 1632 1630
f 1627 1626 1628
f 1629 1628 1626
f 1623 1622 1624
f 1625 1624 1622
f 1619 1618 1620
f 1621 1620 1618
f 1613 1612 1614
f 1614 1612 1617
f 1616 1614 1617
f 1615 1614 1616
f 1779 1778 1780
f 1609 1608 1610
f 1611 1610 1608
f 1603 1602 1604
f 1604 1602 1607
f 1606 1604 1607
f 1605 1604 1606
f 1776 1775 1777
f 1599 1598 1600
f 1601 1600 1598
f 1576 1575 1577
f 1575 1578 1577
f 1557 1556 1558
f 1559 1558 1556
f 1553 1552 1554
f 1555 1554 1552
f 1549 1548 1550
f 1551 1550 1548
f 1545 1544 1546
f 1547 1546 1544
f 1541 1540 1542
f 1543 1542 1540
f 1537 1536 1538
f 1539 1538 1536
f 1533 1532 1534
f 1535 1534 1532
f 1529 1528 1530
f 1531 1530 1528
f 1525 1524 1526
f 1527 1526 1524
f 1521 1520 1522
f 1523 1522 1520
f 1517 1516 1518
f 1519 1518 1516
f 1513 1512 1514
f 1515 1514 1512
f 1507 1506 1508
f 1506 1509 1508
f 1509 1510 1508
f 1508 1510 1511
f 1773 1772 1774
f 1503 1502 1504
f 1505 1504 1502
f 1497 1496 1498
f 1496 1499 1498
f 1499 1500 1498
f 1498 1500 1501
f 1682 1681 1683
f 1493 1492 1494
f 1495 1494 1492
f 1473 1472 1474
f 1472 1475 1474
f 4067 4066 4068
f 4069 4068 4066
f 4063 4062 4064
f 4065 4064 4062
f 4059 4058 4060
f 4061 4060 4058
f 4055 4054 4056
f 4057 4056 4054
f 4051 4050 4052
f 4053 4052 4050
f 4047 4046 4048
f 4049 4048 4046
f 4043 4042 4044
f 4045 4044 4042
f 4039 4038 4040
f 4041 4040 4038
f 4035 4034 4036
f 4037 4036 4034
f 4031 4030 4032
f 4033 4032 4030
f 4027 4026 4028
f 4029 4028 4026
f 4023 4022 4024
f 4025 4024 4022
f 4017 4016 4018
f 4018 4016 4021
f 4020 4018 4021
f 4019 4018 4020
f 1679 1678 1680
f 4013 4012 4014
f 4015 4014 4012
f 4007 4006 4008
f 4008 4006 4011
f 4010 4008 4011
f 4009 4008 4010
f 1676 1675 1677
f 4003 4002 4004
f 4005 4004 4002
f 3977 3976 3978
f 3979 3978 3976
f 3939 3938 3940
f 3941 3940 3938
f 3923 3922 3924
f 3925 3924 3922
f 3924 3925 3926
f 3927 3926 3925
f 3926 3927 3928
f 3929 3928 3927
f 3928 3929 3930
f 3931 3930 3929
f 3917 3916 3918
f 3919 3918 3916
f 3918 3919 3920
f 3921 3920 3919
f 3907 3906 3908
f 3909 3908 3906
f 3908 3909 3910
f 3911 3910 3909
f 3910 3911 3912
f 3913 3912 3911
f 4719 4718 3914
f 3915 3914 4718
f 3903 3902 3904
f 3905 3904 3902
f 3901 3900 3897
f 3896 3897 3900
f 3897 3896 3898
f 3899 3898 3896
f 3893 3892 3894
f 3895 3894 3892
f 3883 3882 3884
f 3885 3884 3882
f 3884 3885 3886
f 3887 3886 3885
f 3886 3887 3888
f 3889 3888 3887
f 3888 3889 3890
f 3891 3890 3889
f 3877 3876 3878
f 3879 3878 3876
f 3878 3879 3880
f 3881 3880 3879
f 3867 3866 3868
f 3869 3868 3866
f 3868 3869 3870
f 3871 3870 3869
f 3870 3871 3872
f 3873 3872 3871
f 3872 3873 3874
f 3875 3874 3873
f 3829 3828 3830
f 3831 3830 3828
f 3781 3780 3782
f 3783 3782 3780
f 3703 3702 3704
f 3705 3704 3702
f 3655 3654 3656
f 3657 3656 3654
f 3543 3542 3544
f 3545 3544 3542
f 3539 3538 3540
f 3541 3540 3538
f 3535 3534 3536
f 3537 3536 3534
f 3531 3530 3532
f 3533 3532 3530
f 3519 3518 3520
f 3521 3520 3518
f 3521 3528 3520
f 3529 3520 3528
f 1673 1672 1674
f 3515 3514 3516
f 3517 3516 3514
f 3517 3526 3516
f 3527 3516 3526
f 1670 1669 1671
f 3511 3510 3512
f 3513 3512 3510
f 3513 3524 3512
f 3525 3512 3524
f 1667 1666 1668
f 3507 3506 3508
f 3509 3508 3506
f 3509 3522 3508
f 3523 3508 3522
f 1580 1579 1581
f 3503 3502 3504
f 3505 3504 3502
f 3499 3498 3500
f 3501 3500 3498
f 3495 3494 3496
f 3497 3496 3494
f 3491 3490 3492
f 3493 3492 3490
f 3487 3486 3488
f 3489 3488 3486
f 3483 3482 3484
f 3485 3484 3482
f 3479 3478 3480
f 3481 3480 3478
f 3475 3474 3476
f 3477 3476 3474
f 3463 3462 3464
f 3465 3464 3462
f 3459 3458 3460
f 3461 3460 3458
f 3455 3454 3456
f 3457 3456 3454
f 3451 3450 3452
f 3453 3452 3450
f 3439 3438 3440
f 3441 3440 3438
f 3441 3448 3440
f 3449 3440 3448
f 1573 1572 1574
f 3435 3434 3436
f 3437 3436 3434
f 3437 3446 3436
f 3447 3436 3446
f 1570 1569 1571
f 3431 3430 3432
f 3433 3432 3430
f 3433 3444 3432
f 3445 3432 3444
f 1567 1566 1568
f 3427 3426 3428
f 3429 3428 3426
f 3429 3442 3428
f 3443 3428 3442
f 1564 1563 1565
f 3423 3422 3424
f 3425 3424 3422
f 3419 3418 3420
f 3421 3420 3418
f 3415 3414 3416
f 3417 3416 3414
f 3411 3410 3412
f 3413 3412 3410
f 3407 3406 3408
f 3409 3408 3406
f 3403 3402 3404
f 3405 3404 3402
f 3399 3398 3400
f 3401 3400 3398
f 3395 3394 3396
f 3397 3396 3394
f 3383 3382 3384
f 3385 3384 3382
f 3379 3378 3380
f 3381 3380 3378
f 3375 3374 3376
f 3377 3376 3374
f 3371 3370 3372
f 3373 3372 3370
f 3359 3358 3360
f 3361 3360 3358
f 3361 3368 3360
f 3369 3360 3368
f 1561 1560 1562
f 3355 3354 3356
f 3357 3356 3354
f 3357 3366 3356
f 3367 3356 3366
f 1470 1469 1471
f 3351 3350 3352
f 3353 3352 3350
f 3353 3364 3352
f 3365 3352 3364
f 1467 1466 1468
f 3347 3346 3348
f 3349 3348 3346
f 3349 3362 3348
f 3363 3348 3362
f 1464 1463 1465
f 3343 3342 3344
f 3345 3344 3342
f 3339 3338 3340
f 3341 3340 3338
f 3335 3334 3336
f 3337 3336 3334
f 3331 3330 3332
f 3333 3332 3330
f 3327 3326 3328
f 3329 3328 3326
f 3323 3322 3324
f 3325 3324 3322
f 3319 3318 3320
f 3321 3320 3318
f 3315 3314 3316
f 3317 3316 3314
f 3303 3302 3304
f 3305 3304 3302
f 3299 3298 3300
f 3301 3300 3298
f 3295 3294 3296
f 3297 3296 3294
f 3291 3290 3292
f 3293 3292 3290
f 3279 3278 3280
f 3281 3280 3278
f 3281 3288 3280
f 3289 3280 3288
f 1461 1460 1462
f 3275 3274 3276
f 3277 3276 3274
f 3277 3286 3276
f 3287 3276 3286
f 1458 1457 1459
f 3271 3270 3272
f 3273 3272 3270
f 3273 3284 3272
f 3285 3272 3284
f 3984 3981 3985
f 3982 3985 3981
f 3981 3980 3982
f 3983 3982 3980
f 3954 3952 3955
f 3953 3955 3952
f 3952 3950 3953
f 3951 3953 3950
f 3950 3948 3951
f 3949 3951 3948
f 3948 3946 3949
f 3947 3949 3946
f 4720 3943 4721
f 3944 4721 3943
f 3943 3942 3944
f 3945 3944 3942
f 3964 3962 3965
f 3963 3965 3962
f 3962 3960 3963
f 3961 3963 3960
f 3960 3958 3961
f 3959 3961 3958
f 3958 3956 3959
f 3957 3959 3956
f 3956 4722 3957
f 3955 4723 3954
f 3974 3972 3975
f 3973 3975 3972
f 3972 3970 3973
f 3971 3973 3970
f 4724 3968 4725
f 3969 4725 3968
f 3968 3966 3969
f 3967 3969 3966
f 3966 4726 3967
f 3965 4727 3964
f 3936 3933 3937
f 3934 3937 3933
f 3933 3932 3934
f 3935 3934 3932
f 3864 3858 3865
f 3859 3865 3858
f 3858 3851 3859
f 3852 3859 3851
f 3851 3850 3852
f 3853 3852 3850
f 3860 3854 3861
f 3855 3861 3854
f 3854 3845 3855
f 3846 3855 3845
f 3845 3844 3846
f 3847 3846 3844
f 3840 3835 3841
f 3836 3841 3835
f 3835 3834 3836
f 3837 3836 3834
f 3804 3800 3805
f 3801 3805 3800
f 3800 3796 3801
f 3797 3801 3796
f 3796 3792 3797
f 3793 3797 3792
f 3792 3787 3793
f 3788 3793 3787
f 3787 3786 3788
f 3789 3788 3786
f 3824 3820 3825
f 3821 3825 3820
f 3820 3816 3821
f 3817 3821 3816
f 3816 3812 3817
f 3813 3817 3812
f 3812 3808 3813
f 3809 3813 3808
f 3808 3804 3809
f 3805 3809 3804
f 3776 3771 3777
f 3772 3777 3771
f 3771 3770 3772
f 3773 3772 3770
f 3768 3762 3769
f 3763 3769 3762
f 3762 3755 3763
f 3756 3763 3755
f 3755 3754 3756
f 3757 3756 3754
f 3760 3751 3761
f 3752 3761 3751
f 3751 3750 3752
f 3753 3752 3750
f 3790 3784 3791
f 3785 3791 3784
f 4728 3778 4729
f 3779 3785 4730
f 3778 3774 4731
f 3775 4732 4733
f 4733 3766 3775
f 3767 3775 3766
f 4734 3760 4735
f 3761 4735 3760
f 3810 3806 3811
f 3807 3811 3806
f 3806 3802 3807
f 3803 3807 3802
f 3802 3798 3803
f 3799 4736 4737
f 4737 3794 3799
f 3795 3799 3794
f 3794 3790 3795
f 3791 3795 3790
f 3832 3826 3833
f 3827 4738 4739
f 4739 3822 3827
f 3823 3827 3822
f 3822 3818 3823
f 3819 4740 4741
f 4741 3814 3819
f 3815 4742 4743
f 3814 3810 4744
f 3811 4744 3810
f 3862 3856 3863
f 3857 3863 3856
f 3856 3848 3857
f 3849 3857 3848
f 3848 3842 3849
f 3843 4745 4746
f 4747 3838 4748
f 3839 4749 4750
f 4750 4751 3839
f 4752 3839 4751
f 3764 3758 3765
f 3759 3765 3758
f 3758 3747 3759
f 3748 3759 3747
f 3747 3746 3748
f 3749 3748 3746
f 3744 3738 3745
f 3739 3745 3738
f 3738 3732 3739
f 3733 3739 3732
f 3732 3725 3733
f 3726 3733 3725
f 3725 3724 3726
f 3727 3726 3724
f 3740 3734 3741
f 3735 3741 3734
f 3734 3728 3735
f 3729 3735 3728
f 3728 3719 3729
f 3720 3729 3719
f 3719 3718 3720
f 3721 3720 3718
f 3714 3709 3715
f 3710 3715 3709
f 3709 3708 3710
f 3711 3710 3708
f 3650 3645 3651
f 3646 3651 3645
f 3645 3644 3646
f 3647 3646 3644
f 3642 3636 3643
f 3637 3643 3636
f 3636 3630 3637
f 3631 3637 3630
f 3630 3623 3631
f 3624 3631 3623
f 3623 3622 3624
f 3625 3624 3622
f 3638 3632 3639
f 3633 3639 3632
f 3632 3626 3633
f 3627 3633 3626
f 3626 3615 3627
f 3616 3627 3615
f 3615 3614 3616
f 3617 3616 3614
f 3547 3546 3548
f 3548 3551 3547
f 3550 3547 3551
f 3551 3553 3550
f 3552 3550 3553
f 3553 3549 3552
f 3546 3552 3549
f 3549 3548 3546
f 3267 3266 3268
f 3269 3268 3266
f 3269 3282 3268
f 3283 3268 3282
f 3467 3466 3468
f 3468 3471 3467
f 3470 3467 3471
f 3471 3473 3470
f 3472 3470 3473
f 3473 3469 3472
f 3466 3472 3469
f 3469 3468 3466
f 3263 3262 3264
f 3265 3264 3262
f 3259 3258 3260
f 3261 3260 3258
f 3255 3254 3256
f 3257 3256 3254
f 3251 3250 3252
f 3253 3252 3250
f 3247 3246 3248
f 3249 3248 3246
f 3243 3242 3244
f 3245 3244 3242
f 3239 3238 3240
f 3241 3240 3238
f 3235 3234 3236
f 3237 3236 3234
f 3223 3222 3224
f 3225 3224 3222
f 3219 3218 3220
f 3221 3220 3218
f 3215 3214 3216
f 3217 3216 3214
f 3211 3210 3212
f 3213 3212 3210
f 3199 3198 3200
f 3201 3200 3198
f 3201 3208 3200
f 3209 3200 3208
f 3387 3386 3388
f 3388 3391 3387
f 3390 3387 3391
f 3391 3393 3390
f 3392 3390 3393
f 3393 3389 3392
f 3386 3392 3389
f 3389 3388 3386
f 3195 3194 3196
f 3197 3196 3194
f 3197 3206 3196
f 3207 3196 3206
f 3307 3306 3308
f 3308 3311 3307
f 3310 3307 3311
f 3311 3313 3310
f 3312 3310 3313
f 3313 3309 3312
f 3306 3312 3309
f 3309 3308 3306
f 3191 3190 3192
f 3193 3192 3190
f 3193 3204 3192
f 3205 3192 3204
f 3227 3226 3228
f 3228 3231 3227
f 3230 3227 3231
f 3231 3233 3230
f 3232 3230 3233
f 3233 3229 3232
f 3226 3232 3229
f 3229 3228 3226
f 3187 3186 3188
f 3189 3188 3186
f 3189 3202 3188
f 3203 3188 3202
f 3067 3066 3068
f 3068 3071 3067
f 3070 3067 3071
f 3071 3073 3070
f 3072 3070 3073
f 3073 3069 3072
f 3066 3072 3069
f 3069 3068 3066
f 3183 3182 3184
f 3185 3184 3182
f 3179 3178 3180
f 3181 3180 3178
f 3175 3174 3176
f 3177 3176 3174
f 3171 3170 3172
f 3173 3172 3170
f 3167 3166 3168
f 3169 3168 3166
f 3163 3162 3164
f 3165 3164 3162
f 3159 3158 3160
f 3161 3160 3158
f 3155 3154 3156
f 3157 3156 3154
f 3143 3142 3144
f 3145 3144 3142
f 3139 3138 3140
f 3141 3140 3138
f 3135 3134 3136
f 3137 3136 3134
f 3131 3130 3132
f 3133 3132 3130
f 3119 3118 3120
f 3121 3120 3118
f 3121 3128 3120
f 3129 3120 3128
f 2987 2986 2988
f 2988 2991 2987
f 2990 2987 2991
f 2991 2993 2990
f 2992 2990 2993
f 2993 2989 2992
f 2986 2992 2989
f 2989 2988 2986
f 3115 3114 3116
f 3117 3116 3114
f 3117 3126 3116
f 3127 3116 3126
f 2907 2906 2908
f 2908 2911 2907
f 2910 2907 2911
f 2911 2913 2910
f 2912 2910 2913
f 2913 2909 2912
f 2906 2912 2909
f 2909 2908 2906
f 3111 3110 3112
f 3113 3112 3110
f 3113 3124 3112
f 3125 3112 3124
f 2827 2826 2828
f 2828 2831 2827
f 2830 2827 2831
f 2831 2833 2830
f 2832 2830 2833
f 2833 2829 2832
f 2826 2832 2829
f 2829 2828 2826
f 3107 3106 3108
f 3109 3108 3106
f 3109 3122 3108
f 3123 3108 3122
f 636 634 637
f 635 637 634
f 634 632 635
f 633 635 632
f 632 629 633
f 630 633 629
f 629 628 630
f 631 630 628
f 646 644 647
f 645 647 644
f 644 642 645
f 643 645 642
f 642 640 643
f 641 643 640
f 640 638 641
f 639 641 638
f 638 4753 639
f 637 4754 636
f 656 654 657
f 655 657 654
f 654 652 655
f 653 655 652
f 652 650 653
f 651 653 650
f 650 648 651
f 649 651 648
f 648 4755 649
f 647 4756 646
f 237 239 238
f 240 238 239
f 239 241 240
f 242 240 241
f 241 243 242
f 244 242 243
f 243 245 244
f 246 244 245
f 227 229 228
f 230 228 229
f 229 231 230
f 232 230 231
f 231 233 232
f 234 232 233
f 233 235 234
f 236 234 235
f 235 237 236
f 238 236 237
f 218 217 219
f 220 219 217
f 217 221 220
f 222 220 221
f 221 223 222
f 224 222 223
f 223 225 224
f 226 224 225
f 225 227 226
f 228 226 227
f 3103 3102 3104
f 3105 3104 3102
f 3099 3098 3100
f 3101 3100 3098
f 3095 3094 3096
f 3097 3096 3094
f 3091 3090 3092
f 3093 3092 3090
f 3087 3086 3088
f 3089 3088 3086
f 3083 3082 3084
f 3085 3084 3082
f 3079 3078 3080
f 3081 3080 3078
f 3075 3074 3076
f 3077 3076 3074
f 3063 3062 3064
f 3065 3064 3062
f 3059 3058 3060
f 3061 3060 3058
f 3055 3054 3056
f 3057 3056 3054
f 3051 3050 3052
f 3053 3052 3050
f 3039 3038 3040
f 3041 3040 3038
f 3041 3048 3040
f 3049 3040 3048
f 207 209 208
f 210 208 209
f 209 211 210
f 212 210 211
f 211 213 212
f 214 212 213
f 213 215 214
f 216 214 215
f 197 199 198
f 200 198 199
f 199 201 200
f 202 200 201
f 201 203 202
f 204 202 203
f 203 205 204
f 206 204 205
f 205 207 206
f 208 206 207
f 188 187 189
f 190 189 187
f 187 191 190
f 192 190 191
f 191 193 192
f 194 192 193
f 193 195 194
f 196 194 195
f 195 197 196
f 198 196 197
f 3035 3034 3036
f 3037 3036 3034
f 3037 3046 3036
f 3047 3036 3046
f 4465 4467 4678
f 4679 4678 4467
f 4467 4469 4679
f 4680 4679 4469
f 4460 4462 4461
f 4463 4461 4462
f 4462 4464 4463
f 4465 4463 4464
f 4464 4466 4465
f 4467 4465 4466
f 4466 4468 4467
f 4469 4467 4468
f 4468 4470 4469
f 4471 4469 4470
f 4469 4471 4680
f 4681 4680 4471
f 4454 4456 4673
f 4674 4673 4456
f 4456 4458 4674
f 4675 4674 4458
f 4458 4461 4675
f 4676 4675 4461
f 4461 4463 4676
f 4677 4676 4463
f 4463 4465 4677
f 4678 4677 4465
f 4450 4451 4452
f 4453 4452 4451
f 4452 4453 4454
f 4455 4454 4453
f 4454 4455 4456
f 4457 4456 4455
f 4456 4457 4458
f 4459 4458 4457
f 4459 4460 4458
f 4461 4458 4460
f 4668 4444 4669
f 4446 4669 4444
f 4669 4446 4670
f 4448 4670 4446
f 4670 4448 4671
f 4450 4671 4448
f 4671 4450 4672
f 4452 4672 4450
f 4672 4452 4673
f 4454 4673 4452
f 4667 4443 4668
f 4444 4668 4443
f 4443 4442 4444
f 4445 4444 4442
f 4444 4445 4446
f 4447 4446 4445
f 4446 4447 4448
f 4449 4448 4447
f 4448 4449 4450
f 4451 4450 4449
f 3031 3030 3032
f 3033 3032 3030
f 3033 3044 3032
f 3045 3032 3044
f 548 594 547
f 595 547 594
f 594 592 595
f 593 595 592
f 592 527 593
f 528 593 527
f 4757 526 528
f 529 528 526
f 4758 539 529
f 540 529 539
f 539 538 540
f 541 540 538
f 578 576 579
f 577 579 576
f 577 576 556
f 557 556 576
f 557 553 556
f 552 556 553
f 553 549 552
f 546 552 549
f 549 4759 546
f 547 4760 548
f 582 563 583
f 564 583 563
f 563 562 564
f 565 564 562
f 4761 571 565
f 572 565 571
f 571 570 572
f 573 572 570
f 570 4762 573
f 579 4763 578
f 575 580 574
f 581 574 580
f 580 567 581
f 568 581 567
f 567 566 568
f 569 568 566
f 4764 559 569
f 560 569 559
f 4765 558 560
f 561 560 558
f 558 588 561
f 589 561 588
f 596 544 597
f 545 597 544
f 545 544 542
f 543 542 544
f 542 543 550
f 551 550 543
f 550 551 554
f 555 554 551
f 554 4766 574
f 575 574 4766
f 531 530 532
f 533 532 530
f 530 523 533
f 524 533 523
f 4767 522 524
f 525 524 522
f 522 590 525
f 591 525 590
f 590 4768 591
f 597 4769 596
f 3027 3026 3028
f 3029 3028 3026
f 3029 3042 3028
f 3043 3028 3042
f 477 479 478
f 480 478 479
f 479 481 480
f 482 480 481
f 481 483 482
f 484 482 483
f 483 485 484
f 486 484 485
f 485 487 486
f 488 486 487
f 468 467 469
f 470 469 467
f 467 471 470
f 472 470 471
f 471 473 472
f 474 472 473
f 473 475 474
f 476 474 475
f 475 477 476
f 478 476 477
f 3023 3022 3024
f 3025 3024 3022
f 3019 3018 3020
f 3021 3020 3018
f 3015 3014 3016
f 3017 3016 3014
f 3011 3010 3012
f 3013 3012 3010
f 3007 3006 3008
f 3009 3008 3006
f 3003 3002 3004
f 3005 3004 3002
f 2999 2998 3000
f 3001 3000 2998
f 2995 2994 2996
f 2997 2996 2994
f 2983 2982 2984
f 2985 2984 2982
f 2979 2978 2980
f 2981 2980 2978
f 2975 2974 2976
f 2977 2976 2974
f 2971 2970 2972
f 2973 2972 2970
f 2959 2958 2960
f 2961 2960 2958
f 2961 2968 2960
f 2969 2960 2968
f 516 518 517
f 519 517 518
f 518 520 519
f 521 519 520
f 520 454 521
f 455 521 454
f 454 453 455
f 456 455 453
f 453 457 456
f 458 456 457
f 507 506 508
f 509 508 506
f 506 510 509
f 511 509 510
f 510 512 511
f 513 511 512
f 512 514 513
f 515 513 514
f 514 516 515
f 517 515 516
f 371 373 372
f 374 372 373
f 373 375 374
f 376 374 375
f 375 377 376
f 378 376 377
f 377 379 378
f 380 378 379
f 379 381 380
f 382 380 381
f 362 361 363
f 364 363 361
f 361 365 364
f 366 364 365
f 365 367 366
f 368 366 367
f 367 369 368
f 370 368 369
f 369 371 370
f 372 370 371
f 2955 2954 2956
f 2957 2956 2954
f 2957 2966 2956
f 2967 2956 2966
f 3147 3146 3148
f 3148 3151 3147
f 3150 3147 3151
f 3151 3153 3150
f 3152 3150 3153
f 3153 3149 3152
f 3146 3152 3149
f 3149 3148 3146
f 2951 2950 2952
f 2953 2952 2950
f 2953 2964 2952
f 2965 2952 2964
f 338 462 337
f 459 337 462
f 462 461 459
f 460 459 461
f 466 464 465
f 463 465 464
f 464 341 463
f 342 463 341
f 341 340 342
f 342 340 343
f 343 340 344
f 340 339 344
f 339 337 344
f 338 337 339
f 2947 2946 2948
f 2949 2948 2946
f 2949 2962 2948
f 2963 2948 2962
f 3640 3634 3641
f 3635 3641 3634
f 3634 3628 3635
f 3629 3635 3628
f 3628 3619 3629
f 3620 3629 3619
f 3619 3618 3620
f 3621 3620 3618
f 3668 3664 3669
f 3665 3669 3664
f 3664 3658 3665
f 3659 3665 3658
f 3658 3652 3659
f 3653 3659 3652
f 3652 3648 4770
f 3649 4770 3648
f 3648 4771 3649
f 3641 3649 4771
f 3688 3684 3689
f 3685 3689 3684
f 3684 3680 3685
f 3681 3685 3680
f 3680 3676 3681
f 3677 3681 3676
f 3676 3672 3677
f 3673 4772 4773
f 4773 3668 3673
f 3669 3673 3668
f 3712 3706 3713
f 3707 3713 3706
f 3706 3700 4774
f 3701 4774 3700
f 3700 3696 4775
f 3697 4775 3696
f 3696 3692 3697
f 3693 3697 3692
f 3692 3688 3693
f 4776 3693 3688
f 3742 3736 3743
f 3737 3743 3736
f 3736 3730 3737
f 3731 3737 3730
f 3730 3722 3731
f 3723 3731 3722
f 3722 3716 4777
f 3717 4778 4779
f 4781 4780 4782
f 3713 3717 3712
f 3678 3674 3679
f 3675 3679 3674
f 3674 3670 3675
f 3671 3675 3670
f 3670 3666 3671
f 3667 3671 3666
f 3666 3661 3667
f 3662 3667 3661
f 3661 3660 3662
f 3663 3662 3660
f 3698 3694 3699
f 3695 3699 3694
f 3694 3690 3695
f 3691 3695 3690
f 3690 3686 3691
f 3687 3691 3686
f 3686 3682 3687
f 3683 3687 3682
f 3682 3678 3683
f 3679 3683 3678
f 4610 4606 4611
f 4607 4611 4606
f 4606 4602 4607
f 4603 4607 4602
f 4602 4597 4603
f 4598 4603 4597
f 4597 4596 4598
f 4599 4598 4596
f 4630 4626 4631
f 4627 4631 4626
f 4626 4622 4627
f 4623 4627 4622
f 4622 4618 4623
f 4619 4623 4618
f 4618 4614 4619
f 4615 4619 4614
f 4614 4783 4615
f 4611 4784 4610
f 4650 4646 4651
f 4647 4651 4646
f 4646 4642 4647
f 4643 4647 4642
f 4642 4638 4643
f 4639 4643 4638
f 4638 4634 4639
f 4635 4639 4634
f 4634 4785 4635
f 4631 4786 4630
f 4632 4636 4633
f 4637 4633 4636
f 4636 4640 4637
f 4641 4637 4640
f 4640 4644 4641
f 4645 4641 4644
f 4644 4648 4645
f 4649 4645 4648
f 4612 4616 4613
f 4617 4613 4616
f 4616 4620 4617
f 4621 4617 4620
f 4620 4624 4621
f 4625 4621 4624
f 4624 4628 4625
f 4629 4625 4628
f 4628 4787 4629
f 4633 4788 4632
f 4593 4592 4594
f 4595 4594 4592
f 4592 4600 4595
f 4601 4595 4600
f 4600 4604 4601
f 4605 4601 4604
f 4604 4608 4605
f 4609 4605 4608
f 4608 4789 4609
f 4613 4790 4612
f 2943 2942 2944
f 2945 2944 2942
f 2939 2938 2940
f 2941 2940 2938
f 2935 2934 2936
f 2937 2936 2934
f 2931 2930 2932
f 2933 2932 2930
f 2927 2926 2928
f 2929 2928 2926
f 2923 2922 2924
f 2925 2924 2922
f 2919 2918 2920
f 2921 2920 2918
f 2915 2914 2916
f 2917 2916 2914
f 2903 2902 2904
f 2905 2904 2902
f 2899 2898 2900
f 2901 2900 2898
f 2895 2894 2896
f 2897 2896 2894
f 2891 2890 2892
f 2893 2892 2890
f 2879 2878 2880
f 2881 2880 2878
f 2881 2888 2880
f 2889 2880 2888
f 4572 4576 4573
f 4577 4573 4576
f 4576 4580 4577
f 4581 4577 4580
f 4580 4584 4581
f 4585 4581 4584
f 4584 4588 4585
f 4589 4585 4588
f 4552 4556 4553
f 4557 4553 4556
f 4556 4560 4557
f 4561 4557 4560
f 4560 4564 4561
f 4565 4561 4564
f 4564 4568 4565
f 4569 4565 4568
f 4568 4791 4569
f 4573 4792 4572
f 4533 4532 4534
f 4535 4534 4532
f 4532 4540 4535
f 4541 4535 4540
f 4540 4544 4541
f 4545 4541 4544
f 4544 4548 4545
f 4549 4545 4548
f 4548 4793 4549
f 4553 4794 4552
f 4575 4579 4574
f 4578 4574 4579
f 4579 4583 4578
f 4582 4578 4583
f 4583 4587 4582
f 4586 4582 4587
f 4587 4591 4586
f 4590 4586 4591
f 4555 4559 4554
f 4558 4554 4559
f 4559 4563 4558
f 4562 4558 4563
f 4563 4567 4562
f 4566 4562 4567
f 4567 4571 4566
f 4570 4566 4571
f 4571 4795 4570
f 4574 4796 4575
f 4539 4538 4536
f 4537 4536 4538
f 4538 4543 4537
f 4542 4537 4543
f 4543 4547 4542
f 4546 4542 4547
f 4547 4551 4546
f 4550 4546 4551
f 4551 4797 4550
f 4554 4798 4555
f 1004 1002 1005
f 1003 1005 1002
f 1002 1000 1003
f 1001 1003 1000
f 1000 997 1001
f 998 1001 997
f 997 996 998
f 999 998 996
f 1014 1012 1015
f 1013 1015 1012
f 1012 1010 1013
f 1011 1013 1010
f 1010 1008 1011
f 1009 1011 1008
f 1008 1006 1009
f 1007 1009 1006
f 1006 1004 1007
f 1005 1007 1004
f 1024 1022 1025
f 1023 1025 1022
f 1022 1020 1023
f 1021 1023 1020
f 1020 1018 1021
f 1019 1021 1018
f 1018 1016 1019
f 1017 1019 1016
f 1016 1014 1017
f 1015 1017 1014
f 974 972 975
f 973 975 972
f 972 970 973
f 971 973 970
f 970 967 971
f 968 971 967
f 967 966 968
f 969 968 966
f 984 982 985
f 983 985 982
f 982 980 983
f 981 983 980
f 980 978 981
f 979 981 978
f 978 976 979
f 977 979 976
f 976 974 977
f 975 977 974
f 994 992 995
f 993 995 992
f 992 990 993
f 991 993 990
f 990 988 991
f 989 991 988
f 988 986 989
f 987 989 986
f 986 984 987
f 985 987 984
f 876 874 877
f 875 877 874
f 874 872 875
f 873 875 872
f 872 869 873
f 870 873 869
f 869 868 870
f 871 870 868
f 886 884 887
f 885 887 884
f 884 882 885
f 883 885 882
f 882 880 883
f 881 883 880
f 880 878 881
f 879 881 878
f 878 876 879
f 877 879 876
f 896 894 897
f 895 897 894
f 894 892 895
f 893 895 892
f 892 890 893
f 891 893 890
f 890 888 891
f 889 891 888
f 888 886 889
f 887 889 886
f 846 844 847
f 845 847 844
f 844 842 845
f 843 845 842
f 842 839 843
f 840 843 839
f 839 838 840
f 841 840 838
f 856 854 857
f 855 857 854
f 854 852 855
f 853 855 852
f 852 850 853
f 851 853 850
f 850 848 851
f 849 851 848
f 848 846 849
f 847 849 846
f 866 864 867
f 865 867 864
f 864 862 865
f 863 865 862
f 862 860 863
f 861 863 860
f 860 858 861
f 859 861 858
f 858 856 859
f 857 859 856
f 786 784 787
f 785 787 784
f 784 782 785
f 783 785 782
f 782 779 783
f 780 783 779
f 779 778 780
f 781 780 778
f 796 794 797
f 795 797 794
f 794 792 795
f 793 795 792
f 792 790 793
f 791 793 790
f 790 788 791
f 789 791 788
f 788 786 789
f 787 789 786
f 806 804 807
f 805 807 804
f 804 802 805
f 803 805 802
f 802 800 803
f 801 803 800
f 800 798 801
f 799 801 798
f 798 796 799
f 797 799 796
f 756 754 757
f 755 757 754
f 754 752 755
f 753 755 752
f 752 749 753
f 750 753 749
f 749 748 750
f 751 750 748
f 766 764 767
f 765 767 764
f 764 762 765
f 763 765 762
f 762 760 763
f 761 763 760
f 760 758 761
f 759 761 758
f 758 756 759
f 757 759 756
f 776 774 777
f 775 777 774
f 774 772 775
f 773 775 772
f 772 770 773
f 771 773 770
f 770 768 771
f 769 771 768
f 768 766 769
f 767 769 766
f 726 724 727
f 725 727 724
f 724 722 725
f 723 725 722
f 722 719 723
f 720 723 719
f 719 718 720
f 721 720 718
f 736 734 737
f 735 737 734
f 734 732 735
f 733 735 732
f 732 730 733
f 731 733 730
f 730 728 731
f 729 731 728
f 728 726 729
f 727 729 726
f 746 744 747
f 745 747 744
f 744 742 745
f 743 745 742
f 742 740 743
f 741 743 740
f 740 738 741
f 739 741 738
f 738 736 739
f 737 739 736
f 696 694 697
f 695 697 694
f 694 692 695
f 693 695 692
f 692 689 693
f 690 693 689
f 689 688 690
f 691 690 688
f 706 704 707
f 705 707 704
f 704 702 705
f 703 705 702
f 702 700 703
f 701 703 700
f 700 698 701
f 699 701 698
f 698 4799 699
f 697 4800 696
f 716 714 717
f 715 717 714
f 714 712 715
f 713 715 712
f 712 710 713
f 711 713 710
f 710 708 711
f 709 711 708
f 708 4801 709
f 707 4802 706
f 816 814 817
f 815 817 814
f 814 812 815
f 813 815 812
f 812 809 813
f 810 813 809
f 809 808 810
f 811 810 808
f 826 824 827
f 825 827 824
f 824 822 825
f 823 825 822
f 822 820 823
f 821 823 820
f 820 818 821
f 819 821 818
f 818 816 819
f 817 819 816
f 836 834 837
f 835 837 834
f 834 832 835
f 833 835 832
f 832 830 833
f 831 833 830
f 830 828 831
f 829 831 828
f 828 826 829
f 827 829 826
f 659 658 660
f 661 660 658
f 660 661 662
f 663 662 661
f 662 663 664
f 665 664 663
f 664 665 666
f 667 666 665
f 666 667 668
f 669 668 667
f 668 669 670
f 671 670 669
f 670 671 675
f 671 674 675
f 674 672 675
f 673 672 674
f 672 673 676
f 677 676 673
f 676 677 678
f 679 678 677
f 678 679 680
f 681 680 679
f 680 681 682
f 683 682 681
f 682 683 684
f 685 684 683
f 684 685 686
f 687 686 685
f 4662 4432 4663
f 4434 4663 4432
f 4663 4434 4664
f 4436 4664 4434
f 4664 4436 4665
f 4438 4665 4436
f 4665 4438 4666
f 4440 4666 4438
f 4438 4439 4440
f 4441 4440 4439
f 2875 2874 2876
f 2877 2876 2874
f 2877 2886 2876
f 2887 2876 2886
f 899 898 900
f 901 900 898
f 900 901 902
f 903 902 901
f 902 903 904
f 905 904 903
f 904 905 906
f 907 906 905
f 906 907 908
f 909 908 907
f 908 909 910
f 911 910 909
f 910 911 912
f 913 912 911
f 912 913 914
f 915 914 913
f 914 915 916
f 917 916 915
f 916 917 918
f 919 918 917
f 918 919 920
f 921 920 919
f 920 921 922
f 923 922 921
f 2189 2188 2186
f 2187 2186 2188
f 2186 2187 2193
f 2192 2193 2187
f 2193 2192 2191
f 2190 2191 2192
f 2191 2190 2189
f 2188 2189 2190
f 2667 2666 2668
f 2669 2668 2666
f 2668 2669 2670
f 2671 2670 2669
f 2670 2671 2672
f 2673 2672 2671
f 2672 2673 2667
f 2666 2667 2673
f 346 345 347
f 348 347 345
f 345 349 348
f 350 348 349
f 2871 2870 2872
f 2873 2872 2870
f 2873 2884 2872
f 2885 2872 2884
f 352 351 353
f 354 353 351
f 351 355 354
f 356 354 355
f 355 357 356
f 358 356 357
f 357 359 358
f 360 358 359
f 2867 2866 2868
f 2869 2868 2866
f 2869 2882 2868
f 2883 2868 2882
f 384 383 385
f 386 385 383
f 383 387 386
f 388 386 387
f 387 389 388
f 390 388 389
f 389 391 390
f 392 390 391
f 2863 2862 2864
f 2865 2864 2862
f 2859 2858 2860
f 2861 2860 2858
f 2855 2854 2856
f 2857 2856 2854
f 2851 2850 2852
f 2853 2852 2850
f 2847 2846 2848
f 2849 2848 2846
f 2843 2842 2844
f 2845 2844 2842
f 2839 2838 2840
f 2841 2840 2838
f 2835 2834 2836
f 2837 2836 2834
f 2823 2822 2824
f 2825 2824 2822
f 2819 2818 2820
f 2821 2820 2818
f 2815 2814 2816
f 2817 2816 2814
f 2811 2810 2812
f 2813 2812 2810
f 2799 2798 2800
f 2801 2800 2798
f 2801 2808 2800
f 2809 2800 2808
f 394 393 395
f 396 395 393
f 393 397 396
f 398 396 397
f 2795 2794 2796
f 2797 2796 2794
f 2797 2806 2796
f 2807 2796 2806
f 400 399 401
f 402 401 399
f 399 403 402
f 404 402 403
f 2791 2790 2792
f 2793 2792 2790
f 2793 2804 2792
f 2805 2792 2804
f 406 405 407
f 408 407 405
f 405 409 408
f 410 408 409
f 409 411 410
f 412 410 411
f 411 413 412
f 414 412 413
f 2787 2786 2788
f 2789 2788 2786
f 2789 2802 2788
f 2803 2788 2802
f 416 415 417
f 418 417 415
f 415 419 418
f 420 418 419
f 419 421 420
f 422 420 421
f 422 421 423
f 424 423 421
f 423 424 425
f 426 425 424
f 425 426 427
f 428 427 426
f 427 428 429
f 430 429 428
f 430 431 429
f 432 429 431
f 431 433 432
f 434 432 433
f 433 435 434
f 436 434 435
f 2783 2782 2784
f 2785 2784 2782
f 2779 2778 2780
f 2781 2780 2778
f 2775 2774 2776
f 2777 2776 2774
f 2771 2770 2772
f 2773 2772 2770
f 2767 2766 2768
f 2769 2768 2766
f 2763 2762 2764
f 2765 2764 2762
f 2759 2758 2760
f 2761 2760 2758
f 2755 2754 2756
f 2757 2756 2754
f 2747 2746 2748
f 2749 2748 2746
f 2748 2749 2750
f 2751 2750 2749
f 2750 2751 2752
f 2753 2752 2751
f 2752 2753 2747
f 2746 2747 2753
f 2743 2742 2744
f 2745 2744 2742
f 2739 2738 2740
f 2741 2740 2738
f 2735 2734 2736
f 2737 2736 2734
f 2731 2730 2732
f 2733 2732 2730
f 2729 2728 2720
f 2719 2720 2728
f 2719 2718 2720
f 2721 2720 2718
f 438 437 439
f 440 439 437
f 437 441 440
f 442 440 441
f 441 443 442
f 444 442 443
f 443 445 444
f 446 444 445
f 2727 2726 2716
f 2715 2716 2726
f 2715 2714 2716
f 2717 2716 2714
f 448 447 449
f 450 449 447
f 447 451 450
f 452 450 451
f 2725 2724 2712
f 2711 2712 2724
f 2711 2710 2712
f 2713 2712 2710
f 490 489 491
f 492 491 489
f 489 493 492
f 494 492 493
f 493 499 494
f 494 499 500
f 500 499 501
f 499 498 501
f 498 495 501
f 497 495 498
f 496 495 497
f 497 502 496
f 503 496 502
f 502 504 503
f 505 503 504
f 2723 2722 2708
f 2707 2708 2722
f 2707 2706 2708
f 2709 2708 2706
f 144 143 145
f 146 145 143
f 143 150 146
f 146 150 151
f 150 147 151
f 149 147 150
f 148 147 149
f 148 152 147
f 153 147 152
f 152 154 153
f 155 153 154
f 154 156 155
f 157 155 156
f 156 158 157
f 159 157 158
f 158 160 159
f 161 159 160
f 160 162 161
f 163 161 162
f 162 164 163
f 165 163 164
f 164 166 165
f 167 165 166
f 166 168 167
f 169 167 168
f 168 170 169
f 171 169 170
f 170 172 171
f 173 171 172
f 172 174 173
f 175 173 174
f 174 176 175
f 177 175 176
f 176 178 177
f 179 177 178
f 178 184 179
f 184 183 179
f 183 180 179
f 182 180 183
f 181 180 182
f 182 185 181
f 186 181 185
f 2703 2702 2704
f 2705 2704 2702
f 2699 2698 2700
f 2701 2700 2698
f 2695 2694 2696
f 2697 2696 2694
f 2691 2690 2692
f 2693 2692 2690
f 2687 2686 2688
f 2689 2688 2686
f 2683 2682 2684
f 2685 2684 2682
f 2679 2678 2680
f 2681 2680 2678
f 2675 2674 2676
f 2677 2676 2674
f 2663 2662 2664
f 2665 2664 2662
f 2659 2658 2660
f 2661 2660 2658
f 2655 2654 2656
f 2657 2656 2654
f 2651 2650 2652
f 2653 2652 2650
f 2649 2648 2640
f 2639 2640 2648
f 2639 2638 2640
f 2641 2640 2638
f 248 247 249
f 250 249 247
f 247 254 250
f 250 254 255
f 254 251 255
f 253 251 254
f 252 251 253
f 252 256 251
f 257 251 256
f 256 258 257
f 259 257 258
f 258 260 259
f 261 259 260
f 260 262 261
f 263 261 262
f 262 264 263
f 265 263 264
f 264 266 265
f 267 265 266
f 266 268 267
f 269 267 268
f 268 270 269
f 271 269 270
f 270 272 271
f 273 271 272
f 272 274 273
f 275 273 274
f 274 276 275
f 277 275 276
f 276 278 277
f 279 277 278
f 278 280 279
f 281 279 280
f 280 282 281
f 283 281 282
f 282 288 283
f 288 287 283
f 287 284 283
f 286 284 287
f 285 284 286
f 286 289 285
f 290 285 289
f 2647 2646 2636
f 2635 2636 2646
f 2635 2634 2636
f 2637 2636 2634
f 535 534 536
f 537 536 534
f 585 584 586
f 587 586 584
f 599 598 600
f 601 600 598
f 600 601 602
f 603 602 601
f 602 603 604
f 605 604 603
f 604 605 606
f 607 606 605
f 606 607 608
f 609 608 607
f 608 609 610
f 611 610 609
f 610 611 612
f 613 612 611
f 612 613 614
f 615 614 613
f 614 615 616
f 617 616 615
f 616 617 618
f 619 618 617
f 618 619 620
f 621 620 619
f 620 621 622
f 623 622 621
f 622 623 624
f 625 624 623
f 624 625 626
f 627 626 625
f 925 924 926
f 927 926 924
f 929 928 930
f 931 930 928
f 933 932 934
f 935 934 932
f 934 935 936
f 937 936 935
f 936 937 938
f 939 938 937
f 941 940 942
f 943 942 940
f 942 943 944
f 945 944 943
f 944 945 946
f 947 946 945
f 946 947 951
f 947 950 951
f 950 948 951
f 949 948 950
f 948 949 952
f 953 952 949
f 952 953 954
f 955 954 953
f 957 956 958
f 959 958 956
f 958 959 960
f 961 960 959
f 960 961 962
f 963 962 961
f 962 963 964
f 965 964 963
f 1027 1026 1028
f 1029 1028 1026
f 1031 1030 1032
f 1033 1032 1030
f 1035 1034 1036
f 1037 1036 1034
f 1039 1038 1040
f 1041 1040 1038
f 1043 1042 1044
f 1045 1044 1042
f 1047 1046 1048
f 1049 1048 1046
f 1071 1070 1072
f 1073 1072 1070
f 1075 1074 1076
f 1077 1076 1074
f 1079 1078 1080
f 1081 1080 1078
f 1083 1082 1084
f 1085 1084 1082
f 1087 1086 1088
f 1089 4803 4804
f 1091 1090 1092
f 1093 1092 1090
f 1095 1094 1096
f 1096 1094 1099
f 1097 1096 1099
f 1098 1097 1099
f 1101 1100 1102
f 1103 1102 1100
f 1105 1104 1106
f 1107 4805 4806
f 1113 1112 1114
f 1115 1114 1112
f 1117 1116 1118
f 1119 1118 1116
f 1121 1120 1122
f 1123 1122 1120
f 1125 1124 1126
f 1127 1126 1124
f 1129 1128 1130
f 1131 1130 1128
f 1133 1132 1134
f 1135 1134 1132
f 1157 1156 1158
f 1159 1158 1156
f 1161 1160 1162
f 1163 1162 1160
f 1165 1164 1166
f 1167 1166 1164
f 1169 1168 1170
f 1171 1170 1168
f 1173 1172 1174
f 1175 1174 1172
f 1177 1176 1178
f 1179 1178 1176
f 1181 1180 1182
f 1182 1180 1185
f 1183 1182 1185
f 1184 1183 1185
f 1187 1186 1188
f 1189 1188 1186
f 1191 1190 1192
f 1193 4807 4808
f 1199 1198 1200
f 1201 1200 1198
f 1203 1202 1204
f 1205 1204 1202
f 1207 1206 1208
f 1209 1208 1206
f 1211 1210 1212
f 1213 1212 1210
f 1215 1214 1216
f 1217 1216 1214
f 1219 1218 1220
f 1221 1220 1218
f 1243 1242 1244
f 1245 1244 1242
f 1247 1246 1248
f 1249 1248 1246
f 1251 1250 1252
f 1253 1252 1250
f 1255 1254 1256
f 1257 1256 1254
f 1259 1258 1260
f 1261 1260 1258
f 1263 1262 1264
f 1265 1264 1262
f 1267 1266 1268
f 1268 1266 1271
f 1269 1268 1271
f 1270 1269 1271
f 1273 1272 1274
f 1275 1274 1272
f 1277 1276 1278
f 1279 4809 4810
f 1285 1284 1286
f 1287 1286 1284
f 1289 1288 1290
f 1291 1290 1288
f 1293 1292 1294
f 1295 1294 1292
f 1297 1296 1298
f 1299 1298 1296
f 1301 1300 1302
f 1303 1302 1300
f 1305 1304 1306
f 1307 1306 1304
f 1329 1328 1330
f 1331 1330 1328
f 1333 1332 1334
f 1335 1334 1332
f 1337 1336 1338
f 1339 1338 1336
f 1341 1340 1342
f 1343 1342 1340
f 1345 1344 1346
f 1347 4811 4812
f 1349 1348 1350
f 1351 1350 1348
f 1353 1352 1354
f 1354 1352 1357
f 1355 1354 1357
f 1356 1355 1357
f 1359 1358 1360
f 1361 1360 1358
f 1363 1362 1364
f 1365 4813 4814
f 1387 1386 1388
f 1389 1388 1386
f 1391 1390 1392
f 1392 1390 1395
f 1394 1392 1395
f 1393 1392 1394
f 2645 2644 2632
f 2631 2632 2644
f 2631 2630 2632
f 2633 2632 2630
f 1397 1396 1398
f 1399 1398 1396
f 1401 1400 1402
f 1402 1400 1405
f 1404 1402 1405
f 1403 1402 1404
f 2643 2642 2628
f 2627 2628 2642
f 2627 2626 2628
f 2629 2628 2626
f 1407 1406 1408
f 1409 1408 1406
f 1411 1410 1412
f 1413 1412 1410
f 1415 1414 1416
f 1417 1416 1414
f 1419 1418 1420
f 1421 1420 1418
f 1423 1422 1424
f 1425 1424 1422
f 1427 1426 1428
f 1429 1428 1426
f 1431 1430 1432
f 1433 1432 1430
f 1435 1434 1436
f 1437 1436 1434
f 1439 1438 1440
f 1441 1440 1438
f 1443 1442 1444
f 1445 1444 1442
f 1447 1446 1448
f 1449 1448 1446
f 1451 1450 1452
f 1453 1452 1450
f 1661 1660 1658
f 1659 1658 1660
f 1663 1662 1664
f 1665 1664 1662
f 2195 2194 2196
f 2197 2196 2194
f 2199 2198 2200
f 2201 2200 2198
f 2203 2202 2204
f 2205 2204 2202
f 2207 2206 2208
f 2209 2208 2206
f 2211 2210 2212
f 2213 2212 2210
f 2215 2214 2216
f 2217 2216 2214
f 2219 2218 2220
f 2221 2220 2218
f 2223 2222 2224
f 2225 2224 2222
f 2243 2242 2228
f 2227 2228 2242
f 2227 2226 2228
f 2229 2228 2226
f 2623 2622 2624
f 2625 2624 2622
f 2619 2618 2620
f 2621 2620 2618
f 2615 2614 2616
f 2617 2616 2614
f 2611 2610 2612
f 2613 2612 2610
f 2607 2606 2608
f 2609 2608 2606
f 2603 2602 2604
f 2605 2604 2602
f 2599 2598 2600
f 2601 2600 2598
f 2595 2594 2596
f 2597 2596 2594
f 2587 2586 2588
f 2589 2588 2586
f 2588 2589 2590
f 2591 2590 2589
f 2590 2591 2592
f 2593 2592 2591
f 2592 2593 2587
f 2586 2587 2593
f 2583 2582 2584
f 2585 2584 2582
f 2579 2578 2580
f 2581 2580 2578
f 2575 2574 2576
f 2577 2576 2574
f 2571 2570 2572
f 2573 2572 2570
f 2569 2568 2560
f 2559 2560 2568
f 2559 2558 2560
f 2561 2560 2558
f 2245 2244 2232
f 2231 2232 2244
f 2231 2230 2232
f 2233 2232 2230
f 2567 2566 2556
f 2555 2556 2566
f 2555 2554 2556
f 2557 2556 2554
f 2247 2246 2236
f 2235 2236 2246
f 2235 2234 2236
f 2237 2236 2234
f 2565 2564 2552
f 2551 2552 2564
f 2551 2550 2552
f 2553 2552 2550
f 2249 2248 2240
f 2239 2240 2248
f 2239 2238 2240
f 2241 2240 2238
f 2563 2562 2548
f 2547 2548 2562
f 2547 2546 2548
f 2549 2548 2546
f 2251 2250 2252
f 2253 2252 2250
f 2255 2254 2256
f 2257 2256 2254
f 2259 2258 2260
f 2261 2260 2258
f 2263 2262 2264
f 2265 2264 2262
f 2267 2266 2268
f 2269 2268 2266
f 2268 2269 2270
f 2271 2270 2269
f 2270 2271 2272
f 2273 2272 2271
f 2272 2273 2267
f 2266 2267 2273
f 2275 2274 2276
f 2277 2276 2274
f 2279 2278 2280
f 2281 2280 2278
f 2283 2282 2284
f 2285 2284 2282
f 2287 2286 2288
f 2289 2288 2286
f 2291 2290 2292
f 2293 2292 2290
f 2295 2294 2296
f 2297 2296 2294
f 2299 2298 2300
f 2301 2300 2298
f 2303 2302 2304
f 2305 2304 2302
f 2323 2322 2308
f 2307 2308 2322
f 2307 2306 2308
f 2309 2308 2306
f 2543 2542 2544
f 2545 2544 2542
f 2539 2538 2540
f 2541 2540 2538
f 2535 2534 2536
f 2537 2536 2534
f 2531 2530 2532
f 2533 2532 2530
f 2527 2526 2528
f 2529 2528 2526
f 2523 2522 2524
f 2525 2524 2522
f 2519 2518 2520
f 2521 2520 2518
f 2515 2514 2516
f 2517 2516 2514
f 2507 2506 2508
f 2509 2508 2506
f 2508 2509 2510
f 2511 2510 2509
f 2510 2511 2512
f 2513 2512 2511
f 2512 2513 2507
f 2506 2507 2513
f 2503 2502 2504
f 2505 2504 2502
f 2499 2498 2500
f 2501 2500 2498
f 2495 2494 2496
f 2497 2496 2494
f 2491 2490 2492
f 2493 2492 2490
f 2489 2488 2480
f 2479 2480 2488
f 2479 2478 2480
f 2481 2480 2478
f 2325 2324 2312
f 2311 2312 2324
f 2311 2310 2312
f 2313 2312 2310
f 2487 2486 2476
f 2475 2476 2486
f 2475 2474 2476
f 2477 2476 2474
f 2327 2326 2316
f 2315 2316 2326
f 2315 2314 2316
f 2317 2316 2314
f 2485 2484 2472
f 2471 2472 2484
f 2471 2470 2472
f 2473 2472 2470
f 2329 2328 2320
f 2319 2320 2328
f 2319 2318 2320
f 2321 2320 2318
f 2483 2482 2468
f 2467 2468 2482
f 2467 2466 2468
f 2469 2468 2466
f 2331 2330 2332
f 2333 2332 2330
f 2335 2334 2336
f 2337 2336 2334
f 2339 2338 2340
f 2341 2340 2338
f 2343 2342 2344
f 2345 2344 2342
f 2347 2346 2348
f 2349 2348 2346
f 2348 2349 2350
f 2351 2350 2349
f 2350 2351 2352
f 2353 2352 2351
f 2352 2353 2347
f 2346 2347 2353
f 2355 2354 2356
f 2357 2356 2354
f 2359 2358 2360
f 2361 2360 2358
f 2363 2362 2364
f 2365 2364 2362
f 2367 2366 2368
f 2369 2368 2366
f 2371 2370 2372
f 2373 2372 2370
f 2375 2374 2376
f 2377 2376 2374
f 2379 2378 2380
f 2381 2380 2378
f 2383 2382 2384
f 2385 2384 2382
f 2403 2402 2388
f 2387 2388 2402
f 2387 2386 2388
f 2389 2388 2386
f 2463 2462 2464
f 2465 2464 2462
f 2459 2458 2460
f 2461 2460 2458
f 2455 2454 2456
f 2457 2456 2454
f 2451 2450 2452
f 2453 2452 2450
f 2447 2446 2448
f 2449 2448 2446
f 2443 2442 2444
f 2445 2444 2442
f 2439 2438 2440
f 2441 2440 2438
f 2435 2434 2436
f 2437 2436 2434
f 2427 2426 2428
f 2429 2428 2426
f 2428 2429 2430
f 2431 2430 2429
f 2430 2431 2432
f 2433 2432 2431
f 2432 2433 2427
f 2426 2427 2433
f 2423 2422 2424
f 2425 2424 2422
f 2419 2418 2420
f 2421 2420 2418
f 2415 2414 2416
f 2417 2416 2414
f 2411 2410 2412
f 2413 2412 2410
f 2409 2408 2400
f 2399 2400 2408
f 2399 2398 2400
f 2401 2400 2398
f 2405 2404 2392
f 2391 2392 2404
f 2391 2390 2392
f 2393 2392 2390
f 2407 2406 2396
f 2395 2396 2406
f 2395 2394 2396
f 2397 2396 2394
f 3575 3577 3574
f 3576 3574 3577
f 3577 3579 3576
f 3578 3576 3579
f 3579 3581 3578
f 3580 3578 3581
f 3581 3583 3580
f 3582 3580 3583
f 3565 3567 3564
f 3566 3564 3567
f 3567 3569 3566
f 3568 3566 3569
f 3569 3571 3568
f 3570 3568 3571
f 3571 3573 3570
f 3572 3570 3573
f 3573 3575 3572
f 3574 3572 3575
f 3557 3556 3554
f 3555 3554 3556
f 3556 3559 3555
f 3558 3555 3559
f 3559 3561 3558
f 3560 3558 3561
f 3561 3563 3560
f 3562 3560 3563
f 3563 3565 3562
f 3564 3562 3565
f 3612 3610 3613
f 3611 3613 3610
f 3610 3608 3611
f 3609 3611 3608
f 3608 3606 3609
f 3607 3609 3606
f 3606 3604 3607
f 3605 3607 3604
f 3604 3602 3605
f 3603 3605 3602
f 3602 3600 3603
f 3601 3603 3600
f 3600 3598 3601
f 3599 3601 3598
f 3598 3596 3599
f 3597 3599 3596
f 3596 3594 3597
f 3595 3597 3594
f 3594 3592 3595
f 3593 3595 3592
f 3592 3590 3593
f 3591 3593 3590
f 3590 3588 3591
f 3589 3591 3588
f 3588 3585 3589
f 3586 3589 3585
f 3585 3584 3586
f 3587 3586 3584
