# from FD_B16_Bridge01_LOD_0.pskx
v -1575.0 -395.00006103515625 147.4972686767578
v -1350.0 -395.00006103515625 150.29727172851562
v -1350.0 -296.6688232421875 149.53115844726562
v -1575.0 -296.01885986328125 146.7311553955078
v -1125.0 -395.0000305175781 163.12229919433594
v -1125.0 -297.3187561035156 162.356201171875
v -900.0 -395.0000305175781 182.69732666015625
v -900.0 -297.9687194824219 181.93115234375
v -675.0 -395.0 204.97232055664062
v -675.0000610351562 -298.6186828613281 204.20626831054688
v -449.9999694824219 -395.0 225.89739990234375
v -450.00006103515625 -299.2686462402344 225.13128662109375
v -225.0 -395.0 241.42236328125
v -225.0 -299.9186096191406 240.65625
v -4.3709096644306555e-06 -394.9999694824219 247.49740600585938
v -8.431662536168005e-06 -300.56854248046875 246.73129272460938
v 224.99996948242188 -394.9999694824219 241.4224090576172
v 224.99996948242188 -301.218505859375 240.65625
v 450.0000305175781 -394.9999694824219 225.89744567871094
v 450.0 -301.86846923828125 225.13140869140625
v 675.0 -394.99993896484375 204.97244262695312
v 675.0 -302.5184020996094 204.20632934570312
v 900.0 -394.99993896484375 182.697509765625
v 900.0 -303.1683654785156 181.931396484375
v 1125.0 -394.99993896484375 163.12249755859375
v 1125.0 -303.8183288574219 162.35638427734375
v 1350.0 -394.99993896484375 150.29751586914062
v 1350.0 -304.4682922363281 150.29745483398438
v 1575.0 -394.9999084472656 147.49754333496094
v 1575.0 -305.1182556152344 147.49754333496094
v -1123.4693603515625 -395.00006103515625 -115.6201400756836
v -1125.0 -395.00006103515625 -307.4974670410156
v -900.0 -395.00006103515625 -307.4974060058594
v -898.0990600585938 -395.00006103515625 -115.62012481689453
v -675.0 -395.00006103515625 -307.4974060058594
v -673.1173095703125 -395.0000305175781 -115.62010192871094
v -446.7707824707031 -395.0 186.0250701904297
v -459.1411437988281 -395.0 83.9068603515625
v -229.4315948486328 -395.0 124.65694427490234
v -223.0826416015625 -395.0 201.4595489501953
v 5.2455952754826285e-06 -395.0 137.49740600585938
v -8.727238309802487e-07 -394.9999694824219 207.48281860351562
v 229.4315948486328 -394.9999694824219 124.52428436279297
v 223.08261108398438 -394.9999694824219 201.4595947265625
v 459.1412048339844 -394.9999694824219 83.6273422241211
v 446.7708435058594 -394.9999694824219 186.025146484375
v 898.0990600585938 -394.9999694824219 -115.61996459960938
v 673.1173095703125 -394.9999694824219 -115.61998748779297
v 675.0 -395.0 -307.4972839355469
v 900.0 -395.0 -307.4972839355469
v 1123.4693603515625 -394.9999694824219 -115.61995697021484
v 1125.0 -394.9999694824219 -307.49725341796875
v 1123.4693603515625 395.0078430175781 -115.62003326416016
v 1125.0 395.0078430175781 -307.497314453125
v 900.0 395.0078125 -307.4973449707031
v 898.0990600585938 395.0078430175781 -115.62004089355469
v 675.0 395.0078125 -307.4973449707031
v 673.1173095703125 395.0078430175781 -115.62006378173828
v 639.2824096679688 395.0078125 -307.4973449707031
v 639.3997802734375 395.00787353515625 -115.62006378173828
v 446.7707824707031 395.0078430175781 186.02508544921875
v 459.1411437988281 395.0078430175781 83.62726593017578
v 229.4315948486328 395.0078430175781 124.5241470336914
v 223.08258056640625 395.0078430175781 201.45953369140625
v -2.9286744393175468e-05 395.0078125 137.49734497070312
v -3.540506440913305e-05 395.0078430175781 207.48275756835938
v -229.43162536621094 395.0078125 124.65692901611328
v -223.08267211914062 395.0078125 201.45948791503906
v -459.1412048339844 395.0078125 83.9068374633789
v -446.7708435058594 395.0078125 186.02500915527344
v -671.1776123046875 395.0078125 165.15512084960938
v -492.11376953125 395.0078430175781 76.16678619384766
v -548.6218872070312 395.0077819824219 54.8526725769043
v -595.8536376953125 395.0077819824219 24.621129989624023
v -630.534423828125 395.0077819824219 -16.29537582397461
v -640.5930786132812 395.0077819824219 -61.202880859375
v -640.5718994140625 395.0077819824219 -115.62017822265625
v -673.1173095703125 395.0077819824219 -115.62017822265625
v -898.0990600585938 395.00775146484375 -115.62020111083984
v -675.0 395.00775146484375 -307.4974670410156
v -900.0 395.00775146484375 -307.4974670410156
v -1123.4693603515625 395.00775146484375 -115.6202163696289
v -1125.0 395.00775146484375 -307.4975280761719
v -492.1136474609375 -395.00006103515625 76.16686248779297
v -640.5718383789062 -395.00006103515625 -115.62010192871094
v -640.593017578125 -395.0000915527344 -61.20283889770508
v -671.1776123046875 -395.0 165.15518188476562
v -630.534423828125 -395.0000305175781 -16.295278549194336
v -595.853515625 -395.0000915527344 24.621227264404297
v -548.6219482421875 -395.0000305175781 54.85271072387695
v 671.1775512695312 -394.9999694824219 165.15530395507812
v 490.9226379394531 -394.9999694824219 76.1670150756836
v 547.4309692382812 -394.9999694824219 54.8528938293457
v 594.6624145507812 -394.9999694824219 24.621334075927734
v 629.334716796875 -394.9999694824219 -16.284639358520508
v 639.4232177734375 -395.0000305175781 -61.19049072265625
v 639.3997802734375 -395.0000305175781 -115.61998748779297
v -572.5181884765625 355.0077819824219 -2.0640764236450195
v -572.51806640625 -355.0000915527344 -2.064014434814453
v -598.1302490234375 -355.0000305175781 -32.41954803466797
v -598.1302490234375 355.0077819824219 -32.41960906982422
v -605.5611572265625 355.0077819824219 -65.07139587402344
v -605.56103515625 -355.0000915527344 -65.07136535644531
v -605.4657592773438 -355.00006103515625 -307.4992980957031
v -605.4657592773438 355.00775146484375 -307.4993591308594
v 604.3909301757812 355.00787353515625 -65.06977081298828
v 604.3909301757812 -355.0000305175781 -65.06970977783203
v 596.9386596679688 -354.9999694824219 -32.417945861816406
v 596.9386596679688 355.0078430175781 -32.41803741455078
v 571.3270263671875 355.0078430175781 -2.063976526260376
v 571.3270263671875 -354.9999694824219 -2.0639145374298096
v 531.6373291015625 -354.9999694824219 23.374038696289062
v 531.6373291015625 355.0078430175781 23.373977661132812
v 480.7010803222656 -354.9999694824219 42.60416793823242
v 451.1426696777344 -354.9999694824219 49.55353546142578
v 451.1426086425781 355.0078430175781 49.55347442626953
v 480.7010192871094 355.0078125 42.60410690307617
v 604.2824096679688 355.0078125 -307.49945068359375
v 604.2824096679688 -355.0 -307.4993896484375
v -532.8283081054688 355.0077819824219 23.37379264831543
v -532.8283081054688 -355.0000305175781 23.37385368347168
v -481.89215087890625 355.0078125 42.6039924621582
v -481.8921203613281 -355.0000915527344 42.60405349731445
v -2.447848964948207e-05 355.0078125 102.49734497070312
v 6.5569365688133985e-06 -355.0 102.49740600585938
v -225.55392456054688 -355.0 89.87245178222656
v -225.55398559570312 355.0078125 89.87239074707031
v 225.55392456054688 355.0078430175781 89.73966979980469
v 225.55747985839844 -355.001220703125 89.73973083496094
v -451.1426696777344 -355.0000305175781 49.83305740356445
v -451.1427307128906 355.0077819824219 49.83306121826172
v -675.0 -400.00006103515625 -312.4974060058594
v -900.0 -400.00006103515625 -312.4974060058594
v -900.0 -400.00006103515625 -352.4974060058594
v -675.0 -400.00006103515625 -352.4974060058594
v -640.4657592773438 -400.00006103515625 -312.4974060058594
v -600.450439453125 -400.00006103515625 -352.4974060058594
v -640.593017578125 -400.0000915527344 -61.20283889770508
v -600.59130859375 -400.0000915527344 -65.62012481689453
v -630.534423828125 -400.0000305175781 -16.295278549194336
v -593.65380859375 -400.0000305175781 -34.64699172973633
v -595.853515625 -400.0000915527344 24.621227264404297
v -569.2266845703125 -400.0000915527344 -5.827895641326904
v -548.6219482421875 -400.0000305175781 54.85271072387695
v -530.5860595703125 -400.0000305175781 18.904802322387695
v -492.1136474609375 -400.00006103515625 76.16686248779297
v -480.4353942871094 -400.0000915527344 37.82094192504883
v -459.1411437988281 -400.0 83.9068603515625
v -449.9999694824219 -400.0000305175781 44.965389251708984
v -225.00001525878906 -400.0 84.90321350097656
v -229.4315948486328 -400.0 124.65694427490234
v 8.961063940660097e-06 -400.0 97.4974136352539
v 5.464152309286874e-06 -400.0 137.49740600585938
v 225.00001525878906 -399.9999694824219 84.7705078125
v 229.4315948486328 -399.9999694824219 124.52428436279297
v 450.0000305175781 -399.9999694824219 44.68586349487305
v 459.1412048339844 -399.9999694824219 83.6273422241211
v 490.9226379394531 -399.9999694824219 76.1670150756836
v 479.2444152832031 -399.9999694824219 37.8210563659668
v 547.4309692382812 -399.9999694824219 54.8528938293457
v 529.3950805664062 -399.9999694824219 18.904987335205078
v 594.6624145507812 -399.9999694824219 24.621334075927734
v 568.03564453125 -399.9999694824219 -5.827796459197998
v 629.334716796875 -399.9999694824219 -16.284639358520508
v 592.4629516601562 -399.9999694824219 -34.64682388305664
v 639.4232177734375 -400.0000305175781 -61.19049072265625
v 599.4213256835938 -400.0000305175781 -65.61996459960938
v 639.2824096679688 -400.0 -312.4972839355469
v 599.2654418945312 -400.0 -352.4972839355469
v 675.0 -400.0 -312.4972839355469
v 675.0 -400.0 -352.4972839355469
v 900.0 -400.0 -312.49725341796875
v 900.0 -400.0 -352.4972839355469
v 1348.6123046875 -394.99993896484375 110.31167602539062
v 1574.7510986328125 -394.9999084472656 107.49755096435547
v 1575.0 -394.9999084472656 147.49754333496094
v 1350.0 -394.99993896484375 150.29751586914062
v 1122.1278076171875 -394.99993896484375 123.22132873535156
v 1125.0 -394.99993896484375 163.12249755859375
v 896.2960205078125 -394.99993896484375 142.86863708496094
v 900.0 -394.99993896484375 182.697509765625
v 675.0 -394.99993896484375 204.97244262695312
v 450.0000305175781 -394.9999694824219 225.89744567871094
v 224.99996948242188 -394.9999694824219 241.4224090576172
v -4.3709096644306555e-06 -394.9999694824219 247.49740600585938
v -225.0 -395.0 241.42236328125
v -449.9999694824219 -395.0 225.89739990234375
v -675.0 -395.0 204.97232055664062
v -896.2960205078125 -395.0000305175781 142.8684844970703
v -900.0 -395.0000305175781 182.69732666015625
v -1122.1278076171875 -395.0000305175781 123.22113800048828
v -1125.0 -395.0000305175781 163.12229919433594
v -1348.6123046875 -395.00006103515625 110.31143951416016
v -1350.0 -395.00006103515625 150.29727172851562
v -1574.7510986328125 -395.00006103515625 107.49728393554688
v -1575.0 -395.00006103515625 147.4972686767578
v -1348.6123046875 395.00775146484375 110.31136322021484
v -1574.7510986328125 395.00775146484375 107.49720764160156
v -1575.0 395.00775146484375 147.49720764160156
v -1350.0 395.00775146484375 150.29721069335938
v -1122.1278076171875 395.0077819824219 123.22106170654297
v -1125.0 395.0077819824219 163.1222381591797
v -896.2960205078125 395.0077819824219 142.86842346191406
v -900.0 395.0077819824219 182.697265625
v -675.0 395.0078125 204.97225952148438
v -450.0000305175781 395.0078125 225.8973388671875
v -225.00003051757812 395.0078125 241.42230224609375
v -3.8903250242583454e-05 395.0078430175781 247.49734497070312
v 224.99993896484375 395.0078430175781 241.42234802246094
v 449.9999694824219 395.0078430175781 225.8973846435547
v 671.1775512695312 395.0078430175781 165.15524291992188
v 675.0 395.00787353515625 204.97238159179688
v 896.2960205078125 395.00787353515625 142.8685760498047
v 900.0 395.00787353515625 182.69744873046875
v 1122.1278076171875 395.00787353515625 123.22125244140625
v 1125.0 395.00787353515625 163.1224365234375
v 1348.6123046875 395.00787353515625 110.31159973144531
v 1350.0 395.00787353515625 150.29745483398438
v 1574.7510986328125 395.0079040527344 107.49747467041016
v 1575.0 395.0079040527344 147.4974822998047
v 675.0 400.0078125 -312.4973449707031
v 900.0 400.0078125 -312.497314453125
v 900.0 400.0078125 -352.4973449707031
v 675.0 400.0078125 -352.4973449707031
v 639.2824096679688 400.0078125 -312.4973449707031
v 599.2654418945312 400.0078125 -352.4973449707031
v 639.4232177734375 400.0078430175781 -61.19055938720703
v 599.4213256835938 400.0078430175781 -65.62004089355469
v 629.334716796875 400.0078430175781 -16.284740447998047
v 592.4629516601562 400.0078430175781 -34.64692306518555
v 594.6624145507812 400.0078430175781 24.621265411376953
v 568.03564453125 400.0078430175781 -5.827866077423096
v 547.4309692382812 400.0078430175781 54.85282516479492
v 529.3950805664062 400.0078430175781 18.904918670654297
v 490.9225769042969 400.0078125 76.16693878173828
v 479.2443542480469 400.0078125 37.820987701416016
v 459.1411437988281 400.0078430175781 83.62726593017578
v 449.9999694824219 400.0078430175781 44.685794830322266
v 224.99998474121094 400.0078430175781 84.77043151855469
v 229.4315948486328 400.0078430175781 124.5241470336914
v -2.600838888611179e-05 400.0078125 97.4973373413086
v -2.950529960799031e-05 400.0078125 137.49734497070312
v -225.00001525878906 400.0078125 84.90313720703125
v -229.43162536621094 400.0078125 124.65692901611328
v -450.0000305175781 400.0077819824219 44.96538162231445
v -459.1412048339844 400.0078125 83.9068374633789
v -492.11376953125 400.0078125 76.16678619384766
v -480.4354553222656 400.0077819824219 37.82087326049805
v -548.6218872070312 400.0077819824219 54.8526725769043
v -530.5860595703125 400.0077819824219 18.904733657836914
v -595.8536376953125 400.0077819824219 24.621129989624023
v -569.226806640625 400.0077819824219 -5.827965259552002
v -630.534423828125 400.0077819824219 -16.29537582397461
v -593.65380859375 400.0077819824219 -34.64706039428711
v -640.5930786132812 400.0077819824219 -61.202880859375
v -600.5913696289062 400.0077819824219 -65.62020111083984
v -640.4657592773438 400.00775146484375 -312.4974670410156
v -600.450439453125 400.00775146484375 -352.4974670410156
v -675.0 400.00775146484375 -312.4974670410156
v -675.0 400.00775146484375 -352.4974670410156
v -900.0 400.00775146484375 -312.4974670410156
v -900.0 400.00775146484375 -352.4974670410156
v -600.4656982421875 355.00775146484375 -312.4974670410156
v -600.4656982421875 -355.00006103515625 -312.4974060058594
v -600.450439453125 -400.00006103515625 -352.4974060058594
v -600.450439453125 400.00775146484375 -352.4974670410156
v 599.2824096679688 -355.0 -312.4972839355469
v 599.2824096679688 355.0078125 -312.4973449707031
v 599.2654418945312 400.0078125 -352.4973449707031
v 599.2654418945312 -400.0 -352.4972839355469
v 225.00001525878906 -399.9999694824219 84.7705078125
v 8.961063940660097e-06 -400.0 97.4974136352539
v 6.994050636421889e-06 -355.0 97.49740600585938
v 224.99998474121094 -354.9999694824219 84.77050018310547
v -532.8283081054688 -355.0000305175781 23.37385368347168
v -481.8921203613281 -355.0000915527344 42.60405349731445
v -480.4354248046875 -355.0000915527344 37.82093811035156
v -530.5860595703125 -355.0000305175781 18.90479850769043
v -572.51806640625 -355.0000915527344 -2.064014434814453
v -569.2266845703125 -355.0000915527344 -5.82789945602417
v -598.1302490234375 -355.0000305175781 -32.41954803466797
v -593.65380859375 -355.0000305175781 -34.646995544433594
v -605.56103515625 -355.0000915527344 -65.07136535644531
v -600.59130859375 -355.0000915527344 -65.62016296386719
v -605.4657592773438 -355.00006103515625 -307.4992980957031
v -600.4656982421875 -355.00006103515625 -312.4974060058594
v -605.4657592773438 355.00775146484375 -307.4993591308594
v -605.4657592773438 -355.00006103515625 -307.4992980957031
v -600.4656982421875 -355.00006103515625 -312.4974060058594
v -600.4656982421875 355.00775146484375 -312.4974670410156
v -605.5611572265625 355.0077819824219 -65.07139587402344
v -605.4657592773438 355.00775146484375 -307.4993591308594
v -600.4656982421875 355.00775146484375 -312.4974670410156
v -600.5913696289062 355.0077819824219 -65.62019348144531
v -598.1302490234375 355.0077819824219 -32.41960906982422
v -593.65380859375 355.0077819824219 -34.647056579589844
v -572.5181884765625 355.0077819824219 -2.0640764236450195
v -569.226806640625 355.0077819824219 -5.827961444854736
v -532.8283081054688 355.0077819824219 23.37379264831543
v -530.5860595703125 355.0077819824219 18.90473747253418
v -481.89215087890625 355.0078125 42.6039924621582
v -480.4354553222656 355.0078125 37.82087707519531
v -451.1427307128906 355.0077819824219 49.83306121826172
v -450.0000915527344 355.0077819824219 44.96538543701172
v -225.55398559570312 355.0078125 89.87239074707031
v -225.00001525878906 355.0078125 84.90314483642578
v -2.447848964948207e-05 355.0078125 102.49734497070312
v -2.404137558187358e-05 355.0078125 97.49734497070312
v 225.55392456054688 355.0078430175781 89.73966979980469
v 224.99998474121094 355.0078430175781 84.77043914794922
v 451.1426086425781 355.0078430175781 49.55347442626953
v 449.9999694824219 355.0078430175781 44.68579864501953
v 480.7010192871094 355.0078125 42.60410690307617
v 479.2443542480469 355.0078125 37.82099151611328
v 531.6373291015625 355.0078430175781 23.373977661132812
v 529.3950805664062 355.0078430175781 18.904922485351562
v 571.3270263671875 355.0078430175781 -2.063976526260376
v 568.03564453125 355.0078430175781 -5.82786226272583
v 596.9386596679688 355.0078430175781 -32.41803741455078
v 592.4629516601562 355.0078430175781 -34.646949768066406
v 604.3909301757812 355.00787353515625 -65.06977081298828
v 599.4213256835938 355.00787353515625 -65.62006378173828
v 604.2824096679688 355.0078125 -307.49945068359375
v 599.2824096679688 355.0078125 -312.4973449707031
v 604.2824096679688 -355.0 -307.4993896484375
v 604.2824096679688 355.0078125 -307.49945068359375
v 599.2824096679688 355.0078125 -312.4973449707031
v 599.2824096679688 -355.0 -312.4972839355469
v 604.3909301757812 -355.0000305175781 -65.06970977783203
v 604.2824096679688 -355.0 -307.4993896484375
v 599.2824096679688 -355.0 -312.4972839355469
v 599.4213256835938 -355.0000305175781 -65.62000274658203
v 596.9386596679688 -354.9999694824219 -32.417945861816406
v 592.4629516601562 -354.9999694824219 -34.64685821533203
v 571.3270263671875 -354.9999694824219 -2.0639145374298096
v 568.03564453125 -354.9999694824219 -5.827800273895264
v 531.6373291015625 -354.9999694824219 23.374038696289062
v 529.3950805664062 -354.9999694824219 18.904983520507812
v 480.7010803222656 -354.9999694824219 42.60416793823242
v 479.2444152832031 -354.9999694824219 37.82105255126953
v 451.1426696777344 -354.9999694824219 49.55353546142578
v 450.0000305175781 -354.9999694824219 44.68585968017578
v 225.55747985839844 -355.001220703125 89.73973083496094
v 224.99998474121094 -354.9999694824219 84.77050018310547
v 6.994050636421889e-06 -355.0 97.49740600585938
v 6.5569365688133985e-06 -355.0 102.49740600585938
v -225.55392456054688 -355.0 89.87245178222656
v -224.99998474121094 -355.0 84.90320587158203
v -451.1426696777344 -355.0000305175781 49.83305740356445
v -450.0000305175781 -355.0000305175781 44.96538543701172
v -600.59130859375 -355.0000915527344 -65.62016296386719
v -600.59130859375 -400.0000915527344 -65.62012481689453
v -593.65380859375 -400.0000305175781 -34.64699172973633
v -593.65380859375 -355.0000305175781 -34.646995544433594
v -569.2266845703125 -400.0000915527344 -5.827895641326904
v -569.2266845703125 -355.0000915527344 -5.82789945602417
v -530.5860595703125 -400.0000305175781 18.904802322387695
v -530.5860595703125 -355.0000305175781 18.90479850769043
v -480.4353942871094 -400.0000915527344 37.82094192504883
v -480.4354248046875 -355.0000915527344 37.82093811035156
v -449.9999694824219 -400.0000305175781 44.965389251708984
v -450.0000305175781 -355.0000305175781 44.96538543701172
v -224.99998474121094 -355.0 84.90320587158203
v -225.00001525878906 -400.0 84.90321350097656
v 450.0000305175781 -354.9999694824219 44.68585968017578
v 450.0000305175781 -399.9999694824219 44.68586349487305
v 479.2444152832031 -399.9999694824219 37.8210563659668
v 479.2444152832031 -354.9999694824219 37.82105255126953
v 529.3950805664062 -399.9999694824219 18.904987335205078
v 529.3950805664062 -354.9999694824219 18.904983520507812
v 568.03564453125 -399.9999694824219 -5.827796459197998
v 568.03564453125 -354.9999694824219 -5.827800273895264
v 592.4629516601562 -399.9999694824219 -34.64682388305664
v 592.4629516601562 -354.9999694824219 -34.64685821533203
v 599.4213256835938 -400.0000305175781 -65.61996459960938
v 599.4213256835938 -355.0000305175781 -65.62000274658203
v 675.0 -400.0 -312.4972839355469
v 900.0 -400.0 -312.49725341796875
v 900.0 -395.0 -307.4972839355469
v 675.0 -395.0 -307.4972839355469
v 639.2824096679688 -400.0 -312.4972839355469
v 639.2824096679688 -395.0 -307.4972839355469
v 639.4232177734375 -400.0000305175781 -61.19049072265625
v 639.2824096679688 -400.0 -312.4972839355469
v 639.2824096679688 -395.0 -307.4972839355469
v 639.3997802734375 -395.0000305175781 -115.61998748779297
v 639.4232177734375 -395.0000305175781 -61.19049072265625
v 629.334716796875 -399.9999694824219 -16.284639358520508
v 629.334716796875 -394.9999694824219 -16.284639358520508
v 594.6624145507812 -399.9999694824219 24.621334075927734
v 594.6624145507812 -394.9999694824219 24.621334075927734
v 547.4309692382812 -399.9999694824219 54.8528938293457
v 547.4309692382812 -394.9999694824219 54.8528938293457
v 490.9226379394531 -399.9999694824219 76.1670150756836
v 490.9226379394531 -394.9999694824219 76.1670150756836
v 459.1412048339844 -399.9999694824219 83.6273422241211
v 459.1412048339844 -394.9999694824219 83.6273422241211
v 229.4315948486328 -399.9999694824219 124.52428436279297
v 229.4315948486328 -394.9999694824219 124.52428436279297
v 5.464152309286874e-06 -400.0 137.49740600585938
v 5.2455952754826285e-06 -395.0 137.49740600585938
v -229.4315948486328 -400.0 124.65694427490234
v -229.4315948486328 -395.0 124.65694427490234
v -459.1411437988281 -400.0 83.9068603515625
v -459.1411437988281 -395.0 83.9068603515625
v -492.1136474609375 -400.00006103515625 76.16686248779297
v -492.1136474609375 -395.00006103515625 76.16686248779297
v -548.6219482421875 -400.0000305175781 54.85271072387695
v -548.6219482421875 -395.0000305175781 54.85271072387695
v -595.853515625 -400.0000915527344 24.621227264404297
v -595.853515625 -395.0000915527344 24.621227264404297
v -630.534423828125 -400.0000305175781 -16.295278549194336
v -630.534423828125 -395.0000305175781 -16.295278549194336
v -640.593017578125 -400.0000915527344 -61.20283889770508
v -640.593017578125 -395.0000915527344 -61.20283889770508
v -640.4657592773438 -400.00006103515625 -312.4974060058594
v -640.5718383789062 -395.00006103515625 -115.62010192871094
v -640.4657592773438 -395.00006103515625 -307.4974060058594
v -675.0 -400.00006103515625 -312.4974060058594
v -640.4657592773438 -400.00006103515625 -312.4974060058594
v -640.4657592773438 -395.00006103515625 -307.4974060058594
v -675.0 -395.00006103515625 -307.4974060058594
v -900.0 -400.00006103515625 -312.4974060058594
v -900.0 -395.00006103515625 -307.4974060058594
v -675.0 400.00775146484375 -312.4974670410156
v -900.0 400.00775146484375 -312.4974670410156
v -900.0 395.00775146484375 -307.4974670410156
v -675.0 395.00775146484375 -307.4974670410156
v -640.4657592773438 400.00775146484375 -312.4974670410156
v -640.4657592773438 395.00775146484375 -307.4974670410156
v -640.5930786132812 400.0077819824219 -61.202880859375
v -640.4657592773438 400.00775146484375 -312.4974670410156
v -640.4657592773438 395.00775146484375 -307.4974670410156
v -640.5718994140625 395.0077819824219 -115.62017822265625
v -640.5930786132812 395.0077819824219 -61.202880859375
v -630.534423828125 400.0077819824219 -16.29537582397461
v -630.534423828125 395.0077819824219 -16.29537582397461
v -595.8536376953125 400.0077819824219 24.621129989624023
v -595.8536376953125 395.0077819824219 24.621129989624023
v -548.6218872070312 400.0077819824219 54.8526725769043
v -548.6218872070312 395.0077819824219 54.8526725769043
v -492.11376953125 400.0078125 76.16678619384766
v -492.11376953125 395.0078430175781 76.16678619384766
v -459.1412048339844 400.0078125 83.9068374633789
v -459.1412048339844 395.0078125 83.9068374633789
v -229.43162536621094 400.0078125 124.65692901611328
v -229.43162536621094 395.0078125 124.65692901611328
v -2.950529960799031e-05 400.0078125 137.49734497070312
v -2.9286744393175468e-05 395.0078125 137.49734497070312
v 229.4315948486328 400.0078430175781 124.5241470336914
v 229.4315948486328 395.0078430175781 124.5241470336914
v 459.1411437988281 400.0078430175781 83.62726593017578
v 459.1411437988281 395.0078430175781 83.62726593017578
v 490.9225769042969 400.0078125 76.16693878173828
v 490.9225769042969 395.0078125 76.16693878173828
v 547.4309692382812 400.0078430175781 54.85282516479492
v 547.4309692382812 395.0078430175781 54.85282516479492
v 594.6624145507812 400.0078430175781 24.621265411376953
v 594.6624145507812 395.0078430175781 24.621265411376953
v 629.334716796875 400.0078430175781 -16.284740447998047
v 629.334716796875 395.0078430175781 -16.284740447998047
v 639.4232177734375 400.0078430175781 -61.19055938720703
v 639.4232177734375 395.00787353515625 -61.19055938720703
v 639.2824096679688 400.0078125 -312.4973449707031
v 639.3997802734375 395.00787353515625 -115.62006378173828
v 639.2824096679688 395.0078125 -307.4973449707031
v 675.0 400.0078125 -312.4973449707031
v 639.2824096679688 400.0078125 -312.4973449707031
v 639.2824096679688 395.0078125 -307.4973449707031
v 675.0 395.0078125 -307.4973449707031
v 900.0 400.0078125 -312.497314453125
v 900.0 395.0078125 -307.4973449707031
v 599.4213256835938 355.00787353515625 -65.62006378173828
v 599.4213256835938 400.0078430175781 -65.62004089355469
v 592.4629516601562 400.0078430175781 -34.64692306518555
v 592.4629516601562 355.0078430175781 -34.646949768066406
v 568.03564453125 400.0078430175781 -5.827866077423096
v 568.03564453125 355.0078430175781 -5.82786226272583
v 529.3950805664062 400.0078430175781 18.904918670654297
v 529.3950805664062 355.0078430175781 18.904922485351562
v 479.2443542480469 400.0078125 37.820987701416016
v 479.2443542480469 355.0078125 37.82099151611328
v 449.9999694824219 400.0078430175781 44.685794830322266
v 449.9999694824219 355.0078430175781 44.68579864501953
v 224.99998474121094 355.0078430175781 84.77043914794922
v 224.99998474121094 400.0078430175781 84.77043151855469
v -2.404137558187358e-05 355.0078125 97.49734497070312
v -2.600838888611179e-05 400.0078125 97.4973373413086
v -225.00001525878906 355.0078125 84.90314483642578
v -225.00001525878906 400.0078125 84.90313720703125
v -450.0000915527344 355.0077819824219 44.96538543701172
v -450.0000305175781 400.0077819824219 44.96538162231445
v -480.4354553222656 400.0077819824219 37.82087326049805
v -480.4354553222656 355.0078125 37.82087707519531
v -530.5860595703125 400.0077819824219 18.904733657836914
v -530.5860595703125 355.0077819824219 18.90473747253418
v -569.226806640625 400.0077819824219 -5.827965259552002
v -569.226806640625 355.0077819824219 -5.827961444854736
v -593.65380859375 400.0077819824219 -34.64706039428711
v -593.65380859375 355.0077819824219 -34.647056579589844
v -600.5913696289062 400.0077819824219 -65.62020111083984
v -600.5913696289062 355.0077819824219 -65.62019348144531
v -1574.8631591796875 -395.0000915527344 -115.62019348144531
v -1349.2413330078125 -395.00006103515625 -115.62017059326172
v 1349.2413330078125 -394.99993896484375 -115.61992645263672
v 1574.8631591796875 -394.99993896484375 -115.61991119384766
v 1574.8631591796875 395.00787353515625 -115.61998748779297
v 1349.2413330078125 395.00787353515625 -115.62000274658203
v 490.9225769042969 395.0078125 76.16693878173828
v 639.4232177734375 395.00787353515625 -61.19055938720703
v 629.334716796875 395.0078430175781 -16.284740447998047
v 594.6624145507812 395.0078430175781 24.621265411376953
v 547.4309692382812 395.0078430175781 54.85282516479492
v -640.4657592773438 395.00775146484375 -307.4974670410156
v -1349.2413330078125 395.00775146484375 -115.62024688720703
v -1574.8631591796875 395.0077209472656 -115.62026977539062
v -640.4657592773438 -395.00006103515625 -307.4974060058594
v 639.2824096679688 -395.0 -307.4972839355469
v -1574.87548828125 -435.00006103515625 142.47865295410156
v -1349.30615234375 -435.00006103515625 145.28573608398438
v -1350.0 -435.0000305175781 155.29727172851562
v -1575.0 -435.00006103515625 152.49725341796875
v -1123.56396484375 -435.0000305175781 158.15313720703125
v -1125.0 -435.0000305175781 168.122314453125
v -898.14794921875 -435.0000305175781 177.76429748535156
v -900.0 -435.0000305175781 187.6973419189453
v -673.0888061523438 -435.0 200.04513549804688
v -675.0 -435.0 209.97230529785156
v -448.3854064941406 -435.0 220.942626953125
v -449.9999694824219 -435.0 230.89739990234375
v -224.04132080078125 -435.0 236.42236328125
v -225.0 -435.0 246.42237854003906
v -2.183074684580788e-06 -434.9999694824219 242.47146606445312
v -3.0595692805945873e-06 -434.9999694824219 252.4973907470703
v 224.04129028320312 -434.9999694824219 236.42242431640625
v 224.99996948242188 -434.9999694824219 246.4224090576172
v 448.3854064941406 -434.9999694824219 220.94268798828125
v 450.0000305175781 -434.9999694824219 230.89747619628906
v 673.0888061523438 -434.99993896484375 200.04525756835938
v 675.0 -434.99993896484375 209.97244262695312
v 898.14794921875 -434.99993896484375 177.7644500732422
v 900.0 -434.99993896484375 187.69749450683594
v 1123.56396484375 -434.99993896484375 158.1533203125
v 1125.0 -434.99993896484375 168.12249755859375
v 1349.30615234375 -434.99993896484375 145.2859649658203
v 1350.0 -434.99993896484375 155.29751586914062
v 1574.87548828125 -434.9999084472656 142.4789276123047
v 1575.0 -434.9999084472656 152.49755859375
v -1574.87548828125 -405.0000915527344 137.4786376953125
v -1574.7510986328125 -405.0000915527344 129.499755859375
v -1348.6123046875 -405.0000915527344 132.31393432617188
v -1349.30615234375 -405.0000915527344 140.28573608398438
v -1122.1278076171875 -405.00006103515625 145.2236328125
v -1123.56396484375 -405.00006103515625 153.15313720703125
v -896.2960205078125 -405.00006103515625 164.8709716796875
v -898.14794921875 -405.00006103515625 172.7642822265625
v -671.1776123046875 -405.0000305175781 187.15768432617188
v -673.0888061523438 -405.0000305175781 195.04513549804688
v -446.7707824707031 -405.0000305175781 208.027587890625
v -448.3854064941406 -405.0000305175781 215.94261169433594
v -223.0826416015625 -405.0000305175781 223.46205139160156
v -224.04132080078125 -405.0000305175781 231.42236328125
v -2.359129211981781e-06 -405.0 229.48532104492188
v -3.0573010008083656e-06 -405.0 237.47146606445312
v 223.08261108398438 -405.0 223.4620819091797
v 224.04129028320312 -405.0 231.42242431640625
v 446.7708435058594 -405.0 208.02764892578125
v 448.3854064941406 -405.0 215.94268798828125
v 671.1775512695312 -405.0 187.15780639648438
v 673.0888061523438 -404.9999694824219 195.04525756835938
v 896.2960205078125 -404.9999694824219 164.87115478515625
v 898.14794921875 -404.9999694824219 172.76446533203125
v 1122.1278076171875 -404.9999694824219 145.22381591796875
v 1123.56396484375 -404.9999694824219 153.1533203125
v 1348.6123046875 -404.9999694824219 132.31417846679688
v 1349.30615234375 -404.9999694824219 140.28598022460938
v 1574.7510986328125 -404.99993896484375 129.50006103515625
v 1574.87548828125 -404.99993896484375 137.4789276123047
v 1348.6123046875 -404.9999694824219 132.31417846679688
v 1348.6123046875 -394.99993896484375 125.30033111572266
v 1574.7510986328125 -394.9999084472656 122.48619842529297
v 1574.7510986328125 -404.99993896484375 129.50006103515625
v 1122.1278076171875 -404.9999694824219 145.22381591796875
v 1122.1278076171875 -394.99993896484375 138.2099609375
v 896.2960205078125 -404.9999694824219 164.87115478515625
v 896.2960205078125 -394.99993896484375 157.85728454589844
v 671.1775512695312 -405.0 187.15780639648438
v 671.1775512695312 -394.9999694824219 180.14395141601562
v 446.7708435058594 -405.0 208.02764892578125
v 446.7708435058594 -394.9999694824219 201.01380920410156
v 223.08261108398438 -405.0 223.4620819091797
v 223.08261108398438 -394.9999694824219 216.44822692871094
v -2.359129211981781e-06 -405.0 229.48532104492188
v -2.1830728655913845e-06 -394.9999694824219 222.47146606445312
v -223.0826416015625 -405.0000305175781 223.46205139160156
v -223.0826416015625 -395.0 216.44818115234375
v -446.7707824707031 -405.0000305175781 208.027587890625
v -446.7707824707031 -395.0 201.0137176513672
v -671.1776123046875 -405.0000305175781 187.15768432617188
v -671.1776123046875 -395.0 180.14382934570312
v -896.2960205078125 -405.00006103515625 164.8709716796875
v -896.2960205078125 -395.0000305175781 157.85711669921875
v -1122.1278076171875 -405.00006103515625 145.2236328125
v -1122.1278076171875 -395.0000305175781 138.2097625732422
v -1348.6123046875 -405.0000915527344 132.31393432617188
v -1348.6123046875 -395.00006103515625 125.30008697509766
v -1574.7510986328125 -405.0000915527344 129.499755859375
v -1574.7510986328125 -395.00006103515625 122.48591613769531
v -1350.0 -435.0000305175781 155.29727172851562
v -1350.0 -370.0000305175781 155.29727172851562
v -1575.0 -370.00006103515625 152.49725341796875
v -1575.0 -435.00006103515625 152.49725341796875
v -1125.0 -435.0000305175781 168.122314453125
v -1125.0 -370.0000305175781 168.122314453125
v -900.0 -435.0000305175781 187.6973419189453
v -900.0 -370.0000305175781 187.6973419189453
v -675.0 -435.0 209.97230529785156
v -675.0 -370.0 209.97230529785156
v -449.9999694824219 -435.0 230.89739990234375
v -449.9999694824219 -370.0 230.89739990234375
v -225.0 -435.0 246.42237854003906
v -225.0 -370.0 246.42237854003906
v -3.0595692805945873e-06 -434.9999694824219 252.4973907470703
v -5.900808901060373e-06 -369.9999694824219 252.4973907470703
v 224.99996948242188 -434.9999694824219 246.4224090576172
v 224.99996948242188 -369.9999694824219 246.4224090576172
v 450.0000305175781 -434.9999694824219 230.89747619628906
v 450.0000305175781 -369.9999694824219 230.89747619628906
v 675.0 -434.99993896484375 209.97244262695312
v 675.0 -369.99993896484375 209.97244262695312
v 900.0 -434.99993896484375 187.69749450683594
v 900.0 -369.99993896484375 187.69749450683594
v 1125.0 -434.99993896484375 168.12249755859375
v 1125.0 -369.99993896484375 168.12249755859375
v 1350.0 -434.99993896484375 155.29751586914062
v 1350.0 -369.99993896484375 155.29751586914062
v 1575.0 -434.9999084472656 152.49755859375
v 1575.0 -369.9999084472656 152.49755859375
v 1349.30615234375 -434.99993896484375 145.2859649658203
v 1349.30615234375 -404.9999694824219 140.28598022460938
v 1574.87548828125 -404.99993896484375 137.4789276123047
v 1574.87548828125 -434.9999084472656 142.4789276123047
v 1123.56396484375 -434.99993896484375 158.1533203125
v 1123.56396484375 -404.9999694824219 153.1533203125
v 898.14794921875 -434.99993896484375 177.7644500732422
v 898.14794921875 -404.9999694824219 172.76446533203125
v 673.0888061523438 -434.99993896484375 200.04525756835938
v 673.0888061523438 -404.9999694824219 195.04525756835938
v 448.3854064941406 -434.9999694824219 220.94268798828125
v 448.3854064941406 -405.0 215.94268798828125
v 224.04129028320312 -434.9999694824219 236.42242431640625
v 224.04129028320312 -405.0 231.42242431640625
v -2.183074684580788e-06 -434.9999694824219 242.47146606445312
v -3.0573010008083656e-06 -405.0 237.47146606445312
v -224.04132080078125 -435.0 236.42236328125
v -224.04132080078125 -405.0000305175781 231.42236328125
v -448.3854064941406 -435.0 220.942626953125
v -448.3854064941406 -405.0000305175781 215.94261169433594
v -673.0888061523438 -435.0 200.04513549804688
v -673.0888061523438 -405.0000305175781 195.04513549804688
v -898.14794921875 -435.0000305175781 177.76429748535156
v -898.14794921875 -405.00006103515625 172.7642822265625
v -1123.56396484375 -435.0000305175781 158.15313720703125
v -1123.56396484375 -405.00006103515625 153.15313720703125
v -1349.30615234375 -435.00006103515625 145.28573608398438
v -1349.30615234375 -405.0000915527344 140.28573608398438
v -1574.87548828125 -435.00006103515625 142.47865295410156
v -1574.87548828125 -405.0000915527344 137.4786376953125
v -1350.0 -370.0000305175781 155.29727172851562
v -1350.0 -370.00006103515625 125.28598022460938
v -1575.0 -370.00006103515625 122.4859848022461
v -1575.0 -370.00006103515625 152.49725341796875
v -1125.0 -370.0000305175781 168.122314453125
v -1125.0 -370.0000305175781 138.11102294921875
v -900.0 -370.0000305175781 187.6973419189453
v -900.0 -370.0000305175781 157.68603515625
v -675.0 -370.0 209.97230529785156
v -675.0 -370.0 179.96102905273438
v -449.9999694824219 -370.0 230.89739990234375
v -449.9999694824219 -370.0 200.88609313964844
v -225.0 -370.0 246.42237854003906
v -225.0 -370.0 216.4110870361328
v -5.900808901060373e-06 -369.9999694824219 252.4973907470703
v -3.2771386031527072e-06 -369.9999694824219 222.48611450195312
v 224.99996948242188 -369.9999694824219 246.4224090576172
v 225.0 -369.9999694824219 216.4111328125
v 450.0000305175781 -369.9999694824219 230.89747619628906
v 450.0000305175781 -369.9999694824219 200.88616943359375
v 675.0 -369.99993896484375 209.97244262695312
v 675.0 -369.9999694824219 179.96115112304688
v 900.0 -369.99993896484375 187.69749450683594
v 900.0 -369.99993896484375 157.68621826171875
v 1125.0 -369.99993896484375 168.12249755859375
v 1125.0 -369.99993896484375 138.1112060546875
v 1350.0 -369.99993896484375 155.29751586914062
v 1350.0 -369.99993896484375 125.28621673583984
v 1575.0 -369.9999084472656 152.49755859375
v 1575.0 -369.9999084472656 122.48625183105469
v -1574.87548828125 435.00775146484375 142.4785919189453
v -1575.0 435.00775146484375 152.4971923828125
v -1350.0 435.0077819824219 155.29721069335938
v -1349.30615234375 435.00775146484375 145.28567504882812
v -1125.0 435.0077819824219 168.12225341796875
v -1123.56396484375 435.0077819824219 158.153076171875
v -900.0 435.0077819824219 187.69728088378906
v -898.14794921875 435.0077819824219 177.7642364501953
v -675.0 435.0078125 209.9722442626953
v -673.0888061523438 435.0078125 200.04507446289062
v -450.0000305175781 435.0078125 230.8973388671875
v -448.3854675292969 435.0078125 220.94256591796875
v -225.00003051757812 435.0078125 246.4223175048828
v -224.04135131835938 435.0078125 236.42230224609375
v -4.10888169426471e-05 435.0078430175781 252.49732971191406
v -4.02123223466333e-05 435.0078430175781 242.47140502929688
v 224.99993896484375 435.0078430175781 246.42234802246094
v 224.041259765625 435.0078430175781 236.42236328125
v 449.9999694824219 435.0078430175781 230.8974151611328
v 448.3853454589844 435.0078430175781 220.942626953125
v 675.0 435.00787353515625 209.97238159179688
v 673.0888061523438 435.00787353515625 200.04519653320312
v 900.0 435.00787353515625 187.6974334716797
v 898.14794921875 435.00787353515625 177.76438903808594
v 1125.0 435.00787353515625 168.1224365234375
v 1123.56396484375 435.00787353515625 158.15325927734375
v 1350.0 435.00787353515625 155.29745483398438
v 1349.30615234375 435.00787353515625 145.28590393066406
v 1575.0 435.0079040527344 152.49749755859375
v 1574.87548828125 435.0079040527344 142.47886657714844
v -1574.87548828125 405.0077209472656 137.47857666015625
v -1349.30615234375 405.0077209472656 140.28567504882812
v -1348.6123046875 405.0077209472656 132.31387329101562
v -1574.7510986328125 405.0077209472656 129.49969482421875
v -1123.56396484375 405.00775146484375 153.153076171875
v -1122.1278076171875 405.00775146484375 145.22357177734375
v -898.14794921875 405.00775146484375 172.76422119140625
v -896.2960205078125 405.00775146484375 164.87091064453125
v -673.0888061523438 405.0077819824219 195.04507446289062
v -671.1776123046875 405.0077819824219 187.15762329101562
v -448.3854675292969 405.0077819824219 215.9425506591797
v -446.7708435058594 405.0077819824219 208.02752685546875
v -224.04135131835938 405.0077819824219 231.42230224609375
v -223.08267211914062 405.0077819824219 223.4619903564453
v -3.846386607619934e-05 405.0078125 237.47140502929688
v -3.776569428737275e-05 405.0078125 229.48526000976562
v 224.041259765625 405.0078125 231.42236328125
v 223.08258056640625 405.0078125 223.46202087402344
v 448.3853454589844 405.0078125 215.942626953125
v 446.7707824707031 405.0078125 208.027587890625
v 673.0888061523438 405.0078430175781 195.04519653320312
v 671.1775512695312 405.0078125 187.15774536132812
v 898.14794921875 405.0078430175781 172.764404296875
v 896.2960205078125 405.0078430175781 164.87109375
v 1123.56396484375 405.0078430175781 153.15325927734375
v 1122.1278076171875 405.0078430175781 145.2237548828125
v 1349.30615234375 405.0078430175781 140.28591918945312
v 1348.6123046875 405.0078430175781 132.31411743164062
v 1574.87548828125 405.00787353515625 137.47886657714844
v 1574.7510986328125 405.00787353515625 129.5
v 1348.6123046875 405.0078430175781 132.31411743164062
v 1574.7510986328125 405.00787353515625 129.5
v 1574.7510986328125 395.0079040527344 122.48612213134766
v 1348.6123046875 395.00787353515625 125.30025482177734
v 1122.1278076171875 405.0078430175781 145.2237548828125
v 1122.1278076171875 395.00787353515625 138.20989990234375
v 896.2960205078125 405.0078430175781 164.87109375
v 896.2960205078125 395.00787353515625 157.8572235107422
v 671.1775512695312 405.0078125 187.15774536132812
v 671.1775512695312 395.0078430175781 180.14389038085938
v 446.7707824707031 405.0078125 208.027587890625
v 446.7707824707031 395.0078430175781 201.0137481689453
v 223.08258056640625 405.0078125 223.46202087402344
v 223.08258056640625 395.0078430175781 216.4481658935547
v -3.776569428737275e-05 405.0078125 229.48526000976562
v -3.671541344374418e-05 395.0078430175781 222.47140502929688
v -223.08267211914062 405.0077819824219 223.4619903564453
v -223.08267211914062 395.0078125 216.4481201171875
v -446.7708435058594 405.0077819824219 208.02752685546875
v -446.7708435058594 395.0078125 201.01365661621094
v -671.1776123046875 405.0077819824219 187.15762329101562
v -671.1776123046875 395.0078125 180.14376831054688
v -896.2960205078125 405.00775146484375 164.87091064453125
v -896.2960205078125 395.0077819824219 157.8570556640625
v -1122.1278076171875 405.00775146484375 145.22357177734375
v -1122.1278076171875 395.0077819824219 138.20970153808594
v -1348.6123046875 405.0077209472656 132.31387329101562
v -1348.6123046875 395.00775146484375 125.30001068115234
v -1574.7510986328125 405.0077209472656 129.49969482421875
v -1574.7510986328125 395.00775146484375 122.48583984375
v -1350.0 435.0077819824219 155.29721069335938
v -1575.0 435.00775146484375 152.4971923828125
v -1575.0 370.00775146484375 152.4971923828125
v -1350.0 370.0077819824219 155.29721069335938
v -1125.0 435.0077819824219 168.12225341796875
v -1125.0 370.0077819824219 168.12225341796875
v -900.0 435.0077819824219 187.69728088378906
v -900.0 370.0077819824219 187.69728088378906
v -675.0 435.0078125 209.9722442626953
v -675.0 370.0078125 209.9722442626953
v -450.0000305175781 435.0078125 230.8973388671875
v -450.0000305175781 370.0078125 230.8973388671875
v -225.00003051757812 435.0078125 246.4223175048828
v -225.00003051757812 370.0078125 246.4223175048828
v -4.10888169426471e-05 435.0078430175781 252.49732971191406
v -3.8247577322181314e-05 370.0078430175781 252.49732971191406
v 224.99993896484375 435.0078430175781 246.42234802246094
v 224.99993896484375 370.0078430175781 246.42234802246094
v 449.9999694824219 435.0078430175781 230.8974151611328
v 449.9999694824219 370.0078430175781 230.8974151611328
v 675.0 435.00787353515625 209.97238159179688
v 675.0 370.00787353515625 209.97238159179688
v 900.0 435.00787353515625 187.6974334716797
v 900.0 370.00787353515625 187.6974334716797
v 1125.0 435.00787353515625 168.1224365234375
v 1125.0 370.00787353515625 168.1224365234375
v 1350.0 435.00787353515625 155.29745483398438
v 1350.0 370.00787353515625 155.29745483398438
v 1575.0 435.0079040527344 152.49749755859375
v 1575.0 370.0079040527344 152.49749755859375
v 1349.30615234375 435.00787353515625 145.28590393066406
v 1574.87548828125 435.0079040527344 142.47886657714844
v 1574.87548828125 405.00787353515625 137.47886657714844
v 1349.30615234375 405.0078430175781 140.28591918945312
v 1123.56396484375 435.00787353515625 158.15325927734375
v 1123.56396484375 405.0078430175781 153.15325927734375
v 898.14794921875 435.00787353515625 177.76438903808594
v 898.14794921875 405.0078430175781 172.764404296875
v 673.0888061523438 435.00787353515625 200.04519653320312
v 673.0888061523438 405.0078430175781 195.04519653320312
v 448.3853454589844 435.0078430175781 220.942626953125
v 448.3853454589844 405.0078125 215.942626953125
v 224.041259765625 435.0078430175781 236.42236328125
v 224.041259765625 405.0078125 231.42236328125
v -4.02123223466333e-05 435.0078430175781 242.47140502929688
v -3.846386607619934e-05 405.0078125 237.47140502929688
v -224.04135131835938 435.0078125 236.42230224609375
v -224.04135131835938 405.0077819824219 231.42230224609375
v -448.3854675292969 435.0078125 220.94256591796875
v -448.3854675292969 405.0077819824219 215.9425506591797
v -673.0888061523438 435.0078125 200.04507446289062
v -673.0888061523438 405.0077819824219 195.04507446289062
v -898.14794921875 435.0077819824219 177.7642364501953
v -898.14794921875 405.00775146484375 172.76422119140625
v -1123.56396484375 435.0077819824219 158.153076171875
v -1123.56396484375 405.00775146484375 153.153076171875
v -1349.30615234375 435.00775146484375 145.28567504882812
v -1349.30615234375 405.0077209472656 140.28567504882812
v -1574.87548828125 435.00775146484375 142.4785919189453
v -1574.87548828125 405.0077209472656 137.47857666015625
v -1350.0 370.0077819824219 155.29721069335938
v -1575.0 370.00775146484375 152.4971923828125
v -1575.0 370.00775146484375 122.48592376708984
v -1350.0 370.00775146484375 125.28591918945312
v -1125.0 370.0077819824219 168.12225341796875
v -1125.0 370.0077819824219 138.1109619140625
v -900.0 370.0077819824219 187.69728088378906
v -900.0 370.0077819824219 157.68597412109375
v -675.0 370.0078125 209.9722442626953
v -675.0 370.0078125 179.96096801757812
v -450.0000305175781 370.0078125 230.8973388671875
v -450.0000305175781 370.0078125 200.8860321044922
v -225.00003051757812 370.0078125 246.4223175048828
v -225.00003051757812 370.0078125 216.41102600097656
v -3.8247577322181314e-05 370.0078430175781 252.49732971191406
v -3.562390702427365e-05 370.0078430175781 222.48605346679688
v 224.99993896484375 370.0078430175781 246.42234802246094
v 224.99996948242188 370.0078430175781 216.41107177734375
v 449.9999694824219 370.0078430175781 230.8974151611328
v 449.9999694824219 370.0078430175781 200.8861083984375
v 675.0 370.00787353515625 209.97238159179688
v 675.0 370.0078430175781 179.96109008789062
v 900.0 370.00787353515625 187.6974334716797
v 900.0 370.00787353515625 157.6861572265625
v 1125.0 370.00787353515625 168.1224365234375
v 1125.0 370.00787353515625 138.11114501953125
v 1350.0 370.00787353515625 155.29745483398438
v 1350.0 370.00787353515625 125.2861557006836
v 1575.0 370.0079040527344 152.49749755859375
v 1575.0 370.0079040527344 122.48619079589844
v -670.0 -395.00006103515625 -312.4974060058594
v -670.0 -450.00006103515625 -312.4974060058594
v -670.0 -450.00006103515625 -352.4974060058594
v -670.0 -395.00006103515625 -352.4974060058594
v -770.0 -450.00006103515625 -312.4974060058594
v -770.0 -395.00006103515625 -312.4974060058594
v -770.0 -395.00006103515625 -352.4974060058594
v -770.0 -450.00006103515625 -352.4974060058594
v -670.0 -450.00006103515625 -312.4974060058594
v -770.0 -450.00006103515625 -312.4974060058594
v -770.0 -450.00006103515625 -352.4974060058594
v -670.0 -450.00006103515625 -352.4974060058594
v -675.0 -395.00006103515625 -307.4974060058594
v -675.0 -445.0000305175781 -307.4974060058594
v -670.0 -450.00006103515625 -312.4974060058594
v -670.0 -395.00006103515625 -312.4974060058594
v -764.9999389648438 -445.0000305175781 -307.4974060058594
v -764.9999389648438 -395.00006103515625 -307.4974060058594
v -770.0 -395.00006103515625 -312.4974060058594
v -770.0 -450.00006103515625 -312.4974060058594
v -675.0 -445.0000305175781 -307.4974060058594
v -764.9999389648438 -445.0000305175781 -307.4974060058594
v -770.0 -450.00006103515625 -312.4974060058594
v -670.0 -450.00006103515625 -312.4974060058594
v -675.0 -445.0 -40.62013626098633
v -765.0 -445.0 -40.620147705078125
v -764.9999389648438 -445.0000305175781 -307.4974060058594
v -675.0 -445.0000305175781 -307.4974060058594
v -675.0 -395.0 195.93875122070312
v -675.0 -419.9999694824219 195.93875122070312
v -675.0 -420.0000915527344 -8.266074180603027
v -675.0 -445.0000305175781 -307.4974060058594
v -675.0 -395.00006103515625 -307.4974060058594
v -675.0 -395.0000305175781 -19.06121063232422
v -675.0 -445.0 -40.62013626098633
v -675.0 -420.0 -16.56121063232422
v -764.9999389648438 -395.00006103515625 -307.4974060058594
v -764.9999389648438 -445.0000305175781 -307.4974060058594
v -765.0 -445.0 -40.620147705078125
v -765.0 -420.0 195.93873596191406
v -765.0 -395.0000305175781 195.93873596191406
v -765.0 -395.0000305175781 -19.061222076416016
v -765.0 -420.0000915527344 -8.266081809997559
v -765.0 -420.0 -16.56121826171875
v -670.0035400390625 -451.0777282714844 -41.36968231201172
v -769.9964599609375 -451.0776672363281 -41.369686126708984
v -769.9964599609375 -446.6725769042969 -43.735042572021484
v -670.0035400390625 -446.672607421875 -43.73503875732422
v -670.0 -420.0002136230469 -8.266074180603027
v -670.0035400390625 -451.0777282714844 -41.36968231201172
v -670.0035400390625 -446.672607421875 -43.73503875732422
v -670.0 -420.0 -16.56121063232422
v -769.9964599609375 -451.0776672363281 -41.369686126708984
v -770.0 -420.0001525878906 -8.266082763671875
v -770.0 -420.0 -16.56121826171875
v -769.9964599609375 -446.6725769042969 -43.735042572021484
v -670.0035400390625 -446.672607421875 -43.73503875732422
v -769.9964599609375 -446.6725769042969 -43.735042572021484
v -765.0 -445.0 -40.620147705078125
v -675.0 -445.0 -40.62013626098633
v -670.0 -420.0 -16.56121063232422
v -675.0 -420.0 -16.56121063232422
v -670.0 -420.0002136230469 -8.266074180603027
v -675.0 -420.0000915527344 -8.266074180603027
v -670.0035400390625 -451.0777282714844 -41.36968231201172
v -670.0 -420.0002136230469 -8.266074180603027
v -675.0 -420.0000915527344 -8.266074180603027
v -765.0 -420.0000915527344 -8.266081809997559
v -770.0 -420.0001525878906 -8.266082763671875
v -769.9964599609375 -451.0776672363281 -41.369686126708984
v -770.0 -420.0 -16.56121826171875
v -770.0 -420.0001525878906 -8.266082763671875
v -765.0 -420.0000915527344 -8.266081809997559
v -765.0 -420.0 -16.56121826171875
v -675.0 -420.0000915527344 -8.266074180603027
v -675.0 -419.9999694824219 195.93875122070312
v -765.0 -420.0 195.93873596191406
v -765.0 -420.0000915527344 -8.266081809997559
v 770.0 -395.0 -312.49725341796875
v 770.0 -450.0 -312.49725341796875
v 770.0 -450.0 -352.4972839355469
v 770.0 -395.0 -352.4972839355469
v 670.0 -450.0 -312.4972839355469
v 670.0 -395.0 -312.4972839355469
v 670.0 -395.0 -352.4972839355469
v 670.0 -450.0 -352.4972839355469
v 770.0 -450.0 -312.49725341796875
v 670.0 -450.0 -312.4972839355469
v 670.0 -450.0 -352.4972839355469
v 770.0 -450.0 -352.4972839355469
v 765.0 -395.0 -307.4972839355469
v 765.0 -444.9999694824219 -307.4972839355469
v 770.0 -450.0 -312.49725341796875
v 770.0 -395.0 -312.49725341796875
v 675.0 -444.9999694824219 -307.4972839355469
v 675.0 -395.0 -307.4972839355469
v 670.0 -395.0 -312.4972839355469
v 670.0 -450.0 -312.4972839355469
v 765.0 -444.9999694824219 -307.4972839355469
v 675.0 -444.9999694824219 -307.4972839355469
v 670.0 -450.0 -312.4972839355469
v 770.0 -450.0 -312.49725341796875
v 765.0 -444.99993896484375 -40.62001037597656
v 675.0 -444.99993896484375 -40.620018005371094
v 675.0 -444.9999694824219 -307.4972839355469
v 765.0 -444.9999694824219 -307.4972839355469
v 765.0 -394.99993896484375 195.93887329101562
v 765.0 -419.9999084472656 195.93887329101562
v 765.0 -420.0000305175781 -8.265948295593262
v 765.0 -444.9999694824219 -307.4972839355469
v 765.0 -395.0 -307.4972839355469
v 765.0 -394.9999694824219 -19.061084747314453
v 765.0 -444.99993896484375 -40.62001037597656
v 765.0 -419.99993896484375 -16.56108283996582
v 675.0 -395.0 -307.4972839355469
v 675.0 -444.9999694824219 -307.4972839355469
v 675.0 -444.99993896484375 -40.620018005371094
v 675.0 -419.9999084472656 195.93887329101562
v 675.0 -394.99993896484375 195.93887329101562
v 675.0 -394.9999694824219 -19.06109619140625
v 675.0 -420.0000305175781 -8.265955924987793
v 675.0 -419.99993896484375 -16.561092376708984
v 769.9964599609375 -451.0776672363281 -41.36955261230469
v 670.0035400390625 -451.0776062011719 -41.36956024169922
v 670.0035400390625 -446.6725158691406 -43.73491668701172
v 769.9964599609375 -446.67254638671875 -43.73490905761719
v 770.0 -420.0001525878906 -8.265947341918945
v 769.9964599609375 -451.0776672363281 -41.36955261230469
v 769.9964599609375 -446.67254638671875 -43.73490905761719
v 770.0 -419.99993896484375 -16.56108283996582
v 670.0035400390625 -451.0776062011719 -41.36956024169922
v 670.0 -420.0000915527344 -8.265955924987793
v 670.0 -419.99993896484375 -16.561092376708984
v 670.0035400390625 -446.6725158691406 -43.73491668701172
v 769.9964599609375 -446.67254638671875 -43.73490905761719
v 670.0035400390625 -446.6725158691406 -43.73491668701172
v 675.0 -444.99993896484375 -40.620018005371094
v 765.0 -444.99993896484375 -40.62001037597656
v 770.0 -419.99993896484375 -16.56108283996582
v 765.0 -419.99993896484375 -16.56108283996582
v 770.0 -420.0001525878906 -8.265947341918945
v 765.0 -420.0000305175781 -8.265948295593262
v 769.9964599609375 -451.0776672363281 -41.36955261230469
v 770.0 -420.0001525878906 -8.265947341918945
v 765.0 -420.0000305175781 -8.265948295593262
v 675.0 -420.0000305175781 -8.265955924987793
v 670.0 -420.0000915527344 -8.265955924987793
v 670.0035400390625 -451.0776062011719 -41.36956024169922
v 670.0 -419.99993896484375 -16.561092376708984
v 670.0 -420.0000915527344 -8.265955924987793
v 675.0 -420.0000305175781 -8.265955924987793
v 675.0 -419.99993896484375 -16.561092376708984
v 765.0 -420.0000305175781 -8.265948295593262
v 765.0 -419.9999084472656 195.93887329101562
v 675.0 -419.9999084472656 195.93887329101562
v 675.0 -420.0000305175781 -8.265955924987793
v 670.0 395.0078125 -312.4973449707031
v 670.0 450.0078125 -312.4973449707031
v 670.0 450.0078125 -352.4973449707031
v 670.0 395.0078125 -352.4973449707031
v 770.0 450.0078125 -312.497314453125
v 770.0 395.0078125 -312.497314453125
v 770.0 395.0078125 -352.4973449707031
v 770.0 450.0078125 -352.4973449707031
v 670.0 450.0078125 -312.4973449707031
v 770.0 450.0078125 -312.497314453125
v 770.0 450.0078125 -352.4973449707031
v 670.0 450.0078125 -352.4973449707031
v 675.0 395.0078125 -307.4973449707031
v 675.0 445.0078125 -307.4973449707031
v 670.0 450.0078125 -312.4973449707031
v 670.0 395.0078125 -312.4973449707031
v 765.0 445.0078125 -307.4973449707031
v 765.0 395.0078125 -307.4973449707031
v 770.0 395.0078125 -312.497314453125
v 770.0 450.0078125 -312.497314453125
v 675.0 445.0078125 -307.4973449707031
v 765.0 445.0078125 -307.4973449707031
v 770.0 450.0078125 -312.497314453125
v 670.0 450.0078125 -312.4973449707031
v 675.0 445.0078430175781 -40.620094299316406
v 765.0 445.0078430175781 -40.620086669921875
v 765.0 445.0078125 -307.4973449707031
v 675.0 445.0078125 -307.4973449707031
v 675.0 395.00787353515625 195.93881225585938
v 675.0 420.00787353515625 195.93881225585938
v 675.0 420.00787353515625 -8.266030311584473
v 675.0 445.0078125 -307.4973449707031
v 675.0 395.0078125 -307.4973449707031
v 675.0 395.0078430175781 -19.06116485595703
v 675.0 445.0078430175781 -40.620094299316406
v 675.0 420.0078430175781 -16.56116485595703
v 765.0 395.0078125 -307.4973449707031
v 765.0 445.0078125 -307.4973449707031
v 765.0 445.0078430175781 -40.620086669921875
v 765.0 420.00787353515625 195.93881225585938
v 765.0 395.00787353515625 195.93881225585938
v 765.0 395.0078430175781 -19.061153411865234
v 765.0 420.00787353515625 -8.266022682189941
v 765.0 420.0078430175781 -16.561155319213867
v 670.0035400390625 451.0855407714844 -41.36963653564453
v 769.9964599609375 451.0855407714844 -41.36962890625
v 769.9964599609375 446.6803894042969 -43.7349853515625
v 670.0035400390625 446.6803894042969 -43.73499298095703
v 670.0 420.0079650878906 -8.266030311584473
v 670.0035400390625 451.0855407714844 -41.36963653564453
v 670.0035400390625 446.6803894042969 -43.73499298095703
v 670.0 420.0078430175781 -16.56116485595703
v 769.9964599609375 451.0855407714844 -41.36962890625
v 770.0 420.0079650878906 -8.266021728515625
v 770.0 420.0078430175781 -16.561155319213867
v 769.9964599609375 446.6803894042969 -43.7349853515625
v 670.0035400390625 446.6803894042969 -43.73499298095703
v 769.9964599609375 446.6803894042969 -43.7349853515625
v 765.0 445.0078430175781 -40.620086669921875
v 675.0 445.0078430175781 -40.620094299316406
v 670.0 420.0078430175781 -16.56116485595703
v 675.0 420.0078430175781 -16.56116485595703
v 670.0 420.0079650878906 -8.266030311584473
v 675.0 420.00787353515625 -8.266030311584473
v 670.0035400390625 451.0855407714844 -41.36963653564453
v 670.0 420.0079650878906 -8.266030311584473
v 675.0 420.00787353515625 -8.266030311584473
v 765.0 420.00787353515625 -8.266022682189941
v 770.0 420.0079650878906 -8.266021728515625
v 769.9964599609375 451.0855407714844 -41.36962890625
v 770.0 420.0078430175781 -16.561155319213867
v 770.0 420.0079650878906 -8.266021728515625
v 765.0 420.00787353515625 -8.266022682189941
v 765.0 420.0078430175781 -16.561155319213867
v 675.0 420.00787353515625 -8.266030311584473
v 675.0 420.00787353515625 195.93881225585938
v 765.0 420.00787353515625 195.93881225585938
v 765.0 420.00787353515625 -8.266022682189941
v -770.0 395.00775146484375 -312.4974670410156
v -770.0 450.00775146484375 -312.4974670410156
v -770.0 450.00775146484375 -352.4974670410156
v -770.0 395.00775146484375 -352.4974670410156
v -670.0 450.00775146484375 -312.4974670410156
v -670.0 395.00775146484375 -312.4974670410156
v -670.0 395.00775146484375 -352.4974670410156
v -670.0 450.00775146484375 -352.4974670410156
v -770.0 450.00775146484375 -312.4974670410156
v -670.0 450.00775146484375 -312.4974670410156
v -670.0 450.00775146484375 -352.4974670410156
v -770.0 450.00775146484375 -352.4974670410156
v -764.9999389648438 395.00775146484375 -307.4974670410156
v -764.9999389648438 445.00775146484375 -307.4974670410156
v -770.0 450.00775146484375 -312.4974670410156
v -770.0 395.00775146484375 -312.4974670410156
v -675.0 445.00775146484375 -307.4974670410156
v -675.0 395.00775146484375 -307.4974670410156
v -670.0 395.00775146484375 -312.4974670410156
v -670.0 450.00775146484375 -312.4974670410156
v -764.9999389648438 445.00775146484375 -307.4974670410156
v -675.0 445.00775146484375 -307.4974670410156
v -670.0 450.00775146484375 -312.4974670410156
v -770.0 450.00775146484375 -312.4974670410156
v -765.0 445.0077819824219 -40.62022399902344
v -675.0 445.0077819824219 -40.62021255493164
v -675.0 445.00775146484375 -307.4974670410156
v -764.9999389648438 445.00775146484375 -307.4974670410156
v -765.0 395.0077819824219 195.9386749267578
v -765.0 420.0077819824219 195.9386749267578
v -765.0 420.0078125 -8.266156196594238
v -764.9999389648438 445.00775146484375 -307.4974670410156
v -764.9999389648438 395.00775146484375 -307.4974670410156
v -765.0 395.0077819824219 -19.061290740966797
v -765.0 445.0077819824219 -40.62022399902344
v -765.0 420.0077819824219 -16.561290740966797
v -675.0 395.00775146484375 -307.4974670410156
v -675.0 445.00775146484375 -307.4974670410156
v -675.0 445.0077819824219 -40.62021255493164
v -675.0 420.0078125 195.93869018554688
v -675.0 395.0078125 195.93869018554688
v -675.0 395.0077819824219 -19.061279296875
v -675.0 420.0078125 -8.266148567199707
v -675.0 420.0077819824219 -16.561283111572266
v -769.9964599609375 451.0854797363281 -41.3697624206543
v -670.0035400390625 451.0854797363281 -41.36975860595703
v -670.0035400390625 446.6803283691406 -43.73511505126953
v -769.9964599609375 446.6803283691406 -43.7351188659668
v -770.0 420.0079040527344 -8.266157150268555
v -769.9964599609375 451.0854797363281 -41.3697624206543
v -769.9964599609375 446.6803283691406 -43.7351188659668
v -770.0 420.0077819824219 -16.561290740966797
v -670.0035400390625 451.0854797363281 -41.36975860595703
v -670.0 420.0079040527344 -8.266148567199707
v -670.0 420.0077819824219 -16.561283111572266
v -670.0035400390625 446.6803283691406 -43.73511505126953
v -769.9964599609375 446.6803283691406 -43.7351188659668
v -670.0035400390625 446.6803283691406 -43.73511505126953
v -675.0 445.0077819824219 -40.62021255493164
v -765.0 445.0077819824219 -40.62022399902344
v -770.0 420.0077819824219 -16.561290740966797
v -765.0 420.0077819824219 -16.561290740966797
v -770.0 420.0079040527344 -8.266157150268555
v -765.0 420.0078125 -8.266156196594238
v -769.9964599609375 451.0854797363281 -41.3697624206543
v -770.0 420.0079040527344 -8.266157150268555
v -765.0 420.0078125 -8.266156196594238
v -675.0 420.0078125 -8.266148567199707
v -670.0 420.0079040527344 -8.266148567199707
v -670.0035400390625 451.0854797363281 -41.36975860595703
v -670.0 420.0077819824219 -16.561283111572266
v -670.0 420.0079040527344 -8.266148567199707
v -675.0 420.0078125 -8.266148567199707
v -675.0 420.0077819824219 -16.561283111572266
v -765.0 420.0078125 -8.266156196594238
v -765.0 420.0077819824219 195.9386749267578
v -675.0 420.0078125 195.93869018554688
v -675.0 420.0078125 -8.266148567199707
v 211.95310974121094 -405.0155944824219 250.7100067138672
v 211.95310974121094 -380.0155944824219 250.7100067138672
v 211.95310974121094 -380.0155944824219 245.7100067138672
v 211.95310974121094 -405.0155944824219 245.7100067138672
v 236.95310974121094 -405.0155944824219 250.7100067138672
v 211.95310974121094 -405.0155944824219 250.7100067138672
v 211.95310974121094 -405.0155944824219 245.7100067138672
v 236.95310974121094 -405.0155944824219 244.48997497558594
v 236.95310974121094 -380.0155944824219 250.7100067138672
v 236.95310974121094 -405.0155944824219 250.7100067138672
v 236.95310974121094 -405.0155944824219 244.48997497558594
v 236.95310974121094 -380.0155944824219 244.48997497558594
v 211.95310974121094 -380.0155944824219 250.7100067138672
v 236.95310974121094 -380.0155944824219 250.7100067138672
v 236.95310974121094 -380.0155944824219 244.48997497558594
v 211.95310974121094 -380.0155944824219 245.7100067138672
v 220.578125 -396.5624694824219 255.7100067138672
v 220.578125 -388.8124694824219 255.7100067138672
v 211.95310974121094 -380.0155944824219 250.7100067138672
v 211.95310974121094 -405.0155944824219 250.7100067138672
v 228.32810974121094 -396.5624694824219 255.7100067138672
v 220.578125 -396.5624694824219 255.7100067138672
v 211.95310974121094 -405.0155944824219 250.7100067138672
v 236.95310974121094 -405.0155944824219 250.7100067138672
v 228.32810974121094 -388.8124694824219 255.7100067138672
v 228.32810974121094 -396.5624694824219 255.7100067138672
v 236.95310974121094 -405.0155944824219 250.7100067138672
v 236.95310974121094 -380.0155944824219 250.7100067138672
v 220.578125 -388.8124694824219 255.7100067138672
v 228.32810974121094 -388.8124694824219 255.7100067138672
v 236.95310974121094 -380.0155944824219 250.7100067138672
v 211.95310974121094 -380.0155944824219 250.7100067138672
v 215.37107849121094 -383.6054382324219 270.7099914550781
v 220.578125 -388.8124694824219 255.7100067138672
v 220.578125 -396.5624694824219 255.7100067138672
v 215.37107849121094 -401.7695007324219 270.7099914550781
v 215.37107849121094 -401.7695007324219 270.7099914550781
v 220.578125 -396.5624694824219 255.7100067138672
v 228.32810974121094 -396.5624694824219 255.7100067138672
v 233.53514099121094 -401.7695007324219 270.7099914550781
v 233.53514099121094 -401.7695007324219 270.7099914550781
v 228.32810974121094 -396.5624694824219 255.7100067138672
v 228.32810974121094 -388.8124694824219 255.7100067138672
v 233.53514099121094 -383.6054382324219 270.7099914550781
v 233.53514099121094 -383.6054382324219 270.7099914550781
v 228.32810974121094 -388.8124694824219 255.7100067138672
v 220.578125 -388.8124694824219 255.7100067138672
v 215.37107849121094 -383.6054382324219 270.7099914550781
v 220.57809448242188 -396.5624694824219 330.7099914550781
v 220.57809448242188 -388.8124694824219 330.7099914550781
v 228.32810974121094 -396.5624694824219 330.7099914550781
v 220.57809448242188 -396.5624694824219 330.7099914550781
v 228.32810974121094 -388.8124694824219 330.7099914550781
v 228.32810974121094 -396.5624694824219 330.7099914550781
v 220.57809448242188 -388.8124694824219 330.7099914550781
v 228.32810974121094 -388.8124694824219 330.7099914550781
v 211.95310974121094 -405.0155944824219 330.7099914550781
v 211.95310974121094 -405.0155944824219 336.9059753417969
v 211.95310974121094 -380.0155944824219 336.8804626464844
v 211.95310974121094 -380.0155944824219 330.7099914550781
v 236.95310974121094 -405.0155944824219 330.7099914550781
v 236.95310974121094 -405.0155944824219 335.7100524902344
v 211.95310974121094 -405.0155944824219 336.9059753417969
v 211.95310974121094 -405.0155944824219 330.7099914550781
v 236.95310974121094 -380.0155944824219 330.7099914550781
v 236.95310974121094 -380.0155944824219 335.7100524902344
v 236.95310974121094 -405.0155944824219 335.7100524902344
v 236.95310974121094 -405.0155944824219 330.7099914550781
v 211.95310974121094 -380.0155944824219 330.7099914550781
v 211.95310974121094 -380.0155944824219 336.8804626464844
v 236.95310974121094 -380.0155944824219 335.7100524902344
v 236.95310974121094 -380.0155944824219 330.7099914550781
v 220.57809448242188 -396.5624694824219 330.7099914550781
v 211.95310974121094 -405.0155944824219 330.7099914550781
v 211.95310974121094 -380.0155944824219 330.7099914550781
v 220.57809448242188 -388.8124694824219 330.7099914550781
v 228.32810974121094 -396.5624694824219 330.7099914550781
v 236.95310974121094 -405.0155944824219 330.7099914550781
v 228.32810974121094 -388.8124694824219 330.7099914550781
v 236.95310974121094 -380.0155944824219 330.7099914550781
v 438.59375 -405.0155944824219 235.6029052734375
v 438.59375 -380.0155944824219 235.6029052734375
v 438.59375 -380.0155944824219 230.6029052734375
v 438.59375 -405.0155944824219 230.6029052734375
v 463.59375 -405.0155944824219 235.6029052734375
v 438.59375 -405.0155944824219 235.6029052734375
v 438.59375 -405.0155944824219 230.6029052734375
v 463.59375 -405.0155944824219 228.817626953125
v 463.59375 -380.0155944824219 235.6029052734375
v 463.59375 -405.0155944824219 235.6029052734375
v 463.59375 -405.0155944824219 228.817626953125
v 463.59375 -380.0155944824219 228.817626953125
v 438.59375 -380.0155944824219 235.6029052734375
v 463.59375 -380.0155944824219 235.6029052734375
v 463.59375 -380.0155944824219 228.817626953125
v 438.59375 -380.0155944824219 230.6029052734375
v 447.2187805175781 -396.5624694824219 240.60289001464844
v 447.2187805175781 -388.8124694824219 240.60289001464844
v 438.59375 -380.0155944824219 235.6029052734375
v 438.59375 -405.0155944824219 235.6029052734375
v 454.9687805175781 -396.5624694824219 240.60289001464844
v 447.2187805175781 -396.5624694824219 240.60289001464844
v 438.59375 -405.0155944824219 235.6029052734375
v 463.59375 -405.0155944824219 235.6029052734375
v 454.9687805175781 -388.8124694824219 240.60289001464844
v 454.9687805175781 -396.5624694824219 240.60289001464844
v 463.59375 -405.0155944824219 235.6029052734375
v 463.59375 -380.0155944824219 235.6029052734375
v 447.2187805175781 -388.8124694824219 240.60289001464844
v 454.9687805175781 -388.8124694824219 240.60289001464844
v 463.59375 -380.0155944824219 235.6029052734375
v 438.59375 -380.0155944824219 235.6029052734375
v 442.01171875 -383.6054382324219 255.6029052734375
v 447.2187805175781 -388.8124694824219 240.60289001464844
v 447.2187805175781 -396.5624694824219 240.60289001464844
v 442.01171875 -401.7695007324219 255.6029052734375
v 442.01171875 -401.7695007324219 255.6029052734375
v 447.2187805175781 -396.5624694824219 240.60289001464844
v 454.9687805175781 -396.5624694824219 240.60289001464844
v 460.17578125 -401.7695007324219 255.6029052734375
v 460.17578125 -401.7695007324219 255.6029052734375
v 454.9687805175781 -396.5624694824219 240.60289001464844
v 454.9687805175781 -388.8124694824219 240.60289001464844
v 460.17578125 -383.6054382324219 255.6029052734375
v 460.17578125 -383.6054382324219 255.6029052734375
v 454.9687805175781 -388.8124694824219 240.60289001464844
v 447.2187805175781 -388.8124694824219 240.60289001464844
v 442.01171875 -383.6054382324219 255.6029052734375
v 447.2187805175781 -396.56243896484375 315.6029052734375
v 447.2187805175781 -388.81243896484375 315.6029052734375
v 454.9687805175781 -396.56243896484375 315.6029052734375
v 447.2187805175781 -396.56243896484375 315.6029052734375
v 454.9687805175781 -388.81243896484375 315.6029052734375
v 454.9687805175781 -396.56243896484375 315.6029052734375
v 447.2187805175781 -388.81243896484375 315.6029052734375
v 454.9687805175781 -388.81243896484375 315.6029052734375
v 438.59375 -405.01556396484375 315.6029052734375
v 438.59375 -405.01556396484375 321.7989501953125
v 438.59375 -380.01556396484375 321.84765625
v 438.59375 -380.01556396484375 315.6029052734375
v 463.59375 -405.01556396484375 315.6029052734375
v 463.59375 -405.01556396484375 319.7602233886719
v 438.59375 -405.01556396484375 321.7989501953125
v 438.59375 -405.01556396484375 315.6029052734375
v 463.59375 -380.01556396484375 315.6029052734375
v 463.59375 -380.01556396484375 319.7602233886719
v 463.59375 -405.01556396484375 319.7602233886719
v 463.59375 -405.01556396484375 315.6029052734375
v 438.59375 -380.01556396484375 315.6029052734375
v 438.59375 -380.01556396484375 321.84765625
v 463.59375 -380.01556396484375 319.7602233886719
v 463.59375 -380.01556396484375 315.6029052734375
v 447.2187805175781 -396.56243896484375 315.6029052734375
v 438.59375 -405.01556396484375 315.6029052734375
v 438.59375 -380.01556396484375 315.6029052734375
v 447.2187805175781 -388.81243896484375 315.6029052734375
v 454.9687805175781 -396.56243896484375 315.6029052734375
v 463.59375 -405.01556396484375 315.6029052734375
v 454.9687805175781 -388.81243896484375 315.6029052734375
v 463.59375 -380.01556396484375 315.6029052734375
v 887.609375 -405.01556396484375 192.9723358154297
v 887.609375 -380.01556396484375 192.9723358154297
v 887.609375 -380.01556396484375 187.97235107421875
v 887.609375 -405.01556396484375 187.97235107421875
v 912.609375 -405.01556396484375 192.9723358154297
v 887.609375 -405.01556396484375 192.9723358154297
v 887.609375 -405.01556396484375 187.97235107421875
v 912.609375 -405.01556396484375 186.18701171875
v 912.609375 -380.01556396484375 192.9723358154297
v 912.609375 -405.01556396484375 192.9723358154297
v 912.609375 -405.01556396484375 186.18701171875
v 912.609375 -380.01556396484375 186.18701171875
v 887.609375 -380.01556396484375 192.9723358154297
v 912.609375 -380.01556396484375 192.9723358154297
v 912.609375 -380.01556396484375 186.18701171875
v 887.609375 -380.01556396484375 187.97235107421875
v 896.2343139648438 -396.56243896484375 197.9723358154297
v 896.2343139648438 -388.81243896484375 197.9723358154297
v 887.609375 -380.01556396484375 192.9723358154297
v 887.609375 -405.01556396484375 192.9723358154297
v 903.984375 -396.56243896484375 197.9723358154297
v 896.2343139648438 -396.56243896484375 197.9723358154297
v 887.609375 -405.01556396484375 192.9723358154297
v 912.609375 -405.01556396484375 192.9723358154297
v 903.984375 -388.81243896484375 197.9723358154297
v 903.984375 -396.56243896484375 197.9723358154297
v 912.609375 -405.01556396484375 192.9723358154297
v 912.609375 -380.01556396484375 192.9723358154297
v 896.2343139648438 -388.81243896484375 197.9723358154297
v 903.984375 -388.81243896484375 197.9723358154297
v 912.609375 -380.01556396484375 192.9723358154297
v 887.609375 -380.01556396484375 192.9723358154297
v 891.02734375 -383.60540771484375 212.9723358154297
v 896.2343139648438 -388.81243896484375 197.9723358154297
v 896.2343139648438 -396.56243896484375 197.9723358154297
v 891.02734375 -401.76947021484375 212.9723358154297
v 891.02734375 -401.76947021484375 212.9723358154297
v 896.2343139648438 -396.56243896484375 197.9723358154297
v 903.984375 -396.56243896484375 197.9723358154297
v 909.19140625 -401.76947021484375 212.9723358154297
v 909.19140625 -401.76947021484375 212.9723358154297
v 903.984375 -396.56243896484375 197.9723358154297
v 903.984375 -388.81243896484375 197.9723358154297
v 909.19140625 -383.60540771484375 212.9723358154297
v 909.19140625 -383.60540771484375 212.9723358154297
v 903.984375 -388.81243896484375 197.9723358154297
v 896.2343139648438 -388.81243896484375 197.9723358154297
v 891.02734375 -383.60540771484375 212.9723358154297
v 896.2343139648438 -396.56243896484375 272.9723205566406
v 896.2343139648438 -388.81243896484375 272.9723205566406
v 903.984375 -396.56243896484375 272.9723205566406
v 896.2343139648438 -396.56243896484375 272.9723205566406
v 903.984375 -388.81243896484375 272.9723205566406
v 903.984375 -396.56243896484375 272.9723205566406
v 896.2343139648438 -388.81243896484375 272.9723205566406
v 903.984375 -388.81243896484375 272.9723205566406
v 887.609375 -405.01556396484375 272.9723205566406
v 887.609375 -405.01556396484375 279.1683044433594
v 887.609375 -380.01556396484375 279.1683044433594
v 887.609375 -380.01556396484375 272.9723205566406
v 912.609375 -405.01556396484375 272.9723205566406
v 912.609375 -405.01556396484375 276.6330871582031
v 887.609375 -405.01556396484375 279.1683044433594
v 887.609375 -405.01556396484375 272.9723205566406
v 912.609375 -380.01556396484375 272.9723205566406
v 912.609375 -380.01556396484375 276.6330871582031
v 912.609375 -405.01556396484375 276.6330871582031
v 912.609375 -405.01556396484375 272.9723205566406
v 887.609375 -380.01556396484375 272.9723205566406
v 887.609375 -380.01556396484375 279.1683044433594
v 912.609375 -380.01556396484375 276.6330871582031
v 912.609375 -380.01556396484375 272.9723205566406
v 896.2343139648438 -396.56243896484375 272.9723205566406
v 887.609375 -405.01556396484375 272.9723205566406
v 887.609375 -380.01556396484375 272.9723205566406
v 896.2343139648438 -388.81243896484375 272.9723205566406
v 903.984375 -396.56243896484375 272.9723205566406
v 912.609375 -405.01556396484375 272.9723205566406
v 903.984375 -388.81243896484375 272.9723205566406
v 912.609375 -380.01556396484375 272.9723205566406
v 1112.6875 -405.01556396484375 173.46307373046875
v 1112.6875 -380.01556396484375 173.46307373046875
v 1112.6875 -380.01556396484375 168.46307373046875
v 1112.6875 -405.01556396484375 168.46307373046875
v 1137.6875 -405.01556396484375 173.46307373046875
v 1112.6875 -405.01556396484375 173.46307373046875
v 1112.6875 -405.01556396484375 168.46307373046875
v 1137.6875 -405.01556396484375 166.67774963378906
v 1137.6875 -380.01556396484375 173.46307373046875
v 1137.6875 -405.01556396484375 173.46307373046875
v 1137.6875 -405.01556396484375 166.67774963378906
v 1137.6875 -380.01556396484375 166.67774963378906
v 1112.6875 -380.01556396484375 173.46307373046875
v 1137.6875 -380.01556396484375 173.46307373046875
v 1137.6875 -380.01556396484375 166.67774963378906
v 1112.6875 -380.01556396484375 168.46307373046875
v 1121.3125 -396.56243896484375 178.46307373046875
v 1121.3125 -388.81243896484375 178.46307373046875
v 1112.6875 -380.01556396484375 173.46307373046875
v 1112.6875 -405.01556396484375 173.46307373046875
v 1129.0625 -396.56243896484375 178.46307373046875
v 1121.3125 -396.56243896484375 178.46307373046875
v 1112.6875 -405.01556396484375 173.46307373046875
v 1137.6875 -405.01556396484375 173.46307373046875
v 1129.0625 -388.81243896484375 178.46307373046875
v 1129.0625 -396.56243896484375 178.46307373046875
v 1137.6875 -405.01556396484375 173.46307373046875
v 1137.6875 -380.01556396484375 173.46307373046875
v 1121.3125 -388.81243896484375 178.46307373046875
v 1129.0625 -388.81243896484375 178.46307373046875
v 1137.6875 -380.01556396484375 173.46307373046875
v 1112.6875 -380.01556396484375 173.46307373046875
v 1116.10546875 -383.60540771484375 193.46307373046875
v 1121.3125 -388.81243896484375 178.46307373046875
v 1121.3125 -396.56243896484375 178.46307373046875
v 1116.10546875 -401.76947021484375 193.46307373046875
v 1116.10546875 -401.76947021484375 193.46307373046875
v 1121.3125 -396.56243896484375 178.46307373046875
v 1129.0625 -396.56243896484375 178.46307373046875
v 1134.26953125 -401.76947021484375 193.46307373046875
v 1134.26953125 -401.76947021484375 193.46307373046875
v 1129.0625 -396.56243896484375 178.46307373046875
v 1129.0625 -388.81243896484375 178.46307373046875
v 1134.26953125 -383.60540771484375 193.46307373046875
v 1134.26953125 -383.60540771484375 193.46307373046875
v 1129.0625 -388.81243896484375 178.46307373046875
v 1121.3125 -388.81243896484375 178.46307373046875
v 1116.10546875 -383.60540771484375 193.46307373046875
v 1121.3125 -396.56243896484375 253.4630889892578
v 1121.3125 -388.81243896484375 253.4630889892578
v 1129.0625 -396.56243896484375 253.4630889892578
v 1121.3125 -396.56243896484375 253.4630889892578
v 1129.0625 -388.81243896484375 253.4630889892578
v 1129.0625 -396.56243896484375 253.4630889892578
v 1121.3125 -388.81243896484375 253.4630889892578
v 1129.0625 -388.81243896484375 253.4630889892578
v 1112.6875 -405.01556396484375 253.4630889892578
v 1112.6875 -405.01556396484375 259.3385314941406
v 1112.6875 -380.01556396484375 259.3385314941406
v 1112.6875 -380.01556396484375 253.4630889892578
v 1137.6875 -405.01556396484375 253.4630889892578
v 1137.6875 -405.01556396484375 257.5904846191406
v 1112.6875 -405.01556396484375 259.3385314941406
v 1112.6875 -405.01556396484375 253.4630889892578
v 1137.6875 -380.01556396484375 253.4630889892578
v 1137.6875 -380.01556396484375 257.5904846191406
v 1137.6875 -405.01556396484375 257.5904846191406
v 1137.6875 -405.01556396484375 253.4630889892578
v 1112.6875 -380.01556396484375 253.4630889892578
v 1112.6875 -380.01556396484375 259.3385314941406
v 1137.6875 -380.01556396484375 257.5904846191406
v 1137.6875 -380.01556396484375 253.4630889892578
v 1121.3125 -396.56243896484375 253.4630889892578
v 1112.6875 -405.01556396484375 253.4630889892578
v 1112.6875 -380.01556396484375 253.4630889892578
v 1121.3125 -388.81243896484375 253.4630889892578
v 1129.0625 -396.56243896484375 253.4630889892578
v 1137.6875 -405.01556396484375 253.4630889892578
v 1129.0625 -388.81243896484375 253.4630889892578
v 1137.6875 -380.01556396484375 253.4630889892578
v 1337.0703125 -405.01556396484375 160.37326049804688
v 1337.0703125 -380.01556396484375 160.37326049804688
v 1337.0703125 -380.01556396484375 155.37326049804688
v 1337.0703125 -405.01556396484375 155.37326049804688
v 1362.0703125 -405.01556396484375 160.37326049804688
v 1337.0703125 -405.01556396484375 160.37326049804688
v 1337.0703125 -405.01556396484375 155.37326049804688
v 1362.0703125 -405.01556396484375 154.61160278320312
v 1362.0703125 -380.01556396484375 160.37326049804688
v 1362.0703125 -405.01556396484375 160.37326049804688
v 1362.0703125 -405.01556396484375 154.61160278320312
v 1362.0703125 -380.01556396484375 154.61160278320312
v 1337.0703125 -380.01556396484375 160.37326049804688
v 1362.0703125 -380.01556396484375 160.37326049804688
v 1362.0703125 -380.01556396484375 154.61160278320312
v 1337.0703125 -380.01556396484375 155.37326049804688
v 1345.6953125 -396.56243896484375 165.37326049804688
v 1345.6953125 -388.81243896484375 165.37326049804688
v 1337.0703125 -380.01556396484375 160.37326049804688
v 1337.0703125 -405.01556396484375 160.37326049804688
v 1353.4453125 -396.56243896484375 165.37326049804688
v 1345.6953125 -396.56243896484375 165.37326049804688
v 1337.0703125 -405.01556396484375 160.37326049804688
v 1362.0703125 -405.01556396484375 160.37326049804688
v 1353.4453125 -388.81243896484375 165.37326049804688
v 1353.4453125 -396.56243896484375 165.37326049804688
v 1362.0703125 -405.01556396484375 160.37326049804688
v 1362.0703125 -380.01556396484375 160.37326049804688
v 1345.6953125 -388.81243896484375 165.37326049804688
v 1353.4453125 -388.81243896484375 165.37326049804688
v 1362.0703125 -380.01556396484375 160.37326049804688
v 1337.0703125 -380.01556396484375 160.37326049804688
v 1340.48828125 -383.60540771484375 180.37326049804688
v 1345.6953125 -388.81243896484375 165.37326049804688
v 1345.6953125 -396.56243896484375 165.37326049804688
v 1340.48828125 -401.76947021484375 180.37326049804688
v 1340.48828125 -401.76947021484375 180.37326049804688
v 1345.6953125 -396.56243896484375 165.37326049804688
v 1353.4453125 -396.56243896484375 165.37326049804688
v 1358.65234375 -401.76947021484375 180.37326049804688
v 1358.65234375 -401.76947021484375 180.37326049804688
v 1353.4453125 -396.56243896484375 165.37326049804688
v 1353.4453125 -388.81243896484375 165.37326049804688
v 1358.65234375 -383.60540771484375 180.37326049804688
v 1358.65234375 -383.60540771484375 180.37326049804688
v 1353.4453125 -388.81243896484375 165.37326049804688
v 1345.6953125 -388.81243896484375 165.37326049804688
v 1340.48828125 -383.60540771484375 180.37326049804688
v 1345.6953125 -396.5624084472656 240.3732452392578
v 1345.6953125 -388.8124084472656 240.3732452392578
v 1353.4453125 -396.5624084472656 240.3732452392578
v 1345.6953125 -396.5624084472656 240.3732452392578
v 1353.4453125 -388.8124084472656 240.3732452392578
v 1353.4453125 -396.5624084472656 240.3732452392578
v 1345.6953125 -388.8124084472656 240.3732452392578
v 1353.4453125 -388.8124084472656 240.3732452392578
v 1337.0703125 -405.0155334472656 240.3732452392578
v 1337.0703125 -405.0155334472656 246.13534545898438
v 1337.0703125 -380.0155334472656 246.13534545898438
v 1337.0703125 -380.0155334472656 240.3732452392578
v 1362.0703125 -405.0155334472656 240.3732452392578
v 1362.0703125 -405.0155334472656 245.37327575683594
v 1337.0703125 -405.0155334472656 246.13534545898438
v 1337.0703125 -405.0155334472656 240.3732452392578
v 1362.0703125 -380.0155334472656 240.3732452392578
v 1362.0703125 -380.0155334472656 245.37327575683594
v 1362.0703125 -405.0155334472656 245.37327575683594
v 1362.0703125 -405.0155334472656 240.3732452392578
v 1337.0703125 -380.0155334472656 240.3732452392578
v 1337.0703125 -380.0155334472656 246.13534545898438
v 1362.0703125 -380.0155334472656 245.37327575683594
v 1362.0703125 -380.0155334472656 240.3732452392578
v 1345.6953125 -396.5624084472656 240.3732452392578
v 1337.0703125 -405.0155334472656 240.3732452392578
v 1337.0703125 -380.0155334472656 240.3732452392578
v 1345.6953125 -388.8124084472656 240.3732452392578
v 1353.4453125 -396.5624084472656 240.3732452392578
v 1362.0703125 -405.0155334472656 240.3732452392578
v 1353.4453125 -388.8124084472656 240.3732452392578
v 1362.0703125 -380.0155334472656 240.3732452392578
v -211.71875 -405.015625 250.7099609375
v -211.71875 -405.015625 245.7099609375
v -211.71875 -380.015625 245.7099609375
v -211.71875 -380.015625 250.7099609375
v -236.71875 -405.015625 250.7099609375
v -236.71875 -405.015625 244.48992919921875
v -211.71875 -405.015625 245.7099609375
v -211.71875 -405.015625 250.7099609375
v -236.71875 -380.015625 250.7099609375
v -236.71875 -380.015625 244.48992919921875
v -236.71875 -405.015625 244.48992919921875
v -236.71875 -405.015625 250.7099609375
v -211.71875 -380.015625 250.7099609375
v -211.71875 -380.015625 245.7099609375
v -236.71875 -380.015625 244.48992919921875
v -236.71875 -380.015625 250.7099609375
v -220.34375 -396.5625 255.70997619628906
v -211.71875 -405.015625 250.7099609375
v -211.71875 -380.015625 250.7099609375
v -220.34375 -388.8125 255.70997619628906
v -228.09376525878906 -396.5625 255.70997619628906
v -236.71875 -405.015625 250.7099609375
v -211.71875 -405.015625 250.7099609375
v -220.34375 -396.5625 255.70997619628906
v -228.09376525878906 -388.8125 255.70997619628906
v -236.71875 -380.015625 250.7099609375
v -236.71875 -405.015625 250.7099609375
v -228.09376525878906 -396.5625 255.70997619628906
v -220.34375 -388.8125 255.70997619628906
v -211.71875 -380.015625 250.7099609375
v -236.71875 -380.015625 250.7099609375
v -228.09376525878906 -388.8125 255.70997619628906
v -215.13671875 -383.60546875 270.7099609375
v -215.13671875 -401.76953125 270.7099609375
v -220.34375 -396.5625 255.70997619628906
v -220.34375 -388.8125 255.70997619628906
v -215.13671875 -401.76953125 270.7099609375
v -233.30078125 -401.76953125 270.7099609375
v -228.09376525878906 -396.5625 255.70997619628906
v -220.34375 -396.5625 255.70997619628906
v -233.30078125 -401.76953125 270.7099609375
v -233.30078125 -383.60546875 270.7099609375
v -228.09376525878906 -388.8125 255.70997619628906
v -228.09376525878906 -396.5625 255.70997619628906
v -233.30078125 -383.60546875 270.7099609375
v -215.13671875 -383.60546875 270.7099609375
v -220.34375 -388.8125 255.70997619628906
v -228.09376525878906 -388.8125 255.70997619628906
v -220.34375 -388.8124694824219 330.7099914550781
v -220.34375 -396.5624694824219 330.7099914550781
v -220.34375 -396.5624694824219 330.7099914550781
v -228.09376525878906 -396.5624694824219 330.7099914550781
v -228.09376525878906 -396.5624694824219 330.7099914550781
v -228.09376525878906 -388.8124694824219 330.7099914550781
v -228.09376525878906 -388.8124694824219 330.7099914550781
v -220.34375 -388.8124694824219 330.7099914550781
v -211.71878051757812 -405.0155944824219 330.7099914550781
v -211.71878051757812 -380.0155944824219 330.7099914550781
v -211.71878051757812 -380.0155944824219 336.8804626464844
v -211.71878051757812 -405.0155944824219 336.9059753417969
v -236.71878051757812 -405.0155944824219 330.7099914550781
v -211.71878051757812 -405.0155944824219 330.7099914550781
v -211.71878051757812 -405.0155944824219 336.9059753417969
v -236.71878051757812 -405.0155944824219 335.71002197265625
v -236.71878051757812 -380.0155944824219 330.7099914550781
v -236.71878051757812 -405.0155944824219 330.7099914550781
v -236.71878051757812 -405.0155944824219 335.71002197265625
v -236.71878051757812 -380.0155944824219 335.71002197265625
v -211.71878051757812 -380.0155944824219 330.7099914550781
v -236.71878051757812 -380.0155944824219 330.7099914550781
v -236.71878051757812 -380.0155944824219 335.71002197265625
v -211.71878051757812 -380.0155944824219 336.8804626464844
v -220.34375 -396.5624694824219 330.7099914550781
v -220.34375 -388.8124694824219 330.7099914550781
v -211.71878051757812 -380.0155944824219 330.7099914550781
v -211.71878051757812 -405.0155944824219 330.7099914550781
v -228.09376525878906 -396.5624694824219 330.7099914550781
v -236.71878051757812 -405.0155944824219 330.7099914550781
v -228.09376525878906 -388.8124694824219 330.7099914550781
v -236.71878051757812 -380.0155944824219 330.7099914550781
v -438.359375 -405.015625 235.60284423828125
v -438.359375 -405.015625 230.6028289794922
v -438.359375 -380.015625 230.6028289794922
v -438.359375 -380.015625 235.60284423828125
v -463.359375 -405.015625 235.60284423828125
v -463.359375 -405.015625 228.8175506591797
v -438.359375 -405.015625 230.6028289794922
v -438.359375 -405.015625 235.60284423828125
v -463.359375 -380.015625 235.60284423828125
v -463.359375 -380.015625 228.8175506591797
v -463.359375 -405.015625 228.8175506591797
v -463.359375 -405.015625 235.60284423828125
v -438.359375 -380.015625 235.60284423828125
v -438.359375 -380.015625 230.6028289794922
v -463.359375 -380.015625 228.8175506591797
v -463.359375 -380.015625 235.60284423828125
v -446.9843444824219 -396.5625 240.60284423828125
v -438.359375 -405.015625 235.60284423828125
v -438.359375 -380.015625 235.60284423828125
v -446.9843444824219 -388.8125 240.60284423828125
v -454.7343444824219 -396.5625 240.60284423828125
v -463.359375 -405.015625 235.60284423828125
v -438.359375 -405.015625 235.60284423828125
v -446.9843444824219 -396.5625 240.60284423828125
v -454.7343444824219 -388.8125 240.60284423828125
v -463.359375 -380.015625 235.60284423828125
v -463.359375 -405.015625 235.60284423828125
v -454.7343444824219 -396.5625 240.60284423828125
v -446.9843444824219 -388.8125 240.60284423828125
v -438.359375 -380.015625 235.60284423828125
v -463.359375 -380.015625 235.60284423828125
v -454.7343444824219 -388.8125 240.60284423828125
v -441.77734375 -383.60546875 255.6028289794922
v -441.77734375 -401.76953125 255.6028289794922
v -446.9843444824219 -396.5625 240.60284423828125
v -446.9843444824219 -388.8125 240.60284423828125
v -441.77734375 -401.76953125 255.6028289794922
v -459.94140625 -401.76953125 255.6028289794922
v -454.7343444824219 -396.5625 240.60284423828125
v -446.9843444824219 -396.5625 240.60284423828125
v -459.94140625 -401.76953125 255.6028289794922
v -459.94140625 -383.60546875 255.6028289794922
v -454.7343444824219 -388.8125 240.60284423828125
v -454.7343444824219 -396.5625 240.60284423828125
v -459.94140625 -383.60546875 255.6028289794922
v -441.77734375 -383.60546875 255.6028289794922
v -446.9843444824219 -388.8125 240.60284423828125
v -454.7343444824219 -388.8125 240.60284423828125
v -446.9843444824219 -388.8125 315.6028137207031
v -446.9843444824219 -396.5625 315.6028137207031
v -446.9843444824219 -396.5625 315.6028137207031
v -454.7343444824219 -396.5625 315.6028137207031
v -454.7343444824219 -396.5625 315.6028137207031
v -454.7343444824219 -388.8125 315.6028137207031
v -454.7343444824219 -388.8125 315.6028137207031
v -446.9843444824219 -388.8125 315.6028137207031
v -438.359375 -405.015625 315.6028137207031
v -438.359375 -380.015625 315.6028137207031
v -438.359375 -380.015625 321.84759521484375
v -438.359375 -405.015625 321.7988586425781
v -463.359375 -405.015625 315.6028137207031
v -438.359375 -405.015625 315.6028137207031
v -438.359375 -405.015625 321.7988586425781
v -463.359375 -405.015625 319.7601013183594
v -463.359375 -380.015625 315.6028137207031
v -463.359375 -405.015625 315.6028137207031
v -463.359375 -405.015625 319.7601013183594
v -463.359375 -380.015625 319.7601013183594
v -438.359375 -380.015625 315.6028137207031
v -463.359375 -380.015625 315.6028137207031
v -463.359375 -380.015625 319.7601013183594
v -438.359375 -380.015625 321.84759521484375
v -446.9843444824219 -396.5625 315.6028137207031
v -446.9843444824219 -388.8125 315.6028137207031
v -438.359375 -380.015625 315.6028137207031
v -438.359375 -405.015625 315.6028137207031
v -454.7343444824219 -396.5625 315.6028137207031
v -463.359375 -405.015625 315.6028137207031
v -454.7343444824219 -388.8125 315.6028137207031
v -463.359375 -380.015625 315.6028137207031
v -887.375 -405.0156555175781 192.97216796875
v -887.375 -405.0156555175781 187.97216796875
v -887.375 -380.0156555175781 187.97216796875
v -887.375 -380.0156555175781 192.97216796875
v -912.375 -405.0156555175781 192.97216796875
v -912.375 -405.0156555175781 186.18682861328125
v -887.375 -405.0156555175781 187.97216796875
v -887.375 -405.0156555175781 192.97216796875
v -912.375 -380.0156555175781 192.97216796875
v -912.375 -380.0156555175781 186.18682861328125
v -912.375 -405.0156555175781 186.18682861328125
v -912.375 -405.0156555175781 192.97216796875
v -887.375 -380.0156555175781 192.97216796875
v -887.375 -380.0156555175781 187.97216796875
v -912.375 -380.0156555175781 186.18682861328125
v -912.375 -380.0156555175781 192.97216796875
v -896.0 -396.5625305175781 197.97216796875
v -887.375 -405.0156555175781 192.97216796875
v -887.375 -380.0156555175781 192.97216796875
v -896.0 -388.8125305175781 197.97216796875
v -903.7500610351562 -396.5625305175781 197.97216796875
v -912.375 -405.0156555175781 192.97216796875
v -887.375 -405.0156555175781 192.97216796875
v -896.0 -396.5625305175781 197.97216796875
v -903.7500610351562 -388.8125305175781 197.97216796875
v -912.375 -380.0156555175781 192.97216796875
v -912.375 -405.0156555175781 192.97216796875
v -903.7500610351562 -396.5625305175781 197.97216796875
v -896.0 -388.8125305175781 197.97216796875
v -887.375 -380.0156555175781 192.97216796875
v -912.375 -380.0156555175781 192.97216796875
v -903.7500610351562 -388.8125305175781 197.97216796875
v -890.79296875 -383.6054992675781 212.97216796875
v -890.79296875 -401.7695617675781 212.97216796875
v -896.0 -396.5625305175781 197.97216796875
v -896.0 -388.8125305175781 197.97216796875
v -890.79296875 -401.7695617675781 212.97216796875
v -908.95703125 -401.7695617675781 212.97216796875
v -903.7500610351562 -396.5625305175781 197.97216796875
v -896.0 -396.5625305175781 197.97216796875
v -908.95703125 -401.7695617675781 212.97216796875
v -908.95703125 -383.6054992675781 212.97216796875
v -903.7500610351562 -388.8125305175781 197.97216796875
v -903.7500610351562 -396.5625305175781 197.97216796875
v -908.95703125 -383.6054992675781 212.97216796875
v -890.79296875 -383.6054992675781 212.97216796875
v -896.0 -388.8125305175781 197.97216796875
v -903.7500610351562 -388.8125305175781 197.97216796875
v -896.0 -388.8125305175781 272.97216796875
v -896.0 -396.5625305175781 272.97216796875
v -896.0 -396.5625305175781 272.97216796875
v -903.7500610351562 -396.5625305175781 272.97216796875
v -903.7500610351562 -396.5625305175781 272.97216796875
v -903.7500610351562 -388.8125305175781 272.97216796875
v -903.7500610351562 -388.8125305175781 272.97216796875
v -896.0 -388.8125305175781 272.97216796875
v -887.375 -405.015625 272.97216796875
v -887.375 -380.015625 272.97216796875
v -887.375 -380.015625 279.1681823730469
v -887.375 -405.015625 279.1681823730469
v -912.375 -405.0156555175781 272.97216796875
v -887.375 -405.015625 272.97216796875
v -887.375 -405.015625 279.1681823730469
v -912.375 -405.0156555175781 276.6329650878906
v -912.375 -380.0156555175781 272.97216796875
v -912.375 -405.0156555175781 272.97216796875
v -912.375 -405.0156555175781 276.6329650878906
v -912.375 -380.0156555175781 276.6329650878906
v -887.375 -380.015625 272.97216796875
v -912.375 -380.0156555175781 272.97216796875
v -912.375 -380.0156555175781 276.6329650878906
v -887.375 -380.015625 279.1681823730469
v -896.0 -396.5625305175781 272.97216796875
v -896.0 -388.8125305175781 272.97216796875
v -887.375 -380.015625 272.97216796875
v -887.375 -405.015625 272.97216796875
v -903.7500610351562 -396.5625305175781 272.97216796875
v -912.375 -405.0156555175781 272.97216796875
v -903.7500610351562 -388.8125305175781 272.97216796875
v -912.375 -380.0156555175781 272.97216796875
v -1112.453125 -405.0156555175781 173.462890625
v -1112.453125 -405.0156555175781 168.46287536621094
v -1112.453125 -380.0156555175781 168.46287536621094
v -1112.453125 -380.0156555175781 173.462890625
v -1137.453125 -405.0156555175781 173.462890625
v -1137.453125 -405.0156555175781 166.6775360107422
v -1112.453125 -405.0156555175781 168.46287536621094
v -1112.453125 -405.0156555175781 173.462890625
v -1137.453125 -380.0156555175781 173.462890625
v -1137.453125 -380.0156555175781 166.6775360107422
v -1137.453125 -405.0156555175781 166.6775360107422
v -1137.453125 -405.0156555175781 173.462890625
v -1112.453125 -380.0156555175781 173.462890625
v -1112.453125 -380.0156555175781 168.46287536621094
v -1137.453125 -380.0156555175781 166.6775360107422
v -1137.453125 -380.0156555175781 173.462890625
v -1121.078125 -396.5625305175781 178.462890625
v -1112.453125 -405.0156555175781 173.462890625
v -1112.453125 -380.0156555175781 173.462890625
v -1121.078125 -388.8125305175781 178.462890625
v -1128.828125 -396.5625305175781 178.462890625
v -1137.453125 -405.0156555175781 173.462890625
v -1112.453125 -405.0156555175781 173.462890625
v -1121.078125 -396.5625305175781 178.462890625
v -1128.828125 -388.8125305175781 178.462890625
v -1137.453125 -380.0156555175781 173.462890625
v -1137.453125 -405.0156555175781 173.462890625
v -1128.828125 -396.5625305175781 178.462890625
v -1121.078125 -388.8125305175781 178.462890625
v -1112.453125 -380.0156555175781 173.462890625
v -1137.453125 -380.0156555175781 173.462890625
v -1128.828125 -388.8125305175781 178.462890625
v -1115.87109375 -383.6054992675781 193.46287536621094
v -1115.87109375 -401.7695617675781 193.46287536621094
v -1121.078125 -396.5625305175781 178.462890625
v -1121.078125 -388.8125305175781 178.462890625
v -1115.87109375 -401.7695617675781 193.46287536621094
v -1134.03515625 -401.7695617675781 193.46287536621094
v -1128.828125 -396.5625305175781 178.462890625
v -1121.078125 -396.5625305175781 178.462890625
v -1134.03515625 -401.7695617675781 193.46287536621094
v -1134.03515625 -383.6054992675781 193.46287536621094
v -1128.828125 -388.8125305175781 178.462890625
v -1128.828125 -396.5625305175781 178.462890625
v -1134.03515625 -383.6054992675781 193.46287536621094
v -1115.87109375 -383.6054992675781 193.46287536621094
v -1121.078125 -388.8125305175781 178.462890625
v -1128.828125 -388.8125305175781 178.462890625
v -1121.078125 -388.8125305175781 253.462890625
v -1121.078125 -396.5625305175781 253.462890625
v -1121.078125 -396.5625305175781 253.462890625
v -1128.828125 -396.5625305175781 253.462890625
v -1128.828125 -396.5625305175781 253.462890625
v -1128.828125 -388.8125305175781 253.462890625
v -1128.828125 -388.8125305175781 253.462890625
v -1121.078125 -388.8125305175781 253.462890625
v -1112.453125 -405.0156555175781 253.462890625
v -1112.453125 -380.0156555175781 253.462890625
v -1112.453125 -380.0156555175781 259.3382873535156
v -1112.453125 -405.0156555175781 259.3382873535156
v -1137.453125 -405.0156555175781 253.462890625
v -1112.453125 -405.0156555175781 253.462890625
v -1112.453125 -405.0156555175781 259.3382873535156
v -1137.453125 -405.0156555175781 257.5902404785156
v -1137.453125 -380.0156555175781 253.462890625
v -1137.453125 -405.0156555175781 253.462890625
v -1137.453125 -405.0156555175781 257.5902404785156
v -1137.453125 -380.0156555175781 257.5902404785156
v -1112.453125 -380.0156555175781 253.462890625
v -1137.453125 -380.0156555175781 253.462890625
v -1137.453125 -380.0156555175781 257.5902404785156
v -1112.453125 -380.0156555175781 259.3382873535156
v -1121.078125 -396.5625305175781 253.462890625
v -1121.078125 -388.8125305175781 253.462890625
v -1112.453125 -380.0156555175781 253.462890625
v -1112.453125 -405.0156555175781 253.462890625
v -1128.828125 -396.5625305175781 253.462890625
v -1137.453125 -405.0156555175781 253.462890625
v -1128.828125 -388.8125305175781 253.462890625
v -1137.453125 -380.0156555175781 253.462890625
v -1336.8359375 -405.0156555175781 160.37301635742188
v -1336.8359375 -405.0156555175781 155.37301635742188
v -1336.8359375 -380.0156555175781 155.37301635742188
v -1336.8359375 -380.0156555175781 160.37301635742188
v -1361.8359375 -405.0156555175781 160.37301635742188
v -1361.8359375 -405.01568603515625 154.61135864257812
v -1336.8359375 -405.0156555175781 155.37301635742188
v -1336.8359375 -405.0156555175781 160.37301635742188
v -1361.8359375 -380.0156555175781 160.37301635742188
v -1361.8359375 -380.01568603515625 154.61135864257812
v -1361.8359375 -405.01568603515625 154.61135864257812
v -1361.8359375 -405.0156555175781 160.37301635742188
v -1336.8359375 -380.0156555175781 160.37301635742188
v -1336.8359375 -380.0156555175781 155.37301635742188
v -1361.8359375 -380.01568603515625 154.61135864257812
v -1361.8359375 -380.0156555175781 160.37301635742188
v -1345.4609375 -396.5625305175781 165.37301635742188
v -1336.8359375 -405.0156555175781 160.37301635742188
v -1336.8359375 -380.0156555175781 160.37301635742188
v -1345.4609375 -388.8125305175781 165.37301635742188
v -1353.2109375 -396.5625305175781 165.37301635742188
v -1361.8359375 -405.0156555175781 160.37301635742188
v -1336.8359375 -405.0156555175781 160.37301635742188
v -1345.4609375 -396.5625305175781 165.37301635742188
v -1353.2109375 -388.8125305175781 165.37301635742188
v -1361.8359375 -380.0156555175781 160.37301635742188
v -1361.8359375 -405.0156555175781 160.37301635742188
v -1353.2109375 -396.5625305175781 165.37301635742188
v -1345.4609375 -388.8125305175781 165.37301635742188
v -1336.8359375 -380.0156555175781 160.37301635742188
v -1361.8359375 -380.0156555175781 160.37301635742188
v -1353.2109375 -388.8125305175781 165.37301635742188
v -1340.25390625 -383.6054992675781 180.37301635742188
v -1340.25390625 -401.7695617675781 180.37301635742188
v -1345.4609375 -396.5625305175781 165.37301635742188
v -1345.4609375 -388.8125305175781 165.37301635742188
v -1340.25390625 -401.7695617675781 180.37301635742188
v -1358.41796875 -401.7695617675781 180.37301635742188
v -1353.2109375 -396.5625305175781 165.37301635742188
v -1345.4609375 -396.5625305175781 165.37301635742188
v -1358.41796875 -401.7695617675781 180.37301635742188
v -1358.41796875 -383.6054992675781 180.37301635742188
v -1353.2109375 -388.8125305175781 165.37301635742188
v -1353.2109375 -396.5625305175781 165.37301635742188
v -1358.41796875 -383.6054992675781 180.37301635742188
v -1340.25390625 -383.6054992675781 180.37301635742188
v -1345.4609375 -388.8125305175781 165.37301635742188
v -1353.2109375 -388.8125305175781 165.37301635742188
v -1345.4609375 -388.8125305175781 240.37301635742188
v -1345.4609375 -396.5625305175781 240.37301635742188
v -1345.4609375 -396.5625305175781 240.37301635742188
v -1353.2109375 -396.5625305175781 240.37301635742188
v -1353.2109375 -396.5625305175781 240.37301635742188
v -1353.2109375 -388.8125305175781 240.37301635742188
v -1353.2109375 -388.8125305175781 240.37301635742188
v -1345.4609375 -388.8125305175781 240.37301635742188
v -1336.8359375 -405.0156555175781 240.37301635742188
v -1336.8359375 -380.0156555175781 240.37301635742188
v -1336.8359375 -380.0156555175781 246.13510131835938
v -1336.8359375 -405.0156555175781 246.13510131835938
v -1361.8359375 -405.0156555175781 240.37301635742188
v -1336.8359375 -405.0156555175781 240.37301635742188
v -1336.8359375 -405.0156555175781 246.13510131835938
v -1361.8359375 -405.0156555175781 245.37303161621094
v -1361.8359375 -380.0156555175781 240.37301635742188
v -1361.8359375 -405.0156555175781 240.37301635742188
v -1361.8359375 -405.0156555175781 245.37303161621094
v -1361.8359375 -380.0156555175781 245.37303161621094
v -1336.8359375 -380.0156555175781 240.37301635742188
v -1361.8359375 -380.0156555175781 240.37301635742188
v -1361.8359375 -380.0156555175781 245.37303161621094
v -1336.8359375 -380.0156555175781 246.13510131835938
v -1345.4609375 -396.5625305175781 240.37301635742188
v -1345.4609375 -388.8125305175781 240.37301635742188
v -1336.8359375 -380.0156555175781 240.37301635742188
v -1336.8359375 -405.0156555175781 240.37301635742188
v -1353.2109375 -396.5625305175781 240.37301635742188
v -1361.8359375 -405.0156555175781 240.37301635742188
v -1353.2109375 -388.8125305175781 240.37301635742188
v -1361.8359375 -380.0156555175781 240.37301635742188
v -12.382817268371582 -405.0155944824219 256.2592468261719
v -12.382819175720215 -380.0155944824219 256.2592468261719
v -12.382818222045898 -380.0155944824219 251.2592315673828
v -12.382816314697266 -405.0155944824219 251.2592315673828
v 12.617183685302734 -405.0155944824219 256.2592468261719
v -12.382817268371582 -405.0155944824219 256.2592468261719
v -12.382816314697266 -405.0155944824219 251.2592315673828
v 12.617183685302734 -405.0155944824219 251.2592315673828
v 12.617181777954102 -380.0155944824219 256.2592468261719
v 12.617183685302734 -405.0155944824219 256.2592468261719
v 12.617183685302734 -405.0155944824219 251.2592315673828
v 12.617181777954102 -380.0155944824219 251.2592315673828
v -12.382819175720215 -380.0155944824219 256.2592468261719
v 12.617181777954102 -380.0155944824219 256.2592468261719
v 12.617181777954102 -380.0155944824219 251.2592315673828
v -12.382818222045898 -380.0155944824219 251.2592315673828
v -3.7578179836273193 -396.5624694824219 261.2592468261719
v -3.7578184604644775 -388.8124694824219 261.2592468261719
v -12.382819175720215 -380.0155944824219 256.2592468261719
v -12.382817268371582 -405.0155944824219 256.2592468261719
v 3.9921820163726807 -396.5624694824219 261.2592468261719
v -3.7578179836273193 -396.5624694824219 261.2592468261719
v -12.382817268371582 -405.0155944824219 256.2592468261719
v 12.617183685302734 -405.0155944824219 256.2592468261719
v 3.9921815395355225 -388.8124694824219 261.2592468261719
v 3.9921820163726807 -396.5624694824219 261.2592468261719
v 12.617183685302734 -405.0155944824219 256.2592468261719
v 12.617181777954102 -380.0155944824219 256.2592468261719
v -3.7578184604644775 -388.8124694824219 261.2592468261719
v 3.9921815395355225 -388.8124694824219 261.2592468261719
v 12.617181777954102 -380.0155944824219 256.2592468261719
v -12.382819175720215 -380.0155944824219 256.2592468261719
v -8.964851379394531 -383.6054382324219 276.2592468261719
v -3.7578184604644775 -388.8124694824219 261.2592468261719
v -3.7578179836273193 -396.5624694824219 261.2592468261719
v -8.964851379394531 -401.7695007324219 276.2592468261719
v -8.964851379394531 -401.7695007324219 276.2592468261719
v -3.7578179836273193 -396.5624694824219 261.2592468261719
v 3.9921820163726807 -396.5624694824219 261.2592468261719
v 9.199211120605469 -401.7695007324219 276.2592468261719
v 9.199211120605469 -401.7695007324219 276.2592468261719
v 3.9921820163726807 -396.5624694824219 261.2592468261719
v 3.9921815395355225 -388.8124694824219 261.2592468261719
v 9.199211120605469 -383.6054382324219 276.2592468261719
v 9.199211120605469 -383.6054382324219 276.2592468261719
v 3.9921815395355225 -388.8124694824219 261.2592468261719
v -3.7578184604644775 -388.8124694824219 261.2592468261719
v -8.964851379394531 -383.6054382324219 276.2592468261719
v -3.757824659347534 -396.5624694824219 336.2592468261719
v -3.7578251361846924 -388.8124694824219 336.2592468261719
v 3.992175340652466 -396.5624694824219 336.2592468261719
v -3.757824659347534 -396.5624694824219 336.2592468261719
v 3.9921748638153076 -388.8124694824219 336.2592468261719
v 3.992175340652466 -396.5624694824219 336.2592468261719
v -3.7578251361846924 -388.8124694824219 336.2592468261719
v 3.9921748638153076 -388.8124694824219 336.2592468261719
v -12.38282299041748 -405.0155944824219 336.2592468261719
v -12.382824897766113 -405.0155944824219 342.8645324707031
v -12.382826805114746 -380.0155944824219 342.8645324707031
v -12.382824897766113 -380.0155944824219 336.2592468261719
v 12.617176055908203 -405.0155944824219 336.2592468261719
v 12.617175102233887 -405.0155944824219 342.8645324707031
v -12.382824897766113 -405.0155944824219 342.8645324707031
v -12.38282299041748 -405.0155944824219 336.2592468261719
v 12.61717414855957 -380.0155944824219 336.2592468261719
v 12.617173194885254 -380.0155944824219 342.8645324707031
v 12.617175102233887 -405.0155944824219 342.8645324707031
v 12.617176055908203 -405.0155944824219 336.2592468261719
v -12.382824897766113 -380.0155944824219 336.2592468261719
v -12.382826805114746 -380.0155944824219 342.8645324707031
v 12.617173194885254 -380.0155944824219 342.8645324707031
v 12.61717414855957 -380.0155944824219 336.2592468261719
v -3.757824659347534 -396.5624694824219 336.2592468261719
v -12.38282299041748 -405.0155944824219 336.2592468261719
v -12.382824897766113 -380.0155944824219 336.2592468261719
v -3.7578251361846924 -388.8124694824219 336.2592468261719
v 3.992175340652466 -396.5624694824219 336.2592468261719
v 12.617176055908203 -405.0155944824219 336.2592468261719
v 3.9921748638153076 -388.8124694824219 336.2592468261719
v 12.61717414855957 -380.0155944824219 336.2592468261719
v 211.9530792236328 380.0078430175781 250.70994567871094
v 211.9530792236328 405.0078125 250.70994567871094
v 211.9530792236328 405.0078125 245.70994567871094
v 211.9530792236328 380.0078430175781 245.70994567871094
v 236.9530792236328 380.0078430175781 250.70994567871094
v 211.9530792236328 380.0078430175781 250.70994567871094
v 211.9530792236328 380.0078430175781 245.70994567871094
v 236.9530792236328 380.0078430175781 244.4899139404297
v 236.9530792236328 405.0078125 250.70994567871094
v 236.9530792236328 380.0078430175781 250.70994567871094
v 236.9530792236328 380.0078430175781 244.4899139404297
v 236.9530792236328 405.0078125 244.4899139404297
v 211.9530792236328 405.0078125 250.70994567871094
v 236.9530792236328 405.0078125 250.70994567871094
v 236.9530792236328 405.0078125 244.4899139404297
v 211.9530792236328 405.0078125 245.70994567871094
v 220.57809448242188 388.4609680175781 255.70994567871094
v 220.57809448242188 396.2109680175781 255.70994567871094
v 211.9530792236328 405.0078125 250.70994567871094
v 211.9530792236328 380.0078430175781 250.70994567871094
v 228.3280792236328 388.4609680175781 255.70994567871094
v 220.57809448242188 388.4609680175781 255.70994567871094
v 211.9530792236328 380.0078430175781 250.70994567871094
v 236.9530792236328 380.0078430175781 250.70994567871094
v 228.3280792236328 396.2109680175781 255.70994567871094
v 228.3280792236328 388.4609680175781 255.70994567871094
v 236.9530792236328 380.0078430175781 250.70994567871094
v 236.9530792236328 405.0078125 250.70994567871094
v 220.57809448242188 396.2109680175781 255.70994567871094
v 228.3280792236328 396.2109680175781 255.70994567871094
v 236.9530792236328 405.0078125 250.70994567871094
v 211.9530792236328 405.0078125 250.70994567871094
v 215.3710479736328 401.4179992675781 270.7099304199219
v 220.57809448242188 396.2109680175781 255.70994567871094
v 220.57809448242188 388.4609680175781 255.70994567871094
v 215.3710479736328 383.2539367675781 270.7099304199219
v 215.3710479736328 383.2539367675781 270.7099304199219
v 220.57809448242188 388.4609680175781 255.70994567871094
v 228.3280792236328 388.4609680175781 255.70994567871094
v 233.5351104736328 383.2539367675781 270.7099304199219
v 233.5351104736328 383.2539367675781 270.7099304199219
v 228.3280792236328 388.4609680175781 255.70994567871094
v 228.3280792236328 396.2109680175781 255.70994567871094
v 233.5351104736328 401.4179992675781 270.7099304199219
v 233.5351104736328 401.4179992675781 270.7099304199219
v 228.3280792236328 396.2109680175781 255.70994567871094
v 220.57809448242188 396.2109680175781 255.70994567871094
v 215.3710479736328 401.4179992675781 270.7099304199219
v 220.57806396484375 388.4609680175781 330.7099304199219
v 220.57806396484375 396.2109680175781 330.7099304199219
v 228.3280792236328 388.4609680175781 330.7099304199219
v 220.57806396484375 388.4609680175781 330.7099304199219
v 228.3280792236328 396.2109680175781 330.7099304199219
v 228.3280792236328 388.4609680175781 330.7099304199219
v 220.57806396484375 396.2109680175781 330.7099304199219
v 228.3280792236328 396.2109680175781 330.7099304199219
v 211.9530792236328 380.0078430175781 330.7099304199219
v 211.9530792236328 380.0078430175781 336.9059143066406
v 211.9530792236328 405.0078125 336.8804016113281
v 211.9530792236328 405.0078125 330.7099304199219
v 236.9530792236328 380.0078430175781 330.7099304199219
v 236.9530792236328 380.0078430175781 335.7099914550781
v 211.9530792236328 380.0078430175781 336.9059143066406
v 211.9530792236328 380.0078430175781 330.7099304199219
v 236.9530792236328 405.0078125 330.7099304199219
v 236.9530792236328 405.0078125 335.7099914550781
v 236.9530792236328 380.0078430175781 335.7099914550781
v 236.9530792236328 380.0078430175781 330.7099304199219
v 211.9530792236328 405.0078125 330.7099304199219
v 211.9530792236328 405.0078125 336.8804016113281
v 236.9530792236328 405.0078125 335.7099914550781
v 236.9530792236328 405.0078125 330.7099304199219
v 220.57806396484375 388.4609680175781 330.7099304199219
v 211.9530792236328 380.0078430175781 330.7099304199219
v 211.9530792236328 405.0078125 330.7099304199219
v 220.57806396484375 396.2109680175781 330.7099304199219
v 228.3280792236328 388.4609680175781 330.7099304199219
v 236.9530792236328 380.0078430175781 330.7099304199219
v 228.3280792236328 396.2109680175781 330.7099304199219
v 236.9530792236328 405.0078125 330.7099304199219
v 438.59368896484375 380.0078430175781 235.60284423828125
v 438.59368896484375 405.0078125 235.60284423828125
v 438.59368896484375 405.0078125 230.60284423828125
v 438.59368896484375 380.0078430175781 230.60284423828125
v 463.59368896484375 380.0078430175781 235.60284423828125
v 438.59368896484375 380.0078430175781 235.60284423828125
v 438.59368896484375 380.0078430175781 230.60284423828125
v 463.59368896484375 380.0078430175781 228.81756591796875
v 463.59368896484375 405.0078125 235.60284423828125
v 463.59368896484375 380.0078430175781 235.60284423828125
v 463.59368896484375 380.0078430175781 228.81756591796875
v 463.59368896484375 405.0078125 228.81756591796875
v 438.59368896484375 405.0078125 235.60284423828125
v 463.59368896484375 405.0078125 235.60284423828125
v 463.59368896484375 405.0078125 228.81756591796875
v 438.59368896484375 405.0078125 230.60284423828125
v 447.2187194824219 388.4609680175781 240.6028289794922
v 447.2187194824219 396.2109680175781 240.6028289794922
v 438.59368896484375 405.0078125 235.60284423828125
v 438.59368896484375 380.0078430175781 235.60284423828125
v 454.9687194824219 388.4609680175781 240.6028289794922
v 447.2187194824219 388.4609680175781 240.6028289794922
v 438.59368896484375 380.0078430175781 235.60284423828125
v 463.59368896484375 380.0078430175781 235.60284423828125
v 454.9687194824219 396.2109680175781 240.6028289794922
v 454.9687194824219 388.4609680175781 240.6028289794922
v 463.59368896484375 380.0078430175781 235.60284423828125
v 463.59368896484375 405.0078125 235.60284423828125
v 447.2187194824219 396.2109680175781 240.6028289794922
v 454.9687194824219 396.2109680175781 240.6028289794922
v 463.59368896484375 405.0078125 235.60284423828125
v 438.59368896484375 405.0078125 235.60284423828125
v 442.01165771484375 401.4179992675781 255.60284423828125
v 447.2187194824219 396.2109680175781 240.6028289794922
v 447.2187194824219 388.4609680175781 240.6028289794922
v 442.01165771484375 383.2539367675781 255.60284423828125
v 442.01165771484375 383.2539367675781 255.60284423828125
v 447.2187194824219 388.4609680175781 240.6028289794922
v 454.9687194824219 388.4609680175781 240.6028289794922
v 460.17572021484375 383.2539367675781 255.60284423828125
v 460.17572021484375 383.2539367675781 255.60284423828125
v 454.9687194824219 388.4609680175781 240.6028289794922
v 454.9687194824219 396.2109680175781 240.6028289794922
v 460.17572021484375 401.4179992675781 255.60284423828125
v 460.17572021484375 401.4179992675781 255.60284423828125
v 454.9687194824219 396.2109680175781 240.6028289794922
v 447.2187194824219 396.2109680175781 240.6028289794922
v 442.01165771484375 401.4179992675781 255.60284423828125
v 447.2187194824219 388.46099853515625 315.60284423828125
v 447.2187194824219 396.21099853515625 315.60284423828125
v 454.9687194824219 388.46099853515625 315.60284423828125
v 447.2187194824219 388.46099853515625 315.60284423828125
v 454.9687194824219 396.21099853515625 315.60284423828125
v 454.9687194824219 388.46099853515625 315.60284423828125
v 447.2187194824219 396.21099853515625 315.60284423828125
v 454.9687194824219 396.21099853515625 315.60284423828125
v 438.59368896484375 380.00787353515625 315.60284423828125
v 438.59368896484375 380.00787353515625 321.79888916015625
v 438.59368896484375 405.0078430175781 321.84759521484375
v 438.59368896484375 405.0078430175781 315.60284423828125
v 463.59368896484375 380.00787353515625 315.60284423828125
v 463.59368896484375 380.00787353515625 319.7601623535156
v 438.59368896484375 380.00787353515625 321.79888916015625
v 438.59368896484375 380.00787353515625 315.60284423828125
v 463.59368896484375 405.0078430175781 315.60284423828125
v 463.59368896484375 405.0078430175781 319.7601623535156
v 463.59368896484375 380.00787353515625 319.7601623535156
v 463.59368896484375 380.00787353515625 315.60284423828125
v 438.59368896484375 405.0078430175781 315.60284423828125
v 438.59368896484375 405.0078430175781 321.84759521484375
v 463.59368896484375 405.0078430175781 319.7601623535156
v 463.59368896484375 405.0078430175781 315.60284423828125
v 447.2187194824219 388.46099853515625 315.60284423828125
v 438.59368896484375 380.00787353515625 315.60284423828125
v 438.59368896484375 405.0078430175781 315.60284423828125
v 447.2187194824219 396.21099853515625 315.60284423828125
v 454.9687194824219 388.46099853515625 315.60284423828125
v 463.59368896484375 380.00787353515625 315.60284423828125
v 454.9687194824219 396.21099853515625 315.60284423828125
v 463.59368896484375 405.0078430175781 315.60284423828125
v 887.609375 380.00787353515625 192.97227478027344
v 887.609375 405.0078430175781 192.97227478027344
v 887.609375 405.0078430175781 187.9722900390625
v 887.609375 380.00787353515625 187.9722900390625
v 912.609375 380.00787353515625 192.97227478027344
v 887.609375 380.00787353515625 192.97227478027344
v 887.609375 380.00787353515625 187.9722900390625
v 912.609375 380.00787353515625 186.18695068359375
v 912.609375 405.0078430175781 192.97227478027344
v 912.609375 380.00787353515625 192.97227478027344
v 912.609375 380.00787353515625 186.18695068359375
v 912.609375 405.0078430175781 186.18695068359375
v 887.609375 405.0078430175781 192.97227478027344
v 912.609375 405.0078430175781 192.97227478027344
v 912.609375 405.0078430175781 186.18695068359375
v 887.609375 405.0078430175781 187.9722900390625
v 896.2343139648438 388.46099853515625 197.97227478027344
v 896.2343139648438 396.21099853515625 197.97227478027344
v 887.609375 405.0078430175781 192.97227478027344
v 887.609375 380.00787353515625 192.97227478027344
v 903.984375 388.46099853515625 197.97227478027344
v 896.2343139648438 388.46099853515625 197.97227478027344
v 887.609375 380.00787353515625 192.97227478027344
v 912.609375 380.00787353515625 192.97227478027344
v 903.984375 396.21099853515625 197.97227478027344
v 903.984375 388.46099853515625 197.97227478027344
v 912.609375 380.00787353515625 192.97227478027344
v 912.609375 405.0078430175781 192.97227478027344
v 896.2343139648438 396.21099853515625 197.97227478027344
v 903.984375 396.21099853515625 197.97227478027344
v 912.609375 405.0078430175781 192.97227478027344
v 887.609375 405.0078430175781 192.97227478027344
v 891.02734375 401.41802978515625 212.97227478027344
v 896.2343139648438 396.21099853515625 197.97227478027344
v 896.2343139648438 388.46099853515625 197.97227478027344
v 891.02734375 383.25396728515625 212.97227478027344
v 891.02734375 383.25396728515625 212.97227478027344
v 896.2343139648438 388.46099853515625 197.97227478027344
v 903.984375 388.46099853515625 197.97227478027344
v 909.19140625 383.25396728515625 212.97227478027344
v 909.19140625 383.25396728515625 212.97227478027344
v 903.984375 388.46099853515625 197.97227478027344
v 903.984375 396.21099853515625 197.97227478027344
v 909.19140625 401.41802978515625 212.97227478027344
v 909.19140625 401.41802978515625 212.97227478027344
v 903.984375 396.21099853515625 197.97227478027344
v 896.2343139648438 396.21099853515625 197.97227478027344
v 891.02734375 401.41802978515625 212.97227478027344
v 896.2343139648438 388.46099853515625 272.9722595214844
v 896.2343139648438 396.21099853515625 272.9722595214844
v 903.984375 388.46099853515625 272.9722595214844
v 896.2343139648438 388.46099853515625 272.9722595214844
v 903.984375 396.21099853515625 272.9722595214844
v 903.984375 388.46099853515625 272.9722595214844
v 896.2343139648438 396.21099853515625 272.9722595214844
v 903.984375 396.21099853515625 272.9722595214844
v 887.609375 380.00787353515625 272.9722595214844
v 887.609375 380.00787353515625 279.1682434082031
v 887.609375 405.0078430175781 279.1682434082031
v 887.609375 405.0078430175781 272.9722595214844
v 912.609375 380.00787353515625 272.9722595214844
v 912.609375 380.00787353515625 276.6330261230469
v 887.609375 380.00787353515625 279.1682434082031
v 887.609375 380.00787353515625 272.9722595214844
v 912.609375 405.0078430175781 272.9722595214844
v 912.609375 405.0078430175781 276.6330261230469
v 912.609375 380.00787353515625 276.6330261230469
v 912.609375 380.00787353515625 272.9722595214844
v 887.609375 405.0078430175781 272.9722595214844
v 887.609375 405.0078430175781 279.1682434082031
v 912.609375 405.0078430175781 276.6330261230469
v 912.609375 405.0078430175781 272.9722595214844
v 896.2343139648438 388.46099853515625 272.9722595214844
v 887.609375 380.00787353515625 272.9722595214844
v 887.609375 405.0078430175781 272.9722595214844
v 896.2343139648438 396.21099853515625 272.9722595214844
v 903.984375 388.46099853515625 272.9722595214844
v 912.609375 380.00787353515625 272.9722595214844
v 903.984375 396.21099853515625 272.9722595214844
v 912.609375 405.0078430175781 272.9722595214844
v 1112.6875 380.00787353515625 173.4630126953125
v 1112.6875 405.0078430175781 173.4630126953125
v 1112.6875 405.0078430175781 168.4630126953125
v 1112.6875 380.00787353515625 168.4630126953125
v 1137.6875 380.00787353515625 173.4630126953125
v 1112.6875 380.00787353515625 173.4630126953125
v 1112.6875 380.00787353515625 168.4630126953125
v 1137.6875 380.00787353515625 166.6776885986328
v 1137.6875 405.0078430175781 173.4630126953125
v 1137.6875 380.00787353515625 173.4630126953125
v 1137.6875 380.00787353515625 166.6776885986328
v 1137.6875 405.0078430175781 166.6776885986328
v 1112.6875 405.0078430175781 173.4630126953125
v 1137.6875 405.0078430175781 173.4630126953125
v 1137.6875 405.0078430175781 166.6776885986328
v 1112.6875 405.0078430175781 168.4630126953125
v 1121.3125 388.46099853515625 178.4630126953125
v 1121.3125 396.21099853515625 178.4630126953125
v 1112.6875 405.0078430175781 173.4630126953125
v 1112.6875 380.00787353515625 173.4630126953125
v 1129.0625 388.46099853515625 178.4630126953125
v 1121.3125 388.46099853515625 178.4630126953125
v 1112.6875 380.00787353515625 173.4630126953125
v 1137.6875 380.00787353515625 173.4630126953125
v 1129.0625 396.21099853515625 178.4630126953125
v 1129.0625 388.46099853515625 178.4630126953125
v 1137.6875 380.00787353515625 173.4630126953125
v 1137.6875 405.0078430175781 173.4630126953125
v 1121.3125 396.21099853515625 178.4630126953125
v 1129.0625 396.21099853515625 178.4630126953125
v 1137.6875 405.0078430175781 173.4630126953125
v 1112.6875 405.0078430175781 173.4630126953125
v 1116.10546875 401.41802978515625 193.4630126953125
v 1121.3125 396.21099853515625 178.4630126953125
v 1121.3125 388.46099853515625 178.4630126953125
v 1116.10546875 383.25396728515625 193.4630126953125
v 1116.10546875 383.25396728515625 193.4630126953125
v 1121.3125 388.46099853515625 178.4630126953125
v 1129.0625 388.46099853515625 178.4630126953125
v 1134.26953125 383.25396728515625 193.4630126953125
v 1134.26953125 383.25396728515625 193.4630126953125
v 1129.0625 388.46099853515625 178.4630126953125
v 1129.0625 396.21099853515625 178.4630126953125
v 1134.26953125 401.41802978515625 193.4630126953125
v 1134.26953125 401.41802978515625 193.4630126953125
v 1129.0625 396.21099853515625 178.4630126953125
v 1121.3125 396.21099853515625 178.4630126953125
v 1116.10546875 401.41802978515625 193.4630126953125
v 1121.3125 388.46099853515625 253.46302795410156
v 1121.3125 396.21099853515625 253.46302795410156
v 1129.0625 388.46099853515625 253.46302795410156
v 1121.3125 388.46099853515625 253.46302795410156
v 1129.0625 396.21099853515625 253.46302795410156
v 1129.0625 388.46099853515625 253.46302795410156
v 1121.3125 396.21099853515625 253.46302795410156
v 1129.0625 396.21099853515625 253.46302795410156
v 1112.6875 380.00787353515625 253.46302795410156
v 1112.6875 380.00787353515625 259.3384704589844
v 1112.6875 405.0078430175781 259.3384704589844
v 1112.6875 405.0078430175781 253.46302795410156
v 1137.6875 380.00787353515625 253.46302795410156
v 1137.6875 380.00787353515625 257.5904235839844
v 1112.6875 380.00787353515625 259.3384704589844
v 1112.6875 380.00787353515625 253.46302795410156
v 1137.6875 405.0078430175781 253.46302795410156
v 1137.6875 405.0078430175781 257.5904235839844
v 1137.6875 380.00787353515625 257.5904235839844
v 1137.6875 380.00787353515625 253.46302795410156
v 1112.6875 405.0078430175781 253.46302795410156
v 1112.6875 405.0078430175781 259.3384704589844
v 1137.6875 405.0078430175781 257.5904235839844
v 1137.6875 405.0078430175781 253.46302795410156
v 1121.3125 388.46099853515625 253.46302795410156
v 1112.6875 380.00787353515625 253.46302795410156
v 1112.6875 405.0078430175781 253.46302795410156
v 1121.3125 396.21099853515625 253.46302795410156
v 1129.0625 388.46099853515625 253.46302795410156
v 1137.6875 380.00787353515625 253.46302795410156
v 1129.0625 396.21099853515625 253.46302795410156
v 1137.6875 405.0078430175781 253.46302795410156
v 1337.0703125 380.00787353515625 160.37319946289062
v 1337.0703125 405.0078430175781 160.37319946289062
v 1337.0703125 405.0078430175781 155.37319946289062
v 1337.0703125 380.00787353515625 155.37319946289062
v 1362.0703125 380.00787353515625 160.37319946289062
v 1337.0703125 380.00787353515625 160.37319946289062
v 1337.0703125 380.00787353515625 155.37319946289062
v 1362.0703125 380.00787353515625 154.61154174804688
v 1362.0703125 405.0078430175781 160.37319946289062
v 1362.0703125 380.00787353515625 160.37319946289062
v 1362.0703125 380.00787353515625 154.61154174804688
v 1362.0703125 405.0078430175781 154.61154174804688
v 1337.0703125 405.0078430175781 160.37319946289062
v 1362.0703125 405.0078430175781 160.37319946289062
v 1362.0703125 405.0078430175781 154.61154174804688
v 1337.0703125 405.0078430175781 155.37319946289062
v 1345.6953125 388.46099853515625 165.37319946289062
v 1345.6953125 396.21099853515625 165.37319946289062
v 1337.0703125 405.0078430175781 160.37319946289062
v 1337.0703125 380.00787353515625 160.37319946289062
v 1353.4453125 388.46099853515625 165.37319946289062
v 1345.6953125 388.46099853515625 165.37319946289062
v 1337.0703125 380.00787353515625 160.37319946289062
v 1362.0703125 380.00787353515625 160.37319946289062
v 1353.4453125 396.21099853515625 165.37319946289062
v 1353.4453125 388.46099853515625 165.37319946289062
v 1362.0703125 380.00787353515625 160.37319946289062
v 1362.0703125 405.0078430175781 160.37319946289062
v 1345.6953125 396.21099853515625 165.37319946289062
v 1353.4453125 396.21099853515625 165.37319946289062
v 1362.0703125 405.0078430175781 160.37319946289062
v 1337.0703125 405.0078430175781 160.37319946289062
v 1340.48828125 401.41802978515625 180.37319946289062
v 1345.6953125 396.21099853515625 165.37319946289062
v 1345.6953125 388.46099853515625 165.37319946289062
v 1340.48828125 383.25396728515625 180.37319946289062
v 1340.48828125 383.25396728515625 180.37319946289062
v 1345.6953125 388.46099853515625 165.37319946289062
v 1353.4453125 388.46099853515625 165.37319946289062
v 1358.65234375 383.25396728515625 180.37319946289062
v 1358.65234375 383.25396728515625 180.37319946289062
v 1353.4453125 388.46099853515625 165.37319946289062
v 1353.4453125 396.21099853515625 165.37319946289062
v 1358.65234375 401.41802978515625 180.37319946289062
v 1358.65234375 401.41802978515625 180.37319946289062
v 1353.4453125 396.21099853515625 165.37319946289062
v 1345.6953125 396.21099853515625 165.37319946289062
v 1340.48828125 401.41802978515625 180.37319946289062
v 1345.6953125 388.4610290527344 240.37318420410156
v 1345.6953125 396.2110290527344 240.37318420410156
v 1353.4453125 388.4610290527344 240.37318420410156
v 1345.6953125 388.4610290527344 240.37318420410156
v 1353.4453125 396.2110290527344 240.37318420410156
v 1353.4453125 388.4610290527344 240.37318420410156
v 1345.6953125 396.2110290527344 240.37318420410156
v 1353.4453125 396.2110290527344 240.37318420410156
v 1337.0703125 380.0079040527344 240.37318420410156
v 1337.0703125 380.0079040527344 246.13528442382812
v 1337.0703125 405.00787353515625 246.13528442382812
v 1337.0703125 405.00787353515625 240.37318420410156
v 1362.0703125 380.0079040527344 240.37318420410156
v 1362.0703125 380.0079040527344 245.3732147216797
v 1337.0703125 380.0079040527344 246.13528442382812
v 1337.0703125 380.0079040527344 240.37318420410156
v 1362.0703125 405.00787353515625 240.37318420410156
v 1362.0703125 405.00787353515625 245.3732147216797
v 1362.0703125 380.0079040527344 245.3732147216797
v 1362.0703125 380.0079040527344 240.37318420410156
v 1337.0703125 405.00787353515625 240.37318420410156
v 1337.0703125 405.00787353515625 246.13528442382812
v 1362.0703125 405.00787353515625 245.3732147216797
v 1362.0703125 405.00787353515625 240.37318420410156
v 1345.6953125 388.4610290527344 240.37318420410156
v 1337.0703125 380.0079040527344 240.37318420410156
v 1337.0703125 405.00787353515625 240.37318420410156
v 1345.6953125 396.2110290527344 240.37318420410156
v 1353.4453125 388.4610290527344 240.37318420410156
v 1362.0703125 380.0079040527344 240.37318420410156
v 1353.4453125 396.2110290527344 240.37318420410156
v 1362.0703125 405.00787353515625 240.37318420410156
v -211.71878051757812 380.0078125 250.70989990234375
v -211.71878051757812 380.0078125 245.70989990234375
v -211.71878051757812 405.0077819824219 245.70989990234375
v -211.71878051757812 405.0077819824219 250.70989990234375
v -236.71878051757812 380.0078125 250.70989990234375
v -236.71878051757812 380.0078125 244.4898681640625
v -211.71878051757812 380.0078125 245.70989990234375
v -211.71878051757812 380.0078125 250.70989990234375
v -236.71878051757812 405.0077819824219 250.70989990234375
v -236.71878051757812 405.0077819824219 244.4898681640625
v -236.71878051757812 380.0078125 244.4898681640625
v -236.71878051757812 380.0078125 250.70989990234375
v -211.71878051757812 405.0077819824219 250.70989990234375
v -211.71878051757812 405.0077819824219 245.70989990234375
v -236.71878051757812 405.0077819824219 244.4898681640625
v -236.71878051757812 405.0077819824219 250.70989990234375
v -220.34378051757812 388.4609375 255.7099151611328
v -211.71878051757812 380.0078125 250.70989990234375
v -211.71878051757812 405.0077819824219 250.70989990234375
v -220.34378051757812 396.2109375 255.7099151611328
v -228.0937957763672 388.4609375 255.7099151611328
v -236.71878051757812 380.0078125 250.70989990234375
v -211.71878051757812 380.0078125 250.70989990234375
v -220.34378051757812 388.4609375 255.7099151611328
v -228.0937957763672 396.2109375 255.7099151611328
v -236.71878051757812 405.0077819824219 250.70989990234375
v -236.71878051757812 380.0078125 250.70989990234375
v -228.0937957763672 388.4609375 255.7099151611328
v -220.34378051757812 396.2109375 255.7099151611328
v -211.71878051757812 405.0077819824219 250.70989990234375
v -236.71878051757812 405.0077819824219 250.70989990234375
v -228.0937957763672 396.2109375 255.7099151611328
v -215.13674926757812 401.41796875 270.70989990234375
v -215.13674926757812 383.25390625 270.70989990234375
v -220.34378051757812 388.4609375 255.7099151611328
v -220.34378051757812 396.2109375 255.7099151611328
v -215.13674926757812 383.25390625 270.70989990234375
v -233.30081176757812 383.25390625 270.70989990234375
v -228.0937957763672 388.4609375 255.7099151611328
v -220.34378051757812 388.4609375 255.7099151611328
v -233.30081176757812 383.25390625 270.70989990234375
v -233.30081176757812 401.41796875 270.70989990234375
v -228.0937957763672 396.2109375 255.7099151611328
v -228.0937957763672 388.4609375 255.7099151611328
v -233.30081176757812 401.41796875 270.70989990234375
v -215.13674926757812 401.41796875 270.70989990234375
v -220.34378051757812 396.2109375 255.7099151611328
v -228.0937957763672 396.2109375 255.7099151611328
v -220.34378051757812 396.2109680175781 330.7099304199219
v -220.34378051757812 388.4609680175781 330.7099304199219
v -220.34378051757812 388.4609680175781 330.7099304199219
v -228.0937957763672 388.4609680175781 330.7099304199219
v -228.0937957763672 388.4609680175781 330.7099304199219
v -228.0937957763672 396.2109680175781 330.7099304199219
v -228.0937957763672 396.2109680175781 330.7099304199219
v -220.34378051757812 396.2109680175781 330.7099304199219
v -211.71881103515625 380.0078430175781 330.7099304199219
v -211.71881103515625 405.0078125 330.7099304199219
v -211.71881103515625 405.0078125 336.8804016113281
v -211.71881103515625 380.0078430175781 336.9059143066406
v -236.71881103515625 380.0078430175781 330.7099304199219
v -211.71881103515625 380.0078430175781 330.7099304199219
v -211.71881103515625 380.0078430175781 336.9059143066406
v -236.71881103515625 380.0078430175781 335.7099609375
v -236.71881103515625 405.0078125 330.7099304199219
v -236.71881103515625 380.0078430175781 330.7099304199219
v -236.71881103515625 380.0078430175781 335.7099609375
v -236.71881103515625 405.0078125 335.7099609375
v -211.71881103515625 405.0078125 330.7099304199219
v -236.71881103515625 405.0078125 330.7099304199219
v -236.71881103515625 405.0078125 335.7099609375
v -211.71881103515625 405.0078125 336.8804016113281
v -220.34378051757812 388.4609680175781 330.7099304199219
v -220.34378051757812 396.2109680175781 330.7099304199219
v -211.71881103515625 405.0078125 330.7099304199219
v -211.71881103515625 380.0078430175781 330.7099304199219
v -228.0937957763672 388.4609680175781 330.7099304199219
v -236.71881103515625 380.0078430175781 330.7099304199219
v -228.0937957763672 396.2109680175781 330.7099304199219
v -236.71881103515625 405.0078125 330.7099304199219
v -438.35943603515625 380.0078125 235.602783203125
v -438.35943603515625 380.0078125 230.60276794433594
v -438.35943603515625 405.0077819824219 230.60276794433594
v -438.35943603515625 405.0077819824219 235.602783203125
v -463.35943603515625 380.0078125 235.602783203125
v -463.35943603515625 380.0078125 228.81748962402344
v -438.35943603515625 380.0078125 230.60276794433594
v -438.35943603515625 380.0078125 235.602783203125
v -463.35943603515625 405.0077819824219 235.602783203125
v -463.35943603515625 405.0077819824219 228.81748962402344
v -463.35943603515625 380.0078125 228.81748962402344
v -463.35943603515625 380.0078125 235.602783203125
v -438.35943603515625 405.0077819824219 235.602783203125
v -438.35943603515625 405.0077819824219 230.60276794433594
v -463.35943603515625 405.0077819824219 228.81748962402344
v -463.35943603515625 405.0077819824219 235.602783203125
v -446.9844055175781 388.4609375 240.602783203125
v -438.35943603515625 380.0078125 235.602783203125
v -438.35943603515625 405.0077819824219 235.602783203125
v -446.9844055175781 396.2109375 240.602783203125
v -454.7344055175781 388.4609375 240.602783203125
v -463.35943603515625 380.0078125 235.602783203125
v -438.35943603515625 380.0078125 235.602783203125
v -446.9844055175781 388.4609375 240.602783203125
v -454.7344055175781 396.2109375 240.602783203125
v -463.35943603515625 405.0077819824219 235.602783203125
v -463.35943603515625 380.0078125 235.602783203125
v -454.7344055175781 388.4609375 240.602783203125
v -446.9844055175781 396.2109375 240.602783203125
v -438.35943603515625 405.0077819824219 235.602783203125
v -463.35943603515625 405.0077819824219 235.602783203125
v -454.7344055175781 396.2109375 240.602783203125
v -441.77740478515625 401.41796875 255.60276794433594
v -441.77740478515625 383.25390625 255.60276794433594
v -446.9844055175781 388.4609375 240.602783203125
v -446.9844055175781 396.2109375 240.602783203125
v -441.77740478515625 383.25390625 255.60276794433594
v -459.94146728515625 383.25390625 255.60276794433594
v -454.7344055175781 388.4609375 240.602783203125
v -446.9844055175781 388.4609375 240.602783203125
v -459.94146728515625 383.25390625 255.60276794433594
v -459.94146728515625 401.41796875 255.60276794433594
v -454.7344055175781 396.2109375 240.602783203125
v -454.7344055175781 388.4609375 240.602783203125
v -459.94146728515625 401.41796875 255.60276794433594
v -441.77740478515625 401.41796875 255.60276794433594
v -446.9844055175781 396.2109375 240.602783203125
v -454.7344055175781 396.2109375 240.602783203125
v -446.9844055175781 396.2109375 315.6027526855469
v -446.9844055175781 388.4609375 315.6027526855469
v -446.9844055175781 388.4609375 315.6027526855469
v -454.7344055175781 388.4609375 315.6027526855469
v -454.7344055175781 388.4609375 315.6027526855469
v -454.7344055175781 396.2109375 315.6027526855469
v -454.7344055175781 396.2109375 315.6027526855469
v -446.9844055175781 396.2109375 315.6027526855469
v -438.35943603515625 380.0078125 315.6027526855469
v -438.35943603515625 405.0077819824219 315.6027526855469
v -438.35943603515625 405.0077819824219 321.8475341796875
v -438.35943603515625 380.0078125 321.7987976074219
v -463.35943603515625 380.0078125 315.6027526855469
v -438.35943603515625 380.0078125 315.6027526855469
v -438.35943603515625 380.0078125 321.7987976074219
v -463.35943603515625 380.0078125 319.7600402832031
v -463.35943603515625 405.0077819824219 315.6027526855469
v -463.35943603515625 380.0078125 315.6027526855469
v -463.35943603515625 380.0078125 319.7600402832031
v -463.35943603515625 405.0077819824219 319.7600402832031
v -438.35943603515625 405.0077819824219 315.6027526855469
v -463.35943603515625 405.0077819824219 315.6027526855469
v -463.35943603515625 405.0077819824219 319.7600402832031
v -438.35943603515625 405.0077819824219 321.8475341796875
v -446.9844055175781 388.4609375 315.6027526855469
v -446.9844055175781 396.2109375 315.6027526855469
v -438.35943603515625 405.0077819824219 315.6027526855469
v -438.35943603515625 380.0078125 315.6027526855469
v -454.7344055175781 388.4609375 315.6027526855469
v -463.35943603515625 380.0078125 315.6027526855469
v -454.7344055175781 396.2109375 315.6027526855469
v -463.35943603515625 405.0077819824219 315.6027526855469
v -887.375 380.0077819824219 192.97210693359375
v -887.375 380.0077819824219 187.97210693359375
v -887.375 405.00775146484375 187.97210693359375
v -887.375 405.00775146484375 192.97210693359375
v -912.375 380.0077819824219 192.97210693359375
v -912.375 380.0077819824219 186.186767578125
v -887.375 380.0077819824219 187.97210693359375
v -887.375 380.0077819824219 192.97210693359375
v -912.375 405.00775146484375 192.97210693359375
v -912.375 405.00775146484375 186.186767578125
v -912.375 380.0077819824219 186.186767578125
v -912.375 380.0077819824219 192.97210693359375
v -887.375 405.00775146484375 192.97210693359375
v -887.375 405.00775146484375 187.97210693359375
v -912.375 405.00775146484375 186.186767578125
v -912.375 405.00775146484375 192.97210693359375
v -896.0 388.4609069824219 197.97210693359375
v -887.375 380.0077819824219 192.97210693359375
v -887.375 405.00775146484375 192.97210693359375
v -896.0 396.2109069824219 197.97210693359375
v -903.7500610351562 388.4609069824219 197.97210693359375
v -912.375 380.0077819824219 192.97210693359375
v -887.375 380.0077819824219 192.97210693359375
v -896.0 388.4609069824219 197.97210693359375
v -903.7500610351562 396.2109069824219 197.97210693359375
v -912.375 405.00775146484375 192.97210693359375
v -912.375 380.0077819824219 192.97210693359375
v -903.7500610351562 388.4609069824219 197.97210693359375
v -896.0 396.2109069824219 197.97210693359375
v -887.375 405.00775146484375 192.97210693359375
v -912.375 405.00775146484375 192.97210693359375
v -903.7500610351562 396.2109069824219 197.97210693359375
v -890.79296875 401.4179382324219 212.97210693359375
v -890.79296875 383.2538757324219 212.97210693359375
v -896.0 388.4609069824219 197.97210693359375
v -896.0 396.2109069824219 197.97210693359375
v -890.79296875 383.2538757324219 212.97210693359375
v -908.95703125 383.2538757324219 212.97210693359375
v -903.7500610351562 388.4609069824219 197.97210693359375
v -896.0 388.4609069824219 197.97210693359375
v -908.95703125 383.2538757324219 212.97210693359375
v -908.95703125 401.4179382324219 212.97210693359375
v -903.7500610351562 396.2109069824219 197.97210693359375
v -903.7500610351562 388.4609069824219 197.97210693359375
v -908.95703125 401.4179382324219 212.97210693359375
v -890.79296875 401.4179382324219 212.97210693359375
v -896.0 396.2109069824219 197.97210693359375
v -903.7500610351562 396.2109069824219 197.97210693359375
v -896.0 396.2109069824219 272.97210693359375
v -896.0 388.4609069824219 272.97210693359375
v -896.0 388.4609069824219 272.97210693359375
v -903.7500610351562 388.4609069824219 272.97210693359375
v -903.7500610351562 388.4609069824219 272.97210693359375
v -903.7500610351562 396.2109069824219 272.97210693359375
v -903.7500610351562 396.2109069824219 272.97210693359375
v -896.0 396.2109069824219 272.97210693359375
v -887.375 380.0078125 272.97210693359375
v -887.375 405.0077819824219 272.97210693359375
v -887.375 405.0077819824219 279.1681213378906
v -887.375 380.0078125 279.1681213378906
v -912.375 380.0077819824219 272.97210693359375
v -887.375 380.0078125 272.97210693359375
v -887.375 380.0078125 279.1681213378906
v -912.375 380.0077819824219 276.6329040527344
v -912.375 405.00775146484375 272.97210693359375
v -912.375 380.0077819824219 272.97210693359375
v -912.375 380.0077819824219 276.6329040527344
v -912.375 405.00775146484375 276.6329040527344
v -887.375 405.0077819824219 272.97210693359375
v -912.375 405.00775146484375 272.97210693359375
v -912.375 405.00775146484375 276.6329040527344
v -887.375 405.0077819824219 279.1681213378906
v -896.0 388.4609069824219 272.97210693359375
v -896.0 396.2109069824219 272.97210693359375
v -887.375 405.0077819824219 272.97210693359375
v -887.375 380.0078125 272.97210693359375
v -903.7500610351562 388.4609069824219 272.97210693359375
v -912.375 380.0077819824219 272.97210693359375
v -903.7500610351562 396.2109069824219 272.97210693359375
v -912.375 405.00775146484375 272.97210693359375
v -1112.453125 380.0077819824219 173.46282958984375
v -1112.453125 380.0077819824219 168.4628143310547
v -1112.453125 405.00775146484375 168.4628143310547
v -1112.453125 405.00775146484375 173.46282958984375
v -1137.453125 380.0077819824219 173.46282958984375
v -1137.453125 380.0077819824219 166.67747497558594
v -1112.453125 380.0077819824219 168.4628143310547
v -1112.453125 380.0077819824219 173.46282958984375
v -1137.453125 405.00775146484375 173.46282958984375
v -1137.453125 405.00775146484375 166.67747497558594
v -1137.453125 380.0077819824219 166.67747497558594
v -1137.453125 380.0077819824219 173.46282958984375
v -1112.453125 405.00775146484375 173.46282958984375
v -1112.453125 405.00775146484375 168.4628143310547
v -1137.453125 405.00775146484375 166.67747497558594
v -1137.453125 405.00775146484375 173.46282958984375
v -1121.078125 388.4609069824219 178.46282958984375
v -1112.453125 380.0077819824219 173.46282958984375
v -1112.453125 405.00775146484375 173.46282958984375
v -1121.078125 396.2109069824219 178.46282958984375
v -1128.828125 388.4609069824219 178.46282958984375
v -1137.453125 380.0077819824219 173.46282958984375
v -1112.453125 380.0077819824219 173.46282958984375
v -1121.078125 388.4609069824219 178.46282958984375
v -1128.828125 396.2109069824219 178.46282958984375
v -1137.453125 405.00775146484375 173.46282958984375
v -1137.453125 380.0077819824219 173.46282958984375
v -1128.828125 388.4609069824219 178.46282958984375
v -1121.078125 396.2109069824219 178.46282958984375
v -1112.453125 405.00775146484375 173.46282958984375
v -1137.453125 405.00775146484375 173.46282958984375
v -1128.828125 396.2109069824219 178.46282958984375
v -1115.87109375 401.4179382324219 193.4628143310547
v -1115.87109375 383.2538757324219 193.4628143310547
v -1121.078125 388.4609069824219 178.46282958984375
v -1121.078125 396.2109069824219 178.46282958984375
v -1115.87109375 383.2538757324219 193.4628143310547
v -1134.03515625 383.2538757324219 193.4628143310547
v -1128.828125 388.4609069824219 178.46282958984375
v -1121.078125 388.4609069824219 178.46282958984375
v -1134.03515625 383.2538757324219 193.4628143310547
v -1134.03515625 401.4179382324219 193.4628143310547
v -1128.828125 396.2109069824219 178.46282958984375
v -1128.828125 388.4609069824219 178.46282958984375
v -1134.03515625 401.4179382324219 193.4628143310547
v -1115.87109375 401.4179382324219 193.4628143310547
v -1121.078125 396.2109069824219 178.46282958984375
v -1128.828125 396.2109069824219 178.46282958984375
v -1121.078125 396.2109069824219 253.46282958984375
v -1121.078125 388.4609069824219 253.46282958984375
v -1121.078125 388.4609069824219 253.46282958984375
v -1128.828125 388.4609069824219 253.46282958984375
v -1128.828125 388.4609069824219 253.46282958984375
v -1128.828125 396.2109069824219 253.46282958984375
v -1128.828125 396.2109069824219 253.46282958984375
v -1121.078125 396.2109069824219 253.46282958984375
v -1112.453125 380.0077819824219 253.46282958984375
v -1112.453125 405.00775146484375 253.46282958984375
v -1112.453125 405.00775146484375 259.3382263183594
v -1112.453125 380.0077819824219 259.3382263183594
v -1137.453125 380.0077819824219 253.46282958984375
v -1112.453125 380.0077819824219 253.46282958984375
v -1112.453125 380.0077819824219 259.3382263183594
v -1137.453125 380.0077819824219 257.5901794433594
v -1137.453125 405.00775146484375 253.46282958984375
v -1137.453125 380.0077819824219 253.46282958984375
v -1137.453125 380.0077819824219 257.5901794433594
v -1137.453125 405.00775146484375 257.5901794433594
v -1112.453125 405.00775146484375 253.46282958984375
v -1137.453125 405.00775146484375 253.46282958984375
v -1137.453125 405.00775146484375 257.5901794433594
v -1112.453125 405.00775146484375 259.3382263183594
v -1121.078125 388.4609069824219 253.46282958984375
v -1121.078125 396.2109069824219 253.46282958984375
v -1112.453125 405.00775146484375 253.46282958984375
v -1112.453125 380.0077819824219 253.46282958984375
v -1128.828125 388.4609069824219 253.46282958984375
v -1137.453125 380.0077819824219 253.46282958984375
v -1128.828125 396.2109069824219 253.46282958984375
v -1137.453125 405.00775146484375 253.46282958984375
v -1336.8359375 380.0077819824219 160.37295532226562
v -1336.8359375 380.0077819824219 155.37295532226562
v -1336.8359375 405.00775146484375 155.37295532226562
v -1336.8359375 405.00775146484375 160.37295532226562
v -1361.8359375 380.0077819824219 160.37295532226562
v -1361.8359375 380.00775146484375 154.61129760742188
v -1336.8359375 380.0077819824219 155.37295532226562
v -1336.8359375 380.0077819824219 160.37295532226562
v -1361.8359375 405.00775146484375 160.37295532226562
v -1361.8359375 405.0077209472656 154.61129760742188
v -1361.8359375 380.00775146484375 154.61129760742188
v -1361.8359375 380.0077819824219 160.37295532226562
v -1336.8359375 405.00775146484375 160.37295532226562
v -1336.8359375 405.00775146484375 155.37295532226562
v -1361.8359375 405.0077209472656 154.61129760742188
v -1361.8359375 405.00775146484375 160.37295532226562
v -1345.4609375 388.4609069824219 165.37295532226562
v -1336.8359375 380.0077819824219 160.37295532226562
v -1336.8359375 405.00775146484375 160.37295532226562
v -1345.4609375 396.2109069824219 165.37295532226562
v -1353.2109375 388.4609069824219 165.37295532226562
v -1361.8359375 380.0077819824219 160.37295532226562
v -1336.8359375 380.0077819824219 160.37295532226562
v -1345.4609375 388.4609069824219 165.37295532226562
v -1353.2109375 396.2109069824219 165.37295532226562
v -1361.8359375 405.00775146484375 160.37295532226562
v -1361.8359375 380.0077819824219 160.37295532226562
v -1353.2109375 388.4609069824219 165.37295532226562
v -1345.4609375 396.2109069824219 165.37295532226562
v -1336.8359375 405.00775146484375 160.37295532226562
v -1361.8359375 405.00775146484375 160.37295532226562
v -1353.2109375 396.2109069824219 165.37295532226562
v -1340.25390625 401.4179382324219 180.37295532226562
v -1340.25390625 383.2538757324219 180.37295532226562
v -1345.4609375 388.4609069824219 165.37295532226562
v -1345.4609375 396.2109069824219 165.37295532226562
v -1340.25390625 383.2538757324219 180.37295532226562
v -1358.41796875 383.2538757324219 180.37295532226562
v -1353.2109375 388.4609069824219 165.37295532226562
v -1345.4609375 388.4609069824219 165.37295532226562
v -1358.41796875 383.2538757324219 180.37295532226562
v -1358.41796875 401.4179382324219 180.37295532226562
v -1353.2109375 396.2109069824219 165.37295532226562
v -1353.2109375 388.4609069824219 165.37295532226562
v -1358.41796875 401.4179382324219 180.37295532226562
v -1340.25390625 401.4179382324219 180.37295532226562
v -1345.4609375 396.2109069824219 165.37295532226562
v -1353.2109375 396.2109069824219 165.37295532226562
v -1345.4609375 396.2109069824219 240.37295532226562
v -1345.4609375 388.4609069824219 240.37295532226562
v -1345.4609375 388.4609069824219 240.37295532226562
v -1353.2109375 388.4609069824219 240.37295532226562
v -1353.2109375 388.4609069824219 240.37295532226562
v -1353.2109375 396.2109069824219 240.37295532226562
v -1353.2109375 396.2109069824219 240.37295532226562
v -1345.4609375 396.2109069824219 240.37295532226562
v -1336.8359375 380.0077819824219 240.37295532226562
v -1336.8359375 405.00775146484375 240.37295532226562
v -1336.8359375 405.00775146484375 246.13504028320312
v -1336.8359375 380.0077819824219 246.13504028320312
v -1361.8359375 380.0077819824219 240.37295532226562
v -1336.8359375 380.0077819824219 240.37295532226562
v -1336.8359375 380.0077819824219 246.13504028320312
v -1361.8359375 380.0077819824219 245.3729705810547
v -1361.8359375 405.00775146484375 240.37295532226562
v -1361.8359375 380.0077819824219 240.37295532226562
v -1361.8359375 380.0077819824219 245.3729705810547
v -1361.8359375 405.00775146484375 245.3729705810547
v -1336.8359375 405.00775146484375 240.37295532226562
v -1361.8359375 405.00775146484375 240.37295532226562
v -1361.8359375 405.00775146484375 245.3729705810547
v -1336.8359375 405.00775146484375 246.13504028320312
v -1345.4609375 388.4609069824219 240.37295532226562
v -1345.4609375 396.2109069824219 240.37295532226562
v -1336.8359375 405.00775146484375 240.37295532226562
v -1336.8359375 380.0077819824219 240.37295532226562
v -1353.2109375 388.4609069824219 240.37295532226562
v -1361.8359375 380.0077819824219 240.37295532226562
v -1353.2109375 396.2109069824219 240.37295532226562
v -1361.8359375 405.00775146484375 240.37295532226562
v -12.382851600646973 380.0078430175781 256.2591857910156
v -12.382853507995605 405.0078125 256.2591857910156
v -12.382852554321289 405.0078125 251.25917053222656
v -12.382850646972656 380.0078430175781 251.25917053222656
v 12.617149353027344 380.0078430175781 256.2591857910156
v -12.382851600646973 380.0078430175781 256.2591857910156
v -12.382850646972656 380.0078430175781 251.25917053222656
v 12.617149353027344 380.0078430175781 251.25917053222656
v 12.617147445678711 405.0078125 256.2591857910156
v 12.617149353027344 380.0078430175781 256.2591857910156
v 12.617149353027344 380.0078430175781 251.25917053222656
v 12.617147445678711 405.0078125 251.25917053222656
v -12.382853507995605 405.0078125 256.2591857910156
v 12.617147445678711 405.0078125 256.2591857910156
v 12.617147445678711 405.0078125 251.25917053222656
v -12.382852554321289 405.0078125 251.25917053222656
v -3.75785231590271 388.4609680175781 261.2591857910156
v -3.757852792739868 396.2109680175781 261.2591857910156
v -12.382853507995605 405.0078125 256.2591857910156
v -12.382851600646973 380.0078430175781 256.2591857910156
v 3.99214768409729 388.4609680175781 261.2591857910156
v -3.75785231590271 388.4609680175781 261.2591857910156
v -12.382851600646973 380.0078430175781 256.2591857910156
v 12.617149353027344 380.0078430175781 256.2591857910156
v 3.992147207260132 396.2109680175781 261.2591857910156
v 3.99214768409729 388.4609680175781 261.2591857910156
v 12.617149353027344 380.0078430175781 256.2591857910156
v 12.617147445678711 405.0078125 256.2591857910156
v -3.757852792739868 396.2109680175781 261.2591857910156
v 3.992147207260132 396.2109680175781 261.2591857910156
v 12.617147445678711 405.0078125 256.2591857910156
v -12.382853507995605 405.0078125 256.2591857910156
v -8.964885711669922 401.4179992675781 276.2591857910156
v -3.757852792739868 396.2109680175781 261.2591857910156
v -3.75785231590271 388.4609680175781 261.2591857910156
v -8.964885711669922 383.2539367675781 276.2591857910156
v -8.964885711669922 383.2539367675781 276.2591857910156
v -3.75785231590271 388.4609680175781 261.2591857910156
v 3.99214768409729 388.4609680175781 261.2591857910156
v 9.199176788330078 383.2539367675781 276.2591857910156
v 9.199176788330078 383.2539367675781 276.2591857910156
v 3.99214768409729 388.4609680175781 261.2591857910156
v 3.992147207260132 396.2109680175781 261.2591857910156
v 9.199176788330078 401.4179992675781 276.2591857910156
v 9.199176788330078 401.4179992675781 276.2591857910156
v 3.992147207260132 396.2109680175781 261.2591857910156
v -3.757852792739868 396.2109680175781 261.2591857910156
v -8.964885711669922 401.4179992675781 276.2591857910156
v -3.757858991622925 388.4609680175781 336.2591857910156
v -3.757859468460083 396.2109680175781 336.2591857910156
v 3.992141008377075 388.4609680175781 336.2591857910156
v -3.757858991622925 388.4609680175781 336.2591857910156
v 3.992140531539917 396.2109680175781 336.2591857910156
v 3.992141008377075 388.4609680175781 336.2591857910156
v -3.757859468460083 396.2109680175781 336.2591857910156
v 3.992140531539917 396.2109680175781 336.2591857910156
v -12.382857322692871 380.0078430175781 336.2591857910156
v -12.382859230041504 380.0078430175781 342.8644714355469
v -12.382861137390137 405.0078125 342.8644714355469
v -12.382859230041504 405.0078125 336.2591857910156
v 12.617141723632812 380.0078430175781 336.2591857910156
v 12.617140769958496 380.0078430175781 342.8644714355469
v -12.382859230041504 380.0078430175781 342.8644714355469
v -12.382857322692871 380.0078430175781 336.2591857910156
v 12.61713981628418 405.0078125 336.2591857910156
v 12.617138862609863 405.0078125 342.8644714355469
v 12.617140769958496 380.0078430175781 342.8644714355469
v 12.617141723632812 380.0078430175781 336.2591857910156
v -12.382859230041504 405.0078125 336.2591857910156
v -12.382861137390137 405.0078125 342.8644714355469
v 12.617138862609863 405.0078125 342.8644714355469
v 12.61713981628418 405.0078125 336.2591857910156
v -3.757858991622925 388.4609680175781 336.2591857910156
v -12.382857322692871 380.0078430175781 336.2591857910156
v -12.382859230041504 405.0078125 336.2591857910156
v -3.757859468460083 396.2109680175781 336.2591857910156
v 3.992141008377075 388.4609680175781 336.2591857910156
v 12.617141723632812 380.0078430175781 336.2591857910156
v 3.992140531539917 396.2109680175781 336.2591857910156
v 12.61713981628418 405.0078125 336.2591857910156
v 765.0003662109375 365.01141357421875 315.0451965332031
v 764.9999389648438 365.00787353515625 245.0452117919922
v 764.9999389648438 420.01068115234375 245.0452117919922
v 765.0003662109375 420.00433349609375 315.0451965332031
v 674.9996337890625 365.01141357421875 315.0451965332031
v 675.0 365.00787353515625 245.04518127441406
v 764.9999389648438 365.00787353515625 245.0452117919922
v 765.0003662109375 365.01141357421875 315.0451965332031
v 674.9996337890625 420.00433349609375 315.0451965332031
v 675.0 420.01068115234375 245.04518127441406
v 675.0 365.00787353515625 245.04518127441406
v 674.9996337890625 365.01141357421875 315.0451965332031
v 765.0003662109375 420.00433349609375 315.0451965332031
v 764.9999389648438 420.01068115234375 245.0452117919922
v 675.0 420.01068115234375 245.04518127441406
v 674.9996337890625 420.00433349609375 315.0451965332031
v 775.0008544921875 356.765625 325.2452087402344
v 775.0008544921875 356.765625 319.7452087402344
v 775.0008544921875 428.2501220703125 319.7452087402344
v 775.0008544921875 428.2501220703125 325.2452087402344
v 775.0008544921875 356.765625 319.7452087402344
v 775.0008544921875 356.765625 325.2452087402344
v 774.9880981445312 356.765625 325.2452087402344
v 665.0119018554688 356.765625 325.2452087402344
v 664.9992065429688 356.765625 325.2452087402344
v 664.9992065429688 356.765625 319.7452087402344
v 664.9992065429688 428.2501220703125 325.2452087402344
v 664.9992065429688 428.2501220703125 319.7452087402344
v 664.9992065429688 356.765625 319.7452087402344
v 664.9992065429688 356.765625 325.2452087402344
v 664.9992065429688 428.2501220703125 319.7452087402344
v 664.9992065429688 428.2501220703125 325.2452087402344
v 665.0119018554688 428.2501220703125 325.2452087402344
v 774.9879150390625 428.2501220703125 325.2452697753906
v 775.0008544921875 428.2501220703125 325.2452087402344
v 775.0008544921875 428.2501220703125 319.7452087402344
v 765.0003662109375 365.01141357421875 315.0451965332031
v 765.0003662109375 420.00433349609375 315.0451965332031
v 775.0008544921875 428.2501220703125 319.7452087402344
v 775.0008544921875 356.765625 319.7452087402344
v 674.9996337890625 365.01141357421875 315.0451965332031
v 765.0003662109375 365.01141357421875 315.0451965332031
v 775.0008544921875 356.765625 319.7452087402344
v 664.9992065429688 356.765625 319.7452087402344
v 674.9996337890625 420.00433349609375 315.0451965332031
v 674.9996337890625 365.01141357421875 315.0451965332031
v 664.9992065429688 356.765625 319.7452087402344
v 664.9992065429688 428.2501220703125 319.7452087402344
v 765.0003662109375 420.00433349609375 315.0451965332031
v 674.9996337890625 420.00433349609375 315.0451965332031
v 664.9992065429688 428.2501220703125 319.7452087402344
v 775.0008544921875 428.2501220703125 319.7452087402344
v 670.0 360.00787353515625 240.04519653320312
v 670.0 360.00787353515625 200.04519653320312
v 770.0 360.00787353515625 195.04519653320312
v 770.0 360.00787353515625 240.04519653320312
v 675.0 365.00787353515625 245.04518127441406
v 670.0 360.00787353515625 240.04519653320312
v 770.0 360.00787353515625 240.04519653320312
v 764.9999389648438 365.00787353515625 245.0452117919922
v 770.0 360.00787353515625 240.04519653320312
v 770.0 360.00787353515625 195.04519653320312
v 770.0 425.0135192871094 195.04519653320312
v 770.0 425.0135192871094 240.04519653320312
v 670.0 360.00787353515625 240.04519653320312
v 670.0 425.0135192871094 240.04519653320312
v 670.0 425.0135192871094 200.04519653320312
v 670.0 360.00787353515625 200.04519653320312
v 770.0 425.0135192871094 240.04519653320312
v 770.0 425.0135192871094 195.04519653320312
v 670.0 425.0135192871094 200.04519653320312
v 670.0 425.0135192871094 240.04519653320312
v 764.9999389648438 420.01068115234375 245.0452117919922
v 764.9999389648438 365.00787353515625 245.0452117919922
v 770.0 360.00787353515625 240.04519653320312
v 770.0 425.0135192871094 240.04519653320312
v 670.0 360.00787353515625 240.04519653320312
v 675.0 365.00787353515625 245.04518127441406
v 675.0 420.01068115234375 245.04518127441406
v 670.0 425.0135192871094 240.04519653320312
v 764.9999389648438 420.01068115234375 245.0452117919922
v 770.0 425.0135192871094 240.04519653320312
v 670.0 425.0135192871094 240.04519653320312
v 675.0 420.01068115234375 245.04518127441406
v 774.9879150390625 428.2501220703125 325.2452697753906
v 720.0 392.5079040527344 350.0451965332031
v 774.9880981445312 356.765625 325.2452087402344
v 774.9880981445312 356.765625 325.2452087402344
v 775.0008544921875 356.765625 325.2452087402344
v 775.0008544921875 428.2501220703125 325.2452087402344
v 774.9879150390625 428.2501220703125 325.2452697753906
v 774.9880981445312 356.765625 325.2452087402344
v 775.0008544921875 428.2501220703125 325.2452087402344
v 774.9880981445312 356.765625 325.2452087402344
v 720.0 392.5079040527344 350.0451965332031
v 665.0119018554688 356.765625 325.2452087402344
v 720.0 392.5079040527344 350.0451965332031
v 774.9879150390625 428.2501220703125 325.2452697753906
v 665.0119018554688 428.2501220703125 325.2452087402344
v 665.0119018554688 428.2501220703125 325.2452087402344
v 664.9992065429688 428.2501220703125 325.2452087402344
v 664.9992065429688 356.765625 325.2452087402344
v 665.0119018554688 356.765625 325.2452087402344
v 665.0119018554688 428.2501220703125 325.2452087402344
v 665.0119018554688 356.765625 325.2452087402344
v 720.0 392.5079040527344 350.0451965332031
v 765.0003662109375 -419.99639892578125 315.0452575683594
v 764.9999389648438 -419.9999084472656 245.04527282714844
v 764.9999389648438 -364.99713134765625 245.04527282714844
v 765.0003662109375 -365.00347900390625 315.0452575683594
v 674.9996337890625 -419.99639892578125 315.0452575683594
v 675.0 -419.9999084472656 245.0452423095703
v 764.9999389648438 -419.9999084472656 245.04527282714844
v 765.0003662109375 -419.99639892578125 315.0452575683594
v 674.9996337890625 -365.00347900390625 315.0452575683594
v 675.0 -364.99713134765625 245.0452423095703
v 675.0 -419.9999084472656 245.0452423095703
v 674.9996337890625 -419.99639892578125 315.0452575683594
v 765.0003662109375 -365.00347900390625 315.0452575683594
v 764.9999389648438 -364.99713134765625 245.04527282714844
v 675.0 -364.99713134765625 245.0452423095703
v 674.9996337890625 -365.00347900390625 315.0452575683594
v 775.0008544921875 -428.2421875 325.2452697753906
v 775.0008544921875 -428.2421875 319.7452697753906
v 775.0008544921875 -356.7576904296875 319.7452697753906
v 775.0008544921875 -356.7576904296875 325.2452697753906
v 775.0008544921875 -428.2421875 319.7452697753906
v 775.0008544921875 -428.2421875 325.2452697753906
v 774.9880981445312 -428.2421875 325.2452697753906
v 665.0119018554688 -428.2421875 325.2452697753906
v 664.9992065429688 -428.2421875 325.2452697753906
v 664.9992065429688 -428.2421875 319.7452697753906
v 664.9992065429688 -356.7576904296875 325.2452697753906
v 664.9992065429688 -356.7576904296875 319.7452697753906
v 664.9992065429688 -428.2421875 319.7452697753906
v 664.9992065429688 -428.2421875 325.2452697753906
v 664.9992065429688 -356.7576904296875 319.7452697753906
v 664.9992065429688 -356.7576904296875 325.2452697753906
v 665.0119018554688 -356.7576904296875 325.2452697753906
v 774.9879150390625 -356.7576904296875 325.2453308105469
v 775.0008544921875 -356.7576904296875 325.2452697753906
v 775.0008544921875 -356.7576904296875 319.7452697753906
v 765.0003662109375 -419.99639892578125 315.0452575683594
v 765.0003662109375 -365.00347900390625 315.0452575683594
v 775.0008544921875 -356.7576904296875 319.7452697753906
v 775.0008544921875 -428.2421875 319.7452697753906
v 674.9996337890625 -419.99639892578125 315.0452575683594
v 765.0003662109375 -419.99639892578125 315.0452575683594
v 775.0008544921875 -428.2421875 319.7452697753906
v 664.9992065429688 -428.2421875 319.7452697753906
v 674.9996337890625 -365.00347900390625 315.0452575683594
v 674.9996337890625 -419.99639892578125 315.0452575683594
v 664.9992065429688 -428.2421875 319.7452697753906
v 664.9992065429688 -356.7576904296875 319.7452697753906
v 765.0003662109375 -365.00347900390625 315.0452575683594
v 674.9996337890625 -365.00347900390625 315.0452575683594
v 664.9992065429688 -356.7576904296875 319.7452697753906
v 775.0008544921875 -356.7576904296875 319.7452697753906
v 670.0 -424.99993896484375 240.04525756835938
v 670.0 -424.99993896484375 200.04525756835938
v 770.0 -424.99993896484375 195.04525756835938
v 770.0 -424.99993896484375 240.04525756835938
v 675.0 -419.9999084472656 245.0452423095703
v 670.0 -424.99993896484375 240.04525756835938
v 770.0 -424.99993896484375 240.04525756835938
v 764.9999389648438 -419.9999084472656 245.04527282714844
v 770.0 -424.99993896484375 240.04525756835938
v 770.0 -424.99993896484375 195.04525756835938
v 770.0 -359.9942932128906 195.04525756835938
v 770.0 -359.9942932128906 240.04525756835938
v 670.0 -424.99993896484375 240.04525756835938
v 670.0 -359.99432373046875 240.04525756835938
v 670.0 -359.99432373046875 200.04525756835938
v 670.0 -424.99993896484375 200.04525756835938
v 770.0 -359.9942932128906 240.04525756835938
v 770.0 -359.9942932128906 195.04525756835938
v 670.0 -359.99432373046875 200.04525756835938
v 670.0 -359.99432373046875 240.04525756835938
v 764.9999389648438 -364.99713134765625 245.04527282714844
v 764.9999389648438 -419.9999084472656 245.04527282714844
v 770.0 -424.99993896484375 240.04525756835938
v 770.0 -359.9942932128906 240.04525756835938
v 670.0 -424.99993896484375 240.04525756835938
v 675.0 -419.9999084472656 245.0452423095703
v 675.0 -364.99713134765625 245.0452423095703
v 670.0 -359.99432373046875 240.04525756835938
v 764.9999389648438 -364.99713134765625 245.04527282714844
v 770.0 -359.9942932128906 240.04525756835938
v 670.0 -359.99432373046875 240.04525756835938
v 675.0 -364.99713134765625 245.0452423095703
v 774.9879150390625 -356.7576904296875 325.2453308105469
v 720.0 -392.4999084472656 350.0452575683594
v 774.9880981445312 -428.2421875 325.2452697753906
v 774.9880981445312 -428.2421875 325.2452697753906
v 775.0008544921875 -428.2421875 325.2452697753906
v 775.0008544921875 -356.7576904296875 325.2452697753906
v 774.9879150390625 -356.7576904296875 325.2453308105469
v 774.9880981445312 -428.2421875 325.2452697753906
v 775.0008544921875 -356.7576904296875 325.2452697753906
v 774.9880981445312 -428.2421875 325.2452697753906
v 720.0 -392.4999084472656 350.0452575683594
v 665.0119018554688 -428.2421875 325.2452697753906
v 720.0 -392.4999084472656 350.0452575683594
v 774.9879150390625 -356.7576904296875 325.2453308105469
v 665.0119018554688 -356.7576904296875 325.2452697753906
v 665.0119018554688 -356.7576904296875 325.2452697753906
v 664.9992065429688 -356.7576904296875 325.2452697753906
v 664.9992065429688 -428.2421875 325.2452697753906
v 665.0119018554688 -428.2421875 325.2452697753906
v 665.0119018554688 -356.7576904296875 325.2452697753906
v 665.0119018554688 -428.2421875 325.2452697753906
v 720.0 -392.4999084472656 350.0452575683594
v -765.0003662109375 365.0113525390625 315.0450744628906
v -765.0003662109375 420.0042724609375 315.0450744628906
v -765.0 420.0106201171875 245.04507446289062
v -765.0 365.0078125 245.04507446289062
v -674.9996948242188 365.0113525390625 315.0450744628906
v -765.0003662109375 365.0113525390625 315.0450744628906
v -765.0 365.0078125 245.04507446289062
v -675.0 365.0078125 245.04507446289062
v -674.9996948242188 420.0042724609375 315.0450744628906
v -674.9996948242188 365.0113525390625 315.0450744628906
v -675.0 365.0078125 245.04507446289062
v -675.0 420.0106201171875 245.04507446289062
v -765.0003662109375 420.0042724609375 315.0450744628906
v -674.9996948242188 420.0042724609375 315.0450744628906
v -675.0 420.0106201171875 245.04507446289062
v -765.0 420.0106201171875 245.04507446289062
v -775.0008544921875 356.76556396484375 325.2450866699219
v -775.0008544921875 428.25006103515625 325.2450866699219
v -775.0008544921875 428.25006103515625 319.7450866699219
v -775.0008544921875 356.76556396484375 319.7450866699219
v -774.9881591796875 356.76556396484375 325.2450866699219
v -775.0008544921875 356.76556396484375 325.2450866699219
v -775.0008544921875 356.76556396484375 319.7450866699219
v -664.9992065429688 356.76556396484375 319.7450866699219
v -664.9992065429688 356.76556396484375 325.2450866699219
v -665.0119018554688 356.76556396484375 325.2450866699219
v -664.9992065429688 428.25006103515625 325.2450866699219
v -664.9992065429688 356.76556396484375 325.2450866699219
v -664.9992065429688 356.76556396484375 319.7450866699219
v -664.9992065429688 428.25006103515625 319.7450866699219
v -665.011962890625 428.25006103515625 325.2450866699219
v -664.9992065429688 428.25006103515625 325.2450866699219
v -664.9992065429688 428.25006103515625 319.7450866699219
v -775.0008544921875 428.25006103515625 319.7450866699219
v -775.0008544921875 428.25006103515625 325.2450866699219
v -774.9879760742188 428.25006103515625 325.2451477050781
v -765.0003662109375 365.0113525390625 315.0450744628906
v -775.0008544921875 356.76556396484375 319.7450866699219
v -775.0008544921875 428.25006103515625 319.7450866699219
v -765.0003662109375 420.0042724609375 315.0450744628906
v -674.9996948242188 365.0113525390625 315.0450744628906
v -664.9992065429688 356.76556396484375 319.7450866699219
v -775.0008544921875 356.76556396484375 319.7450866699219
v -765.0003662109375 365.0113525390625 315.0450744628906
v -674.9996948242188 420.0042724609375 315.0450744628906
v -664.9992065429688 428.25006103515625 319.7450866699219
v -664.9992065429688 356.76556396484375 319.7450866699219
v -674.9996948242188 365.0113525390625 315.0450744628906
v -765.0003662109375 420.0042724609375 315.0450744628906
v -775.0008544921875 428.25006103515625 319.7450866699219
v -664.9992065429688 428.25006103515625 319.7450866699219
v -674.9996948242188 420.0042724609375 315.0450744628906
v -670.0 360.0078125 240.04507446289062
v -770.0 360.0078125 240.04507446289062
v -770.0 360.0077819824219 195.04505920410156
v -670.0 360.0078125 200.04507446289062
v -675.0 365.0078125 245.04507446289062
v -765.0 365.0078125 245.04507446289062
v -770.0 360.0078125 240.04507446289062
v -670.0 360.0078125 240.04507446289062
v -770.0 360.0078125 240.04507446289062
v -770.0 425.0134582519531 240.04507446289062
v -770.0 425.013427734375 195.04505920410156
v -770.0 360.0077819824219 195.04505920410156
v -670.0 360.0078125 240.04507446289062
v -670.0 360.0078125 200.04507446289062
v -670.0 425.0134582519531 200.04507446289062
v -670.0 425.0134582519531 240.04507446289062
v -770.0 425.0134582519531 240.04507446289062
v -670.0 425.0134582519531 240.04507446289062
v -670.0 425.0134582519531 200.04507446289062
v -770.0 425.013427734375 195.04505920410156
v -765.0 420.0106201171875 245.04507446289062
v -770.0 425.0134582519531 240.04507446289062
v -770.0 360.0078125 240.04507446289062
v -765.0 365.0078125 245.04507446289062
v -670.0 360.0078125 240.04507446289062
v -670.0 425.0134582519531 240.04507446289062
v -675.0 420.0106201171875 245.04507446289062
v -675.0 365.0078125 245.04507446289062
v -765.0 420.0106201171875 245.04507446289062
v -675.0 420.0106201171875 245.04507446289062
v -670.0 425.0134582519531 240.04507446289062
v -770.0 425.0134582519531 240.04507446289062
v -774.9881591796875 356.76556396484375 325.2450866699219
v -720.0 392.5078430175781 350.0450744628906
v -774.9879760742188 428.25006103515625 325.2451477050781
v -774.9881591796875 356.76556396484375 325.2450866699219
v -774.9879760742188 428.25006103515625 325.2451477050781
v -775.0008544921875 428.25006103515625 325.2450866699219
v -774.9881591796875 356.76556396484375 325.2450866699219
v -775.0008544921875 428.25006103515625 325.2450866699219
v -775.0008544921875 356.76556396484375 325.2450866699219
v -774.9881591796875 356.76556396484375 325.2450866699219
v -665.0119018554688 356.76556396484375 325.2450866699219
v -720.0 392.5078430175781 350.0450744628906
v -720.0 392.5078430175781 350.0450744628906
v -665.011962890625 428.25006103515625 325.2450866699219
v -774.9879760742188 428.25006103515625 325.2451477050781
v -664.9992065429688 356.76556396484375 325.2450866699219
v -664.9992065429688 428.25006103515625 325.2450866699219
v -665.011962890625 428.25006103515625 325.2450866699219
v -665.011962890625 428.25006103515625 325.2450866699219
v -720.0 392.5078430175781 350.0450744628906
v -665.0119018554688 356.76556396484375 325.2450866699219
v -665.0119018554688 356.76556396484375 325.2450866699219
v -765.0003662109375 -419.9964599609375 315.0451354980469
v -765.0003662109375 -365.0035400390625 315.0451354980469
v -765.0 -364.9971923828125 245.04513549804688
v -765.0 -419.9999694824219 245.04513549804688
v -674.9996948242188 -419.9964599609375 315.0451354980469
v -765.0003662109375 -419.9964599609375 315.0451354980469
v -765.0 -419.9999694824219 245.04513549804688
v -675.0 -419.9999694824219 245.04513549804688
v -674.9996948242188 -365.0035400390625 315.0451354980469
v -674.9996948242188 -419.9964599609375 315.0451354980469
v -675.0 -419.9999694824219 245.04513549804688
v -675.0 -364.9971923828125 245.04513549804688
v -765.0003662109375 -365.0035400390625 315.0451354980469
v -674.9996948242188 -365.0035400390625 315.0451354980469
v -675.0 -364.9971923828125 245.04513549804688
v -765.0 -364.9971923828125 245.04513549804688
v -775.0008544921875 -428.24224853515625 325.2451477050781
v -775.0008544921875 -356.75775146484375 325.2451477050781
v -775.0008544921875 -356.75775146484375 319.7451477050781
v -775.0008544921875 -428.24224853515625 319.7451477050781
v -774.9881591796875 -428.24224853515625 325.2451477050781
v -775.0008544921875 -428.24224853515625 325.2451477050781
v -775.0008544921875 -428.24224853515625 319.7451477050781
v -664.9992065429688 -428.24224853515625 319.7451477050781
v -664.9992065429688 -428.24224853515625 325.2451477050781
v -665.0119018554688 -428.24224853515625 325.2451477050781
v -664.9992065429688 -356.75775146484375 325.2451477050781
v -664.9992065429688 -428.24224853515625 325.2451477050781
v -664.9992065429688 -428.24224853515625 319.7451477050781
v -664.9992065429688 -356.75775146484375 319.7451477050781
v -665.011962890625 -356.75775146484375 325.2451477050781
v -664.9992065429688 -356.75775146484375 325.2451477050781
v -664.9992065429688 -356.75775146484375 319.7451477050781
v -775.0008544921875 -356.75775146484375 319.7451477050781
v -775.0008544921875 -356.75775146484375 325.2451477050781
v -774.9879760742188 -356.75775146484375 325.2452087402344
v -765.0003662109375 -419.9964599609375 315.0451354980469
v -775.0008544921875 -428.24224853515625 319.7451477050781
v -775.0008544921875 -356.75775146484375 319.7451477050781
v -765.0003662109375 -365.0035400390625 315.0451354980469
v -674.9996948242188 -419.9964599609375 315.0451354980469
v -664.9992065429688 -428.24224853515625 319.7451477050781
v -775.0008544921875 -428.24224853515625 319.7451477050781
v -765.0003662109375 -419.9964599609375 315.0451354980469
v -674.9996948242188 -365.0035400390625 315.0451354980469
v -664.9992065429688 -356.75775146484375 319.7451477050781
v -664.9992065429688 -428.24224853515625 319.7451477050781
v -674.9996948242188 -419.9964599609375 315.0451354980469
v -765.0003662109375 -365.0035400390625 315.0451354980469
v -775.0008544921875 -356.75775146484375 319.7451477050781
v -664.9992065429688 -356.75775146484375 319.7451477050781
v -674.9996948242188 -365.0035400390625 315.0451354980469
v -670.0 -425.0 240.04513549804688
v -770.0 -425.0 240.04513549804688
v -770.0 -425.0000305175781 195.0451202392578
v -670.0 -425.0 200.04513549804688
v -675.0 -419.9999694824219 245.04513549804688
v -765.0 -419.9999694824219 245.04513549804688
v -770.0 -425.0 240.04513549804688
v -670.0 -425.0 240.04513549804688
v -770.0 -425.0 240.04513549804688
v -770.0 -359.9943542480469 240.04513549804688
v -770.0 -359.994384765625 195.0451202392578
v -770.0 -425.0000305175781 195.0451202392578
v -670.0 -425.0 240.04513549804688
v -670.0 -425.0 200.04513549804688
v -670.0 -359.994384765625 200.04513549804688
v -670.0 -359.994384765625 240.04513549804688
v -770.0 -359.9943542480469 240.04513549804688
v -670.0 -359.994384765625 240.04513549804688
v -670.0 -359.994384765625 200.04513549804688
v -770.0 -359.994384765625 195.0451202392578
v -765.0 -364.9971923828125 245.04513549804688
v -770.0 -359.9943542480469 240.04513549804688
v -770.0 -425.0 240.04513549804688
v -765.0 -419.9999694824219 245.04513549804688
v -670.0 -425.0 240.04513549804688
v -670.0 -359.994384765625 240.04513549804688
v -675.0 -364.9971923828125 245.04513549804688
v -675.0 -419.9999694824219 245.04513549804688
v -765.0 -364.9971923828125 245.04513549804688
v -675.0 -364.9971923828125 245.04513549804688
v -670.0 -359.994384765625 240.04513549804688
v -770.0 -359.9943542480469 240.04513549804688
v -774.9881591796875 -428.24224853515625 325.2451477050781
v -720.0 -392.4999694824219 350.0451354980469
v -774.9879760742188 -356.75775146484375 325.2452087402344
v -774.9881591796875 -428.24224853515625 325.2451477050781
v -774.9879760742188 -356.75775146484375 325.2452087402344
v -775.0008544921875 -356.75775146484375 325.2451477050781
v -774.9881591796875 -428.24224853515625 325.2451477050781
v -775.0008544921875 -356.75775146484375 325.2451477050781
v -775.0008544921875 -428.24224853515625 325.2451477050781
v -774.9881591796875 -428.24224853515625 325.2451477050781
v -665.0119018554688 -428.24224853515625 325.2451477050781
v -720.0 -392.4999694824219 350.0451354980469
v -720.0 -392.4999694824219 350.0451354980469
v -665.011962890625 -356.75775146484375 325.2451477050781
v -774.9879760742188 -356.75775146484375 325.2452087402344
v -664.9992065429688 -428.24224853515625 325.2451477050781
v -664.9992065429688 -356.75775146484375 325.2451477050781
v -665.011962890625 -356.75775146484375 325.2451477050781
v -665.011962890625 -356.75775146484375 325.2451477050781
v -720.0 -392.4999694824219 350.0451354980469
v -665.0119018554688 -428.24224853515625 325.2451477050781
v -665.0119018554688 -428.24224853515625 325.2451477050781
v -1520.0660400390625 455.0081481933594 255.12611389160156
v -1520.0625 455.0077209472656 185.1260986328125
v -1575.0653076171875 455.0077209472656 185.12608337402344
v -1575.0589599609375 455.00811767578125 255.1260986328125
v -1520.0660400390625 365.0074157714844 255.12612915039062
v -1520.0625 365.00775146484375 185.12611389160156
v -1520.0625 455.0077209472656 185.1260986328125
v -1520.0660400390625 455.0081481933594 255.12611389160156
v -1575.0589599609375 365.00738525390625 255.12611389160156
v -1575.0653076171875 365.00775146484375 185.1260986328125
v -1520.0625 365.00775146484375 185.12611389160156
v -1520.0660400390625 365.0074157714844 255.12612915039062
v -1575.0589599609375 455.00811767578125 255.1260986328125
v -1575.0653076171875 455.0077209472656 185.12608337402344
v -1575.0653076171875 365.00775146484375 185.1260986328125
v -1575.0589599609375 365.00738525390625 255.12611389160156
v -1511.8203125 465.00860595703125 265.3261413574219
v -1511.8203125 465.00860595703125 259.8261413574219
v -1583.3046875 465.0085754394531 259.8261413574219
v -1583.3046875 465.0085754394531 265.32611083984375
v -1511.8203125 465.00860595703125 259.8261413574219
v -1511.8203125 465.00860595703125 265.3261413574219
v -1511.8203125 464.9959411621094 265.3261413574219
v -1511.8203125 355.0196838378906 265.3261413574219
v -1511.8203125 355.0069885253906 265.3261413574219
v -1511.8203125 355.0069885253906 259.8261413574219
v -1583.3046875 355.0069580078125 265.32611083984375
v -1583.3046875 355.0069580078125 259.8261413574219
v -1511.8203125 355.0069885253906 259.8261413574219
v -1511.8203125 355.0069885253906 265.3261413574219
v -1583.3046875 355.0069580078125 259.8261413574219
v -1583.3046875 355.0069580078125 265.32611083984375
v -1583.3046875 355.01971435546875 265.32611083984375
v -1583.3046875 464.9956970214844 265.3262023925781
v -1583.3046875 465.0085754394531 265.32611083984375
v -1583.3046875 465.0085754394531 259.8261413574219
v -1520.0660400390625 455.0081481933594 255.12611389160156
v -1575.0589599609375 455.00811767578125 255.1260986328125
v -1583.3046875 465.0085754394531 259.8261413574219
v -1511.8203125 465.00860595703125 259.8261413574219
v -1520.0660400390625 365.0074157714844 255.12612915039062
v -1520.0660400390625 455.0081481933594 255.12611389160156
v -1511.8203125 465.00860595703125 259.8261413574219
v -1511.8203125 355.0069885253906 259.8261413574219
v -1575.0589599609375 365.00738525390625 255.12611389160156
v -1520.0660400390625 365.0074157714844 255.12612915039062
v -1511.8203125 355.0069885253906 259.8261413574219
v -1583.3046875 355.0069580078125 259.8261413574219
v -1575.0589599609375 455.00811767578125 255.1260986328125
v -1575.0589599609375 365.00738525390625 255.12611389160156
v -1583.3046875 355.0069580078125 259.8261413574219
v -1583.3046875 465.0085754394531 259.8261413574219
v -1515.0625 360.00775146484375 180.12612915039062
v -1515.0625 360.00775146484375 39.06966018676758
v -1515.0625 460.00775146484375 39.06964874267578
v -1515.0625 460.00775146484375 180.12611389160156
v -1520.0625 365.00775146484375 185.12611389160156
v -1515.0625 360.00775146484375 180.12612915039062
v -1515.0625 460.00775146484375 180.12611389160156
v -1520.0625 455.0077209472656 185.1260986328125
v -1515.0625 460.00775146484375 180.12611389160156
v -1515.0625 460.00775146484375 39.06964874267578
v -1580.068115234375 460.00775146484375 39.069644927978516
v -1580.068115234375 460.00775146484375 180.1260986328125
v -1515.0625 360.00775146484375 180.12612915039062
v -1580.068115234375 360.00775146484375 180.12611389160156
v -1580.068115234375 360.00775146484375 39.06965637207031
v -1515.0625 360.00775146484375 39.06966018676758
v -1580.068115234375 460.00775146484375 180.1260986328125
v -1580.068115234375 460.00775146484375 39.069644927978516
v -1580.068115234375 360.00775146484375 39.06965637207031
v -1580.068115234375 360.00775146484375 180.12611389160156
v -1575.0653076171875 455.0077209472656 185.12608337402344
v -1520.0625 455.0077209472656 185.1260986328125
v -1515.0625 460.00775146484375 180.12611389160156
v -1580.068115234375 460.00775146484375 180.1260986328125
v -1515.0625 360.00775146484375 180.12612915039062
v -1520.0625 365.00775146484375 185.12611389160156
v -1575.0653076171875 365.00775146484375 185.1260986328125
v -1580.068115234375 360.00775146484375 180.12611389160156
v -1575.0653076171875 455.0077209472656 185.12608337402344
v -1580.068115234375 460.00775146484375 180.1260986328125
v -1580.068115234375 360.00775146484375 180.12611389160156
v -1575.0653076171875 365.00775146484375 185.1260986328125
v -1583.3046875 464.9956970214844 265.3262023925781
v -1547.5625 410.0077819824219 290.1260986328125
v -1511.8203125 464.9959411621094 265.3261413574219
v -1511.8203125 464.9959411621094 265.3261413574219
v -1511.8203125 465.00860595703125 265.3261413574219
v -1583.3046875 465.0085754394531 265.32611083984375
v -1583.3046875 464.9956970214844 265.3262023925781
v -1511.8203125 464.9959411621094 265.3261413574219
v -1583.3046875 465.0085754394531 265.32611083984375
v -1511.8203125 464.9959411621094 265.3261413574219
v -1547.5625 410.0077819824219 290.1260986328125
v -1511.8203125 355.0196838378906 265.3261413574219
v -1547.5625 410.0077819824219 290.1260986328125
v -1583.3046875 464.9956970214844 265.3262023925781
v -1583.3046875 355.01971435546875 265.32611083984375
v -1583.3046875 355.01971435546875 265.32611083984375
v -1583.3046875 355.0069580078125 265.32611083984375
v -1511.8203125 355.0069885253906 265.3261413574219
v -1511.8203125 355.0196838378906 265.3261413574219
v -1583.3046875 355.01971435546875 265.32611083984375
v -1511.8203125 355.0196838378906 265.3261413574219
v -1547.5625 410.0077819824219 290.1260986328125
v -1520.0660400390625 -364.9996643066406 255.12619018554688
v -1520.0625 -365.00006103515625 185.1261749267578
v -1575.0653076171875 -365.00006103515625 185.12615966796875
v -1575.0589599609375 -364.99969482421875 255.1261749267578
v -1520.0660400390625 -455.0003967285156 255.12620544433594
v -1520.0625 -455.0000915527344 185.12619018554688
v -1520.0625 -365.00006103515625 185.1261749267578
v -1520.0660400390625 -364.9996643066406 255.12619018554688
v -1575.0589599609375 -455.00042724609375 255.12619018554688
v -1575.0653076171875 -455.0000915527344 185.1261749267578
v -1520.0625 -455.0000915527344 185.12619018554688
v -1520.0660400390625 -455.0003967285156 255.12620544433594
v -1575.0589599609375 -364.99969482421875 255.1261749267578
v -1575.0653076171875 -365.00006103515625 185.12615966796875
v -1575.0653076171875 -455.0000915527344 185.1261749267578
v -1575.0589599609375 -455.00042724609375 255.12619018554688
v -1511.8203125 -354.9991760253906 265.3262023925781
v -1511.8203125 -354.9991760253906 259.8262023925781
v -1583.3046875 -354.99920654296875 259.8262023925781
v -1583.3046875 -354.99920654296875 265.326171875
v -1511.8203125 -354.9991760253906 259.8262023925781
v -1511.8203125 -354.9991760253906 265.3262023925781
v -1511.8203125 -355.0118713378906 265.3262023925781
v -1511.8203125 -464.9881286621094 265.3262023925781
v -1511.8203125 -465.00079345703125 265.3262023925781
v -1511.8203125 -465.00079345703125 259.8262023925781
v -1583.3046875 -465.0008239746094 265.326171875
v -1583.3046875 -465.0008239746094 259.8262023925781
v -1511.8203125 -465.00079345703125 259.8262023925781
v -1511.8203125 -465.00079345703125 265.3262023925781
v -1583.3046875 -465.0008239746094 259.8262023925781
v -1583.3046875 -465.0008239746094 265.326171875
v -1583.3046875 -464.98809814453125 265.326171875
v -1583.3046875 -355.0120849609375 265.3262634277344
v -1583.3046875 -354.99920654296875 265.326171875
v -1583.3046875 -354.99920654296875 259.8262023925781
v -1520.0660400390625 -364.9996643066406 255.12619018554688
v -1575.0589599609375 -364.99969482421875 255.1261749267578
v -1583.3046875 -354.99920654296875 259.8262023925781
v -1511.8203125 -354.9991760253906 259.8262023925781
v -1520.0660400390625 -455.0003967285156 255.12620544433594
v -1520.0660400390625 -364.9996643066406 255.12619018554688
v -1511.8203125 -354.9991760253906 259.8262023925781
v -1511.8203125 -465.00079345703125 259.8262023925781
v -1575.0589599609375 -455.00042724609375 255.12619018554688
v -1520.0660400390625 -455.0003967285156 255.12620544433594
v -1511.8203125 -465.00079345703125 259.8262023925781
v -1583.3046875 -465.0008239746094 259.8262023925781
v -1575.0589599609375 -364.99969482421875 255.1261749267578
v -1575.0589599609375 -455.00042724609375 255.12619018554688
v -1583.3046875 -465.0008239746094 259.8262023925781
v -1583.3046875 -354.99920654296875 259.8262023925781
v -1515.0625 -460.00006103515625 180.12620544433594
v -1515.0625 -460.00006103515625 40.12619400024414
v -1515.0625 -360.00006103515625 40.126182556152344
v -1515.0625 -360.00006103515625 180.12619018554688
v -1520.0625 -455.0000915527344 185.12619018554688
v -1515.0625 -460.00006103515625 180.12620544433594
v -1515.0625 -360.00006103515625 180.12619018554688
v -1520.0625 -365.00006103515625 185.1261749267578
v -1515.0625 -360.00006103515625 180.12619018554688
v -1515.0625 -360.00006103515625 40.126182556152344
v -1580.068115234375 -360.00006103515625 40.12617492675781
v -1580.068115234375 -360.00006103515625 180.1261749267578
v -1515.0625 -460.00006103515625 180.12620544433594
v -1580.068115234375 -460.00006103515625 180.12619018554688
v -1580.068115234375 -460.00006103515625 40.12618637084961
v -1515.0625 -460.00006103515625 40.12619400024414
v -1580.068115234375 -360.00006103515625 180.1261749267578
v -1580.068115234375 -360.00006103515625 40.12617492675781
v -1580.068115234375 -460.00006103515625 40.12618637084961
v -1580.068115234375 -460.00006103515625 180.12619018554688
v -1575.0653076171875 -365.00006103515625 185.12615966796875
v -1520.0625 -365.00006103515625 185.1261749267578
v -1515.0625 -360.00006103515625 180.12619018554688
v -1580.068115234375 -360.00006103515625 180.1261749267578
v -1515.0625 -460.00006103515625 180.12620544433594
v -1520.0625 -455.0000915527344 185.12619018554688
v -1575.0653076171875 -455.0000915527344 185.1261749267578
v -1580.068115234375 -460.00006103515625 180.12619018554688
v -1575.0653076171875 -365.00006103515625 185.12615966796875
v -1580.068115234375 -360.00006103515625 180.1261749267578
v -1580.068115234375 -460.00006103515625 180.12619018554688
v -1575.0653076171875 -455.0000915527344 185.1261749267578
v -1583.3046875 -355.0120849609375 265.3262634277344
v -1547.5625 -410.0000305175781 290.12615966796875
v -1511.8203125 -355.0118713378906 265.3262023925781
v -1511.8203125 -355.0118713378906 265.3262023925781
v -1511.8203125 -354.9991760253906 265.3262023925781
v -1583.3046875 -354.99920654296875 265.326171875
v -1583.3046875 -355.0120849609375 265.3262634277344
v -1511.8203125 -355.0118713378906 265.3262023925781
v -1583.3046875 -354.99920654296875 265.326171875
v -1511.8203125 -355.0118713378906 265.3262023925781
v -1547.5625 -410.0000305175781 290.12615966796875
v -1511.8203125 -464.9881286621094 265.3262023925781
v -1547.5625 -410.0000305175781 290.12615966796875
v -1583.3046875 -355.0120849609375 265.3262634277344
v -1583.3046875 -464.98809814453125 265.326171875
v -1583.3046875 -464.98809814453125 265.326171875
v -1583.3046875 -465.0008239746094 265.326171875
v -1511.8203125 -465.00079345703125 265.3262023925781
v -1511.8203125 -464.9881286621094 265.3262023925781
v -1583.3046875 -464.98809814453125 265.326171875
v -1511.8203125 -464.9881286621094 265.3262023925781
v -1547.5625 -410.0000305175781 290.12615966796875
v 1575.05908203125 455.0082702636719 255.1263885498047
v 1575.0625 455.00787353515625 185.1263885498047
v 1520.0595703125 455.00787353515625 185.12637329101562
v 1520.06591796875 455.0082702636719 255.12637329101562
v 1575.05908203125 365.0075378417969 255.12640380859375
v 1575.0625 365.0079040527344 185.12640380859375
v 1575.0625 455.00787353515625 185.1263885498047
v 1575.05908203125 455.0082702636719 255.1263885498047
v 1520.06591796875 365.0075378417969 255.1263885498047
v 1520.0595703125 365.0079040527344 185.1263885498047
v 1575.0625 365.0079040527344 185.12640380859375
v 1575.05908203125 365.0075378417969 255.12640380859375
v 1520.06591796875 455.0082702636719 255.12637329101562
v 1520.0595703125 455.00787353515625 185.12637329101562
v 1520.0595703125 365.0079040527344 185.1263885498047
v 1520.06591796875 365.0075378417969 255.1263885498047
v 1583.3046875 465.00872802734375 265.3263854980469
v 1583.3046875 465.00872802734375 259.8263854980469
v 1511.8203125 465.00872802734375 259.8263854980469
v 1511.8203125 465.00872802734375 265.3263854980469
v 1583.3046875 465.00872802734375 259.8263854980469
v 1583.3046875 465.00872802734375 265.3263854980469
v 1583.3046875 464.9960632324219 265.3263854980469
v 1583.3046875 355.0198059082031 265.3263854980469
v 1583.3046875 355.0071105957031 265.3263854980469
v 1583.3046875 355.0071105957031 259.8263854980469
v 1511.8203125 355.0071105957031 265.3263854980469
v 1511.8203125 355.0071105957031 259.8263854980469
v 1583.3046875 355.0071105957031 259.8263854980469
v 1583.3046875 355.0071105957031 265.3263854980469
v 1511.8203125 355.0071105957031 259.8263854980469
v 1511.8203125 355.0071105957031 265.3263854980469
v 1511.8203125 355.0198669433594 265.3263854980469
v 1511.8203125 464.995849609375 265.3264465332031
v 1511.8203125 465.00872802734375 265.3263854980469
v 1511.8203125 465.00872802734375 259.8263854980469
v 1575.05908203125 455.0082702636719 255.1263885498047
v 1520.06591796875 455.0082702636719 255.12637329101562
v 1511.8203125 465.00872802734375 259.8263854980469
v 1583.3046875 465.00872802734375 259.8263854980469
v 1575.05908203125 365.0075378417969 255.12640380859375
v 1575.05908203125 455.0082702636719 255.1263885498047
v 1583.3046875 465.00872802734375 259.8263854980469
v 1583.3046875 355.0071105957031 259.8263854980469
v 1520.06591796875 365.0075378417969 255.1263885498047
v 1575.05908203125 365.0075378417969 255.12640380859375
v 1583.3046875 355.0071105957031 259.8263854980469
v 1511.8203125 355.0071105957031 259.8263854980469
v 1520.06591796875 455.0082702636719 255.12637329101562
v 1520.06591796875 365.0075378417969 255.1263885498047
v 1511.8203125 355.0071105957031 259.8263854980469
v 1511.8203125 465.00872802734375 259.8263854980469
v 1580.0625 360.0079040527344 180.1263885498047
v 1580.0625 360.00787353515625 39.06993103027344
v 1580.0625 460.00787353515625 39.06991958618164
v 1580.0625 460.0079040527344 180.12637329101562
v 1575.0625 365.0079040527344 185.12640380859375
v 1580.0625 360.0079040527344 180.1263885498047
v 1580.0625 460.0079040527344 180.12637329101562
v 1575.0625 455.00787353515625 185.1263885498047
v 1580.0625 460.0079040527344 180.12637329101562
v 1580.0625 460.00787353515625 39.06991958618164
v 1515.056884765625 460.00787353515625 39.069915771484375
v 1515.056884765625 460.0079040527344 180.12635803222656
v 1580.0625 360.0079040527344 180.1263885498047
v 1515.056884765625 360.0079040527344 180.12637329101562
v 1515.056884765625 360.00787353515625 39.06992721557617
v 1580.0625 360.00787353515625 39.06993103027344
v 1515.056884765625 460.0079040527344 180.12635803222656
v 1515.056884765625 460.00787353515625 39.069915771484375
v 1515.056884765625 360.00787353515625 39.06992721557617
v 1515.056884765625 360.0079040527344 180.12637329101562
v 1520.0595703125 455.00787353515625 185.12637329101562
v 1575.0625 455.00787353515625 185.1263885498047
v 1580.0625 460.0079040527344 180.12637329101562
v 1515.056884765625 460.0079040527344 180.12635803222656
v 1580.0625 360.0079040527344 180.1263885498047
v 1575.0625 365.0079040527344 185.12640380859375
v 1520.0595703125 365.0079040527344 185.1263885498047
v 1515.056884765625 360.0079040527344 180.12637329101562
v 1520.0595703125 455.00787353515625 185.12637329101562
v 1515.056884765625 460.0079040527344 180.12635803222656
v 1515.056884765625 360.0079040527344 180.12637329101562
v 1520.0595703125 365.0079040527344 185.1263885498047
v 1511.8203125 464.995849609375 265.3264465332031
v 1547.5625 410.0079040527344 290.1263732910156
v 1583.3046875 464.9960632324219 265.3263854980469
v 1583.3046875 464.9960632324219 265.3263854980469
v 1583.3046875 465.00872802734375 265.3263854980469
v 1511.8203125 465.00872802734375 265.3263854980469
v 1511.8203125 464.995849609375 265.3264465332031
v 1583.3046875 464.9960632324219 265.3263854980469
v 1511.8203125 465.00872802734375 265.3263854980469
v 1583.3046875 464.9960632324219 265.3263854980469
v 1547.5625 410.0079040527344 290.1263732910156
v 1583.3046875 355.0198059082031 265.3263854980469
v 1547.5625 410.0079040527344 290.1263732910156
v 1511.8203125 464.995849609375 265.3264465332031
v 1511.8203125 355.0198669433594 265.3263854980469
v 1511.8203125 355.0198669433594 265.3263854980469
v 1511.8203125 355.0071105957031 265.3263854980469
v 1583.3046875 355.0071105957031 265.3263854980469
v 1583.3046875 355.0198059082031 265.3263854980469
v 1511.8203125 355.0198669433594 265.3263854980469
v 1583.3046875 355.0198059082031 265.3263854980469
v 1547.5625 410.0079040527344 290.1263732910156
v 1575.05908203125 -364.9995422363281 255.12646484375
v 1575.0625 -364.9999084472656 185.12646484375
v 1520.0595703125 -364.9999084472656 185.12644958496094
v 1520.06591796875 -364.9995422363281 255.12644958496094
v 1575.05908203125 -455.0002746582031 255.12648010253906
v 1575.0625 -454.99993896484375 185.12648010253906
v 1575.0625 -364.9999084472656 185.12646484375
v 1575.05908203125 -364.9995422363281 255.12646484375
v 1520.06591796875 -455.0002746582031 255.12646484375
v 1520.0595703125 -454.99993896484375 185.12646484375
v 1575.0625 -454.99993896484375 185.12648010253906
v 1575.05908203125 -455.0002746582031 255.12648010253906
v 1520.06591796875 -364.9995422363281 255.12644958496094
v 1520.0595703125 -364.9999084472656 185.12644958496094
v 1520.0595703125 -454.99993896484375 185.12646484375
v 1520.06591796875 -455.0002746582031 255.12646484375
v 1583.3046875 -354.9990539550781 265.3264465332031
v 1583.3046875 -354.9990539550781 259.8264465332031
v 1511.8203125 -354.9990539550781 259.8264465332031
v 1511.8203125 -354.9990539550781 265.3264465332031
v 1583.3046875 -354.9990539550781 259.8264465332031
v 1583.3046875 -354.9990539550781 265.3264465332031
v 1583.3046875 -355.0117492675781 265.3264465332031
v 1583.3046875 -464.9880065917969 265.3264465332031
v 1583.3046875 -465.00067138671875 265.3264465332031
v 1583.3046875 -465.00067138671875 259.8264465332031
v 1511.8203125 -465.00067138671875 265.3264465332031
v 1511.8203125 -465.00067138671875 259.8264465332031
v 1583.3046875 -465.00067138671875 259.8264465332031
v 1583.3046875 -465.00067138671875 265.3264465332031
v 1511.8203125 -465.00067138671875 259.8264465332031
v 1511.8203125 -465.00067138671875 265.3264465332031
v 1511.8203125 -464.9879455566406 265.3264465332031
v 1511.8203125 -355.0119323730469 265.3265075683594
v 1511.8203125 -354.9990539550781 265.3264465332031
v 1511.8203125 -354.9990539550781 259.8264465332031
v 1575.05908203125 -364.9995422363281 255.12646484375
v 1520.06591796875 -364.9995422363281 255.12644958496094
v 1511.8203125 -354.9990539550781 259.8264465332031
v 1583.3046875 -354.9990539550781 259.8264465332031
v 1575.05908203125 -455.0002746582031 255.12648010253906
v 1575.05908203125 -364.9995422363281 255.12646484375
v 1583.3046875 -354.9990539550781 259.8264465332031
v 1583.3046875 -465.00067138671875 259.8264465332031
v 1520.06591796875 -455.0002746582031 255.12646484375
v 1575.05908203125 -455.0002746582031 255.12648010253906
v 1583.3046875 -465.00067138671875 259.8264465332031
v 1511.8203125 -465.00067138671875 259.8264465332031
v 1520.06591796875 -364.9995422363281 255.12644958496094
v 1520.06591796875 -455.0002746582031 255.12646484375
v 1511.8203125 -465.00067138671875 259.8264465332031
v 1511.8203125 -354.9990539550781 259.8264465332031
v 1580.0625 -459.9999084472656 180.12646484375
v 1580.0625 -459.99993896484375 40.126461029052734
v 1580.0625 -359.99993896484375 40.12644958496094
v 1580.0625 -359.9999084472656 180.12644958496094
v 1575.0625 -454.99993896484375 185.12648010253906
v 1580.0625 -459.9999084472656 180.12646484375
v 1580.0625 -359.9999084472656 180.12644958496094
v 1575.0625 -364.9999084472656 185.12646484375
v 1580.0625 -359.9999084472656 180.12644958496094
v 1580.0625 -359.99993896484375 40.12644958496094
v 1515.056884765625 -359.99993896484375 40.126441955566406
v 1515.056884765625 -359.9999084472656 180.12643432617188
v 1580.0625 -459.9999084472656 180.12646484375
v 1515.056884765625 -459.9999084472656 180.12644958496094
v 1515.056884765625 -459.99993896484375 40.1264533996582
v 1580.0625 -459.99993896484375 40.126461029052734
v 1515.056884765625 -359.9999084472656 180.12643432617188
v 1515.056884765625 -359.99993896484375 40.126441955566406
v 1515.056884765625 -459.99993896484375 40.1264533996582
v 1515.056884765625 -459.9999084472656 180.12644958496094
v 1520.0595703125 -364.9999084472656 185.12644958496094
v 1575.0625 -364.9999084472656 185.12646484375
v 1580.0625 -359.9999084472656 180.12644958496094
v 1515.056884765625 -359.9999084472656 180.12643432617188
v 1580.0625 -459.9999084472656 180.12646484375
v 1575.0625 -454.99993896484375 185.12648010253906
v 1520.0595703125 -454.99993896484375 185.12646484375
v 1515.056884765625 -459.9999084472656 180.12644958496094
v 1520.0595703125 -364.9999084472656 185.12644958496094
v 1515.056884765625 -359.9999084472656 180.12643432617188
v 1515.056884765625 -459.9999084472656 180.12644958496094
v 1520.0595703125 -454.99993896484375 185.12646484375
v 1511.8203125 -355.0119323730469 265.3265075683594
v 1547.5625 -409.9999084472656 290.1264343261719
v 1583.3046875 -355.0117492675781 265.3264465332031
v 1583.3046875 -355.0117492675781 265.3264465332031
v 1583.3046875 -354.9990539550781 265.3264465332031
v 1511.8203125 -354.9990539550781 265.3264465332031
v 1511.8203125 -355.0119323730469 265.3265075683594
v 1583.3046875 -355.0117492675781 265.3264465332031
v 1511.8203125 -354.9990539550781 265.3264465332031
v 1583.3046875 -355.0117492675781 265.3264465332031
v 1547.5625 -409.9999084472656 290.1264343261719
v 1583.3046875 -464.9880065917969 265.3264465332031
v 1547.5625 -409.9999084472656 290.1264343261719
v 1511.8203125 -355.0119323730469 265.3265075683594
v 1511.8203125 -464.9879455566406 265.3264465332031
v 1511.8203125 -464.9879455566406 265.3264465332031
v 1511.8203125 -465.00067138671875 265.3264465332031
v 1583.3046875 -465.00067138671875 265.3264465332031
v 1583.3046875 -464.9880065917969 265.3264465332031
v 1511.8203125 -464.9879455566406 265.3264465332031
v 1583.3046875 -464.9880065917969 265.3264465332031
v 1547.5625 -409.9999084472656 290.1264343261719
v -1350.0 303.35516357421875 149.53109741210938
v -1575.0 304.0098571777344 146.73109436035156
v -1125.0 302.70050048828125 162.35614013671875
v -900.0 302.0457763671875 181.93109130859375
v -675.0 301.3911437988281 204.20614624023438
v -450.0 300.7364501953125 225.1312255859375
v -225.00003051757812 300.0817565917969 240.65618896484375
v -3.465830741333775e-05 299.4271240234375 246.73123168945312
v 224.99993896484375 298.7724304199219 240.65623474121094
v 450.0 298.11773681640625 225.13134765625
v 675.0 297.4630432128906 204.20626831054688
v 900.0 296.808349609375 181.93133544921875
v 1125.0 296.1537170410156 162.3563232421875
v 1350.0 295.4989929199219 150.29745483398438
v 1575.0 294.8443298339844 147.4974822998047
v -1350.0 395.00775146484375 150.29721069335938
v -1575.0 395.00775146484375 147.49720764160156
v -1125.0 395.0077819824219 163.1222381591797
v -900.0 395.0077819824219 182.697265625
v -675.0 395.0078125 204.97225952148438
v -450.0000305175781 395.0078125 225.8973388671875
v -225.00003051757812 395.0078125 241.42230224609375
v -3.8903250242583454e-05 395.0078430175781 247.49734497070312
v 224.99993896484375 395.0078430175781 241.42234802246094
v 449.9999694824219 395.0078430175781 225.8973846435547
v 675.0 395.00787353515625 204.97238159179688
v 900.0 395.00787353515625 182.69744873046875
v 1125.0 395.00787353515625 163.1224365234375
v 1350.0 395.00787353515625 150.29745483398438
v 1575.0 395.0079040527344 147.4974822998047
v -673.1173095703125 -405.0065002441406 -110.3167953491211
v -673.1173095703125 -394.39984130859375 -110.3167953491211
v -1123.4693603515625 -394.3998718261719 -110.31683349609375
v -1123.4693603515625 -405.00653076171875 -110.31683349609375
v -673.1173095703125 -405.0065002441406 -115.92342376708984
v -673.1173095703125 -405.0065002441406 -110.3167953491211
v -1123.4693603515625 -405.00653076171875 -110.31683349609375
v -1123.4693603515625 -405.00653076171875 -115.9234619140625
v -673.1173095703125 -394.39984130859375 -120.92341613769531
v -673.1173095703125 -400.0064697265625 -120.92341613769531
v -1123.4693603515625 -400.0065002441406 -120.92345428466797
v -1123.4693603515625 -394.3998718261719 -120.92345428466797
v -645.877197265625 -405.0065002441406 -110.31673431396484
v -645.877197265625 -394.39984130859375 -110.31673431396484
v -640.2684936523438 -405.0065002441406 -115.92342376708984
v -645.877197265625 -405.0065002441406 -110.31673431396484
v -635.2666015625 -394.39984130859375 -120.92347717285156
v -635.2666015625 -400.0064697265625 -120.92347717285156
v -645.877197265625 -394.39984130859375 -110.31673431396484
v -645.877197265625 -405.0065002441406 -110.31673431396484
v -645.8966064453125 -405.0065002441406 -60.61711883544922
v -645.8966064453125 -394.39984130859375 -60.61711883544922
v -640.2897338867188 -405.0065002441406 -61.23632049560547
v -645.8966064453125 -405.0065002441406 -60.61711883544922
v -635.4241943359375 -405.0065002441406 -13.862324714660645
v -635.4241943359375 -394.39984130859375 -13.862325668334961
v -630.2547607421875 -405.0065002441406 -16.43443489074707
v -635.4241943359375 -405.0065002441406 -13.862324714660645
v -635.4241943359375 -394.39984130859375 -13.862325668334961
v -635.4241943359375 -405.0065002441406 -13.862324714660645
v -599.3839721679688 -405.0065002441406 28.65815544128418
v -599.3839721679688 -394.39984130859375 28.658153533935547
v -595.6517333984375 -405.0065002441406 24.390302658081055
v -599.3839721679688 -405.0065002441406 28.65815544128418
v -551.0131225585938 -405.0065002441406 59.61882400512695
v -551.0131225585938 -394.39984130859375 59.61882400512695
v -548.485107421875 -405.0065002441406 54.58015823364258
v -551.0131225585938 -405.0065002441406 59.61882400512695
v -493.6619567871094 -405.0064697265625 81.25090789794922
v -493.6619567871094 -394.39984130859375 81.25090789794922
v -492.025146484375 -405.0064697265625 75.87609100341797
v -493.6619567871094 -405.0064697265625 81.25090789794922
v -460.3529968261719 -405.0064697265625 89.06988525390625
v -460.3529968261719 -394.3998107910156 89.06988525390625
v -459.07183837890625 -405.0064697265625 83.61162567138672
v -460.3529968261719 -405.0064697265625 89.06988525390625
v -230.01907348632812 -405.0064697265625 129.9276123046875
v -230.01907348632812 -394.3998107910156 129.9276123046875
v -229.39797973632812 -405.0064697265625 124.35555267333984
v -230.01907348632812 -405.0064697265625 129.9276123046875
v 1.0002636372519191e-05 -405.0064697265625 142.80068969726562
v 9.53900507738581e-06 -394.3998107910156 142.80068969726562
v 5.441284884000197e-06 -405.0064697265625 137.19412231445312
v 1.0002636372519191e-05 -405.0064697265625 142.80068969726562
v 230.01913452148438 -405.0064392089844 129.79486083984375
v 230.01913452148438 -394.3997802734375 129.79486083984375
v 229.3980255126953 -405.0064392089844 124.22283935546875
v 230.01913452148438 -405.0064392089844 129.79486083984375
v 460.3529357910156 -405.0064392089844 88.79036712646484
v 460.3529357910156 -394.3997802734375 88.79036712646484
v 459.0718688964844 -405.0064392089844 83.3320541381836
v 460.3529357910156 -405.0064392089844 88.79036712646484
v 492.47076416015625 -405.0063781738281 81.25105285644531
v 492.47076416015625 -394.3997497558594 81.25105285644531
v 490.8341369628906 -405.0063781738281 75.8762435913086
v 492.47076416015625 -405.0063781738281 81.25105285644531
v 549.8222045898438 -405.0064392089844 59.61897659301758
v 549.8222045898438 -394.3997802734375 59.61897659301758
v 547.294189453125 -405.0064392089844 54.58034133911133
v 549.8222045898438 -405.0064392089844 59.61897659301758
v 598.192626953125 -405.0064392089844 28.658384323120117
v 598.192626953125 -394.3997802734375 28.658382415771484
v 594.4605102539062 -405.0064392089844 24.390438079833984
v 598.192626953125 -405.0064392089844 28.658384323120117
v 634.2232666015625 -405.0064392089844 -13.850159645080566
v 634.2232666015625 -394.3997802734375 -13.850160598754883
v 629.0551147460938 -405.0064392089844 -16.42388916015625
v 634.2232666015625 -405.0064392089844 -13.850159645080566
v 634.2232666015625 -394.3997802734375 -13.850160598754883
v 634.2232666015625 -405.0064392089844 -13.850159645080566
v 644.726806640625 -405.0064392089844 -60.603302001953125
v 644.726806640625 -394.3998107910156 -60.603302001953125
v 639.119873046875 -405.0064392089844 -61.22409439086914
v 644.726806640625 -405.0064392089844 -60.603302001953125
v 644.7053833007812 -405.0064392089844 -110.31671142578125
v 644.7053833007812 -394.3998107910156 -110.31671142578125
v 639.0963745117188 -405.0064392089844 -115.92330169677734
v 644.7053833007812 -405.0064392089844 -110.31671142578125
v 644.7053833007812 -394.3998107910156 -110.31671142578125
v 644.7053833007812 -405.0064392089844 -110.31671142578125
v 673.1173095703125 -405.0064392089844 -110.3166732788086
v 673.1173095703125 -394.3997802734375 -110.3166732788086
v 673.1173095703125 -405.0064392089844 -115.92330169677734
v 673.1173095703125 -405.0064392089844 -110.3166732788086
v 634.0941772460938 -400.0064392089844 -120.92327117919922
v 634.0941772460938 -394.3998107910156 -120.92327117919922
v 673.1173095703125 -394.3997802734375 -120.92330932617188
v 673.1173095703125 -400.00640869140625 -120.92330932617188
v 1123.4693603515625 -405.0064392089844 -110.31663513183594
v 1123.4693603515625 -394.3997802734375 -110.31663513183594
v 1123.4693603515625 -405.0064392089844 -115.92326354980469
v 1123.4693603515625 -405.0064392089844 -110.31663513183594
v 1123.4693603515625 -394.3997802734375 -120.92327117919922
v 1123.4693603515625 -400.00640869140625 -120.92327117919922
v -1123.4693603515625 -400.0065002441406 -120.92345428466797
v -673.1173095703125 -400.0064697265625 -120.92341613769531
v -673.1173095703125 -405.0065002441406 -115.92342376708984
v -1123.4693603515625 -405.00653076171875 -115.9234619140625
v -635.2666015625 -400.0064697265625 -120.92347717285156
v -640.2684936523438 -405.0065002441406 -115.92342376708984
v -635.2666015625 -400.0064697265625 -120.92347717285156
v -635.28955078125 -400.0064697265625 -61.78850555419922
v -640.2897338867188 -405.0065002441406 -61.23632049560547
v -640.2684936523438 -405.0065002441406 -115.92342376708984
v -625.6446533203125 -400.0064697265625 -18.72829246520996
v -630.2547607421875 -405.0065002441406 -16.43443489074707
v -592.3233032226562 -400.0064697265625 20.584239959716797
v -595.6517333984375 -405.0065002441406 24.390302658081055
v -546.2306518554688 -400.0064697265625 50.0866584777832
v -548.485107421875 -405.0065002441406 54.58015823364258
v -490.5654602050781 -400.0064697265625 71.08281707763672
v -492.025146484375 -405.0064697265625 75.87609100341797
v -457.92926025390625 -400.0064392089844 78.74394989013672
v -459.07183837890625 -405.0064697265625 83.61162567138672
v -228.84408569335938 -400.0064392089844 119.38630676269531
v -229.39797973632812 -405.0064697265625 124.35555267333984
v 1.1447900760686025e-06 -400.0064392089844 132.19412231445312
v 5.441284884000197e-06 -405.0064697265625 137.19412231445312
v 228.8441162109375 -400.00640869140625 119.25360107421875
v 229.3980255126953 -405.0064392089844 124.22283935546875
v 457.9294128417969 -400.00640869140625 78.46430969238281
v 459.0718688964844 -405.0064392089844 83.3320541381836
v 489.37451171875 -400.00634765625 71.08296966552734
v 490.8341369628906 -405.0063781738281 75.8762435913086
v 545.0397338867188 -400.00640869140625 50.08684158325195
v 547.294189453125 -405.0064392089844 54.58034133911133
v 591.1322021484375 -400.00640869140625 20.584285736083984
v 594.4605102539062 -405.0064392089844 24.390438079833984
v 624.4461669921875 -400.00640869140625 -18.719179153442383
v 629.0551147460938 -405.0064392089844 -16.42388916015625
v 634.11962890625 -400.0064392089844 -61.777679443359375
v 639.119873046875 -405.0064392089844 -61.22409439086914
v 634.0941772460938 -400.0064392089844 -120.92327117919922
v 639.0963745117188 -405.0064392089844 -115.92330169677734
v 634.0941772460938 -400.0064392089844 -120.92327117919922
v 673.1173095703125 -400.00640869140625 -120.92330932617188
v 673.1173095703125 -405.0064392089844 -115.92330169677734
v 639.0963745117188 -405.0064392089844 -115.92330169677734
v 1123.4693603515625 -400.00640869140625 -120.92327117919922
v 1123.4693603515625 -405.0064392089844 -115.92326354980469
v -1123.4693603515625 394.3919372558594 -110.31690979003906
v -673.1173095703125 394.3919677734375 -110.3168716430664
v -673.1173095703125 404.99859619140625 -110.3168716430664
v -1123.4693603515625 404.9985656738281 -110.31690979003906
v -1123.4693603515625 404.9985656738281 -110.31690979003906
v -673.1173095703125 404.99859619140625 -110.3168716430664
v -673.1173095703125 404.99859619140625 -115.92350006103516
v -1123.4693603515625 404.9985656738281 -115.92353820800781
v -1123.4693603515625 394.3919372558594 -120.92353057861328
v -1123.4693603515625 399.9985656738281 -120.92353057861328
v -673.1173095703125 399.99859619140625 -120.92349243164062
v -673.1173095703125 394.3919677734375 -120.92349243164062
v -645.877197265625 404.99859619140625 -110.31681060791016
v -645.877197265625 394.3919677734375 -110.31681060791016
v -640.2684936523438 404.99859619140625 -115.92350006103516
v -645.877197265625 404.99859619140625 -110.31681060791016
v -635.2666015625 394.3919677734375 -120.92355346679688
v -635.2666015625 399.99859619140625 -120.92355346679688
v -645.8966064453125 404.99859619140625 -60.6171875
v -645.877197265625 404.99859619140625 -110.31681060791016
v -645.877197265625 394.3919677734375 -110.31681060791016
v -645.8966064453125 394.3919677734375 -60.6171875
v -640.2897338867188 404.99859619140625 -61.23638916015625
v -645.8966064453125 404.99859619140625 -60.6171875
v -635.4241943359375 404.99859619140625 -13.862395286560059
v -635.4241943359375 394.3919677734375 -13.862394332885742
v -630.2547607421875 404.99859619140625 -16.434507369995117
v -635.4241943359375 404.99859619140625 -13.862395286560059
v -599.3839721679688 404.99859619140625 28.658082962036133
v -635.4241943359375 404.99859619140625 -13.862395286560059
v -635.4241943359375 394.3919677734375 -13.862394332885742
v -599.3839721679688 394.3919677734375 28.658084869384766
v -595.6517333984375 404.99859619140625 24.390230178833008
v -599.3839721679688 404.99859619140625 28.658082962036133
v -551.0131225585938 404.99859619140625 59.61875534057617
v -551.0131225585938 394.3919677734375 59.61875534057617
v -548.485107421875 404.99859619140625 54.5800895690918
v -551.0131225585938 404.99859619140625 59.61875534057617
v -493.6620178222656 404.9986267089844 81.2508316040039
v -493.6620178222656 394.39202880859375 81.2508316040039
v -492.02520751953125 404.9986267089844 75.87601470947266
v -493.6620178222656 404.9986267089844 81.2508316040039
v -460.3530578613281 404.9986267089844 89.06980895996094
v -460.3530578613281 394.3919982910156 89.06980895996094
v -459.0718994140625 404.9986267089844 83.6115493774414
v -460.3530578613281 404.9986267089844 89.06980895996094
v -230.01910400390625 394.3919982910156 129.92755126953125
v -230.01910400390625 404.9986267089844 129.92755126953125
v -230.01910400390625 404.9986267089844 129.92755126953125
v -229.39801025390625 404.9986267089844 124.35547637939453
v -2.4955079425126314e-05 394.3919982910156 142.80062866210938
v -2.5418710720259696e-05 404.9986267089844 142.80062866210938
v -2.5418710720259696e-05 404.9986267089844 142.80062866210938
v -2.9696941055590287e-05 404.9986267089844 137.19406127929688
v 230.01910400390625 394.39202880859375 129.7947998046875
v 230.01910400390625 404.9986572265625 129.7947998046875
v 230.01910400390625 404.9986572265625 129.7947998046875
v 229.3979949951172 404.9986572265625 124.22276306152344
v 460.3528747558594 394.39202880859375 88.79029083251953
v 460.3528747558594 404.9986572265625 88.79029083251953
v 460.3528747558594 404.9986572265625 88.79029083251953
v 459.0718078613281 404.9986572265625 83.33197784423828
v 492.470703125 404.9986267089844 81.2509765625
v 492.470703125 394.3919982910156 81.2509765625
v 490.8340759277344 404.9986267089844 75.87616729736328
v 492.470703125 404.9986267089844 81.2509765625
v 549.8222045898438 404.9986572265625 59.6189079284668
v 549.8222045898438 394.39202880859375 59.6189079284668
v 547.294189453125 404.9986572265625 54.58027267456055
v 549.8222045898438 404.9986572265625 59.6189079284668
v 598.192626953125 404.9986572265625 28.65831184387207
v 598.192626953125 394.39202880859375 28.658313751220703
v 594.4605102539062 404.9986572265625 24.390365600585938
v 598.192626953125 404.9986572265625 28.65831184387207
v 634.2232666015625 404.9986572265625 -13.85023021697998
v 634.2232666015625 394.39202880859375 -13.850229263305664
v 629.0551147460938 404.9986572265625 -16.423961639404297
v 634.2232666015625 404.9986572265625 -13.85023021697998
v 644.726806640625 404.9986572265625 -60.603370666503906
v 634.2232666015625 404.9986572265625 -13.85023021697998
v 634.2232666015625 394.39202880859375 -13.850229263305664
v 644.726806640625 394.3920593261719 -60.603370666503906
v 639.119873046875 404.9986572265625 -61.22416305541992
v 644.726806640625 404.9986572265625 -60.603370666503906
v 644.7053833007812 404.9986572265625 -110.31678771972656
v 644.7053833007812 394.3920593261719 -110.31678771972656
v 639.0963745117188 404.9986572265625 -115.92337799072266
v 644.7053833007812 404.9986572265625 -110.31678771972656
v 673.1173095703125 404.9986572265625 -110.3167495727539
v 644.7053833007812 404.9986572265625 -110.31678771972656
v 644.7053833007812 394.3920593261719 -110.31678771972656
v 673.1173095703125 394.39202880859375 -110.3167495727539
v 673.1173095703125 404.9986572265625 -115.92337799072266
v 673.1173095703125 404.9986572265625 -110.3167495727539
v 673.1173095703125 394.39202880859375 -120.92338562011719
v 634.0941772460938 394.3920593261719 -120.92334747314453
v 634.0941772460938 399.9986877441406 -120.92334747314453
v 673.1173095703125 399.9986572265625 -120.92338562011719
v 1123.4693603515625 394.39202880859375 -110.31671142578125
v 1123.4693603515625 404.9986572265625 -110.31671142578125
v 1123.4693603515625 404.9986572265625 -110.31671142578125
v 1123.4693603515625 404.9986572265625 -115.92333984375
v 1123.4693603515625 399.9986572265625 -120.92334747314453
v 1123.4693603515625 394.39202880859375 -120.92334747314453
v -673.1173095703125 404.99859619140625 -115.92350006103516
v -673.1173095703125 399.99859619140625 -120.92349243164062
v -1123.4693603515625 399.9985656738281 -120.92353057861328
v -1123.4693603515625 404.9985656738281 -115.92353820800781
v -640.2684936523438 404.99859619140625 -115.92350006103516
v -635.2666015625 399.99859619140625 -120.92355346679688
v -640.2897338867188 404.99859619140625 -61.23638916015625
v -635.28955078125 399.99859619140625 -61.78857421875
v -635.2666015625 399.99859619140625 -120.92355346679688
v -640.2684936523438 404.99859619140625 -115.92350006103516
v -630.2547607421875 404.99859619140625 -16.434507369995117
v -625.6446533203125 399.99859619140625 -18.728361129760742
v -595.6517333984375 404.99859619140625 24.390230178833008
v -592.3233032226562 399.99859619140625 20.584171295166016
v -548.485107421875 404.99859619140625 54.5800895690918
v -546.2306518554688 399.99859619140625 50.08658981323242
v -492.02520751953125 404.9986267089844 75.87601470947266
v -490.5655212402344 399.9986572265625 71.0827407836914
v -459.0718994140625 404.9986267089844 83.6115493774414
v -457.9293212890625 399.9986267089844 78.7438735961914
v -229.39801025390625 404.9986267089844 124.35547637939453
v -228.8441162109375 399.9986267089844 119.38623046875
v -2.9696941055590287e-05 404.9986267089844 137.19406127929688
v -3.3809643355198205e-05 399.9986267089844 132.19406127929688
v 229.3979949951172 404.9986572265625 124.22276306152344
v 228.84408569335938 399.9986572265625 119.25352478027344
v 459.0718078613281 404.9986572265625 83.33197784423828
v 457.9293518066406 399.9986572265625 78.4642333984375
v 490.8340759277344 404.9986267089844 75.87616729736328
v 489.37445068359375 399.9986267089844 71.08289337158203
v 547.294189453125 404.9986572265625 54.58027267456055
v 545.0397338867188 399.9986572265625 50.08677291870117
v 594.4605102539062 404.9986572265625 24.390365600585938
v 591.1322021484375 399.9986572265625 20.584217071533203
v 629.0551147460938 404.9986572265625 -16.423961639404297
v 624.4461669921875 399.9986572265625 -18.719247817993164
v 639.119873046875 404.9986572265625 -61.22416305541992
v 634.11962890625 399.9986877441406 -61.777748107910156
v 639.0963745117188 404.9986572265625 -115.92337799072266
v 634.0941772460938 399.9986877441406 -120.92334747314453
v 673.1173095703125 404.9986572265625 -115.92337799072266
v 673.1173095703125 399.9986572265625 -120.92338562011719
v 634.0941772460938 399.9986877441406 -120.92334747314453
v 639.0963745117188 404.9986572265625 -115.92337799072266
v 1123.4693603515625 404.9986572265625 -115.92333984375
v 1123.4693603515625 399.9986572265625 -120.92334747314453
v -1350.3468017578125 -392.4922180175781 255.29124450683594
v -1350.3468017578125 -377.9922180175781 250.29122924804688
v -1520.124755859375 -377.9922180175781 247.49710083007812
v -1520.124755859375 -392.4922180175781 252.49710083007812
v -1125.718017578125 -392.4922180175781 268.09649658203125
v -1125.718017578125 -377.9922180175781 263.0964660644531
v -900.926025390625 -392.4921875 287.6543884277344
v -900.926025390625 -377.9921875 282.6543884277344
v -675.9556274414062 -392.4921875 309.9265441894531
v -675.9556274414062 -377.9921875 304.9265441894531
v -450.8072509765625 -392.4921875 330.8647155761719
v -450.8072509765625 -377.9921875 325.8647155761719
v -225.479248046875 -392.4921569824219 346.410888671875
v -225.479248046875 -377.9921569824219 341.4109191894531
v -1.365576645184774e-05 -392.4921569824219 352.4974060058594
v -1.384281313221436e-05 -377.9921569824219 347.4974060058594
v 225.47921752929688 -392.4921569824219 346.4109191894531
v 225.47921752929688 -377.9921569824219 341.4109191894531
v 450.8072814941406 -392.49212646484375 330.8648376464844
v 450.8072814941406 -377.99212646484375 325.8648376464844
v 675.9556274414062 -392.49212646484375 309.9266662597656
v 675.9556274414062 -377.99212646484375 304.9266662597656
v 900.9259033203125 -392.49212646484375 287.6545104980469
v 900.9259033203125 -377.99212646484375 282.6545104980469
v 1125.718017578125 -392.49212646484375 268.0967102050781
v 1125.718017578125 -377.99212646484375 263.0966796875
v 1350.3468017578125 -392.4920959472656 255.2914581298828
v 1350.3468017578125 -377.9920959472656 250.2914581298828
v 1520.062255859375 -392.4920959472656 252.4973602294922
v 1520.062255859375 -377.9920959472656 247.49734497070312
v -1520.0625 -406.9922180175781 242.4972686767578
v -1520.0625 -377.9922180175781 242.4972686767578
v -1350.0 -377.9922180175781 245.2972869873047
v -1350.0 -406.9922180175781 245.2972869873047
v -1125.0 -377.9922180175781 258.1222839355469
v -1125.0 -406.9922180175781 258.1222839355469
v -900.0 -377.9921875 277.6973571777344
v -900.0 -406.9921875 277.6973571777344
v -675.0 -377.9921875 299.9723205566406
v -675.0 -406.9921875 299.9723205566406
v -449.9999694824219 -377.9921875 320.89739990234375
v -449.9999694824219 -406.9921875 320.89739990234375
v -225.00003051757812 -377.9921569824219 336.4223937988281
v -225.00003051757812 -406.9921569824219 336.4223937988281
v -1.3419510651146993e-05 -377.9921569824219 342.4974060058594
v -1.2151878763688728e-05 -406.9921569824219 342.4974060058594
v 224.99996948242188 -377.9921569824219 336.4223937988281
v 224.99996948242188 -406.9921569824219 336.4223937988281
v 450.0000305175781 -377.99212646484375 320.8974609375
v 450.0000305175781 -406.99212646484375 320.8974609375
v 675.0 -377.99212646484375 299.9724426269531
v 675.0 -406.99212646484375 299.9724426269531
v 900.0 -377.99212646484375 277.6974792480469
v 900.0 -406.99212646484375 277.6974792480469
v 1125.0 -377.99212646484375 258.12249755859375
v 1125.0 -406.99212646484375 258.12249755859375
v 1350.0 -377.9920959472656 245.29751586914062
v 1350.0 -406.9920959472656 245.29751586914062
v 1520.0 -377.9920959472656 242.49752807617188
v 1520.0 -406.9920959472656 242.49752807617188
v -1520.0625 -406.9922180175781 242.4972686767578
v -1350.0 -406.9922180175781 245.2972869873047
v -1350.3468017578125 -406.9922180175781 250.29122924804688
v -1520.124755859375 -406.9922180175781 247.49710083007812
v -1350.0 -377.9922180175781 245.2972869873047
v -1520.0625 -377.9922180175781 242.4972686767578
v -1520.124755859375 -377.9922180175781 247.49710083007812
v -1350.3468017578125 -377.9922180175781 250.29122924804688
v -1125.0 -406.9922180175781 258.1222839355469
v -1125.718017578125 -406.9922180175781 263.0964660644531
v -1125.0 -377.9922180175781 258.1222839355469
v -1125.718017578125 -377.9922180175781 263.0964660644531
v -900.0 -406.9921875 277.6973571777344
v -900.926025390625 -406.9921875 282.6543884277344
v -900.0 -377.9921875 277.6973571777344
v -900.926025390625 -377.9921875 282.6543884277344
v -675.0 -406.9921875 299.9723205566406
v -675.9556274414062 -406.9921875 304.9265441894531
v -675.0 -377.9921875 299.9723205566406
v -675.9556274414062 -377.9921875 304.9265441894531
v -449.9999694824219 -406.9921875 320.89739990234375
v -450.8072509765625 -406.9921875 325.8647155761719
v -449.9999694824219 -377.9921875 320.89739990234375
v -450.8072509765625 -377.9921875 325.8647155761719
v -225.00003051757812 -406.9921569824219 336.4223937988281
v -225.479248046875 -406.9921569824219 341.4109191894531
v -225.00003051757812 -377.9921569824219 336.4223937988281
v -225.479248046875 -377.9921569824219 341.4109191894531
v -1.2151878763688728e-05 -406.9921569824219 342.4974060058594
v -1.2594498912221752e-05 -406.9921569824219 347.4974060058594
v -1.3419510651146993e-05 -377.9921569824219 342.4974060058594
v -1.384281313221436e-05 -377.9921569824219 347.4974060058594
v 224.99996948242188 -406.9921569824219 336.4223937988281
v 225.47921752929688 -406.9921569824219 341.4109191894531
v 224.99996948242188 -377.9921569824219 336.4223937988281
v 225.47921752929688 -377.9921569824219 341.4109191894531
v 450.0000305175781 -406.99212646484375 320.8974609375
v 450.8072814941406 -406.99212646484375 325.8648376464844
v 450.0000305175781 -377.99212646484375 320.8974609375
v 450.8072814941406 -377.99212646484375 325.8648376464844
v 675.0 -406.99212646484375 299.9724426269531
v 675.9556274414062 -406.99212646484375 304.9266662597656
v 675.0 -377.99212646484375 299.9724426269531
v 675.9556274414062 -377.99212646484375 304.9266662597656
v 900.0 -406.99212646484375 277.6974792480469
v 900.9259033203125 -406.99212646484375 282.6545104980469
v 900.0 -377.99212646484375 277.6974792480469
v 900.9259033203125 -377.99212646484375 282.6545104980469
v 1125.0 -406.99212646484375 258.12249755859375
v 1125.718017578125 -406.99212646484375 263.0966796875
v 1125.0 -377.99212646484375 258.12249755859375
v 1125.718017578125 -377.99212646484375 263.0966796875
v 1350.0 -406.9920959472656 245.29751586914062
v 1350.3468017578125 -406.9920959472656 250.2914581298828
v 1350.0 -377.9920959472656 245.29751586914062
v 1350.3468017578125 -377.9920959472656 250.2914581298828
v 1520.0 -406.9920959472656 242.49752807617188
v 1520.062255859375 -406.9920959472656 247.49734497070312
v 1520.0 -377.9920959472656 242.49752807617188
v 1520.062255859375 -377.9920959472656 247.49734497070312
v -1350.3468017578125 392.5077819824219 255.2911834716797
v -1350.3468017578125 407.00775146484375 250.29116821289062
v -1520.124755859375 407.00775146484375 247.49703979492188
v -1520.124755859375 392.5077819824219 252.49703979492188
v -1125.718017578125 392.5077819824219 268.096435546875
v -1125.718017578125 407.00775146484375 263.0964050292969
v -900.926025390625 392.5078125 287.6543273925781
v -900.926025390625 407.0077819824219 282.6543273925781
v -675.9556274414062 392.5078125 309.9264831542969
v -675.9556274414062 407.0077819824219 304.9264831542969
v -450.80731201171875 392.5078125 330.8646545410156
v -450.80731201171875 407.0077819824219 325.8646545410156
v -225.47927856445312 392.5078430175781 346.41082763671875
v -225.47927856445312 407.0078125 341.4108581542969
v -4.796920620719902e-05 392.5078430175781 352.4973449707031
v -4.815625288756564e-05 407.0078125 347.4973449707031
v 225.47918701171875 392.5078430175781 346.4108581542969
v 225.47918701171875 407.0078125 341.4108581542969
v 450.8072204589844 392.50787353515625 330.8647766113281
v 450.8072204589844 407.0078430175781 325.8647766113281
v 675.9556274414062 392.50787353515625 309.9266052246094
v 675.9556274414062 407.0078430175781 304.9266052246094
v 900.9259033203125 392.50787353515625 287.6544494628906
v 900.9259033203125 407.0078430175781 282.6544494628906
v 1125.718017578125 392.50787353515625 268.0966491699219
v 1125.718017578125 407.0078430175781 263.09661865234375
v 1350.3468017578125 392.5079040527344 255.29139709472656
v 1350.3468017578125 407.00787353515625 250.29139709472656
v 1520.062255859375 392.5079040527344 252.49729919433594
v 1520.062255859375 407.00787353515625 247.49728393554688
v -1520.0625 378.0077819824219 242.49720764160156
v -1520.0625 407.00775146484375 242.49720764160156
v -1350.0 407.00775146484375 245.29722595214844
v -1350.0 378.0077819824219 245.29722595214844
v -1125.0 407.00775146484375 258.1222229003906
v -1125.0 378.0077819824219 258.1222229003906
v -900.0 407.0077819824219 277.6972961425781
v -900.0 378.0078125 277.6972961425781
v -675.0 407.0077819824219 299.9722595214844
v -675.0 378.0078125 299.9722595214844
v -450.0000305175781 407.0077819824219 320.8973388671875
v -450.0000305175781 378.0078125 320.8973388671875
v -225.00006103515625 407.0078125 336.4223327636719
v -225.00006103515625 378.0078430175781 336.4223327636719
v -4.773294858750887e-05 407.0078125 342.4973449707031
v -4.6465320338029414e-05 378.0078430175781 342.4973449707031
v 224.99993896484375 407.0078125 336.4223327636719
v 224.99993896484375 378.0078430175781 336.4223327636719
v 449.9999694824219 407.0078430175781 320.89739990234375
v 449.9999694824219 378.00787353515625 320.89739990234375
v 675.0 407.0078430175781 299.9723815917969
v 675.0 378.00787353515625 299.9723815917969
v 900.0 407.0078430175781 277.6974182128906
v 900.0 378.00787353515625 277.6974182128906
v 1125.0 407.0078430175781 258.1224365234375
v 1125.0 378.00787353515625 258.1224365234375
v 1350.0 407.00787353515625 245.29745483398438
v 1350.0 378.0079040527344 245.29745483398438
v 1520.0 407.00787353515625 242.49746704101562
v 1520.0 378.0079040527344 242.49746704101562
v -1520.0625 378.0077819824219 242.49720764160156
v -1350.0 378.0077819824219 245.29722595214844
v -1350.3468017578125 378.0077819824219 250.29116821289062
v -1520.124755859375 378.0077819824219 247.49703979492188
v -1350.0 407.00775146484375 245.29722595214844
v -1520.0625 407.00775146484375 242.49720764160156
v -1520.124755859375 407.00775146484375 247.49703979492188
v -1350.3468017578125 407.00775146484375 250.29116821289062
v -1125.0 378.0077819824219 258.1222229003906
v -1125.718017578125 378.0077819824219 263.0964050292969
v -1125.0 407.00775146484375 258.1222229003906
v -1125.718017578125 407.00775146484375 263.0964050292969
v -900.0 378.0078125 277.6972961425781
v -900.926025390625 378.0078125 282.6543273925781
v -900.0 407.0077819824219 277.6972961425781
v -900.926025390625 407.0077819824219 282.6543273925781
v -675.0 378.0078125 299.9722595214844
v -675.9556274414062 378.0078125 304.9264831542969
v -675.0 407.0077819824219 299.9722595214844
v -675.9556274414062 407.0077819824219 304.9264831542969
v -450.0000305175781 378.0078125 320.8973388671875
v -450.80731201171875 378.0078125 325.8646545410156
v -450.0000305175781 407.0077819824219 320.8973388671875
v -450.80731201171875 407.0077819824219 325.8646545410156
v -225.00006103515625 378.0078430175781 336.4223327636719
v -225.47927856445312 378.0078430175781 341.4108581542969
v -225.00006103515625 407.0078125 336.4223327636719
v -225.47927856445312 407.0078125 341.4108581542969
v -4.6465320338029414e-05 378.0078430175781 342.4973449707031
v -4.6907938667573035e-05 378.0078430175781 347.4973449707031
v -4.773294858750887e-05 407.0078125 342.4973449707031
v -4.815625288756564e-05 407.0078125 347.4973449707031
v 224.99993896484375 378.0078430175781 336.4223327636719
v 225.47918701171875 378.0078430175781 341.4108581542969
v 224.99993896484375 407.0078125 336.4223327636719
v 225.47918701171875 407.0078125 341.4108581542969
v 449.9999694824219 378.00787353515625 320.89739990234375
v 450.8072204589844 378.00787353515625 325.8647766113281
v 449.9999694824219 407.0078430175781 320.89739990234375
v 450.8072204589844 407.0078430175781 325.8647766113281
v 675.0 378.00787353515625 299.9723815917969
v 675.9556274414062 378.00787353515625 304.9266052246094
v 675.0 407.0078430175781 299.9723815917969
v 675.9556274414062 407.0078430175781 304.9266052246094
v 900.0 378.00787353515625 277.6974182128906
v 900.9259033203125 378.00787353515625 282.6544494628906
v 900.0 407.0078430175781 277.6974182128906
v 900.9259033203125 407.0078430175781 282.6544494628906
v 1125.0 378.00787353515625 258.1224365234375
v 1125.718017578125 378.00787353515625 263.09661865234375
v 1125.0 407.0078430175781 258.1224365234375
v 1125.718017578125 407.0078430175781 263.09661865234375
v 1350.0 378.0079040527344 245.29745483398438
v 1350.3468017578125 378.0079040527344 250.29139709472656
v 1350.0 407.00787353515625 245.29745483398438
v 1350.3468017578125 407.00787353515625 250.29139709472656
v 1520.0 378.0079040527344 242.49746704101562
v 1520.062255859375 378.0079040527344 247.49728393554688
v 1520.0 407.00787353515625 242.49746704101562
v 1520.062255859375 407.00787353515625 247.49728393554688
v -1520.124755859375 378.0077819824219 247.49703979492188
v -1350.3468017578125 378.0077819824219 250.29116821289062
v -1125.718017578125 378.0077819824219 263.0964050292969
v -900.926025390625 378.0078125 282.6543273925781
v -675.9556274414062 378.0078125 304.9264831542969
v -450.80731201171875 378.0078125 325.8646545410156
v -225.47927856445312 378.0078430175781 341.4108581542969
v -4.6907938667573035e-05 378.0078430175781 347.4973449707031
v 225.47918701171875 378.0078430175781 341.4108581542969
v 450.8072204589844 378.00787353515625 325.8647766113281
v 675.9556274414062 378.00787353515625 304.9266052246094
v 900.9259033203125 378.00787353515625 282.6544494628906
v 1125.718017578125 378.00787353515625 263.09661865234375
v 1350.3468017578125 378.0079040527344 250.29139709472656
v 1520.062255859375 378.0079040527344 247.49728393554688
v -1520.124755859375 -406.9922180175781 247.49710083007812
v -1350.3468017578125 -406.9922180175781 250.29122924804688
v -1125.718017578125 -406.9922180175781 263.0964660644531
v -900.926025390625 -406.9921875 282.6543884277344
v -675.9556274414062 -406.9921875 304.9265441894531
v -450.8072509765625 -406.9921875 325.8647155761719
v -225.479248046875 -406.9921569824219 341.4109191894531
v -1.2594498912221752e-05 -406.9921569824219 347.4974060058594
v 225.47921752929688 -406.9921569824219 341.4109191894531
v 450.8072814941406 -406.99212646484375 325.8648376464844
v 675.9556274414062 -406.99212646484375 304.9266662597656
v 900.9259033203125 -406.99212646484375 282.6545104980469
v 1125.718017578125 -406.99212646484375 263.0966796875
v 1350.3468017578125 -406.9920959472656 250.2914581298828
v 1520.062255859375 -406.9920959472656 247.49734497070312
v -1639.969482421875 -367.03277587890625 147.4974365234375
v -1848.28857421875 -367.62677001953125 147.4974365234375
v -1848.28857421875 -367.6268005371094 12.183586120605469
v -1639.969482421875 -367.03277587890625 12.183605194091797
v -1643.8741455078125 372.98089599609375 147.49737548828125
v -1575.0023193359375 373.84295654296875 147.05201721191406
v -1575.0023193359375 373.84295654296875 11.738203048706055
v -1643.8741455078125 372.98089599609375 12.183540344238281
v -1575.000732421875 -366.27545166015625 147.27503967285156
v -1575.000732421875 -366.27545166015625 11.96122932434082
v -1639.969482421875 -367.03277587890625 147.4974365234375
v -1575.000732421875 -366.27545166015625 147.27503967285156
v -1575.000732421875 -346.00982666015625 146.71221923828125
v -1575.000732421875 -346.00982666015625 146.71221923828125
v -1639.7271728515625 -346.87652587890625 147.39178466796875
v -1639.969482421875 -367.03277587890625 147.4974365234375
v -1575.0023193359375 373.84295654296875 147.05201721191406
v -1643.8741455078125 372.98089599609375 147.49737548828125
v -1643.343017578125 353.11370849609375 147.41644287109375
v -1643.343017578125 353.11370849609375 147.41644287109375
v -1575.0023193359375 353.97576904296875 146.9710693359375
v -1575.0023193359375 373.84295654296875 147.05201721191406
f 4558 4557 4559
f 4 3 1
f 2 1 3
f 3 6 2
f 5 2 6
f 6 8 5
f 7 5 8
f 8 10 7
f 9 7 10
f 10 12 9
f 11 9 12
f 12 14 11
f 13 11 14
f 14 16 13
f 15 13 16
f 16 18 15
f 17 15 18
f 18 20 17
f 19 17 20
f 20 22 19
f 21 19 22
f 22 24 21
f 23 21 24
f 24 26 23
f 25 23 26
f 26 28 25
f 27 25 28
f 28 30 27
f 29 27 30
f 3957 3955 3958
f 3956 3958 3955
f 3955 3953 3956
f 3954 3956 3953
f 3953 3951 3954
f 3952 3954 3951
f 3951 3949 3952
f 3950 3952 3949
f 3949 3947 3950
f 3948 3950 3947
f 3947 3945 3948
f 3946 3948 3945
f 3945 3943 3946
f 3944 3946 3943
f 3943 3941 3944
f 3942 3944 3941
f 3941 3939 3942
f 3940 3942 3939
f 3939 3937 3940
f 3938 3940 3937
f 3937 3935 3938
f 3936 3938 3935
f 3935 3933 3936
f 3934 3936 3933
f 3933 3930 3934
f 3931 3934 3930
f 3930 3929 3931
f 3932 3931 3929
f 4561 4560 4562
f 4567 4566 4568
f 4564 4563 4565
f 60 59 61
f 62 61 59
f 126 125 116
f 115 116 125
f 4570 4569 117
f 118 117 4569
f 117 118 119
f 122 119 118
f 122 121 119
f 120 119 121
f 120 121 138
f 137 138 121
f 138 137 134
f 133 134 137
f 134 133 135
f 136 135 133
f 135 136 139
f 140 139 136
f 139 140 130
f 129 130 140
f 129 127 130
f 128 130 127
f 128 127 104
f 103 104 127
f 4572 4571 105
f 106 105 4571
f 3806 3805 3807
f 3808 3807 3805
f 3802 3801 3803
f 3804 3803 3801
f 3798 3797 3799
f 3800 3799 3797
f 3794 3793 3795
f 3796 3795 3793
f 3700 3699 3701
f 3702 3701 3699
f 3696 3695 3697
f 3698 3697 3695
f 3692 3691 3693
f 3694 3693 3691
f 3688 3687 3689
f 3690 3689 3687
f 3594 3593 3595
f 3596 3595 3593
f 3590 3589 3591
f 3592 3591 3589
f 3586 3585 3587
f 3588 3587 3585
f 3582 3581 3583
f 3584 3583 3581
f 3488 3487 3489
f 3490 3489 3487
f 3484 3483 3485
f 3486 3485 3483
f 3480 3479 3481
f 3482 3481 3479
f 3476 3475 3477
f 3478 3477 3475
f 3382 3381 3383
f 3384 3383 3381
f 3378 3377 3379
f 3380 3379 3377
f 3374 3373 3375
f 3376 3375 3373
f 3370 3369 3371
f 3372 3371 3369
f 3276 3275 3277
f 3278 3277 3275
f 3272 3271 3273
f 3274 3273 3271
f 3268 3267 3269
f 3270 3269 3267
f 3264 3263 3265
f 3266 3265 3263
f 3170 3169 3171
f 3172 3171 3169
f 3166 3165 3167
f 3168 3167 3165
f 3162 3161 3163
f 3164 3163 3161
f 3158 3157 3159
f 3160 3159 3157
f 3064 3063 3065
f 3066 3065 3063
f 3060 3059 3061
f 3062 3061 3059
f 3056 3055 3057
f 3058 3057 3055
f 3052 3051 3053
f 3054 3053 3051
f 1288 1287 1289
f 1290 1289 1287
f 1242 1241 1243
f 1243 1241 1246
f 1248 1243 1246
f 1247 1248 1246
f 1244 1247 1246
f 1245 1244 1246
f 1234 1233 1235
f 1235 1233 1238
f 1240 1235 1238
f 1239 1240 1238
f 1236 1239 1238
f 1237 1236 1238
f 1230 1229 1231
f 1232 1231 1229
f 1202 1201 1203
f 1204 1203 1201
f 1148 1147 1149
f 1149 1147 1152
f 1154 1149 1152
f 1153 1154 1152
f 1150 1153 1152
f 1151 1150 1152
f 1144 1143 1145
f 1146 1145 1143
f 1116 1115 1117
f 1118 1117 1115
f 1062 1061 1063
f 1063 1061 1066
f 1068 1063 1066
f 1067 1068 1066
f 1064 1067 1066
f 1065 1064 1066
f 1058 1057 1059
f 1060 1059 1057
f 1030 1029 1031
f 1032 1031 1029
f 976 975 977
f 977 975 980
f 982 977 980
f 981 982 980
f 978 981 980
f 979 978 980
f 972 971 973
f 974 973 971
f 132 131 108
f 107 108 131
f 108 107 109
f 110 109 107
f 124 123 112
f 111 112 123
f 112 111 113
f 114 113 111
f 58 57 56
f 55 56 57
f 56 55 53
f 54 53 55
f 1159 1158 1160
f 1158 1161 1160
f 1161 1162 1160
f 1162 1157 1160
f 1157 1155 1160
f 1156 1155 1157
f 1073 1072 1074
f 1072 1075 1074
f 1075 1076 1074
f 1076 1071 1074
f 1071 1069 1074
f 1070 1069 1071
f 984 983 985
f 985 983 988
f 990 985 988
f 989 990 988
f 986 989 988
f 987 986 988
f 585 48 586
f 49 586 48
f 48 47 49
f 50 49 47
f 47 51 50
f 52 50 51
f 573 82 574
f 83 574 82
f 82 81 83
f 84 83 81
f 81 85 84
f 86 84 85
f 32 31 33
f 34 33 31
f 33 34 35
f 36 35 34
f 36 583 35
f 584 35 583
f 4546 4545 4547
f 4548 4547 4545
f 89 88 90
f 542 541 543
f 544 543 541
f 543 544 545
f 546 545 544
f 545 546 547
f 548 547 546
f 547 548 88
f 91 88 548
f 88 91 90
f 90 91 92
f 92 91 93
f 91 37 93
f 93 37 94
f 37 87 94
f 38 87 37
f 38 37 39
f 40 39 37
f 39 40 41
f 42 41 40
f 41 42 43
f 44 43 42
f 43 44 45
f 46 45 44
f 46 95 45
f 45 95 96
f 96 95 97
f 97 95 98
f 98 95 99
f 99 95 102
f 100 99 102
f 101 100 102
f 555 553 556
f 554 556 553
f 553 551 554
f 552 554 551
f 551 549 552
f 550 552 549
f 549 102 550
f 95 550 102
f 581 579 582
f 580 582 579
f 579 577 580
f 578 580 577
f 577 575 578
f 576 578 575
f 575 80 576
f 73 576 80
f 77 73 80
f 76 73 77
f 79 78 80
f 78 77 80
f 75 73 76
f 74 73 75
f 71 73 74
f 72 73 71
f 72 71 70
f 69 70 71
f 70 69 68
f 67 68 69
f 68 67 66
f 65 66 67
f 66 65 63
f 64 63 65
f 64 567 63
f 63 567 572
f 571 63 572
f 566 63 571
f 570 566 571
f 569 566 570
f 568 566 569
f 565 566 568
f 566 565 564
f 563 564 565
f 564 563 562
f 561 562 563
f 562 561 560
f 559 560 561
f 560 559 557
f 558 557 559
f 4550 4549 4551
f 4552 4551 4549
f 4554 4553 4555
f 4556 4555 4553
f 3136 3135 3137
f 4074 4073 4075
f 4076 4075 4073
f 4058 4057 4059
f 4060 4059 4057
f 4059 4060 4065
f 4066 4065 4060
f 4052 4051 4053
f 4054 4053 4051
f 4053 4054 4061
f 4062 4061 4054
f 4042 4041 4043
f 4044 4043 4041
f 4043 4044 4047
f 4048 4047 4044
f 4036 4035 4037
f 4038 4037 4035
f 4011 4012 4015
f 4016 4015 4012
f 4015 4016 4019
f 4020 4019 4016
f 4019 4020 4023
f 4024 4023 4020
f 4023 4024 4027
f 4028 4027 4024
f 4027 4028 4031
f 4032 4031 4028
f 3994 3993 3995
f 3996 3995 3993
f 3995 3996 3999
f 4000 3999 3996
f 3999 4000 4003
f 4004 4003 4000
f 4003 4004 4007
f 4008 4007 4004
f 4007 4008 4011
f 4012 4011 4008
f 3988 3987 3989
f 3990 3989 3987
f 3978 3977 3979
f 3980 3979 3977
f 3979 3980 3983
f 3984 3983 3980
f 3976 3975 3968
f 3967 3968 3975
f 3968 3967 3969
f 3970 3969 3967
f 3992 3991 3986
f 3985 3986 3991
f 3986 4573 3982
f 3981 3982 4573
f 3982 3981 3974
f 3973 3974 3981
f 4574 3973 3964
f 3963 3964 3973
f 3964 3963 3965
f 3966 3965 3963
f 4014 4013 4010
f 4009 4010 4013
f 4010 4009 4006
f 4005 4006 4009
f 4006 4005 4002
f 4001 4002 4005
f 4002 4001 3998
f 3997 3998 4001
f 3998 3997 4575
f 3991 3992 4576
f 4034 4033 4030
f 4029 4030 4033
f 4030 4029 4026
f 4025 4026 4029
f 4026 4025 4022
f 4021 4022 4025
f 4022 4021 4018
f 4017 4018 4021
f 4018 4017 4577
f 4013 4014 4578
f 4064 4063 4056
f 4055 4056 4063
f 4056 4055 4050
f 4049 4050 4055
f 4580 4579 4046
f 4045 4046 4579
f 4046 4045 4040
f 4039 4040 4045
f 4040 4581 4034
f 4582 4034 4581
f 3972 3971 3960
f 3959 3960 3971
f 3960 3959 3961
f 3962 3961 3959
f 3893 3892 3894
f 3894 3892 3895
f 3874 3873 3875
f 3876 3875 3873
f 3870 3869 3871
f 3872 3871 3869
f 3866 3865 3867
f 3868 3867 3865
f 3862 3861 3863
f 3864 3863 3861
f 3858 3857 3859
f 3860 3859 3857
f 3854 3853 3855
f 3856 3855 3853
f 3850 3849 3851
f 3852 3851 3849
f 3846 3845 3847
f 3848 3847 3845
f 3842 3841 3843
f 3844 3843 3841
f 3838 3837 3839
f 3840 3839 3837
f 3834 3833 3835
f 3836 3835 3833
f 3830 3829 3831
f 3832 3831 3829
f 3824 3823 3825
f 3825 3823 3826
f 3826 3823 3827
f 3827 3823 3828
f 3820 3819 3821
f 3822 3821 3819
f 3814 3813 3815
f 3815 3813 3816
f 3816 3813 3817
f 3817 3813 3818
f 3810 3809 3811
f 3812 3811 3809
f 3787 3786 3788
f 3788 3786 3789
f 3768 3767 3769
f 3770 3769 3767
f 3764 3763 3765
f 3766 3765 3763
f 3760 3759 3761
f 3762 3761 3759
f 3756 3755 3757
f 3758 3757 3755
f 3752 3751 3753
f 3754 3753 3751
f 3748 3747 3749
f 3750 3749 3747
f 3744 3743 3745
f 3746 3745 3743
f 3740 3739 3741
f 3742 3741 3739
f 3736 3735 3737
f 3738 3737 3735
f 3732 3731 3733
f 3734 3733 3731
f 3728 3727 3729
f 3730 3729 3727
f 3724 3723 3725
f 3726 3725 3723
f 3718 3717 3719
f 3719 3717 3720
f 3720 3717 3721
f 3721 3717 3722
f 3714 3713 3715
f 3716 3715 3713
f 3708 3707 3709
f 3709 3707 3710
f 3710 3707 3711
f 3711 3707 3712
f 3704 3703 3705
f 3706 3705 3703
f 3681 3680 3682
f 3682 3680 3683
f 3662 3661 3663
f 3664 3663 3661
f 3658 3657 3659
f 3660 3659 3657
f 3654 3653 3655
f 3656 3655 3653
f 3650 3649 3651
f 3652 3651 3649
f 3646 3645 3647
f 3648 3647 3645
f 3642 3641 3643
f 3644 3643 3641
f 3638 3637 3639
f 3640 3639 3637
f 3634 3633 3635
f 3636 3635 3633
f 3630 3629 3631
f 3632 3631 3629
f 3626 3625 3627
f 3628 3627 3625
f 3622 3621 3623
f 3624 3623 3621
f 3618 3617 3619
f 3620 3619 3617
f 3612 3611 3613
f 3613 3611 3614
f 3614 3611 3615
f 3615 3611 3616
f 3608 3607 3609
f 3610 3609 3607
f 3602 3601 3603
f 3603 3601 3604
f 3604 3601 3605
f 3605 3601 3606
f 3598 3597 3599
f 3600 3599 3597
f 3575 3574 3576
f 3576 3574 3577
f 3524 3523 3525
f 3526 3525 3523
f 3520 3519 3521
f 3522 3521 3519
f 3516 3515 3517
f 3518 3517 3515
f 3512 3511 3513
f 3514 3513 3511
f 3506 3505 3507
f 3507 3505 3508
f 3508 3505 3509
f 3509 3505 3510
f 3502 3501 3503
f 3504 3503 3501
f 3496 3495 3497
f 3497 3495 3498
f 3498 3495 3499
f 3499 3495 3500
f 3492 3491 3493
f 3494 3493 3491
f 3469 3468 3470
f 3470 3468 3474
f 3450 3449 3451
f 3452 3451 3449
f 3446 3445 3447
f 3448 3447 3445
f 3442 3441 3443
f 3444 3443 3441
f 3438 3437 3439
f 3440 3439 3437
f 3434 3433 3435
f 3436 3435 3433
f 3430 3429 3431
f 3432 3431 3429
f 3426 3425 3427
f 3428 3427 3425
f 3422 3421 3423
f 3424 3423 3421
f 3418 3417 3419
f 3420 3419 3417
f 3414 3413 3415
f 3416 3415 3413
f 3410 3409 3411
f 3412 3411 3409
f 3406 3405 3407
f 3408 3407 3405
f 3400 3399 3401
f 3401 3399 3404
f 3403 3401 3404
f 3402 3401 3403
f 4071 4068 4072
f 4069 4072 4068
f 4068 4067 4069
f 4070 4069 4067
f 3897 3896 3898
f 3396 3395 3397
f 3398 3397 3395
f 3390 3389 3391
f 3391 3389 3394
f 3393 3391 3394
f 3392 3391 3393
f 3890 3889 3891
f 3386 3385 3387
f 3388 3387 3385
f 3363 3362 3364
f 3364 3362 3368
f 3344 3343 3345
f 3346 3345 3343
f 3340 3339 3341
f 3342 3341 3339
f 3336 3335 3337
f 3338 3337 3335
f 3332 3331 3333
f 3334 3333 3331
f 3328 3327 3329
f 3330 3329 3327
f 3324 3323 3325
f 3326 3325 3323
f 3320 3319 3321
f 3322 3321 3319
f 3316 3315 3317
f 3318 3317 3315
f 3312 3311 3313
f 3314 3313 3311
f 3308 3307 3309
f 3310 3309 3307
f 3304 3303 3305
f 3306 3305 3303
f 3300 3299 3301
f 3302 3301 3299
f 3294 3293 3295
f 3295 3293 3298
f 3297 3295 3298
f 3296 3295 3297
f 3887 3886 3888
f 3290 3289 3291
f 3292 3291 3289
f 3284 3283 3285
f 3285 3283 3288
f 3287 3285 3288
f 3286 3285 3287
f 3884 3883 3885
f 3280 3279 3281
f 3282 3281 3279
f 3257 3256 3258
f 3258 3256 3259
f 3238 3237 3239
f 3240 3239 3237
f 3234 3233 3235
f 3236 3235 3233
f 3230 3229 3231
f 3232 3231 3229
f 3226 3225 3227
f 3228 3227 3225
f 3222 3221 3223
f 3224 3223 3221
f 3218 3217 3219
f 3220 3219 3217
f 3214 3213 3215
f 3216 3215 3213
f 3210 3209 3211
f 3212 3211 3209
f 3206 3205 3207
f 3208 3207 3205
f 3202 3201 3203
f 3204 3203 3201
f 3198 3197 3199
f 3200 3199 3197
f 3194 3193 3195
f 3196 3195 3193
f 3188 3187 3189
f 3189 3187 3190
f 3190 3187 3191
f 3191 3187 3192
f 3184 3183 3185
f 3186 3185 3183
f 3178 3177 3179
f 3179 3177 3180
f 3180 3177 3181
f 3181 3177 3182
f 3174 3173 3175
f 3176 3175 3173
f 3151 3150 3152
f 3152 3150 3153
f 4404 4403 4402
f 4401 4402 4403
f 4402 4401 4400
f 4399 4400 4401
f 4400 4399 4396
f 4395 4396 4399
f 4396 4395 4397
f 4398 4397 4395
f 4398 4395 4515
f 4516 4515 4395
f 4395 4399 4516
f 4517 4516 4399
f 4399 4401 4517
f 4518 4517 4401
f 4401 4403 4518
f 4519 4518 4403
f 4403 4405 4519
f 4520 4519 4405
f 4405 4407 4520
f 4521 4520 4407
f 4407 4409 4521
f 4522 4521 4409
f 4409 4411 4522
f 4523 4522 4411
f 4411 4413 4523
f 4524 4523 4413
f 4414 4413 4412
f 4411 4412 4413
f 4412 4411 4410
f 4409 4410 4411
f 4410 4409 4408
f 4407 4408 4409
f 4408 4407 4406
f 4405 4406 4407
f 4406 4405 4404
f 4403 4404 4405
f 4424 4423 4422
f 4421 4422 4423
f 4422 4421 4420
f 4419 4420 4421
f 4420 4419 4418
f 4417 4418 4419
f 4418 4417 4416
f 4415 4416 4417
f 4416 4415 4414
f 4413 4414 4415
f 4413 4415 4524
f 4525 4524 4415
f 4415 4417 4525
f 4526 4525 4417
f 4417 4419 4526
f 4527 4526 4419
f 4419 4421 4527
f 4528 4527 4421
f 4421 4423 4528
f 4529 4528 4423
f 3881 3880 3882
f 4340 4339 4341
f 4342 4341 4339
f 4339 4345 4342
f 4346 4342 4345
f 4345 4349 4346
f 4350 4346 4349
f 4349 4353 4350
f 4354 4350 4353
f 4353 4357 4354
f 4358 4354 4357
f 4357 4361 4358
f 4362 4358 4361
f 4361 4365 4362
f 4366 4362 4365
f 4365 4369 4366
f 4370 4366 4369
f 4369 4373 4370
f 4374 4370 4373
f 4373 4377 4374
f 4378 4374 4377
f 4377 4381 4378
f 4382 4378 4381
f 4381 4385 4382
f 4386 4382 4385
f 4385 4389 4386
f 4390 4386 4389
f 4389 4393 4390
f 4394 4390 4393
f 3878 3877 3879
f 4325 4326 4327
f 4328 4327 4326
f 4327 4328 4329
f 4330 4329 4328
f 4329 4330 4331
f 4332 4331 4330
f 4331 4332 4333
f 4334 4333 4332
f 4315 4316 4317
f 4318 4317 4316
f 4317 4318 4319
f 4320 4319 4318
f 4319 4320 4321
f 4322 4321 4320
f 4321 4322 4323
f 4324 4323 4322
f 4323 4324 4325
f 4326 4325 4324
f 4306 4305 4307
f 4308 4307 4305
f 4307 4308 4309
f 4310 4309 4308
f 4309 4310 4311
f 4312 4311 4310
f 4311 4312 4313
f 4314 4313 4312
f 4313 4314 4315
f 4316 4315 4314
f 4284 4283 4282
f 4281 4282 4283
f 4282 4281 4280
f 4279 4280 4281
f 4280 4279 4276
f 4275 4276 4279
f 4276 4275 4277
f 4278 4277 4275
f 4278 4275 4530
f 4531 4530 4275
f 4275 4279 4531
f 4532 4531 4279
f 4279 4281 4532
f 4533 4532 4281
f 4281 4283 4533
f 4534 4533 4283
f 4283 4285 4534
f 4535 4534 4285
f 4285 4287 4535
f 4536 4535 4287
f 4287 4289 4536
f 4537 4536 4289
f 4289 4291 4537
f 4538 4537 4291
f 4294 4293 4292
f 4291 4292 4293
f 4292 4291 4290
f 4289 4290 4291
f 4290 4289 4288
f 4287 4288 4289
f 4288 4287 4286
f 4285 4286 4287
f 4286 4285 4284
f 4283 4284 4285
f 4304 4303 4302
f 4301 4302 4303
f 4302 4301 4300
f 4299 4300 4301
f 4300 4299 4298
f 4297 4298 4299
f 4298 4297 4296
f 4295 4296 4297
f 4296 4295 4294
f 4293 4294 4295
f 4291 4293 4538
f 4539 4538 4293
f 4293 4295 4539
f 4540 4539 4295
f 4295 4297 4540
f 4541 4540 4297
f 4297 4299 4541
f 4542 4541 4299
f 4299 4301 4542
f 4543 4542 4301
f 4301 4303 4543
f 4544 4543 4303
f 3791 3790 3792
f 4272 4271 4273
f 4274 4273 4271
f 4268 4267 4269
f 4270 4269 4267
f 4246 4245 4244
f 4243 4244 4245
f 4244 4243 4242
f 4241 4242 4243
f 4242 4241 4240
f 4239 4240 4241
f 4584 4583 4236
f 4235 4236 4583
f 4586 4585 4237
f 4238 4237 4585
f 4256 4255 4254
f 4253 4254 4255
f 4254 4253 4252
f 4251 4252 4253
f 4252 4251 4250
f 4249 4250 4251
f 4250 4249 4248
f 4247 4248 4249
f 4248 4247 4587
f 4245 4246 4588
f 4266 4265 4264
f 4263 4264 4265
f 4590 4589 4262
f 4261 4262 4589
f 4592 4591 4260
f 4259 4260 4591
f 4260 4259 4258
f 4257 4258 4259
f 4594 4593 4595
f 4255 4256 4596
f 4232 4231 4233
f 4234 4233 4231
f 4230 4229 4226
f 4225 4226 4229
f 4226 4225 4227
f 4228 4227 4225
f 4216 4215 4217
f 4218 4217 4215
f 4218 4215 4223
f 4224 4223 4215
f 4210 4209 4211
f 4212 4211 4209
f 4209 4220 4212
f 4219 4212 4220
f 3784 3783 3785
f 4200 4199 4201
f 4202 4201 4199
f 4199 4205 4202
f 4206 4202 4205
f 3781 3780 3782
f 4194 4193 4195
f 4196 4195 4193
f 4152 4151 4153
f 4154 4153 4151
f 4151 4157 4154
f 4158 4154 4157
f 4157 4161 4158
f 4162 4158 4161
f 4161 4166 4162
f 4165 4162 4166
f 4166 4170 4165
f 4169 4165 4170
f 4170 4174 4169
f 4173 4169 4174
f 4174 4178 4173
f 4177 4173 4178
f 4178 4181 4177
f 4182 4177 4181
f 4181 4185 4182
f 4186 4182 4185
f 4185 4189 4186
f 4190 4186 4189
f 3778 3777 3779
f 4146 4145 4147
f 4148 4147 4145
f 4136 4135 4137
f 4138 4137 4135
f 4135 4141 4138
f 4142 4138 4141
f 3775 3774 3776
f 4126 4125 4127
f 4128 4127 4125
f 4128 4133 4127
f 4134 4127 4133
f 3772 3771 3773
f 4114 4113 4115
f 4116 4115 4113
f 4110 4109 4111
f 4112 4111 4109
f 3556 3555 3557
f 3558 3557 3555
f 3552 3551 3553
f 3554 3553 3551
f 3548 3547 3549
f 3550 3549 3547
f 3544 3543 3545
f 3546 3545 3543
f 3540 3539 3541
f 3542 3541 3539
f 3536 3535 3537
f 3538 3537 3535
f 3532 3531 3533
f 3534 3533 3531
f 3528 3527 3529
f 3530 3529 3527
f 3132 3131 3133
f 3134 3133 3131
f 3128 3127 3129
f 3130 3129 3127
f 3124 3123 3125
f 3126 3125 3123
f 3120 3119 3121
f 3122 3121 3119
f 3116 3115 3117
f 3118 3117 3115
f 3112 3111 3113
f 3114 3113 3111
f 3108 3107 3109
f 3110 3109 3107
f 3104 3103 3105
f 3106 3105 3103
f 3100 3099 3101
f 3102 3101 3099
f 3096 3095 3097
f 3098 3097 3095
f 3092 3091 3093
f 3094 3093 3091
f 3088 3087 3089
f 3090 3089 3087
f 3082 3081 3083
f 3083 3081 3084
f 3084 3081 3085
f 3085 3081 3086
f 3078 3077 3079
f 3080 3079 3077
f 3072 3071 3073
f 3073 3071 3074
f 3074 3071 3075
f 3075 3071 3076
f 3068 3067 3069
f 3070 3069 3067
f 3044 3043 3045
f 3046 3045 3043
f 3045 3046 3050
f 3049 3050 3046
f 3050 3049 3048
f 3047 3048 3049
f 3048 3047 3044
f 3043 3044 3047
f 3040 3039 3041
f 3042 3041 3039
f 3036 3035 3037
f 3038 3037 3035
f 3032 3031 3033
f 3034 3033 3031
f 3028 3027 3029
f 3030 3029 3027
f 3016 3015 3017
f 3018 3017 3015
f 3018 3015 3025
f 3026 3025 3015
f 3012 3011 3013
f 3014 3013 3011
f 3014 3011 3023
f 3024 3023 3011
f 3008 3007 3009
f 3010 3009 3007
f 3010 3007 3021
f 3022 3021 3007
f 3004 3003 3005
f 3006 3005 3003
f 3006 3003 3019
f 3020 3019 3003
f 3000 2999 3001
f 3002 3001 2999
f 2996 2995 2997
f 2998 2997 2995
f 2992 2991 2993
f 2994 2993 2991
f 2988 2987 2989
f 2990 2989 2987
f 2984 2983 2985
f 2986 2985 2983
f 2980 2979 2981
f 2982 2981 2979
f 2976 2975 2977
f 2978 2977 2975
f 2972 2971 2973
f 2974 2973 2971
f 2960 2959 2961
f 2962 2961 2959
f 2956 2955 2957
f 2958 2957 2955
f 2952 2951 2953
f 2954 2953 2951
f 2948 2947 2949
f 2950 2949 2947
f 2920 2919 2921
f 2922 2921 2919
f 2916 2915 2917
f 2918 2917 2915
f 2912 2911 2913
f 2914 2913 2911
f 2908 2907 2909
f 2910 2909 2907
f 2904 2903 2905
f 2906 2905 2903
f 2900 2899 2901
f 2902 2901 2899
f 2896 2895 2897
f 2898 2897 2895
f 2892 2891 2893
f 2894 2893 2891
f 2880 2879 2881
f 2882 2881 2879
f 2876 2875 2877
f 2878 2877 2875
f 2872 2871 2873
f 2874 2873 2871
f 2868 2867 2869
f 2870 2869 2867
f 2840 2839 2841
f 2842 2841 2839
f 2836 2835 2837
f 2838 2837 2835
f 2832 2831 2833
f 2834 2833 2831
f 2828 2827 2829
f 2830 2829 2827
f 2824 2823 2825
f 2826 2825 2823
f 2820 2819 2821
f 2822 2821 2819
f 2816 2815 2817
f 2818 2817 2815
f 2812 2811 2813
f 2814 2813 2811
f 2800 2799 2801
f 2802 2801 2799
f 2796 2795 2797
f 2798 2797 2795
f 2792 2791 2793
f 2794 2793 2791
f 2788 2787 2789
f 2790 2789 2787
f 2760 2759 2761
f 2762 2761 2759
f 2756 2755 2757
f 2758 2757 2755
f 2752 2751 2753
f 2754 2753 2751
f 2748 2747 2749
f 2750 2749 2747
f 2744 2743 2745
f 2746 2745 2743
f 2740 2739 2741
f 2742 2741 2739
f 2736 2735 2737
f 2738 2737 2735
f 2732 2731 2733
f 2734 2733 2731
f 2720 2719 2721
f 2722 2721 2719
f 2716 2715 2717
f 2718 2717 2715
f 2712 2711 2713
f 2714 2713 2711
f 2708 2707 2709
f 2710 2709 2707
f 2680 2679 2681
f 2682 2681 2679
f 2676 2675 2677
f 2678 2677 2675
f 2672 2671 2673
f 2674 2673 2671
f 2668 2667 2669
f 2670 2669 2667
f 2664 2663 2665
f 2666 2665 2663
f 2660 2659 2661
f 2662 2661 2659
f 2656 2655 2657
f 2658 2657 2655
f 2652 2651 2653
f 2654 2653 2651
f 2640 2639 2641
f 2642 2641 2639
f 2636 2635 2637
f 2638 2637 2635
f 2632 2631 2633
f 2634 2633 2631
f 2628 2627 2629
f 2630 2629 2627
f 2600 2599 2601
f 2602 2601 2599
f 2596 2595 2597
f 2598 2597 2595
f 2592 2591 2593
f 2594 2593 2591
f 2588 2587 2589
f 2590 2589 2587
f 2584 2583 2585
f 2586 2585 2583
f 2580 2579 2581
f 2582 2581 2579
f 2576 2575 2577
f 2578 2577 2575
f 2572 2571 2573
f 2574 2573 2571
f 2564 2563 2565
f 2566 2565 2563
f 2565 2566 2570
f 2569 2570 2566
f 2570 2569 2568
f 2567 2568 2569
f 2568 2567 2564
f 2563 2564 2567
f 2560 2559 2561
f 2562 2561 2559
f 2556 2555 2557
f 2558 2557 2555
f 2552 2551 2553
f 2554 2553 2551
f 2548 2547 2549
f 2550 2549 2547
f 2536 2535 2537
f 2538 2537 2535
f 2538 2535 2545
f 2546 2545 2535
f 2532 2531 2533
f 2534 2533 2531
f 2534 2531 2543
f 2544 2543 2531
f 2528 2527 2529
f 2530 2529 2527
f 2530 2527 2541
f 2542 2541 2527
f 2524 2523 2525
f 2526 2525 2523
f 2526 2523 2539
f 2540 2539 2523
f 2520 2519 2521
f 2522 2521 2519
f 2516 2515 2517
f 2518 2517 2515
f 2512 2511 2513
f 2514 2513 2511
f 2508 2507 2509
f 2510 2509 2507
f 2504 2503 2505
f 2506 2505 2503
f 2500 2499 2501
f 2502 2501 2499
f 2496 2495 2497
f 2498 2497 2495
f 2492 2491 2493
f 2494 2493 2491
f 2484 2483 2485
f 2486 2485 2483
f 2485 2486 2490
f 2489 2490 2486
f 2490 2489 2488
f 2487 2488 2489
f 2488 2487 2484
f 2483 2484 2487
f 2480 2479 2481
f 2482 2481 2479
f 2476 2475 2477
f 2478 2477 2475
f 2472 2471 2473
f 2474 2473 2471
f 2468 2467 2469
f 2470 2469 2467
f 2444 2443 2445
f 2446 2445 2443
f 2446 2443 2459
f 2460 2459 2443
f 2440 2439 2441
f 2442 2441 2439
f 2436 2435 2437
f 2438 2437 2435
f 2432 2431 2433
f 2434 2433 2431
f 2428 2427 2429
f 2430 2429 2427
f 2424 2423 2425
f 2426 2425 2423
f 2420 2419 2421
f 2422 2421 2419
f 2416 2415 2417
f 2418 2417 2415
f 2412 2411 2413
f 2414 2413 2411
f 2404 2403 2405
f 2406 2405 2403
f 2405 2406 2410
f 2409 2410 2406
f 2410 2409 2408
f 2407 2408 2409
f 2408 2407 2404
f 2403 2404 2407
f 2400 2399 2401
f 2402 2401 2399
f 2396 2395 2397
f 2398 2397 2395
f 2392 2391 2393
f 2394 2393 2391
f 2388 2387 2389
f 2390 2389 2387
f 2376 2375 2377
f 2378 2377 2375
f 2378 2375 2385
f 2386 2385 2375
f 2372 2371 2373
f 2374 2373 2371
f 2374 2371 2383
f 2384 2383 2371
f 2368 2367 2369
f 2370 2369 2367
f 2370 2367 2381
f 2382 2381 2367
f 2364 2363 2365
f 2366 2365 2363
f 2366 2363 2379
f 2380 2379 2363
f 2360 2359 2361
f 2362 2361 2359
f 2356 2355 2357
f 2358 2357 2355
f 2352 2351 2353
f 2354 2353 2351
f 2348 2347 2349
f 2350 2349 2347
f 2344 2343 2345
f 2346 2345 2343
f 2340 2339 2341
f 2342 2341 2339
f 2336 2335 2337
f 2338 2337 2335
f 2332 2331 2333
f 2334 2333 2331
f 2324 2323 2325
f 2326 2325 2323
f 2325 2326 2330
f 2329 2330 2326
f 2330 2329 2328
f 2327 2328 2329
f 2328 2327 2324
f 2323 2324 2327
f 2320 2319 2321
f 2322 2321 2319
f 2316 2315 2317
f 2318 2317 2315
f 2312 2311 2313
f 2314 2313 2311
f 2308 2307 2309
f 2310 2309 2307
f 2296 2295 2297
f 2298 2297 2295
f 2298 2295 2305
f 2306 2305 2295
f 2292 2291 2293
f 2294 2293 2291
f 2294 2291 2303
f 2304 2303 2291
f 2288 2287 2289
f 2290 2289 2287
f 2290 2287 2301
f 2302 2301 2287
f 2284 2283 2285
f 2286 2285 2283
f 2286 2283 2299
f 2300 2299 2283
f 2280 2279 2281
f 2282 2281 2279
f 2276 2275 2277
f 2278 2277 2275
f 2272 2271 2273
f 2274 2273 2271
f 2268 2267 2269
f 2270 2269 2267
f 2264 2263 2265
f 2266 2265 2263
f 2260 2259 2261
f 2262 2261 2259
f 2256 2255 2257
f 2258 2257 2255
f 2252 2251 2253
f 2254 2253 2251
f 2244 2243 2245
f 2246 2245 2243
f 2245 2246 2250
f 2249 2250 2246
f 2250 2249 2248
f 2247 2248 2249
f 2248 2247 2244
f 2243 2244 2247
f 2240 2239 2241
f 2242 2241 2239
f 2236 2235 2237
f 2238 2237 2235
f 2232 2231 2233
f 2234 2233 2231
f 2228 2227 2229
f 2230 2229 2227
f 2216 2215 2217
f 2218 2217 2215
f 2218 2215 2225
f 2226 2225 2215
f 2212 2211 2213
f 2214 2213 2211
f 2214 2211 2223
f 2224 2223 2211
f 2208 2207 2209
f 2210 2209 2207
f 2210 2207 2221
f 2222 2221 2207
f 2204 2203 2205
f 2206 2205 2203
f 2206 2203 2219
f 2220 2219 2203
f 2200 2199 2201
f 2202 2201 2199
f 2196 2195 2197
f 2198 2197 2195
f 2192 2191 2193
f 2194 2193 2191
f 2188 2187 2189
f 2190 2189 2187
f 2184 2183 2185
f 2186 2185 2183
f 2180 2179 2181
f 2182 2181 2179
f 2176 2175 2177
f 2178 2177 2175
f 2172 2171 2173
f 2174 2173 2171
f 2164 2163 2165
f 2166 2165 2163
f 2165 2166 2170
f 2169 2170 2166
f 2170 2169 2168
f 2167 2168 2169
f 2168 2167 2164
f 2163 2164 2167
f 2160 2159 2161
f 2162 2161 2159
f 2156 2155 2157
f 2158 2157 2155
f 2152 2151 2153
f 2154 2153 2151
f 2148 2147 2149
f 2150 2149 2147
f 2136 2135 2137
f 2138 2137 2135
f 2138 2135 2145
f 2146 2145 2135
f 2132 2131 2133
f 2134 2133 2131
f 2134 2131 2143
f 2144 2143 2131
f 2128 2127 2129
f 2130 2129 2127
f 2130 2127 2141
f 2142 2141 2127
f 2124 2123 2125
f 2126 2125 2123
f 2126 2123 2139
f 2140 2139 2123
f 2120 2119 2121
f 2122 2121 2119
f 2116 2115 2117
f 2118 2117 2115
f 2112 2111 2113
f 2114 2113 2111
f 2108 2107 2109
f 2110 2109 2107
f 2104 2103 2105
f 2106 2105 2103
f 2100 2099 2101
f 2102 2101 2099
f 2096 2095 2097
f 2098 2097 2095
f 2092 2091 2093
f 2094 2093 2091
f 2080 2079 2081
f 2082 2081 2079
f 2076 2075 2077
f 2078 2077 2075
f 2072 2071 2073
f 2074 2073 2071
f 2068 2067 2069
f 2070 2069 2067
f 2040 2039 2041
f 2042 2041 2039
f 2036 2035 2037
f 2038 2037 2035
f 2032 2031 2033
f 2034 2033 2031
f 2028 2027 2029
f 2030 2029 2027
f 2024 2023 2025
f 2026 2025 2023
f 2020 2019 2021
f 2022 2021 2019
f 2016 2015 2017
f 2018 2017 2015
f 2012 2011 2013
f 2014 2013 2011
f 2000 1999 2001
f 2002 2001 1999
f 1996 1995 1997
f 1998 1997 1995
f 1992 1991 1993
f 1994 1993 1991
f 1988 1987 1989
f 1990 1989 1987
f 1960 1959 1961
f 1962 1961 1959
f 1956 1955 1957
f 1958 1957 1955
f 1952 1951 1953
f 1954 1953 1951
f 1948 1947 1949
f 1950 1949 1947
f 1944 1943 1945
f 1946 1945 1943
f 1940 1939 1941
f 1942 1941 1939
f 1936 1935 1937
f 1938 1937 1935
f 1932 1931 1933
f 1934 1933 1931
f 1920 1919 1921
f 1922 1921 1919
f 1916 1915 1917
f 1918 1917 1915
f 1912 1911 1913
f 1914 1913 1911
f 1908 1907 1909
f 1910 1909 1907
f 1880 1879 1881
f 1882 1881 1879
f 1876 1875 1877
f 1878 1877 1875
f 1872 1871 1873
f 1874 1873 1871
f 1868 1867 1869
f 1870 1869 1867
f 1864 1863 1865
f 1866 1865 1863
f 1860 1859 1861
f 1862 1861 1859
f 1856 1855 1857
f 1858 1857 1855
f 1852 1851 1853
f 1854 1853 1851
f 1840 1839 1841
f 1842 1841 1839
f 1836 1835 1837
f 1838 1837 1835
f 1832 1831 1833
f 1834 1833 1831
f 1828 1827 1829
f 1830 1829 1827
f 1800 1799 1801
f 1802 1801 1799
f 1796 1795 1797
f 1798 1797 1795
f 1792 1791 1793
f 1794 1793 1791
f 1788 1787 1789
f 1790 1789 1787
f 1784 1783 1785
f 1786 1785 1783
f 1780 1779 1781
f 1782 1781 1779
f 1776 1775 1777
f 1778 1777 1775
f 1772 1771 1773
f 1774 1773 1771
f 1760 1759 1761
f 1762 1761 1759
f 1756 1755 1757
f 1758 1757 1755
f 1752 1751 1753
f 1754 1753 1751
f 1748 1747 1749
f 1750 1749 1747
f 1720 1719 1721
f 1722 1721 1719
f 1716 1715 1717
f 1718 1717 1715
f 1712 1711 1713
f 1714 1713 1711
f 1708 1707 1709
f 1710 1709 1707
f 1704 1703 1705
f 1706 1705 1703
f 1700 1699 1701
f 1702 1701 1699
f 1696 1695 1697
f 1698 1697 1695
f 1692 1691 1693
f 1694 1693 1691
f 1684 1683 1685
f 1686 1685 1683
f 1685 1686 1690
f 1689 1690 1686
f 1690 1689 1688
f 1687 1688 1689
f 1688 1687 1684
f 1683 1684 1687
f 1680 1679 1681
f 1682 1681 1679
f 1676 1675 1677
f 1678 1677 1675
f 1672 1671 1673
f 1674 1673 1671
f 1668 1667 1669
f 1670 1669 1667
f 1656 1655 1657
f 1658 1657 1655
f 1658 1655 1665
f 1666 1665 1655
f 1652 1651 1653
f 1654 1653 1651
f 1654 1651 1663
f 1664 1663 1651
f 1648 1647 1649
f 1650 1649 1647
f 1650 1647 1661
f 1662 1661 1647
f 1644 1643 1645
f 1646 1645 1643
f 1646 1643 1659
f 1660 1659 1643
f 1640 1639 1641
f 1642 1641 1639
f 1636 1635 1637
f 1638 1637 1635
f 1632 1631 1633
f 1634 1633 1631
f 1628 1627 1629
f 1630 1629 1627
f 1624 1623 1625
f 1626 1625 1623
f 1620 1619 1621
f 1622 1621 1619
f 1616 1615 1617
f 1618 1617 1615
f 1612 1611 1613
f 1614 1613 1611
f 1604 1603 1605
f 1606 1605 1603
f 1605 1606 1610
f 1609 1610 1606
f 1610 1609 1608
f 1607 1608 1609
f 1608 1607 1604
f 1603 1604 1607
f 1600 1599 1601
f 1602 1601 1599
f 1596 1595 1597
f 1598 1597 1595
f 1592 1591 1593
f 1594 1593 1591
f 1588 1587 1589
f 1590 1589 1587
f 1576 1575 1577
f 1578 1577 1575
f 1578 1575 1585
f 1586 1585 1575
f 1572 1571 1573
f 1574 1573 1571
f 1574 1571 1583
f 1584 1583 1571
f 1568 1567 1569
f 1570 1569 1567
f 1570 1567 1581
f 1582 1581 1567
f 1564 1563 1565
f 1566 1565 1563
f 1566 1563 1579
f 1580 1579 1563
f 1560 1559 1561
f 1562 1561 1559
f 1556 1555 1557
f 1558 1557 1555
f 1552 1551 1553
f 1554 1553 1551
f 1548 1547 1549
f 1550 1549 1547
f 1544 1543 1545
f 1546 1545 1543
f 1540 1539 1541
f 1542 1541 1539
f 1536 1535 1537
f 1538 1537 1535
f 1532 1531 1533
f 1534 1533 1531
f 1524 1523 1525
f 1526 1525 1523
f 1525 1526 1530
f 1529 1530 1526
f 1530 1529 1528
f 1527 1528 1529
f 1528 1527 1524
f 1523 1524 1527
f 1520 1519 1521
f 1522 1521 1519
f 1516 1515 1517
f 1518 1517 1515
f 1512 1511 1513
f 1514 1513 1511
f 1508 1507 1509
f 1510 1509 1507
f 1496 1495 1497
f 1498 1497 1495
f 1498 1495 1505
f 1506 1505 1495
f 1492 1491 1493
f 1494 1493 1491
f 1494 1491 1503
f 1504 1503 1491
f 1488 1487 1489
f 1490 1489 1487
f 1490 1487 1501
f 1502 1501 1487
f 1484 1483 1485
f 1486 1485 1483
f 1486 1483 1499
f 1500 1499 1483
f 1480 1479 1481
f 1482 1481 1479
f 1476 1475 1477
f 1478 1477 1475
f 1472 1471 1473
f 1474 1473 1471
f 1468 1467 1469
f 1470 1469 1467
f 1464 1463 1465
f 1466 1465 1463
f 1460 1459 1461
f 1462 1461 1459
f 1456 1455 1457
f 1458 1457 1455
f 1452 1451 1453
f 1454 1453 1451
f 1444 1443 1445
f 1446 1445 1443
f 1445 1446 1450
f 1449 1450 1446
f 1450 1449 1448
f 1447 1448 1449
f 1448 1447 1444
f 1443 1444 1447
f 1440 1439 1441
f 1442 1441 1439
f 1436 1435 1437
f 1438 1437 1435
f 1432 1431 1433
f 1434 1433 1431
f 1428 1427 1429
f 1430 1429 1427
f 1416 1415 1417
f 1418 1417 1415
f 1418 1415 1425
f 1426 1425 1415
f 1412 1411 1413
f 1414 1413 1411
f 1414 1411 1423
f 1424 1423 1411
f 1408 1407 1409
f 1410 1409 1407
f 1410 1407 1421
f 1422 1421 1407
f 1404 1403 1405
f 1406 1405 1403
f 1406 1403 1419
f 1420 1419 1403
f 1400 1399 1401
f 1402 1401 1399
f 1396 1395 1397
f 1398 1397 1395
f 1392 1391 1393
f 1394 1393 1391
f 1388 1387 1389
f 1390 1389 1387
f 1384 1383 1385
f 1386 1385 1383
f 1380 1379 1381
f 1382 1381 1379
f 1376 1375 1377
f 1378 1377 1375
f 1372 1371 1373
f 1374 1373 1371
f 1364 1363 1365
f 1366 1365 1363
f 1365 1366 1370
f 1369 1370 1366
f 1370 1369 1368
f 1367 1368 1369
f 1368 1367 1364
f 1363 1364 1367
f 1360 1359 1361
f 1362 1361 1359
f 1356 1355 1357
f 1358 1357 1355
f 1352 1351 1353
f 1354 1353 1351
f 1348 1347 1349
f 1350 1349 1347
f 1336 1335 1337
f 1338 1337 1335
f 1338 1335 1345
f 1346 1345 1335
f 1332 1331 1333
f 1334 1333 1331
f 1334 1331 1343
f 1344 1343 1331
f 1328 1327 1329
f 1330 1329 1327
f 1330 1327 1341
f 1342 1341 1327
f 1324 1323 1325
f 1326 1325 1323
f 1326 1323 1339
f 1340 1339 1323
f 1320 1319 1321
f 1322 1321 1319
f 1316 1315 1317
f 1318 1317 1315
f 1312 1311 1313
f 1314 1313 1311
f 1308 1307 1309
f 1310 1309 1307
f 1304 1303 1305
f 1306 1305 1303
f 1300 1299 1301
f 1302 1301 1299
f 1296 1295 1297
f 1298 1297 1295
f 1292 1291 1293
f 1294 1293 1291
f 1284 1283 1285
f 1286 4597 4598
f 1280 1279 1281
f 1282 1281 1279
f 1274 1273 1275
f 1275 1273 1278
f 1276 1275 1278
f 1277 1276 1278
f 1270 1269 1271
f 1272 1271 1269
f 1266 1265 1267
f 1268 4599 4600
f 1262 1261 1263
f 1264 1263 1261
f 1258 1257 1259
f 1260 1259 1257
f 1254 1253 1255
f 1256 1255 1253
f 1250 1249 1251
f 1252 1251 1249
f 1226 1225 1227
f 1228 1227 1225
f 1222 1221 1223
f 1224 1223 1221
f 1218 1217 1219
f 1220 1219 1217
f 1214 1213 1215
f 1216 1215 1213
f 1210 1209 1211
f 1212 1211 1209
f 1206 1205 1207
f 1208 1207 1205
f 1198 1197 1199
f 1200 4601 4602
f 1194 1193 1195
f 1196 1195 1193
f 1188 1187 1189
f 1189 1187 1192
f 1190 1189 1192
f 1191 1190 1192
f 1184 1183 1185
f 1186 1185 1183
f 1180 1179 1181
f 1182 4603 4604
f 1176 1175 1177
f 1178 1177 1175
f 1172 1171 1173
f 1174 1173 1171
f 1168 1167 1169
f 1170 1169 1167
f 1164 1163 1165
f 1166 1165 1163
f 1140 1139 1141
f 1142 1141 1139
f 1136 1135 1137
f 1138 1137 1135
f 1132 1131 1133
f 1134 1133 1131
f 1128 1127 1129
f 1130 1129 1127
f 1124 1123 1125
f 1126 1125 1123
f 1120 1119 1121
f 1122 1121 1119
f 1112 1111 1113
f 1114 4605 4606
f 1108 1107 1109
f 1110 1109 1107
f 1102 1101 1103
f 1103 1101 1106
f 1104 1103 1106
f 1105 1104 1106
f 1098 1097 1099
f 1100 1099 1097
f 1094 1093 1095
f 1096 4607 4608
f 1090 1089 1091
f 1092 1091 1089
f 1086 1085 1087
f 1088 1087 1085
f 1082 1081 1083
f 1084 1083 1081
f 1078 1077 1079
f 1080 1079 1077
f 1054 1053 1055
f 1056 1055 1053
f 1050 1049 1051
f 1052 1051 1049
f 1046 1045 1047
f 1048 1047 1045
f 1042 1041 1043
f 1044 1043 1041
f 1038 1037 1039
f 1040 1039 1037
f 1034 1033 1035
f 1036 1035 1033
f 1026 1025 1027
f 1028 4609 4610
f 1022 1021 1023
f 1024 1023 1021
f 1016 1015 1017
f 1017 1015 1020
f 1018 1017 1020
f 1019 1018 1020
f 1012 1011 1013
f 1014 1013 1011
f 1008 1007 1009
f 1010 4611 4612
f 1004 1003 1005
f 1006 1005 1003
f 1000 999 1001
f 1002 1001 999
f 996 995 997
f 998 997 995
f 992 991 993
f 994 993 991
f 968 967 969
f 970 969 967
f 964 963 965
f 966 965 963
f 960 959 961
f 962 961 959
f 956 955 957
f 958 957 955
f 952 951 953
f 954 953 951
f 948 947 949
f 950 949 947
f 637 638 639
f 640 639 638
f 639 640 641
f 642 641 640
f 641 642 643
f 644 643 642
f 643 644 645
f 646 645 644
f 627 628 629
f 630 629 628
f 629 630 631
f 632 631 630
f 631 632 633
f 634 633 632
f 633 634 635
f 636 635 634
f 635 636 4613
f 638 637 4614
f 618 617 619
f 620 619 617
f 619 620 621
f 622 621 620
f 621 622 623
f 624 623 622
f 623 624 625
f 626 625 624
f 625 626 4615
f 628 627 4616
f 514 513 515
f 516 515 513
f 513 517 516
f 518 516 517
f 517 519 518
f 520 518 519
f 519 522 520
f 521 520 522
f 522 524 521
f 523 521 524
f 524 526 523
f 525 523 526
f 526 528 525
f 527 525 528
f 528 529 527
f 530 527 529
f 529 531 530
f 532 530 531
f 531 533 532
f 534 532 533
f 3685 3684 3686
f 502 501 503
f 504 503 501
f 501 505 504
f 506 504 505
f 3678 3677 3679
f 493 492 494
f 495 494 492
f 492 496 495
f 497 495 496
f 496 498 497
f 497 498 499
f 499 498 500
f 471 470 472
f 473 472 470
f 470 474 473
f 475 473 474
f 474 476 475
f 477 475 476
f 476 478 477
f 479 477 478
f 478 480 479
f 481 479 480
f 480 482 481
f 483 481 482
f 482 484 483
f 485 483 484
f 484 486 485
f 487 485 486
f 486 488 487
f 489 487 488
f 488 490 489
f 491 489 490
f 3675 3674 3676
f 462 461 463
f 463 461 464
f 464 461 465
f 461 466 465
f 467 465 466
f 466 468 467
f 469 467 468
f 3672 3671 3673
f 456 455 457
f 458 457 455
f 455 459 458
f 460 458 459
f 3669 3668 3670
f 450 449 451
f 452 451 449
f 449 453 452
f 454 452 453
f 3666 3665 3667
f 441 440 442
f 443 442 440
f 440 444 443
f 445 443 444
f 444 446 445
f 445 446 447
f 447 446 448
f 419 418 420
f 421 420 418
f 418 422 421
f 423 421 422
f 422 424 423
f 425 423 424
f 424 426 425
f 427 425 426
f 426 428 427
f 429 427 428
f 428 430 429
f 431 429 430
f 430 432 431
f 433 431 432
f 432 434 433
f 435 433 434
f 434 436 435
f 437 435 436
f 436 438 437
f 439 437 438
f 3579 3578 3580
f 410 409 411
f 411 409 412
f 412 409 413
f 409 414 413
f 415 413 414
f 414 416 415
f 417 415 416
f 3572 3571 3573
f 404 403 405
f 406 405 403
f 403 407 406
f 408 406 407
f 3569 3568 3570
f 348 347 349
f 350 349 347
f 314 313 315
f 316 315 313
f 313 317 316
f 318 316 317
f 317 319 4617
f 320 4617 319
f 319 321 320
f 322 320 321
f 321 323 322
f 324 322 323
f 323 325 324
f 326 324 325
f 325 327 326
f 328 326 327
f 327 329 328
f 330 328 329
f 329 331 330
f 332 330 331
f 331 333 332
f 334 332 333
f 333 335 334
f 336 334 335
f 335 337 336
f 338 336 337
f 337 339 4618
f 340 4618 339
f 339 341 340
f 342 340 341
f 341 343 4619
f 344 4619 343
f 343 345 344
f 346 344 345
f 3566 3565 3567
f 310 309 311
f 312 311 309
f 2462 2461 2447
f 2450 2447 2461
f 2450 2449 2447
f 2448 2447 2449
f 3563 3562 3564
f 263 264 265
f 266 265 264
f 265 266 267
f 268 267 266
f 268 269 267
f 270 267 269
f 269 271 270
f 272 270 271
f 271 273 272
f 274 272 273
f 273 275 274
f 276 274 275
f 275 277 276
f 278 276 277
f 277 279 278
f 280 278 279
f 279 281 280
f 282 280 281
f 281 283 282
f 284 282 283
f 3560 3559 3561
f 244 243 245
f 246 245 243
f 243 247 246
f 248 246 247
f 247 249 248
f 250 248 249
f 249 251 250
f 252 250 251
f 251 253 252
f 254 252 253
f 253 255 254
f 256 254 255
f 255 257 256
f 258 256 257
f 257 259 258
f 260 258 259
f 260 259 261
f 262 261 259
f 261 262 263
f 264 263 262
f 214 213 215
f 216 215 213
f 213 217 216
f 218 216 217
f 217 219 218
f 220 218 219
f 219 221 220
f 222 220 221
f 221 223 222
f 224 222 223
f 223 225 224
f 226 224 225
f 225 227 226
f 228 226 227
f 227 229 228
f 230 228 229
f 229 231 230
f 232 230 231
f 231 233 232
f 234 232 233
f 233 235 234
f 236 234 235
f 235 237 236
f 238 236 237
f 237 239 238
f 240 238 239
f 239 241 240
f 242 240 241
f 3472 3471 3473
f 184 183 185
f 186 185 183
f 183 187 186
f 188 186 187
f 187 189 188
f 190 188 189
f 189 191 190
f 192 190 191
f 191 193 192
f 194 192 193
f 193 195 194
f 196 194 195
f 195 197 196
f 198 196 197
f 197 199 198
f 200 198 199
f 199 201 200
f 202 200 201
f 201 203 202
f 204 202 203
f 203 205 204
f 206 204 205
f 205 207 206
f 208 206 207
f 207 209 208
f 210 208 209
f 209 211 210
f 212 210 211
f 3466 3465 3467
f 161 162 163
f 164 163 162
f 163 164 165
f 166 165 164
f 166 167 165
f 168 165 167
f 167 169 168
f 170 168 169
f 169 171 170
f 172 170 171
f 171 173 172
f 174 172 173
f 173 175 174
f 176 174 175
f 175 177 176
f 178 176 177
f 177 179 178
f 180 178 179
f 179 181 180
f 182 180 181
f 3463 3462 3464
f 142 141 143
f 144 143 141
f 141 145 144
f 146 144 145
f 145 147 146
f 148 146 147
f 147 149 148
f 150 148 149
f 149 151 150
f 152 150 151
f 151 153 152
f 154 152 153
f 153 155 154
f 156 154 155
f 155 157 156
f 158 156 157
f 158 157 159
f 160 159 157
f 159 160 161
f 162 161 160
f 4460 4459 4461
f 4462 4461 4459
f 4459 4465 4462
f 4466 4462 4465
f 4465 4469 4466
f 4470 4466 4469
f 4469 4473 4470
f 4474 4470 4473
f 4473 4477 4474
f 4478 4474 4477
f 4477 4481 4478
f 4482 4478 4481
f 4481 4485 4482
f 4486 4482 4485
f 4485 4489 4486
f 4490 4486 4489
f 4489 4493 4490
f 4494 4490 4493
f 4493 4497 4494
f 4498 4494 4497
f 4497 4501 4498
f 4502 4498 4501
f 4501 4505 4502
f 4506 4502 4505
f 4505 4509 4506
f 4510 4506 4509
f 4509 4513 4510
f 4514 4510 4513
f 3460 3459 3461
f 4445 4446 4447
f 4448 4447 4446
f 4447 4448 4449
f 4450 4449 4448
f 4449 4450 4451
f 4452 4451 4450
f 4451 4452 4453
f 4454 4453 4452
f 4435 4436 4437
f 4438 4437 4436
f 4437 4438 4439
f 4440 4439 4438
f 4439 4440 4441
f 4442 4441 4440
f 4441 4442 4443
f 4444 4443 4442
f 4443 4444 4445
f 4446 4445 4444
f 4426 4425 4427
f 4428 4427 4425
f 4427 4428 4429
f 4430 4429 4428
f 4429 4430 4431
f 4432 4431 4430
f 4431 4432 4433
f 4434 4433 4432
f 4433 4434 4435
f 4436 4435 4434
f 918 917 919
f 920 919 917
f 917 921 920
f 922 920 921
f 921 923 922
f 924 922 923
f 923 925 924
f 926 924 925
f 925 927 926
f 928 926 927
f 927 929 928
f 930 928 929
f 929 931 930
f 932 930 931
f 931 933 932
f 934 932 933
f 933 935 934
f 936 934 935
f 935 937 936
f 938 936 937
f 937 939 938
f 940 938 939
f 939 941 940
f 942 940 941
f 941 943 942
f 944 942 943
f 943 945 944
f 946 944 945
f 3457 3456 3458
f 888 887 889
f 890 889 887
f 887 891 890
f 892 890 891
f 891 893 892
f 894 892 893
f 893 895 894
f 896 894 895
f 895 897 896
f 898 896 897
f 897 899 898
f 900 898 899
f 899 901 900
f 902 900 901
f 901 903 902
f 904 902 903
f 903 905 904
f 906 904 905
f 905 907 906
f 908 906 907
f 907 909 908
f 910 908 909
f 909 911 910
f 912 910 911
f 911 913 912
f 914 912 913
f 913 915 914
f 916 914 915
f 3454 3453 3455
f 858 857 859
f 860 859 857
f 857 861 860
f 862 860 861
f 861 863 862
f 864 862 863
f 863 865 864
f 866 864 865
f 865 867 866
f 868 866 867
f 867 869 868
f 870 868 869
f 869 871 870
f 872 870 871
f 871 873 872
f 874 872 873
f 873 875 874
f 876 874 875
f 875 877 876
f 878 876 877
f 877 879 878
f 880 878 879
f 879 881 880
f 882 880 881
f 881 883 882
f 884 882 883
f 883 885 884
f 886 884 885
f 3366 3365 3367
f 828 827 829
f 830 829 827
f 827 831 830
f 832 830 831
f 831 833 832
f 834 832 833
f 833 835 834
f 836 834 835
f 835 837 836
f 838 836 837
f 837 839 838
f 840 838 839
f 839 841 840
f 842 840 841
f 841 843 842
f 844 842 843
f 843 845 844
f 846 844 845
f 845 847 846
f 848 846 847
f 847 849 848
f 850 848 849
f 849 851 850
f 852 850 851
f 851 853 852
f 854 852 853
f 853 855 854
f 856 854 855
f 3360 3359 3361
f 787 788 789
f 790 789 788
f 789 790 791
f 792 791 790
f 791 792 793
f 794 793 792
f 793 794 795
f 796 795 794
f 777 778 779
f 780 779 778
f 779 780 781
f 782 781 780
f 781 782 783
f 784 783 782
f 783 784 785
f 786 785 784
f 785 786 4620
f 788 787 4621
f 768 767 769
f 770 769 767
f 769 770 771
f 772 771 770
f 771 772 773
f 774 773 772
f 773 774 775
f 776 775 774
f 775 776 4622
f 778 777 4623
f 746 745 744
f 743 744 745
f 744 743 742
f 741 742 743
f 742 741 738
f 737 738 741
f 738 737 739
f 740 739 737
f 756 755 754
f 753 754 755
f 754 753 752
f 751 752 753
f 752 751 750
f 749 750 751
f 750 749 748
f 747 748 749
f 748 747 746
f 745 746 747
f 766 765 764
f 763 764 765
f 764 763 762
f 761 762 763
f 762 761 760
f 759 760 761
f 760 759 758
f 757 758 759
f 758 757 756
f 755 756 757
f 716 715 714
f 713 714 715
f 714 713 712
f 711 712 713
f 712 711 708
f 707 708 711
f 708 707 709
f 710 709 707
f 726 725 724
f 723 724 725
f 724 723 722
f 721 722 723
f 722 721 720
f 719 720 721
f 720 719 718
f 717 718 719
f 718 717 716
f 715 716 717
f 736 735 734
f 733 734 735
f 734 733 732
f 731 732 733
f 732 731 730
f 729 730 731
f 730 729 728
f 727 728 729
f 728 727 726
f 725 726 727
f 686 685 684
f 683 684 685
f 684 683 682
f 681 682 683
f 682 681 678
f 677 678 681
f 678 677 679
f 680 679 677
f 696 695 694
f 693 694 695
f 694 693 692
f 691 692 693
f 692 691 690
f 689 690 691
f 690 689 688
f 687 688 689
f 688 687 686
f 685 686 687
f 706 705 704
f 703 704 705
f 704 703 702
f 701 702 703
f 702 701 700
f 699 700 701
f 700 699 698
f 697 698 699
f 698 697 696
f 695 696 697
f 656 655 654
f 653 654 655
f 654 653 652
f 651 652 653
f 652 651 648
f 647 648 651
f 648 647 649
f 650 649 647
f 666 665 664
f 663 664 665
f 664 663 662
f 661 662 663
f 662 661 660
f 659 660 661
f 660 659 658
f 657 658 659
f 658 657 656
f 655 656 657
f 676 675 674
f 673 674 675
f 674 673 672
f 671 672 673
f 672 671 670
f 669 670 671
f 670 669 668
f 667 668 669
f 668 667 666
f 665 666 667
f 4107 4105 4108
f 4106 4108 4105
f 4105 4103 4106
f 4104 4106 4103
f 4624 4101 4625
f 4102 4625 4101
f 4626 4099 4627
f 4100 4627 4099
f 4099 4097 4100
f 4098 4100 4097
f 4097 4095 4098
f 4096 4098 4095
f 4095 4093 4096
f 4094 4096 4093
f 4093 4091 4094
f 4092 4628 4629
f 4629 4089 4092
f 4090 4092 4089
f 4089 4087 4090
f 4088 4090 4087
f 4087 4085 4088
f 4086 4088 4085
f 4085 4083 4086
f 4084 4086 4083
f 4630 4081 4631
f 4082 4632 4633
f 4633 4078 4082
f 4079 4082 4078
f 4634 4077 4635
f 4080 4635 4077
f 825 823 826
f 824 826 823
f 823 821 824
f 822 824 821
f 821 819 822
f 820 822 819
f 819 817 820
f 818 820 817
f 817 815 818
f 816 818 815
f 815 813 816
f 814 816 813
f 813 811 814
f 812 814 811
f 811 809 812
f 810 812 809
f 809 807 810
f 808 810 807
f 807 805 808
f 806 808 805
f 805 803 806
f 804 806 803
f 803 801 804
f 802 804 801
f 801 798 802
f 799 802 798
f 798 797 799
f 800 799 797
f 4511 4507 4512
f 4508 4512 4507
f 4507 4503 4508
f 4504 4508 4503
f 4503 4499 4504
f 4500 4504 4499
f 4499 4495 4500
f 4496 4500 4495
f 4495 4491 4496
f 4492 4496 4491
f 4491 4487 4492
f 4488 4492 4487
f 4487 4483 4488
f 4484 4488 4483
f 4483 4479 4484
f 4480 4484 4479
f 4479 4475 4480
f 4476 4480 4475
f 4475 4471 4476
f 4472 4476 4471
f 4471 4467 4472
f 4468 4472 4467
f 4467 4463 4468
f 4464 4468 4463
f 4463 4456 4464
f 4457 4464 4456
f 4456 4455 4457
f 4458 4457 4455
f 512 510 511
f 509 511 510
f 510 507 509
f 508 509 507
f 507 290 508
f 291 508 290
f 290 289 291
f 292 291 289
f 289 402 292
f 401 292 402
f 402 400 401
f 397 401 400
f 400 399 397
f 398 397 399
f 380 379 381
f 382 381 379
f 379 383 382
f 384 382 383
f 383 385 384
f 386 384 385
f 385 388 386
f 387 386 388
f 388 294 387
f 295 387 294
f 294 293 295
f 296 295 293
f 293 390 296
f 389 296 390
f 390 391 389
f 392 389 391
f 391 393 392
f 394 392 393
f 393 395 394
f 396 394 395
f 352 351 353
f 354 353 351
f 351 355 354
f 356 354 355
f 355 357 4636
f 358 4636 357
f 357 359 358
f 360 358 359
f 359 361 360
f 362 360 361
f 361 363 362
f 364 362 363
f 363 365 364
f 366 364 365
f 366 365 367
f 368 367 365
f 368 369 367
f 370 367 369
f 369 371 370
f 372 370 371
f 371 298 372
f 299 372 298
f 298 297 299
f 300 299 297
f 297 301 4637
f 302 4637 301
f 301 303 302
f 304 302 303
f 303 305 4638
f 306 4638 305
f 305 307 306
f 308 306 307
f 378 376 377
f 375 377 376
f 376 373 375
f 374 375 373
f 373 286 374
f 287 374 286
f 286 285 287
f 288 287 285
f 285 540 288
f 539 288 540
f 540 538 539
f 535 539 538
f 538 537 535
f 536 535 537
f 2452 2451 2453
f 2454 2453 2451
f 2454 2451 2463
f 2464 2463 2451
f 3357 3356 3358
f 2456 2455 2457
f 2458 2457 2455
f 2458 2455 2465
f 2466 2465 2455
f 3354 3353 3355
f 615 613 616
f 614 616 613
f 613 611 614
f 612 614 611
f 611 609 612
f 610 612 609
f 609 607 610
f 608 610 607
f 607 605 608
f 606 608 605
f 605 603 606
f 604 606 603
f 603 601 604
f 602 604 601
f 601 599 602
f 600 602 599
f 599 597 600
f 598 600 597
f 597 595 598
f 596 598 595
f 595 593 596
f 594 596 593
f 593 591 594
f 592 594 591
f 591 588 592
f 589 592 588
f 588 587 589
f 590 589 587
f 1739 1723 1740
f 1724 1740 1723
f 1724 1723 1725
f 1726 1725 1723
f 3351 3350 3352
f 1741 1727 1742
f 1728 1742 1727
f 1728 1727 1729
f 1730 1729 1727
f 3348 3347 3349
f 1743 1731 1744
f 1732 1744 1731
f 1732 1731 1733
f 1734 1733 1731
f 3261 3260 3262
f 1745 1735 1746
f 1736 1746 1735
f 1736 1735 1737
f 1738 1737 1735
f 3254 3253 3255
f 1764 1763 1765
f 1765 1770 1764
f 1769 1764 1770
f 1770 1768 1769
f 1767 1769 1768
f 1768 1766 1767
f 1763 1767 1766
f 1766 1765 1763
f 3251 3250 3252
f 1819 1803 1820
f 1804 1820 1803
f 1804 1803 1805
f 1806 1805 1803
f 3248 3247 3249
f 1821 1807 1822
f 1808 1822 1807
f 1808 1807 1809
f 1810 1809 1807
f 3245 3244 3246
f 1823 1811 1824
f 1812 1824 1811
f 1812 1811 1813
f 1814 1813 1811
f 3242 3241 3243
f 1825 1815 1826
f 1816 1826 1815
f 1816 1815 1817
f 1818 1817 1815
f 3155 3154 3156
f 1844 1843 1845
f 1845 1850 1844
f 1849 1844 1850
f 1850 1848 1849
f 1847 1849 1848
f 1848 1846 1847
f 1843 1847 1846
f 1846 1845 1843
f 3148 3147 3149
f 1899 1883 1900
f 1884 1900 1883
f 1884 1883 1885
f 1886 1885 1883
f 3145 3144 3146
f 1901 1887 1902
f 1888 1902 1887
f 1888 1887 1889
f 1890 1889 1887
f 3142 3141 3143
f 1903 1891 1904
f 1892 1904 1891
f 1892 1891 1893
f 1894 1893 1891
f 3139 3138 3140
f 1905 1895 1906
f 1896 1906 1895
f 1896 1895 1897
f 1898 1897 1895
f 4351 4347 4352
f 4348 4352 4347
f 4347 4343 4348
f 4344 4348 4343
f 4343 4336 4344
f 4337 4344 4336
f 4336 4335 4337
f 4338 4337 4335
f 4371 4367 4372
f 4368 4372 4367
f 4367 4363 4368
f 4364 4368 4363
f 4363 4359 4364
f 4360 4364 4359
f 4359 4355 4360
f 4356 4360 4355
f 4355 4639 4356
f 4352 4640 4351
f 4391 4387 4392
f 4388 4392 4387
f 4387 4383 4388
f 4384 4388 4383
f 4383 4379 4384
f 4380 4384 4379
f 4379 4375 4380
f 4376 4380 4375
f 4375 4641 4376
f 4372 4642 4371
f 4150 4144 4149
f 4143 4149 4144
f 4643 4140 4644
f 4139 4143 4645
f 4140 4132 4646
f 4131 4646 4132
f 4647 4122 4648
f 4123 4648 4122
f 4122 4121 4123
f 4124 4123 4121
f 4171 4167 4172
f 4168 4172 4167
f 4167 4164 4168
f 4163 4649 4650
f 4650 4160 4163
f 4159 4163 4160
f 4160 4156 4159
f 4155 4159 4156
f 4156 4150 4155
f 4651 4155 4150
f 4192 4188 4191
f 4187 4191 4188
f 4188 4184 4187
f 4183 4652 4653
f 4653 4179 4183
f 4180 4183 4179
f 4179 4175 4180
f 4176 4180 4175
f 4175 4171 4176
f 4172 4176 4171
f 4221 4214 4222
f 4213 4222 4214
f 4214 4208 4213
f 4207 4213 4208
f 4654 4204 4655
f 4203 4656 4657
f 4657 4198 4203
f 4197 4203 4198
f 4658 4192 4659
f 4660 4197 4661
f 4130 4118 4129
f 4119 4129 4118
f 4118 4117 4119
f 4120 4119 4117
f 2964 2963 2965
f 2965 2970 2964
f 2969 2964 2970
f 2970 2968 2969
f 2967 2969 2968
f 2968 2966 2967
f 2963 2967 2966
f 2966 2965 2963
f 1924 1923 1925
f 1925 1930 1924
f 1929 1924 1930
f 1930 1928 1929
f 1927 1929 1928
f 1928 1926 1927
f 1923 1927 1926
f 1926 1925 1923
f 2945 2935 2946
f 2936 2946 2935
f 2936 2935 2937
f 2938 2937 2935
f 1979 1963 1980
f 1964 1980 1963
f 1964 1963 1965
f 1966 1965 1963
f 2943 2931 2944
f 2932 2944 2931
f 2932 2931 2933
f 2934 2933 2931
f 1981 1967 1982
f 1968 1982 1967
f 1968 1967 1969
f 1970 1969 1967
f 2941 2927 2942
f 2928 2942 2927
f 2928 2927 2929
f 2930 2929 2927
f 1983 1971 1984
f 1972 1984 1971
f 1972 1971 1973
f 1974 1973 1971
f 2939 2923 2940
f 2924 2940 2923
f 2924 2923 2925
f 2926 2925 2923
f 1985 1975 1986
f 1976 1986 1975
f 1976 1975 1977
f 1978 1977 1975
f 2884 2883 2885
f 2885 2890 2884
f 2889 2884 2890
f 2890 2888 2889
f 2887 2889 2888
f 2888 2886 2887
f 2883 2887 2886
f 2886 2885 2883
f 2004 2003 2005
f 2005 2010 2004
f 2009 2004 2010
f 2010 2008 2009
f 2007 2009 2008
f 2008 2006 2007
f 2003 2007 2006
f 2006 2005 2003
f 2865 2855 2866
f 2856 2866 2855
f 2856 2855 2857
f 2858 2857 2855
f 2059 2043 2060
f 2044 2060 2043
f 2044 2043 2045
f 2046 2045 2043
f 2863 2851 2864
f 2852 2864 2851
f 2852 2851 2853
f 2854 2853 2851
f 2061 2047 2062
f 2048 2062 2047
f 2048 2047 2049
f 2050 2049 2047
f 2861 2847 2862
f 2848 2862 2847
f 2848 2847 2849
f 2850 2849 2847
f 2063 2051 2064
f 2052 2064 2051
f 2052 2051 2053
f 2054 2053 2051
f 2859 2843 2860
f 2844 2860 2843
f 2844 2843 2845
f 2846 2845 2843
f 2065 2055 2066
f 2056 2066 2055
f 2056 2055 2057
f 2058 2057 2055
f 2804 2803 2805
f 2805 2810 2804
f 2809 2804 2810
f 2810 2808 2809
f 2807 2809 2808
f 2808 2806 2807
f 2803 2807 2806
f 2806 2805 2803
f 2084 2083 2085
f 2085 2090 2084
f 2089 2084 2090
f 2090 2088 2089
f 2087 2089 2088
f 2088 2086 2087
f 2083 2087 2086
f 2086 2085 2083
f 2785 2775 2786
f 2776 2786 2775
f 2776 2775 2777
f 2778 2777 2775
f 2619 2603 2620
f 2604 2620 2603
f 2604 2603 2605
f 2606 2605 2603
f 2783 2771 2784
f 2772 2784 2771
f 2772 2771 2773
f 2774 2773 2771
f 2621 2607 2622
f 2608 2622 2607
f 2608 2607 2609
f 2610 2609 2607
f 2781 2767 2782
f 2768 2782 2767
f 2768 2767 2769
f 2770 2769 2767
f 2623 2611 2624
f 2612 2624 2611
f 2612 2611 2613
f 2614 2613 2611
f 2779 2763 2780
f 2764 2780 2763
f 2764 2763 2765
f 2766 2765 2763
f 2625 2615 2626
f 2616 2626 2615
f 2616 2615 2617
f 2618 2617 2615
f 2724 2723 2725
f 2725 2730 2724
f 2729 2724 2730
f 2730 2728 2729
f 2727 2729 2728
f 2728 2726 2727
f 2723 2727 2726
f 2726 2725 2723
f 2644 2643 2645
f 2645 2650 2644
f 2649 2644 2650
f 2650 2648 2649
f 2647 2649 2648
f 2648 2646 2647
f 2643 2647 2646
f 2646 2645 2643
f 2705 2695 2706
f 2696 2706 2695
f 2696 2695 2697
f 2698 2697 2695
f 2699 2683 2700
f 2684 2700 2683
f 2684 2683 2685
f 2686 2685 2683
f 2703 2691 2704
f 2692 2704 2691
f 2692 2691 2693
f 2694 2693 2691
f 2701 2687 2702
f 2688 2702 2687
f 2688 2687 2689
f 2690 2689 2687
f 3920 3922 3919
f 3921 3919 3922
f 3922 3924 3921
f 3923 3921 3924
f 3924 3926 3923
f 3925 3923 3926
f 3926 3928 3925
f 3927 3925 3928
f 3910 3912 3909
f 3911 3909 3912
f 3912 3914 3911
f 3913 3911 3914
f 3914 3916 3913
f 3915 3913 3916
f 3916 3918 3915
f 3917 3915 3918
f 3918 3920 3917
f 3919 3917 3920
f 3902 3901 3899
f 3900 3899 3901
f 3901 3904 3900
f 3903 3900 3904
f 3904 3906 3903
f 3905 3903 3906
f 3906 3908 3905
f 3907 3905 3908
f 3908 3910 3907
f 3909 3907 3910
