# from FinancialDistrict_Block08_Generic_0006_LOD_0.pskx
v 1545.48876953125 -63.61191940307617 4.17104092775844e-06
v 1559.62451171875 -49.476219177246094 3.5531545563571854e-06
v 1545.48876953125 -63.61189651489258 255.0
v 1559.62451171875 -49.4761962890625 255.0
v 1559.62451171875 -49.476219177246094 3.5531545563571854e-06
v 1527.80078125 -17.664722442626953 -6.189574150994304e-07
v 1559.62451171875 -49.4761962890625 255.0
v 1527.80078125 -17.66469955444336 255.0
v 1513.6650390625 -31.8126220703125 0.0
v 1545.48876953125 -63.611915588378906 4.1710404730110895e-06
v 1513.6650390625 -31.812599182128906 255.0
v 1545.48876953125 -63.61189270019531 255.0
v 1527.80078125 -17.664697647094727 255.0
v 1545.48876953125 -63.61189651489258 255.0
v 1559.62451171875 -49.4761962890625 255.0
v 1513.6650390625 -31.812599182128906 255.0
v 1725.84765625 -243.88539123535156 255.00003051757812
v 1513.6650390625 -31.812599182128906 255.0
v 1527.80078125 -17.664697647094727 255.0
v 1739.99560546875 -229.73739624023438 255.00003051757812
v 1725.84765625 -243.88539123535156 255.00003051757812
v 1513.6650390625 -31.812585830688477 405.0000305175781
v 1725.84765625 -243.8853759765625 405.00006103515625
v 1739.99560546875 -229.73739624023438 255.00003051757812
v 1739.99560546875 -229.7373809814453 405.00006103515625
v 1527.80078125 -17.664684295654297 405.0000305175781
v 1739.99560546875 -229.73741149902344 2.719636177062057e-05
v 1706.1455078125 -195.89952087402344 2.2758522391086444e-05
v 1706.1455078125 -195.89950561523438 255.00003051757812
v 1706.1455078125 -195.89950561523438 2.2758522391086444e-05
v 1691.97314453125 -210.03530883789062 2.3374817828880623e-05
v 1706.1455078125 -195.8994903564453 255.00003051757812
v 1691.97314453125 -210.03529357910156 255.00003051757812
v 1691.97314453125 -210.03530883789062 2.3374817828880623e-05
v 1725.84765625 -243.88540649414062 2.7814789063995704e-05
v 1691.97314453125 -210.03529357910156 255.00003051757812
v 1706.1455078125 -195.8994903564453 255.00003051757812
v 1725.84765625 -243.88539123535156 255.00003051757812
v 1739.99560546875 -229.73739624023438 255.00003051757812
v 1691.97314453125 -210.03529357910156 255.00003051757812
v -1511.28759765625 1383.85302734375 -437.500244140625
v -1972.358642578125 922.7638549804688 -437.500244140625
v -1511.28759765625 1383.85302734375 -436.8653869628906
v -1972.358642578125 922.7638549804688 -436.8653869628906
v -1972.358642578125 922.7638549804688 -437.500244140625
v -1972.370849609375 -491.4455261230469 -437.5001220703125
v -1972.358642578125 922.7638549804688 -436.8653869628906
v -1972.370849609375 -491.4455261230469 -436.8652648925781
v -1972.370849609375 -491.4455871582031 -437.5001220703125
v -1492.17138671875 -971.640625 -437.5000305175781
v -1972.370849609375 -491.4455871582031 -436.8652648925781
v -1492.17138671875 -971.640625 -436.86517333984375
v -1511.28759765625 1383.85302734375 -429.3653564453125
v -1972.358642578125 922.7638549804688 -429.3653564453125
v -1511.28759765625 1383.85302734375 -240.00027465820312
v -1972.358642578125 922.763916015625 -240.000244140625
v -1972.358642578125 922.7638549804688 -429.3653564453125
v -1972.370849609375 -491.4455261230469 -429.365234375
v -1972.358642578125 922.763916015625 -240.0002899169922
v -1972.370849609375 -491.4455261230469 -240.0001678466797
v -1972.370849609375 -491.4455871582031 -429.365234375
v -1492.17138671875 -971.640625 -429.3651428222656
v -1972.370849609375 -491.4455871582031 -240.0001220703125
v -1492.17138671875 -971.6405639648438 -240.0000762939453
v -1510.42236328125 1382.9879150390625 -126.88826751708984
v -1965.808837890625 920.0509033203125 -128.02923583984375
v -1506.65625 1379.2218017578125 -128.02926635742188
v -1971.135009765625 922.2571411132812 -126.88825225830078
v -1512.156982421875 1384.72265625 -126.8792495727539
v -1971.135009765625 922.2571411132812 -126.88825225830078
v -1510.42236328125 1382.9879150390625 -126.88826751708984
v -1973.588623046875 923.273193359375 -126.87923431396484
v -1516.173095703125 1388.7384033203125 -128.06126403808594
v -1973.588623046875 923.273193359375 -126.87923431396484
v -1512.156982421875 1384.72265625 -126.8792495727539
v -1979.267822265625 925.6256713867188 -128.0612335205078
v -1516.178466796875 1388.74365234375 -133.77227783203125
v -1979.267822265625 925.6256713867188 -128.0612335205078
v -1516.173095703125 1388.7384033203125 -128.06126403808594
v -1979.275146484375 925.6287231445312 -133.77224731445312
v -1506.65478515625 1379.2203369140625 -133.77627563476562
v -1979.275146484375 925.6287231445312 -133.77224731445312
v -1516.178466796875 1388.74365234375 -133.77227783203125
v -1965.806640625 920.0501708984375 -133.7762451171875
v -1506.65625 1379.2218017578125 -128.02926635742188
v -1965.806640625 920.0501708984375 -133.7762451171875
v -1506.65478515625 1379.2203369140625 -133.77627563476562
v -1965.808837890625 920.0509033203125 -128.02923583984375
v -1512.5517578125 1385.1170654296875 -209.9415740966797
v -1970.744384765625 922.09521484375 -209.955322265625
v -1510.146240234375 1382.7115478515625 -209.95535278320312
v -1974.146240234375 923.50439453125 -209.94154357910156
v -1512.5556640625 1385.120849609375 -212.29286193847656
v -1974.146240234375 923.50439453125 -209.94154357910156
v -1512.5517578125 1385.1170654296875 -209.9415740966797
v -1974.151611328125 923.5066528320312 -212.29283142089844
v -1510.150146484375 1382.71533203125 -212.29617309570312
v -1974.151611328125 923.5066528320312 -212.29283142089844
v -1512.5556640625 1385.120849609375 -212.29286193847656
v -1970.74951171875 922.0975341796875 -212.296142578125
v -1510.146240234375 1382.7115478515625 -209.95535278320312
v -1970.74951171875 922.0975341796875 -212.296142578125
v -1510.150146484375 1382.71533203125 -212.29617309570312
v -1970.744384765625 922.09521484375 -209.955322265625
v -1512.45751953125 1385.023193359375 -157.5220489501953
v -1970.632080078125 922.0488891601562 -157.5220184326172
v -1510.06689453125 1382.6322021484375 -157.5220489501953
v -1974.013427734375 923.449462890625 -157.5220184326172
v -1512.444580078125 1385.0098876953125 -160.08106994628906
v -1974.013427734375 923.449462890625 -157.5220184326172
v -1512.45751953125 1385.023193359375 -157.5220489501953
v -1973.994873046875 923.441650390625 -160.08103942871094
v -1510.0537109375 1382.6190185546875 -160.08106994628906
v -1973.994873046875 923.441650390625 -160.08103942871094
v -1512.444580078125 1385.0098876953125 -160.08106994628906
v -1970.613525390625 922.0410766601562 -160.08103942871094
v -1510.06689453125 1382.6322021484375 -157.5220489501953
v -1970.613525390625 922.0410766601562 -160.08103942871094
v -1510.0537109375 1382.6190185546875 -160.08106994628906
v -1970.632080078125 922.0488891601562 -157.5220184326172
v -1512.69482421875 1385.2601318359375 -183.24246215820312
v -1970.593505859375 922.0328369140625 -183.242431640625
v -1510.03955078125 1382.6048583984375 -183.24246215820312
v -1974.348388671875 923.588134765625 -183.242431640625
v -1512.69482421875 1385.2601318359375 -185.7879638671875
v -1974.348388671875 923.588134765625 -183.242431640625
v -1512.69482421875 1385.2601318359375 -183.24246215820312
v -1974.348388671875 923.588134765625 -185.78793334960938
v -1510.048583984375 1382.6138916015625 -185.7603759765625
v -1974.348388671875 923.588134765625 -185.78793334960938
v -1512.69482421875 1385.2601318359375 -185.7879638671875
v -1970.606201171875 922.0380249023438 -185.76034545898438
v -1510.03955078125 1382.6048583984375 -183.24246215820312
v -1970.606201171875 922.0380249023438 -185.76034545898438
v -1510.048583984375 1382.6138916015625 -185.7603759765625
v -1970.593505859375 922.0328369140625 -183.242431640625
v -1518.376953125 1390.94189453125 -237.78640747070312
v -1962.3486328125 918.6175537109375 -237.80418395996094
v -1504.208984375 1376.77490234375 -237.80421447753906
v -1982.384033203125 926.9163818359375 -237.786376953125
v -1518.376953125 1390.94189453125 -239.7734375
v -1982.384033203125 926.9163818359375 -237.786376953125
v -1518.376953125 1390.94189453125 -237.78640747070312
v -1982.384033203125 926.9163818359375 -239.77340698242188
v -1514.7744140625 1387.3394775390625 -239.7734375
v -1982.384033203125 926.9163818359375 -239.77340698242188
v -1518.376953125 1390.94189453125 -239.7734375
v -1977.2890625 924.8062744140625 -239.77340698242188
v -1514.7744140625 1387.3394775390625 -255.51266479492188
v -1977.2890625 924.8062744140625 -239.77340698242188
v -1514.7744140625 1387.3394775390625 -239.7734375
v -1977.2890625 924.8062744140625 -255.51263427734375
v -1518.34716796875 1390.912109375 -255.51266479492188
v -1977.2890625 924.8062744140625 -255.51263427734375
v -1514.7744140625 1387.3394775390625 -255.51266479492188
v -1982.342041015625 926.8989868164062 -255.51263427734375
v -1518.34716796875 1390.912109375 -257.7021484375
v -1982.342041015625 926.8989868164062 -255.51263427734375
v -1518.34716796875 1390.912109375 -255.51266479492188
v -1982.342041015625 926.8989868164062 -257.7021484375
v -1504.1748046875 1376.7406005859375 -257.7021484375
v -1982.342041015625 926.8989868164062 -257.7021484375
v -1518.34716796875 1390.912109375 -257.7021484375
v -1962.300048828125 918.5975341796875 -257.7021484375
v -1504.1748046875 1376.7406005859375 -255.52076721191406
v -1962.300048828125 918.5975341796875 -257.7021484375
v -1504.1748046875 1376.7406005859375 -257.7021484375
v -1962.300048828125 918.5975341796875 -255.52073669433594
v -1507.80859375 1380.374267578125 -255.52076721191406
v -1962.300048828125 918.5975341796875 -255.52073669433594
v -1504.1748046875 1376.7406005859375 -255.52076721191406
v -1967.43896484375 920.7261352539062 -255.52073669433594
v -1507.77880859375 1380.344482421875 -239.80746459960938
v -1967.43896484375 920.7261352539062 -255.52073669433594
v -1507.80859375 1380.374267578125 -255.52076721191406
v -1967.396484375 920.7085571289062 -239.80743408203125
v -1504.20458984375 1376.770263671875 -239.80746459960938
v -1967.396484375 920.7085571289062 -239.80743408203125
v -1507.77880859375 1380.344482421875 -239.80746459960938
v -1962.342041015625 918.6148681640625 -239.80743408203125
v -1504.208984375 1376.77490234375 -237.80421447753906
v -1962.342041015625 918.6148681640625 -239.80743408203125
v -1504.20458984375 1376.770263671875 -239.80746459960938
v -1962.3486328125 918.6175537109375 -237.80418395996094
v -1971.135009765625 922.2571411132812 -126.88825225830078
v -1965.821044921875 -488.7325439453125 -128.02911376953125
v -1965.808837890625 920.0509033203125 -128.02923583984375
v -1971.147216796875 -490.93878173828125 -126.88813018798828
v -1971.147216796875 -490.93878173828125 -126.88813018798828
v -1973.600830078125 -491.9549255371094 -126.87911224365234
v -1979.267822265625 925.6256713867188 -128.0612335205078
v -1973.600830078125 -491.9549255371094 -126.87911224365234
v -1973.588623046875 923.273193359375 -126.87923431396484
v -1979.280029296875 -494.30743408203125 -128.0611114501953
v -1979.275146484375 925.6287231445312 -133.77224731445312
v -1979.280029296875 -494.30743408203125 -128.0611114501953
v -1979.267822265625 925.6256713867188 -128.0612335205078
v -1979.287353515625 -494.31048583984375 -133.77212524414062
v -1979.287353515625 -494.31048583984375 -133.77212524414062
v -1965.81884765625 -488.731689453125 -133.776123046875
v -1965.808837890625 920.0509033203125 -128.02923583984375
v -1965.81884765625 -488.731689453125 -133.776123046875
v -1965.806640625 920.0501708984375 -133.7762451171875
v -1965.821044921875 -488.7325439453125 -128.02911376953125
v -1974.146240234375 923.50439453125 -209.94154357910156
v -1970.756591796875 -490.7769775390625 -209.9552001953125
v -1970.744384765625 922.09521484375 -209.955322265625
v -1974.158447265625 -492.1860656738281 -209.94142150878906
v -1974.151611328125 923.5066528320312 -212.29283142089844
v -1974.158447265625 -492.1860656738281 -209.94142150878906
v -1974.146240234375 923.50439453125 -209.94154357910156
v -1974.163818359375 -492.18829345703125 -212.29270935058594
v -1974.163818359375 -492.18829345703125 -212.29270935058594
v -1970.76171875 -490.7791442871094 -212.2960205078125
v -1970.744384765625 922.09521484375 -209.955322265625
v -1970.76171875 -490.7791442871094 -212.2960205078125
v -1970.74951171875 922.0975341796875 -212.296142578125
v -1970.756591796875 -490.7769775390625 -209.9552001953125
v -1970.644287109375 -490.7303771972656 -157.5218963623047
v -1974.025634765625 -492.1310119628906 -157.5218963623047
v -1973.994873046875 923.441650390625 -160.08103942871094
v -1974.025634765625 -492.1310119628906 -157.5218963623047
v -1974.013427734375 923.449462890625 -157.5220184326172
v -1974.007080078125 -492.12322998046875 -160.08091735839844
v -1974.007080078125 -492.12322998046875 -160.08091735839844
v -1970.625732421875 -490.72265625 -160.08091735839844
v -1970.632080078125 922.0488891601562 -157.5220184326172
v -1970.625732421875 -490.72265625 -160.08091735839844
v -1970.613525390625 922.0410766601562 -160.08103942871094
v -1970.644287109375 -490.7303771972656 -157.5218963623047
v -1970.605712890625 -490.7144470214844 -183.2423095703125
v -1974.360595703125 -492.26983642578125 -183.2423095703125
v -1974.348388671875 923.588134765625 -185.78793334960938
v -1974.360595703125 -492.26983642578125 -183.2423095703125
v -1974.348388671875 923.588134765625 -183.242431640625
v -1974.360595703125 -492.26983642578125 -185.78781127929688
v -1970.606201171875 922.0380249023438 -185.76034545898438
v -1974.360595703125 -492.26983642578125 -185.78781127929688
v -1974.348388671875 923.588134765625 -185.78793334960938
v -1970.618408203125 -490.7197265625 -185.76022338867188
v -1970.593505859375 922.0328369140625 -183.242431640625
v -1970.618408203125 -490.7197265625 -185.76022338867188
v -1970.606201171875 922.0380249023438 -185.76034545898438
v -1970.605712890625 -490.7144470214844 -183.2423095703125
v -1962.36083984375 -487.2991943359375 -237.80406188964844
v -1982.396240234375 -495.5982666015625 -237.7862548828125
v -1982.384033203125 926.9163818359375 -239.77340698242188
v -1982.396240234375 -495.5982666015625 -237.7862548828125
v -1982.384033203125 926.9163818359375 -237.786376953125
v -1982.396240234375 -495.5982666015625 -239.77328491210938
v -1982.396240234375 -495.5982666015625 -239.77328491210938
v -1977.3017578125 -493.48797607421875 -239.77328491210938
v -1977.2890625 924.8062744140625 -255.51263427734375
v -1977.3017578125 -493.48797607421875 -239.77328491210938
v -1977.2890625 924.8062744140625 -239.77340698242188
v -1977.30126953125 -493.48797607421875 -255.51251220703125
v -1977.30126953125 -493.48797607421875 -255.51251220703125
v -1982.354248046875 -495.580810546875 -255.51251220703125
v -1982.342041015625 926.8989868164062 -257.7021484375
v -1982.354248046875 -495.580810546875 -255.51251220703125
v -1982.342041015625 926.8989868164062 -255.51263427734375
v -1982.354248046875 -495.580810546875 -257.7020263671875
v -1982.354248046875 -495.580810546875 -257.7020263671875
v -1962.31201171875 -487.27911376953125 -257.7020263671875
v -1962.300048828125 918.5975341796875 -255.52073669433594
v -1962.31201171875 -487.27911376953125 -257.7020263671875
v -1962.300048828125 918.5975341796875 -257.7021484375
v -1962.31201171875 -487.27911376953125 -255.52061462402344
v -1962.31201171875 -487.27911376953125 -255.52061462402344
v -1967.451171875 -489.4076843261719 -255.52061462402344
v -1967.396484375 920.7085571289062 -239.80743408203125
v -1967.451171875 -489.4076843261719 -255.52061462402344
v -1967.43896484375 920.7261352539062 -255.52073669433594
v -1967.40869140625 -489.3902282714844 -239.80731201171875
v -1967.40869140625 -489.3902282714844 -239.80731201171875
v -1962.354248046875 -487.2965393066406 -239.80731201171875
v -1962.3486328125 918.6175537109375 -237.80418395996094
v -1962.354248046875 -487.2965393066406 -239.80731201171875
v -1962.342041015625 918.6148681640625 -239.80743408203125
v -1962.36083984375 -487.2991943359375 -237.80406188964844
v -1971.147216796875 -490.93878173828125 -126.88813018798828
v -1487.5400390625 -967.009033203125 -128.02906799316406
v -1965.821044921875 -488.7325439453125 -128.02911376953125
v -1491.30615234375 -970.7752075195312 -126.8880615234375
v -1491.30615234375 -970.7752075195312 -126.8880615234375
v -1493.040771484375 -972.510009765625 -126.87904357910156
v -1979.280029296875 -494.30743408203125 -128.0611114501953
v -1493.040771484375 -972.510009765625 -126.87904357910156
v -1973.600830078125 -491.9549255371094 -126.87911224365234
v -1497.056884765625 -976.5259399414062 -128.06106567382812
v -1979.287353515625 -494.31048583984375 -133.77212524414062
v -1497.056884765625 -976.5259399414062 -128.06106567382812
v -1979.280029296875 -494.30743408203125 -128.0611114501953
v -1497.062255859375 -976.5311889648438 -133.77207946777344
v -1497.062255859375 -976.5311889648438 -133.77207946777344
v -1487.53857421875 -967.0075073242188 -133.7760772705078
v -1965.821044921875 -488.7325439453125 -128.02911376953125
v -1487.53857421875 -967.0075073242188 -133.7760772705078
v -1965.81884765625 -488.731689453125 -133.776123046875
v -1487.5400390625 -967.009033203125 -128.02906799316406
v -1974.158447265625 -492.1860656738281 -209.94142150878906
v -1491.030029296875 -970.4989013671875 -209.9551544189453
v -1970.756591796875 -490.7769775390625 -209.9552001953125
v -1493.435546875 -972.9044799804688 -209.94137573242188
v -1974.163818359375 -492.18829345703125 -212.29270935058594
v -1493.435546875 -972.9044799804688 -209.94137573242188
v -1974.158447265625 -492.1860656738281 -209.94142150878906
v -1493.439453125 -972.9082641601562 -212.29266357421875
v -1493.439453125 -972.9082641601562 -212.29266357421875
v -1491.033935546875 -970.5027465820312 -212.2959747314453
v -1970.756591796875 -490.7769775390625 -209.9552001953125
v -1491.033935546875 -970.5027465820312 -212.2959747314453
v -1970.76171875 -490.7791442871094 -212.2960205078125
v -1491.030029296875 -970.4989013671875 -209.9551544189453
v -1490.95068359375 -970.4195556640625 -157.5218505859375
v -1493.34130859375 -972.810546875 -157.5218505859375
v -1974.007080078125 -492.12322998046875 -160.08091735839844
v -1493.34130859375 -972.810546875 -157.5218505859375
v -1974.025634765625 -492.1310119628906 -157.5218963623047
v -1493.328369140625 -972.7973022460938 -160.08087158203125
v -1493.328369140625 -972.7973022460938 -160.08087158203125
v -1490.9375 -970.4064331054688 -160.08087158203125
v -1970.644287109375 -490.7303771972656 -157.5218963623047
v -1490.9375 -970.4064331054688 -160.08087158203125
v -1970.625732421875 -490.72265625 -160.08091735839844
v -1490.95068359375 -970.4195556640625 -157.5218505859375
v -1490.92333984375 -970.392333984375 -183.2422637939453
v -1493.57861328125 -973.0475463867188 -183.2422637939453
v -1974.360595703125 -492.26983642578125 -185.78781127929688
v -1493.57861328125 -973.0475463867188 -183.2422637939453
v -1974.360595703125 -492.26983642578125 -183.2423095703125
v -1493.57861328125 -973.0475463867188 -185.7877655029297
v -1970.618408203125 -490.7197265625 -185.76022338867188
v -1493.57861328125 -973.0475463867188 -185.7877655029297
v -1974.360595703125 -492.26983642578125 -185.78781127929688
v -1490.932373046875 -970.4012451171875 -185.7601776123047
v -1970.605712890625 -490.7144470214844 -183.2423095703125
v -1490.932373046875 -970.4012451171875 -185.7601776123047
v -1970.618408203125 -490.7197265625 -185.76022338867188
v -1490.92333984375 -970.392333984375 -183.2422637939453
v -1485.09326171875 -964.5621337890625 -237.80401611328125
v -1499.26025390625 -978.7294921875 -237.7862091064453
v -1982.396240234375 -495.5982666015625 -239.77328491210938
v -1499.26025390625 -978.7294921875 -237.7862091064453
v -1982.396240234375 -495.5982666015625 -237.7862548828125
v -1499.26025390625 -978.7294921875 -239.7732391357422
v -1499.26025390625 -978.7294921875 -239.7732391357422
v -1495.658203125 -975.1270141601562 -239.7732391357422
v -1977.30126953125 -493.48797607421875 -255.51251220703125
v -1495.658203125 -975.1270141601562 -239.7732391357422
v -1977.3017578125 -493.48797607421875 -239.77328491210938
v -1495.658203125 -975.1270141601562 -255.51246643066406
v -1495.658203125 -975.1270141601562 -255.51246643066406
v -1499.23046875 -978.6997680664062 -255.51246643066406
v -1982.354248046875 -495.580810546875 -257.7020263671875
v -1499.23046875 -978.6997680664062 -255.51246643066406
v -1982.354248046875 -495.580810546875 -255.51251220703125
v -1499.23046875 -978.6997680664062 -257.7019348144531
v -1499.23046875 -978.6997680664062 -257.7019348144531
v -1485.058837890625 -964.5277709960938 -257.7019348144531
v -1962.31201171875 -487.27911376953125 -255.52061462402344
v -1485.058837890625 -964.5277709960938 -257.7019348144531
v -1962.31201171875 -487.27911376953125 -257.7020263671875
v -1485.058837890625 -964.5277709960938 -255.52056884765625
v -1485.058837890625 -964.5277709960938 -255.52056884765625
v -1488.6923828125 -968.1614990234375 -255.52056884765625
v -1967.40869140625 -489.3902282714844 -239.80731201171875
v -1488.6923828125 -968.1614990234375 -255.52056884765625
v -1967.451171875 -489.4076843261719 -255.52061462402344
v -1488.66259765625 -968.1317138671875 -239.80726623535156
v -1488.66259765625 -968.1317138671875 -239.80726623535156
v -1485.088623046875 -964.5575561523438 -239.80726623535156
v -1962.36083984375 -487.2991943359375 -237.80406188964844
v -1485.088623046875 -964.5575561523438 -239.80726623535156
v -1962.354248046875 -487.2965393066406 -239.80731201171875
v -1485.09326171875 -964.5621337890625 -237.80401611328125
v -1506.65478515625 1379.2203369140625 -133.77627563476562
v -1516.178466796875 1388.74365234375 -133.77227783203125
v -1516.173095703125 1388.7384033203125 -128.06126403808594
v -1506.65625 1379.2218017578125 -128.02926635742188
v -1512.156982421875 1384.72265625 -126.8792495727539
v -1510.42236328125 1382.9879150390625 -126.88826751708984
v -1510.150146484375 1382.71533203125 -212.29617309570312
v -1512.5556640625 1385.120849609375 -212.29286193847656
v -1510.146240234375 1382.7115478515625 -209.95535278320312
v -1512.5517578125 1385.1170654296875 -209.9415740966797
v -1510.0537109375 1382.6190185546875 -160.08106994628906
v -1512.444580078125 1385.0098876953125 -160.08106994628906
v -1510.06689453125 1382.6322021484375 -157.5220489501953
v -1512.45751953125 1385.023193359375 -157.5220489501953
v -1512.69482421875 1385.2601318359375 -183.24246215820312
v -1510.03955078125 1382.6048583984375 -183.24246215820312
v -1510.048583984375 1382.6138916015625 -185.7603759765625
v -1512.69482421875 1385.2601318359375 -185.7879638671875
v -1514.7744140625 1387.3394775390625 -239.7734375
v -1518.376953125 1390.94189453125 -239.7734375
v -1504.208984375 1376.77490234375 -237.80421447753906
v -1507.77880859375 1380.344482421875 -239.80746459960938
v -1504.20458984375 1376.770263671875 -239.80746459960938
v -1507.80859375 1380.374267578125 -255.52076721191406
v -1514.7744140625 1387.3394775390625 -255.51266479492188
v -1518.34716796875 1390.912109375 -257.7021484375
v -1518.34716796875 1390.912109375 -255.51266479492188
v -1504.1748046875 1376.7406005859375 -255.52076721191406
v -1504.1748046875 1376.7406005859375 -257.7021484375
v -1518.376953125 1390.94189453125 -237.78640747070312
v -1497.056884765625 -976.5259399414062 -128.06106567382812
v -1497.062255859375 -976.5311889648438 -133.77207946777344
v -1487.53857421875 -967.0075073242188 -133.7760772705078
v -1487.5400390625 -967.009033203125 -128.02906799316406
v -1491.30615234375 -970.7752075195312 -126.8880615234375
v -1493.040771484375 -972.510009765625 -126.87904357910156
v -1491.030029296875 -970.4989013671875 -209.9551544189453
v -1493.439453125 -972.9082641601562 -212.29266357421875
v -1491.033935546875 -970.5027465820312 -212.2959747314453
v -1493.435546875 -972.9044799804688 -209.94137573242188
v -1490.95068359375 -970.4195556640625 -157.5218505859375
v -1493.328369140625 -972.7973022460938 -160.08087158203125
v -1490.9375 -970.4064331054688 -160.08087158203125
v -1493.34130859375 -972.810546875 -157.5218505859375
v -1490.932373046875 -970.4012451171875 -185.7601776123047
v -1490.92333984375 -970.392333984375 -183.2422637939453
v -1493.57861328125 -973.0475463867188 -183.2422637939453
v -1493.57861328125 -973.0475463867188 -185.7877655029297
v -1485.09326171875 -964.5621337890625 -237.80401611328125
v -1499.26025390625 -978.7294921875 -239.7732391357422
v -1495.658203125 -975.1270141601562 -239.7732391357422
v -1488.66259765625 -968.1317138671875 -239.80726623535156
v -1485.088623046875 -964.5575561523438 -239.80726623535156
v -1495.658203125 -975.1270141601562 -255.51246643066406
v -1488.6923828125 -968.1614990234375 -255.52056884765625
v -1499.23046875 -978.6997680664062 -255.51246643066406
v -1499.23046875 -978.6997680664062 -257.7019348144531
v -1485.058837890625 -964.5277709960938 -255.52056884765625
v -1485.058837890625 -964.5277709960938 -257.7019348144531
v -1499.26025390625 -978.7294921875 -237.7862091064453
v -1511.28759765625 1383.85302734375 -520.000244140625
v -1972.358642578125 922.7638549804688 -520.0001831054688
v -1972.358642578125 922.7638549804688 -520.0001831054688
v -1972.370849609375 -491.4455261230469 -520.0000610351562
v -1972.370849609375 -491.4455871582031 -520.0000610351562
v -1492.17138671875 -971.640625 -520.0000610351562
v 1640.93408203125 137.90567016601562 -240.000244140625
v -558.172607421875 2337.00244140625 -240.00033569335938
v 1640.93408203125 137.90573120117188 579.999755859375
v -558.1728515625 2337.00244140625 579.9996948242188
v -558.172607421875 2337.0029296875 -240.00033569335938
v -1194.554443359375 1700.5914306640625 -240.00050354003906
v -558.1728515625 2337.0029296875 579.9996948242188
v -1194.554443359375 1700.5914306640625 579.99951171875
v -1194.554443359375 1700.5911865234375 -240.00050354003906
v -1092.949951171875 1598.990234375 -240.00047302246094
v -1092.949951171875 1598.990234375 19.70952033996582
v -1005.598388671875 1511.6414794921875 19.709531784057617
v -1194.554443359375 1700.5911865234375 579.99951171875
v -1005.598388671875 1511.6414794921875 -240.00047302246094
v -820.50390625 1326.5531005859375 -240.00064086914062
v -820.50390625 1326.5531005859375 579.999267578125
v -820.50390625 1326.55322265625 -240.00064086914062
v -818.70947265625 -1088.779296875 -240.00083923339844
v -820.50390625 1326.55322265625 579.999267578125
v -818.70947265625 -1088.779296875 579.9991455078125
v -818.70947265625 -1088.7789306640625 -240.00083923339844
v -1246.919921875 -1524.1671142578125 -240.00010681152344
v -944.182861328125 -1216.3553466796875 -235.00082397460938
v -944.182861328125 -1216.3553466796875 46.99916458129883
v -1062.265625 -1336.4176025390625 46.999168395996094
v -818.70947265625 -1088.7789306640625 579.9991455078125
v -1246.919921875 -1524.1671142578125 579.9998168945312
v -1062.265625 -1336.4176025390625 -235.00082397460938
v -1246.919921875 -1524.1671142578125 -240.00010681152344
v -634.029296875 -2137.0576171875 -240.00013732910156
v -1219.984375 -1551.1029052734375 -140.00010681152344
v -1219.984375 -1551.1029052734375 58.93687438964844
v -1009.333740234375 -1761.7537841796875 58.9369010925293
v -875.642333984375 -1895.4451904296875 59.99993133544922
v -663.510498046875 -2107.57666015625 59.99995803833008
v -1246.919921875 -1524.1671142578125 579.9998168945312
v -634.029296875 -2137.0576171875 579.9998168945312
v -1009.333740234375 -1761.7537841796875 -140.0000762939453
v -663.510498046875 -2107.57666015625 -140.00003051757812
v -875.642333984375 -1895.4451904296875 -140.00006103515625
v -634.029296875 -2137.0576171875 -240.00013732910156
v 1640.93408203125 137.90567016601562 -240.000244140625
v -634.029296875 -2137.0576171875 579.9998168945312
v 1640.93408203125 137.90573120117188 579.999755859375
v -929.923828125 -1230.3795166015625 46.99916458129883
v -1048.006591796875 -1350.4417724609375 46.99917221069336
v -944.182861328125 -1216.3553466796875 46.99916458129883
v -1062.265625 -1336.4176025390625 46.999168395996094
v -929.923828125 -1230.3795166015625 -235.00082397460938
v -944.182861328125 -1216.3553466796875 -235.00082397460938
v -1048.006591796875 -1350.4417724609375 -235.0008087158203
v -1062.265625 -1336.4176025390625 -235.00082397460938
v -929.923828125 -1230.3795166015625 46.99916458129883
v -944.182861328125 -1216.3553466796875 -235.00082397460938
v -929.923828125 -1230.3795166015625 -235.00082397460938
v -944.182861328125 -1216.3553466796875 46.99916458129883
v -1048.006591796875 -1350.4417724609375 46.99917221069336
v -1048.006591796875 -1350.4417724609375 -235.0008087158203
v -1062.265625 -1336.4176025390625 -235.00082397460938
v -1062.265625 -1336.4176025390625 46.999168395996094
v -1009.333740234375 -1761.7537841796875 58.9369010925293
v -1219.984375 -1551.1029052734375 58.93687438964844
v -1212.91064453125 -1544.0291748046875 58.93687438964844
v -1002.260009765625 -1754.679931640625 58.93689727783203
v -1009.333740234375 -1761.7537841796875 -140.0000762939453
v -1212.91064453125 -1544.0291748046875 -140.00010681152344
v -1219.984375 -1551.1029052734375 -140.00010681152344
v -1002.260009765625 -1754.679931640625 -140.0000762939453
v -1212.91064453125 -1544.0291748046875 58.93687438964844
v -1219.984375 -1551.1029052734375 -140.00010681152344
v -1212.91064453125 -1544.0291748046875 -140.00010681152344
v -1219.984375 -1551.1029052734375 58.93687438964844
v -1002.260009765625 -1754.679931640625 58.93689727783203
v -1002.260009765625 -1754.679931640625 -140.0000762939453
v -1009.333740234375 -1761.7537841796875 -140.0000762939453
v -1009.333740234375 -1761.7537841796875 58.9369010925293
v -663.510498046875 -2107.57666015625 59.99995803833008
v -875.642333984375 -1895.4451904296875 59.99993133544922
v -868.57470703125 -1888.37744140625 59.99993133544922
v -656.44287109375 -2100.50927734375 59.99995422363281
v -663.510498046875 -2107.57666015625 -140.00003051757812
v -868.57470703125 -1888.37744140625 -140.00006103515625
v -875.642333984375 -1895.4451904296875 -140.00006103515625
v -656.44287109375 -2100.50927734375 -140.00003051757812
v -868.57470703125 -1888.37744140625 59.99993133544922
v -875.642333984375 -1895.4451904296875 -140.00006103515625
v -868.57470703125 -1888.37744140625 -140.00006103515625
v -875.642333984375 -1895.4451904296875 59.99993133544922
v -656.44287109375 -2100.50927734375 59.99995422363281
v -656.44287109375 -2100.50927734375 -140.00003051757812
v -663.510498046875 -2107.57666015625 -140.00003051757812
v -663.510498046875 -2107.57666015625 59.99995803833008
v -1180.953369140625 1697.4393310546875 170.87156677246094
v -1972.37158203125 922.7935180664062 170.87161254882812
v -1180.953369140625 1697.4393310546875 210.87156677246094
v -1972.37158203125 922.7935180664062 210.87161254882812
v -1972.37158203125 922.7935180664062 170.87161254882812
v -1972.37158203125 -491.4158935546875 170.87173461914062
v -1972.37158203125 922.7935180664062 210.87161254882812
v -1972.37158203125 -491.4158630371094 210.87173461914062
v -1972.37158203125 -491.4158935546875 170.87173461914062
v -1092.43994140625 -1371.3719482421875 170.87185668945312
v -1972.37158203125 -491.4158630371094 210.87173461914062
v -1092.43994140625 -1371.3719482421875 210.87185668945312
v -1180.953369140625 1697.4393310546875 160.87156677246094
v -852.02099609375 -1130.958251953125 160.871826171875
v -1092.440185546875 -1371.3719482421875 160.87185668945312
v -818.45166015625 1332.530517578125 160.87161254882812
v -1972.37158203125 922.7935180664062 160.87161254882812
v -1972.37158203125 -491.4158935546875 160.87173461914062
v -1180.097412109375 1696.5648193359375 323.9835510253906
v -1965.82177734375 920.039306640625 322.84259033203125
v -1176.371826171875 1692.758544921875 322.8425598144531
v -1971.14794921875 922.2789306640625 323.98358154296875
v -1181.8134765625 1698.3179931640625 323.9925537109375
v -1971.14794921875 922.2789306640625 323.98358154296875
v -1180.097412109375 1696.5648193359375 323.9835510253906
v -1973.6015625 923.3106079101562 323.9925842285156
v -1185.7861328125 1702.3768310546875 322.8105773925781
v -1973.6015625 923.3106079101562 323.9925842285156
v -1181.8134765625 1698.3179931640625 323.9925537109375
v -1979.28076171875 925.69873046875 322.81060791015625
v -1185.791259765625 1702.3822021484375 317.0995788574219
v -1979.28076171875 925.69873046875 322.81060791015625
v -1185.7861328125 1702.3768310546875 322.8105773925781
v -1979.2880859375 925.7017822265625 317.099609375
v -1176.3701171875 1692.7569580078125 317.0955810546875
v -1979.2880859375 925.7017822265625 317.099609375
v -1185.791259765625 1702.3822021484375 317.0995788574219
v -1965.819580078125 920.038330078125 317.0956115722656
v -1176.371826171875 1692.758544921875 322.8425598144531
v -1965.819580078125 920.038330078125 317.0956115722656
v -1176.3701171875 1692.7569580078125 317.0955810546875
v -1965.82177734375 920.039306640625 322.84259033203125
v -1182.203857421875 1698.716796875 240.9302520751953
v -1970.75732421875 922.1146850585938 240.91650390625
v -1179.82421875 1696.2857666015625 240.9164581298828
v -1974.1591796875 923.545166015625 240.9302978515625
v -1182.20751953125 1698.720703125 238.57894897460938
v -1974.1591796875 923.545166015625 240.9302978515625
v -1182.203857421875 1698.716796875 240.9302520751953
v -1974.16455078125 923.5474853515625 238.57899475097656
v -1179.827880859375 1696.28955078125 238.57565307617188
v -1974.16455078125 923.5474853515625 238.57899475097656
v -1182.20751953125 1698.720703125 238.57894897460938
v -1970.7626953125 922.116943359375 238.57569885253906
v -1179.82421875 1696.2857666015625 240.9164581298828
v -1970.7626953125 922.116943359375 238.57569885253906
v -1179.827880859375 1696.28955078125 238.57565307617188
v -1970.75732421875 922.1146850585938 240.91650390625
v -1182.11083984375 1698.621826171875 293.3497619628906
v -1970.64501953125 922.0674438476562 293.34979248046875
v -1179.74560546875 1696.2054443359375 293.3497619628906
v -1974.0263671875 923.4893188476562 293.34979248046875
v -1182.097900390625 1698.6085205078125 290.790771484375
v -1974.0263671875 923.4893188476562 293.34979248046875
v -1182.11083984375 1698.621826171875 293.3497619628906
v -1974.0078125 923.4815063476562 290.7908020019531
v -1179.732421875 1696.192138671875 290.790771484375
v -1974.0078125 923.4815063476562 290.7908020019531
v -1182.097900390625 1698.6085205078125 290.790771484375
v -1970.62646484375 922.0595703125 290.7908020019531
v -1179.74560546875 1696.2054443359375 293.3497619628906
v -1970.62646484375 922.0595703125 290.7908020019531
v -1179.732421875 1696.192138671875 290.790771484375
v -1970.64501953125 922.0674438476562 293.34979248046875
v -1182.34521484375 1698.8614501953125 267.6293640136719
v -1970.606689453125 922.05126953125 267.62939453125
v -1179.718505859375 1696.177734375 267.6293640136719
v -1974.361328125 923.6302490234375 267.62939453125
v -1182.34521484375 1698.8614501953125 265.0838623046875
v -1974.361328125 923.6302490234375 267.62939453125
v -1182.34521484375 1698.8614501953125 267.6293640136719
v -1974.361328125 923.6302490234375 265.0838928222656
v -1179.7275390625 1696.1868896484375 265.1114501953125
v -1974.361328125 923.6302490234375 265.0838928222656
v -1182.34521484375 1698.8614501953125 265.0838623046875
v -1970.619140625 922.0565795898438 265.1114807128906
v -1179.718505859375 1696.177734375 267.6293640136719
v -1970.619140625 922.0565795898438 265.1114807128906
v -1179.7275390625 1696.1868896484375 265.1114501953125
v -1970.606689453125 922.05126953125 267.62939453125
v -1187.966064453125 1704.6038818359375 213.08541870117188
v -1962.361083984375 918.5841674804688 213.06768798828125
v -1173.951416015625 1690.28564453125 213.06764221191406
v -1982.39697265625 927.0090942382812 213.08546447753906
v -1187.966064453125 1704.6038818359375 211.098388671875
v -1982.39697265625 927.0090942382812 213.08546447753906
v -1187.966064453125 1704.6038818359375 213.08541870117188
v -1982.39697265625 927.0090942382812 211.0984344482422
v -1184.40234375 1700.962890625 211.098388671875
v -1982.39697265625 927.0090942382812 211.0984344482422
v -1187.966064453125 1704.6038818359375 211.098388671875
v -1977.302490234375 924.8667602539062 211.0984344482422
v -1184.40234375 1700.962890625 195.3591766357422
v -1977.302490234375 924.8667602539062 211.0984344482422
v -1184.40234375 1700.962890625 211.098388671875
v -1977.302490234375 924.8667602539062 195.35922241210938
v -1187.9365234375 1704.57373046875 195.3591766357422
v -1977.302490234375 924.8667602539062 195.35922241210938
v -1184.40234375 1700.962890625 195.3591766357422
v -1982.354736328125 926.9913940429688 195.35922241210938
v -1187.9365234375 1704.57373046875 193.16966247558594
v -1982.354736328125 926.9913940429688 195.35922241210938
v -1187.9365234375 1704.57373046875 195.3591766357422
v -1982.354736328125 926.9913940429688 193.16970825195312
v -1173.91748046875 1690.2508544921875 193.16966247558594
v -1982.354736328125 926.9913940429688 193.16970825195312
v -1187.9365234375 1704.57373046875 193.16966247558594
v -1962.31298828125 918.5637817382812 193.16970825195312
v -1173.91748046875 1690.2508544921875 195.35105895996094
v -1962.31298828125 918.5637817382812 193.16970825195312
v -1173.91748046875 1690.2508544921875 193.16966247558594
v -1962.31298828125 918.5637817382812 195.35110473632812
v -1177.511962890625 1693.92333984375 195.35105895996094
v -1962.31298828125 918.5637817382812 195.35110473632812
v -1173.91748046875 1690.2508544921875 195.35105895996094
v -1967.451416015625 920.724609375 195.35110473632812
v -1177.482421875 1693.8931884765625 211.06439208984375
v -1967.451416015625 920.724609375 195.35110473632812
v -1177.511962890625 1693.92333984375 195.35105895996094
v -1967.409423828125 920.7069702148438 211.06443786621094
v -1173.94677734375 1690.281005859375 211.06439208984375
v -1967.409423828125 920.7069702148438 211.06443786621094
v -1177.482421875 1693.8931884765625 211.06439208984375
v -1962.35498046875 918.5814819335938 211.06443786621094
v -1173.951416015625 1690.28564453125 213.06764221191406
v -1962.35498046875 918.5814819335938 211.06443786621094
v -1173.94677734375 1690.281005859375 211.06439208984375
v -1962.361083984375 918.5841674804688 213.06768798828125
v -1971.14794921875 922.2789306640625 323.98358154296875
v -1965.82177734375 -488.7028503417969 322.84271240234375
v -1965.82177734375 920.039306640625 322.84259033203125
v -1971.14794921875 -490.9090881347656 323.98370361328125
v -1971.14794921875 -490.9090881347656 323.98370361328125
v -1973.6015625 -491.92510986328125 323.9927062988281
v -1979.28076171875 925.69873046875 322.81060791015625
v -1973.6015625 -491.92510986328125 323.9927062988281
v -1973.6015625 923.3106079101562 323.9925842285156
v -1979.28076171875 -494.27764892578125 322.81072998046875
v -1979.2880859375 925.7017822265625 317.099609375
v -1979.28076171875 -494.27764892578125 322.81072998046875
v -1979.28076171875 925.69873046875 322.81060791015625
v -1979.2880859375 -494.28070068359375 317.0997314453125
v -1979.2880859375 -494.28070068359375 317.0997314453125
v -1965.819580078125 -488.70208740234375 317.0957336425781
v -1965.82177734375 920.039306640625 322.84259033203125
v -1965.819580078125 -488.70208740234375 317.0957336425781
v -1965.819580078125 920.038330078125 317.0956115722656
v -1965.82177734375 -488.7028503417969 322.84271240234375
v -1974.1591796875 923.545166015625 240.9302978515625
v -1970.75732421875 -490.74713134765625 240.9166259765625
v -1970.75732421875 922.1146850585938 240.91650390625
v -1974.1591796875 -492.15631103515625 240.930419921875
v -1974.16455078125 923.5474853515625 238.57899475097656
v -1974.1591796875 -492.15631103515625 240.930419921875
v -1974.1591796875 923.545166015625 240.9302978515625
v -1974.16455078125 -492.1585693359375 238.57911682128906
v -1974.16455078125 -492.1585693359375 238.57911682128906
v -1970.7626953125 -490.74945068359375 238.57582092285156
v -1970.75732421875 922.1146850585938 240.91650390625
v -1970.7626953125 -490.74945068359375 238.57582092285156
v -1970.7626953125 922.116943359375 238.57569885253906
v -1970.75732421875 -490.74713134765625 240.9166259765625
v -1970.64501953125 -490.7008056640625 293.34991455078125
v -1974.0263671875 -492.10137939453125 293.34991455078125
v -1974.0078125 923.4815063476562 290.7908020019531
v -1974.0263671875 -492.10137939453125 293.34991455078125
v -1974.0263671875 923.4893188476562 293.34979248046875
v -1974.0078125 -492.0935363769531 290.7909240722656
v -1974.0078125 -492.0935363769531 290.7909240722656
v -1970.62646484375 -490.6929931640625 290.7909240722656
v -1970.64501953125 922.0674438476562 293.34979248046875
v -1970.62646484375 -490.6929931640625 290.7909240722656
v -1970.62646484375 922.0595703125 290.7908020019531
v -1970.64501953125 -490.7008056640625 293.34991455078125
v -1970.606689453125 -490.6847839355469 267.6295166015625
v -1974.361328125 -492.2400207519531 267.6295166015625
v -1974.361328125 923.6302490234375 265.0838928222656
v -1974.361328125 -492.2400207519531 267.6295166015625
v -1974.361328125 923.6302490234375 267.62939453125
v -1974.361328125 -492.2400207519531 265.0840148925781
v -1970.619140625 922.0565795898438 265.1114807128906
v -1974.361328125 -492.2400207519531 265.0840148925781
v -1974.361328125 923.6302490234375 265.0838928222656
v -1970.619140625 -490.68994140625 265.1116027832031
v -1970.606689453125 922.05126953125 267.62939453125
v -1970.619140625 -490.68994140625 265.1116027832031
v -1970.619140625 922.0565795898438 265.1114807128906
v -1970.606689453125 -490.6847839355469 267.6295166015625
v -1962.361083984375 -487.26947021484375 213.06781005859375
v -1982.39697265625 -495.568359375 213.08558654785156
v -1982.39697265625 927.0090942382812 211.0984344482422
v -1982.39697265625 -495.568359375 213.08558654785156
v -1982.39697265625 927.0090942382812 213.08546447753906
v -1982.39697265625 -495.568359375 211.0985565185547
v -1982.39697265625 -495.568359375 211.0985565185547
v -1977.302490234375 -493.458251953125 211.0985565185547
v -1977.302490234375 924.8667602539062 195.35922241210938
v -1977.302490234375 -493.458251953125 211.0985565185547
v -1977.302490234375 924.8667602539062 211.0984344482422
v -1977.302490234375 -493.458251953125 195.35934448242188
v -1977.302490234375 -493.458251953125 195.35934448242188
v -1982.354736328125 -495.5509948730469 195.35934448242188
v -1982.354736328125 926.9913940429688 193.16970825195312
v -1982.354736328125 -495.5509948730469 195.35934448242188
v -1982.354736328125 926.9913940429688 195.35922241210938
v -1982.354736328125 -495.5509948730469 193.16983032226562
v -1982.354736328125 -495.5509948730469 193.16983032226562
v -1962.31298828125 -487.24945068359375 193.16983032226562
v -1962.31298828125 918.5637817382812 195.35110473632812
v -1962.31298828125 -487.24945068359375 193.16983032226562
v -1962.31298828125 918.5637817382812 193.16970825195312
v -1962.31298828125 -487.24945068359375 195.35122680664062
v -1962.31298828125 -487.24945068359375 195.35122680664062
v -1967.451416015625 -489.3780517578125 195.35122680664062
v -1967.409423828125 920.7069702148438 211.06443786621094
v -1967.451416015625 -489.3780517578125 195.35122680664062
v -1967.451416015625 920.724609375 195.35110473632812
v -1967.409423828125 -489.3605041503906 211.06455993652344
v -1967.409423828125 -489.3605041503906 211.06455993652344
v -1962.35498046875 -487.2668151855469 211.06455993652344
v -1962.361083984375 918.5841674804688 213.06768798828125
v -1962.35498046875 -487.2668151855469 211.06455993652344
v -1962.35498046875 918.5814819335938 211.06443786621094
v -1962.361083984375 -487.26947021484375 213.06781005859375
v -1971.14794921875 -490.9090881347656 323.98370361328125
v -1087.808837890625 -1366.740478515625 322.84283447265625
v -1965.82177734375 -488.7028503417969 322.84271240234375
v -1091.57470703125 -1370.5067138671875 323.98382568359375
v -1091.57470703125 -1370.5067138671875 323.98382568359375
v -1093.309814453125 -1372.241455078125 323.9928283691406
v -1979.28076171875 -494.27764892578125 322.81072998046875
v -1093.309814453125 -1372.241455078125 323.9928283691406
v -1973.6015625 -491.92510986328125 323.9927062988281
v -1097.32568359375 -1376.2572021484375 322.81085205078125
v -1979.2880859375 -494.28070068359375 317.0997314453125
v -1097.32568359375 -1376.2572021484375 322.81085205078125
v -1979.28076171875 -494.27764892578125 322.81072998046875
v -1097.3310546875 -1376.2625732421875 317.099853515625
v -1097.3310546875 -1376.2625732421875 317.099853515625
v -1087.80712890625 -1366.739013671875 317.0958557128906
v -1965.82177734375 -488.7028503417969 322.84271240234375
v -1087.80712890625 -1366.739013671875 317.0958557128906
v -1965.819580078125 -488.70208740234375 317.0957336425781
v -1087.808837890625 -1366.740478515625 322.84283447265625
v -1974.1591796875 -492.15631103515625 240.930419921875
v -1091.298583984375 -1370.2303466796875 240.916748046875
v -1970.75732421875 -490.74713134765625 240.9166259765625
v -1093.7041015625 -1372.6358642578125 240.9305419921875
v -1974.16455078125 -492.1585693359375 238.57911682128906
v -1093.7041015625 -1372.6358642578125 240.9305419921875
v -1974.1591796875 -492.15631103515625 240.930419921875
v -1093.7080078125 -1372.6397705078125 238.57923889160156
v -1093.7080078125 -1372.6397705078125 238.57923889160156
v -1091.302490234375 -1370.234130859375 238.57594299316406
v -1970.75732421875 -490.74713134765625 240.9166259765625
v -1091.302490234375 -1370.234130859375 238.57594299316406
v -1970.7626953125 -490.74945068359375 238.57582092285156
v -1091.298583984375 -1370.2303466796875 240.916748046875
v -1091.21923828125 -1370.1510009765625 293.35003662109375
v -1093.6103515625 -1372.5421142578125 293.35003662109375
v -1974.0078125 -492.0935363769531 290.7909240722656
v -1093.6103515625 -1372.5421142578125 293.35003662109375
v -1974.0263671875 -492.10137939453125 293.34991455078125
v -1093.596923828125 -1372.5286865234375 290.7910461425781
v -1093.596923828125 -1372.5286865234375 290.7910461425781
v -1091.2060546875 -1370.1378173828125 290.7910461425781
v -1970.64501953125 -490.7008056640625 293.34991455078125
v -1091.2060546875 -1370.1378173828125 290.7910461425781
v -1970.62646484375 -490.6929931640625 290.7909240722656
v -1091.21923828125 -1370.1510009765625 293.35003662109375
v -1091.192138671875 -1370.123779296875 267.629638671875
v -1093.84716796875 -1372.7789306640625 267.629638671875
v -1974.361328125 -492.2400207519531 265.0840148925781
v -1093.84716796875 -1372.7789306640625 267.629638671875
v -1974.361328125 -492.2400207519531 267.6295166015625
v -1093.84716796875 -1372.7789306640625 265.0841369628906
v -1970.619140625 -490.68994140625 265.1116027832031
v -1093.84716796875 -1372.7789306640625 265.0841369628906
v -1974.361328125 -492.2400207519531 265.0840148925781
v -1091.200927734375 -1370.1326904296875 265.1117248535156
v -1970.606689453125 -490.6847839355469 267.6295166015625
v -1091.200927734375 -1370.1326904296875 265.1117248535156
v -1970.619140625 -490.68994140625 265.1116027832031
v -1091.192138671875 -1370.123779296875 267.629638671875
v -1085.361572265625 -1364.293701171875 213.06793212890625
v -1099.529296875 -1378.4608154296875 213.08570861816406
v -1982.39697265625 -495.568359375 211.0985565185547
v -1099.529296875 -1378.4608154296875 213.08570861816406
v -1982.39697265625 -495.568359375 213.08558654785156
v -1099.529296875 -1378.4608154296875 211.0986785888672
v -1099.529296875 -1378.4608154296875 211.0986785888672
v -1095.9267578125 -1374.8583984375 211.0986785888672
v -1977.302490234375 -493.458251953125 195.35934448242188
v -1095.9267578125 -1374.8583984375 211.0986785888672
v -1977.302490234375 -493.458251953125 211.0985565185547
v -1095.9267578125 -1374.8583984375 195.35946655273438
v -1095.9267578125 -1374.8583984375 195.35946655273438
v -1099.49951171875 -1378.4310302734375 195.35946655273438
v -1982.354736328125 -495.5509948730469 193.16983032226562
v -1099.49951171875 -1378.4310302734375 195.35946655273438
v -1982.354736328125 -495.5509948730469 195.35934448242188
v -1099.49951171875 -1378.4310302734375 193.16995239257812
v -1099.49951171875 -1378.4310302734375 193.16995239257812
v -1085.327392578125 -1364.2593994140625 193.16995239257812
v -1962.31298828125 -487.24945068359375 195.35122680664062
v -1085.327392578125 -1364.2593994140625 193.16995239257812
v -1962.31298828125 -487.24945068359375 193.16983032226562
v -1085.327392578125 -1364.2593994140625 195.35134887695312
v -1085.327392578125 -1364.2593994140625 195.35134887695312
v -1088.961181640625 -1367.89306640625 195.35134887695312
v -1967.409423828125 -489.3605041503906 211.06455993652344
v -1088.961181640625 -1367.89306640625 195.35134887695312
v -1967.451416015625 -489.3780517578125 195.35122680664062
v -1088.931396484375 -1367.8631591796875 211.06468200683594
v -1088.931396484375 -1367.8631591796875 211.06468200683594
v -1085.357177734375 -1364.2891845703125 211.06468200683594
v -1962.361083984375 -487.26947021484375 213.06781005859375
v -1085.357177734375 -1364.2891845703125 211.06468200683594
v -1962.35498046875 -487.2668151855469 211.06455993652344
v -1085.361572265625 -1364.293701171875 213.06793212890625
v -1176.3701171875 1692.7569580078125 317.0955810546875
v -1185.791259765625 1702.3822021484375 317.0995788574219
v -1185.7861328125 1702.3768310546875 322.8105773925781
v -1176.371826171875 1692.758544921875 322.8425598144531
v -1181.8134765625 1698.3179931640625 323.9925537109375
v -1180.097412109375 1696.5648193359375 323.9835510253906
v -1179.827880859375 1696.28955078125 238.57565307617188
v -1182.20751953125 1698.720703125 238.57894897460938
v -1179.82421875 1696.2857666015625 240.9164581298828
v -1182.203857421875 1698.716796875 240.9302520751953
v -1179.732421875 1696.192138671875 290.790771484375
v -1182.097900390625 1698.6085205078125 290.790771484375
v -1179.74560546875 1696.2054443359375 293.3497619628906
v -1182.11083984375 1698.621826171875 293.3497619628906
v -1182.34521484375 1698.8614501953125 267.6293640136719
v -1179.718505859375 1696.177734375 267.6293640136719
v -1179.7275390625 1696.1868896484375 265.1114501953125
v -1182.34521484375 1698.8614501953125 265.0838623046875
v -1184.40234375 1700.962890625 211.098388671875
v -1187.966064453125 1704.6038818359375 211.098388671875
v -1173.951416015625 1690.28564453125 213.06764221191406
v -1177.482421875 1693.8931884765625 211.06439208984375
v -1173.94677734375 1690.281005859375 211.06439208984375
v -1177.511962890625 1693.92333984375 195.35105895996094
v -1184.40234375 1700.962890625 195.3591766357422
v -1187.9365234375 1704.57373046875 193.16966247558594
v -1187.9365234375 1704.57373046875 195.3591766357422
v -1173.91748046875 1690.2508544921875 195.35105895996094
v -1173.91748046875 1690.2508544921875 193.16966247558594
v -1187.966064453125 1704.6038818359375 213.08541870117188
v -1097.32568359375 -1376.2572021484375 322.81085205078125
v -1097.3310546875 -1376.2625732421875 317.099853515625
v -1087.80712890625 -1366.739013671875 317.0958557128906
v -1087.808837890625 -1366.740478515625 322.84283447265625
v -1091.57470703125 -1370.5067138671875 323.98382568359375
v -1093.309814453125 -1372.241455078125 323.9928283691406
v -1091.298583984375 -1370.2303466796875 240.916748046875
v -1093.7080078125 -1372.6397705078125 238.57923889160156
v -1091.302490234375 -1370.234130859375 238.57594299316406
v -1093.7041015625 -1372.6358642578125 240.9305419921875
v -1091.21923828125 -1370.1510009765625 293.35003662109375
v -1093.596923828125 -1372.5286865234375 290.7910461425781
v -1091.2060546875 -1370.1378173828125 290.7910461425781
v -1093.6103515625 -1372.5421142578125 293.35003662109375
v -1091.200927734375 -1370.1326904296875 265.1117248535156
v -1091.192138671875 -1370.123779296875 267.629638671875
v -1093.84716796875 -1372.7789306640625 267.629638671875
v -1093.84716796875 -1372.7789306640625 265.0841369628906
v -1085.361572265625 -1364.293701171875 213.06793212890625
v -1099.529296875 -1378.4608154296875 211.0986785888672
v -1095.9267578125 -1374.8583984375 211.0986785888672
v -1088.931396484375 -1367.8631591796875 211.06468200683594
v -1085.357177734375 -1364.2891845703125 211.06468200683594
v -1095.9267578125 -1374.8583984375 195.35946655273438
v -1088.961181640625 -1367.89306640625 195.35134887695312
v -1099.49951171875 -1378.4310302734375 195.35946655273438
v -1099.49951171875 -1378.4310302734375 193.16995239257812
v -1085.327392578125 -1364.2593994140625 195.35134887695312
v -1085.327392578125 -1364.2593994140625 193.16995239257812
v -1099.529296875 -1378.4608154296875 213.08570861816406
v -1180.953369140625 1697.4393310546875 160.87156677246094
v -1972.37158203125 922.7935180664062 160.87161254882812
v -1972.37158203125 922.7935180664062 160.87161254882812
v -1972.37158203125 -491.4158935546875 160.87173461914062
v -1972.37158203125 -491.4158935546875 160.87173461914062
v -1092.43994140625 -1371.3719482421875 160.87185668945312
v -1180.953369140625 1697.4393310546875 210.87156677246094
v -1092.440185546875 -1371.3719482421875 210.87185668945312
v -852.02099609375 -1130.958251953125 210.871826171875
v -818.45166015625 1332.530517578125 210.87161254882812
v -1972.37158203125 922.7935180664062 210.87161254882812
v -1972.37158203125 -491.4158630371094 210.87173461914062
v 2449.51708984375 -934.4614868164062 -239.99989318847656
v 2581.3759765625 -802.5482788085938 -239.99990844726562
v 2449.51708984375 -934.46142578125 580.0001220703125
v 2581.3759765625 -802.5482177734375 580.0001220703125
v 2581.3759765625 -802.5482788085938 -239.99990844726562
v 1902.5675048828125 -123.72756958007812 -239.99998474121094
v 2581.3759765625 -802.5482177734375 580.0001220703125
v 1902.5675048828125 -123.72749328613281 580.0
v 1902.5673828125 -123.72756958007812 -239.99998474121094
v 1642.56982421875 -383.68853759765625 -239.99998474121094
v 1902.5673828125 -123.72749328613281 580.0
v 1642.56982421875 -383.6884460449219 580.0000610351562
v 1642.56982421875 -383.68853759765625 -239.99998474121094
v 2036.6005859375 -781.6376953125 -239.99993896484375
v 1642.56982421875 -383.6884460449219 580.0000610351562
v 2036.6005859375 -781.6376342773438 580.0000610351562
v 2036.6005859375 -781.6376953125 -239.99993896484375
v 1082.3038330078125 -1735.922607421875 -239.9998779296875
v 2036.6005859375 -781.6376342773438 580.0000610351562
v 1082.3038330078125 -1735.922607421875 580.0001220703125
v 1082.3038330078125 -1735.922607421875 -239.9998779296875
v 686.33203125 -1339.950927734375 -239.99993896484375
v 1082.3038330078125 -1735.922607421875 580.0001220703125
v 686.33203125 -1339.950927734375 580.0000610351562
v 686.3321533203125 -1339.950927734375 -239.99993896484375
v -237.4837646484375 -2263.8154296875 -239.99989318847656
v 686.3321533203125 -1339.950927734375 580.0000610351562
v -237.4837646484375 -2263.8154296875 580.0001220703125
v -237.4837646484375 -2263.8154296875 -239.99989318847656
v 441.32470703125 -2942.63623046875 -239.9998016357422
v -237.4837646484375 -2263.8154296875 580.0001220703125
v 441.32470703125 -2942.63623046875 580.0001831054688
v 438.8590087890625 -1587.448486328125 7.709581404924393e-05
v -531.6473388671875 -2034.693603515625 160.00006103515625
v -270.0140380859375 -2296.32666015625 160.00010681152344
v 177.2255859375 -1325.815185546875 4.2786734411492944e-05
v 438.8590087890625 -1587.448486328125 -49.999908447265625
v -270.0140380859375 -2296.32666015625 110.00011444091797
v -531.6473388671875 -2034.693603515625 110.00007629394531
v 177.2255859375 -1325.815185546875 -49.999942779541016
v -270.0140380859375 -2296.32666015625 160.00010681152344
v 438.8590087890625 -1587.448486328125 -49.999908447265625
v 438.8590087890625 -1587.448486328125 7.709581404924393e-05
v -270.0140380859375 -2296.32666015625 110.00011444091797
v 438.8590087890625 -1587.448486328125 7.709581404924393e-05
v 177.2255859375 -1325.815185546875 -49.999942779541016
v 177.2255859375 -1325.815185546875 4.2786734411492944e-05
v 438.8590087890625 -1587.448486328125 -49.999908447265625
v 177.2255859375 -1325.815185546875 4.2786734411492944e-05
v -531.6473388671875 -2034.693603515625 110.00007629394531
v -531.6473388671875 -2034.693603515625 160.00006103515625
v 177.2255859375 -1325.815185546875 -49.999942779541016
v -531.6473388671875 -2034.693603515625 160.00006103515625
v -270.0140380859375 -2296.32666015625 110.00011444091797
v -270.0140380859375 -2296.32666015625 160.00010681152344
v -531.6473388671875 -2034.693603515625 110.00007629394531
v 2449.51708984375 -934.46142578125 580.0001220703125
v 2036.6005859375 -781.6376342773438 580.0000610351562
v 1082.3038330078125 -1735.922607421875 580.0001220703125
v 686.3321533203125 -1339.950927734375 580.0000610351562
v 441.3248291015625 -2942.63623046875 580.0001831054688
v 2581.3759765625 -802.5482177734375 580.0001220703125
v 1902.5673828125 -123.72749328613281 580.0
v 1642.56982421875 -383.6884460449219 580.0000610351562
v -237.4837646484375 -2263.8154296875 580.0001220703125
v 2505.4619140625 -878.45556640625 579.9998779296875
v 433.6466064453125 -2950.27783203125 580.0001831054688
v 622.6968383789062 -795.480712890625 580.0
v 2581.3759765625 -802.5482177734375 580.0001220703125
v -558.001953125 2336.853515625 579.999755859375
v -1519.671630859375 1375.183349609375 579.99951171875
v -549.22705078125 -1967.3924560546875 580.0001220703125
v 2505.4619140625 -878.45556640625 579.9998779296875
v 2505.4619140625 -878.45556640625 699.9998779296875
v 2581.3759765625 -802.5482177734375 700.0001220703125
v -558.002197265625 2336.853515625 579.999755859375
v 2581.3759765625 -802.5482177734375 700.0001220703125
v -558.002197265625 2336.853515625 699.999755859375
v -558.001953125 2336.853515625 579.999755859375
v -1519.671630859375 1375.183349609375 579.99951171875
v -558.001953125 2336.853515625 699.999755859375
v -1519.671630859375 1375.1834716796875 699.99951171875
v -549.22705078125 -1967.3924560546875 580.0001220703125
v 433.6466064453125 -2950.27783203125 580.0001831054688
v -549.22705078125 -1967.392333984375 700.0001220703125
v 433.6466064453125 -2950.27783203125 700.0001831054688
v 2505.4619140625 -878.45556640625 699.9999389648438
v 622.6968383789062 -795.480712890625 700.0
v 433.6466064453125 -2950.27783203125 700.0001831054688
v 2581.3759765625 -802.5482177734375 700.0001220703125
v -558.001953125 2336.853515625 699.999755859375
v -1519.671630859375 1375.1834716796875 699.9995727539062
v -549.22705078125 -1967.392333984375 700.0001220703125
v 2296.087890625 -522.912109375 7.71340710343793e-05
v 1637.7869873046875 134.10687255859375 -9.079600204131566e-06
v 834.83056640625 -1983.420166015625 0.00014094215293880552
v 177.21337890625 -1325.81494140625 5.47071140317712e-05
v 1541.9349365234375 -3.524923324584961 -1.237269884768466e-06
v 1506.5833740234375 -38.876487731933594 3.0799392902736145e-07
v 1520.7191162109375 17.690895080566406 -4.019389052700717e-06
v 1485.3675537109375 -17.660667419433594 -2.474124812579248e-06
v 1782.34033203125 -243.93019104003906 3.028807623195462e-05
v 1746.98876953125 -279.28173828125 3.183334047207609e-05
v 1754.06884765625 -215.64649963378906 2.6579653422231786e-05
v 1718.71728515625 -250.99806213378906 2.812491948134266e-05
v 1506.5833740234375 -38.876487731933594 3.0799392902736145e-07
v 1541.9349365234375 -3.5248851776123047 -1.2372737501209485e-06
v 1506.5833740234375 -38.8764533996582 400.0
v 1541.9349365234375 -3.524850845336914 400.0
v 1541.9349365234375 -3.5248851776123047 -1.2372737501209485e-06
v 1520.71923828125 17.690914154052734 -4.019389962195419e-06
v 1541.9349365234375 -3.524850845336914 400.0
v 1520.7191162109375 17.690948486328125 400.0
v 1485.3675537109375 -17.660690307617188 -2.4741220840951428e-06
v 1506.5833740234375 -38.87649154663086 3.0799432693129347e-07
v 1485.3675537109375 -17.660654067993164 400.0
v 1506.5833740234375 -38.87645721435547 400.0
v 1541.9349365234375 -3.524850845336914 400.0
v 1782.3525390625 -243.9302215576172 400.0000305175781
v 1747.0009765625 -279.2818298339844 400.0000305175781
v 1506.5838623046875 -38.87595748901367 400.0
v 1782.3525390625 -243.9302215576172 400.0000305175781
v 1520.7191162109375 17.69095230102539 400.0
v 1782.3525390625 -243.93020629882812 590.0
v 1520.7191162109375 17.69097137451172 590.0
v 1485.3675537109375 -17.660655975341797 400.0
v 1747.0009765625 -279.28179931640625 400.0000305175781
v 1485.3675537109375 -17.660640716552734 590.0
v 1747.0009765625 -279.28179931640625 590.0
v 1520.7191162109375 17.69097137451172 590.0
v 1747.0009765625 -279.28179931640625 590.0
v 1782.3525390625 -243.93020629882812 590.0
v 1485.3675537109375 -17.660640716552734 590.0
v 1782.34033203125 -243.9301300048828 3.0288072593975812e-05
v 1754.0689697265625 -215.64654541015625 2.65796606981894e-05
v 1782.34033203125 -243.9300994873047 400.0000305175781
v 1754.06884765625 -215.64651489257812 400.0000305175781
v 1754.0689697265625 -215.64654541015625 2.65796606981894e-05
v 1718.71728515625 -250.99815368652344 2.812493039527908e-05
v 1754.06884765625 -215.64651489257812 400.0000305175781
v 1718.71728515625 -250.9981231689453 400.0000305175781
v 1718.71728515625 -250.99815368652344 2.812493039527908e-05
v 1746.98876953125 -279.28173828125 3.183334047207609e-05
v 1718.71728515625 -250.9981231689453 400.0000305175781
v 1746.98876953125 -279.28173828125 400.0000305175781
v 1782.34033203125 -243.9300994873047 400.0000305175781
v 1754.06884765625 -215.64651489257812 400.0000305175781
v 1746.98876953125 -279.28173828125 400.0000305175781
v 1718.71728515625 -250.9981231689453 400.0000305175781
v -1963.04541015625 934.3777465820312 -519.279296875
v -1977.193359375 934.377685546875 -519.2793579101562
v -1963.04541015625 934.3778686523438 680.720703125
v -1977.193359375 934.3778076171875 680.7206420898438
v -1977.193359375 934.377685546875 -519.2793579101562
v -1984.26123046875 927.309814453125 -519.2793579101562
v -1977.193359375 934.3778076171875 680.7206420898438
v -1984.26123046875 927.3099365234375 680.7206420898438
v -1984.26123046875 927.309814453125 -519.2793579101562
v -1984.26123046875 913.1617431640625 -519.2793579101562
v -1984.26123046875 927.3099365234375 680.7206420898438
v -1984.26123046875 913.161865234375 680.7206420898438
v -1984.26123046875 913.1617431640625 -519.2793579101562
v -1977.193359375 906.093994140625 -519.2793579101562
v -1984.26123046875 913.161865234375 680.7206420898438
v -1977.193359375 906.0941162109375 680.7206420898438
v -1977.193359375 906.093994140625 -519.2793579101562
v -1963.04541015625 906.0940551757812 -519.279296875
v -1977.193359375 906.0941162109375 680.7206420898438
v -1963.04541015625 906.0941772460938 680.720703125
v -1963.04541015625 906.0940551757812 -519.279296875
v -1955.9775390625 913.1618041992188 -519.279296875
v -1963.04541015625 906.0941772460938 680.720703125
v -1955.9775390625 913.1619262695312 680.720703125
v -1955.9775390625 913.1618041992188 -519.279296875
v -1955.9775390625 927.3098754882812 -519.279296875
v -1955.9775390625 913.1619262695312 680.720703125
v -1955.9775390625 927.3099975585938 680.720703125
v -1955.9775390625 927.3098754882812 -519.279296875
v -1963.04541015625 934.3777465820312 -519.279296875
v -1955.9775390625 927.3099975585938 680.720703125
v -1963.04541015625 934.3778686523438 680.720703125
v -1977.193359375 934.3778076171875 680.7206420898438
v -1977.193359375 906.0941162109375 680.7206420898438
v -1963.04541015625 934.3778686523438 680.720703125
v -1984.26123046875 927.3099365234375 680.7206420898438
v -1984.26123046875 913.161865234375 680.7206420898438
v -1963.04541015625 906.0941772460938 680.720703125
v -1955.9775390625 913.1619262695312 680.720703125
v -1955.9775390625 927.3099975585938 680.720703125
v -1975.006103515625 396.32598876953125 194.3023681640625
v -1970.013427734375 396.32598876953125 194.3023681640625
v -1974.98388671875 229.09207153320312 39.302364349365234
v -1969.9912109375 229.09207153320312 39.302364349365234
v -1975.006103515625 -306.9212646484375 194.30242919921875
v -1970.013427734375 -306.9211730957031 194.30242919921875
v -1974.98388671875 -480.9056396484375 39.302425384521484
v -1969.9912109375 -480.9055480957031 39.302425384521484
v -1974.98388671875 199.09933471679688 39.30227279663086
v -1969.9912109375 199.09942626953125 39.30227279663086
v -1974.993896484375 33.31318664550781 192.8622589111328
v -1970.001220703125 33.31327819824219 192.8622589111328
v -1970.013427734375 -478.1492919921875 355.8179016113281
v -1975.006103515625 -478.1492919921875 355.8179016113281
v -1974.98388671875 199.09933471679688 34.30234909057617
v -1969.9912109375 199.09942626953125 34.30234909057617
v -1975.006103515625 201.70919799804688 359.4888916015625
v -1970.013427734375 201.70928955078125 359.4888916015625
v -1974.98388671875 -480.9055480957031 34.30255126953125
v -1969.9912109375 -480.90545654296875 34.30255126953125
v -1970.013427734375 230.28579711914062 356.5819396972656
v -1975.006103515625 230.285888671875 356.5819396972656
v -1974.984375 914.0897216796875 34.302284240722656
v -1969.9912109375 914.0897216796875 34.302284240722656
v -1975.006103515625 906.628662109375 349.5163269042969
v -1970.013427734375 906.628662109375 349.5163269042969
v -1974.98388671875 229.09201049804688 34.30229949951172
v -1969.9912109375 229.09201049804688 34.30229949951172
v -1961.38525390625 932.9862060546875 48.54855728149414
v -1843.719482421875 1052.392822265625 197.73382568359375
v -1957.84521484375 929.4461669921875 48.54855728149414
v -1840.179443359375 1048.852783203125 197.73382568359375
v -1961.1533203125 932.7542724609375 40.40312957763672
v -1527.447509765625 1368.139892578125 348.6869201660156
v -1957.61328125 929.2144165039062 40.40312957763672
v -1523.907470703125 1364.599853515625 348.6869201660156
v -1961.029052734375 930.6766357421875 351.0268249511719
v -1529.2197265625 1369.5584716796875 39.99970626831055
v -1957.489013671875 927.136474609375 351.0268249511719
v -1525.6796875 1366.0184326171875 39.99970626831055
v -1644.964599609375 1246.765380859375 203.1397247314453
v -1529.7080078125 1369.0947265625 49.30451583862305
v -1641.424560546875 1243.225341796875 203.1397247314453
v -1526.16796875 1365.5546875 49.30451583862305
v -1503.778076171875 -964.4651489257812 356.486572265625
v -1965.41357421875 -502.8293762207031 34.19540786743164
v -1960.005859375 -497.42156982421875 34.19540786743164
v -1498.370361328125 -959.0574340820312 356.486572265625
v -1852.496337890625 -615.7347412109375 193.2074432373047
v -1965.41357421875 -502.8293762207031 43.20705795288086
v -1960.005859375 -497.42156982421875 43.20705795288086
v -1847.088623046875 -610.3269653320312 193.2074432373047
v -1502.584228515625 -965.6588134765625 30.000207901000977
v -1964.190673828125 -504.0525207519531 357.0044250488281
v -1958.782958984375 -498.6448059082031 357.0044250488281
v -1497.17626953125 -960.2510986328125 30.000207901000977
v -1974.98388671875 409.0970764160156 194.30235290527344
v -1969.9912109375 409.0970764160156 194.30235290527344
v -1974.98388671875 229.092041015625 347.29327392578125
v -1969.9912109375 229.092041015625 347.29327392578125
v -1974.984375 914.0897216796875 347.2931213378906
v -1969.9912109375 914.0897216796875 347.2931213378906
v -1974.984375 733.681884765625 192.86215209960938
v -1969.9912109375 733.6817626953125 192.86215209960938
v -1974.98388671875 -295.907958984375 194.30242919921875
v -1969.9912109375 -295.907958984375 194.30242919921875
v -1974.98388671875 -480.905517578125 348.9964294433594
v -1969.9912109375 -480.9054260253906 348.9964294433594
v -1974.98388671875 199.099365234375 348.99615478515625
v -1969.9912109375 199.09945678710938 348.99615478515625
v -1974.98388671875 19.094566345214844 192.86221313476562
v -1969.9912109375 19.094566345214844 192.86221313476562
v -1960.6162109375 932.2171630859375 340.5116271972656
v -1839.1318359375 1055.447021484375 197.73382568359375
v -1957.076171875 928.6771240234375 340.5116271972656
v -1835.591796875 1051.9071044921875 197.73382568359375
v -1638.6435546875 1251.5531005859375 203.1397247314453
v -1528.9267578125 1368.3133544921875 339.54205322265625
v -1635.103515625 1248.0130615234375 203.1397247314453
v -1525.38671875 1364.7733154296875 339.54205322265625
v -1845.2109375 -623.0198974609375 193.2073516845703
v -1965.41357421875 -502.829345703125 349.688232421875
v -1960.005859375 -497.4215393066406 349.688232421875
v -1839.80322265625 -617.6121826171875 193.2073516845703
v -1502.584228515625 -965.6588134765625 348.42578125
v -1632.869873046875 -835.3731689453125 193.1441650390625
v -1627.462158203125 -829.9654541015625 193.1441650390625
v -1497.17626953125 -960.2510986328125 348.42578125
v -1984.26123046875 932.3148193359375 680.7206420898438
v -1954.25634765625 932.3148803710938 680.720703125
v -1984.26123046875 907.3148193359375 680.7206420898438
v -1954.25634765625 907.3148803710938 680.720703125
v -1975.006103515625 396.32598876953125 203.3023223876953
v -1975.006103515625 396.32598876953125 194.3023223876953
v -1974.98388671875 229.09207153320312 48.3023681640625
v -1974.98388671875 229.09207153320312 39.302364349365234
v -1974.98388671875 229.09207153320312 39.30234146118164
v -1969.9912109375 229.09207153320312 39.30234146118164
v -1974.98388671875 229.09207153320312 48.302345275878906
v -1969.9912109375 229.09207153320312 48.302345275878906
v -1970.013427734375 396.32598876953125 194.3023223876953
v -1969.9912109375 229.09207153320312 48.302345275878906
v -1969.9912109375 229.09207153320312 39.30234146118164
v -1970.013427734375 396.32598876953125 203.3023223876953
v -1970.013427734375 396.32598876953125 194.3023223876953
v -1975.006103515625 396.32598876953125 194.3023223876953
v -1970.013427734375 396.32598876953125 203.3023223876953
v -1975.006103515625 396.32598876953125 203.3023223876953
v -1975.006103515625 396.32598876953125 203.3023223876953
v -1974.98388671875 229.09207153320312 48.302330017089844
v -1970.013427734375 396.32598876953125 203.3023223876953
v -1969.9912109375 229.09207153320312 48.302330017089844
v -1975.006103515625 -306.9212646484375 203.30238342285156
v -1975.006103515625 -306.9212646484375 194.30238342285156
v -1974.98388671875 -480.9055480957031 48.30242919921875
v -1974.98388671875 -480.9055480957031 39.302425384521484
v -1974.98388671875 -480.90557861328125 39.30240249633789
v -1969.9912109375 -480.9054870605469 39.30240249633789
v -1974.98388671875 -480.90557861328125 48.302406311035156
v -1969.9912109375 -480.9054870605469 48.302406311035156
v -1970.013427734375 -306.9211730957031 194.30238342285156
v -1969.9912109375 -480.9054870605469 48.302406311035156
v -1969.9912109375 -480.9054870605469 39.30240249633789
v -1970.013427734375 -306.9211730957031 203.30238342285156
v -1970.013427734375 -306.9211730957031 194.30238342285156
v -1975.006103515625 -306.9212646484375 194.30238342285156
v -1970.013427734375 -306.9211730957031 203.30238342285156
v -1975.006103515625 -306.9212646484375 203.30238342285156
v -1975.006103515625 -306.9212646484375 203.30238342285156
v -1974.98388671875 -480.90557861328125 48.302391052246094
v -1970.013427734375 -306.9211730957031 203.30238342285156
v -1969.9912109375 -480.9054870605469 48.302391052246094
v -1974.993896484375 33.31315612792969 192.86221313476562
v -1974.98388671875 199.09933471679688 48.302223205566406
v -1974.98388671875 199.09933471679688 39.30222702026367
v -1974.993896484375 33.31315612792969 201.86221313476562
v -1974.993896484375 33.31315612792969 192.86224365234375
v -1970.001220703125 33.313255310058594 192.86224365234375
v -1974.993896484375 33.31315612792969 201.8622283935547
v -1970.001220703125 33.313255310058594 201.8622283935547
v -1970.001220703125 33.313255310058594 201.8622283935547
v -1970.001220703125 33.313255310058594 192.86224365234375
v -1969.9912109375 199.09942626953125 48.30222702026367
v -1969.9912109375 199.09942626953125 39.30222702026367
v -1969.9912109375 199.09942626953125 39.30222702026367
v -1974.98388671875 199.09933471679688 39.30222702026367
v -1969.9912109375 199.09942626953125 48.30222702026367
v -1974.98388671875 199.09933471679688 48.30222702026367
v -1974.98388671875 199.09933471679688 48.30222702026367
v -1974.993896484375 33.31315612792969 201.8622283935547
v -1969.9912109375 199.09942626953125 48.30222702026367
v -1970.001220703125 33.313255310058594 201.8622283935547
v -1975.006103515625 -478.1492614746094 355.8179016113281
v -1974.98388671875 199.09933471679688 43.30234909057617
v -1974.98388671875 199.09933471679688 34.30234909057617
v -1975.006103515625 -478.1492614746094 364.81787109375
v -1970.013427734375 -478.1492614746094 364.81787109375
v -1970.013427734375 -478.1492614746094 355.8179016113281
v -1969.9912109375 199.09942626953125 43.30234146118164
v -1969.9912109375 199.09942626953125 34.30234909057617
v -1970.013427734375 -478.1492614746094 364.81787109375
v -1974.98388671875 199.09933471679688 43.30234909057617
v -1975.006103515625 -478.1492614746094 364.81787109375
v -1969.9912109375 199.09942626953125 43.30234909057617
v -1975.006103515625 201.70919799804688 368.48883056640625
v -1975.006103515625 201.70919799804688 359.48883056640625
v -1974.98388671875 -480.9055480957031 43.302494049072266
v -1974.98388671875 -480.9055480957031 34.3025016784668
v -1970.013427734375 201.70928955078125 359.48883056640625
v -1969.9912109375 -480.90545654296875 43.302494049072266
v -1969.9912109375 -480.90545654296875 34.3025016784668
v -1970.013427734375 201.70928955078125 368.48883056640625
v -1975.006103515625 201.70919799804688 368.48883056640625
v -1974.98388671875 -480.9055480957031 43.302494049072266
v -1970.013427734375 201.70928955078125 368.48883056640625
v -1969.9912109375 -480.90545654296875 43.302494049072266
v -1975.006103515625 230.285888671875 356.5819396972656
v -1974.984375 914.0897216796875 43.302284240722656
v -1974.984375 914.0897216796875 34.302284240722656
v -1975.006103515625 230.285888671875 365.5819396972656
v -1970.013427734375 230.28579711914062 365.5819396972656
v -1970.013427734375 230.28579711914062 356.5819396972656
v -1969.9912109375 914.0897216796875 43.302276611328125
v -1969.9912109375 914.0897216796875 34.302284240722656
v -1970.013427734375 230.28579711914062 365.5819396972656
v -1974.984375 914.0897216796875 43.302284240722656
v -1975.006103515625 230.285888671875 365.5819396972656
v -1969.9912109375 914.0897216796875 43.302284240722656
v -1975.006103515625 906.628662109375 358.516357421875
v -1975.006103515625 906.628662109375 349.516357421875
v -1974.98388671875 229.09201049804688 43.30231475830078
v -1974.98388671875 229.09201049804688 34.30232238769531
v -1970.013427734375 906.628662109375 349.516357421875
v -1969.9912109375 229.09201049804688 43.30231475830078
v -1969.9912109375 229.09201049804688 34.30232238769531
v -1970.013427734375 906.628662109375 358.516357421875
v -1975.006103515625 906.628662109375 358.516357421875
v -1974.98388671875 229.09201049804688 43.30231475830078
v -1970.013427734375 906.628662109375 358.516357421875
v -1969.9912109375 229.09201049804688 43.30231475830078
v -1843.719482421875 1052.392822265625 206.7337646484375
v -1843.719482421875 1052.392822265625 197.73377990722656
v -1961.38525390625 932.9862060546875 57.54848861694336
v -1961.38525390625 932.9862060546875 48.548484802246094
v -1961.38525390625 932.9862060546875 48.548484802246094
v -1957.84521484375 929.4461669921875 48.548484802246094
v -1961.38525390625 932.9862060546875 57.54848861694336
v -1957.84521484375 929.4461669921875 57.54848861694336
v -1840.179443359375 1048.852783203125 197.73377990722656
v -1957.84521484375 929.4461669921875 57.54848861694336
v -1957.84521484375 929.4461669921875 48.548484802246094
v -1840.179443359375 1048.852783203125 206.7337646484375
v -1840.179443359375 1048.852783203125 197.73377990722656
v -1843.719482421875 1052.392822265625 197.73377990722656
v -1840.179443359375 1048.852783203125 206.7337646484375
v -1843.719482421875 1052.392822265625 206.7337646484375
v -1961.38525390625 932.9862060546875 57.54847717285156
v -1957.84521484375 929.4461669921875 57.54847717285156
v -1843.719482421875 1052.392822265625 206.7337646484375
v -1840.179443359375 1048.852783203125 206.7337646484375
v -1527.447509765625 1368.139892578125 357.68695068359375
v -1527.447509765625 1368.139892578125 348.68695068359375
v -1961.1533203125 932.7542724609375 49.40319061279297
v -1961.1533203125 932.7542724609375 40.403202056884766
v -1523.907470703125 1364.599853515625 348.68695068359375
v -1957.61328125 929.2144165039062 49.40314483642578
v -1957.61328125 929.2144165039062 40.40315246582031
v -1523.907470703125 1364.599853515625 357.68695068359375
v -1961.1533203125 932.7542724609375 49.40314483642578
v -1957.61328125 929.2144165039062 49.40314483642578
v -1527.447509765625 1368.139892578125 357.68695068359375
v -1523.907470703125 1364.599853515625 357.68695068359375
v -1961.029052734375 930.6766357421875 351.02685546875
v -1529.2197265625 1369.5584716796875 48.999755859375
v -1529.2197265625 1369.5584716796875 39.999752044677734
v -1961.029052734375 930.6766357421875 360.02685546875
v -1957.489013671875 927.136474609375 360.02685546875
v -1957.489013671875 927.136474609375 351.02685546875
v -1525.6796875 1366.0185546875 48.9997444152832
v -1525.6796875 1366.0185546875 39.999752044677734
v -1961.029052734375 930.6766357421875 360.02685546875
v -1957.489013671875 927.136474609375 360.02685546875
v -1529.2197265625 1369.5584716796875 48.999755859375
v -1525.6796875 1366.0184326171875 48.999755859375
v -1644.964599609375 1246.765380859375 203.1397705078125
v -1529.7080078125 1369.0947265625 58.3045654296875
v -1529.7080078125 1369.0947265625 49.304561614990234
v -1644.964599609375 1246.765380859375 212.13978576660156
v -1644.964599609375 1246.765380859375 203.1397705078125
v -1641.424560546875 1243.225341796875 203.1397705078125
v -1644.964599609375 1246.765380859375 212.13978576660156
v -1641.424560546875 1243.225341796875 212.13978576660156
v -1641.424560546875 1243.225341796875 212.13978576660156
v -1641.424560546875 1243.225341796875 203.1397705078125
v -1526.16796875 1365.5546875 58.3045654296875
v -1526.16796875 1365.5546875 49.304561614990234
v -1526.16796875 1365.5546875 49.304561614990234
v -1529.7080078125 1369.0947265625 49.304561614990234
v -1526.16796875 1365.5546875 58.3045654296875
v -1529.7080078125 1369.0947265625 58.3045654296875
v -1644.964599609375 1246.765380859375 212.13978576660156
v -1641.424560546875 1243.225341796875 212.13978576660156
v -1529.7080078125 1369.0947265625 58.3045654296875
v -1526.16796875 1365.5546875 58.3045654296875
v -1503.778076171875 -964.4651489257812 356.486572265625
v -1965.41357421875 -502.8293762207031 43.19540786743164
v -1965.41357421875 -502.8293762207031 34.19540786743164
v -1503.778076171875 -964.4651489257812 365.486572265625
v -1498.370361328125 -959.0574340820312 365.486572265625
v -1498.370361328125 -959.0574340820312 356.486572265625
v -1960.005859375 -497.42156982421875 43.19540023803711
v -1960.005859375 -497.42156982421875 34.19540786743164
v -1503.778076171875 -964.4651489257812 365.486572265625
v -1960.005859375 -497.42156982421875 43.19540786743164
v -1965.41357421875 -502.8293762207031 43.19540786743164
v -1498.370361328125 -959.0574340820312 365.486572265625
v -1852.496337890625 -615.7348022460938 193.2073974609375
v -1965.41357421875 -502.8293762207031 52.20701217651367
v -1965.41357421875 -502.8293762207031 43.20701217651367
v -1852.496337890625 -615.7348022460938 202.20738220214844
v -1852.496337890625 -615.7347412109375 193.20741271972656
v -1847.088623046875 -610.3269653320312 193.20741271972656
v -1852.496337890625 -615.7347412109375 202.20741271972656
v -1847.088623046875 -610.3269653320312 202.20741271972656
v -1847.088623046875 -610.3269653320312 202.20741271972656
v -1847.088623046875 -610.3269653320312 193.20741271972656
v -1960.005859375 -497.42156982421875 52.20701217651367
v -1960.005859375 -497.42156982421875 43.20701217651367
v -1960.005859375 -497.42156982421875 43.20701217651367
v -1965.41357421875 -502.8293762207031 43.20701217651367
v -1960.005859375 -497.42156982421875 52.20701217651367
v -1965.41357421875 -502.8293762207031 52.20701217651367
v -1852.496337890625 -615.7347412109375 202.20741271972656
v -1960.005859375 -497.42156982421875 52.20701217651367
v -1965.41357421875 -502.8293762207031 52.20701217651367
v -1847.088623046875 -610.3269653320312 202.20741271972656
v -1964.190673828125 -504.0525207519531 366.0043640136719
v -1964.190673828125 -504.0525207519531 357.0043640136719
v -1502.584228515625 -965.658935546875 39.00014877319336
v -1502.584228515625 -965.658935546875 30.000160217285156
v -1958.782958984375 -498.6448059082031 357.0043640136719
v -1497.17626953125 -960.251220703125 39.00014877319336
v -1497.17626953125 -960.251220703125 30.000160217285156
v -1958.782958984375 -498.6448059082031 366.0043640136719
v -1502.584228515625 -965.658935546875 39.00014877319336
v -1958.782958984375 -498.6448059082031 366.0043640136719
v -1964.190673828125 -504.0525207519531 366.0043640136719
v -1497.17626953125 -960.251220703125 39.00014877319336
v -1502.584228515625 -965.658935546875 39.00014877319336
v -1630.682373046875 -837.5608520507812 202.14431762695312
v -1625.274658203125 -832.1531372070312 202.14431762695312
v -1497.17626953125 -960.251220703125 39.00014877319336
v -1630.682373046875 -837.5608520507812 211.14431762695312
v -1630.682373046875 -837.5608520507812 202.14431762695312
v -1502.584228515625 -965.658935546875 48.00016403198242
v -1502.584228515625 -965.658935546875 39.000160217285156
v -1502.584228515625 -965.658935546875 39.00013732910156
v -1497.17626953125 -960.251220703125 39.00013732910156
v -1502.584228515625 -965.658935546875 48.00013732910156
v -1497.17626953125 -960.251220703125 48.00013732910156
v -1625.274658203125 -832.1531372070312 202.14430236816406
v -1497.17626953125 -960.251220703125 48.00013732910156
v -1497.17626953125 -960.251220703125 39.00013732910156
v -1625.274658203125 -832.1531372070312 211.144287109375
v -1625.274658203125 -832.1531372070312 202.14431762695312
v -1630.682373046875 -837.5608520507812 202.14431762695312
v -1625.274658203125 -832.1531372070312 211.14431762695312
v -1630.682373046875 -837.5608520507812 211.14431762695312
v -1502.584228515625 -965.658935546875 48.000125885009766
v -1625.274658203125 -832.1531372070312 211.14431762695312
v -1630.682373046875 -837.5608520507812 211.14431762695312
v -1497.17626953125 -960.251220703125 48.000125885009766
v -1974.98388671875 229.09207153320312 347.2932434082031
v -1974.98388671875 409.0970764160156 203.30230712890625
v -1974.98388671875 409.0970764160156 194.30230712890625
v -1974.98388671875 229.09207153320312 356.2932434082031
v -1974.98388671875 229.09207153320312 347.2932434082031
v -1969.9912109375 229.09207153320312 347.2932434082031
v -1974.98388671875 229.09207153320312 356.2932434082031
v -1969.9912109375 229.09207153320312 356.2932434082031
v -1969.9912109375 229.09207153320312 356.2932434082031
v -1969.9912109375 229.09207153320312 347.2932434082031
v -1969.9912109375 409.0970764160156 203.30230712890625
v -1969.9912109375 409.0970764160156 194.30230712890625
v -1969.9912109375 409.0970764160156 194.30230712890625
v -1974.98388671875 409.0970764160156 194.30230712890625
v -1969.9912109375 409.0970764160156 203.30230712890625
v -1974.98388671875 409.0970764160156 203.30230712890625
v -1974.98388671875 409.0970764160156 203.30230712890625
v -1974.98388671875 229.09207153320312 356.293212890625
v -1969.9912109375 409.0970764160156 203.30230712890625
v -1969.9912109375 229.09207153320312 356.293212890625
v -1974.984375 914.0897827148438 356.29315185546875
v -1974.984375 914.0897216796875 347.29315185546875
v -1974.984375 733.681884765625 201.86221313476562
v -1974.984375 733.681884765625 192.86221313476562
v -1974.984375 733.681884765625 192.8621826171875
v -1969.9912109375 733.6817626953125 192.8621826171875
v -1974.984375 733.681884765625 201.86219787597656
v -1969.9912109375 733.6817626953125 201.86219787597656
v -1969.9912109375 914.0897216796875 347.29315185546875
v -1969.9912109375 733.6817626953125 201.86219787597656
v -1969.9912109375 733.6817626953125 192.8621826171875
v -1969.9912109375 914.0897827148438 356.29315185546875
v -1969.9912109375 914.0897216796875 347.29315185546875
v -1974.984375 914.0897216796875 347.29315185546875
v -1969.9912109375 914.0897827148438 356.29315185546875
v -1974.984375 914.0897827148438 356.29315185546875
v -1974.984375 914.0897827148438 356.29315185546875
v -1974.984375 733.681884765625 201.86216735839844
v -1969.9912109375 914.0897827148438 356.29315185546875
v -1969.9912109375 733.6817626953125 201.86216735839844
v -1974.98388671875 -480.9055480957031 348.9963684082031
v -1974.98388671875 -295.907958984375 203.30238342285156
v -1974.98388671875 -295.907958984375 194.30238342285156
v -1974.98388671875 -480.9055480957031 357.99639892578125
v -1974.98388671875 -480.9055480957031 348.9963684082031
v -1969.9912109375 -480.90545654296875 348.9963684082031
v -1974.98388671875 -480.9055480957031 357.99639892578125
v -1969.9912109375 -480.90545654296875 357.99639892578125
v -1969.9912109375 -480.90545654296875 357.99639892578125
v -1969.9912109375 -480.90545654296875 348.9963684082031
v -1969.9912109375 -295.907958984375 203.30238342285156
v -1969.9912109375 -295.907958984375 194.30238342285156
v -1969.9912109375 -295.907958984375 194.30238342285156
v -1974.98388671875 -295.907958984375 194.30238342285156
v -1969.9912109375 -295.907958984375 203.30238342285156
v -1974.98388671875 -295.907958984375 203.30238342285156
v -1974.98388671875 -295.907958984375 203.30238342285156
v -1974.98388671875 -480.9055480957031 357.99639892578125
v -1969.9912109375 -295.907958984375 203.30238342285156
v -1969.9912109375 -480.90545654296875 357.99639892578125
v -1974.98388671875 199.099365234375 357.9962158203125
v -1974.98388671875 199.099365234375 348.9962158203125
v -1974.98388671875 19.094558715820312 201.8622589111328
v -1974.98388671875 19.094554901123047 192.86224365234375
v -1974.98388671875 19.094554901123047 192.86224365234375
v -1969.9912109375 19.094554901123047 192.86224365234375
v -1974.98388671875 19.094558715820312 201.8622589111328
v -1969.9912109375 19.094558715820312 201.8622589111328
v -1969.9912109375 199.0994415283203 348.9962158203125
v -1969.9912109375 19.094558715820312 201.8622589111328
v -1969.9912109375 19.094554901123047 192.86224365234375
v -1969.9912109375 199.0994415283203 357.9962158203125
v -1969.9912109375 199.09945678710938 348.9962158203125
v -1974.98388671875 199.099365234375 348.9962158203125
v -1969.9912109375 199.09945678710938 357.9962158203125
v -1974.98388671875 199.099365234375 357.9962158203125
v -1974.98388671875 199.099365234375 357.9962158203125
v -1974.98388671875 19.094558715820312 201.8622283935547
v -1969.9912109375 199.09945678710938 357.9962158203125
v -1969.9912109375 19.094558715820312 201.8622283935547
v -1960.6162109375 932.2171630859375 340.5115661621094
v -1839.1318359375 1055.447021484375 206.7337646484375
v -1839.1318359375 1055.447021484375 197.73377990722656
v -1960.6162109375 932.2172241210938 349.5115661621094
v -1960.6162109375 932.2171630859375 340.5115661621094
v -1957.076171875 928.6771240234375 340.5115661621094
v -1960.6162109375 932.2172241210938 349.5115661621094
v -1957.076171875 928.6771850585938 349.5115661621094
v -1957.076171875 928.6771850585938 349.5115661621094
v -1957.076171875 928.6771240234375 340.5115661621094
v -1835.591796875 1051.9071044921875 206.73379516601562
v -1835.591796875 1051.9071044921875 197.73379516601562
v -1835.591796875 1051.9071044921875 197.73377990722656
v -1839.1318359375 1055.447021484375 197.73377990722656
v -1835.591796875 1051.9071044921875 206.7337646484375
v -1839.1318359375 1055.447021484375 206.7337646484375
v -1960.6162109375 932.2172241210938 349.5115661621094
v -1957.076171875 928.6771850585938 349.5115661621094
v -1839.1318359375 1055.447021484375 206.7337646484375
v -1835.591796875 1051.9071044921875 206.7337646484375
v -1528.9267578125 1368.3133544921875 348.54205322265625
v -1528.9267578125 1368.3133544921875 339.54205322265625
v -1638.6435546875 1251.5531005859375 212.13973999023438
v -1638.6435546875 1251.5531005859375 203.13975524902344
v -1638.6435546875 1251.5531005859375 203.13975524902344
v -1635.103515625 1248.0130615234375 203.13975524902344
v -1638.6435546875 1251.5531005859375 212.13973999023438
v -1635.103515625 1248.0130615234375 212.13973999023438
v -1525.38671875 1364.7733154296875 339.5420227050781
v -1635.103515625 1248.0130615234375 212.13973999023438
v -1635.103515625 1248.0130615234375 203.13975524902344
v -1525.38671875 1364.7733154296875 348.5420227050781
v -1525.38671875 1364.7733154296875 339.54205322265625
v -1528.9267578125 1368.3133544921875 339.54205322265625
v -1525.38671875 1364.7733154296875 348.54205322265625
v -1528.9267578125 1368.3133544921875 348.54205322265625
v -1638.6435546875 1251.5531005859375 212.13973999023438
v -1635.103515625 1248.0130615234375 212.13973999023438
v -1528.9267578125 1368.3133544921875 348.54205322265625
v -1525.38671875 1364.7733154296875 348.54205322265625
v -1965.41357421875 -502.829345703125 358.68817138671875
v -1965.41357421875 -502.829345703125 349.68817138671875
v -1845.2109375 -623.0198974609375 202.2073211669922
v -1845.2109375 -623.0198974609375 193.20730590820312
v -1845.2109375 -623.0198364257812 193.20729064941406
v -1839.80322265625 -617.6121826171875 193.20729064941406
v -1845.2109375 -623.0198364257812 202.20729064941406
v -1839.80322265625 -617.6121826171875 202.20729064941406
v -1960.005859375 -497.4215393066406 349.6881408691406
v -1839.80322265625 -617.6121215820312 202.20729064941406
v -1839.80322265625 -617.6121215820312 193.20729064941406
v -1960.005859375 -497.4215393066406 358.6881408691406
v -1960.005859375 -497.4215393066406 349.68817138671875
v -1965.41357421875 -502.829345703125 349.68817138671875
v -1960.005859375 -497.4215393066406 358.68817138671875
v -1965.41357421875 -502.829345703125 358.68817138671875
v -1845.2109375 -623.0198974609375 202.20726013183594
v -1960.005859375 -497.4215393066406 358.68817138671875
v -1965.41357421875 -502.829345703125 358.68817138671875
v -1839.80322265625 -617.6121826171875 202.20726013183594
v -1502.584228515625 -965.6588134765625 348.4257507324219
v -1632.869873046875 -835.3731689453125 202.14410400390625
v -1632.869873046875 -835.3731689453125 193.1441192626953
v -1502.584228515625 -965.6587524414062 357.4257507324219
v -1502.584228515625 -965.6588134765625 348.4257507324219
v -1497.17626953125 -960.2510986328125 348.4257507324219
v -1502.584228515625 -965.6587524414062 357.4257507324219
v -1497.17626953125 -960.2510375976562 357.4257507324219
v -1497.17626953125 -960.2510375976562 357.4257507324219
v -1497.17626953125 -960.2510986328125 348.4257507324219
v -1627.462158203125 -829.9653930664062 202.14410400390625
v -1627.462158203125 -829.9653930664062 193.1441192626953
v -1627.462158203125 -829.9653930664062 193.1441192626953
v -1632.869873046875 -835.3731689453125 193.1441192626953
v -1627.462158203125 -829.9653930664062 202.14410400390625
v -1632.869873046875 -835.3731689453125 202.14410400390625
v -1502.584228515625 -965.6587524414062 357.4257507324219
v -1627.462158203125 -829.9653930664062 202.14410400390625
v -1632.869873046875 -835.3731689453125 202.14410400390625
v -1497.17626953125 -960.2510375976562 357.4257507324219
v -1984.26123046875 932.3148193359375 680.7206420898438
v -1984.26123046875 907.3148193359375 680.7206420898438
v -1984.26123046875 932.3148193359375 690.7206420898438
v -1984.26123046875 907.3148193359375 690.7206420898438
v -1984.26123046875 907.3148193359375 680.7206420898438
v -1954.25634765625 907.3148803710938 680.720703125
v -1984.26123046875 907.3148193359375 690.7206420898438
v -1954.25634765625 907.3148803710938 690.720703125
v -1954.25634765625 907.3148803710938 680.720703125
v -1954.25634765625 932.3148803710938 680.720703125
v -1954.25634765625 907.3148803710938 690.720703125
v -1954.25634765625 932.3148803710938 690.720703125
v -1954.25634765625 932.3148803710938 680.720703125
v -1984.26123046875 932.3148193359375 680.7206420898438
v -1954.25634765625 932.3148803710938 690.720703125
v -1984.26123046875 932.3148193359375 690.7206420898438
v -1984.26123046875 932.3148193359375 690.7206420898438
v -1984.26123046875 907.3148193359375 690.7206420898438
v -1954.25634765625 932.3148803710938 690.720703125
v -1954.25634765625 907.3148803710938 690.720703125
v -1962.48388671875 229.09194946289062 -519.279296875
v -1976.6318359375 229.092041015625 -519.279296875
v -1962.48388671875 229.092041015625 680.720703125
v -1976.6318359375 229.09213256835938 680.720703125
v -1976.6318359375 229.09201049804688 -519.279296875
v -1983.69970703125 224.0993194580078 -519.2793579101562
v -1976.6318359375 229.09210205078125 680.720703125
v -1983.69970703125 224.09942626953125 680.7206420898438
v -1983.69970703125 224.0993194580078 -519.2793579101562
v -1983.69970703125 209.096923828125 -519.2793579101562
v -1983.69970703125 224.09942626953125 680.7206420898438
v -1983.69970703125 209.09703063964844 680.7206420898438
v -1983.69970703125 209.096923828125 -519.2793579101562
v -1976.63232421875 199.09933471679688 -519.279296875
v -1983.69970703125 209.09703063964844 680.7206420898438
v -1976.63232421875 199.0994415283203 680.720703125
v -1976.63232421875 199.0993194580078 -519.279296875
v -1962.48388671875 199.0993194580078 -519.279296875
v -1976.63232421875 199.09942626953125 680.720703125
v -1962.48388671875 199.09942626953125 680.720703125
v -1962.48388671875 199.0993194580078 -519.279296875
v -1955.416015625 209.0968017578125 -519.279296875
v -1962.48388671875 199.09942626953125 680.720703125
v -1955.416015625 209.09690856933594 680.720703125
v -1955.416015625 209.09683227539062 -519.279296875
v -1955.416015625 224.0993194580078 -519.279296875
v -1955.416015625 209.09693908691406 680.720703125
v -1955.416015625 224.09942626953125 680.720703125
v -1955.416015625 224.09933471679688 -519.279296875
v -1962.48388671875 229.09194946289062 -519.279296875
v -1955.416015625 224.0994415283203 680.720703125
v -1962.48388671875 229.092041015625 680.720703125
v -1976.6318359375 229.09213256835938 680.720703125
v -1976.63232421875 199.09942626953125 680.720703125
v -1962.48388671875 229.092041015625 680.720703125
v -1983.69970703125 224.09942626953125 680.7206420898438
v -1983.69970703125 209.09703063964844 680.7206420898438
v -1962.48388671875 199.09942626953125 680.720703125
v -1955.416015625 209.09693908691406 680.720703125
v -1955.416015625 224.09942626953125 680.720703125
v -1970.037841796875 750.9525146484375 192.86219787597656
v -1975.030517578125 750.952392578125 192.86219787597656
v -1974.984375 914.0897216796875 39.302207946777344
v -1969.9912109375 914.0897216796875 39.302207946777344
v -1983.69970703125 229.104248046875 680.7206420898438
v -1953.69482421875 229.104248046875 680.720703125
v -1983.69970703125 199.09933471679688 680.7206420898438
v -1953.69482421875 199.09933471679688 680.720703125
v -1975.030517578125 750.952392578125 192.86215209960938
v -1974.984375 914.0897216796875 48.30215835571289
v -1974.984375 914.0897216796875 39.302162170410156
v -1975.030517578125 750.952392578125 201.86215209960938
v -1975.030517578125 750.952392578125 192.8621826171875
v -1970.037841796875 750.9525146484375 192.8621826171875
v -1975.030517578125 750.952392578125 201.86216735839844
v -1970.037841796875 750.9525146484375 201.86216735839844
v -1970.037841796875 750.9525146484375 201.86216735839844
v -1970.037841796875 750.9525146484375 192.8621826171875
v -1969.9912109375 914.0897216796875 48.302162170410156
v -1969.9912109375 914.0897216796875 39.302162170410156
v -1969.9912109375 914.0897216796875 39.302162170410156
v -1974.984375 914.0897216796875 39.302162170410156
v -1969.9912109375 914.0897216796875 48.302162170410156
v -1974.984375 914.0897216796875 48.302162170410156
v -1970.037841796875 750.9525146484375 201.86216735839844
v -1974.984375 914.0897216796875 48.302162170410156
v -1975.030517578125 750.952392578125 201.86216735839844
v -1969.9912109375 914.0897216796875 48.302162170410156
v -1983.69970703125 229.104248046875 680.7206420898438
v -1983.69970703125 199.09933471679688 680.7206420898438
v -1983.69970703125 229.104248046875 690.7206420898438
v -1983.69970703125 199.09933471679688 690.7206420898438
v -1983.69970703125 199.09933471679688 680.7206420898438
v -1953.69482421875 199.09933471679688 680.720703125
v -1983.69970703125 199.09933471679688 690.7206420898438
v -1953.69482421875 199.09933471679688 690.720703125
v -1953.69482421875 199.09933471679688 680.720703125
v -1953.69482421875 229.104248046875 680.720703125
v -1953.69482421875 199.09933471679688 690.720703125
v -1953.69482421875 229.104248046875 690.720703125
v -1953.69482421875 229.104248046875 680.720703125
v -1983.69970703125 229.104248046875 680.7206420898438
v -1953.69482421875 229.104248046875 690.720703125
v -1983.69970703125 229.104248046875 690.7206420898438
v -1983.69970703125 229.104248046875 690.7206420898438
v -1983.69970703125 199.09933471679688 690.7206420898438
v -1953.69482421875 229.104248046875 690.720703125
v -1953.69482421875 199.09933471679688 690.720703125
v -1510.8486328125 1392.3123779296875 -519.2793579101562
v -1524.996337890625 1392.3123779296875 -519.2793579101562
v -1510.8486328125 1392.3123779296875 680.7206420898438
v -1524.996337890625 1392.3123779296875 680.7206420898438
v -1524.996337890625 1392.3123779296875 -519.2793579101562
v -1532.064208984375 1385.24462890625 -519.2793579101562
v -1524.996337890625 1392.3123779296875 680.7206420898438
v -1532.064208984375 1385.24462890625 680.7206420898438
v -1532.064208984375 1385.24462890625 -519.2793579101562
v -1532.064208984375 1371.10888671875 -519.2793579101562
v -1532.064208984375 1385.24462890625 680.7206420898438
v -1532.064208984375 1371.10888671875 680.7206420898438
v -1532.064208984375 1371.10888671875 -519.2793579101562
v -1524.996337890625 1364.041015625 -519.2793579101562
v -1532.064208984375 1371.10888671875 680.7206420898438
v -1524.996337890625 1364.041015625 680.7206420898438
v -1524.996337890625 1364.041015625 -519.2793579101562
v -1510.848388671875 1364.040771484375 -519.2793579101562
v -1524.996337890625 1364.041015625 680.7206420898438
v -1510.848388671875 1364.040771484375 680.7206420898438
v -1510.848388671875 1364.040771484375 -519.2793579101562
v -1503.780517578125 1371.108642578125 -519.2793579101562
v -1510.848388671875 1364.040771484375 680.7206420898438
v -1503.780517578125 1371.108642578125 680.7206420898438
v -1503.780517578125 1371.108642578125 -519.2793579101562
v -1503.78076171875 1385.2445068359375 -519.2793579101562
v -1503.780517578125 1371.108642578125 680.7206420898438
v -1503.78076171875 1385.2445068359375 680.7206420898438
v -1503.78076171875 1385.2445068359375 -519.2793579101562
v -1510.8486328125 1392.3123779296875 -519.2793579101562
v -1503.78076171875 1385.2445068359375 680.7206420898438
v -1510.8486328125 1392.3123779296875 680.7206420898438
v -1511.764404296875 1364.040771484375 680.7206420898438
v -1510.848388671875 1364.040771484375 680.7206420898438
v -1503.780517578125 1372.0245361328125 680.7206420898438
v -1503.780517578125 1371.108642578125 680.7206420898438
v -774.310546875 -107.90997314453125 559.999755859375
v -1251.947265625 368.82342529296875 560.1254272460938
v -774.4814453125 846.6798706054688 559.9996948242188
v -1524.996337890625 1364.041015625 680.7206420898438
v -1511.764404296875 1364.040771484375 680.7206420898438
v -1518.38037109375 1357.4246826171875 680.7206420898438
v -1510.8486328125 1392.3123779296875 680.7206420898438
v -1524.996337890625 1392.3123779296875 680.7206420898438
v -1518.38037109375 1399.8563232421875 680.7206420898438
v -1539.59619140625 1378.6405029296875 680.7206420898438
v -1532.064208984375 1385.24462890625 680.7206420898438
v -1532.064208984375 1371.10888671875 680.7206420898438
v -1503.78076171875 1385.2445068359375 680.7206420898438
v -1497.16455078125 1378.6405029296875 680.7206420898438
v -1503.780517578125 1372.0245361328125 680.7206420898438
v -774.4814453125 846.6798706054688 559.9996948242188
v -1251.947265625 368.8235168457031 560.1254272460938
v -774.4814453125 846.6798706054688 609.9996948242188
v -1251.947265625 368.8235168457031 610.1254272460938
v -1518.38037109375 1399.8563232421875 680.7206420898438
v -1539.59619140625 1378.6405029296875 680.7206420898438
v -1518.38037109375 1399.8563232421875 690.7206420898438
v -1539.59619140625 1378.6405029296875 690.7206420898438
v -1539.59619140625 1378.6405029296875 680.7206420898438
v -1518.38037109375 1357.4246826171875 680.7206420898438
v -1539.59619140625 1378.6405029296875 690.7206420898438
v -1518.38037109375 1357.4246826171875 690.7206420898438
v -1518.38037109375 1357.4246826171875 680.7206420898438
v -1497.16455078125 1378.6405029296875 680.7206420898438
v -1518.38037109375 1357.4246826171875 690.7206420898438
v -1497.16455078125 1378.6405029296875 690.7206420898438
v -1497.16455078125 1378.6405029296875 680.7206420898438
v -1518.38037109375 1399.8563232421875 680.7206420898438
v -1497.16455078125 1378.6405029296875 690.7206420898438
v -1518.38037109375 1399.8563232421875 690.7206420898438
v -1539.59619140625 1378.6405029296875 690.7206420898438
v -1518.38037109375 1357.4246826171875 690.7206420898438
v -1518.38037109375 1399.8563232421875 690.7206420898438
v -1497.16455078125 1378.6405029296875 690.7206420898438
v -1964.9375 -476.913818359375 -519.2792358398438
v -1979.08544921875 -476.9139099121094 -519.279296875
v -1964.9375 -476.9137268066406 680.7207641601562
v -1979.08544921875 -476.913818359375 680.720703125
v -1979.08544921875 -476.9139709472656 -519.279296875
v -1986.1533203125 -483.98175048828125 -519.279296875
v -1979.08544921875 -476.91387939453125 680.7205200195312
v -1986.1533203125 -483.9816589355469 680.7205200195312
v -1986.1533203125 -483.98175048828125 -519.279296875
v -1986.1533203125 -498.129638671875 -519.279296875
v -1986.1533203125 -483.9816589355469 680.720703125
v -1986.1533203125 -498.1295471191406 680.720703125
v -1986.1533203125 -498.129638671875 -519.279296875
v -1979.08544921875 -505.197509765625 -519.279296875
v -1986.1533203125 -498.1295471191406 680.720703125
v -1979.08544921875 -505.1974182128906 680.720703125
v -1979.08544921875 -505.197509765625 -519.279296875
v -1964.9375 -505.1976013183594 -519.2792358398438
v -1979.08544921875 -505.1974182128906 680.720703125
v -1964.9375 -505.197509765625 680.7207641601562
v -1964.9375 -505.1976013183594 -519.2792358398438
v -1957.86962890625 -498.1297302246094 -519.2792358398438
v -1964.9375 -505.197509765625 680.7207641601562
v -1957.86962890625 -498.129638671875 680.7207641601562
v -1957.86962890625 -498.1297302246094 -519.2792358398438
v -1957.86962890625 -483.98175048828125 -519.2792358398438
v -1957.86962890625 -498.129638671875 680.7207641601562
v -1957.86962890625 -483.9816589355469 680.7207641601562
v -1957.86962890625 -483.98175048828125 -519.2792358398438
v -1964.9375 -476.913818359375 -519.2792358398438
v -1957.86962890625 -483.9816589355469 680.7207641601562
v -1964.9375 -476.9137268066406 680.7207641601562
v -1979.08544921875 -505.1974182128906 680.720703125
v -1964.9375 -505.197509765625 680.7207641601562
v -1963.716796875 -503.9767150878906 680.7207641601562
v -1980.30615234375 -503.9767150878906 680.720703125
v -1962.87451171875 -478.9767150878906 680.7207641601562
v -1964.9375 -476.9137268066406 680.7207641601562
v -1979.08544921875 -476.913818359375 680.720703125
v -1981.1484375 -478.9767150878906 680.720703125
v -1986.1533203125 -478.9767150878906 680.720703125
v -1981.1484375 -478.9767150878906 680.720703125
v -1986.1533203125 -483.9816589355469 680.720703125
v -1986.1533203125 -498.1295471191406 680.720703125
v -1980.30615234375 -503.9767150878906 680.720703125
v -1986.1533203125 -503.9767150878906 680.720703125
v -1956.1484375 -503.9767150878906 680.7207641601562
v -1957.86962890625 -498.129638671875 680.7207641601562
v -1956.1484375 -478.9767150878906 680.7207641601562
v -1963.716796875 -503.9767150878906 680.7207641601562
v -1957.86962890625 -483.9816589355469 680.7207641601562
v -1962.87451171875 -478.9767150878906 680.7207641601562
v -1986.1533203125 -478.9767150878906 680.720703125
v -1986.1533203125 -503.9767150878906 680.720703125
v -1986.1533203125 -478.9767150878906 690.720703125
v -1986.1533203125 -503.9767150878906 690.720703125
v -1986.1533203125 -503.9767150878906 680.720703125
v -1956.1484375 -503.9767150878906 680.7207641601562
v -1986.1533203125 -503.9767150878906 690.720703125
v -1956.1484375 -503.9767150878906 690.7207641601562
v -1956.1484375 -503.9767150878906 680.7207641601562
v -1956.1484375 -478.9767150878906 680.7207641601562
v -1956.1484375 -503.9767150878906 690.7207641601562
v -1956.1484375 -478.9767150878906 690.7207641601562
v -1956.1484375 -478.9767150878906 680.7207641601562
v -1986.1533203125 -478.9767150878906 680.720703125
v -1956.1484375 -478.9767150878906 690.7207641601562
v -1986.1533203125 -478.9767150878906 690.720703125
v -1986.1533203125 -478.9767150878906 690.720703125
v -1986.1533203125 -503.9767150878906 690.720703125
v -1956.1484375 -478.9767150878906 690.7207641601562
v -1956.1484375 -503.9767150878906 690.7207641601562
v -1483.6630859375 -959.3845825195312 -519.2792358398438
v -1497.811279296875 -959.3845825195312 -519.2792358398438
v -1483.6630859375 -959.3844604492188 680.7207641601562
v -1497.811279296875 -959.3844604492188 680.7207641601562
v -1497.811279296875 -959.3845825195312 -519.2792358398438
v -1504.879150390625 -966.4524536132812 -519.2792358398438
v -1497.811279296875 -959.3844604492188 680.7207641601562
v -1504.879150390625 -966.4523315429688 680.7207641601562
v -1504.879150390625 -966.4524536132812 -519.2792358398438
v -1504.879150390625 -980.6004028320312 -519.2792358398438
v -1504.879150390625 -966.4523315429688 680.7207641601562
v -1504.879150390625 -980.6002807617188 680.7207641601562
v -1504.879150390625 -980.6004028320312 -519.2792358398438
v -1497.811279296875 -987.6682739257812 -519.2792358398438
v -1504.879150390625 -980.6002807617188 680.7205810546875
v -1497.811279296875 -987.6681518554688 680.7205810546875
v -1497.811279296875 -987.6682739257812 -519.2792358398438
v -1483.6630859375 -987.6682739257812 -519.2792358398438
v -1497.811279296875 -987.6681518554688 680.7207641601562
v -1483.6630859375 -987.6681518554688 680.7207641601562
v -1483.6630859375 -987.6682739257812 -519.2792358398438
v -1476.59521484375 -980.6004028320312 -519.2792358398438
v -1483.6630859375 -987.6681518554688 680.7207641601562
v -1476.59521484375 -980.6002807617188 680.7207641601562
v -1476.59521484375 -980.6004028320312 -519.2792358398438
v -1476.595458984375 -966.4524536132812 -519.2792358398438
v -1476.59521484375 -980.6002807617188 680.7207641601562
v -1476.595458984375 -966.4523315429688 680.7207641601562
v -1476.595458984375 -966.4524536132812 -519.2792358398438
v -1483.6630859375 -959.3845825195312 -519.2792358398438
v -1476.595458984375 -966.4523315429688 680.7207641601562
v -1483.6630859375 -959.3844604492188 680.7207641601562
v -1511.94677734375 -973.5324096679688 680.7207641601562
v -1504.879150390625 -966.4647216796875 680.7207641601562
v -1504.879150390625 -980.60009765625 680.7207641601562
v -1497.81103515625 -987.6681518554688 680.7207641601562
v -1483.6630859375 -987.6681518554688 680.7207641601562
v -1490.73095703125 -994.7482299804688 680.7207641601562
v -1483.667236328125 -959.3844604492188 680.7207641601562
v -1497.798828125 -959.3844604492188 680.7207641601562
v -1490.73095703125 -952.3165893554688 680.7207641601562
v -1476.595458984375 -966.4603271484375 680.7207641601562
v -1469.52734375 -973.5324096679688 680.7207641601562
v -1476.59521484375 -980.6002807617188 680.7207641601562
v -1490.73095703125 -994.7482299804688 680.7207641601562
v -1469.52734375 -973.5324096679688 680.7207641601562
v -1490.73095703125 -994.7482299804688 690.7207641601562
v -1469.52734375 -973.5324096679688 690.7207641601562
v -1469.52734375 -973.5324096679688 680.7207641601562
v -1490.73095703125 -952.3165893554688 680.7207641601562
v -1469.52734375 -973.5324096679688 690.7207641601562
v -1490.73095703125 -952.3165893554688 690.7207641601562
v -1490.73095703125 -952.3165893554688 680.7207641601562
v -1511.94677734375 -973.5324096679688 680.7207641601562
v -1490.73095703125 -952.3165893554688 690.7207641601562
v -1511.94677734375 -973.5324096679688 690.7207641601562
v -1511.94677734375 -973.5324096679688 680.7207641601562
v -1490.73095703125 -994.7482299804688 680.7207641601562
v -1511.94677734375 -973.5324096679688 690.7207641601562
v -1490.73095703125 -994.7482299804688 690.7207641601562
v -1490.73095703125 -952.3165893554688 690.7207641601562
v -1490.73095703125 -994.7482299804688 690.7207641601562
v -1469.52734375 -973.5324096679688 690.7207641601562
v -1511.94677734375 -973.5324096679688 690.7207641601562
v -1186.03125 1696.8411865234375 -519.2793579101562
v -1200.17919921875 1696.8411865234375 -519.2793579101562
v -1186.03125 1696.8411865234375 680.7206420898438
v -1200.17919921875 1696.8411865234375 680.7206420898438
v -1200.17919921875 1696.8411865234375 -519.2793579101562
v -1207.2470703125 1689.7733154296875 -519.2793579101562
v -1200.17919921875 1696.8411865234375 680.7206420898438
v -1207.2470703125 1689.7733154296875 680.7206420898438
v -1207.2470703125 1689.7733154296875 -519.2793579101562
v -1207.2470703125 1675.6253662109375 -519.2793579101562
v -1207.2470703125 1689.7733154296875 680.7206420898438
v -1207.2470703125 1675.6253662109375 680.7206420898438
v -1207.2470703125 1675.6253662109375 -519.2793579101562
v -1200.17919921875 1668.5574951171875 -519.2793579101562
v -1207.2470703125 1675.6253662109375 680.7206420898438
v -1200.17919921875 1668.5574951171875 680.7206420898438
v -1200.17919921875 1668.5574951171875 -519.2793579101562
v -1186.03125 1668.5576171875 -519.2793579101562
v -1200.17919921875 1668.5574951171875 680.7206420898438
v -1186.03125 1668.5576171875 680.7206420898438
v -1186.03125 1668.5576171875 -519.2793579101562
v -1178.96337890625 1675.62548828125 -519.2793579101562
v -1186.03125 1668.5576171875 680.7206420898438
v -1178.96337890625 1675.62548828125 680.7206420898438
v -1178.96337890625 1675.62548828125 -519.2793579101562
v -1178.96337890625 1689.7733154296875 -519.2793579101562
v -1178.96337890625 1675.62548828125 680.7206420898438
v -1178.96337890625 1689.7733154296875 680.7206420898438
v -1178.96337890625 1689.7733154296875 -519.2793579101562
v -1186.03125 1696.8411865234375 -519.2793579101562
v -1178.96337890625 1689.7733154296875 680.7206420898438
v -1186.03125 1696.8411865234375 680.7206420898438
v -1200.17919921875 1696.8411865234375 680.7206420898438
v -1200.17919921875 1668.5574951171875 680.7206420898438
v -1186.03125 1696.8411865234375 680.7206420898438
v -1207.2470703125 1689.7733154296875 680.7206420898438
v -1207.2470703125 1675.6253662109375 680.7206420898438
v -1186.03125 1668.5576171875 680.7206420898438
v -1178.96337890625 1675.62548828125 680.7206420898438
v -1178.96337890625 1689.7733154296875 680.7206420898438
v -1214.3271484375 1682.6932373046875 680.7206420898438
v -1193.111328125 1703.9090576171875 680.7206420898438
v -1193.111328125 1661.4896240234375 680.7206420898438
v -1171.8955078125 1682.6932373046875 680.7206420898438
v -1193.111328125 1703.9090576171875 680.7206420898438
v -1214.3271484375 1682.6932373046875 680.7206420898438
v -1193.111328125 1703.9090576171875 690.7206420898438
v -1214.3271484375 1682.6932373046875 690.7206420898438
v -1214.3271484375 1682.6932373046875 680.7206420898438
v -1193.111328125 1661.4896240234375 680.7206420898438
v -1214.3271484375 1682.6932373046875 690.7206420898438
v -1193.111328125 1661.4896240234375 690.7206420898438
v -1193.111328125 1661.4896240234375 680.7206420898438
v -1171.8955078125 1682.6932373046875 680.7206420898438
v -1193.111328125 1661.4896240234375 690.7206420898438
v -1171.8955078125 1682.6932373046875 690.7206420898438
v -1171.8955078125 1682.6932373046875 680.7206420898438
v -1193.111328125 1703.9090576171875 680.7206420898438
v -1171.8955078125 1682.6932373046875 690.7206420898438
v -1193.111328125 1703.9090576171875 690.7206420898438
v -1214.3271484375 1682.6932373046875 690.7206420898438
v -1193.111328125 1661.4896240234375 690.7206420898438
v -1193.111328125 1703.9090576171875 690.7206420898438
v -1171.8955078125 1682.6932373046875 690.7206420898438
v -1083.43115234375 -1358.4078369140625 -519.2791748046875
v -1097.579345703125 -1358.407958984375 -519.2791748046875
v -1083.43115234375 -1358.4078369140625 680.7208251953125
v -1097.579345703125 -1358.407958984375 680.7208251953125
v -1097.579345703125 -1358.407958984375 -519.2791748046875
v -1104.64697265625 -1365.475830078125 -519.2791748046875
v -1097.579345703125 -1358.407958984375 680.7208251953125
v -1104.64697265625 -1365.475830078125 680.7208251953125
v -1104.64697265625 -1365.475830078125 -519.2791748046875
v -1104.64697265625 -1379.623779296875 -519.2791748046875
v -1104.64697265625 -1365.475830078125 680.7208251953125
v -1104.64697265625 -1379.623779296875 680.7208251953125
v -1104.64697265625 -1379.623779296875 -519.2791748046875
v -1097.5791015625 -1386.691650390625 -519.2791748046875
v -1104.64697265625 -1379.623779296875 680.7208251953125
v -1097.5791015625 -1386.691650390625 680.7208251953125
v -1097.5791015625 -1386.691650390625 -519.2791748046875
v -1083.43115234375 -1386.691650390625 -519.2791748046875
v -1097.5791015625 -1386.691650390625 680.7208251953125
v -1083.43115234375 -1386.691650390625 680.7208251953125
v -1083.43115234375 -1386.691650390625 -519.2791748046875
v -1076.363525390625 -1379.623779296875 -519.2791748046875
v -1083.43115234375 -1386.691650390625 680.7208251953125
v -1076.363525390625 -1379.623779296875 680.7208251953125
v -1076.363525390625 -1379.623779296875 -519.2791748046875
v -1076.36328125 -1365.475830078125 -519.2791748046875
v -1076.363525390625 -1379.623779296875 680.7208251953125
v -1076.36328125 -1365.475830078125 680.7208251953125
v -1076.36328125 -1365.475830078125 -519.2791748046875
v -1083.43115234375 -1358.4078369140625 -519.2791748046875
v -1076.36328125 -1365.475830078125 680.7208251953125
v -1083.43115234375 -1358.4078369140625 680.7208251953125
v -1111.71484375 -1372.5557861328125 680.7208251953125
v -1104.64697265625 -1365.4879150390625 680.7208251953125
v -1104.64697265625 -1379.6236572265625 680.7208251953125
v -1097.578857421875 -1386.691650390625 680.7208251953125
v -1083.43115234375 -1386.691650390625 680.7208251953125
v -1090.4990234375 -1393.7716064453125 680.7208251953125
v -1083.435302734375 -1358.4078369140625 680.7208251953125
v -1097.567138671875 -1358.407958984375 680.7208251953125
v -1090.4990234375 -1351.3399658203125 680.7208251953125
v -1076.36328125 -1365.48388671875 680.7208251953125
v -1069.29541015625 -1372.5557861328125 680.7208251953125
v -1076.363525390625 -1379.623779296875 680.7208251953125
v -1090.4990234375 -1351.3399658203125 680.7208251953125
v -1111.71484375 -1372.5557861328125 680.7208251953125
v -1090.4990234375 -1351.3399658203125 690.7208251953125
v -1111.71484375 -1372.5557861328125 690.7208251953125
v -1111.71484375 -1372.5557861328125 680.7208251953125
v -1090.4990234375 -1393.7716064453125 680.7208251953125
v -1111.71484375 -1372.5557861328125 690.7208251953125
v -1090.4990234375 -1393.7716064453125 690.7208251953125
v -1090.4990234375 -1393.7716064453125 680.7208251953125
v -1069.29541015625 -1372.5557861328125 680.7208251953125
v -1090.4990234375 -1393.7716064453125 690.7208251953125
v -1069.29541015625 -1372.5557861328125 690.7208251953125
v -1069.29541015625 -1372.5557861328125 680.7208251953125
v -1090.4990234375 -1351.3399658203125 680.7208251953125
v -1069.29541015625 -1372.5557861328125 690.7208251953125
v -1090.4990234375 -1351.3399658203125 690.7208251953125
v -1111.71484375 -1372.5557861328125 690.7208251953125
v -1090.4990234375 -1393.7716064453125 690.7208251953125
v -1090.4990234375 -1351.3399658203125 690.7208251953125
v -1069.29541015625 -1372.5557861328125 690.7208251953125
v -1117.330078125 1787.6248779296875 -242.71630859375
v -1521.4072265625 1383.5599365234375 -242.71629333496094
v -1117.330078125 1787.6248779296875 -239.71630859375
v -1521.4072265625 1383.5599365234375 -239.71629333496094
v -1521.4072265625 1383.5599365234375 -242.71629333496094
v -1511.092529296875 1373.2449951171875 -242.71629333496094
v -1521.4072265625 1383.5599365234375 -239.71629333496094
v -1511.092529296875 1373.2449951171875 -239.71629333496094
v -1511.092529296875 1373.2449951171875 -242.71629333496094
v -1107.02734375 1777.31005859375 -242.71630859375
v -1511.092529296875 1373.2449951171875 -239.71629333496094
v -1107.02734375 1777.31005859375 -239.71630859375
v -1107.02734375 1777.31005859375 -242.71630859375
v -1117.330078125 1787.6248779296875 -242.71630859375
v -1107.02734375 1777.31005859375 -239.71630859375
v -1117.330078125 1787.6248779296875 -239.71630859375
v -1521.4072265625 1383.5599365234375 -239.71629333496094
v -1511.092529296875 1373.2449951171875 -239.71629333496094
v -1117.330078125 1787.6248779296875 -239.71630859375
v -1107.02734375 1777.31005859375 -239.71630859375
v -882.354736328125 1382.763916015625 -240.16754150390625
v -882.354736328125 -1167.2362060546875 -240.1673126220703
v -882.354736328125 1382.763916015625 -140.16754150390625
v -882.354736328125 -1167.2362060546875 -140.1673126220703
v -822.357177734375 1382.763916015625 -240.16754150390625
v -882.354736328125 1382.763916015625 -240.16754150390625
v -822.357177734375 1382.763916015625 -140.16754150390625
v -882.354736328125 1382.763916015625 -140.16754150390625
v -882.354736328125 1382.763916015625 -140.16754150390625
v -882.354736328125 -1167.2362060546875 -140.1673126220703
v -822.357177734375 1382.763916015625 -140.16754150390625
v -822.357177734375 -1167.2362060546875 -140.1673126220703
v -892.352294921875 1382.763916015625 -140.16754150390625
v -802.362060546875 1382.763916015625 -140.16754150390625
v -892.352294921875 -1167.236083984375 -140.1673126220703
v -802.362060546875 -1167.236083984375 -140.1673126220703
v -862.359619140625 -996.8382568359375 -140.16732788085938
v -802.362060546875 -996.8382568359375 -140.16732788085938
v -862.359619140625 -1168.7987060546875 -140.1673126220703
v -802.362060546875 -1168.7987060546875 -140.1673126220703
v -892.352294921875 1382.763916015625 -140.16754150390625
v -892.352294921875 -1167.236083984375 -140.1673126220703
v -892.352294921875 1382.763916015625 -135.16754150390625
v -892.352294921875 -1167.236083984375 -135.1673126220703
v -802.362060546875 -1167.236083984375 -140.1673126220703
v -802.362060546875 1382.763916015625 -140.16754150390625
v -802.362060546875 -1167.236083984375 -135.1673126220703
v -802.362060546875 1382.763916015625 -135.16754150390625
v -802.362060546875 1382.763916015625 -140.16754150390625
v -892.352294921875 1382.763916015625 -140.16754150390625
v -802.362060546875 1382.763916015625 -135.16754150390625
v -892.352294921875 1382.763916015625 -135.16754150390625
v -892.352294921875 1382.763916015625 -135.16754150390625
v -892.352294921875 -1167.236083984375 -135.1673126220703
v -802.362060546875 1382.763916015625 -135.16754150390625
v -802.362060546875 -1167.236083984375 -135.1673126220703
v -842.352294921875 1382.763916015625 -135.16754150390625
v -782.354736328125 1382.763916015625 -135.16754150390625
v -842.352294921875 -1167.236083984375 -135.1673126220703
v -782.354736328125 -1167.236083984375 -135.1673126220703
v -862.359619140625 1370.874267578125 -135.16754150390625
v -802.362060546875 1370.87451171875 -135.16754150390625
v -862.359619140625 1256.7142333984375 -135.1675262451172
v -802.362060546875 1256.7139892578125 -135.1675262451172
v -892.352294921875 1382.763916015625 61.54185485839844
v -802.362060546875 1382.763916015625 61.5418586730957
v -892.352294921875 -1167.236083984375 61.542076110839844
v -802.362060546875 -1167.236083984375 61.54207992553711
v -862.359619140625 628.5891723632812 -135.16748046875
v -802.362060546875 628.5890502929688 -135.16748046875
v -862.359619140625 507.15350341796875 -135.16746520996094
v -802.362060546875 507.15350341796875 -135.16746520996094
v -862.359619140625 -246.87478637695312 -135.1674041748047
v -802.362060546875 -246.87498474121094 -135.1674041748047
v -862.359619140625 -368.310302734375 -135.16738891601562
v -802.362060546875 -368.310302734375 -135.16738891601562
v -842.352294921875 1382.763916015625 -135.16754150390625
v -842.352294921875 -1167.2362060546875 -135.1673126220703
v -842.352294921875 1382.763916015625 64.83246612548828
v -842.352294921875 -1167.2362060546875 64.83268737792969
v -822.357177734375 -1167.2362060546875 64.83268737792969
v -782.354736328125 -1167.2362060546875 64.83268737792969
v -782.354736328125 1382.763916015625 64.83246612548828
v -822.357177734375 1382.763916015625 64.83246612548828
v -882.354736328125 1382.763916015625 64.83245849609375
v -842.352294921875 1382.763916015625 64.83246612548828
v -882.354736328125 -1167.2362060546875 64.83267974853516
v -842.352294921875 -1167.2362060546875 64.83268737792969
v -882.354736328125 1382.763916015625 64.83245849609375
v -882.354736328125 -1167.2362060546875 64.83267974853516
v -882.354736328125 1382.763916015625 164.83245849609375
v -882.354736328125 -1167.2362060546875 164.8326873779297
v -822.357177734375 1382.763916015625 64.83246612548828
v -882.354736328125 1382.763916015625 64.83245849609375
v -822.357177734375 1382.763916015625 164.83245849609375
v -882.354736328125 1382.763916015625 164.83245849609375
v -882.354736328125 1382.763916015625 164.83245849609375
v -882.354736328125 -1167.2362060546875 164.8326873779297
v -822.357177734375 1382.763916015625 164.83245849609375
v -822.357177734375 -1167.2362060546875 164.8326873779297
v -862.359619140625 1370.874267578125 -135.16754150390625
v -862.359619140625 1256.7142333984375 -135.1675262451172
v -862.359619140625 1370.874267578125 64.83245849609375
v -862.359619140625 1256.7142333984375 64.83246612548828
v -862.359619140625 1256.7142333984375 -135.1675262451172
v -802.362060546875 1256.7139892578125 -135.1675262451172
v -862.359619140625 1256.7142333984375 64.83246612548828
v -802.362060546875 1256.7139892578125 64.83247375488281
v -802.362060546875 1256.7139892578125 -135.1675262451172
v -802.362060546875 1370.87451171875 -135.16754150390625
v -802.362060546875 1256.7139892578125 64.83247375488281
v -802.362060546875 1370.87451171875 64.83246612548828
v -802.362060546875 1370.87451171875 -135.16754150390625
v -862.359619140625 1370.874267578125 -135.16754150390625
v -802.362060546875 1370.87451171875 64.83246612548828
v -862.359619140625 1370.874267578125 64.83245849609375
v -862.359619140625 1370.874267578125 64.83245849609375
v -862.359619140625 1256.7142333984375 64.83246612548828
v -802.362060546875 1370.87451171875 64.83246612548828
v -802.362060546875 1256.7139892578125 64.83247375488281
v -892.352294921875 1382.763916015625 61.54185485839844
v -892.352294921875 -1167.236083984375 61.542076110839844
v -892.352294921875 1382.763916015625 66.54185485839844
v -892.352294921875 -1167.236083984375 66.54207611083984
v -892.352294921875 -1167.236083984375 61.542076110839844
v -802.362060546875 -1167.236083984375 61.54207992553711
v -892.352294921875 -1167.236083984375 66.54207611083984
v -802.362060546875 -1167.236083984375 66.54208374023438
v -802.362060546875 1382.763916015625 61.5418586730957
v -892.352294921875 1382.763916015625 61.54185485839844
v -802.362060546875 1382.763916015625 66.54186248779297
v -892.352294921875 1382.763916015625 66.54185485839844
v -892.352294921875 1382.763916015625 66.54185485839844
v -892.352294921875 -1167.236083984375 66.54207611083984
v -802.362060546875 1382.763916015625 66.54186248779297
v -802.362060546875 -1167.236083984375 66.54208374023438
v -862.359619140625 628.5891723632812 -135.16748046875
v -862.359619140625 507.153564453125 -135.16746520996094
v -862.359619140625 628.5891723632812 64.83251953125
v -862.359619140625 507.153564453125 64.83253479003906
v -862.359619140625 507.153564453125 -135.16746520996094
v -802.362060546875 507.153564453125 -135.16746520996094
v -862.359619140625 507.153564453125 64.83253479003906
v -802.362060546875 507.153564453125 64.8325424194336
v -802.362060546875 507.153564453125 -135.16746520996094
v -802.362060546875 628.5890502929688 -135.16748046875
v -802.362060546875 507.153564453125 64.8325424194336
v -802.362060546875 628.5890502929688 64.83252716064453
v -802.362060546875 628.5890502929688 -135.16748046875
v -862.359619140625 628.5891723632812 -135.16748046875
v -802.362060546875 628.5890502929688 64.83252716064453
v -862.359619140625 628.5891723632812 64.83251953125
v -862.359619140625 628.5891723632812 64.83251953125
v -862.359619140625 507.153564453125 64.83253479003906
v -802.362060546875 628.5890502929688 64.83252716064453
v -802.362060546875 507.153564453125 64.8325424194336
v -862.359619140625 -246.87478637695312 -135.1674041748047
v -862.359619140625 -368.31036376953125 -135.16738891601562
v -862.359619140625 -246.87477111816406 64.83259582519531
v -862.359619140625 -368.31036376953125 64.83261108398438
v -862.359619140625 -368.31036376953125 -135.16738891601562
v -802.362060546875 -368.31036376953125 -135.16738891601562
v -862.359619140625 -368.31036376953125 64.83261108398438
v -802.362060546875 -368.31036376953125 64.8326187133789
v -802.362060546875 -368.31036376953125 -135.16738891601562
v -802.362060546875 -246.8748779296875 -135.1674041748047
v -802.362060546875 -368.31036376953125 64.8326187133789
v -802.362060546875 -246.87486267089844 64.83260345458984
v -802.362060546875 -246.8748779296875 -135.1674041748047
v -862.359619140625 -246.87478637695312 -135.1674041748047
v -802.362060546875 -246.87486267089844 64.83260345458984
v -862.359619140625 -246.87477111816406 64.83259582519531
v -862.359619140625 -246.87477111816406 64.83259582519531
v -862.359619140625 -368.31036376953125 64.83261108398438
v -802.362060546875 -246.87486267089844 64.83260345458984
v -802.362060546875 -368.31036376953125 64.8326187133789
v -862.359619140625 -996.8382568359375 -140.16732788085938
v -862.359619140625 -1168.7987060546875 -140.1673126220703
v -862.359619140625 -996.8382568359375 69.83265686035156
v -862.359619140625 -1168.7987060546875 69.83267211914062
v -802.362060546875 -1168.7987060546875 -140.1673126220703
v -802.362060546875 -996.8382568359375 -140.16732788085938
v -802.362060546875 -1168.7987060546875 69.83267974853516
v -802.362060546875 -996.8382568359375 69.8326644897461
v -802.362060546875 -996.8382568359375 -140.16732788085938
v -862.359619140625 -996.8382568359375 -140.16732788085938
v -802.362060546875 -996.8382568359375 69.8326187133789
v -862.359619140625 -996.8382568359375 69.83261108398438
v -862.359619140625 -996.8382568359375 69.83265686035156
v -862.359619140625 -1168.7987060546875 69.83267211914062
v -802.362060546875 -996.8382568359375 69.8326644897461
v -802.362060546875 -1168.7987060546875 69.83267974853516
v -1965.27783203125 915.697021484375 -240.00083923339844
v -1965.265625 -484.37628173828125 -240.00071716308594
v -1194.55029296875 1700.596923828125 -240.00088500976562
v -1088.4345703125 -1361.170654296875 -240.00059509277344
v -876.30078125 -1149.036865234375 -240.00062561035156
v -869.28173828125 1375.328369140625 -240.00083923339844
v -2162.77490234375 1954.26953125 -241.8343048095703
v -1505.72900390625 1380.9296875 -241.834228515625
v -2120.914794921875 1996.12744140625 -241.8343048095703
v -1547.589111328125 1339.0728759765625 -241.834228515625
v -2162.77490234375 1954.26953125 -267.12213134765625
v -1547.589111328125 1339.0728759765625 -241.834228515625
v -2162.77490234375 1954.26953125 -241.8343048095703
v -1547.589111328125 1339.0728759765625 -267.1220397949219
v -2204.63525390625 1912.41162109375 -267.12213134765625
v -1547.589111328125 1339.0728759765625 -267.1220397949219
v -2162.77490234375 1954.26953125 -267.12213134765625
v -1589.44921875 1297.2159423828125 -267.1220397949219
v -2204.63525390625 1912.41162109375 -292.4099426269531
v -1589.44921875 1297.2159423828125 -267.1220397949219
v -2204.63525390625 1912.41162109375 -267.12213134765625
v -1589.44921875 1297.2159423828125 -292.40985107421875
v -2246.4951171875 1870.5537109375 -292.409912109375
v -1589.44921875 1297.2159423828125 -292.40985107421875
v -2204.63525390625 1912.41162109375 -292.4099426269531
v -1631.3095703125 1255.359130859375 -292.4098815917969
v -2246.4951171875 1870.5537109375 -317.6977233886719
v -1631.3095703125 1255.359130859375 -292.4098815917969
v -2246.4951171875 1870.5537109375 -292.409912109375
v -1631.3095703125 1255.359130859375 -317.69769287109375
v -2288.355224609375 1828.69580078125 -317.6977233886719
v -1631.3095703125 1255.359130859375 -317.69769287109375
v -2246.4951171875 1870.5537109375 -317.6977233886719
v -1673.169677734375 1213.50244140625 -317.69769287109375
v -2288.355224609375 1828.69580078125 -342.9855651855469
v -1673.169677734375 1213.50244140625 -317.69769287109375
v -2288.355224609375 1828.69580078125 -317.6977233886719
v -1673.169677734375 1213.50244140625 -342.98553466796875
v -2330.21533203125 1786.837646484375 -342.985595703125
v -1673.169677734375 1213.50244140625 -342.98553466796875
v -2288.355224609375 1828.69580078125 -342.9855651855469
v -1715.02978515625 1171.6455078125 -342.9855041503906
v -2330.21533203125 1786.837646484375 -368.2734069824219
v -1715.02978515625 1171.6455078125 -342.9855041503906
v -2330.21533203125 1786.837646484375 -342.985595703125
v -1715.02978515625 1171.6455078125 -368.2733154296875
v -2372.0751953125 1744.979736328125 -368.2734069824219
v -1715.02978515625 1171.6455078125 -368.2733154296875
v -2330.21533203125 1786.837646484375 -368.2734069824219
v -1756.8896484375 1129.788818359375 -368.2733154296875
v -2372.0751953125 1744.979736328125 -393.56121826171875
v -1756.8896484375 1129.788818359375 -368.2733154296875
v -2372.0751953125 1744.979736328125 -368.2734069824219
v -1756.8896484375 1129.788818359375 -393.5611267089844
v -2413.935546875 1703.121826171875 -393.56121826171875
v -1756.8896484375 1129.788818359375 -393.5611267089844
v -2372.0751953125 1744.979736328125 -393.56121826171875
v -1798.75 1087.931884765625 -393.5611267089844
v -2413.935546875 1703.121826171875 -418.8490295410156
v -1798.75 1087.931884765625 -393.5611267089844
v -2413.935546875 1703.121826171875 -393.56121826171875
v -1798.75 1087.931884765625 -418.84893798828125
v -2455.795654296875 1661.263916015625 -418.8490295410156
v -1798.75 1087.931884765625 -418.84893798828125
v -2413.935546875 1703.121826171875 -418.8490295410156
v -1840.610107421875 1046.0751953125 -418.84893798828125
v -2455.795654296875 1661.263916015625 -444.1368713378906
v -1840.610107421875 1046.0751953125 -418.84893798828125
v -2455.795654296875 1661.263916015625 -418.8490295410156
v -1840.610107421875 1046.0751953125 -444.13677978515625
v -2497.65576171875 1619.406005859375 -444.1368713378906
v -1840.610107421875 1046.0751953125 -444.13677978515625
v -2455.795654296875 1661.263916015625 -444.1368713378906
v -1882.469970703125 1004.2183837890625 -444.13677978515625
v -2497.65576171875 1619.406005859375 -469.4246826171875
v -1882.469970703125 1004.2183837890625 -444.13677978515625
v -2497.65576171875 1619.406005859375 -444.1368713378906
v -1882.469970703125 1004.2183837890625 -469.4245910644531
v -2539.515625 1577.548095703125 -469.4246826171875
v -1882.469970703125 1004.2183837890625 -469.4245910644531
v -2497.65576171875 1619.406005859375 -469.4246826171875
v -1924.330078125 962.3615112304688 -469.4245910644531
v -2539.515625 1577.548095703125 -494.7124938964844
v -1924.330078125 962.3615112304688 -469.4245910644531
v -2539.515625 1577.548095703125 -469.4246826171875
v -1924.330078125 962.3615112304688 -494.71240234375
v -2581.3759765625 1535.690185546875 -494.71246337890625
v -1924.330078125 962.3615112304688 -494.71240234375
v -2539.515625 1577.548095703125 -494.7124938964844
v -1966.1904296875 920.504638671875 -494.71240234375
v -2581.3759765625 1535.690185546875 -520.0003051757812
v -1966.1904296875 920.504638671875 -494.71240234375
v -2581.3759765625 1535.690185546875 -494.71246337890625
v -1966.1904296875 920.504638671875 -520.0001831054688
v -1350.25634765625 2771.599609375 -1.161754846572876
v -683.925537109375 2191.72900390625 -1.1616750955581665
v -1307.021484375 2814.8369140625 -1.1617567539215088
v -727.160400390625 2148.49169921875 -1.1616731882095337
v -1350.256103515625 2771.599609375 -25.113021850585938
v -727.160400390625 2148.49169921875 -1.1616731882095337
v -1350.25634765625 2771.599609375 -1.161754846572876
v -727.160400390625 2148.49169921875 -25.112939834594727
v -1393.490966796875 2728.3623046875 -25.113021850585938
v -727.160400390625 2148.49169921875 -25.112939834594727
v -1350.256103515625 2771.599609375 -25.113021850585938
v -770.395263671875 2105.25439453125 -25.112937927246094
v -1393.490966796875 2728.3623046875 -49.06428527832031
v -770.395263671875 2105.25439453125 -25.112937927246094
v -1393.490966796875 2728.3623046875 -25.113021850585938
v -770.395263671875 2105.25439453125 -49.064205169677734
v -1436.72607421875 2685.125 -49.06428527832031
v -770.395263671875 2105.25439453125 -49.064205169677734
v -1393.490966796875 2728.3623046875 -49.06428527832031
v -813.63037109375 2062.01708984375 -49.064205169677734
v -1436.72607421875 2685.125 -73.01555633544922
v -813.63037109375 2062.01708984375 -49.064205169677734
v -1436.72607421875 2685.125 -49.06428527832031
v -813.63037109375 2062.01708984375 -73.01547241210938
v -1479.960693359375 2641.8876953125 -73.01555633544922
v -813.63037109375 2062.01708984375 -73.01547241210938
v -1436.72607421875 2685.125 -73.01555633544922
v -856.864990234375 2018.7799072265625 -73.01547241210938
v -1479.960693359375 2641.8876953125 -96.96682739257812
v -856.864990234375 2018.7799072265625 -73.01547241210938
v -1479.960693359375 2641.8876953125 -73.01555633544922
v -856.864990234375 2018.7799072265625 -96.96674346923828
v -1523.195556640625 2598.650390625 -96.96682739257812
v -856.864990234375 2018.7799072265625 -96.96674346923828
v -1479.960693359375 2641.8876953125 -96.96682739257812
v -900.099853515625 1975.5426025390625 -96.96675109863281
v -1523.195556640625 2598.650390625 -120.91809844970703
v -900.099853515625 1975.5426025390625 -96.96675109863281
v -1523.195556640625 2598.650390625 -96.96682739257812
v -900.099853515625 1975.5426025390625 -120.91802215576172
v -1566.430419921875 2555.4130859375 -120.91810607910156
v -900.099853515625 1975.5426025390625 -120.91802215576172
v -1523.195556640625 2598.650390625 -120.91809844970703
v -943.334716796875 1932.3052978515625 -120.91802215576172
v -1566.430419921875 2555.4130859375 -144.86936950683594
v -943.334716796875 1932.3052978515625 -120.91802215576172
v -1566.430419921875 2555.4130859375 -120.91810607910156
v -943.334716796875 1932.3052978515625 -144.86927795410156
v -1609.665283203125 2512.17578125 -144.86936950683594
v -943.334716796875 1932.3052978515625 -144.86927795410156
v -1566.430419921875 2555.4130859375 -144.86936950683594
v -986.569580078125 1889.0679931640625 -144.86927795410156
v -1609.665283203125 2512.17578125 -168.8206329345703
v -986.569580078125 1889.0679931640625 -144.86927795410156
v -1609.665283203125 2512.17578125 -144.86936950683594
v -986.569580078125 1889.0679931640625 -168.82054138183594
v -1652.900390625 2468.9384765625 -168.82061767578125
v -986.569580078125 1889.0679931640625 -168.82054138183594
v -1609.665283203125 2512.17578125 -168.8206329345703
v -1029.8046875 1845.8306884765625 -168.82054138183594
v -1652.900390625 2468.9384765625 -192.77191162109375
v -1029.8046875 1845.8306884765625 -168.82054138183594
v -1652.900390625 2468.9384765625 -168.82061767578125
v -1029.8046875 1845.8306884765625 -192.77183532714844
v -1696.135009765625 2425.701171875 -192.77191162109375
v -1029.8046875 1845.8306884765625 -192.77183532714844
v -1652.900390625 2468.9384765625 -192.77191162109375
v -1073.039306640625 1802.5933837890625 -192.77183532714844
v -1696.135009765625 2425.701171875 -216.72317504882812
v -1073.039306640625 1802.5933837890625 -192.77183532714844
v -1696.135009765625 2425.701171875 -192.77191162109375
v -1073.039306640625 1802.5933837890625 -216.7230987548828
v -1739.369873046875 2382.4638671875 -216.72317504882812
v -1073.039306640625 1802.5933837890625 -216.7230987548828
v -1696.135009765625 2425.701171875 -216.72317504882812
v -1116.274169921875 1759.3560791015625 -216.7230987548828
v -1739.369873046875 2382.4638671875 -240.6744384765625
v -1116.274169921875 1759.3560791015625 -216.7230987548828
v -1739.369873046875 2382.4638671875 -216.72317504882812
v -1116.274169921875 1759.3560791015625 -240.6743621826172
v -2121.6103515625 1996.115234375 -241.8773193359375
v -1512.162109375 1386.65478515625 -241.8772430419922
v -1167.52099609375 2950.27783203125 -241.8773651123047
v -558.07275390625 2340.82958984375 -241.87728881835938
f 10 9 11
f 12 10 11
f 21 2557 22
f 23 21 22
f 35 34 36
f 2558 35 36
f 543 542 544
f 544 545 543
f 543 545 547
f 547 545 538
f 548 547 538
f 546 548 538
f 548 546 541
f 541 542 548
f 541 540 542
f 542 540 544
f 540 537 544
f 539 537 540
f 538 537 539
f 539 546 538
f 598 597 599
f 599 597 600
f 596 593 594
f 594 593 595
f 589 590 592
f 590 589 591
f 586 585 587
f 588 587 585
f 582 581 583
f 583 581 584
f 580 577 578
f 578 577 579
f 573 574 576
f 574 573 575
f 570 569 571
f 572 571 569
f 566 565 567
f 567 565 568
f 564 561 562
f 562 561 563
f 518 517 519
f 519 517 521
f 520 519 521
f 521 524 520
f 520 524 523
f 523 522 520
f 6 5 7
f 8 6 7
f 8 24 25
f 26 8 25
f 28 27 24
f 29 28 24
f 2 1 3
f 4 2 3
f 1086 1085 1087
f 1088 1086 1087
f 1082 1081 1083
f 1084 1082 1083
f 1078 1077 1079
f 1080 1078 1079
f 1074 1073 1075
f 1076 1074 1075
f 1070 1069 1071
f 1072 1070 1071
f 1066 1065 1067
f 1068 1066 1067
f 1062 1061 1063
f 1064 1062 1063
f 1058 1057 1059
f 1060 1058 1059
f 558 557 559
f 559 560 558
f 554 553 555
f 555 556 554
f 550 549 551
f 552 550 551
f 530 529 531
f 531 536 530
f 536 535 530
f 533 535 536
f 534 535 533
f 533 532 534
f 532 529 534
f 531 529 532
f 37 38 40
f 38 37 39
f 18 17 19
f 20 19 17
f 13 14 16
f 14 13 15
f 31 30 32
f 33 31 32
f 510 509 511
f 512 510 511
f 514 513 515
f 516 514 515
f 526 525 527
f 528 526 527
f 44 42 43
f 42 41 43
f 2212 2211 2213
f 2214 2212 2213
f 2208 2207 2209
f 2210 2208 2209
f 610 609 611
f 612 610 611
f 606 605 607
f 608 606 607
f 602 601 603
f 604 602 603
f 62 61 63
f 64 62 63
f 58 57 59
f 60 58 59
f 54 53 55
f 56 54 55
f 50 49 51
f 52 50 51
f 46 45 47
f 48 46 47
f 613 617 618
f 618 615 613
f 614 613 615
f 616 613 614
f 1885 1884 1886
f 1972 1969 1970
f 1970 1969 1971
f 1971 1973 1970
f 1971 1974 1973
f 1960 1959 1961
f 1961 1959 1962
f 1956 1955 1957
f 1955 1958 1957
f 1024 1023 1025
f 1023 1026 1025
f 1022 1019 1020
f 1020 1019 1021
f 1015 1016 1018
f 1016 1015 1017
f 1010 1009 1011
f 1009 1012 1011
f 1012 1009 1014
f 1013 1012 1014
f 2276 2275 2277
f 2278 2276 2277
f 2260 2259 2261
f 2260 2261 2262
f 2256 2255 2257
f 2256 2257 2258
f 2252 2251 2253
f 2252 2253 2254
f 2248 2247 2249
f 2248 2249 2250
f 2244 2243 2245
f 2244 2245 2246
f 2240 2239 2241
f 2242 2240 2241
f 2236 2235 2237
f 2238 2236 2237
f 2232 2231 2233
f 2234 2232 2233
f 2228 2227 2229
f 2230 2228 2229
f 2224 2223 2225
f 2224 2225 2226
f 2220 2219 2221
f 2220 2221 2222
f 2216 2215 2217
f 2218 2216 2217
f 2204 2203 2205
f 2205 2206 2204
f 2200 2199 2201
f 2202 2200 2201
f 2196 2195 2197
f 2198 2196 2197
f 2192 2191 2193
f 2194 2192 2193
f 2188 2187 2189
f 2190 2188 2189
f 2184 2183 2185
f 2184 2185 2186
f 2180 2179 2181
f 2182 2180 2181
f 2176 2175 2177
f 2178 2176 2177
f 2172 2171 2173
f 2174 2172 2173
f 2168 2167 2169
f 2170 2168 2169
f 2165 2164 2166
f 470 469 471
f 469 472 471
f 468 465 466
f 466 465 467
f 461 462 464
f 462 461 463
f 456 455 457
f 455 458 457
f 458 455 460
f 459 458 460
f 2162 2161 2163
f 1808 1809 1811
f 1809 1808 1810
f 1801 1800 1802
f 1803 1802 1800
f 1720 1721 1723
f 1721 1720 1722
f 1708 1709 1711
f 1709 1708 1710
f 1688 1689 1691
f 1689 1688 1690
f 1660 1661 1663
f 1661 1660 1662
f 1648 1649 1651
f 1649 1648 1650
f 1620 1621 1623
f 1621 1620 1622
f 1608 1609 1611
f 1609 1608 1610
f 1580 1581 1583
f 1581 1580 1582
f 1568 1569 1571
f 1569 1568 1570
f 1548 1549 1551
f 1549 1548 1550
f 1524 1525 1527
f 1525 1524 1526
f 1520 1521 1523
f 1521 1520 1522
f 1512 1513 1515
f 1513 1512 1514
f 1492 1493 1495
f 1493 1492 1494
f 1480 1481 1483
f 1481 1480 1482
f 1472 1473 1475
f 1473 1472 1474
f 1456 1457 1459
f 1457 1456 1458
f 1440 1441 1443
f 1441 1440 1442
f 1424 1425 1427
f 1425 1424 1426
f 1416 1417 1419
f 1417 1416 1418
f 1400 1401 1403
f 1401 1400 1402
f 1380 1381 1383
f 1381 1380 1382
f 1368 1369 1371
f 1369 1368 1370
f 1348 1349 1351
f 1349 1348 1350
f 1333 1332 1334
f 1335 1334 1332
f 1329 1328 1330
f 1331 1330 1328
f 1301 1300 1302
f 1303 1302 1300
f 1297 1296 1298
f 1299 1298 1296
f 1293 1292 1294
f 1295 1294 1292
f 1269 1268 1270
f 1271 1270 1268
f 1261 1260 1262
f 1263 1262 1260
f 999 1008 998
f 998 997 999
f 997 1000 999
f 1000 997 1003
f 1003 1002 1000
f 1003 1004 1002
f 1002 1004 1006
f 1004 1007 1006
f 1000 1001 999
f 1005 1004 1003
f 994 993 995
f 995 993 996
f 980 979 981
f 981 979 982
f 982 983 981
f 984 983 982
f 440 439 441
f 441 439 442
f 426 425 427
f 427 425 428
f 428 429 427
f 430 429 428
f 1033 1036 1035
f 1035 1036 1037
f 1034 1032 1035
f 1032 1033 1035
f 1032 1030 1033
f 1030 1032 1029
f 1029 1027 1030
f 1028 1027 1029
f 1027 1028 1038
f 1030 1027 1031
f 2159 2158 2160
f 445 454 444
f 444 443 445
f 443 446 445
f 446 443 449
f 449 448 446
f 449 450 448
f 448 450 452
f 450 453 452
f 446 447 445
f 451 450 449
f 162 164 161
f 162 161 163
f 166 168 165
f 166 165 167
f 170 172 169
f 170 169 171
f 174 176 173
f 174 173 175
f 178 180 177
f 178 177 179
f 182 184 181
f 182 181 183
f 186 188 185
f 186 185 187
f 190 192 189
f 2560 2559 191
f 194 196 193
f 2561 193 195
f 198 200 197
f 198 197 199
f 202 204 201
f 202 201 203
f 206 208 205
f 206 205 207
f 210 212 209
f 210 209 211
f 214 216 213
f 214 213 215
f 218 220 217
f 218 217 219
f 222 224 221
f 222 221 223
f 226 228 225
f 226 225 227
f 230 232 229
f 230 229 231
f 234 236 233
f 234 233 235
f 238 240 237
f 238 237 239
f 242 244 241
f 242 241 243
f 246 248 245
f 246 245 247
f 250 252 249
f 250 249 251
f 254 256 253
f 254 253 255
f 258 260 257
f 258 257 259
f 262 264 261
f 262 261 263
f 266 268 265
f 266 265 267
f 270 272 269
f 270 269 271
f 274 276 273
f 274 273 275
f 278 280 277
f 278 277 279
f 282 284 281
f 282 281 283
f 286 288 285
f 286 285 287
f 290 292 289
f 290 289 291
f 294 296 293
f 294 293 295
f 298 300 297
f 298 297 299
f 302 304 301
f 302 301 303
f 306 308 305
f 306 305 307
f 310 312 309
f 2563 2562 311
f 314 316 313
f 2565 2564 315
f 318 320 317
f 318 317 319
f 322 324 321
f 322 321 323
f 326 328 325
f 326 325 327
f 330 332 329
f 330 329 331
f 334 336 333
f 334 333 335
f 338 340 337
f 338 337 339
f 342 344 341
f 342 341 343
f 346 348 345
f 346 345 347
f 350 352 349
f 350 349 351
f 354 356 353
f 354 353 355
f 358 360 357
f 358 357 359
f 362 364 361
f 362 361 363
f 366 368 365
f 366 365 367
f 370 372 369
f 370 369 371
f 374 376 373
f 374 373 375
f 378 380 377
f 378 377 379
f 382 384 381
f 382 381 383
f 386 388 385
f 386 385 387
f 390 392 389
f 390 389 391
f 394 396 393
f 394 393 395
f 398 400 397
f 398 397 399
f 402 404 401
f 402 401 403
f 406 408 405
f 406 405 407
f 410 412 409
f 410 409 411
f 414 416 413
f 414 413 415
f 418 420 417
f 418 417 419
f 422 424 421
f 422 421 423
f 432 431 433
f 433 434 432
f 436 435 437
f 438 436 437
f 656 658 655
f 656 655 657
f 660 662 659
f 660 659 661
f 664 666 663
f 664 663 665
f 668 670 667
f 668 667 669
f 672 674 671
f 672 671 673
f 676 678 675
f 676 675 677
f 680 682 679
f 680 679 681
f 684 686 683
f 684 683 685
f 688 690 687
f 688 687 689
f 692 694 691
f 692 691 693
f 696 698 695
f 696 695 697
f 700 702 699
f 700 699 701
f 704 706 703
f 704 703 705
f 708 710 707
f 708 707 709
f 712 714 711
f 712 711 713
f 716 718 715
f 716 715 717
f 720 722 719
f 720 719 721
f 724 726 723
f 724 723 725
f 728 730 727
f 728 727 729
f 732 734 731
f 732 731 733
f 736 738 735
f 736 735 737
f 740 742 739
f 740 739 741
f 744 746 743
f 2567 2566 745
f 748 750 747
f 2568 747 749
f 752 754 751
f 752 751 753
f 756 758 755
f 756 755 757
f 760 762 759
f 760 759 761
f 764 766 763
f 764 763 765
f 768 770 767
f 768 767 769
f 772 774 771
f 772 771 773
f 776 778 775
f 776 775 777
f 780 782 779
f 780 779 781
f 784 786 783
f 784 783 785
f 788 790 787
f 788 787 789
f 792 794 791
f 792 791 793
f 796 798 795
f 796 795 797
f 800 802 799
f 800 799 801
f 804 806 803
f 804 803 805
f 808 810 807
f 808 807 809
f 812 814 811
f 812 811 813
f 816 818 815
f 816 815 817
f 820 822 819
f 820 819 821
f 824 826 823
f 824 823 825
f 828 830 827
f 828 827 829
f 832 834 831
f 832 831 833
f 836 838 835
f 836 835 837
f 840 842 839
f 840 839 841
f 844 846 843
f 844 843 845
f 848 850 847
f 848 847 849
f 852 854 851
f 852 851 853
f 856 858 855
f 856 855 857
f 860 862 859
f 860 859 861
f 864 866 863
f 2570 2569 865
f 868 870 867
f 2572 2571 869
f 872 874 871
f 872 871 873
f 876 878 875
f 876 875 877
f 880 882 879
f 880 879 881
f 884 886 883
f 884 883 885
f 888 890 887
f 888 887 889
f 892 894 891
f 892 891 893
f 896 898 895
f 896 895 897
f 900 902 899
f 900 899 901
f 904 906 903
f 904 903 905
f 908 910 907
f 908 907 909
f 912 914 911
f 912 911 913
f 916 918 915
f 916 915 917
f 920 922 919
f 920 919 921
f 924 926 923
f 924 923 925
f 928 930 927
f 928 927 929
f 932 934 931
f 932 931 933
f 936 938 935
f 936 935 937
f 940 942 939
f 940 939 941
f 944 946 943
f 944 943 945
f 948 950 947
f 948 947 949
f 952 954 951
f 952 951 953
f 956 958 955
f 956 955 957
f 960 962 959
f 960 959 961
f 964 966 963
f 964 963 965
f 968 970 967
f 968 967 969
f 972 974 971
f 972 971 973
f 976 978 975
f 976 975 977
f 986 985 987
f 987 988 986
f 990 989 991
f 992 990 991
f 1040 1039 1041
f 1042 1040 1041
f 1044 1043 1045
f 1046 1044 1045
f 1048 1047 1049
f 1050 1048 1049
f 1209 1208 1210
f 1211 1209 1210
f 1213 1212 1214
f 1215 1213 1214
f 1217 1216 1218
f 1219 1217 1218
f 1221 1220 1222
f 1223 1221 1222
f 1225 1224 1226
f 1227 1225 1226
f 1229 1228 1230
f 1231 1229 1230
f 1233 1232 1234
f 1235 1233 1234
f 1237 1236 1238
f 1239 1237 1238
f 1244 1243 1240
f 1241 1244 1240
f 1241 1240 1242
f 1245 1241 1242
f 1245 1242 1247
f 1246 1245 1247
f 1249 1248 1250
f 1250 1251 1249
f 1253 1252 1254
f 1254 1255 1253
f 1257 1256 1258
f 1257 1258 1259
f 1265 1264 1266
f 1266 1267 1265
f 1273 1272 1274
f 1274 1275 1273
f 1277 1276 1278
f 1278 1279 1277
f 1281 1280 1282
f 1282 1283 1281
f 1285 1284 1286
f 1286 1287 1285
f 1289 1288 1290
f 1290 1291 1289
f 1305 1304 1306
f 1305 1306 1307
f 1309 1308 1310
f 1309 1310 1311
f 1313 1312 1314
f 1313 1314 1315
f 1317 1316 1318
f 1317 1318 1319
f 1321 1320 1322
f 1322 1323 1321
f 1325 1324 1326
f 1326 1327 1325
f 1337 1336 1338
f 1337 1338 1339
f 1341 1340 1342
f 1342 1343 1341
f 1345 1344 1346
f 1347 1345 1346
f 1353 1352 1354
f 1355 1353 1354
f 1361 1360 1362
f 1362 1363 1361
f 1365 1364 1366
f 1367 1365 1366
f 1373 1372 1374
f 1375 1373 1374
f 1385 1384 1386
f 1387 1385 1386
f 1389 1388 1390
f 1390 1391 1389
f 1393 1392 1394
f 1395 1393 1394
f 1405 1404 1406
f 1406 1407 1405
f 1413 1412 1414
f 1414 1415 1413
f 1429 1428 1430
f 1430 1431 1429
f 1437 1436 1438
f 1438 1439 1437
f 1449 1448 1450
f 1450 1451 1449
f 1453 1452 1454
f 1455 1453 1454
f 1461 1460 1462
f 1463 1461 1462
f 1469 1468 1470
f 1470 1471 1469
f 1485 1484 1486
f 1486 1487 1485
f 1497 1496 1498
f 1499 1497 1498
f 1501 1500 1502
f 1502 1503 1501
f 1505 1504 1506
f 1507 1505 1506
f 1517 1516 1518
f 1518 1519 1517
f 1529 1528 1530
f 1531 1529 1530
f 1533 1532 1534
f 1534 1535 1533
f 1537 1536 1538
f 1539 1537 1538
f 1545 1544 1546
f 1546 1547 1545
f 1561 1560 1562
f 1562 1563 1561
f 1565 1564 1566
f 1567 1565 1566
f 1573 1572 1574
f 1575 1573 1574
f 1585 1584 1586
f 1587 1585 1586
f 1589 1588 1590
f 1590 1591 1589
f 1593 1592 1594
f 1595 1593 1594
f 1601 1600 1602
f 1602 1603 1601
f 1605 1604 1606
f 1607 1605 1606
f 1613 1612 1614
f 1615 1613 1614
f 1625 1624 1626
f 1627 1625 1626
f 1629 1628 1630
f 1630 1631 1629
f 1633 1632 1634
f 1635 1633 1634
f 1641 1640 1642
f 1642 1643 1641
f 1645 1644 1646
f 1647 1645 1646
f 1653 1652 1654
f 1655 1653 1654
f 1665 1664 1666
f 1667 1665 1666
f 1669 1668 1670
f 1670 1671 1669
f 1673 1672 1674
f 1675 1673 1674
f 1681 1680 1682
f 1682 1683 1681
f 1685 1684 1686
f 1687 1685 1686
f 1693 1692 1694
f 1695 1693 1694
f 1701 1700 1702
f 1702 1703 1701
f 1705 1704 1706
f 1707 1705 1706
f 1713 1712 1714
f 1715 1713 1714
f 1725 1724 1726
f 1727 1725 1726
f 1729 1728 1730
f 1730 1731 1729
f 1733 1732 1734
f 1735 1733 1734
f 1741 1740 1742
f 1743 1741 1742
f 1745 1744 1746
f 1747 1745 1746
f 1749 1748 1750
f 1751 1749 1750
f 1753 1752 1754
f 1755 1753 1754
f 1757 1756 1758
f 1759 1757 1758
f 1761 1760 1762
f 1763 1761 1762
f 1765 1764 1766
f 1767 1765 1766
f 1769 1768 1770
f 1771 1769 1770
f 1773 1772 1774
f 1775 1773 1774
f 1777 1776 1778
f 1779 1777 1778
f 1781 1780 1782
f 1783 1781 1782
f 1785 1784 1786
f 1787 1785 1786
f 1789 1788 1790
f 1791 1789 1790
f 1796 1795 1792
f 1793 1796 1792
f 1793 1792 1794
f 1797 1793 1794
f 1797 1794 1799
f 1798 1797 1799
f 1805 1804 1806
f 1805 1806 1807
f 1813 1812 1814
f 1815 1813 1814
f 1817 1816 1818
f 1818 1819 1817
f 1821 1820 1822
f 1823 1821 1822
f 1829 1828 1830
f 1831 1829 1830
f 1833 1832 1834
f 1835 1833 1834
f 1837 1836 1838
f 1839 1837 1838
f 1841 1840 1842
f 1843 1841 1842
f 1845 1844 1846
f 1847 1845 1846
f 1849 1848 1850
f 1851 1849 1850
f 1853 1852 1854
f 1855 1853 1854
f 1857 1856 1858
f 1859 1857 1858
f 1861 1860 1862
f 1863 1861 1862
f 1865 1864 1866
f 1867 1865 1866
f 1869 1868 1870
f 1871 1869 1870
f 1873 1872 1874
f 1875 1873 1874
f 1877 1876 1878
f 1879 1877 1878
f 1881 1880 1882
f 1883 1881 1882
f 2064 2063 2065
f 2066 2064 2065
f 2068 2067 2069
f 2070 2068 2069
f 2072 2071 2073
f 2074 2072 2073
f 2076 2075 2077
f 2078 2076 2077
f 2080 2079 2081
f 2082 2080 2081
f 2084 2083 2085
f 2086 2084 2085
f 2088 2087 2089
f 2090 2088 2089
f 2095 2094 2091
f 2092 2095 2091
f 2092 2091 2093
f 2096 2092 2093
f 2096 2093 2098
f 2097 2096 2098
f 2100 2099 2101
f 2102 2100 2101
f 2104 2103 2105
f 2106 2104 2105
f 2108 2107 2109
f 2110 2108 2109
f 2112 2111 2113
f 2114 2112 2113
f 2116 2115 2117
f 2118 2116 2117
f 2120 2119 2121
f 2120 2121 2122
f 2124 2123 2125
f 2126 2124 2125
f 2128 2127 2129
f 2130 2128 2129
f 2132 2131 2133
f 2134 2132 2133
f 2136 2135 2137
f 2138 2136 2137
f 2140 2139 2141
f 2142 2140 2141
f 2144 2143 2145
f 2146 2144 2145
f 2148 2147 2149
f 2150 2148 2149
f 2152 2151 2153
f 2154 2152 2153
f 2280 2279 2281
f 2282 2280 2281
f 2284 2283 2285
f 2286 2284 2285
f 2288 2287 2289
f 2290 2288 2289
f 2292 2291 2293
f 2294 2292 2293
f 2296 2295 2297
f 2298 2296 2297
f 2300 2299 2301
f 2302 2300 2301
f 2304 2303 2305
f 2306 2304 2305
f 2308 2307 2309
f 2310 2308 2309
f 2312 2311 2313
f 2314 2312 2313
f 2316 2315 2317
f 2318 2316 2317
f 2320 2319 2321
f 2322 2320 2321
f 2324 2323 2325
f 2326 2324 2325
f 2328 2327 2329
f 2330 2328 2329
f 2332 2331 2333
f 2334 2332 2333
f 2336 2335 2337
f 2338 2336 2337
f 2340 2339 2341
f 2342 2340 2341
f 2344 2343 2345
f 2346 2344 2345
f 2348 2347 2349
f 2350 2348 2349
f 2352 2351 2353
f 2354 2352 2353
f 2356 2355 2357
f 2358 2356 2357
f 2360 2359 2361
f 2362 2360 2361
f 2364 2363 2365
f 2366 2364 2365
f 2368 2367 2369
f 2370 2368 2369
f 2372 2371 2373
f 2374 2372 2373
f 2376 2375 2377
f 2378 2376 2377
f 66 68 65
f 66 65 67
f 70 72 69
f 2574 2573 71
f 74 76 73
f 2575 73 75
f 78 80 77
f 78 77 79
f 82 84 81
f 82 81 83
f 86 88 85
f 86 85 87
f 90 92 89
f 90 89 91
f 94 96 93
f 94 93 95
f 98 100 97
f 98 97 99
f 102 104 101
f 102 101 103
f 106 108 105
f 106 105 107
f 110 112 109
f 110 109 111
f 114 116 113
f 114 113 115
f 118 120 117
f 118 117 119
f 122 124 121
f 122 121 123
f 126 128 125
f 126 125 127
f 130 132 129
f 130 129 131
f 134 136 133
f 134 133 135
f 138 140 137
f 138 137 139
f 142 144 141
f 142 141 143
f 146 148 145
f 146 145 147
f 150 152 149
f 150 149 151
f 154 156 153
f 154 153 155
f 158 160 157
f 158 157 159
f 473 474 484
f 474 473 475
f 475 473 476
f 476 478 475
f 478 476 479
f 478 479 481
f 479 482 481
f 481 482 483
f 476 473 477
f 480 478 481
f 498 497 499
f 500 498 499
f 502 501 503
f 504 502 503
f 506 505 507
f 508 506 507
f 620 622 619
f 620 619 621
f 624 626 623
f 2577 2576 625
f 628 630 627
f 2579 2578 629
f 632 634 631
f 632 631 633
f 636 638 635
f 636 635 637
f 640 642 639
f 640 639 641
f 644 646 643
f 644 643 645
f 648 650 647
f 648 647 649
f 652 654 651
f 652 651 653
f 1888 1887 1889
f 2156 2155 2157
f 1891 1890 1892
f 1892 1893 1891
f 1891 1893 1894
f 1894 1893 1895
f 2060 2059 2061
f 2062 2060 2061
f 2056 2058 2055
f 2056 2055 2057
f 2052 2051 2053
f 2054 2052 2053
f 2048 2047 2049
f 2050 2048 2049
f 2044 2043 2045
f 2046 2044 2045
f 2040 2039 2041
f 2042 2040 2041
f 2037 2036 2038
f 1897 1896 1898
f 2034 2033 2035
f 1900 1899 1901
f 1901 1902 1900
f 1904 1903 1905
f 1906 1904 1905
f 1908 1907 1909
f 1910 1908 1909
f 1912 1911 1913
f 1914 1912 1913
f 1916 1915 1917
f 1918 1916 1917
f 1920 1919 1921
f 1920 1921 1922
f 1924 1923 1925
f 1926 1924 1925
f 1928 1927 1929
f 1930 1928 1929
f 1932 1931 1933
f 1934 1932 1933
f 1936 1935 1937
f 1938 1936 1937
f 1940 1939 1941
f 1942 1940 1941
f 1944 1943 1945
f 1946 1944 1945
f 1948 1947 1949
f 1950 1948 1949
f 1952 1951 1953
f 1954 1952 1953
f 1964 1963 1965
f 2031 2030 2032
f 1967 1966 1968
f 2028 2027 2029
f 1976 1975 1977
f 1978 1976 1977
f 1980 1979 1981
f 1982 1980 1981
f 1984 1983 1985
f 1986 1984 1985
f 1988 1987 1989
f 1990 1988 1989
f 1992 1991 1993
f 1994 1992 1993
f 1996 1995 1997
f 1998 1996 1997
f 2000 1999 2001
f 2002 2000 2001
f 2004 2003 2005
f 2006 2004 2005
f 2008 2007 2009
f 2010 2008 2009
f 2012 2011 2013
f 2014 2012 2013
f 2016 2015 2017
f 2018 2016 2017
f 2020 2019 2021
f 2022 2020 2021
f 2024 2023 2025
f 2026 2024 2025
f 492 490 491
f 490 489 491
f 486 485 487
f 488 486 487
f 2380 2379 2381
f 2381 2382 2380
f 2382 2381 2383
f 2383 2381 2384
f 1188 1189 1191
f 1189 1188 1190
f 1177 1176 1178
f 1179 1178 1176
f 1112 1109 1110
f 1110 1109 1111
f 1108 1105 1106
f 1106 1105 1107
f 1104 1101 1102
f 1102 1101 1103
f 1100 1097 1098
f 1098 1097 1099
f 1094 1093 1095
f 1096 1095 1093
f 1089 1090 1092
f 1090 1089 1091
f 1149 1146 1150
f 1146 1149 1148
f 1145 1146 1148
f 1146 1145 1147
f 1147 1151 1146
f 1205 1204 1206
f 1206 1207 1205
f 1201 1200 1202
f 1203 1201 1202
f 1197 1196 1198
f 1199 1197 1198
f 1193 1192 1194
f 1195 1193 1194
f 1185 1184 1186
f 1187 1185 1186
f 1181 1180 1182
f 1183 1181 1182
f 1173 1172 1174
f 1175 1173 1174
f 1169 1168 1170
f 1171 1169 1170
f 1165 1164 1166
f 1167 1165 1166
f 1161 1160 1162
f 1162 1163 1161
f 1157 1156 1158
f 1158 1159 1157
f 1153 1152 1154
f 1154 1155 1153
f 1142 1141 1143
f 1144 1142 1143
f 1138 1137 1139
f 1140 1138 1139
f 1134 1133 1135
f 1136 1134 1135
f 1130 1129 1131
f 1132 1130 1131
f 1056 1055 1051
f 1051 1052 1056
f 1052 1051 1053
f 1053 1051 1054
f 1124 1128 1123
f 1123 1122 1124
f 1125 1124 1122
f 1125 1126 1124
f 1127 1124 1126
f 494 493 495
f 496 494 495
f 1117 1121 1116
f 1116 1115 1117
f 1115 1113 1117
f 1114 1113 1115
f 1113 1114 1118
f 1114 1119 1118
f 1119 1114 1120
f 1357 1356 1358
f 1358 1359 1357
f 2272 2271 2273
f 2272 2273 2274
f 2264 2263 2265
f 2266 2264 2265
f 1697 1696 1698
f 1698 1699 1697
f 1677 1676 1678
f 1678 1679 1677
f 1657 1656 1658
f 1659 1657 1658
f 1637 1636 1638
f 1639 1637 1638
f 1617 1616 1618
f 1619 1617 1618
f 1597 1596 1598
f 1599 1597 1598
f 1509 1508 1510
f 1510 1511 1509
f 1489 1488 1490
f 1490 1491 1489
f 1477 1476 1478
f 1478 1479 1477
f 1465 1464 1466
f 1466 1467 1465
f 1445 1444 1446
f 1446 1447 1445
f 1421 1420 1422
f 1422 1423 1421
f 1397 1396 1398
f 1399 1397 1398
f 1377 1376 1378
f 1378 1379 1377
f 1408 1409 1411
f 1409 1408 1410
f 1432 1433 1435
f 1433 1432 1434
f 1540 1541 1543
f 1541 1540 1542
f 1552 1553 1555
f 1553 1552 1554
f 1557 1556 1558
f 1559 1558 1556
f 1576 1577 1579
f 1577 1576 1578
f 1716 1717 1719
f 1717 1716 1718
f 1736 1737 1739
f 1737 1736 1738
f 1824 1825 1827
f 1825 1824 1826
f 2268 2267 2269
f 2267 2270 2269
f 2388 2385 2386
f 2386 2385 2387
f 2554 2553 2555
f 2555 2556 2554
f 2396 2393 2394
f 2394 2393 2395
f 2400 2397 2398
f 2398 2397 2399
f 2404 2401 2402
f 2402 2401 2403
f 2408 2405 2406
f 2406 2405 2407
f 2412 2409 2410
f 2410 2409 2411
f 2416 2413 2414
f 2414 2413 2415
f 2420 2417 2418
f 2418 2417 2419
f 2424 2421 2422
f 2422 2421 2423
f 2428 2425 2426
f 2426 2425 2427
f 2432 2429 2430
f 2430 2429 2431
f 2436 2433 2434
f 2434 2433 2435
f 2440 2437 2438
f 2438 2437 2439
f 2444 2441 2442
f 2442 2441 2443
f 2448 2445 2446
f 2446 2445 2447
f 2452 2449 2450
f 2450 2449 2451
f 2456 2453 2454
f 2454 2453 2455
f 2460 2457 2458
f 2458 2457 2459
f 2464 2461 2462
f 2462 2461 2463
f 2468 2465 2466
f 2466 2465 2467
f 2472 2469 2470
f 2470 2469 2471
f 2476 2473 2474
f 2474 2473 2475
f 2480 2477 2478
f 2478 2477 2479
f 2484 2481 2482
f 2482 2481 2483
f 2488 2485 2486
f 2486 2485 2487
f 2492 2489 2490
f 2490 2489 2491
f 2496 2493 2494
f 2494 2493 2495
f 2500 2497 2498
f 2498 2497 2499
f 2504 2501 2502
f 2502 2501 2503
f 2508 2505 2506
f 2506 2505 2507
f 2512 2509 2510
f 2510 2509 2511
f 2516 2513 2514
f 2514 2513 2515
f 2520 2517 2518
f 2518 2517 2519
f 2524 2521 2522
f 2522 2521 2523
f 2528 2525 2526
f 2526 2525 2527
f 2532 2529 2530
f 2530 2529 2531
f 2536 2533 2534
f 2534 2533 2535
f 2540 2537 2538
f 2538 2537 2539
f 2544 2541 2542
f 2542 2541 2543
f 2548 2545 2546
f 2546 2545 2547
f 2552 2549 2550
f 2550 2549 2551
f 2392 2389 2390
f 2390 2389 2391
