# from FinancialDistrict_Block32_Residental (UC)_0007_LOD_0.pskx
v 2475.006103515625 -199.9998779296875 -0.00013550504809245467
v 2425.006103515625 -199.9998779296875 -0.00013769061479251832
v 2475.006103515625 -199.9998779296875 399.9998474121094
v 2425.006103515625 -199.9998779296875 399.9998474121094
v 2425.0 -1499.9998779296875 -2.404126280453056e-05
v 2475.0 -1499.9998779296875 -2.185569428547751e-05
v 2425.0 -1499.9998779296875 399.9999694824219
v 2475.0 -1499.9998779296875 399.9999694824219
v 2475.0 -1499.9998779296875 -2.185569428547751e-05
v 2475.001953125 -1099.9998779296875 -5.682472328771837e-05
v 2475.00048828125 -1421.7894287109375 4.999971389770508
v 2475.00048828125 -1421.7894287109375 286.9999694824219
v 2475.001220703125 -1253.389404296875 286.99993896484375
v 2475.0 -1499.9998779296875 399.9999694824219
v 2475.001220703125 -1253.389404296875 4.9999566078186035
v 2475.001953125 -1099.9998779296875 277.3999328613281
v 2475.00390625 -677.099853515625 277.39990234375
v 2475.00390625 -677.099853515625 -9.379572293255478e-05
v 2475.004638671875 -499.9998779296875 -0.00010927826951956376
v 2475.004638671875 -499.9998779296875 252.39988708496094
v 2475.005615234375 -269.9998779296875 252.39987182617188
v 2475.005615234375 -269.9998779296875 -0.00012938545842189342
v 2475.006103515625 -199.9998779296875 -0.00013550504809245467
v 2475.006103515625 -199.9998779296875 399.9998474121094
v 2455.00048828125 -1421.789306640625 286.9999694824219
v 2475.001220703125 -1253.389404296875 286.99993896484375
v 2475.00048828125 -1421.7894287109375 286.9999694824219
v 2455.001220703125 -1253.3892822265625 286.99993896484375
v 2455.00048828125 -1421.789306640625 4.999970436096191
v 2475.00048828125 -1421.7894287109375 4.999971389770508
v 2475.001220703125 -1253.389404296875 4.9999566078186035
v 2455.001220703125 -1253.389404296875 4.999955654144287
v 2455.00048828125 -1421.789306640625 286.9999694824219
v 2475.00048828125 -1421.7894287109375 4.999971389770508
v 2455.00048828125 -1421.789306640625 4.999970436096191
v 2475.00048828125 -1421.7894287109375 286.9999694824219
v 2455.001220703125 -1253.3892822265625 286.99993896484375
v 2455.001220703125 -1253.389404296875 4.999955654144287
v 2475.001220703125 -1253.389404296875 4.9999566078186035
v 2475.001220703125 -1253.389404296875 286.99993896484375
v 2500.0 -1524.9998779296875 399.9999694824219
v 2475.0 -1499.9998779296875 399.9999694824219
v 2500.0 -174.9998779296875 399.9998474121094
v 2425.0 -1524.9998779296875 399.9999694824219
v 2425.0 -174.9998779296875 399.9998474121094
v 2475.006103515625 -199.9998779296875 399.9998474121094
v 2425.006103515625 -199.9998779296875 399.9998474121094
v 2425.0 -1499.9998779296875 399.9999694824219
v 2425.0 -1524.9998779296875 399.9999694824219
v 2500.0 -1524.9998779296875 399.9999694824219
v 2425.0 -1524.9998779296875 419.99993896484375
v 2500.0 -1524.9998779296875 419.99993896484375
v 2500.0 -1524.9998779296875 399.9999694824219
v 2500.0 -174.9998779296875 399.9998474121094
v 2500.0 -1524.9998779296875 419.99993896484375
v 2500.0 -174.9998779296875 419.99981689453125
v 2500.0 -174.9998779296875 399.9998474121094
v 2425.0 -174.9998779296875 399.9998474121094
v 2500.0 -174.9998779296875 419.99981689453125
v 2425.0 -174.9998779296875 419.99981689453125
v 2500.0 -1524.9998779296875 419.99993896484375
v 2500.0 -174.9998779296875 419.99981689453125
v 2475.0 -1499.9998779296875 419.99993896484375
v 2425.0 -1524.9998779296875 419.99993896484375
v 2425.0 -174.9998779296875 419.99981689453125
v 2425.0 -199.9998779296875 419.99981689453125
v 2475.0 -199.9998779296875 419.99981689453125
v 2425.0 -1499.9998779296875 419.99993896484375
v 2425.0 -1499.9998779296875 419.99993896484375
v 2475.0 -1499.9998779296875 419.99993896484375
v 2425.0 -1540.1922607421875 570.0
v 2475.0 -1540.1922607421875 570.0
v 2475.0 -1499.9998779296875 419.99993896484375
v 2475.0 -199.9998779296875 419.99981689453125
v 2475.0 -1540.192138671875 570.0
v 2475.0 -159.8074951171875 569.9998779296875
v 2475.0 -199.9998779296875 419.99981689453125
v 2425.0 -199.9998779296875 419.99981689453125
v 2475.0 -159.8074951171875 569.9998779296875
v 2425.0 -159.8074951171875 569.9998779296875
v 2425.0 -1540.1922607421875 570.0
v 2475.0 -1540.192138671875 570.0
v 2475.0 -159.8074951171875 569.9998779296875
v 2425.0 -159.8074951171875 569.9998779296875
v -1225.0 -350.0001220703125 -0.00028412402025423944
v -1175.0 -350.0 -0.000281938468106091
v -1225.0 -350.0001220703125 399.9997253417969
v -1175.0 -350.0 399.9997253417969
v -1175.0 50.0 -0.00031690759351477027
v -1225.0 49.9998779296875 -0.0003190931456629187
v -1175.0 50.0 399.99969482421875
v -1225.0 49.9998779296875 399.99969482421875
v -1225.0 49.9998779296875 -0.0003190931456629187
v -1225.0 -350.0001220703125 -0.00028412402025423944
v -1225.0 49.9998779296875 399.99969482421875
v -1225.0 -350.0001220703125 399.9997253417969
v -1225.0 -350.0001220703125 399.9997253417969
v -1175.0 -350.0 399.9997253417969
v -1175.0 50.0 399.99969482421875
v -1225.0 49.9998779296875 399.99969482421875
v -1375.0 1649.9998779296875 -0.0004655263037420809
v -1800.0 1649.9998779296875 -0.00048410362796857953
v -1375.0 1649.9998779296875 179.99954223632812
v -1800.0 1649.9998779296875 179.99951171875
v -1800.0 1649.9998779296875 -0.00048410362796857953
v -1800.0 1249.9998779296875 -0.0004491345025599003
v -1800.0 1649.9998779296875 179.99951171875
v -1800.0 1249.9998779296875 179.99954223632812
v -1800.0 1249.9998779296875 -0.0004491345025599003
v -1775.0 1249.9998779296875 -0.0004480417410377413
v -1800.0 1249.9998779296875 179.99954223632812
v -1775.0 1249.9998779296875 179.99954223632812
v -1775.0 1249.9998779296875 -0.0004480417410377413
v -1775.0 1624.9998779296875 -0.0004808252560906112
v -1775.0 1249.9998779296875 179.99954223632812
v -1775.0 1624.9998779296875 179.99951171875
v -1775.0 1624.9998779296875 -0.0004808252560906112
v -1375.0 1624.9998779296875 -0.00046334072249010205
v -1775.0 1624.9998779296875 179.99951171875
v -1375.0 1624.9998779296875 179.99954223632812
v -1375.0 1624.9998779296875 -0.00046334072249010205
v -1375.0 1649.9998779296875 -0.0004655263037420809
v -1375.0 1624.9998779296875 179.99954223632812
v -1375.0 1649.9998779296875 179.99954223632812
v -1375.0 1649.9998779296875 199.99954223632812
v -1800.0 1649.9998779296875 199.99951171875
v -1800.0 1649.9998779296875 199.99951171875
v -1800.0 1249.9998779296875 199.99954223632812
v -1800.0 1249.9998779296875 199.99954223632812
v -1775.0 1249.9998779296875 199.99954223632812
v -1775.0 1249.9998779296875 199.99954223632812
v -1775.0 1624.9998779296875 199.99951171875
v -1775.0 1624.9998779296875 199.99951171875
v -1375.0 1624.9998779296875 199.99954223632812
v -1375.0 1624.9998779296875 199.99954223632812
v -1375.0 1649.9998779296875 199.99954223632812
v -1800.0 1649.9998779296875 199.99951171875
v -1800.0 1249.9998779296875 199.99954223632812
v -1775.0 1624.9998779296875 199.99951171875
v -1375.0 1649.9998779296875 199.99954223632812
v -1775.0 1249.9998779296875 199.99954223632812
v -1375.0 1624.9998779296875 199.99954223632812
v -1375.0 1249.9998779296875 -0.0004305571783334017
v -1775.0 1249.9998779296875 99.99954986572266
v -1375.0 1249.9998779296875 99.99956512451172
v -1375.0 1249.9998779296875 -0.0004305571783334017
v -1375.0 1249.9998779296875 99.99956512451172
v -1375.0 1624.9998779296875 99.9995346069336
v -1375.0 1624.9998779296875 -0.00046334072249010205
v -1775.0 1624.9998779296875 -0.0004808252560906112
v -1375.0 1624.9998779296875 99.9995346069336
v -1775.0 1624.9998779296875 99.99951934814453
v -1775.0 1624.9998779296875 -0.0004808252560906112
v -1775.0 1249.9998779296875 -0.0004480417410377413
v -1775.0 1624.9998779296875 99.99951934814453
v -1775.0 1249.9998779296875 99.99954986572266
v -1325.0 1249.9998779296875 99.99956512451172
v -1375.0 1624.9998779296875 99.9995346069336
v -1375.0 1249.9998779296875 99.99956512451172
v -1325.0 1624.9998779296875 99.9995346069336
v -1325.0 1249.9998779296875 74.99956512451172
v -1325.0 1624.9998779296875 99.9995346069336
v -1325.0 1249.9998779296875 99.99956512451172
v -1325.0 1624.9998779296875 74.9995346069336
v -1275.0 1249.9998779296875 74.99957275390625
v -1325.0 1624.9998779296875 74.9995346069336
v -1325.0 1249.9998779296875 74.99956512451172
v -1275.0 1624.9998779296875 74.99954223632812
v -1275.0 1249.9998779296875 49.99957275390625
v -1275.0 1624.9998779296875 74.99954223632812
v -1275.0 1249.9998779296875 74.99957275390625
v -1275.0 1624.9998779296875 49.99953842163086
v -1225.0 1249.9998779296875 49.999576568603516
v -1275.0 1624.9998779296875 49.99953842163086
v -1275.0 1249.9998779296875 49.99957275390625
v -1225.0 1624.9998779296875 49.999542236328125
v -1225.0 1249.9998779296875 24.999576568603516
v -1225.0 1624.9998779296875 49.999542236328125
v -1225.0 1249.9998779296875 49.999576568603516
v -1225.0 1624.9998779296875 24.999544143676758
v -1175.0 1249.9998779296875 24.99957847595215
v -1225.0 1624.9998779296875 24.999544143676758
v -1225.0 1249.9998779296875 24.999576568603516
v -1175.0 1624.9998779296875 24.99954605102539
v -1175.0 1249.9998779296875 -0.0004218149115331471
v -1175.0 1624.9998779296875 24.99954605102539
v -1175.0 1249.9998779296875 24.99957847595215
v -1175.0 1624.9998779296875 -0.00045459845568984747
v -1175.0 1624.9998779296875 -0.00045459845568984747
v -1175.0 1624.9998779296875 24.99954605102539
v -1325.0 1624.9998779296875 99.9995346069336
v -1325.0 1624.9998779296875 74.9995346069336
v -1275.0 1624.9998779296875 74.99954223632812
v -1275.0 1624.9998779296875 49.99953842163086
v -1225.0 1624.9998779296875 49.999542236328125
v -1225.0 1624.9998779296875 24.999544143676758
v -1175.0 1249.9998779296875 -0.0004218149115331471
v -1175.0 1249.9998779296875 24.99957847595215
v -1225.0 1249.9998779296875 24.999576568603516
v -1225.0 1249.9998779296875 49.999576568603516
v -1275.0 1249.9998779296875 49.99957275390625
v -1275.0 1249.9998779296875 74.99957275390625
v -1325.0 1249.9998779296875 74.99956512451172
v -1325.0 1249.9998779296875 99.99956512451172
v -1375.0 1624.9998779296875 99.9995346069336
v -1375.0 1624.9998779296875 -0.00046334072249010205
v -1375.0 1249.9998779296875 99.99956512451172
v -1375.0 1249.9998779296875 -0.0004305571783334017
v -1775.0 1249.9998779296875 99.99954986572266
v -1775.0 1624.9998779296875 99.99951934814453
v -1175.0 1649.9998779296875 -100.00045776367188
v -1175.0 1649.9998779296875 79.9995346069336
v -1375.0 1649.9998779296875 -0.0004655263037420809
v -1375.0 1649.9998779296875 179.99954223632812
v -1375.0 1624.9998779296875 179.99954223632812
v -1175.0 1624.9998779296875 79.9995346069336
v -1175.0 1624.9998779296875 -100.00045776367188
v -1175.0 1624.9998779296875 -100.00045776367188
v -1175.0 1649.9998779296875 -100.00045776367188
v -1175.0 1624.9998779296875 79.9995346069336
v -1175.0 1649.9998779296875 79.9995346069336
v -1175.0 1649.9998779296875 99.99954223632812
v -1375.0 1649.9998779296875 199.99954223632812
v -1375.0 1624.9998779296875 199.99954223632812
v -1175.0 1624.9998779296875 99.99954223632812
v -1175.0 1624.9998779296875 99.99954223632812
v -1175.0 1649.9998779296875 99.99954223632812
v -1175.0 1649.9998779296875 99.99954223632812
v -1175.0 1624.9998779296875 99.99954223632812
v -1225.0 249.9998779296875 -0.0003365777083672583
v -1175.0 250.0 -0.00033439212711527944
v -1225.0 249.9998779296875 399.9996643066406
v -1175.0 250.0 399.9996643066406
v -1175.0 649.9998779296875 -0.0003693612525239587
v -1225.0 649.9998779296875 -0.0003715468046721071
v -1175.0 649.9998779296875 399.9996337890625
v -1225.0 649.9998779296875 399.9996337890625
v -1225.0 649.9998779296875 -0.0003715468046721071
v -1225.0 249.9998779296875 -0.0003365777083672583
v -1225.0 649.9998779296875 399.9996337890625
v -1225.0 249.9998779296875 399.9996643066406
v -1225.0 249.9998779296875 399.9996643066406
v -1175.0 250.0 399.9996643066406
v -1175.0 649.9998779296875 399.9996337890625
v -1225.0 649.9998779296875 399.9996337890625
v -2375.0 -1550.0001220703125 -0.00022948479454498738
v -1975.0 -1550.0001220703125 -0.00021200024639256299
v -2375.0 -1550.0001220703125 99.99977111816406
v -1975.0 -1550.0001220703125 99.99979400634766
v -1375.0 1249.9998779296875 -0.0004305571783334017
v -1775.0 1249.9998779296875 -0.0004480417410377413
v -1375.0 1249.9998779296875 99.99956512451172
v -1775.0 1249.9998779296875 99.99954986572266
v -1775.0 849.9998779296875 99.99958801269531
v -2775.0 849.9998779296875 99.99954223632812
v -2775.0 -550.0001220703125 99.99966430664062
v -2375.0 -550.0001220703125 99.99967956542969
v -2375.0 -1550.0001220703125 99.99977111816406
v -1975.0 -550.0001220703125 99.99970245361328
v -1975.0 -1550.0001220703125 99.99979400634766
v -1175.0 -550.0000610351562 99.9997329711914
v -1175.0 849.9998779296875 99.9996109008789
v -1375.0 849.9998779296875 99.99960327148438
v -2375.0 -1550.0001220703125 99.99977111816406
v -1975.0 -950.0001220703125 99.99974060058594
v -1975.0 -1550.0001220703125 99.99979400634766
v -2375.0 -950.0001220703125 99.99971771240234
v -1975.0 -950.0001220703125 99.99974060058594
v -2375.0 -950.0001220703125 99.99971771240234
v -1975.0 -950.0001220703125 199.99974060058594
v -2375.0 -950.0001220703125 199.99972534179688
v -2375.0 -1550.0001220703125 199.99977111816406
v -1975.0 -1550.0001220703125 199.99978637695312
v -1975.0 -900.0001220703125 199.99974060058594
v -2375.0 -950.0001220703125 199.99972534179688
v -1975.0 -950.0001220703125 199.99974060058594
v -2375.0 -900.0001220703125 199.99972534179688
v -1975.0 -900.0001220703125 174.99974060058594
v -2375.0 -900.0001220703125 199.99972534179688
v -1975.0 -900.0001220703125 199.99974060058594
v -2375.0 -900.0001220703125 174.99972534179688
v -1975.0 -850.0001220703125 174.99972534179688
v -2375.0 -900.0001220703125 174.99972534179688
v -1975.0 -900.0001220703125 174.99974060058594
v -2375.0 -850.0001220703125 174.9997100830078
v -1975.0 -850.0001220703125 149.99972534179688
v -2375.0 -850.0001220703125 174.9997100830078
v -1975.0 -850.0001220703125 174.99972534179688
v -2375.0 -850.0001220703125 149.9997100830078
v -1975.0 -800.0001220703125 149.99972534179688
v -2375.0 -850.0001220703125 149.9997100830078
v -1975.0 -850.0001220703125 149.99972534179688
v -2375.0 -800.0001220703125 149.9997100830078
v -1975.0 -800.0001220703125 124.99972534179688
v -2375.0 -800.0001220703125 149.9997100830078
v -1975.0 -800.0001220703125 149.99972534179688
v -2375.0 -800.0001220703125 124.99970245361328
v -1975.0 -750.0001220703125 124.99971771240234
v -2375.0 -800.0001220703125 124.99970245361328
v -1975.0 -800.0001220703125 124.99972534179688
v -2375.0 -750.0001220703125 124.99969482421875
v -1975.0 -750.0001220703125 99.99971771240234
v -2375.0 -750.0001220703125 124.99969482421875
v -1975.0 -750.0001220703125 124.99971771240234
v -2375.0 -750.0001220703125 99.99969482421875
v -1975.0 -950.0001220703125 199.99974060058594
v -2375.0 -950.0001220703125 199.99972534179688
v -2375.0 -750.0001220703125 99.99969482421875
v -1975.0 -750.0001220703125 99.99971771240234
v -2375.0 -1550.0001220703125 199.99977111816406
v -1975.0 -1550.0001220703125 199.99978637695312
v 2425.0 -1549.9998779296875 -1.967012394743506e-05
v 2425.0 -1130.0048828125 -5.638725633616559e-05
v 2425.0 -1549.9998779296875 600.0
v 2425.0 -1130.0048828125 599.9999389648438
v 2425.0 -634.9974365234375 -9.96621820377186e-05
v 2425.0 -32.6781005859375 -0.00015231860743369907
v 2425.0 -32.6781005859375 329.4148254394531
v 2425.0 610.0218505859375 329.4147644042969
v 2425.0 -634.9973754882812 599.9998168945312
v 2425.0 610.0218505859375 -0.00020850522560067475
v 2425.0 1250.0001220703125 -0.0002644539054017514
v 2425.0 977.3438720703125 4.999759197235107
v 2425.0 977.3438720703125 286.9997253417969
v 2425.0 1145.7437744140625 286.99969482421875
v 2425.0 1250.0001220703125 599.9996337890625
v 2425.0 1145.7437744140625 4.999744415283203
v 2425.0 1250.0001220703125 -0.0002644539054017514
v 1745.7698974609375 1250.0001220703125 -0.00029414400341920555
v 1745.7698974609375 1250.0001220703125 324.69970703125
v 1296.77001953125 1250.0001220703125 324.69970703125
v 825.750732421875 1250.0001220703125 325.9996643066406
v 615.750732421875 1250.0001220703125 325.9996643066406
v 2425.0 1250.0001220703125 599.999755859375
v 1296.77001953125 1250.0001220703125 -0.0003137704043183476
v 428.809814453125 1250.0001220703125 -0.00035171012859791517
v 1132.0189208984375 1250.0001220703125 4.999679088592529
v 1257.4827880859375 1250.0001220703125 285.69970703125
v 1192.0828857421875 1250.0001220703125 285.6996765136719
v 1257.4827880859375 1250.0001220703125 219.9996795654297
v 615.750732421875 1250.0001220703125 219.99964904785156
v 825.750732421875 1250.0001220703125 219.99966430664062
v 1008.5189208984375 1250.0001220703125 4.999673843383789
v 428.809814453125 1250.0001220703125 323.7116394042969
v -18.690185546875 1249.9998779296875 323.7116394042969
v -239.389892578125 1249.9998779296875 324.6996154785156
v -688.389892578125 1249.9998779296875 324.6996154785156
v -18.690185546875 1249.9998779296875 -0.00037127098767086864
v -239.389892578125 1249.9998779296875 -0.00038091809256002307
v -688.389892578125 1249.9998779296875 -0.0004005444934591651
v -765.484619140625 1249.9998779296875 -0.0004039144259877503
v -765.484619140625 1249.9998779296875 259.7095947265625
v -889.0166015625 1249.9998779296875 259.7095642089844
v -889.0166015625 1249.9998779296875 -0.0004093141760677099
v -1375.0 1249.9998779296875 599.9995727539062
v 1192.0828857421875 1250.0001220703125 219.9996795654297
v 1132.0189208984375 1250.0001220703125 259.9996643066406
v 1008.5189208984375 1250.0001220703125 259.9996643066406
v -1425.0 1249.9998779296875 -0.00043274275958538055
v -1425.0 1249.9998779296875 599.9995727539062
v -1425.0 1249.9998779296875 -0.00043274275958538055
v -1425.0 1199.9998779296875 -0.0004283715970814228
v -1425.0 1249.9998779296875 599.9995727539062
v -1425.0 1199.9998779296875 599.9995727539062
v -1425.0 1199.9998779296875 -0.0004283715970814228
v -1375.0 1199.9998779296875 -0.00042618601582944393
v -1425.0 1199.9998779296875 599.9995727539062
v -1375.0 1199.9998779296875 599.9995727539062
v -1375.0 1199.9998779296875 -0.00042618601582944393
v -1375.0 849.9998779296875 -0.00039558805292472243
v -1375.0 1199.9998779296875 599.9995727539062
v -1375.0 849.9998779296875 599.9996337890625
v -1375.0 849.9998779296875 -0.00039558805292472243
v -1175.0 849.9998779296875 -0.00038684578612446785
v -1375.0 849.9998779296875 599.9996337890625
v -1175.0 849.9998779296875 599.9996337890625
v -1175.0 849.9998779296875 -0.00038684578612446785
v -1175.0 -550.0000610351562 -0.0002644539054017514
v -1175.0 849.9998779296875 599.9996337890625
v -1175.0 -550.0 599.999755859375
v -1175.0 -550.0000610351562 -0.0002644539054017514
v -1975.0 -550.0001220703125 -0.0002994230017066002
v -1175.0 -550.0 599.999755859375
v -1975.0 -550.0000610351562 599.9996948242188
v -1975.0 -550.0001220703125 -0.0002994230017066002
v -1975.0 -1359.0330810546875 -0.0002286951057612896
v -1975.0 -550.0000610351562 599.9995727539062
v -1975.0 -1359.0330810546875 599.9996337890625
v -1975.0 -1359.0333251953125 -0.00022869509120937437
v -2025.0 -1359.0333251953125 -0.00023088065790943801
v -1975.0 -1359.033203125 599.999755859375
v -2025.0 -1359.033203125 599.999755859375
v -2025.0 -1359.0333251953125 -0.00023088065790943801
v -2025.0 -1550.0001220703125 -0.00021418581309262663
v -2025.0 -1359.033203125 599.999755859375
v -2025.0 -1550.0 599.999755859375
v -2025.0 -1550.0001220703125 -0.00021418581309262663
v -2025.0 -1550.0 599.999755859375
v -1975.0 -1550.0 599.999755859375
v 2425.0 -1549.9998779296875 -1.967012394743506e-05
v 1025.0 -1550.0 219.99990844726562
v 1025.0 -1549.9998779296875 285.6999206542969
v 1090.39990234375 -1549.9998779296875 285.6999206542969
v 1525.0 -1549.9998779296875 295.99993896484375
v 1734.9998779296875 -1549.9998779296875 295.99993896484375
v -1811.4072265625 -1550.0 299.9997863769531
v -1811.4072265625 -1550.0 499.9997863769531
v -1411.4072265625 -1550.0 499.99981689453125
v 2425.0 -1549.9998779296875 600.0
v -1411.4072265625 -1550.0 299.99981689453125
v 1734.9998779296875 -1549.9998779296875 249.99993896484375
v 1525.0 -1549.9998779296875 249.99993896484375
v 1090.39990234375 -1550.0 219.9999237060547
v 2430.0 -1554.9998779296875 610.0000610351562
v 2330.0 -1217.971435546875 610.0000610351562
v 2330.0 -1454.9998779296875 610.0000610351562
v 2430.0 -1125.375 610.0
v 2430.0 -1554.9998779296875 570.2670288085938
v 2430.0 -1125.375 610.0
v 2430.0 -1554.9998779296875 610.0000610351562
v 2430.0 -1125.375 570.2669677734375
v 2329.7333984375 -1454.733154296875 570.2670288085938
v 2430.0 -1125.375 570.2669677734375
v 2430.0 -1554.9998779296875 570.2670288085938
v 2329.7333984375 -1218.21826171875 570.2670288085938
v 2264.99755859375 -1212.966552734375 610.0
v 2364.99755859375 -1120.3701171875 610.0
v 2430.0 -1125.375 570.2669677734375
v 2364.99755859375 -1120.3701171875 610.0
v 2430.0 -1125.375 610.0
v 2364.99755859375 -1120.3701171875 570.2669677734375
v 2364.99755859375 -1120.3701171875 570.2669677734375
v 2264.73095703125 -1213.21337890625 570.2669677734375
v 2264.99755859375 -552.0357055664062 609.9999389648438
v 2364.99755859375 -644.632080078125 610.0
v 2364.99755859375 -1120.3701171875 570.2669677734375
v 2364.99755859375 -644.632080078125 610.0
v 2364.99755859375 -1120.3701171875 610.0
v 2364.99755859375 -644.632080078125 570.2669677734375
v 2364.99755859375 -644.632080078125 570.2669677734375
v 2264.73095703125 -551.7887573242188 570.2669067382812
v 2330.0 -547.03076171875 610.0
v 2430.0 -639.627197265625 610.0
v 2364.99755859375 -644.632080078125 570.2669677734375
v 2430.0 -639.627197265625 610.0
v 2364.99755859375 -644.632080078125 610.0
v 2430.0 -639.627197265625 570.2669677734375
v 2430.0 -639.627197265625 570.2669677734375
v 2329.733154296875 -546.7838134765625 570.2669677734375
v 2330.0 1155.0001220703125 609.9998168945312
v 2430.0 1255.0001220703125 609.9998168945312
v 2430.0 -639.627197265625 570.2669677734375
v 2430.0 1255.0001220703125 609.9998168945312
v 2430.0 -639.627197265625 610.0
v 2430.0 1255.0001220703125 570.2667846679688
v 2430.0 1255.0001220703125 570.2667846679688
v 2329.733154296875 1154.7335205078125 570.2667846679688
v -1375.0 1154.9998779296875 609.9996337890625
v -1375.0 1254.9998779296875 609.9996337890625
v 2430.0 1255.0001220703125 570.2667846679688
v -1375.0 1254.9998779296875 609.9996337890625
v 2430.0 1255.0001220703125 609.9998168945312
v -1375.0 1254.9998779296875 570.2666015625
v -1375.0 1254.9998779296875 570.2666015625
v -1375.0 1154.7332763671875 570.2666015625
v -1425.0 1154.9998779296875 609.9996337890625
v -1425.0 1254.9998779296875 609.9996337890625
v -1425.0 1254.9998779296875 609.9996337890625
v -1425.0 1254.9998779296875 570.2666015625
v -1425.0 1254.9998779296875 570.2666015625
v -1425.0 1154.7332763671875 570.2666015625
v -1975.0 -1555.0 609.9998168945312
v -1975.0 -1455.0 609.9998168945312
v -1975.0 -1555.0 570.2667846679688
v 2430.0 -1554.9998779296875 610.0000610351562
v -1975.0 -1555.0 609.9998168945312
v 2430.0 -1554.9998779296875 570.2670288085938
v -1975.0 -1454.7333984375 570.2667846679688
v -1975.0 -1555.0 570.2667846679688
v -1425.0 1154.9998779296875 609.9996337890625
v -1425.0 1254.9998779296875 570.2666015625
v -1425.0 1154.7332763671875 570.2666015625
v -1425.0 1254.9998779296875 609.9996337890625
v -1975.0 -1454.7333984375 570.2667846679688
v -1975.0 -1555.0 570.2667846679688
v -1975.0 -1455.0 609.9998168945312
v -1975.0 -1555.0 609.9998168945312
v 2404.99853515625 977.3438720703125 286.9997253417969
v 2425.0 1145.7437744140625 286.99969482421875
v 2425.0 977.3438720703125 286.9997253417969
v 2404.99853515625 1145.7437744140625 286.99969482421875
v 2404.99853515625 977.3438720703125 4.999758243560791
v 2425.0 977.3438720703125 4.999759197235107
v 2425.0 1145.7437744140625 4.999744415283203
v 2404.99853515625 1145.7437744140625 4.999743461608887
v 2404.99853515625 977.3438720703125 286.9997253417969
v 2425.0 977.3438720703125 4.999759197235107
v 2404.99853515625 977.3438720703125 4.999758243560791
v 2425.0 977.3438720703125 286.9997253417969
v 2404.99853515625 1145.7437744140625 286.99969482421875
v 2404.99853515625 1145.7437744140625 4.999743461608887
v 2425.0 1145.7437744140625 4.999744415283203
v 2425.0 1145.7437744140625 286.99969482421875
v 1008.5189208984375 1230.0050048828125 259.9996643066406
v 1132.0189208984375 1250.0001220703125 259.9996643066406
v 1132.0189208984375 1230.0050048828125 259.9996643066406
v 1008.5189208984375 1250.0001220703125 259.9996643066406
v 1008.5189208984375 1230.0050048828125 4.999675273895264
v 1132.0189208984375 1230.0050048828125 4.999680519104004
v 1132.0189208984375 1250.0001220703125 4.999679088592529
v 1008.5189208984375 1250.0001220703125 4.999673843383789
v 1132.0189208984375 1230.0050048828125 259.9996643066406
v 1132.0189208984375 1250.0001220703125 4.999679088592529
v 1132.0189208984375 1230.0050048828125 4.999680519104004
v 1132.0189208984375 1250.0001220703125 259.9996643066406
v 1008.5189208984375 1230.0050048828125 259.9996643066406
v 1008.5189208984375 1230.0050048828125 4.999675273895264
v 1008.5189208984375 1250.0001220703125 4.999673843383789
v 1008.5189208984375 1250.0001220703125 259.9996643066406
v 615.750732421875 1236.0001220703125 325.9996643066406
v 825.750732421875 1250.0001220703125 325.9996643066406
v 825.750732421875 1236.0001220703125 325.9996643066406
v 615.750732421875 1250.0001220703125 325.9996643066406
v 615.750732421875 1236.0001220703125 219.99964904785156
v 825.750732421875 1236.0001220703125 219.99966430664062
v 825.750732421875 1250.0001220703125 219.99966430664062
v 615.750732421875 1250.0001220703125 219.99964904785156
v 825.750732421875 1236.0001220703125 325.9996643066406
v 825.750732421875 1250.0001220703125 219.99966430664062
v 825.750732421875 1236.0001220703125 219.99966430664062
v 825.750732421875 1250.0001220703125 325.9996643066406
v 615.750732421875 1236.0001220703125 325.9996643066406
v 615.750732421875 1236.0001220703125 219.99964904785156
v 615.750732421875 1250.0001220703125 219.99964904785156
v 615.750732421875 1250.0001220703125 325.9996643066406
v 1525.0 -1535.9998779296875 295.99993896484375
v 1734.9998779296875 -1535.9998779296875 295.99993896484375
v 1525.0 -1549.9998779296875 295.99993896484375
v 1734.9998779296875 -1549.9998779296875 295.99993896484375
v 1525.0 -1535.9998779296875 249.99993896484375
v 1525.0 -1549.9998779296875 249.99993896484375
v 1734.9998779296875 -1535.9998779296875 249.99993896484375
v 1734.9998779296875 -1549.9998779296875 249.99993896484375
v 1525.0 -1535.9998779296875 295.99993896484375
v 1525.0 -1549.9998779296875 249.99993896484375
v 1525.0 -1535.9998779296875 249.99993896484375
v 1525.0 -1549.9998779296875 295.99993896484375
v 1734.9998779296875 -1535.9998779296875 295.99993896484375
v 1734.9998779296875 -1535.9998779296875 249.99993896484375
v 1734.9998779296875 -1549.9998779296875 249.99993896484375
v 1734.9998779296875 -1549.9998779296875 295.99993896484375
v 2225.0 50.0001220703125 599.9998168945312
v 2425.0 50.0001220703125 599.9998779296875
v 2425.0 850.0001220703125 599.9998168945312
v 2225.0 850.0001220703125 599.999755859375
v 2225.0 -349.9998779296875 599.9998168945312
v 2225.0 -1149.9998779296875 599.9998779296875
v 2359.99755859375 -640.0022583007812 599.9999389648438
v 2425.0 -349.9998779296875 599.9998779296875
v 2425.0 -1149.9998779296875 599.9999389648438
v 2425.0 -1130.0047607421875 599.9999389648438
v 2359.99755859375 -1124.9998779296875 599.9999389648438
v 2425.0 -634.9973754882812 599.9999389648438
v -2025.0 1249.9998779296875 599.99951171875
v -1975.0 -550.0000610351562 599.9996948242188
v -2025.0 -1359.033203125 599.999755859375
v -1425.0 1249.9998779296875 599.9995727539062
v -1975.0 -1359.033203125 599.999755859375
v -1175.0 -550.0 599.999755859375
v -1375.0 849.9998779296875 599.9996337890625
v -1175.0 849.9998779296875 599.9996337890625
v -1425.0 1199.9998779296875 599.9995727539062
v -1375.0 1199.9998779296875 599.9995727539062
v 2425.0 -1349.9998779296875 600.0
v 2600.0 -1149.9998779296875 599.9999389648438
v 2600.0 -1349.9998779296875 600.0
v 2675.0 -1249.9998779296875 600.0
v 2425.0 -1149.9998779296875 599.9999389648438
v 2425.0 1050.0001220703125 599.999755859375
v 2575.0 850.0001220703125 599.9998168945312
v 2425.0 850.0001220703125 599.9998168945312
v 2599.999755859375 1050.0001220703125 599.999755859375
v 2674.999755859375 950.0001220703125 599.999755859375
v 1700.0 -1549.9998779296875 599.9999389648438
v 1699.9998779296875 -1549.999755859375 2650.0
v 2425.0 -1549.9996337890625 2650.0
v 2425.0 -1349.9998779296875 600.0
v 2425.0 -1549.9996337890625 2650.0
v 2425.0 -1349.999755859375 2650.0
v 2425.0 -1349.9998779296875 600.0
v 2225.0 -1149.9998779296875 599.9998779296875
v 2425.0 -1349.9996337890625 2650.0
v 2225.0 -1149.9996337890625 2650.0
v 2225.0 -1149.9998779296875 599.9998779296875
v 2225.0 -350.0 599.9998168945312
v 2225.0 -1149.9996337890625 2650.0
v 2224.999755859375 -349.999755859375 2650.0
v 2225.0 -349.9998779296875 599.9998168945312
v 2225.0 50.0001220703125 599.9998168945312
v 2224.999755859375 -349.9996337890625 2650.0
v 2224.999755859375 50.0003662109375 2649.999755859375
v 2225.0 850.0001220703125 599.999755859375
v 2224.999755859375 850.0003662109375 2649.999755859375
v 2225.0 850.0001220703125 599.999755859375
v 2425.0 1050.0001220703125 599.999755859375
v 2224.999755859375 850.0003662109375 2649.999755859375
v 2424.999755859375 1050.0003662109375 2649.999755859375
v 2425.0 1050.0001220703125 599.999755859375
v 2425.0 1250.0001220703125 599.999755859375
v 2424.999755859375 1050.0003662109375 2649.999755859375
v 2424.999755859375 1250.0003662109375 2649.999755859375
v -2025.0 1249.9998779296875 599.99951171875
v 1624.9998779296875 1250.0001220703125 849.9996948242188
v -575.0 1249.9998779296875 1049.9996337890625
v -875.0 1249.9998779296875 1049.9996337890625
v 1624.9998779296875 1250.0001220703125 1349.999755859375
v -575.0 1250.0001220703125 1549.9996337890625
v -875.0 1250.0001220703125 1549.9996337890625
v 1624.999755859375 1250.0003662109375 1799.999755859375
v -575.0 1250.0001220703125 1999.9996337890625
v -875.0 1250.0001220703125 1999.9996337890625
v 1624.999755859375 1250.0003662109375 2249.999755859375
v -575.0 1250.0001220703125 2449.99951171875
v -875.0 1250.0001220703125 2449.99951171875
v 2424.999755859375 1250.0003662109375 2649.999755859375
v 1624.9998779296875 1250.0001220703125 1049.999755859375
v 1324.9998779296875 1250.0001220703125 1049.9996337890625
v 275.0 1250.0003662109375 1549.9996337890625
v 1324.999755859375 1250.0003662109375 1999.9996337890625
v 275.0 1250.0003662109375 2449.999755859375
v 425.0 1250.0003662109375 1549.9996337890625
v 1624.999755859375 1250.0003662109375 1999.999755859375
v 425.0 1250.0003662109375 2449.999755859375
v 1324.999755859375 1250.0003662109375 1549.9996337890625
v 1324.999755859375 1250.0003662109375 2449.999755859375
v 1624.999755859375 1250.0003662109375 1549.999755859375
v 1624.999755859375 1250.0003662109375 2449.999755859375
v -2025.0 1250.0001220703125 2649.99951171875
v 1324.999755859375 1250.0003662109375 2249.999755859375
v 1324.999755859375 1250.0003662109375 1799.9996337890625
v 1324.9998779296875 1250.0001220703125 1349.9996337890625
v 1324.9998779296875 1250.0001220703125 849.9996948242188
v -875.0 1250.0001220703125 2249.99951171875
v 425.0 1250.0003662109375 2249.999755859375
v -575.0 1250.0001220703125 1799.9996337890625
v 425.0 1250.0001220703125 1349.9996337890625
v -575.0 1249.9998779296875 849.9995727539062
v 275.0 1250.0003662109375 2249.999755859375
v -875.0 1250.0001220703125 1799.9996337890625
v 275.0 1250.0001220703125 1349.9996337890625
v -875.0 1249.9998779296875 849.9995727539062
v -575.0 1250.0001220703125 2249.99951171875
v -575.0 1249.9998779296875 1349.9996337890625
v -875.0 1249.9998779296875 1349.9996337890625
v -1225.0 -1550.0 849.9998168945312
v 975.0 -1549.9998779296875 1049.9998779296875
v 1275.0 -1549.9998779296875 1049.9998779296875
v -1225.0 -1550.0 1349.999755859375
v 974.9998779296875 -1549.9998779296875 1549.9998779296875
v 1274.9998779296875 -1549.999755859375 1549.9998779296875
v -1225.0 -1549.9998779296875 1799.999755859375
v 974.9998779296875 -1549.999755859375 1999.9998779296875
v 1274.9998779296875 -1549.999755859375 1999.9998779296875
v -1225.0 -1549.9998779296875 2249.999755859375
v 974.9998779296875 -1549.999755859375 2450.0
v 1274.9998779296875 -1549.999755859375 2450.0
v -2025.0 -1549.9998779296875 2649.999755859375
v -1225.0 -1550.0 1049.999755859375
v -925.0 -1550.0 1049.9998779296875
v 125.0 -1549.9998779296875 1549.9998779296875
v -925.0 -1549.9998779296875 1999.9998779296875
v 125.0 -1549.999755859375 2449.999755859375
v -25.0 -1549.9998779296875 1549.9998779296875
v -1225.0 -1549.9998779296875 1999.999755859375
v -25.0 -1549.999755859375 2449.999755859375
v -925.0 -1549.9998779296875 1549.9998779296875
v -925.0 -1549.9998779296875 2449.999755859375
v -1225.0 -1549.9998779296875 1549.999755859375
v -1225.0 -1549.9998779296875 2449.999755859375
v -925.0 -1549.9998779296875 2249.999755859375
v -925.0 -1549.9998779296875 1799.9998779296875
v -925.0 -1549.9998779296875 1349.9998779296875
v -925.0 -1550.0 849.9998168945312
v 1274.9998779296875 -1549.999755859375 2250.0
v -25.0 -1549.999755859375 2249.999755859375
v 974.9998779296875 -1549.999755859375 1799.9998779296875
v -25.0 -1549.9998779296875 1349.9998779296875
v 975.0 -1549.9998779296875 849.9999389648438
v 125.0 -1549.999755859375 2249.999755859375
v 1274.9998779296875 -1549.999755859375 1799.9998779296875
v 125.0 -1549.9998779296875 1349.9998779296875
v 1275.0 -1549.9998779296875 849.9999389648438
v 974.9998779296875 -1549.999755859375 2250.0
v 975.0 -1549.9998779296875 1349.9998779296875
v 1275.0 -1549.9998779296875 1349.9998779296875
v 1699.9998779296875 -1507.5997314453125 2725.2001953125
v 2382.599853515625 -1507.5997314453125 2715.199951171875
v 1699.9998779296875 -1507.5997314453125 2715.199951171875
v 2382.599853515625 -1507.5997314453125 2725.2001953125
v 1699.9998779296875 -1512.3997802734375 2725.2001953125
v 2382.599853515625 -1507.5997314453125 2725.2001953125
v 1699.9998779296875 -1507.5997314453125 2725.2001953125
v 2387.39990234375 -1512.399658203125 2725.2001953125
v 1699.9998779296875 -1512.3997802734375 2715.199951171875
v 2387.39990234375 -1512.399658203125 2725.2001953125
v 1699.9998779296875 -1512.3997802734375 2725.2001953125
v 2387.39990234375 -1512.399658203125 2715.199951171875
v 1699.9998779296875 -1507.5997314453125 2715.199951171875
v 2387.39990234375 -1512.399658203125 2715.199951171875
v 1699.9998779296875 -1512.3997802734375 2715.199951171875
v 2382.599853515625 -1507.5997314453125 2715.199951171875
v 1699.9998779296875 -1511.5997314453125 2769.599853515625
v 2381.7998046875 -1506.7996826171875 2769.599853515625
v 1699.9998779296875 -1506.7996826171875 2769.599853515625
v 2386.599853515625 -1511.599609375 2769.599853515625
v 1699.9998779296875 -1511.5997314453125 2759.60009765625
v 2386.599853515625 -1511.599609375 2769.599853515625
v 1699.9998779296875 -1511.5997314453125 2769.599853515625
v 2386.599853515625 -1511.5997314453125 2759.60009765625
v 1699.9998779296875 -1506.7996826171875 2759.60009765625
v 2386.599853515625 -1511.5997314453125 2759.60009765625
v 1699.9998779296875 -1511.5997314453125 2759.60009765625
v 2381.7998046875 -1506.7996826171875 2759.60009765625
v 1699.9998779296875 -1506.7996826171875 2769.599853515625
v 2381.7998046875 -1506.7996826171875 2759.60009765625
v 1699.9998779296875 -1506.7996826171875 2759.60009765625
v 2381.7998046875 -1506.7996826171875 2769.599853515625
v 1699.9998779296875 -1511.999755859375 2675.60009765625
v 2382.199951171875 -1507.19970703125 2675.60009765625
v 1699.9998779296875 -1507.19970703125 2675.60009765625
v 2387.0 -1511.9996337890625 2675.60009765625
v 1699.9998779296875 -1507.19970703125 2675.60009765625
v 2382.199951171875 -1507.19970703125 2665.60009765625
v 1699.9998779296875 -1507.19970703125 2665.60009765625
v 2382.199951171875 -1507.19970703125 2675.60009765625
v 1699.9998779296875 -1507.19970703125 2665.60009765625
v 2387.0 -1511.9996337890625 2665.60009765625
v 1699.9998779296875 -1511.999755859375 2665.60009765625
v 2382.199951171875 -1507.19970703125 2665.60009765625
v 1699.9998779296875 -1511.999755859375 2665.60009765625
v 2387.0 -1511.9996337890625 2675.60009765625
v 1699.9998779296875 -1511.999755859375 2675.60009765625
v 2387.0 -1511.9996337890625 2665.60009765625
v 2382.599853515625 -1507.5997314453125 2725.2001953125
v 2382.599853515625 -1367.562255859375 2715.199951171875
v 2382.599853515625 -1507.5997314453125 2715.199951171875
v 2382.599853515625 -1367.562255859375 2725.2001953125
v 2382.599853515625 -1367.562255859375 2725.2001953125
v 2387.39990234375 -1365.5740966796875 2725.2001953125
v 2387.39990234375 -1512.399658203125 2715.199951171875
v 2387.39990234375 -1365.5740966796875 2725.2001953125
v 2387.39990234375 -1512.399658203125 2725.2001953125
v 2387.39990234375 -1365.5740966796875 2715.199951171875
v 2387.39990234375 -1365.5740966796875 2715.199951171875
v 2382.599853515625 -1367.562255859375 2715.199951171875
v 2381.7998046875 -1367.8936767578125 2769.599853515625
v 2386.599853515625 -1365.905517578125 2769.599853515625
v 2386.599853515625 -1511.5997314453125 2759.60009765625
v 2386.599853515625 -1365.905517578125 2769.599853515625
v 2386.599853515625 -1511.599609375 2769.599853515625
v 2386.599853515625 -1365.905517578125 2759.60009765625
v 2386.599853515625 -1365.905517578125 2759.60009765625
v 2381.7998046875 -1367.8936767578125 2759.60009765625
v 2381.7998046875 -1506.7996826171875 2769.599853515625
v 2381.7998046875 -1367.8936767578125 2759.60009765625
v 2381.7998046875 -1506.7996826171875 2759.60009765625
v 2381.7998046875 -1367.8936767578125 2769.599853515625
v 2382.199951171875 -1367.72802734375 2675.60009765625
v 2387.0 -1365.73974609375 2675.60009765625
v 2382.199951171875 -1507.19970703125 2675.60009765625
v 2382.199951171875 -1367.72802734375 2665.60009765625
v 2382.199951171875 -1507.19970703125 2665.60009765625
v 2382.199951171875 -1367.72802734375 2675.60009765625
v 2387.0 -1365.73974609375 2665.60009765625
v 2382.199951171875 -1367.72802734375 2665.60009765625
v 2387.0 -1511.9996337890625 2665.60009765625
v 2387.0 -1365.73974609375 2675.60009765625
v 2387.0 -1511.9996337890625 2675.60009765625
v 2387.0 -1365.73974609375 2665.60009765625
v 2382.599853515625 -1367.562255859375 2725.2001953125
v 2195.0185546875 -1179.98095703125 2715.199951171875
v 2382.599853515625 -1367.562255859375 2715.199951171875
v 2195.0185546875 -1179.98095703125 2725.2001953125
v 2195.0185546875 -1179.98095703125 2725.2001953125
v 2198.41259765625 -1176.5869140625 2725.2001953125
v 2387.39990234375 -1365.5740966796875 2715.199951171875
v 2198.41259765625 -1176.5869140625 2725.2001953125
v 2387.39990234375 -1365.5740966796875 2725.2001953125
v 2198.41259765625 -1176.5869140625 2715.199951171875
v 2198.41259765625 -1176.5869140625 2715.199951171875
v 2195.0185546875 -1179.98095703125 2715.199951171875
v 2194.452880859375 -1180.546630859375 2769.599853515625
v 2197.846923828125 -1177.152587890625 2769.599853515625
v 2386.599853515625 -1365.905517578125 2759.60009765625
v 2197.846923828125 -1177.152587890625 2769.599853515625
v 2386.599853515625 -1365.905517578125 2769.599853515625
v 2197.846923828125 -1177.152587890625 2759.60009765625
v 2197.846923828125 -1177.152587890625 2759.60009765625
v 2194.452880859375 -1180.546630859375 2759.60009765625
v 2381.7998046875 -1367.8936767578125 2769.599853515625
v 2194.452880859375 -1180.546630859375 2759.60009765625
v 2381.7998046875 -1367.8936767578125 2759.60009765625
v 2194.452880859375 -1180.546630859375 2769.599853515625
v 2194.73583984375 -1180.263916015625 2675.60009765625
v 2198.1298828125 -1176.8697509765625 2675.60009765625
v 2382.199951171875 -1367.72802734375 2675.60009765625
v 2194.73583984375 -1180.263916015625 2665.60009765625
v 2382.199951171875 -1367.72802734375 2665.60009765625
v 2194.73583984375 -1180.263916015625 2675.60009765625
v 2198.1298828125 -1176.8697509765625 2665.60009765625
v 2194.73583984375 -1180.263916015625 2665.60009765625
v 2387.0 -1365.73974609375 2665.60009765625
v 2198.1298828125 -1176.8697509765625 2675.60009765625
v 2387.0 -1365.73974609375 2675.60009765625
v 2198.1298828125 -1176.8697509765625 2665.60009765625
v 2382.599853515625 1050.0003662109375 2725.199951171875
v 2382.599853515625 1207.6004638671875 2715.19970703125
v 2382.599853515625 1050.0003662109375 2715.19970703125
v 2382.599853515625 1207.6004638671875 2725.199951171875
v 2387.39990234375 1050.0003662109375 2725.199951171875
v 2382.599853515625 1207.6004638671875 2725.199951171875
v 2382.599853515625 1050.0003662109375 2725.199951171875
v 2387.39990234375 1212.4005126953125 2725.199951171875
v 2387.39990234375 1050.0003662109375 2715.19970703125
v 2387.39990234375 1212.4005126953125 2725.199951171875
v 2387.39990234375 1050.0003662109375 2725.199951171875
v 2387.39990234375 1212.4005126953125 2715.19970703125
v 2382.599853515625 1050.0003662109375 2715.19970703125
v 2387.39990234375 1212.4005126953125 2715.19970703125
v 2387.39990234375 1050.0003662109375 2715.19970703125
v 2382.599853515625 1207.6004638671875 2715.19970703125
v 2386.599853515625 1050.0003662109375 2769.599609375
v 2381.7998046875 1206.8004150390625 2769.599609375
v 2381.7998046875 1050.0003662109375 2769.599609375
v 2386.599853515625 1211.6002197265625 2769.599609375
v 2386.599853515625 1050.0003662109375 2759.599853515625
v 2386.599853515625 1211.6002197265625 2769.599609375
v 2386.599853515625 1050.0003662109375 2769.599609375
v 2386.599853515625 1211.6002197265625 2759.599853515625
v 2381.7998046875 1050.0003662109375 2759.599853515625
v 2386.599853515625 1211.6002197265625 2759.599853515625
v 2386.599853515625 1050.0003662109375 2759.599853515625
v 2381.7998046875 1206.8004150390625 2759.599853515625
v 2381.7998046875 1050.0003662109375 2769.599609375
v 2381.7998046875 1206.8004150390625 2759.599853515625
v 2381.7998046875 1050.0003662109375 2759.599853515625
v 2381.7998046875 1206.8004150390625 2769.599609375
v 2386.999755859375 1050.0003662109375 2675.599853515625
v 2382.19970703125 1207.2003173828125 2675.599853515625
v 2382.19970703125 1050.0003662109375 2675.599853515625
v 2386.999755859375 1212.0003662109375 2675.599853515625
v 2382.19970703125 1050.0003662109375 2675.599853515625
v 2382.19970703125 1207.2003173828125 2665.599853515625
v 2382.19970703125 1050.0003662109375 2665.599853515625
v 2382.19970703125 1207.2003173828125 2675.599853515625
v 2382.19970703125 1050.0003662109375 2665.599853515625
v 2386.999755859375 1212.0003662109375 2665.599853515625
v 2386.999755859375 1050.0003662109375 2665.599853515625
v 2382.19970703125 1207.2003173828125 2665.599853515625
v 2386.999755859375 1050.0003662109375 2665.599853515625
v 2386.999755859375 1212.0003662109375 2675.599853515625
v 2386.999755859375 1050.0003662109375 2675.599853515625
v 2386.999755859375 1212.0003662109375 2665.599853515625
v 2382.599853515625 1207.6004638671875 2725.199951171875
v -2025.0 1207.6002197265625 2715.199462890625
v 2382.599853515625 1207.6004638671875 2715.19970703125
v -2025.0 1207.6002197265625 2725.19970703125
v -2025.0 1207.6002197265625 2725.19970703125
v -2025.0 1212.4002685546875 2725.19970703125
v 2387.39990234375 1212.4005126953125 2715.19970703125
v -2025.0 1212.4002685546875 2725.19970703125
v 2387.39990234375 1212.4005126953125 2725.199951171875
v -2025.0 1212.4002685546875 2715.199462890625
v -2025.0 1212.4002685546875 2715.199462890625
v -2025.0 1207.6002197265625 2715.199462890625
v -2025.0 1206.8001708984375 2769.599365234375
v -2025.0 1211.5999755859375 2769.599365234375
v 2386.599853515625 1211.6002197265625 2759.599853515625
v -2025.0 1211.5999755859375 2769.599365234375
v 2386.599853515625 1211.6002197265625 2769.599609375
v -2025.0 1211.5999755859375 2759.599609375
v -2025.0 1211.5999755859375 2759.599609375
v -2025.0 1206.8001708984375 2759.599609375
v 2381.7998046875 1206.8004150390625 2769.599609375
v -2025.0 1206.8001708984375 2759.599609375
v 2381.7998046875 1206.8004150390625 2759.599853515625
v -2025.0 1206.8001708984375 2769.599365234375
v -2025.0 1207.2000732421875 2675.599609375
v -2025.0 1212.0001220703125 2675.599609375
v 2382.19970703125 1207.2003173828125 2675.599853515625
v -2025.0 1207.2000732421875 2665.599609375
v 2382.19970703125 1207.2003173828125 2665.599853515625
v -2025.0 1207.2000732421875 2675.599609375
v -2025.0 1212.0001220703125 2665.599609375
v -2025.0 1207.2000732421875 2665.599609375
v 2386.999755859375 1212.0003662109375 2665.599853515625
v -2025.0 1212.0001220703125 2675.599609375
v 2386.999755859375 1212.0003662109375 2675.599853515625
v -2025.0 1212.0001220703125 2665.599609375
v 1699.9998779296875 -1507.5997314453125 2715.199951171875
v 1699.9998779296875 -1512.3997802734375 2715.199951171875
v 1699.9998779296875 -1507.5997314453125 2725.2001953125
v 1699.9998779296875 -1512.3997802734375 2725.2001953125
v 1699.9998779296875 -1506.7996826171875 2759.60009765625
v 1699.9998779296875 -1511.5997314453125 2759.60009765625
v 1699.9998779296875 -1506.7996826171875 2769.599853515625
v 1699.9998779296875 -1511.5997314453125 2769.599853515625
v 1699.9998779296875 -1511.999755859375 2665.60009765625
v 1699.9998779296875 -1511.999755859375 2675.60009765625
v 1699.9998779296875 -1507.19970703125 2675.60009765625
v 1699.9998779296875 -1507.19970703125 2665.60009765625
v 2195.0185546875 -1179.98095703125 2725.2001953125
v 2198.41259765625 -1176.5869140625 2715.199951171875
v 2195.0185546875 -1179.98095703125 2715.199951171875
v 2198.41259765625 -1176.5869140625 2725.2001953125
v 2194.452880859375 -1180.546630859375 2769.599853515625
v 2197.846923828125 -1177.152587890625 2759.60009765625
v 2194.452880859375 -1180.546630859375 2759.60009765625
v 2197.846923828125 -1177.152587890625 2769.599853515625
v 2194.73583984375 -1180.263916015625 2675.60009765625
v 2198.1298828125 -1176.8697509765625 2675.60009765625
v 2198.1298828125 -1176.8697509765625 2665.60009765625
v 2194.73583984375 -1180.263916015625 2665.60009765625
v 2382.599853515625 1050.0003662109375 2715.19970703125
v 2387.39990234375 1050.0003662109375 2715.19970703125
v 2382.599853515625 1050.0003662109375 2725.199951171875
v 2387.39990234375 1050.0003662109375 2725.199951171875
v 2381.7998046875 1050.0003662109375 2759.599853515625
v 2386.599853515625 1050.0003662109375 2759.599853515625
v 2381.7998046875 1050.0003662109375 2769.599609375
v 2386.599853515625 1050.0003662109375 2769.599609375
v 2386.999755859375 1050.0003662109375 2665.599853515625
v 2386.999755859375 1050.0003662109375 2675.599853515625
v 2382.19970703125 1050.0003662109375 2675.599853515625
v 2382.19970703125 1050.0003662109375 2665.599853515625
v -2025.0 1207.6002197265625 2725.19970703125
v -2025.0 1212.4002685546875 2715.199462890625
v -2025.0 1207.6002197265625 2715.199462890625
v -2025.0 1212.4002685546875 2725.19970703125
v -2025.0 1206.8001708984375 2769.599365234375
v -2025.0 1211.5999755859375 2759.599609375
v -2025.0 1206.8001708984375 2759.599609375
v -2025.0 1211.5999755859375 2769.599365234375
v -2025.0 1207.2000732421875 2675.599609375
v -2025.0 1212.0001220703125 2675.599609375
v -2025.0 1212.0001220703125 2665.599609375
v -2025.0 1207.2000732421875 2665.599609375
v -875.0 1229.9998779296875 1049.9996337890625
v -575.0 1249.9998779296875 1049.9996337890625
v -575.0 1229.9998779296875 1049.9996337890625
v -875.0 1249.9998779296875 1049.9996337890625
v -875.0 1229.9998779296875 849.9995727539062
v -575.0 1229.9998779296875 849.9995727539062
v -575.0 1249.9998779296875 849.9995727539062
v -875.0 1249.9998779296875 849.9995727539062
v -575.0 1229.9998779296875 1049.9996337890625
v -575.0 1249.9998779296875 849.9995727539062
v -575.0 1229.9998779296875 849.9995727539062
v -575.0 1249.9998779296875 1049.9996337890625
v -875.0 1229.9998779296875 1049.9996337890625
v -875.0 1229.9998779296875 849.9995727539062
v -875.0 1249.9998779296875 849.9995727539062
v -875.0 1249.9998779296875 1049.9996337890625
v -875.0 1230.0001220703125 1549.9996337890625
v -575.0 1250.0001220703125 1549.9996337890625
v -575.0 1230.0001220703125 1549.9996337890625
v -875.0 1250.0001220703125 1549.9996337890625
v -875.0 1229.9998779296875 1349.9996337890625
v -575.0 1229.9998779296875 1349.9996337890625
v -575.0 1249.9998779296875 1349.9996337890625
v -875.0 1249.9998779296875 1349.9996337890625
v -575.0 1230.0001220703125 1549.9996337890625
v -575.0 1249.9998779296875 1349.9996337890625
v -575.0 1229.9998779296875 1349.9996337890625
v -575.0 1250.0001220703125 1549.9996337890625
v -875.0 1230.0001220703125 1549.9996337890625
v -875.0 1229.9998779296875 1349.9996337890625
v -875.0 1249.9998779296875 1349.9996337890625
v -875.0 1250.0001220703125 1549.9996337890625
v -875.0 1230.0001220703125 1999.9996337890625
v -575.0 1250.0001220703125 1999.9996337890625
v -575.0 1230.0001220703125 1999.9996337890625
v -875.0 1250.0001220703125 1999.9996337890625
v -875.0 1230.0001220703125 1799.9996337890625
v -575.0 1230.0001220703125 1799.9996337890625
v -575.0 1250.0001220703125 1799.9996337890625
v -875.0 1250.0001220703125 1799.9996337890625
v -575.0 1230.0001220703125 1999.9996337890625
v -575.0 1250.0001220703125 1799.9996337890625
v -575.0 1230.0001220703125 1799.9996337890625
v -575.0 1250.0001220703125 1999.9996337890625
v -875.0 1230.0001220703125 1999.9996337890625
v -875.0 1230.0001220703125 1799.9996337890625
v -875.0 1250.0001220703125 1799.9996337890625
v -875.0 1250.0001220703125 1999.9996337890625
v -875.0 1230.0001220703125 2449.99951171875
v -575.0 1250.0001220703125 2449.99951171875
v -575.0 1230.0001220703125 2449.99951171875
v -875.0 1250.0001220703125 2449.99951171875
v -875.0 1230.0001220703125 2249.99951171875
v -575.0 1230.0001220703125 2249.99951171875
v -575.0 1250.0001220703125 2249.99951171875
v -875.0 1250.0001220703125 2249.99951171875
v -575.0 1230.0001220703125 2449.99951171875
v -575.0 1250.0001220703125 2249.99951171875
v -575.0 1230.0001220703125 2249.99951171875
v -575.0 1250.0001220703125 2449.99951171875
v -875.0 1230.0001220703125 2449.99951171875
v -875.0 1230.0001220703125 2249.99951171875
v -875.0 1250.0001220703125 2249.99951171875
v -875.0 1250.0001220703125 2449.99951171875
v 275.0 1230.0003662109375 2449.999755859375
v 425.0 1250.0003662109375 2449.999755859375
v 425.0 1230.0003662109375 2449.999755859375
v 275.0 1250.0003662109375 2449.999755859375
v 275.0 1230.0003662109375 2249.999755859375
v 425.0 1230.0003662109375 2249.999755859375
v 425.0 1250.0003662109375 2249.999755859375
v 275.0 1250.0003662109375 2249.999755859375
v 425.0 1230.0003662109375 2449.999755859375
v 425.0 1250.0003662109375 2249.999755859375
v 425.0 1230.0003662109375 2249.999755859375
v 425.0 1250.0003662109375 2449.999755859375
v 275.0 1230.0003662109375 2449.999755859375
v 275.0 1230.0003662109375 2249.999755859375
v 275.0 1250.0003662109375 2249.999755859375
v 275.0 1250.0003662109375 2449.999755859375
v 275.0 1230.0003662109375 1549.9996337890625
v 425.0 1250.0003662109375 1549.9996337890625
v 425.0 1230.0003662109375 1549.9996337890625
v 275.0 1250.0003662109375 1549.9996337890625
v 275.0 1230.0001220703125 1349.9996337890625
v 425.0 1230.0001220703125 1349.9996337890625
v 425.0 1250.0001220703125 1349.9996337890625
v 275.0 1250.0001220703125 1349.9996337890625
v 425.0 1230.0003662109375 1549.9996337890625
v 425.0 1250.0001220703125 1349.9996337890625
v 425.0 1230.0001220703125 1349.9996337890625
v 425.0 1250.0003662109375 1549.9996337890625
v 275.0 1230.0003662109375 1549.9996337890625
v 275.0 1230.0001220703125 1349.9996337890625
v 275.0 1250.0001220703125 1349.9996337890625
v 275.0 1250.0003662109375 1549.9996337890625
v 1324.999755859375 1230.0003662109375 2449.999755859375
v 1624.999755859375 1250.0003662109375 2449.999755859375
v 1624.999755859375 1230.0003662109375 2449.999755859375
v 1324.999755859375 1250.0003662109375 2449.999755859375
v 1324.999755859375 1230.0003662109375 2249.999755859375
v 1624.999755859375 1230.0003662109375 2249.999755859375
v 1624.999755859375 1250.0003662109375 2249.999755859375
v 1324.999755859375 1250.0003662109375 2249.999755859375
v 1624.999755859375 1230.0003662109375 2449.999755859375
v 1624.999755859375 1250.0003662109375 2249.999755859375
v 1624.999755859375 1230.0003662109375 2249.999755859375
v 1624.999755859375 1250.0003662109375 2449.999755859375
v 1324.999755859375 1230.0003662109375 2449.999755859375
v 1324.999755859375 1230.0003662109375 2249.999755859375
v 1324.999755859375 1250.0003662109375 2249.999755859375
v 1324.999755859375 1250.0003662109375 2449.999755859375
v 1324.999755859375 1230.0003662109375 1999.9996337890625
v 1624.999755859375 1250.0003662109375 1999.999755859375
v 1624.999755859375 1230.0003662109375 1999.999755859375
v 1324.999755859375 1250.0003662109375 1999.9996337890625
v 1324.999755859375 1230.0003662109375 1799.9996337890625
v 1624.999755859375 1230.0003662109375 1799.999755859375
v 1624.999755859375 1250.0003662109375 1799.999755859375
v 1324.999755859375 1250.0003662109375 1799.9996337890625
v 1624.999755859375 1230.0003662109375 1999.999755859375
v 1624.999755859375 1250.0003662109375 1799.999755859375
v 1624.999755859375 1230.0003662109375 1799.999755859375
v 1624.999755859375 1250.0003662109375 1999.999755859375
v 1324.999755859375 1230.0003662109375 1999.9996337890625
v 1324.999755859375 1230.0003662109375 1799.9996337890625
v 1324.999755859375 1250.0003662109375 1799.9996337890625
v 1324.999755859375 1250.0003662109375 1999.9996337890625
v 1324.999755859375 1230.0003662109375 1549.9996337890625
v 1624.999755859375 1250.0003662109375 1549.999755859375
v 1624.999755859375 1230.0003662109375 1549.999755859375
v 1324.999755859375 1250.0003662109375 1549.9996337890625
v 1324.9998779296875 1230.0001220703125 1349.9996337890625
v 1624.9998779296875 1230.0001220703125 1349.999755859375
v 1624.9998779296875 1250.0001220703125 1349.999755859375
v 1324.9998779296875 1250.0001220703125 1349.9996337890625
v 1624.999755859375 1230.0003662109375 1549.999755859375
v 1624.9998779296875 1250.0001220703125 1349.999755859375
v 1624.9998779296875 1230.0001220703125 1349.999755859375
v 1624.999755859375 1250.0003662109375 1549.999755859375
v 1324.999755859375 1230.0003662109375 1549.9996337890625
v 1324.9998779296875 1230.0001220703125 1349.9996337890625
v 1324.9998779296875 1250.0001220703125 1349.9996337890625
v 1324.999755859375 1250.0003662109375 1549.9996337890625
v 1324.9998779296875 1230.0001220703125 1049.9996337890625
v 1624.9998779296875 1250.0001220703125 1049.999755859375
v 1624.9998779296875 1230.0001220703125 1049.999755859375
v 1324.9998779296875 1250.0001220703125 1049.9996337890625
v 1324.9998779296875 1230.0001220703125 849.9996948242188
v 1624.9998779296875 1230.0001220703125 849.9996948242188
v 1624.9998779296875 1250.0001220703125 849.9996948242188
v 1324.9998779296875 1250.0001220703125 849.9996948242188
v 1624.9998779296875 1230.0001220703125 1049.999755859375
v 1624.9998779296875 1250.0001220703125 849.9996948242188
v 1624.9998779296875 1230.0001220703125 849.9996948242188
v 1624.9998779296875 1250.0001220703125 1049.999755859375
v 1324.9998779296875 1230.0001220703125 1049.9996337890625
v 1324.9998779296875 1230.0001220703125 849.9996948242188
v 1324.9998779296875 1250.0001220703125 849.9996948242188
v 1324.9998779296875 1250.0001220703125 1049.9996337890625
v -1225.0 -1530.0 1049.999755859375
v -925.0 -1530.0 1049.9998779296875
v -1225.0 -1550.0 1049.999755859375
v -925.0 -1550.0 1049.9998779296875
v -1225.0 -1530.0 849.9998168945312
v -1225.0 -1550.0 849.9998168945312
v -925.0 -1530.0 849.9998168945312
v -925.0 -1550.0 849.9998168945312
v -1225.0 -1530.0 1049.999755859375
v -1225.0 -1550.0 849.9998168945312
v -1225.0 -1530.0 849.9998168945312
v -1225.0 -1550.0 1049.999755859375
v -925.0 -1530.0 1049.9998779296875
v -925.0 -1530.0 849.9998168945312
v -925.0 -1550.0 849.9998168945312
v -925.0 -1550.0 1049.9998779296875
v -1225.0 -1529.9998779296875 1549.999755859375
v -925.0 -1529.9998779296875 1549.9998779296875
v -1225.0 -1549.9998779296875 1549.999755859375
v -925.0 -1549.9998779296875 1549.9998779296875
v -1225.0 -1530.0 1349.999755859375
v -1225.0 -1550.0 1349.999755859375
v -925.0 -1529.9998779296875 1349.9998779296875
v -925.0 -1549.9998779296875 1349.9998779296875
v -1225.0 -1529.9998779296875 1549.999755859375
v -1225.0 -1550.0 1349.999755859375
v -1225.0 -1530.0 1349.999755859375
v -1225.0 -1549.9998779296875 1549.999755859375
v -925.0 -1529.9998779296875 1549.9998779296875
v -925.0 -1529.9998779296875 1349.9998779296875
v -925.0 -1549.9998779296875 1349.9998779296875
v -925.0 -1549.9998779296875 1549.9998779296875
v -1225.0 -1529.9998779296875 1999.999755859375
v -925.0 -1529.9998779296875 1999.9998779296875
v -1225.0 -1549.9998779296875 1999.999755859375
v -925.0 -1549.9998779296875 1999.9998779296875
v -1225.0 -1529.9998779296875 1799.999755859375
v -1225.0 -1549.9998779296875 1799.999755859375
v -925.0 -1529.9998779296875 1799.9998779296875
v -925.0 -1549.9998779296875 1799.9998779296875
v -1225.0 -1529.9998779296875 1999.999755859375
v -1225.0 -1549.9998779296875 1799.999755859375
v -1225.0 -1529.9998779296875 1799.999755859375
v -1225.0 -1549.9998779296875 1999.999755859375
v -925.0 -1529.9998779296875 1999.9998779296875
v -925.0 -1529.9998779296875 1799.9998779296875
v -925.0 -1549.9998779296875 1799.9998779296875
v -925.0 -1549.9998779296875 1999.9998779296875
v -1225.0 -1529.9998779296875 2449.999755859375
v -925.0 -1529.9998779296875 2449.999755859375
v -1225.0 -1549.9998779296875 2449.999755859375
v -925.0 -1549.9998779296875 2449.999755859375
v -1225.0 -1529.9998779296875 2249.999755859375
v -1225.0 -1549.9998779296875 2249.999755859375
v -925.0 -1529.9998779296875 2249.999755859375
v -925.0 -1549.9998779296875 2249.999755859375
v -1225.0 -1529.9998779296875 2449.999755859375
v -1225.0 -1549.9998779296875 2249.999755859375
v -1225.0 -1529.9998779296875 2249.999755859375
v -1225.0 -1549.9998779296875 2449.999755859375
v -925.0 -1529.9998779296875 2449.999755859375
v -925.0 -1529.9998779296875 2249.999755859375
v -925.0 -1549.9998779296875 2249.999755859375
v -925.0 -1549.9998779296875 2449.999755859375
v -25.0 -1529.9998779296875 1549.9998779296875
v 125.0 -1529.9998779296875 1549.9998779296875
v -25.0 -1549.9998779296875 1549.9998779296875
v 125.0 -1549.9998779296875 1549.9998779296875
v -25.0 -1529.9998779296875 1349.9998779296875
v -25.0 -1549.9998779296875 1349.9998779296875
v 125.0 -1529.9998779296875 1349.9998779296875
v 125.0 -1549.9998779296875 1349.9998779296875
v -25.0 -1529.9998779296875 1549.9998779296875
v -25.0 -1549.9998779296875 1349.9998779296875
v -25.0 -1529.9998779296875 1349.9998779296875
v -25.0 -1549.9998779296875 1549.9998779296875
v 125.0 -1529.9998779296875 1549.9998779296875
v 125.0 -1529.9998779296875 1349.9998779296875
v 125.0 -1549.9998779296875 1349.9998779296875
v 125.0 -1549.9998779296875 1549.9998779296875
v -25.0 -1529.999755859375 2449.999755859375
v 125.0 -1529.999755859375 2449.999755859375
v -25.0 -1549.999755859375 2449.999755859375
v 125.0 -1549.999755859375 2449.999755859375
v -25.0 -1529.999755859375 2249.999755859375
v -25.0 -1549.999755859375 2249.999755859375
v 125.0 -1529.999755859375 2249.999755859375
v 125.0 -1549.999755859375 2249.999755859375
v -25.0 -1529.999755859375 2449.999755859375
v -25.0 -1549.999755859375 2249.999755859375
v -25.0 -1529.999755859375 2249.999755859375
v -25.0 -1549.999755859375 2449.999755859375
v 125.0 -1529.999755859375 2449.999755859375
v 125.0 -1529.999755859375 2249.999755859375
v 125.0 -1549.999755859375 2249.999755859375
v 125.0 -1549.999755859375 2449.999755859375
v 975.0 -1529.9998779296875 1049.9998779296875
v 1275.0 -1529.9998779296875 1049.9998779296875
v 975.0 -1549.9998779296875 1049.9998779296875
v 1275.0 -1549.9998779296875 1049.9998779296875
v 975.0 -1529.9998779296875 849.9999389648438
v 975.0 -1549.9998779296875 849.9999389648438
v 1275.0 -1529.9998779296875 849.9999389648438
v 1275.0 -1549.9998779296875 849.9999389648438
v 975.0 -1529.9998779296875 1049.9998779296875
v 975.0 -1549.9998779296875 849.9999389648438
v 975.0 -1529.9998779296875 849.9999389648438
v 975.0 -1549.9998779296875 1049.9998779296875
v 1275.0 -1529.9998779296875 1049.9998779296875
v 1275.0 -1529.9998779296875 849.9999389648438
v 1275.0 -1549.9998779296875 849.9999389648438
v 1275.0 -1549.9998779296875 1049.9998779296875
v 974.9998779296875 -1529.9998779296875 1549.9998779296875
v 1274.9998779296875 -1529.9998779296875 1549.9998779296875
v 974.9998779296875 -1549.9998779296875 1549.9998779296875
v 1274.9998779296875 -1549.999755859375 1549.9998779296875
v 975.0 -1529.9998779296875 1349.9998779296875
v 975.0 -1549.9998779296875 1349.9998779296875
v 1275.0 -1529.9998779296875 1349.9998779296875
v 1275.0 -1549.9998779296875 1349.9998779296875
v 974.9998779296875 -1529.9998779296875 1549.9998779296875
v 975.0 -1549.9998779296875 1349.9998779296875
v 975.0 -1529.9998779296875 1349.9998779296875
v 974.9998779296875 -1549.9998779296875 1549.9998779296875
v 1274.9998779296875 -1529.9998779296875 1549.9998779296875
v 1275.0 -1529.9998779296875 1349.9998779296875
v 1275.0 -1549.9998779296875 1349.9998779296875
v 1274.9998779296875 -1549.999755859375 1549.9998779296875
v 974.9998779296875 -1529.999755859375 1999.9998779296875
v 1274.9998779296875 -1529.999755859375 1999.9998779296875
v 974.9998779296875 -1549.999755859375 1999.9998779296875
v 1274.9998779296875 -1549.999755859375 1999.9998779296875
v 974.9998779296875 -1529.999755859375 1799.9998779296875
v 974.9998779296875 -1549.999755859375 1799.9998779296875
v 1274.9998779296875 -1529.999755859375 1799.9998779296875
v 1274.9998779296875 -1549.999755859375 1799.9998779296875
v 974.9998779296875 -1529.999755859375 1999.9998779296875
v 974.9998779296875 -1549.999755859375 1799.9998779296875
v 974.9998779296875 -1529.999755859375 1799.9998779296875
v 974.9998779296875 -1549.999755859375 1999.9998779296875
v 1274.9998779296875 -1529.999755859375 1999.9998779296875
v 1274.9998779296875 -1529.999755859375 1799.9998779296875
v 1274.9998779296875 -1549.999755859375 1799.9998779296875
v 1274.9998779296875 -1549.999755859375 1999.9998779296875
v 974.9998779296875 -1529.999755859375 2450.0
v 1274.9998779296875 -1529.999755859375 2450.0
v 974.9998779296875 -1549.999755859375 2450.0
v 1274.9998779296875 -1549.999755859375 2450.0
v 974.9998779296875 -1529.999755859375 2250.0
v 974.9998779296875 -1549.999755859375 2250.0
v 1274.9998779296875 -1529.999755859375 2250.0
v 1274.9998779296875 -1549.999755859375 2250.0
v 974.9998779296875 -1529.999755859375 2450.0
v 974.9998779296875 -1549.999755859375 2250.0
v 974.9998779296875 -1529.999755859375 2250.0
v 974.9998779296875 -1549.999755859375 2450.0
v 1274.9998779296875 -1529.999755859375 2450.0
v 1274.9998779296875 -1529.999755859375 2250.0
v 1274.9998779296875 -1549.999755859375 2250.0
v 1274.9998779296875 -1549.999755859375 2450.0
v 2425.0 -1549.9996337890625 2650.0
v 2425.0 -1349.9996337890625 2650.0
v 2325.0 -1249.9996337890625 2650.0
v 2225.0 -1249.9996337890625 2650.0
v 2224.999755859375 850.0003662109375 2649.999755859375
v 2224.999755859375 950.0003662109375 2649.999755859375
v 1824.9998779296875 -1549.999755859375 2650.0
v 2224.999755859375 50.0003662109375 2649.999755859375
v 2224.999755859375 -349.9996337890625 2650.0
v 2225.0 -1149.9996337890625 2650.0
v 2324.999755859375 950.0003662109375 2649.999755859375
v 2424.999755859375 1250.0003662109375 2649.999755859375
v 1824.9998779296875 -1149.999755859375 2650.0
v 1824.9998779296875 -349.9996337890625 2650.0
v 1824.999755859375 50.0003662109375 2649.999755859375
v 1824.999755859375 850.0003662109375 2649.999755859375
v 1824.999755859375 1250.0003662109375 2649.999755859375
v 2424.999755859375 1050.0003662109375 2649.999755859375
v 1624.999755859375 850.0003662109375 2649.999755859375
v 1624.999755859375 50.0003662109375 2649.999755859375
v 1624.9998779296875 -349.9996337890625 2650.0
v 1624.9998779296875 -1149.999755859375 2650.0
v 2675.0 -1249.999755859375 1800.0
v 2774.999755859375 850.0003662109375 1799.999755859375
v 2775.0 -1149.999755859375 1800.0
v 2674.999755859375 950.0003662109375 1799.999755859375
v 2324.999755859375 950.0003662109375 1799.999755859375
v 2325.0 -1249.999755859375 1800.0
v 2224.999755859375 850.0003662109375 1799.999755859375
v 2225.0 -1149.999755859375 1800.0
v 2325.0 -1249.999755859375 1400.0
v 2674.999755859375 950.0003662109375 1399.999755859375
v 2675.0 -1249.999755859375 1400.0
v 2774.999755859375 850.0003662109375 1399.999755859375
v 2775.0 -1149.999755859375 1400.0
v 2324.999755859375 950.0003662109375 1399.999755859375
v 2224.999755859375 850.0003662109375 1399.999755859375
v 2225.0 -1149.999755859375 1400.0
v 2325.0 -1249.9998779296875 585.0000610351562
v 2674.999755859375 950.0001220703125 584.9998168945312
v 2675.0 -1249.9998779296875 585.0000610351562
v 2774.999755859375 850.0001220703125 584.9998779296875
v 2775.0 -1149.999755859375 585.0
v 2325.0 950.0001220703125 584.9998168945312
v 2225.0 850.0001220703125 584.9998168945312
v 2225.0 -1149.9998779296875 584.9999389648438
v 2325.0 -1249.9996337890625 2600.0
v 2674.999755859375 950.0003662109375 2599.999755859375
v 2675.0 -1249.9996337890625 2600.0
v 2774.999755859375 850.0003662109375 2599.999755859375
v 2775.0 -1149.9996337890625 2600.0
v 2324.999755859375 950.0003662109375 2599.999755859375
v 2224.999755859375 850.0003662109375 2599.999755859375
v 2225.0 -1149.999755859375 2600.0
v 2325.0 -1249.999755859375 1000.0
v 2674.999755859375 950.0001220703125 999.999755859375
v 2675.0 -1249.999755859375 1000.0
v 2774.999755859375 850.0001220703125 999.9998168945312
v 2775.0 -1149.999755859375 999.9999389648438
v 2324.999755859375 950.0001220703125 999.999755859375
v 2224.999755859375 850.0001220703125 999.999755859375
v 2225.0 -1149.999755859375 999.9998779296875
v 2325.0 -1249.999755859375 2200.0
v 2674.999755859375 950.0003662109375 2199.999755859375
v 2675.0 -1249.999755859375 2200.0
v 2774.999755859375 850.0003662109375 2199.999755859375
v 2775.0 -1149.999755859375 2200.0
v 2324.999755859375 950.0003662109375 2199.999755859375
v 2224.999755859375 850.0003662109375 2199.999755859375
v 2225.0 -1149.999755859375 2200.0
v 2599.999755859375 1050.0003662109375 2649.999755859375
v 2674.999755859375 950.0003662109375 2649.999755859375
v 2599.999755859375 850.0003662109375 2649.999755859375
v 2424.999755859375 1050.0003662109375 2649.999755859375
v 2424.999755859375 850.0003662109375 2649.999755859375
v 2425.0 -1149.9996337890625 2650.0
v 2599.999755859375 -1149.9996337890625 2650.0
v 2425.0 -1349.9996337890625 2650.0
v 2600.0 -1349.9996337890625 2650.0
v 2675.0 -1249.9996337890625 2650.0
v 2675.0 -1249.999755859375 1800.0
v 2775.0 -1149.999755859375 1800.0
v 2675.0 -1249.999755859375 1850.0
v 2775.0 -1149.999755859375 1850.0
v 2775.0 -1149.999755859375 1800.0
v 2774.999755859375 850.0003662109375 1799.999755859375
v 2775.0 -1149.999755859375 1850.0
v 2774.999755859375 850.0003662109375 1849.999755859375
v 2774.999755859375 850.0003662109375 1799.999755859375
v 2674.999755859375 950.0003662109375 1799.999755859375
v 2774.999755859375 850.0003662109375 1849.999755859375
v 2674.999755859375 950.0003662109375 1849.999755859375
v 2674.999755859375 950.0003662109375 1799.999755859375
v 2224.999755859375 950.0003662109375 1799.999755859375
v 2674.999755859375 950.0003662109375 1849.999755859375
v 2224.999755859375 950.0003662109375 1849.999755859375
v 2225.0 -1249.999755859375 1800.0
v 2675.0 -1249.999755859375 1800.0
v 2225.0 -1249.999755859375 1850.0
v 2675.0 -1249.999755859375 1850.0
v 2647.28125 -1222.2811279296875 1960.0
v 2733.7998046875 -1132.93408203125 1959.9500732421875
v 2645.8671875 -1220.866943359375 1959.9500732421875
v 2735.7998046875 -1133.7625732421875 1960.0
v 2647.273193359375 -1222.27294921875 1937.572998046875
v 2735.7998046875 -1133.7625732421875 1960.0
v 2647.28125 -1222.2811279296875 1960.0
v 2735.788330078125 -1133.7578125 1937.572998046875
v 2645.85888671875 -1220.8587646484375 1937.5230712890625
v 2735.788330078125 -1133.7578125 1937.572998046875
v 2647.273193359375 -1222.27294921875 1937.572998046875
v 2733.788330078125 -1132.9293212890625 1937.5230712890625
v 2645.8671875 -1220.866943359375 1959.9500732421875
v 2733.788330078125 -1132.9293212890625 1937.5230712890625
v 2645.85888671875 -1220.8587646484375 1937.5230712890625
v 2733.7998046875 -1132.93408203125 1959.9500732421875
v 2647.28125 -1222.2811279296875 1897.199951171875
v 2733.7998046875 -1132.93408203125 1897.199951171875
v 2645.8671875 -1220.866943359375 1897.199951171875
v 2735.7998046875 -1133.7625732421875 1897.199951171875
v 2647.301513671875 -1222.30126953125 1886.9765625
v 2735.7998046875 -1133.7625732421875 1897.199951171875
v 2647.28125 -1222.2811279296875 1897.199951171875
v 2735.828369140625 -1133.7744140625 1886.9765625
v 2645.88720703125 -1220.886962890625 1886.9765625
v 2735.828369140625 -1133.7744140625 1886.9765625
v 2647.301513671875 -1222.30126953125 1886.9765625
v 2733.828369140625 -1132.9459228515625 1886.9765625
v 2645.8671875 -1220.866943359375 1897.199951171875
v 2733.828369140625 -1132.9459228515625 1886.9765625
v 2645.88720703125 -1220.886962890625 1886.9765625
v 2733.7998046875 -1132.93408203125 1897.199951171875
v 2735.7998046875 -1133.7625732421875 1960.0
v 2733.7998046875 832.9346923828125 1959.9498291015625
v 2733.7998046875 -1132.93408203125 1959.9500732421875
v 2735.7998046875 833.7630615234375 1959.999755859375
v 2735.788330078125 -1133.7578125 1937.572998046875
v 2735.7998046875 833.7630615234375 1959.999755859375
v 2735.7998046875 -1133.7625732421875 1960.0
v 2735.788330078125 833.7584228515625 1937.57275390625
v 2733.788330078125 -1132.9293212890625 1937.5230712890625
v 2735.788330078125 833.7584228515625 1937.57275390625
v 2735.788330078125 -1133.7578125 1937.572998046875
v 2733.788330078125 832.9300537109375 1937.5228271484375
v 2733.7998046875 -1132.93408203125 1959.9500732421875
v 2733.788330078125 832.9300537109375 1937.5228271484375
v 2733.788330078125 -1132.9293212890625 1937.5230712890625
v 2733.7998046875 832.9346923828125 1959.9498291015625
v 2733.7998046875 832.9346923828125 1897.19970703125
v 2735.7998046875 833.7630615234375 1897.19970703125
v 2735.828369140625 -1133.7744140625 1886.9765625
v 2735.7998046875 833.7630615234375 1897.19970703125
v 2735.7998046875 -1133.7625732421875 1897.199951171875
v 2735.828369140625 833.7750244140625 1886.976318359375
v 2735.828369140625 833.7750244140625 1886.976318359375
v 2733.828369140625 832.9466552734375 1886.976318359375
v 2733.7998046875 -1132.93408203125 1897.199951171875
v 2733.828369140625 832.9466552734375 1886.976318359375
v 2733.828369140625 -1132.9459228515625 1886.9765625
v 2733.7998046875 832.9346923828125 1897.19970703125
v 2735.7998046875 833.7630615234375 1959.999755859375
v 2645.866943359375 920.8675537109375 1959.9498291015625
v 2733.7998046875 832.9346923828125 1959.9498291015625
v 2647.28125 922.2818603515625 1959.999755859375
v 2735.788330078125 833.7584228515625 1937.57275390625
v 2647.28125 922.2818603515625 1959.999755859375
v 2735.7998046875 833.7630615234375 1959.999755859375
v 2647.27294921875 922.2735595703125 1937.57275390625
v 2733.788330078125 832.9300537109375 1937.5228271484375
v 2647.27294921875 922.2735595703125 1937.57275390625
v 2735.788330078125 833.7584228515625 1937.57275390625
v 2645.85888671875 920.8592529296875 1937.5228271484375
v 2733.7998046875 832.9346923828125 1959.9498291015625
v 2645.85888671875 920.8592529296875 1937.5228271484375
v 2733.788330078125 832.9300537109375 1937.5228271484375
v 2645.866943359375 920.8675537109375 1959.9498291015625
v 2645.866943359375 920.8675537109375 1897.19970703125
v 2647.28125 922.2818603515625 1897.19970703125
v 2735.828369140625 833.7750244140625 1886.976318359375
v 2647.28125 922.2818603515625 1897.19970703125
v 2735.7998046875 833.7630615234375 1897.19970703125
v 2647.30126953125 922.3018798828125 1886.976318359375
v 2647.30126953125 922.3018798828125 1886.976318359375
v 2645.88720703125 920.8878173828125 1886.976318359375
v 2733.7998046875 832.9346923828125 1897.19970703125
v 2645.88720703125 920.8878173828125 1886.976318359375
v 2733.828369140625 832.9466552734375 1886.976318359375
v 2645.866943359375 920.8675537109375 1897.19970703125
v 2645.85888671875 -1220.8587646484375 1937.5230712890625
v 2647.273193359375 -1222.27294921875 1937.572998046875
v 2645.8671875 -1220.866943359375 1959.9500732421875
v 2647.28125 -1222.2811279296875 1960.0
v 2645.88720703125 -1220.886962890625 1886.9765625
v 2647.301513671875 -1222.30126953125 1886.9765625
v 2645.8671875 -1220.866943359375 1897.199951171875
v 2647.28125 -1222.2811279296875 1897.199951171875
v 2645.866943359375 920.8675537109375 1959.9498291015625
v 2647.27294921875 922.2735595703125 1937.57275390625
v 2645.85888671875 920.8592529296875 1937.5228271484375
v 2647.28125 922.2818603515625 1959.999755859375
v 2645.866943359375 920.8675537109375 1897.19970703125
v 2647.30126953125 922.3018798828125 1886.976318359375
v 2645.88720703125 920.8878173828125 1886.976318359375
v 2647.28125 922.2818603515625 1897.19970703125
v 2675.0 -1249.999755859375 1850.0
v 2775.0 -1149.999755859375 1850.0
v 2774.999755859375 850.0003662109375 1849.999755859375
v 2674.999755859375 950.0003662109375 1849.999755859375
v 2224.999755859375 950.0003662109375 1849.999755859375
v 2225.0 -1249.999755859375 1850.0
v 2225.0 -1249.999755859375 1400.0
v 2675.0 -1249.999755859375 1400.0
v 2225.0 -1249.999755859375 1450.0
v 2675.0 -1249.999755859375 1450.0
v 2675.0 -1249.999755859375 1400.0
v 2775.0 -1149.999755859375 1400.0
v 2675.0 -1249.999755859375 1450.0
v 2775.0 -1149.999755859375 1450.0
v 2775.0 -1149.999755859375 1400.0
v 2774.999755859375 850.0003662109375 1399.999755859375
v 2775.0 -1149.999755859375 1450.0
v 2774.999755859375 850.0003662109375 1449.999755859375
v 2774.999755859375 850.0003662109375 1399.999755859375
v 2674.999755859375 950.0003662109375 1399.999755859375
v 2774.999755859375 850.0003662109375 1449.999755859375
v 2674.999755859375 950.0003662109375 1449.999755859375
v 2674.999755859375 950.0003662109375 1399.999755859375
v 2224.999755859375 950.0003662109375 1399.999755859375
v 2674.999755859375 950.0003662109375 1449.999755859375
v 2224.999755859375 950.0003662109375 1449.999755859375
v 2647.28125 -1222.2811279296875 1560.0
v 2733.7998046875 -1132.9342041015625 1559.949951171875
v 2645.8671875 -1220.866943359375 1559.949951171875
v 2735.7998046875 -1133.7625732421875 1560.0
v 2647.273193359375 -1222.27294921875 1537.572998046875
v 2735.7998046875 -1133.7625732421875 1560.0
v 2647.28125 -1222.2811279296875 1560.0
v 2735.788330078125 -1133.7578125 1537.572998046875
v 2645.85888671875 -1220.8587646484375 1537.5230712890625
v 2735.788330078125 -1133.7578125 1537.572998046875
v 2647.273193359375 -1222.27294921875 1537.572998046875
v 2733.788330078125 -1132.929443359375 1537.5230712890625
v 2645.8671875 -1220.866943359375 1559.949951171875
v 2733.788330078125 -1132.929443359375 1537.5230712890625
v 2645.85888671875 -1220.8587646484375 1537.5230712890625
v 2733.7998046875 -1132.9342041015625 1559.949951171875
v 2647.28125 -1222.2811279296875 1497.199951171875
v 2733.7998046875 -1132.93408203125 1497.199951171875
v 2645.8671875 -1220.866943359375 1497.199951171875
v 2735.7998046875 -1133.7625732421875 1497.199951171875
v 2647.301513671875 -1222.30126953125 1486.9766845703125
v 2735.7998046875 -1133.7625732421875 1497.199951171875
v 2647.28125 -1222.2811279296875 1497.199951171875
v 2735.828369140625 -1133.7744140625 1486.9766845703125
v 2645.88720703125 -1220.8870849609375 1486.9766845703125
v 2735.828369140625 -1133.7744140625 1486.9766845703125
v 2647.301513671875 -1222.30126953125 1486.9766845703125
v 2733.828369140625 -1132.9459228515625 1486.9766845703125
v 2645.8671875 -1220.866943359375 1497.199951171875
v 2733.828369140625 -1132.9459228515625 1486.9766845703125
v 2645.88720703125 -1220.8870849609375 1486.9766845703125
v 2733.7998046875 -1132.93408203125 1497.199951171875
v 2735.7998046875 -1133.7625732421875 1560.0
v 2733.7998046875 832.9346923828125 1559.94970703125
v 2733.7998046875 -1132.9342041015625 1559.949951171875
v 2735.7998046875 833.7630615234375 1559.999755859375
v 2735.788330078125 -1133.7578125 1537.572998046875
v 2735.7998046875 833.7630615234375 1559.999755859375
v 2735.7998046875 -1133.7625732421875 1560.0
v 2735.788330078125 833.7584228515625 1537.57275390625
v 2733.788330078125 -1132.929443359375 1537.5230712890625
v 2735.788330078125 833.7584228515625 1537.57275390625
v 2735.788330078125 -1133.7578125 1537.572998046875
v 2733.788330078125 832.9300537109375 1537.5228271484375
v 2733.7998046875 -1132.9342041015625 1559.949951171875
v 2733.788330078125 832.9300537109375 1537.5228271484375
v 2733.788330078125 -1132.929443359375 1537.5230712890625
v 2733.7998046875 832.9346923828125 1559.94970703125
v 2733.7998046875 832.9346923828125 1497.19970703125
v 2735.7998046875 833.7630615234375 1497.19970703125
v 2735.828369140625 -1133.7744140625 1486.9766845703125
v 2735.7998046875 833.7630615234375 1497.19970703125
v 2735.7998046875 -1133.7625732421875 1497.199951171875
v 2735.828369140625 833.7750244140625 1486.9764404296875
v 2735.828369140625 833.7750244140625 1486.9764404296875
v 2733.828369140625 832.9466552734375 1486.9764404296875
v 2733.7998046875 -1132.93408203125 1497.199951171875
v 2733.828369140625 832.9466552734375 1486.9764404296875
v 2733.828369140625 -1132.9459228515625 1486.9766845703125
v 2733.7998046875 832.9346923828125 1497.19970703125
v 2735.7998046875 833.7630615234375 1559.999755859375
v 2645.8671875 920.8675537109375 1559.94970703125
v 2733.7998046875 832.9346923828125 1559.94970703125
v 2647.28125 922.2818603515625 1559.999755859375
v 2735.788330078125 833.7584228515625 1537.57275390625
v 2647.28125 922.2818603515625 1559.999755859375
v 2735.7998046875 833.7630615234375 1559.999755859375
v 2647.273193359375 922.2735595703125 1537.57275390625
v 2733.788330078125 832.9300537109375 1537.5228271484375
v 2647.273193359375 922.2735595703125 1537.57275390625
v 2735.788330078125 833.7584228515625 1537.57275390625
v 2645.85888671875 920.8592529296875 1537.5228271484375
v 2733.7998046875 832.9346923828125 1559.94970703125
v 2645.85888671875 920.8592529296875 1537.5228271484375
v 2733.788330078125 832.9300537109375 1537.5228271484375
v 2645.8671875 920.8675537109375 1559.94970703125
v 2645.8671875 920.8675537109375 1497.19970703125
v 2647.28125 922.2818603515625 1497.19970703125
v 2735.828369140625 833.7750244140625 1486.9764404296875
v 2647.28125 922.2818603515625 1497.19970703125
v 2735.7998046875 833.7630615234375 1497.19970703125
v 2647.30126953125 922.3018798828125 1486.9764404296875
v 2647.30126953125 922.3018798828125 1486.9764404296875
v 2645.88720703125 920.8878173828125 1486.9764404296875
v 2733.7998046875 832.9346923828125 1497.19970703125
v 2645.88720703125 920.8878173828125 1486.9764404296875
v 2733.828369140625 832.9466552734375 1486.9764404296875
v 2645.8671875 920.8675537109375 1497.19970703125
v 2645.85888671875 -1220.8587646484375 1537.5230712890625
v 2647.273193359375 -1222.27294921875 1537.572998046875
v 2645.8671875 -1220.866943359375 1559.949951171875
v 2647.28125 -1222.2811279296875 1560.0
v 2645.88720703125 -1220.8870849609375 1486.9766845703125
v 2647.301513671875 -1222.30126953125 1486.9766845703125
v 2645.8671875 -1220.866943359375 1497.199951171875
v 2647.28125 -1222.2811279296875 1497.199951171875
v 2645.8671875 920.8675537109375 1559.94970703125
v 2647.273193359375 922.2735595703125 1537.57275390625
v 2645.85888671875 920.8592529296875 1537.5228271484375
v 2647.28125 922.2818603515625 1559.999755859375
v 2645.8671875 920.8675537109375 1497.19970703125
v 2647.30126953125 922.3018798828125 1486.9764404296875
v 2645.88720703125 920.8878173828125 1486.9764404296875
v 2647.28125 922.2818603515625 1497.19970703125
v 2225.0 -1249.999755859375 1450.0
v 2675.0 -1249.999755859375 1450.0
v 2674.999755859375 950.0003662109375 1449.999755859375
v 2775.0 -1149.999755859375 1450.0
v 2774.999755859375 850.0003662109375 1449.999755859375
v 2224.999755859375 950.0003662109375 1449.999755859375
v 2225.0 -1249.9998779296875 585.0
v 2675.0 -1249.9998779296875 585.0000610351562
v 2225.0 -1249.9998779296875 635.0
v 2675.0 -1249.9998779296875 635.0000610351562
v 2675.0 -1249.9998779296875 585.0000610351562
v 2775.0 -1149.999755859375 585.0
v 2675.0 -1249.9998779296875 635.0000610351562
v 2775.0 -1149.999755859375 635.0
v 2775.0 -1149.999755859375 585.0
v 2774.999755859375 850.0001220703125 584.9998779296875
v 2775.0 -1149.999755859375 635.0
v 2774.999755859375 850.0001220703125 634.9998779296875
v 2774.999755859375 850.0001220703125 584.9998779296875
v 2674.999755859375 950.0001220703125 584.9998168945312
v 2774.999755859375 850.0001220703125 634.9998779296875
v 2674.999755859375 950.0001220703125 634.9998168945312
v 2674.999755859375 950.0001220703125 584.9998168945312
v 2225.0 950.0001220703125 584.999755859375
v 2674.999755859375 950.0001220703125 634.9998168945312
v 2225.0 950.0001220703125 634.999755859375
v 2647.28125 -1222.28125 745.0
v 2733.800048828125 -1132.9342041015625 744.949951171875
v 2645.8671875 -1220.8670654296875 744.9500122070312
v 2735.800048828125 -1133.7626953125 744.9999389648438
v 2647.273193359375 -1222.2730712890625 722.5731201171875
v 2735.800048828125 -1133.7626953125 744.9999389648438
v 2647.28125 -1222.28125 745.0
v 2735.788330078125 -1133.7578125 722.5730590820312
v 2645.85888671875 -1220.85888671875 722.5231323242188
v 2735.788330078125 -1133.7578125 722.5730590820312
v 2647.273193359375 -1222.2730712890625 722.5731201171875
v 2733.788330078125 -1132.929443359375 722.5230712890625
v 2645.8671875 -1220.8670654296875 744.9500122070312
v 2733.788330078125 -1132.929443359375 722.5230712890625
v 2645.85888671875 -1220.85888671875 722.5231323242188
v 2733.800048828125 -1132.9342041015625 744.949951171875
v 2647.28125 -1222.28125 682.2000732421875
v 2733.800048828125 -1132.9342041015625 682.2000122070312
v 2645.8671875 -1220.866943359375 682.2000732421875
v 2735.800048828125 -1133.7626953125 682.2000122070312
v 2647.301513671875 -1222.3013916015625 671.9767456054688
v 2735.800048828125 -1133.7626953125 682.2000122070312
v 2647.28125 -1222.28125 682.2000732421875
v 2735.828369140625 -1133.7744140625 671.9766845703125
v 2645.88720703125 -1220.8870849609375 671.9767456054688
v 2735.828369140625 -1133.7744140625 671.9766845703125
v 2647.301513671875 -1222.3013916015625 671.9767456054688
v 2733.828369140625 -1132.946044921875 671.9766845703125
v 2645.8671875 -1220.866943359375 682.2000732421875
v 2733.828369140625 -1132.946044921875 671.9766845703125
v 2645.88720703125 -1220.8870849609375 671.9767456054688
v 2733.800048828125 -1132.9342041015625 682.2000122070312
v 2735.800048828125 -1133.7626953125 744.9999389648438
v 2733.7998046875 832.9344482421875 744.9498291015625
v 2733.800048828125 -1132.9342041015625 744.949951171875
v 2735.7998046875 833.7628173828125 744.9998168945312
v 2735.788330078125 -1133.7578125 722.5730590820312
v 2735.7998046875 833.7628173828125 744.9998168945312
v 2735.800048828125 -1133.7626953125 744.9999389648438
v 2735.788330078125 833.7581787109375 722.5729370117188
v 2733.788330078125 -1132.929443359375 722.5230712890625
v 2735.788330078125 833.7581787109375 722.5729370117188
v 2735.788330078125 -1133.7578125 722.5730590820312
v 2733.788330078125 832.9298095703125 722.52294921875
v 2733.800048828125 -1132.9342041015625 744.949951171875
v 2733.788330078125 832.9298095703125 722.52294921875
v 2733.788330078125 -1132.929443359375 722.5230712890625
v 2733.7998046875 832.9344482421875 744.9498291015625
v 2733.7998046875 832.9344482421875 682.1998901367188
v 2735.7998046875 833.7628173828125 682.1998901367188
v 2735.828369140625 -1133.7744140625 671.9766845703125
v 2735.7998046875 833.7628173828125 682.1998901367188
v 2735.800048828125 -1133.7626953125 682.2000122070312
v 2735.828369140625 833.7747802734375 671.9765625
v 2735.828369140625 833.7747802734375 671.9765625
v 2733.828369140625 832.9464111328125 671.9765625
v 2733.800048828125 -1132.9342041015625 682.2000122070312
v 2733.828369140625 832.9464111328125 671.9765625
v 2733.828369140625 -1132.946044921875 671.9766845703125
v 2733.7998046875 832.9344482421875 682.1998901367188
v 2735.7998046875 833.7628173828125 744.9998168945312
v 2645.8671875 920.8673095703125 744.9498291015625
v 2733.7998046875 832.9344482421875 744.9498291015625
v 2647.28125 922.2816162109375 744.9998168945312
v 2735.788330078125 833.7581787109375 722.5729370117188
v 2647.28125 922.2816162109375 744.9998168945312
v 2735.7998046875 833.7628173828125 744.9998168945312
v 2647.273193359375 922.2733154296875 722.5729370117188
v 2733.788330078125 832.9298095703125 722.52294921875
v 2647.273193359375 922.2733154296875 722.5729370117188
v 2735.788330078125 833.7581787109375 722.5729370117188
v 2645.85888671875 920.8590087890625 722.52294921875
v 2733.7998046875 832.9344482421875 744.9498291015625
v 2645.85888671875 920.8590087890625 722.52294921875
v 2733.788330078125 832.9298095703125 722.52294921875
v 2645.8671875 920.8673095703125 744.9498291015625
v 2645.8671875 920.8673095703125 682.1998901367188
v 2647.28125 922.2816162109375 682.1998901367188
v 2735.828369140625 833.7747802734375 671.9765625
v 2647.28125 922.2816162109375 682.1998901367188
v 2735.7998046875 833.7628173828125 682.1998901367188
v 2647.301513671875 922.3016357421875 671.9765625
v 2647.301513671875 922.3016357421875 671.9765625
v 2645.88720703125 920.8875732421875 671.9765625
v 2733.7998046875 832.9344482421875 682.1998901367188
v 2645.88720703125 920.8875732421875 671.9765625
v 2733.828369140625 832.9464111328125 671.9765625
v 2645.8671875 920.8673095703125 682.1998901367188
v 2645.85888671875 -1220.85888671875 722.5231323242188
v 2647.273193359375 -1222.2730712890625 722.5731201171875
v 2645.8671875 -1220.8670654296875 744.9500122070312
v 2647.28125 -1222.28125 745.0
v 2645.88720703125 -1220.8870849609375 671.9767456054688
v 2647.301513671875 -1222.3013916015625 671.9767456054688
v 2645.8671875 -1220.866943359375 682.2000732421875
v 2647.28125 -1222.28125 682.2000732421875
v 2645.8671875 920.8673095703125 744.9498291015625
v 2647.273193359375 922.2733154296875 722.5729370117188
v 2645.85888671875 920.8590087890625 722.52294921875
v 2647.28125 922.2816162109375 744.9998168945312
v 2645.8671875 920.8673095703125 682.1998901367188
v 2647.301513671875 922.3016357421875 671.9765625
v 2645.88720703125 920.8875732421875 671.9765625
v 2647.28125 922.2816162109375 682.1998901367188
v 2225.0 -1249.9998779296875 635.0
v 2675.0 -1249.9998779296875 635.0000610351562
v 2674.999755859375 950.0001220703125 634.9998168945312
v 2775.0 -1149.999755859375 635.0
v 2774.999755859375 850.0001220703125 634.9998779296875
v 2225.0 950.0001220703125 634.999755859375
v 2225.0 -1249.9996337890625 2600.0
v 2675.0 -1249.9996337890625 2600.0
v 2225.0 -1249.9996337890625 2650.0
v 2675.0 -1249.9996337890625 2650.0
v 2675.0 -1249.9996337890625 2600.0
v 2775.0 -1149.9996337890625 2600.0
v 2675.0 -1249.9996337890625 2650.0
v 2774.999755859375 -1149.9996337890625 2650.0
v 2775.0 -1149.9996337890625 2600.0
v 2774.999755859375 850.0003662109375 2599.999755859375
v 2774.999755859375 -1149.9996337890625 2650.0
v 2774.999755859375 850.0003662109375 2649.999755859375
v 2774.999755859375 850.0003662109375 2599.999755859375
v 2674.999755859375 950.0003662109375 2599.999755859375
v 2774.999755859375 850.0003662109375 2649.999755859375
v 2674.999755859375 950.0003662109375 2649.999755859375
v 2674.999755859375 950.0003662109375 2599.999755859375
v 2224.999755859375 950.0003662109375 2599.999755859375
v 2674.999755859375 950.0003662109375 2649.999755859375
v 2224.999755859375 950.0003662109375 2649.999755859375
v 2647.28125 -1222.281005859375 2760.0
v 2733.7998046875 -1132.93408203125 2759.949951171875
v 2645.8671875 -1220.8668212890625 2759.949951171875
v 2735.7998046875 -1133.762451171875 2760.0
v 2647.273193359375 -1222.27294921875 2737.572998046875
v 2735.7998046875 -1133.762451171875 2760.0
v 2647.28125 -1222.281005859375 2760.0
v 2735.788330078125 -1133.7576904296875 2737.572998046875
v 2645.85888671875 -1220.858642578125 2737.523193359375
v 2735.788330078125 -1133.7576904296875 2737.572998046875
v 2647.273193359375 -1222.27294921875 2737.572998046875
v 2733.788330078125 -1132.92919921875 2737.523193359375
v 2645.8671875 -1220.8668212890625 2759.949951171875
v 2733.788330078125 -1132.92919921875 2737.523193359375
v 2645.85888671875 -1220.858642578125 2737.523193359375
v 2733.7998046875 -1132.93408203125 2759.949951171875
v 2647.28125 -1222.281005859375 2697.199951171875
v 2733.7998046875 -1132.93408203125 2697.199951171875
v 2645.8671875 -1220.8668212890625 2697.199951171875
v 2735.7998046875 -1133.762451171875 2697.199951171875
v 2647.301513671875 -1222.3011474609375 2686.9765625
v 2735.7998046875 -1133.762451171875 2697.199951171875
v 2647.28125 -1222.281005859375 2697.199951171875
v 2735.828369140625 -1133.7742919921875 2686.9765625
v 2645.88720703125 -1220.886962890625 2686.9765625
v 2735.828369140625 -1133.7742919921875 2686.9765625
v 2647.301513671875 -1222.3011474609375 2686.9765625
v 2733.828369140625 -1132.94580078125 2686.9765625
v 2645.8671875 -1220.8668212890625 2697.199951171875
v 2733.828369140625 -1132.94580078125 2686.9765625
v 2645.88720703125 -1220.886962890625 2686.9765625
v 2733.7998046875 -1132.93408203125 2697.199951171875
v 2735.7998046875 -1133.762451171875 2760.0
v 2733.7998046875 832.9346923828125 2759.94970703125
v 2733.7998046875 -1132.93408203125 2759.949951171875
v 2735.7998046875 833.7630615234375 2759.999755859375
v 2735.788330078125 -1133.7576904296875 2737.572998046875
v 2735.7998046875 833.7630615234375 2759.999755859375
v 2735.7998046875 -1133.762451171875 2760.0
v 2735.7880859375 833.7584228515625 2737.57275390625
v 2733.788330078125 -1132.92919921875 2737.523193359375
v 2735.7880859375 833.7584228515625 2737.57275390625
v 2735.788330078125 -1133.7576904296875 2737.572998046875
v 2733.7880859375 832.9300537109375 2737.52294921875
v 2733.7998046875 -1132.93408203125 2759.949951171875
v 2733.7880859375 832.9300537109375 2737.52294921875
v 2733.788330078125 -1132.92919921875 2737.523193359375
v 2733.7998046875 832.9346923828125 2759.94970703125
v 2733.7998046875 832.9346923828125 2697.19970703125
v 2735.7998046875 833.7630615234375 2697.19970703125
v 2735.828369140625 -1133.7742919921875 2686.9765625
v 2735.7998046875 833.7630615234375 2697.19970703125
v 2735.7998046875 -1133.762451171875 2697.199951171875
v 2735.828125 833.7750244140625 2686.976318359375
v 2735.828125 833.7750244140625 2686.976318359375
v 2733.828125 832.9466552734375 2686.976318359375
v 2733.7998046875 -1132.93408203125 2697.199951171875
v 2733.828125 832.9466552734375 2686.976318359375
v 2733.828369140625 -1132.94580078125 2686.9765625
v 2733.7998046875 832.9346923828125 2697.19970703125
v 2735.7998046875 833.7630615234375 2759.999755859375
v 2645.866943359375 920.8675537109375 2759.94970703125
v 2733.7998046875 832.9346923828125 2759.94970703125
v 2647.28125 922.2818603515625 2759.999755859375
v 2735.7880859375 833.7584228515625 2737.57275390625
v 2647.28125 922.2818603515625 2759.999755859375
v 2735.7998046875 833.7630615234375 2759.999755859375
v 2647.27294921875 922.2735595703125 2737.57275390625
v 2733.7880859375 832.9300537109375 2737.52294921875
v 2647.27294921875 922.2735595703125 2737.57275390625
v 2735.7880859375 833.7584228515625 2737.57275390625
v 2645.85888671875 920.8592529296875 2737.52294921875
v 2733.7998046875 832.9346923828125 2759.94970703125
v 2645.85888671875 920.8592529296875 2737.52294921875
v 2733.7880859375 832.9300537109375 2737.52294921875
v 2645.866943359375 920.8675537109375 2759.94970703125
v 2645.866943359375 920.8675537109375 2697.19970703125
v 2647.28125 922.2818603515625 2697.19970703125
v 2735.828125 833.7750244140625 2686.976318359375
v 2647.28125 922.2818603515625 2697.19970703125
v 2735.7998046875 833.7630615234375 2697.19970703125
v 2647.30126953125 922.3018798828125 2686.976318359375
v 2647.30126953125 922.3018798828125 2686.976318359375
v 2645.88720703125 920.8878173828125 2686.976318359375
v 2733.7998046875 832.9346923828125 2697.19970703125
v 2645.88720703125 920.8878173828125 2686.976318359375
v 2733.828125 832.9466552734375 2686.976318359375
v 2645.866943359375 920.8675537109375 2697.19970703125
v 2645.85888671875 -1220.858642578125 2737.523193359375
v 2647.273193359375 -1222.27294921875 2737.572998046875
v 2645.8671875 -1220.8668212890625 2759.949951171875
v 2647.28125 -1222.281005859375 2760.0
v 2645.88720703125 -1220.886962890625 2686.9765625
v 2647.301513671875 -1222.3011474609375 2686.9765625
v 2645.8671875 -1220.8668212890625 2697.199951171875
v 2647.28125 -1222.281005859375 2697.199951171875
v 2645.866943359375 920.8675537109375 2759.94970703125
v 2647.27294921875 922.2735595703125 2737.57275390625
v 2645.85888671875 920.8592529296875 2737.52294921875
v 2647.28125 922.2818603515625 2759.999755859375
v 2645.866943359375 920.8675537109375 2697.19970703125
v 2647.30126953125 922.3018798828125 2686.976318359375
v 2645.88720703125 920.8878173828125 2686.976318359375
v 2647.28125 922.2818603515625 2697.19970703125
v 2675.0 -1249.9996337890625 2650.0
v 2674.999755859375 950.0003662109375 2649.999755859375
v 2774.999755859375 -1149.9996337890625 2650.0
v 2774.999755859375 850.0003662109375 2649.999755859375
v 2225.0 -1249.999755859375 999.9999389648438
v 2675.0 -1249.999755859375 1000.0
v 2225.0 -1249.999755859375 1050.0
v 2675.0 -1249.999755859375 1050.0
v 2675.0 -1249.999755859375 1000.0
v 2775.0 -1149.999755859375 999.9999389648438
v 2675.0 -1249.999755859375 1050.0
v 2775.0 -1149.999755859375 1050.0
v 2775.0 -1149.999755859375 999.9999389648438
v 2774.999755859375 850.0001220703125 999.9998168945312
v 2775.0 -1149.999755859375 1050.0
v 2774.999755859375 850.0001220703125 1049.999755859375
v 2774.999755859375 850.0001220703125 999.9998168945312
v 2674.999755859375 950.0001220703125 999.999755859375
v 2774.999755859375 850.0001220703125 1049.999755859375
v 2674.999755859375 950.0001220703125 1049.999755859375
v 2674.999755859375 950.0001220703125 999.999755859375
v 2224.999755859375 950.0001220703125 999.9996948242188
v 2674.999755859375 950.0001220703125 1049.999755859375
v 2224.999755859375 950.0001220703125 1049.999755859375
v 2647.28125 -1222.28125 1160.0
v 2733.7998046875 -1132.9342041015625 1159.949951171875
v 2645.8671875 -1220.866943359375 1159.949951171875
v 2735.7998046875 -1133.7626953125 1160.0
v 2647.273193359375 -1222.2730712890625 1137.572998046875
v 2735.7998046875 -1133.7626953125 1160.0
v 2647.28125 -1222.28125 1160.0
v 2735.788330078125 -1133.7578125 1137.572998046875
v 2645.85888671875 -1220.85888671875 1137.5230712890625
v 2735.788330078125 -1133.7578125 1137.572998046875
v 2647.273193359375 -1222.2730712890625 1137.572998046875
v 2733.788330078125 -1132.929443359375 1137.5230712890625
v 2645.8671875 -1220.866943359375 1159.949951171875
v 2733.788330078125 -1132.929443359375 1137.5230712890625
v 2645.85888671875 -1220.85888671875 1137.5230712890625
v 2733.7998046875 -1132.9342041015625 1159.949951171875
v 2647.28125 -1222.28125 1097.199951171875
v 2733.7998046875 -1132.9342041015625 1097.199951171875
v 2645.8671875 -1220.866943359375 1097.199951171875
v 2735.7998046875 -1133.7626953125 1097.199951171875
v 2647.301513671875 -1222.30126953125 1086.9766845703125
v 2735.7998046875 -1133.7626953125 1097.199951171875
v 2647.28125 -1222.28125 1097.199951171875
v 2735.828369140625 -1133.7744140625 1086.9766845703125
v 2645.88720703125 -1220.8870849609375 1086.9766845703125
v 2735.828369140625 -1133.7744140625 1086.9766845703125
v 2647.301513671875 -1222.30126953125 1086.9766845703125
v 2733.828369140625 -1132.9459228515625 1086.9766845703125
v 2645.8671875 -1220.866943359375 1097.199951171875
v 2733.828369140625 -1132.9459228515625 1086.9766845703125
v 2645.88720703125 -1220.8870849609375 1086.9766845703125
v 2733.7998046875 -1132.9342041015625 1097.199951171875
v 2735.7998046875 -1133.7626953125 1160.0
v 2733.7998046875 832.9344482421875 1159.94970703125
v 2733.7998046875 -1132.9342041015625 1159.949951171875
v 2735.7998046875 833.7628173828125 1159.999755859375
v 2735.788330078125 -1133.7578125 1137.572998046875
v 2735.7998046875 833.7628173828125 1159.999755859375
v 2735.7998046875 -1133.7626953125 1160.0
v 2735.788330078125 833.7581787109375 1137.57275390625
v 2733.788330078125 -1132.929443359375 1137.5230712890625
v 2735.788330078125 833.7581787109375 1137.57275390625
v 2735.788330078125 -1133.7578125 1137.572998046875
v 2733.788330078125 832.9298095703125 1137.5228271484375
v 2733.7998046875 -1132.9342041015625 1159.949951171875
v 2733.788330078125 832.9298095703125 1137.5228271484375
v 2733.788330078125 -1132.929443359375 1137.5230712890625
v 2733.7998046875 832.9344482421875 1159.94970703125
v 2733.7998046875 832.9344482421875 1097.19970703125
v 2735.7998046875 833.7628173828125 1097.19970703125
v 2735.828369140625 -1133.7744140625 1086.9766845703125
v 2735.7998046875 833.7628173828125 1097.19970703125
v 2735.7998046875 -1133.7626953125 1097.199951171875
v 2735.828369140625 833.7747802734375 1086.9764404296875
v 2735.828369140625 833.7747802734375 1086.9764404296875
v 2733.828369140625 832.9464111328125 1086.9764404296875
v 2733.7998046875 -1132.9342041015625 1097.199951171875
v 2733.828369140625 832.9464111328125 1086.9764404296875
v 2733.828369140625 -1132.9459228515625 1086.9766845703125
v 2733.7998046875 832.9344482421875 1097.19970703125
v 2735.7998046875 833.7628173828125 1159.999755859375
v 2645.8671875 920.8673095703125 1159.94970703125
v 2733.7998046875 832.9344482421875 1159.94970703125
v 2647.28125 922.2816162109375 1159.999755859375
v 2735.788330078125 833.7581787109375 1137.57275390625
v 2647.28125 922.2816162109375 1159.999755859375
v 2735.7998046875 833.7628173828125 1159.999755859375
v 2647.273193359375 922.2733154296875 1137.57275390625
v 2733.788330078125 832.9298095703125 1137.5228271484375
v 2647.273193359375 922.2733154296875 1137.57275390625
v 2735.788330078125 833.7581787109375 1137.57275390625
v 2645.85888671875 920.8590087890625 1137.5228271484375
v 2733.7998046875 832.9344482421875 1159.94970703125
v 2645.85888671875 920.8590087890625 1137.5228271484375
v 2733.788330078125 832.9298095703125 1137.5228271484375
v 2645.8671875 920.8673095703125 1159.94970703125
v 2645.8671875 920.8673095703125 1097.19970703125
v 2647.28125 922.2816162109375 1097.19970703125
v 2735.828369140625 833.7747802734375 1086.9764404296875
v 2647.28125 922.2816162109375 1097.19970703125
v 2735.7998046875 833.7628173828125 1097.19970703125
v 2647.30126953125 922.3016357421875 1086.9764404296875
v 2647.30126953125 922.3016357421875 1086.9764404296875
v 2645.88720703125 920.8875732421875 1086.9764404296875
v 2733.7998046875 832.9344482421875 1097.19970703125
v 2645.88720703125 920.8875732421875 1086.9764404296875
v 2733.828369140625 832.9464111328125 1086.9764404296875
v 2645.8671875 920.8673095703125 1097.19970703125
v 2645.85888671875 -1220.85888671875 1137.5230712890625
v 2647.273193359375 -1222.2730712890625 1137.572998046875
v 2645.8671875 -1220.866943359375 1159.949951171875
v 2647.28125 -1222.28125 1160.0
v 2645.88720703125 -1220.8870849609375 1086.9766845703125
v 2647.301513671875 -1222.30126953125 1086.9766845703125
v 2645.8671875 -1220.866943359375 1097.199951171875
v 2647.28125 -1222.28125 1097.199951171875
v 2645.8671875 920.8673095703125 1159.94970703125
v 2647.273193359375 922.2733154296875 1137.57275390625
v 2645.85888671875 920.8590087890625 1137.5228271484375
v 2647.28125 922.2816162109375 1159.999755859375
v 2645.8671875 920.8673095703125 1097.19970703125
v 2647.30126953125 922.3016357421875 1086.9764404296875
v 2645.88720703125 920.8875732421875 1086.9764404296875
v 2647.28125 922.2816162109375 1097.19970703125
v 2225.0 -1249.999755859375 1050.0
v 2675.0 -1249.999755859375 1050.0
v 2674.999755859375 950.0001220703125 1049.999755859375
v 2775.0 -1149.999755859375 1050.0
v 2774.999755859375 850.0001220703125 1049.999755859375
v 2224.999755859375 950.0001220703125 1049.999755859375
v 2225.0 -1249.999755859375 2200.0
v 2675.0 -1249.999755859375 2200.0
v 2225.0 -1249.999755859375 2250.0
v 2675.0 -1249.999755859375 2250.0
v 2675.0 -1249.999755859375 2200.0
v 2775.0 -1149.999755859375 2200.0
v 2675.0 -1249.999755859375 2250.0
v 2775.0 -1149.999755859375 2250.0
v 2775.0 -1149.999755859375 2200.0
v 2774.999755859375 850.0003662109375 2199.999755859375
v 2775.0 -1149.999755859375 2250.0
v 2774.999755859375 850.0003662109375 2249.999755859375
v 2774.999755859375 850.0003662109375 2199.999755859375
v 2674.999755859375 950.0003662109375 2199.999755859375
v 2774.999755859375 850.0003662109375 2249.999755859375
v 2674.999755859375 950.0003662109375 2249.999755859375
v 2674.999755859375 950.0003662109375 2199.999755859375
v 2224.999755859375 950.0003662109375 2199.999755859375
v 2674.999755859375 950.0003662109375 2249.999755859375
v 2224.999755859375 950.0003662109375 2249.999755859375
v 2647.28125 -1222.281005859375 2360.0
v 2733.7998046875 -1132.93408203125 2359.949951171875
v 2645.8671875 -1220.866943359375 2359.949951171875
v 2735.7998046875 -1133.762451171875 2360.0
v 2647.273193359375 -1222.27294921875 2337.572998046875
v 2735.7998046875 -1133.762451171875 2360.0
v 2647.28125 -1222.281005859375 2360.0
v 2735.788330078125 -1133.7576904296875 2337.572998046875
v 2645.85888671875 -1220.858642578125 2337.523193359375
v 2735.788330078125 -1133.7576904296875 2337.572998046875
v 2647.273193359375 -1222.27294921875 2337.572998046875
v 2733.788330078125 -1132.9293212890625 2337.523193359375
v 2645.8671875 -1220.866943359375 2359.949951171875
v 2733.788330078125 -1132.9293212890625 2337.523193359375
v 2645.85888671875 -1220.858642578125 2337.523193359375
v 2733.7998046875 -1132.93408203125 2359.949951171875
v 2647.28125 -1222.281005859375 2297.199951171875
v 2733.7998046875 -1132.93408203125 2297.199951171875
v 2645.8671875 -1220.8668212890625 2297.199951171875
v 2735.7998046875 -1133.762451171875 2297.199951171875
v 2647.301513671875 -1222.30126953125 2286.9765625
v 2735.7998046875 -1133.762451171875 2297.199951171875
v 2647.28125 -1222.281005859375 2297.199951171875
v 2735.828369140625 -1133.7742919921875 2286.9765625
v 2645.88720703125 -1220.886962890625 2286.9765625
v 2735.828369140625 -1133.7742919921875 2286.9765625
v 2647.301513671875 -1222.30126953125 2286.9765625
v 2733.828369140625 -1132.94580078125 2286.9765625
v 2645.8671875 -1220.8668212890625 2297.199951171875
v 2733.828369140625 -1132.94580078125 2286.9765625
v 2645.88720703125 -1220.886962890625 2286.9765625
v 2733.7998046875 -1132.93408203125 2297.199951171875
v 2735.7998046875 -1133.762451171875 2360.0
v 2733.7998046875 832.9346923828125 2359.94970703125
v 2733.7998046875 -1132.93408203125 2359.949951171875
v 2735.7998046875 833.7630615234375 2359.999755859375
v 2735.788330078125 -1133.7576904296875 2337.572998046875
v 2735.7998046875 833.7630615234375 2359.999755859375
v 2735.7998046875 -1133.762451171875 2360.0
v 2735.788330078125 833.7584228515625 2337.57275390625
v 2733.788330078125 -1132.9293212890625 2337.523193359375
v 2735.788330078125 833.7584228515625 2337.57275390625
v 2735.788330078125 -1133.7576904296875 2337.572998046875
v 2733.788330078125 832.9300537109375 2337.52294921875
v 2733.7998046875 -1132.93408203125 2359.949951171875
v 2733.788330078125 832.9300537109375 2337.52294921875
v 2733.788330078125 -1132.9293212890625 2337.523193359375
v 2733.7998046875 832.9346923828125 2359.94970703125
v 2733.7998046875 832.9346923828125 2297.19970703125
v 2735.7998046875 833.7630615234375 2297.19970703125
v 2735.828369140625 -1133.7742919921875 2286.9765625
v 2735.7998046875 833.7630615234375 2297.19970703125
v 2735.7998046875 -1133.762451171875 2297.199951171875
v 2735.828125 833.7750244140625 2286.976318359375
v 2735.828125 833.7750244140625 2286.976318359375
v 2733.828125 832.9466552734375 2286.976318359375
v 2733.7998046875 -1132.93408203125 2297.199951171875
v 2733.828125 832.9466552734375 2286.976318359375
v 2733.828369140625 -1132.94580078125 2286.9765625
v 2733.7998046875 832.9346923828125 2297.19970703125
v 2735.7998046875 833.7630615234375 2359.999755859375
v 2645.866943359375 920.8675537109375 2359.94970703125
v 2733.7998046875 832.9346923828125 2359.94970703125
v 2647.28125 922.2818603515625 2359.999755859375
v 2735.788330078125 833.7584228515625 2337.57275390625
v 2647.28125 922.2818603515625 2359.999755859375
v 2735.7998046875 833.7630615234375 2359.999755859375
v 2647.27294921875 922.2735595703125 2337.57275390625
v 2733.788330078125 832.9300537109375 2337.52294921875
v 2647.27294921875 922.2735595703125 2337.57275390625
v 2735.788330078125 833.7584228515625 2337.57275390625
v 2645.85888671875 920.8592529296875 2337.52294921875
v 2733.7998046875 832.9346923828125 2359.94970703125
v 2645.85888671875 920.8592529296875 2337.52294921875
v 2733.788330078125 832.9300537109375 2337.52294921875
v 2645.866943359375 920.8675537109375 2359.94970703125
v 2645.866943359375 920.8675537109375 2297.19970703125
v 2647.28125 922.2818603515625 2297.19970703125
v 2735.828125 833.7750244140625 2286.976318359375
v 2647.28125 922.2818603515625 2297.19970703125
v 2735.7998046875 833.7630615234375 2297.19970703125
v 2647.30126953125 922.3018798828125 2286.976318359375
v 2647.30126953125 922.3018798828125 2286.976318359375
v 2645.88720703125 920.8878173828125 2286.976318359375
v 2733.7998046875 832.9346923828125 2297.19970703125
v 2645.88720703125 920.8878173828125 2286.976318359375
v 2733.828125 832.9466552734375 2286.976318359375
v 2645.866943359375 920.8675537109375 2297.19970703125
v 2645.85888671875 -1220.858642578125 2337.523193359375
v 2647.273193359375 -1222.27294921875 2337.572998046875
v 2645.8671875 -1220.866943359375 2359.949951171875
v 2647.28125 -1222.281005859375 2360.0
v 2645.88720703125 -1220.886962890625 2286.9765625
v 2647.301513671875 -1222.30126953125 2286.9765625
v 2645.8671875 -1220.8668212890625 2297.199951171875
v 2647.28125 -1222.281005859375 2297.199951171875
v 2645.866943359375 920.8675537109375 2359.94970703125
v 2647.27294921875 922.2735595703125 2337.57275390625
v 2645.85888671875 920.8592529296875 2337.52294921875
v 2647.28125 922.2818603515625 2359.999755859375
v 2645.866943359375 920.8675537109375 2297.19970703125
v 2647.30126953125 922.3018798828125 2286.976318359375
v 2645.88720703125 920.8878173828125 2286.976318359375
v 2647.28125 922.2818603515625 2297.19970703125
v 2225.0 -1249.999755859375 2250.0
v 2675.0 -1249.999755859375 2250.0
v 2674.999755859375 950.0003662109375 2249.999755859375
v 2775.0 -1149.999755859375 2250.0
v 2774.999755859375 850.0003662109375 2249.999755859375
v 2224.999755859375 950.0003662109375 2249.999755859375
v 2674.999755859375 950.0003662109375 2649.999755859375
v 2599.999755859375 1050.0003662109375 2649.999755859375
v 2674.999755859375 950.0003662109375 3049.999755859375
v 2599.999755859375 1050.0003662109375 3049.999755859375
v 2599.999755859375 1050.0003662109375 2649.999755859375
v 2424.999755859375 1050.0003662109375 2649.999755859375
v 2599.999755859375 1050.0003662109375 3049.999755859375
v 2512.214111328125 1050.0003662109375 3049.999755859375
v 2424.999755859375 1050.0003662109375 2649.999755859375
v 2424.999755859375 850.0003662109375 2649.999755859375
v 2512.214111328125 1050.0003662109375 3049.999755859375
v 2512.214111328125 850.0003662109375 3049.999755859375
v 2424.999755859375 850.0003662109375 2649.999755859375
v 2599.999755859375 850.0003662109375 2649.999755859375
v 2512.214111328125 850.0003662109375 3049.999755859375
v 2599.999755859375 850.0003662109375 3049.999755859375
v 2599.999755859375 850.0003662109375 2649.999755859375
v 2674.999755859375 950.0003662109375 2649.999755859375
v 2599.999755859375 850.0003662109375 3049.999755859375
v 2674.999755859375 950.0003662109375 3049.999755859375
v 2599.999755859375 1050.0003662109375 3049.999755859375
v 2599.999755859375 850.0003662109375 3049.999755859375
v 2674.999755859375 950.0003662109375 3049.999755859375
v 2512.214111328125 1050.0003662109375 3049.999755859375
v 2512.214111328125 850.0003662109375 3049.999755859375
v 2600.0 -1349.9996337890625 3050.0
v 2512.499755859375 1050.0003662109375 3049.999755859375
v 2599.999755859375 1050.0003662109375 3049.999755859375
v 2475.0 -1349.9996337890625 3050.0
v 2674.999755859375 950.0003662109375 3049.999755859375
v 2675.0 -1249.9996337890625 3050.0
v 1824.999755859375 1025.0003662109375 3049.999755859375
v 2524.999755859375 1025.0003662109375 3049.999755859375
v 1824.999755859375 975.0003662109375 3049.999755859375
v 2524.999755859375 975.0003662109375 3049.999755859375
v 2475.0 -1349.9996337890625 3050.0
v 2600.0 -1349.9996337890625 3050.0
v 2474.999755859375 -1349.9996337890625 3250.0
v 2599.999755859375 -1349.9996337890625 3250.0
v 2600.0 -1349.9996337890625 3050.0
v 2675.0 -1249.9996337890625 3050.0
v 2599.999755859375 -1349.9996337890625 3250.0
v 2674.999755859375 -1249.9996337890625 3250.0
v 2675.0 -1249.9996337890625 3050.0
v 2674.999755859375 950.0003662109375 3049.999755859375
v 2674.999755859375 -1249.9996337890625 3250.0
v 2674.999755859375 950.0003662109375 3249.999755859375
v 2674.999755859375 950.0003662109375 3249.999755859375
v 2599.999755859375 1050.0003662109375 3249.999755859375
v 2512.499755859375 1050.0003662109375 3049.999755859375
v 2599.999755859375 1050.0003662109375 3249.999755859375
v 2512.499755859375 1050.0003662109375 3249.999755859375
v 2512.499755859375 1050.0003662109375 3049.999755859375
v 2475.0 -1349.9996337890625 3050.0
v 2512.499755859375 1050.0003662109375 3249.999755859375
v 2474.999755859375 -1349.9996337890625 3250.0
v 2599.999755859375 -1349.9996337890625 3250.0
v 2599.999755859375 1050.0003662109375 3249.999755859375
v 2512.499755859375 1050.0003662109375 3249.999755859375
v 2474.999755859375 -1349.9996337890625 3250.0
v 2674.999755859375 -1249.9996337890625 3250.0
v 2674.999755859375 950.0003662109375 3249.999755859375
v 2524.999755859375 1025.0003662109375 3049.999755859375
v 1824.999755859375 1025.0003662109375 3049.999755859375
v 2524.999755859375 1025.0003662109375 3199.999755859375
v 1824.999755859375 1025.0003662109375 3199.999755859375
v 1824.999755859375 975.0003662109375 3049.999755859375
v 2524.999755859375 975.0003662109375 3049.999755859375
v 1824.999755859375 975.0003662109375 3199.999755859375
v 2524.999755859375 975.0003662109375 3199.999755859375
v 2524.999755859375 975.0003662109375 3049.999755859375
v 2524.999755859375 1025.0003662109375 3049.999755859375
v 2524.999755859375 975.0003662109375 3199.999755859375
v 2524.999755859375 1025.0003662109375 3199.999755859375
v 1824.999755859375 1025.0003662109375 3199.999755859375
v 1824.999755859375 975.0003662109375 3199.999755859375
v 2524.999755859375 1025.0003662109375 3199.999755859375
v 2524.999755859375 975.0003662109375 3199.999755859375
v 2599.999755859375 -1149.9996337890625 2650.0
v 2425.0 -1149.9996337890625 2650.0
v 2599.999755859375 -1149.9996337890625 3050.0
v 2475.53173828125 -1149.9996337890625 3050.0
v 2425.0 -1149.9996337890625 2650.0
v 2425.0 -1349.9996337890625 2650.0
v 2475.53173828125 -1149.9996337890625 3050.0
v 2475.53173828125 -1349.9996337890625 3050.0
v 2425.0 -1349.9996337890625 2650.0
v 2600.0 -1349.9996337890625 2650.0
v 2475.53173828125 -1349.9996337890625 3050.0
v 2600.0 -1349.9996337890625 2650.0
v 2675.0 -1249.9996337890625 2650.0
v 2675.0 -1249.9996337890625 2650.0
v 2599.999755859375 -1149.9996337890625 2650.0
v 2675.0 -1249.9996337890625 3050.0
v 2599.999755859375 -1149.9996337890625 3050.0
v 2475.53173828125 -1149.9996337890625 3050.0
v 2475.53173828125 -1349.9996337890625 3050.0
v 2599.999755859375 -1149.9996337890625 3050.0
v 2600.0 -1349.9996337890625 3050.0
v 2675.0 -1249.9996337890625 3050.0
v 1824.9998779296875 -1274.9996337890625 3050.0
v 2475.0 -1274.9996337890625 3050.0
v 1824.9998779296875 -1324.9996337890625 3050.0
v 2475.0 -1324.9996337890625 3050.0
v 1824.9998779296875 -1324.9996337890625 3050.0
v 2475.0 -1324.9996337890625 3050.0
v 1824.9998779296875 -1324.9996337890625 3200.0
v 2474.999755859375 -1324.9996337890625 3200.0
v 2475.0 -1324.9996337890625 3050.0
v 2475.0 -1274.9996337890625 3050.0
v 2474.999755859375 -1324.9996337890625 3200.0
v 2474.999755859375 -1274.9996337890625 3200.0
v 2475.0 -1274.9996337890625 3050.0
v 1824.9998779296875 -1274.9996337890625 3050.0
v 2474.999755859375 -1274.9996337890625 3200.0
v 1824.9998779296875 -1274.9996337890625 3200.0
v 1824.9998779296875 -1274.9996337890625 3200.0
v 1824.9998779296875 -1324.9996337890625 3200.0
v 2474.999755859375 -1274.9996337890625 3200.0
v 2474.999755859375 -1324.9996337890625 3200.0
v 2050.0 -1274.9996337890625 3125.0
v 2074.999755859375 975.0003662109375 3124.999755859375
v 2075.0 -1274.9996337890625 3125.0
v 2049.999755859375 975.0003662109375 3124.999755859375
v 2300.0 -1274.9996337890625 3125.0
v 2324.999755859375 975.0003662109375 3124.999755859375
v 2325.0 -1274.9996337890625 3125.0
v 2299.999755859375 975.0003662109375 3124.999755859375
v 2050.0 -1274.9996337890625 3125.0
v 2075.0 -1274.9996337890625 3125.0
v 2050.0 -1274.9996337890625 3145.0
v 2075.0 -1274.9996337890625 3145.0
v 2075.0 -1274.9996337890625 3125.0
v 2074.999755859375 975.0003662109375 3124.999755859375
v 2075.0 -1274.9996337890625 3145.0
v 2074.999755859375 975.0003662109375 3144.999755859375
v 2074.999755859375 975.0003662109375 3124.999755859375
v 2049.999755859375 975.0003662109375 3124.999755859375
v 2074.999755859375 975.0003662109375 3144.999755859375
v 2049.999755859375 975.0003662109375 3144.999755859375
v 2049.999755859375 975.0003662109375 3124.999755859375
v 2050.0 -1274.9996337890625 3125.0
v 2049.999755859375 975.0003662109375 3144.999755859375
v 2050.0 -1274.9996337890625 3145.0
v 2050.0 -1274.9996337890625 3145.0
v 2075.0 -1274.9996337890625 3145.0
v 2074.999755859375 975.0003662109375 3144.999755859375
v 2049.999755859375 975.0003662109375 3144.999755859375
v 2300.0 -1274.9996337890625 3125.0
v 2325.0 -1274.9996337890625 3125.0
v 2300.0 -1274.9996337890625 3145.0
v 2325.0 -1274.9996337890625 3145.0
v 2325.0 -1274.9996337890625 3125.0
v 2324.999755859375 975.0003662109375 3124.999755859375
v 2325.0 -1274.9996337890625 3145.0
v 2324.999755859375 975.0003662109375 3144.999755859375
v 2324.999755859375 975.0003662109375 3124.999755859375
v 2299.999755859375 975.0003662109375 3124.999755859375
v 2324.999755859375 975.0003662109375 3144.999755859375
v 2299.999755859375 975.0003662109375 3144.999755859375
v 2299.999755859375 975.0003662109375 3124.999755859375
v 2300.0 -1274.9996337890625 3125.0
v 2299.999755859375 975.0003662109375 3144.999755859375
v 2300.0 -1274.9996337890625 3145.0
v 2300.0 -1274.9996337890625 3145.0
v 2325.0 -1274.9996337890625 3145.0
v 2324.999755859375 975.0003662109375 3144.999755859375
v 2299.999755859375 975.0003662109375 3144.999755859375
v 1824.9998779296875 -1549.999755859375 2650.0
v -1225.0 -1549.999755859375 2849.999755859375
v 974.9998779296875 -1549.999755859375 3050.0
v 1274.9998779296875 -1549.9996337890625 3050.0
v -2025.0 -1549.999755859375 3224.999755859375
v -1225.0 -1549.999755859375 3049.999755859375
v 124.999755859375 -1549.999755859375 3049.999755859375
v -25.000244140625 -1549.999755859375 3049.999755859375
v -925.000244140625 -1549.999755859375 3049.999755859375
v 1824.9998779296875 -1549.9996337890625 3225.0
v -925.000244140625 -1549.999755859375 2849.999755859375
v 1274.9998779296875 -1549.999755859375 2850.0
v -25.000244140625 -1549.999755859375 2849.999755859375
v 124.999755859375 -1549.999755859375 2849.999755859375
v 974.9998779296875 -1549.999755859375 2850.0
v 1824.9998779296875 -1549.999755859375 2650.0
v 1824.9998779296875 -1149.999755859375 2650.0
v 1824.9998779296875 -1549.9996337890625 3225.0
v 1824.9998779296875 -1149.9996337890625 3225.0
v 1824.9998779296875 -1149.999755859375 2650.0
v 1624.9998779296875 -1149.999755859375 2650.0
v 1824.9998779296875 -1149.9996337890625 3225.0
v 1624.9998779296875 -1149.9996337890625 3225.0
v 1624.9998779296875 -1149.999755859375 2650.0
v 1624.9998779296875 -349.9996337890625 2650.0
v 1624.9998779296875 -1149.9996337890625 3225.0
v 1624.9998779296875 -349.9996337890625 3225.0
v 1624.9998779296875 -349.9996337890625 2650.0
v 1824.9998779296875 -349.9996337890625 2650.0
v 1624.9998779296875 -349.9996337890625 3225.0
v 1824.9998779296875 -349.9996337890625 3225.0
v 1824.9998779296875 -349.9996337890625 2650.0
v 1824.999755859375 50.0003662109375 2649.999755859375
v 1824.9998779296875 -349.9996337890625 3225.0
v 1824.999755859375 50.0003662109375 3224.999755859375
v 1824.999755859375 50.0003662109375 2649.999755859375
v 1624.999755859375 50.0003662109375 2649.999755859375
v 1824.999755859375 50.0003662109375 3224.999755859375
v 1624.999755859375 50.0003662109375 3224.999755859375
v 1624.999755859375 50.0003662109375 2649.999755859375
v 1624.999755859375 850.0003662109375 2649.999755859375
v 1624.999755859375 50.0003662109375 3224.999755859375
v 1624.999755859375 850.0003662109375 3224.999755859375
v 1624.999755859375 850.0003662109375 2649.999755859375
v 1824.999755859375 850.0003662109375 2649.999755859375
v 1624.999755859375 850.0003662109375 3224.999755859375
v 1824.999755859375 850.0003662109375 3224.999755859375
v 1824.999755859375 850.0003662109375 2649.999755859375
v 1824.999755859375 1250.0003662109375 2649.999755859375
v 1824.999755859375 850.0003662109375 3224.999755859375
v 1824.999755859375 1250.0003662109375 3224.999755859375
v 1824.999755859375 1250.0003662109375 2649.999755859375
v 1624.999755859375 1250.0003662109375 2849.999755859375
v -575.000244140625 1250.0001220703125 3049.99951171875
v -875.000244140625 1250.0001220703125 3049.99951171875
v 1824.999755859375 1250.0003662109375 3224.999755859375
v 1624.999755859375 1250.0003662109375 3049.999755859375
v 274.999755859375 1250.0003662109375 3049.999755859375
v 424.999755859375 1250.0003662109375 3049.999755859375
v 1324.999755859375 1250.0003662109375 3049.999755859375
v -2025.0 1250.0001220703125 3224.99951171875
v 1324.999755859375 1250.0003662109375 2849.999755859375
v -875.000244140625 1250.0001220703125 2849.99951171875
v 424.999755859375 1250.0003662109375 2849.999755859375
v 274.999755859375 1250.0003662109375 2849.999755859375
v -575.000244140625 1250.0001220703125 2849.99951171875
v -1225.0 -1529.999755859375 3049.999755859375
v -925.000244140625 -1529.999755859375 3049.999755859375
v -1225.0 -1549.999755859375 3049.999755859375
v -925.000244140625 -1549.999755859375 3049.999755859375
v -1225.0 -1529.999755859375 2849.999755859375
v -1225.0 -1549.999755859375 2849.999755859375
v -925.000244140625 -1529.999755859375 2849.999755859375
v -925.000244140625 -1549.999755859375 2849.999755859375
v -1225.0 -1529.999755859375 3049.999755859375
v -1225.0 -1549.999755859375 2849.999755859375
v -1225.0 -1529.999755859375 2849.999755859375
v -1225.0 -1549.999755859375 3049.999755859375
v -925.000244140625 -1529.999755859375 3049.999755859375
v -925.000244140625 -1529.999755859375 2849.999755859375
v -925.000244140625 -1549.999755859375 2849.999755859375
v -925.000244140625 -1549.999755859375 3049.999755859375
v -25.000244140625 -1529.999755859375 3049.999755859375
v 124.999755859375 -1529.999755859375 3049.999755859375
v -25.000244140625 -1549.999755859375 3049.999755859375
v 124.999755859375 -1549.999755859375 3049.999755859375
v -25.000244140625 -1529.999755859375 2849.999755859375
v -25.000244140625 -1549.999755859375 2849.999755859375
v 124.999755859375 -1529.999755859375 2849.999755859375
v 124.999755859375 -1549.999755859375 2849.999755859375
v -25.000244140625 -1529.999755859375 3049.999755859375
v -25.000244140625 -1549.999755859375 2849.999755859375
v -25.000244140625 -1529.999755859375 2849.999755859375
v -25.000244140625 -1549.999755859375 3049.999755859375
v 124.999755859375 -1529.999755859375 3049.999755859375
v 124.999755859375 -1529.999755859375 2849.999755859375
v 124.999755859375 -1549.999755859375 2849.999755859375
v 124.999755859375 -1549.999755859375 3049.999755859375
v 974.9998779296875 -1529.999755859375 3050.0
v 1274.9998779296875 -1529.9996337890625 3050.0
v 974.9998779296875 -1549.999755859375 3050.0
v 1274.9998779296875 -1549.9996337890625 3050.0
v 974.9998779296875 -1529.999755859375 2850.0
v 974.9998779296875 -1549.999755859375 2850.0
v 1274.9998779296875 -1529.999755859375 2850.0
v 1274.9998779296875 -1549.999755859375 2850.0
v 974.9998779296875 -1529.999755859375 3050.0
v 974.9998779296875 -1549.999755859375 2850.0
v 974.9998779296875 -1529.999755859375 2850.0
v 974.9998779296875 -1549.999755859375 3050.0
v 1274.9998779296875 -1529.9996337890625 3050.0
v 1274.9998779296875 -1529.999755859375 2850.0
v 1274.9998779296875 -1549.999755859375 2850.0
v 1274.9998779296875 -1549.9996337890625 3050.0
v 274.999755859375 1230.0003662109375 3049.999755859375
v 424.999755859375 1250.0003662109375 3049.999755859375
v 424.999755859375 1230.0003662109375 3049.999755859375
v 274.999755859375 1250.0003662109375 3049.999755859375
v 274.999755859375 1230.0003662109375 2849.999755859375
v 424.999755859375 1230.0003662109375 2849.999755859375
v 424.999755859375 1250.0003662109375 2849.999755859375
v 274.999755859375 1250.0003662109375 2849.999755859375
v 424.999755859375 1230.0003662109375 3049.999755859375
v 424.999755859375 1250.0003662109375 2849.999755859375
v 424.999755859375 1230.0003662109375 2849.999755859375
v 424.999755859375 1250.0003662109375 3049.999755859375
v 274.999755859375 1230.0003662109375 3049.999755859375
v 274.999755859375 1230.0003662109375 2849.999755859375
v 274.999755859375 1250.0003662109375 2849.999755859375
v 274.999755859375 1250.0003662109375 3049.999755859375
v -875.000244140625 1230.0001220703125 3049.99951171875
v -575.000244140625 1250.0001220703125 3049.99951171875
v -575.000244140625 1230.0001220703125 3049.99951171875
v -875.000244140625 1250.0001220703125 3049.99951171875
v -875.000244140625 1230.0001220703125 2849.99951171875
v -575.000244140625 1230.0001220703125 2849.99951171875
v -575.000244140625 1250.0001220703125 2849.99951171875
v -875.000244140625 1250.0001220703125 2849.99951171875
v -575.000244140625 1230.0001220703125 3049.99951171875
v -575.000244140625 1250.0001220703125 2849.99951171875
v -575.000244140625 1230.0001220703125 2849.99951171875
v -575.000244140625 1250.0001220703125 3049.99951171875
v -875.000244140625 1230.0001220703125 3049.99951171875
v -875.000244140625 1230.0001220703125 2849.99951171875
v -875.000244140625 1250.0001220703125 2849.99951171875
v -875.000244140625 1250.0001220703125 3049.99951171875
v 1324.999755859375 1230.0003662109375 3049.999755859375
v 1624.999755859375 1250.0003662109375 3049.999755859375
v 1624.999755859375 1230.0003662109375 3049.999755859375
v 1324.999755859375 1250.0003662109375 3049.999755859375
v 1324.999755859375 1230.0003662109375 2849.999755859375
v 1624.999755859375 1230.0003662109375 2849.999755859375
v 1624.999755859375 1250.0003662109375 2849.999755859375
v 1324.999755859375 1250.0003662109375 2849.999755859375
v 1624.999755859375 1230.0003662109375 3049.999755859375
v 1624.999755859375 1250.0003662109375 2849.999755859375
v 1624.999755859375 1230.0003662109375 2849.999755859375
v 1624.999755859375 1250.0003662109375 3049.999755859375
v 1324.999755859375 1230.0003662109375 3049.999755859375
v 1324.999755859375 1230.0003662109375 2849.999755859375
v 1324.999755859375 1250.0003662109375 2849.999755859375
v 1324.999755859375 1250.0003662109375 3049.999755859375
v 1924.9998779296875 -1649.9996337890625 3225.0
v 1824.9998779296875 -1549.9996337890625 3225.0
v 1924.999755859375 1350.0003662109375 3224.999755859375
v -2025.0 -1649.999755859375 3224.999755859375
v -2025.0 1350.0001220703125 3224.99951171875
v 1824.999755859375 1250.0003662109375 3224.999755859375
v -2025.0 1250.0001220703125 3224.99951171875
v 1824.9998779296875 -1149.9996337890625 3225.0
v 1824.9998779296875 -349.9996337890625 3225.0
v 1824.999755859375 50.0003662109375 3224.999755859375
v 1824.999755859375 850.0003662109375 3224.999755859375
v 1624.999755859375 850.0003662109375 3224.999755859375
v 1624.999755859375 50.0003662109375 3224.999755859375
v 1624.9998779296875 -349.9996337890625 3225.0
v 1624.9998779296875 -1149.9996337890625 3225.0
v -2025.0 -1549.999755859375 3224.999755859375
v -2025.0 -1649.999755859375 3224.999755859375
v 1924.9998779296875 -1649.9996337890625 3225.0
v -2025.0 -1649.999755859375 3274.999755859375
v 1924.9998779296875 -1649.9996337890625 3275.0
v 1924.9998779296875 -1649.9996337890625 3225.0
v 1924.999755859375 1350.0003662109375 3224.999755859375
v 1924.9998779296875 -1649.9996337890625 3275.0
v 1924.999755859375 1350.0003662109375 3274.999755859375
v 1924.999755859375 1350.0003662109375 3224.999755859375
v -2025.0 1350.0001220703125 3224.99951171875
v 1924.999755859375 1350.0003662109375 3274.999755859375
v -2025.0 1350.0001220703125 3274.99951171875
v -2025.0 1350.0001220703125 3224.99951171875
v -2025.0 -1649.999755859375 3224.999755859375
v -2025.0 1350.0001220703125 3274.99951171875
v -2025.0 -1649.999755859375 3274.999755859375
v -2025.0 -1649.999755859375 3274.999755859375
v 1924.9998779296875 -1649.9996337890625 3275.0
v 1924.999755859375 1350.0003662109375 3274.999755859375
v -2025.0 1350.0001220703125 3274.99951171875
v 2425.0 -1349.9998779296875 600.0
v 2600.0 -1349.9998779296875 600.0
v 2600.0 -1349.9998779296875 600.0
v 2675.0 -1249.9998779296875 600.0
v 2675.0 -1249.9998779296875 600.0
v 2600.0 -1149.9998779296875 599.9999389648438
v 2675.0 -1249.9996337890625 2649.99951171875
v 2599.999755859375 -1149.9996337890625 2649.99951171875
v 2600.0 -1149.9998779296875 599.9999389648438
v 2225.0 -1149.9998779296875 599.9998779296875
v 2225.0 -1149.9996337890625 2650.0
v 2600.0 -1349.9996337890625 2650.0
v 2599.999755859375 -1149.9996337890625 2650.0
v 2225.0 850.0001220703125 599.999755859375
v 2575.0 850.0001220703125 599.9998168945312
v 2224.999755859375 850.0003662109375 2649.999755859375
v 2574.999755859375 850.0003662109375 2649.999755859375
v 2575.0 850.0001220703125 599.9998168945312
v 2674.999755859375 950.0001220703125 599.999755859375
v 2574.999755859375 850.0003662109375 2649.999755859375
v 2674.999755859375 950.0003662109375 2649.999755859375
v 2674.999755859375 950.0001220703125 599.999755859375
v 2599.999755859375 1050.0001220703125 599.999755859375
v 2599.999755859375 1050.0001220703125 599.999755859375
v 2425.0 1050.0001220703125 599.999755859375
v 2574.999755859375 850.0003662109375 2649.999755859375
v 2599.999755859375 1050.0003662109375 2649.999755859375
v 2225.0 -349.9998779296875 599.9998168945312
v 2425.0 -349.9998779296875 599.9998779296875
v 2224.999755859375 -349.9996337890625 2600.0
v 2424.999755859375 -349.9996337890625 2600.0
v 2425.0 -349.9998779296875 599.9998779296875
v 2425.0 50.0001220703125 599.9998779296875
v 2424.999755859375 -349.9996337890625 2600.0
v 2424.999755859375 50.0003662109375 2599.999755859375
v 2425.0 50.0001220703125 599.9998779296875
v 2225.0 50.0001220703125 599.9998168945312
v 2424.999755859375 50.0003662109375 2599.999755859375
v 2224.999755859375 50.0003662109375 2599.999755859375
v 2424.999267578125 -1549.9998779296875 -1.9670158508233726e-05
v -2025.0 -1550.0001220703125 0.9997857809066772
v 2424.999267578125 -1549.9998779296875 0.9999803304672241
v 2425.0 -1549.9998779296875 0.9999803304672241
v 2425.0 1250.0001220703125 0.9997355937957764
v -2024.9990234375 1249.9998779296875 -0.0004589695599861443
v 2425.0 1250.0001220703125 0.9997355937957764
v -2024.9990234375 1249.9998779296875 0.9995410442352295
v -2025.0 1249.9998779296875 -0.00045896958908997476
v -2025.0 1249.9998779296875 0.9995410442352295
v -2025.0 -1550.0001220703125 0.9997857809066772
v -2026.25146484375 -1467.047119140625 199.5638885498047
v -2062.7939453125 -1487.5445556640625 199.5638885498047
v -2026.25146484375 -1467.0469970703125 464.5639343261719
v -2062.7939453125 -1487.5445556640625 464.5639343261719
v -2062.7939453125 -1487.5445556640625 199.5638885498047
v -2062.26708984375 -1517.5406494140625 199.5638885498047
v -2062.7939453125 -1487.5445556640625 464.5639343261719
v -2062.26708984375 -1517.5406494140625 464.5639343261719
v -2062.26708984375 -1517.5406494140625 199.5638885498047
v -2025.02490234375 -1537.0361328125 199.5638885498047
v -2062.26708984375 -1517.5406494140625 464.5639343261719
v -2025.02490234375 -1537.0360107421875 464.5639343261719
v -2025.02490234375 -1537.0360107421875 464.5639343261719
v -2026.25146484375 -1467.0469970703125 464.5639343261719
v -2062.26708984375 -1517.5406494140625 464.5639343261719
v -2062.7939453125 -1487.5445556640625 464.5639343261719
v -2024.2021484375 -1551.4150390625 464.56402587890625
v -2327.009765625 -1556.45654296875 464.5640869140625
v -2025.4716796875 -1414.56201171875 464.56402587890625
v -2329.115234375 -1415.35546875 464.5640869140625
v -2024.2021484375 -1551.4150390625 464.56402587890625
v -2025.4716796875 -1414.56201171875 464.56402587890625
v -2024.2021484375 -1551.4150390625 599.5639038085938
v -2025.4716796875 -1414.5618896484375 599.5639038085938
v -2025.4716796875 -1414.56201171875 464.56402587890625
v -2329.115234375 -1415.35546875 464.5640869140625
v -2025.4716796875 -1414.56201171875 599.5639038085938
v -2329.115234375 -1415.35546875 599.5639038085938
v -2329.115234375 -1415.35546875 464.5640869140625
v -2327.009765625 -1556.45654296875 464.5640869140625
v -2329.115234375 -1415.35546875 599.5639038085938
v -2327.009765625 -1556.45654296875 599.5639038085938
v -2327.009765625 -1556.45654296875 464.5640869140625
v -2024.2021484375 -1551.4150390625 464.56402587890625
v -2327.009765625 -1556.45654296875 599.5639038085938
v -2024.2021484375 -1551.4150390625 599.5639038085938
v -2024.2021484375 -1551.4150390625 599.5639038085938
v -2025.4716796875 -1414.56201171875 599.5639038085938
v -2327.009765625 -1556.45654296875 599.5639038085938
v -2329.115234375 -1415.35546875 599.5639038085938
v -2292.236328125 -1521.571533203125 199.56387329101562
v -2292.7626953125 -1491.575439453125 199.56387329101562
v -2292.236328125 -1521.5714111328125 464.56390380859375
v -2292.7626953125 -1491.5753173828125 464.56390380859375
v -2292.7626953125 -1491.5753173828125 199.56387329101562
v -2329.05908203125 -1472.0946044921875 199.56387329101562
v -2292.7626953125 -1491.5753173828125 464.5638427734375
v -2329.05908203125 -1472.0946044921875 464.5638427734375
v -2327.826171875 -1542.0836181640625 199.56387329101562
v -2292.236328125 -1521.571533203125 199.56387329101562
v -2327.826171875 -1542.08349609375 464.56390380859375
v -2292.236328125 -1521.5714111328125 464.56390380859375
v -2292.236328125 -1521.5714111328125 464.56390380859375
v -2292.7626953125 -1491.5753173828125 464.56390380859375
v -2327.826171875 -1542.0836181640625 464.56390380859375
v -2329.05908203125 -1472.0946044921875 464.56390380859375
v -2062.6171875 -1497.54150390625 199.5638885498047
v -2072.6142578125 -1497.7181396484375 199.5638885498047
v -2062.6171875 -1497.54150390625 454.5638732910156
v -2072.6142578125 -1497.718017578125 454.5638732910156
v -2072.6142578125 -1497.7181396484375 199.5638885498047
v -2072.4375 -1507.7149658203125 199.5638885498047
v -2072.6142578125 -1497.718017578125 454.5638732910156
v -2072.4375 -1507.7149658203125 454.5638732910156
v -2072.4375 -1507.7149658203125 199.5638885498047
v -2062.44091796875 -1507.5384521484375 199.5638885498047
v -2072.4375 -1507.7149658203125 454.5638732910156
v -2062.44091796875 -1507.5384521484375 454.5638732910156
v -2292.58935546875 -1501.57763671875 454.5638427734375
v -2072.6142578125 -1497.718017578125 454.5638732910156
v -2292.41259765625 -1511.5745849609375 454.5638427734375
v -2072.4375 -1507.7138671875 454.5638732910156
v -2292.58935546875 -1501.57763671875 454.5638427734375
v -2062.6171875 -1497.54150390625 464.5638732910156
v -2292.58935546875 -1501.57763671875 464.5638427734375
v -2292.41259765625 -1511.5745849609375 454.5638427734375
v -2292.41259765625 -1511.5745849609375 464.5638427734375
v -2062.44091796875 -1507.5384521484375 464.5638732910156
v -2062.44091796875 -1507.5384521484375 464.5638732910156
v -2062.6171875 -1497.54150390625 464.5638732910156
v -2292.41259765625 -1511.5745849609375 464.5638427734375
v -2292.58935546875 -1501.57763671875 464.5638427734375
v -2282.416015625 -1511.39794921875 199.56387329101562
v -2282.59228515625 -1501.401123046875 199.56387329101562
v -2282.416015625 -1511.39794921875 454.5638427734375
v -2282.59228515625 -1501.401123046875 454.5638427734375
v -2282.59228515625 -1501.401123046875 199.56387329101562
v -2292.58935546875 -1501.57763671875 199.56387329101562
v -2282.59228515625 -1501.401123046875 454.5638122558594
v -2292.58935546875 -1501.57763671875 454.5638122558594
v -2292.41259765625 -1511.5745849609375 199.56387329101562
v -2282.416015625 -1511.39794921875 199.56387329101562
v -2292.41259765625 -1511.5745849609375 454.5638122558594
v -2282.416015625 -1511.39794921875 454.5638122558594
v -2282.416015625 -1511.39794921875 454.5638427734375
v -2282.59228515625 -1501.401123046875 454.5638427734375
v -2292.41259765625 -1511.5745849609375 454.5638427734375
v -2292.58935546875 -1501.57763671875 454.5638427734375
v -1424.64501953125 1224.4046630859375 99.78217315673828
v -1461.53955078125 1204.5479736328125 99.78217315673828
v -1424.64501953125 1224.4046630859375 364.7821960449219
v -1461.53955078125 1204.5479736328125 364.7821960449219
v -1461.53955078125 1204.5479736328125 99.78217315673828
v -1461.53662109375 1174.5472412109375 99.78217315673828
v -1461.53955078125 1204.5479736328125 364.7821960449219
v -1461.53662109375 1174.5472412109375 364.7821960449219
v -1461.53662109375 1174.5472412109375 99.78217315673828
v -1346.39794921875 1154.4019775390625 99.78218078613281
v -1461.53662109375 1174.5472412109375 364.7821960449219
v -1346.39794921875 1154.4019775390625 364.7821960449219
v -1346.39794921875 1154.4019775390625 364.7821960449219
v -1424.64501953125 1224.4046630859375 364.7821960449219
v -1461.53662109375 1174.5472412109375 364.7821960449219
v -1461.53955078125 1204.5479736328125 364.7821960449219
v -1776.81787109375 1267.6710205078125 364.7823486328125
v -1363.82958984375 1263.1666259765625 364.78228759765625
v -1364.94677734375 1126.3135986328125 364.78228759765625
v -1777.171875 1126.5455322265625 364.7823486328125
v -1364.94677734375 1126.3135986328125 364.78228759765625
v -1363.82958984375 1263.1666259765625 364.78228759765625
v -1364.94677734375 1126.3135986328125 609.7821655273438
v -1363.82958984375 1263.1666259765625 609.7821655273438
v -1363.82958984375 1263.1666259765625 364.78228759765625
v -1776.81787109375 1267.6710205078125 364.7823486328125
v -1363.82958984375 1263.1666259765625 609.7821044921875
v -1776.81787109375 1267.6710205078125 609.7821044921875
v -1776.81787109375 1267.6710205078125 364.7823486328125
v -1777.171875 1126.5455322265625 364.7823486328125
v -1776.81787109375 1267.6710205078125 609.7821655273438
v -1777.171875 1126.5455322265625 609.7821655273438
v -1777.171875 1126.5455322265625 364.7823486328125
v -1364.94677734375 1126.3135986328125 364.78228759765625
v -1777.171875 1126.5455322265625 609.7821655273438
v -1364.94677734375 1126.3135986328125 609.7821655273438
v -1776.81787109375 1267.6710205078125 609.7821655273438
v -1364.94677734375 1126.3135986328125 609.7821655273438
v -1363.82958984375 1263.1666259765625 609.7821655273438
v -1777.171875 1126.5455322265625 609.7821655273438
v -1691.54052734375 1174.5303955078125 99.78215789794922
v -1691.54345703125 1204.5311279296875 99.78215789794922
v -1691.54052734375 1174.5303955078125 364.78216552734375
v -1691.54345703125 1204.5311279296875 364.78216552734375
v -1691.54345703125 1204.5311279296875 99.78215789794922
v -1727.49462890625 1224.6424560546875 99.78215789794922
v -1691.54345703125 1204.5311279296875 364.78216552734375
v -1727.49462890625 1224.6424560546875 364.78216552734375
v -1793.85888671875 1154.6339111328125 99.78216552734375
v -1691.54052734375 1174.5303955078125 99.78215789794922
v -1793.85888671875 1154.6339111328125 364.78216552734375
v -1691.54052734375 1174.5303955078125 364.78216552734375
v -1691.54052734375 1174.5303955078125 364.78216552734375
v -1691.54345703125 1204.5311279296875 364.78216552734375
v -1727.49462890625 1224.6424560546875 364.78216552734375
v -1793.85888671875 1154.6339111328125 364.78216552734375
v -1461.537109375 1194.5494384765625 99.78217315673828
v -1471.53564453125 1194.5472412109375 99.78217315673828
v -1461.537109375 1194.5494384765625 354.78216552734375
v -1471.53564453125 1194.5472412109375 354.78216552734375
v -1471.53564453125 1194.5472412109375 99.78217315673828
v -1471.53369140625 1184.5487060546875 99.78217315673828
v -1471.53564453125 1194.5472412109375 354.78216552734375
v -1471.53369140625 1184.5487060546875 354.78216552734375
v -1471.53369140625 1184.5487060546875 99.78217315673828
v -1461.53515625 1184.5509033203125 99.78217315673828
v -1471.53369140625 1184.5487060546875 354.78216552734375
v -1461.53515625 1184.5509033203125 354.78216552734375
v -1691.544921875 1194.5274658203125 354.7822265625
v -1471.53564453125 1194.5472412109375 354.78216552734375
v -1691.54248046875 1184.5289306640625 354.7822265625
v -1471.53369140625 1184.5499267578125 354.78216552734375
v -1691.544921875 1194.5274658203125 354.7822265625
v -1461.537109375 1194.5494384765625 364.7821350097656
v -1691.544921875 1194.5274658203125 364.7822265625
v -1691.54248046875 1184.5289306640625 354.7822265625
v -1691.54248046875 1184.5289306640625 364.7822265625
v -1461.53515625 1184.5509033203125 364.7821350097656
v -1691.54248046875 1184.5289306640625 364.7821960449219
v -1461.53515625 1184.5509033203125 364.7821350097656
v -1461.537109375 1194.5494384765625 364.7821350097656
v -1691.544921875 1194.5274658203125 364.7821960449219
v -1681.5439453125 1184.5311279296875 99.78215789794922
v -1681.5458984375 1194.5296630859375 99.78215789794922
v -1681.5439453125 1184.5311279296875 354.7821350097656
v -1681.5458984375 1194.5296630859375 354.7821350097656
v -1681.5458984375 1194.5296630859375 99.78215789794922
v -1691.544921875 1194.5274658203125 99.78215789794922
v -1681.5458984375 1194.5296630859375 354.7821350097656
v -1691.544921875 1194.5274658203125 354.7821350097656
v -1691.54248046875 1184.5289306640625 99.78215789794922
v -1681.5439453125 1184.5311279296875 99.78215789794922
v -1691.54248046875 1184.5289306640625 354.7821350097656
v -1681.5439453125 1184.5311279296875 354.7821350097656
v -1691.54248046875 1184.5289306640625 354.7821350097656
v -1681.5439453125 1184.5311279296875 354.7821350097656
v -1681.5458984375 1194.5296630859375 354.7821350097656
v -1691.544921875 1194.5274658203125 354.7821350097656
f 26 28 25
f 26 25 27
f 2712 2711 2713
f 2714 2712 2713
f 2708 2707 2709
f 2710 2708 2709
f 2704 2703 2705
f 2706 2704 2705
f 2700 2699 2701
f 2702 2700 2701
f 2696 2695 2697
f 2698 2696 2697
f 2692 2691 2693
f 2694 2692 2693
f 2688 2687 2689
f 2690 2688 2689
f 2640 2639 2641
f 2642 2640 2641
f 2636 2635 2637
f 2638 2636 2637
f 2632 2631 2633
f 2634 2632 2633
f 2628 2627 2629
f 2630 2628 2629
f 2613 2620 2619
f 2621 2622 2623
f 2621 2623 2620
f 2613 2621 2620
f 2613 2616 2621
f 2613 2615 2616
f 2616 2615 2617
f 2612 2626 2614
f 2614 2611 2612
f 2612 2611 2613
f 2613 2618 2612
f 2613 2619 2618
f 2619 2625 2618
f 2619 2624 2625
f 2644 2643 2645
f 2643 2646 2645
f 17 16 13
f 16 15 13
f 15 16 10
f 11 15 10
f 10 9 11
f 11 9 12
f 12 9 14
f 13 12 14
f 14 24 13
f 13 24 17
f 17 24 21
f 21 20 17
f 20 18 17
f 19 18 20
f 23 22 21
f 21 24 23
f 1388 1389 1380
f 1392 1385 1386
f 1385 1380 1386
f 1380 1391 1386
f 1390 1391 1380
f 1389 1390 1380
f 1389 1394 1390
f 1394 1393 1390
f 1376 1375 1377
f 1377 1375 1378
f 1378 1375 1381
f 1384 1378 1381
f 1383 1384 1381
f 1382 1383 1381
f 1379 1382 1381
f 1380 1379 1381
f 1381 1387 1380
f 1387 1388 1380
f 1387 1396 1388
f 1396 1395 1388
f 2003 2001 2004
f 2001 2002 2004
f 2001 1378 2002
f 1378 1380 2002
f 2856 2855 2857
f 2857 2855 2858
f 1588 1587 1589
f 1587 1590 1589
f 1587 1592 1590
f 1592 1591 1590
f 6 5 7
f 8 6 7
f 2 1 3
f 4 2 3
f 2852 2851 2853
f 2854 2852 2853
f 2848 2847 2849
f 2850 2848 2849
f 2844 2843 2845
f 2846 2844 2845
f 2812 2811 2813
f 2814 2812 2813
f 2808 2807 2809
f 2810 2808 2809
f 2804 2803 2805
f 2806 2804 2805
f 2756 2755 2757
f 2757 2758 2756
f 2752 2751 2753
f 2754 2752 2753
f 2748 2747 2749
f 2750 2748 2749
f 2744 2743 2745
f 2746 2744 2745
f 2160 2159 2161
f 2162 2160 2161
f 2156 2155 2157
f 2158 2156 2157
f 2152 2151 2153
f 2154 2152 2153
f 2148 2147 2149
f 2150 2148 2149
f 2144 2143 2145
f 2146 2144 2145
f 2140 2138 2141
f 2138 2139 2141
f 2138 2137 2139
f 2137 2142 2139
f 2022 2021 2023
f 2024 2022 2023
f 2018 2017 2019
f 2020 2018 2019
f 2014 2013 2015
f 2016 2014 2015
f 2010 2009 2011
f 2012 2010 2011
f 2006 2005 2007
f 2008 2006 2007
f 1886 1885 1887
f 1888 1886 1887
f 1882 1881 1883
f 1884 1882 1883
f 1878 1877 1879
f 1880 1878 1879
f 1874 1873 1875
f 1876 1874 1875
f 1870 1869 1871
f 1872 1870 1871
f 1748 1747 1749
f 1750 1748 1749
f 1744 1743 1745
f 1746 1744 1745
f 1740 1739 1741
f 1742 1740 1741
f 1736 1735 1737
f 1738 1736 1737
f 1732 1731 1733
f 1734 1732 1733
f 1728 1726 1729
f 1726 1727 1729
f 1726 1725 1727
f 1725 1730 1727
f 1610 1609 1611
f 1612 1610 1611
f 1606 1605 1607
f 1608 1606 1607
f 1602 1601 1603
f 1604 1602 1603
f 1598 1597 1599
f 1600 1598 1599
f 1594 1593 1595
f 1596 1594 1595
f 1472 1471 1473
f 1474 1472 1473
f 1468 1467 1469
f 1470 1468 1469
f 1464 1463 1465
f 1466 1464 1465
f 1460 1459 1461
f 1462 1460 1461
f 1456 1455 1457
f 1458 1456 1457
f 674 673 675
f 676 674 675
f 666 665 667
f 668 666 667
f 658 657 659
f 660 658 659
f 606 605 607
f 608 606 607
f 602 601 603
f 602 603 604
f 586 588 585
f 586 585 587
f 570 572 569
f 570 569 571
f 554 556 553
f 554 553 555
f 434 433 435
f 436 434 435
f 430 429 431
f 432 430 431
f 426 425 427
f 428 426 427
f 422 421 423
f 424 422 423
f 418 417 419
f 420 418 419
f 414 413 415
f 416 414 415
f 410 409 411
f 412 410 411
f 406 405 407
f 408 406 407
f 402 401 403
f 404 402 403
f 384 383 385
f 384 385 388
f 388 387 384
f 386 385 372
f 385 383 372
f 383 380 372
f 380 383 375
f 370 369 371
f 371 369 373
f 372 371 373
f 373 395 372
f 372 395 386
f 386 395 392
f 392 391 386
f 391 389 386
f 390 389 391
f 368 367 369
f 369 367 373
f 400 399 395
f 399 394 395
f 392 395 394
f 394 393 392
f 645 648 647
f 647 644 645
f 645 644 646
f 640 643 639
f 640 639 641
f 642 640 641
f 352 351 353
f 354 352 353
f 308 307 309
f 310 308 309
f 304 303 305
f 306 304 305
f 286 285 287
f 288 286 287
f 282 281 283
f 284 282 283
f 274 273 275
f 276 274 275
f 270 269 271
f 272 270 271
f 266 265 267
f 268 266 267
f 94 93 95
f 96 94 95
f 90 89 91
f 92 90 91
f 86 85 87
f 88 86 87
f 1451 1450 1452
f 1451 1452 1453
f 1454 1451 1453
f 1863 1868 1865
f 1864 1863 1865
f 1864 1865 1867
f 1866 1864 1867
f 637 635 638
f 630 635 637
f 630 637 632
f 632 629 630
f 630 629 631
f 630 631 633
f 630 634 635
f 635 634 636
f 438 437 439
f 440 438 439
f 447 438 440
f 448 447 440
f 449 448 440
f 440 450 449
f 449 450 451
f 451 450 446
f 447 451 446
f 446 445 447
f 442 454 441
f 441 438 442
f 442 438 443
f 443 438 447
f 445 443 447
f 444 443 445
f 444 445 453
f 453 454 444
f 453 452 454
f 454 452 441
f 452 450 441
f 446 450 452
f 356 355 357
f 357 355 359
f 358 357 359
f 359 365 358
f 358 365 364
f 364 365 366
f 366 365 361
f 362 366 361
f 361 360 362
f 362 360 363
f 363 360 358
f 364 363 358
f 626 625 627
f 627 625 622
f 623 627 622
f 622 621 623
f 623 621 624
f 628 623 624
f 381 382 398
f 381 380 382
f 382 380 375
f 376 382 375
f 375 374 376
f 376 374 379
f 379 374 370
f 377 379 370
f 378 377 370
f 370 371 378
f 379 396 376
f 396 397 376
f 397 396 378
f 398 397 378
f 378 371 398
f 398 371 381
f 1401 1403 1404
f 1401 1404 1402
f 1400 1401 1402
f 1400 1402 1397
f 1398 1400 1397
f 1398 1397 1399
f 1410 1411 1412
f 1410 1412 1405
f 1406 1410 1405
f 1406 1405 1407
f 1408 1406 1407
f 1408 1407 1409
f 1418 1419 1420
f 1418 1420 1413
f 1414 1418 1413
f 1414 1413 1415
f 1416 1414 1415
f 1416 1415 1417
f 1426 1427 1428
f 1426 1428 1421
f 1422 1426 1421
f 1422 1421 1423
f 1424 1422 1423
f 1424 1423 1425
f 1434 1435 1436
f 1434 1436 1429
f 1430 1434 1429
f 1430 1429 1431
f 1432 1430 1431
f 1432 1431 1433
f 1442 1443 1444
f 1442 1444 1437
f 1438 1442 1437
f 1438 1437 1439
f 1440 1438 1439
f 1440 1439 1441
f 2278 2276 2279
f 2276 2277 2279
f 2276 2275 2277
f 2275 2280 2277
f 618 617 619
f 617 620 619
f 614 613 615
f 615 613 616
f 612 609 610
f 610 609 611
f 598 597 599
f 599 597 600
f 596 593 594
f 594 593 595
f 590 589 591
f 589 592 591
f 582 581 583
f 583 581 584
f 580 577 578
f 578 577 579
f 574 573 575
f 573 576 575
f 566 565 567
f 567 565 568
f 564 561 562
f 562 561 563
f 558 557 559
f 557 560 559
f 278 277 279
f 277 280 279
f 98 97 99
f 97 100 99
f 38 37 39
f 39 37 40
f 36 33 34
f 34 33 35
f 30 29 31
f 29 32 31
f 1446 1445 1447
f 1445 1449 1447
f 1445 1448 1449
f 138 137 139
f 140 138 139
f 134 133 135
f 136 134 135
f 130 129 131
f 132 130 131
f 126 125 127
f 128 126 127
f 58 57 59
f 60 58 59
f 54 53 55
f 56 54 55
f 50 49 51
f 52 50 51
f 2896 2895 2897
f 2898 2896 2897
f 2892 2891 2893
f 2894 2892 2893
f 2888 2887 2889
f 2890 2888 2889
f 2880 2879 2881
f 2882 2880 2881
f 2876 2875 2877
f 2878 2876 2877
f 2872 2871 2873
f 2872 2873 2874
f 2868 2867 2869
f 2870 2868 2869
f 2864 2863 2865
f 2866 2864 2865
f 2860 2859 2861
f 2862 2860 2861
f 2836 2835 2837
f 2838 2836 2837
f 2832 2831 2833
f 2834 2832 2833
f 2828 2827 2829
f 2830 2828 2829
f 2824 2823 2825
f 2826 2824 2825
f 2816 2815 2817
f 2817 2818 2816
f 2800 2799 2801
f 2801 2802 2800
f 2796 2795 2797
f 2798 2796 2797
f 2792 2791 2793
f 2794 2792 2793
f 2788 2787 2789
f 2790 2788 2789
f 2784 2783 2785
f 2785 2786 2784
f 2780 2779 2781
f 2782 2780 2781
f 2776 2775 2777
f 2778 2776 2777
f 2772 2771 2773
f 2773 2774 2772
f 2768 2767 2769
f 2770 2768 2769
f 2764 2763 2765
f 2766 2764 2765
f 2760 2759 2761
f 2762 2760 2761
f 2740 2739 2741
f 2741 2742 2740
f 2736 2735 2737
f 2738 2736 2737
f 2732 2731 2733
f 2734 2732 2733
f 2728 2727 2729
f 2730 2728 2729
f 2724 2723 2725
f 2726 2724 2725
f 2720 2719 2721
f 2721 2722 2720
f 2716 2715 2717
f 2717 2718 2716
f 2264 2263 2265
f 2266 2264 2265
f 2260 2259 2261
f 2261 2262 2260
f 2256 2258 2255
f 2256 2255 2257
f 2252 2254 2251
f 2252 2251 2253
f 2248 2250 2247
f 2248 2247 2249
f 2244 2246 2243
f 2244 2243 2245
f 2240 2242 2239
f 2240 2239 2241
f 2236 2238 2235
f 2236 2235 2237
f 2232 2234 2231
f 2232 2231 2233
f 2228 2230 2227
f 2228 2227 2229
f 2224 2226 2223
f 2224 2223 2225
f 2220 2222 2219
f 2220 2219 2221
f 2216 2218 2215
f 2216 2215 2217
f 2212 2214 2211
f 2212 2211 2213
f 2208 2210 2207
f 2208 2207 2209
f 2204 2206 2203
f 2204 2203 2205
f 2200 2202 2199
f 2200 2199 2201
f 2196 2198 2195
f 2196 2195 2197
f 2192 2194 2191
f 2192 2191 2193
f 2188 2190 2187
f 2188 2187 2189
f 2184 2186 2183
f 2184 2183 2185
f 2180 2182 2179
f 2180 2179 2181
f 2176 2178 2175
f 2176 2175 2177
f 2172 2174 2171
f 2172 2171 2173
f 2168 2170 2167
f 2168 2167 2169
f 2164 2166 2163
f 2164 2163 2165
f 2126 2125 2127
f 2128 2126 2127
f 2122 2121 2123
f 2123 2124 2122
f 2118 2120 2117
f 2118 2117 2119
f 2114 2116 2113
f 2114 2113 2115
f 2110 2112 2109
f 2110 2109 2111
f 2106 2108 2105
f 2106 2105 2107
f 2102 2104 2101
f 2102 2101 2103
f 2098 2100 2097
f 2098 2097 2099
f 2094 2096 2093
f 2094 2093 2095
f 2090 2092 2089
f 2090 2089 2091
f 2086 2088 2085
f 2086 2085 2087
f 2082 2084 2081
f 2082 2081 2083
f 2078 2080 2077
f 2078 2077 2079
f 2074 2076 2073
f 2074 2073 2075
f 2070 2072 2069
f 2070 2069 2071
f 2066 2068 2065
f 2066 2065 2067
f 2062 2064 2061
f 2062 2061 2063
f 2058 2060 2057
f 2058 2057 2059
f 2054 2056 2053
f 2054 2053 2055
f 2050 2052 2049
f 2050 2049 2051
f 2046 2048 2045
f 2046 2045 2047
f 2042 2044 2041
f 2042 2041 2043
f 2038 2040 2037
f 2038 2037 2039
f 2034 2036 2033
f 2034 2033 2035
f 2030 2032 2029
f 2030 2029 2031
f 2026 2028 2025
f 2026 2025 2027
f 1990 1989 1991
f 1992 1990 1991
f 1986 1985 1987
f 1987 1988 1986
f 1982 1984 1981
f 1982 1981 1983
f 1978 1980 1977
f 1978 1977 1979
f 1974 1976 1973
f 1974 1973 1975
f 1970 1972 1969
f 1970 1969 1971
f 1966 1968 1965
f 1966 1965 1967
f 1962 1964 1961
f 1962 1961 1963
f 1958 1960 1957
f 1958 1957 1959
f 1954 1956 1953
f 1954 1953 1955
f 1950 1952 1949
f 1950 1949 1951
f 1946 1948 1945
f 1946 1945 1947
f 1942 1944 1941
f 1942 1941 1943
f 1938 1940 1937
f 1938 1937 1939
f 1934 1936 1933
f 1934 1933 1935
f 1930 1932 1929
f 1930 1929 1931
f 1926 1928 1925
f 1926 1925 1927
f 1922 1924 1921
f 1922 1921 1923
f 1918 1920 1917
f 1918 1917 1919
f 1914 1916 1913
f 1914 1913 1915
f 1910 1912 1909
f 1910 1909 1911
f 1906 1908 1905
f 1906 1905 1907
f 1902 1904 1901
f 1902 1901 1903
f 1898 1900 1897
f 1898 1897 1899
f 1894 1896 1893
f 1894 1893 1895
f 1890 1892 1889
f 1890 1889 1891
f 1852 1851 1853
f 1854 1852 1853
f 1848 1847 1849
f 1849 1850 1848
f 1844 1846 1843
f 1844 1843 1845
f 1840 1842 1839
f 1840 1839 1841
f 1836 1838 1835
f 1836 1835 1837
f 1832 1834 1831
f 1832 1831 1833
f 1828 1830 1827
f 1828 1827 1829
f 1824 1826 1823
f 1824 1823 1825
f 1820 1822 1819
f 1820 1819 1821
f 1816 1818 1815
f 1816 1815 1817
f 1812 1814 1811
f 1812 1811 1813
f 1808 1810 1807
f 1808 1807 1809
f 1804 1806 1803
f 1804 1803 1805
f 1800 1802 1799
f 1800 1799 1801
f 1796 1798 1795
f 1796 1795 1797
f 1792 1794 1791
f 1792 1791 1793
f 1788 1790 1787
f 1788 1787 1789
f 1784 1786 1783
f 1784 1783 1785
f 1780 1782 1779
f 1780 1779 1781
f 1776 1778 1775
f 1776 1775 1777
f 1772 1774 1771
f 1772 1771 1773
f 1768 1770 1767
f 1768 1767 1769
f 1764 1766 1763
f 1764 1763 1765
f 1760 1762 1759
f 1760 1759 1761
f 1756 1758 1755
f 1756 1755 1757
f 1752 1754 1751
f 1752 1751 1753
f 1714 1713 1715
f 1716 1714 1715
f 1710 1709 1711
f 1711 1712 1710
f 1706 1708 1705
f 1706 1705 1707
f 1702 1704 1701
f 1702 1701 1703
f 1698 1700 1697
f 1698 1697 1699
f 1694 1696 1693
f 1694 1693 1695
f 1690 1692 1689
f 1690 1689 1691
f 1686 1688 1685
f 1686 1685 1687
f 1682 1684 1681
f 1682 1681 1683
f 1678 1680 1677
f 1678 1677 1679
f 1674 1676 1673
f 1674 1673 1675
f 1670 1672 1669
f 1670 1669 1671
f 1666 1668 1665
f 1666 1665 1667
f 1662 1664 1661
f 1662 1661 1663
f 1658 1660 1657
f 1658 1657 1659
f 1654 1656 1653
f 1654 1653 1655
f 1650 1652 1649
f 1650 1649 1651
f 1646 1648 1645
f 1646 1645 1647
f 1642 1644 1641
f 1642 1641 1643
f 1638 1640 1637
f 1638 1637 1639
f 1634 1636 1633
f 1634 1633 1635
f 1630 1632 1629
f 1630 1629 1631
f 1626 1628 1625
f 1626 1625 1627
f 1622 1624 1621
f 1622 1621 1623
f 1618 1620 1617
f 1618 1617 1619
f 1614 1616 1613
f 1614 1613 1615
f 1576 1575 1577
f 1578 1576 1577
f 1572 1571 1573
f 1573 1574 1572
f 1568 1570 1567
f 1568 1567 1569
f 1564 1566 1563
f 1564 1563 1565
f 1560 1562 1559
f 1560 1559 1561
f 1556 1558 1555
f 1556 1555 1557
f 1552 1554 1551
f 1552 1551 1553
f 1548 1550 1547
f 1548 1547 1549
f 1544 1546 1543
f 1544 1543 1545
f 1540 1542 1539
f 1540 1539 1541
f 1536 1538 1535
f 1536 1535 1537
f 1532 1534 1531
f 1532 1531 1533
f 1528 1530 1527
f 1528 1527 1529
f 1524 1526 1523
f 1524 1523 1525
f 1520 1522 1519
f 1520 1519 1521
f 1516 1518 1515
f 1516 1515 1517
f 1512 1514 1511
f 1512 1511 1513
f 1508 1510 1507
f 1508 1507 1509
f 1504 1506 1503
f 1504 1503 1505
f 1500 1502 1499
f 1500 1499 1501
f 1496 1498 1495
f 1496 1495 1497
f 1492 1494 1491
f 1492 1491 1493
f 1488 1490 1487
f 1488 1487 1489
f 1484 1486 1483
f 1484 1483 1485
f 1480 1482 1479
f 1480 1479 1481
f 1476 1478 1475
f 1476 1475 1477
f 542 544 541
f 542 541 543
f 538 540 537
f 538 537 539
f 534 536 533
f 534 533 535
f 512 514 511
f 512 511 513
f 508 510 507
f 508 507 509
f 504 506 503
f 504 503 505
f 500 502 499
f 500 499 501
f 496 498 495
f 496 495 497
f 492 494 491
f 492 491 493
f 488 490 487
f 488 487 489
f 484 486 483
f 484 483 485
f 480 482 479
f 480 479 481
f 476 478 475
f 476 475 477
f 472 474 471
f 472 471 473
f 468 470 467
f 468 467 469
f 464 466 463
f 464 463 465
f 460 462 459
f 460 459 461
f 456 458 455
f 456 455 457
f 260 259 261
f 262 260 261
f 256 255 257
f 257 258 256
f 252 251 253
f 254 252 253
f 146 145 147
f 148 146 147
f 142 141 143
f 144 142 143
f 531 532 526
f 531 526 524
f 2907 526 523
f 2907 523 525
f 66 65 67
f 67 65 62
f 63 67 62
f 62 61 63
f 63 61 64
f 64 68 63
f 529 530 522
f 529 522 520
f 520 522 519
f 520 519 521
f 2900 2899 2901
f 2899 2902 2901
f 2884 2883 2885
f 2883 2886 2885
f 2839 2840 2842
f 2840 2839 2841
f 2820 2819 2821
f 2822 2821 2819
f 2274 2271 2272
f 2272 2271 2273
f 2267 2268 2270
f 2268 2267 2269
f 2136 2133 2134
f 2134 2133 2135
f 2129 2130 2132
f 2130 2129 2131
f 2000 1997 1998
f 1998 1997 1999
f 1993 1994 1996
f 1994 1993 1995
f 1862 1859 1860
f 1860 1859 1861
f 1855 1856 1858
f 1856 1855 1857
f 1724 1721 1722
f 1722 1721 1723
f 1717 1718 1720
f 1718 1717 1719
f 1586 1583 1584
f 1584 1583 1585
f 1579 1580 1582
f 1580 1579 1581
f 247 248 250
f 248 247 249
f 153 150 151
f 150 149 151
f 2908 149 152
f 154 2908 152
f 154 152 263
f 264 154 263
f 527 528 518
f 527 518 516
f 2909 518 515
f 2909 515 517
f 42 48 44
f 44 41 42
f 42 41 43
f 43 46 42
f 43 45 46
f 46 45 47
f 548 545 546
f 546 545 547
f 768 770 767
f 768 767 769
f 550 549 551
f 552 550 551
f 1036 1035 1037
f 1038 1036 1037
f 1032 1031 1033
f 1034 1032 1033
f 1012 1011 1013
f 1014 1012 1013
f 1008 1007 1009
f 1010 1008 1009
f 1004 1006 1003
f 1004 1003 1005
f 1000 1002 999
f 1000 999 1001
f 996 998 995
f 996 995 997
f 992 994 991
f 992 991 993
f 988 990 987
f 988 987 989
f 984 986 983
f 984 983 985
f 980 982 979
f 980 979 981
f 976 978 975
f 976 975 977
f 972 974 971
f 972 971 973
f 968 970 967
f 968 967 969
f 964 966 963
f 964 963 965
f 960 962 959
f 960 959 961
f 956 958 955
f 956 955 957
f 952 954 951
f 952 951 953
f 948 950 947
f 948 947 949
f 944 946 943
f 944 943 945
f 940 942 939
f 940 939 941
f 936 938 935
f 936 935 937
f 932 934 931
f 932 931 933
f 928 930 927
f 928 927 929
f 924 926 923
f 924 923 925
f 920 922 919
f 920 919 921
f 916 918 915
f 916 915 917
f 912 914 911
f 912 911 913
f 908 910 907
f 908 907 909
f 904 906 903
f 904 903 905
f 900 902 899
f 900 899 901
f 896 898 895
f 896 895 897
f 892 894 891
f 892 891 893
f 888 890 887
f 888 887 889
f 884 886 883
f 884 883 885
f 880 882 879
f 880 879 881
f 876 878 875
f 876 875 877
f 872 874 871
f 872 871 873
f 868 870 867
f 868 867 869
f 864 866 863
f 864 863 865
f 860 862 859
f 860 859 861
f 856 858 855
f 856 855 857
f 852 854 851
f 852 851 853
f 848 850 847
f 848 847 849
f 844 846 843
f 844 843 845
f 840 842 839
f 840 839 841
f 836 838 835
f 836 835 837
f 832 834 831
f 832 831 833
f 828 830 827
f 828 827 829
f 824 826 823
f 824 823 825
f 820 822 819
f 820 819 821
f 816 818 815
f 816 815 817
f 812 814 811
f 812 811 813
f 808 810 807
f 808 807 809
f 804 806 803
f 804 803 805
f 800 802 799
f 800 799 801
f 796 798 795
f 796 795 797
f 792 794 791
f 792 791 793
f 788 790 787
f 788 787 789
f 784 786 783
f 784 783 785
f 780 782 779
f 780 779 781
f 776 778 775
f 776 775 777
f 772 774 771
f 772 771 773
f 1016 1015 1017
f 1015 1018 1017
f 1022 1019 1020
f 1020 1019 1021
f 1026 1023 1024
f 1024 1023 1025
f 1028 1027 1029
f 1029 1027 1030
f 1040 1039 1041
f 1039 1042 1041
f 1046 1043 1044
f 1044 1043 1045
f 1050 1047 1048
f 1048 1047 1049
f 1052 1051 1053
f 1053 1051 1054
f 82 81 83
f 81 84 83
f 78 77 79
f 80 78 79
f 74 73 75
f 76 74 75
f 70 69 71
f 72 70 71
f 2684 2683 2685
f 2686 2684 2685
f 2680 2679 2681
f 2682 2680 2681
f 2676 2675 2677
f 2678 2676 2677
f 2666 2665 2667
f 2668 2666 2667
f 2662 2661 2663
f 2664 2662 2663
f 2656 2655 2657
f 2658 2656 2657
f 2652 2651 2653
f 2654 2652 2653
f 2485 2484 2486
f 2487 2485 2486
f 2481 2480 2482
f 2483 2481 2482
f 2477 2476 2478
f 2479 2477 2478
f 2442 2441 2443
f 2444 2442 2443
f 2438 2437 2439
f 2440 2438 2439
f 2434 2433 2435
f 2436 2434 2435
f 2430 2429 2431
f 2432 2430 2431
f 2422 2421 2423
f 2424 2422 2423
f 2418 2417 2419
f 2420 2418 2419
f 2414 2413 2415
f 2416 2414 2415
f 2410 2409 2411
f 2412 2410 2411
f 2406 2408 2405
f 2406 2405 2407
f 2402 2404 2401
f 2402 2401 2403
f 2398 2397 2399
f 2400 2398 2399
f 2394 2393 2395
f 2396 2394 2395
f 2390 2389 2391
f 2392 2390 2391
f 2386 2385 2387
f 2388 2386 2387
f 2382 2381 2383
f 2382 2383 2384
f 2377 2376 2378
f 2379 2377 2378
f 2379 2378 2380
f 2659 2660 2001
f 2659 1376 2660
f 1376 1384 2660
f 2373 2372 2374
f 2375 2373 2374
f 2648 2647 2367
f 2368 2648 2367
f 2368 2367 2369
f 2317 2368 2369
f 2317 2316 2318
f 2319 2317 2318
f 2364 2363 2365
f 2366 2364 2365
f 2360 2359 2361
f 2362 2360 2361
f 2356 2355 2357
f 2358 2356 2357
f 2352 2351 2353
f 2354 2352 2353
f 2348 2347 2349
f 2350 2348 2349
f 2344 2343 2345
f 2346 2344 2345
f 2334 2333 2335
f 2336 2334 2335
f 2330 2287 2331
f 2332 2330 2331
f 2672 2671 2285
f 2286 2672 2285
f 2286 2285 2287
f 2288 2286 2287
f 2325 2324 2326
f 2327 2325 2326
f 2313 2312 2314
f 2313 2314 2315
f 2298 2297 2299
f 2300 2298 2299
f 2294 2293 2295
f 2296 2294 2295
f 2290 2289 2291
f 2292 2290 2291
f 2670 2669 2281
f 2282 2670 2281
f 2282 2281 2283
f 2284 2282 2283
f 2284 2283 2328
f 2329 2284 2328
f 2674 2002 2673
f 2673 1392 2674
f 1392 2673 1379
f 2446 2445 2447
f 2445 2448 2447
f 2426 2425 2427
f 2425 2428 2427
f 2341 2337 2342
f 2337 2338 2342
f 2338 2337 2339
f 2339 2337 2340
f 2309 2306 2307
f 2307 2306 2308
f 2310 2308 2306
f 2310 2306 2311
f 2323 2321 2322
f 2321 2320 2322
f 2321 2371 2320
f 2371 2370 2320
f 2371 2650 2370
f 2650 2649 2370
f 2305 2304 2301
f 2302 2305 2301
f 2302 2301 2303
f 654 653 655
f 656 654 655
f 2497 2496 2498
f 2499 2497 2498
f 2493 2492 2494
f 2495 2493 2494
f 2469 2468 2470
f 2471 2469 2470
f 2465 2464 2466
f 2467 2465 2466
f 2461 2462 2449
f 2456 2461 2457
f 2461 2459 2457
f 2459 2461 2449
f 2450 2459 2449
f 2449 738 2450
f 2450 738 2454
f 2454 738 2453
f 2452 2451 2453
f 2453 2458 2452
f 2452 2458 2460
f 2460 2458 2449
f 2463 2460 2449
f 2462 2463 2449
f 2463 2462 2455
f 2451 2463 2455
f 2451 2455 2453
f 2455 2456 2453
f 2456 2457 2453
f 2457 2454 2453
f 759 763 649
f 763 728 649
f 652 650 651
f 650 649 651
f 731 651 649
f 766 731 649
f 728 766 649
f 765 766 728
f 764 755 734
f 755 651 734
f 734 651 761
f 761 651 731
f 757 761 731
f 737 651 755
f 738 651 737
f 737 736 738
f 743 746 738
f 736 743 738
f 736 764 743
f 764 760 743
f 760 764 734
f 756 760 734
f 752 757 731
f 757 752 742
f 733 757 742
f 733 742 735
f 734 733 735
f 735 751 734
f 751 756 734
f 756 751 748
f 746 756 748
f 746 748 738
f 748 750 738
f 750 735 738
f 735 745 738
f 742 745 735
f 745 725 738
f 732 725 745
f 741 744 732
f 744 747 732
f 747 749 732
f 749 725 732
f 729 725 749
f 727 759 740
f 759 754 740
f 754 759 649
f 726 754 649
f 649 725 726
f 726 725 739
f 739 725 729
f 740 739 729
f 727 740 729
f 728 727 729
f 729 753 728
f 744 758 747
f 758 753 747
f 753 758 728
f 758 762 728
f 762 765 728
f 765 762 741
f 730 765 741
f 730 741 732
f 731 730 732
f 732 752 731
f 686 681 706
f 683 712 682
f 682 681 683
f 683 681 696
f 696 681 686
f 697 696 686
f 724 688 682
f 684 697 686
f 684 717 697
f 717 712 697
f 712 717 682
f 717 721 682
f 721 685 682
f 685 724 682
f 723 724 685
f 720 723 685
f 723 720 698
f 716 720 685
f 711 716 685
f 686 711 685
f 685 684 686
f 698 701 689
f 701 704 689
f 701 716 704
f 716 711 704
f 687 723 698
f 687 698 689
f 688 687 689
f 689 710 688
f 710 715 688
f 715 710 699
f 690 715 699
f 690 699 692
f 691 690 692
f 692 709 691
f 715 719 688
f 688 719 682
f 719 708 682
f 691 708 719
f 713 708 691
f 722 713 691
f 694 693 695
f 695 708 694
f 694 708 713
f 709 714 691
f 714 709 705
f 703 714 705
f 703 705 695
f 700 703 695
f 693 700 695
f 693 722 700
f 722 718 700
f 718 722 691
f 714 718 691
f 705 707 695
f 707 692 695
f 699 702 692
f 692 702 695
f 702 681 695
f 689 681 702
f 706 681 689
f 704 706 689
f 244 243 245
f 246 244 245
f 236 235 237
f 238 236 237
f 232 231 233
f 233 234 232
f 122 121 123
f 124 122 123
f 118 117 119
f 120 118 119
f 114 113 115
f 116 114 115
f 110 109 111
f 112 110 111
f 106 105 107
f 108 106 107
f 102 101 103
f 104 102 103
f 2596 2598 2595
f 2596 2595 2597
f 2580 2582 2579
f 2580 2579 2581
f 2564 2566 2563
f 2564 2563 2565
f 2552 2551 2553
f 2554 2552 2553
f 2548 2547 2549
f 2548 2549 2550
f 2536 2535 2537
f 2538 2536 2537
f 2532 2531 2533
f 2532 2533 2534
f 2520 2519 2521
f 2522 2520 2521
f 2516 2515 2517
f 2516 2517 2518
f 1364 1363 1365
f 1366 1364 1365
f 1360 1359 1361
f 1360 1361 1362
f 1348 1347 1349
f 1350 1348 1349
f 1344 1343 1345
f 1344 1345 1346
f 1332 1331 1333
f 1334 1332 1333
f 1328 1327 1329
f 1328 1329 1330
f 1316 1315 1317
f 1318 1316 1317
f 1312 1311 1313
f 1312 1313 1314
f 1300 1299 1301
f 1302 1300 1301
f 1296 1295 1297
f 1296 1297 1298
f 1284 1283 1285
f 1286 1284 1285
f 1280 1279 1281
f 1280 1281 1282
f 1268 1267 1269
f 1270 1268 1269
f 1264 1263 1265
f 1264 1265 1266
f 1252 1251 1253
f 1254 1252 1253
f 1248 1247 1249
f 1248 1249 1250
f 1236 1235 1237
f 1238 1236 1237
f 1232 1231 1233
f 1232 1233 1234
f 1220 1219 1221
f 1222 1220 1221
f 1216 1215 1217
f 1216 1217 1218
f 1200 1202 1199
f 1200 1199 1201
f 1184 1186 1183
f 1184 1183 1185
f 1168 1170 1167
f 1168 1167 1169
f 1152 1154 1151
f 1152 1151 1153
f 1136 1138 1135
f 1136 1135 1137
f 1120 1122 1119
f 1120 1119 1121
f 1104 1106 1103
f 1104 1103 1105
f 1088 1090 1087
f 1088 1087 1089
f 1072 1074 1071
f 1072 1071 1073
f 1056 1058 1055
f 1056 1055 1057
f 678 677 679
f 680 678 679
f 2508 2505 2504
f 2505 2500 2504
f 2501 2500 2505
f 708 2500 2501
f 2501 2510 708
f 2510 2512 708
f 2512 2510 2508
f 2507 2512 2508
f 2507 2508 2504
f 2506 2507 2504
f 2502 2506 2504
f 2502 2514 2506
f 2514 2513 2506
f 2513 2514 708
f 2512 2513 708
f 2503 2502 2504
f 2504 2509 2503
f 2503 2509 2511
f 2511 2509 708
f 2514 2511 708
f 1060 1059 1061
f 1059 1062 1061
f 1066 1063 1064
f 1064 1063 1065
f 1068 1067 1069
f 1069 1067 1070
f 1076 1075 1077
f 1075 1078 1077
f 1082 1079 1080
f 1080 1079 1081
f 1084 1083 1085
f 1085 1083 1086
f 1092 1091 1093
f 1091 1094 1093
f 1098 1095 1096
f 1096 1095 1097
f 1100 1099 1101
f 1101 1099 1102
f 1108 1107 1109
f 1107 1110 1109
f 1114 1111 1112
f 1112 1111 1113
f 1116 1115 1117
f 1117 1115 1118
f 1124 1123 1125
f 1123 1126 1125
f 1130 1127 1128
f 1128 1127 1129
f 1132 1131 1133
f 1133 1131 1134
f 1140 1139 1141
f 1139 1142 1141
f 1146 1143 1144
f 1144 1143 1145
f 1148 1147 1149
f 1149 1147 1150
f 1156 1155 1157
f 1155 1158 1157
f 1162 1159 1160
f 1160 1159 1161
f 1164 1163 1165
f 1165 1163 1166
f 1172 1171 1173
f 1171 1174 1173
f 1178 1175 1176
f 1176 1175 1177
f 1180 1179 1181
f 1181 1179 1182
f 1188 1187 1189
f 1187 1190 1189
f 1194 1191 1192
f 1192 1191 1193
f 1196 1195 1197
f 1197 1195 1198
f 1204 1203 1205
f 1203 1206 1205
f 1210 1207 1208
f 1208 1207 1209
f 1212 1211 1213
f 1213 1211 1214
f 1226 1223 1224
f 1224 1223 1225
f 1228 1227 1229
f 1229 1227 1230
f 1242 1239 1240
f 1240 1239 1241
f 1244 1243 1245
f 1245 1243 1246
f 1258 1255 1256
f 1256 1255 1257
f 1260 1259 1261
f 1261 1259 1262
f 1274 1271 1272
f 1272 1271 1273
f 1276 1275 1277
f 1277 1275 1278
f 1290 1287 1288
f 1288 1287 1289
f 1292 1291 1293
f 1293 1291 1294
f 1306 1303 1304
f 1304 1303 1305
f 1308 1307 1309
f 1309 1307 1310
f 1322 1319 1320
f 1320 1319 1321
f 1324 1323 1325
f 1325 1323 1326
f 1338 1335 1336
f 1336 1335 1337
f 1340 1339 1341
f 1341 1339 1342
f 1354 1351 1352
f 1352 1351 1353
f 1356 1355 1357
f 1357 1355 1358
f 1370 1367 1368
f 1368 1367 1369
f 1372 1371 1373
f 1373 1371 1374
f 2526 2523 2524
f 2524 2523 2525
f 2528 2527 2529
f 2529 2527 2530
f 2542 2539 2540
f 2540 2539 2541
f 2544 2543 2545
f 2545 2543 2546
f 2558 2555 2556
f 2556 2555 2557
f 2560 2559 2561
f 2561 2559 2562
f 2568 2567 2569
f 2567 2570 2569
f 2574 2571 2572
f 2572 2571 2573
f 2576 2575 2577
f 2577 2575 2578
f 2584 2583 2585
f 2583 2586 2585
f 2590 2587 2588
f 2588 2587 2589
f 2592 2591 2593
f 2593 2591 2594
f 2600 2599 2601
f 2599 2602 2601
f 2606 2603 2604
f 2604 2603 2605
f 2608 2607 2609
f 2609 2607 2610
f 239 240 242
f 240 239 241
f 162 160 161
f 160 159 161
f 216 215 217
f 214 213 215
f 213 222 215
f 215 222 217
f 217 222 219
f 218 217 219
f 220 219 221
f 219 222 221
f 156 155 157
f 158 156 157
f 300 302 299
f 300 299 301
f 168 167 169
f 170 168 169
f 164 163 165
f 166 164 165
f 209 208 210
f 210 208 204
f 208 206 204
f 207 206 208
f 211 210 212
f 212 210 204
f 205 212 204
f 204 203 205
f 348 347 349
f 347 350 349
f 344 343 345
f 343 346 345
f 342 339 340
f 340 339 341
f 338 335 336
f 336 335 337
f 334 331 332
f 332 331 333
f 330 327 328
f 328 327 329
f 326 323 324
f 324 323 325
f 322 319 320
f 320 319 321
f 318 315 316
f 316 315 317
f 314 311 312
f 312 311 313
f 297 296 298
f 298 296 294
f 227 230 229
f 228 227 229
f 289 227 228
f 228 298 289
f 289 298 294
f 294 292 289
f 293 292 294
f 295 293 294
f 291 290 292
f 292 290 289
f 226 224 225
f 224 223 225
f 202 199 200
f 200 199 201
f 198 195 196
f 196 195 197
f 194 191 192
f 192 191 193
f 190 187 188
f 188 187 189
f 186 183 184
f 184 183 185
f 182 179 180
f 180 179 181
f 178 175 176
f 176 175 177
f 174 171 172
f 172 171 173
f 662 661 663
f 664 662 663
f 2489 2488 2490
f 2491 2489 2490
f 2473 2472 2474
f 2475 2473 2474
f 670 669 671
f 672 670 671
f 2904 2903 2905
f 2905 2903 2906
