# from FinancialDistrict_Block09_Upmarket Corporate (UC)_0015_LOD_0.pskx
v -284.3332824707031 1522.21533203125 -2.545183122037997e-07
v -1344.990234375 461.5584716796875 4.610825999407098e-05
v -614.6658935546875 1191.8828125 400.4530334472656
v -849.976806640625 956.5718994140625 466.4530029296875
v -896.6458740234375 909.90283203125 466.4530029296875
v -284.3333435058594 1522.21533203125 800.0
v -614.6658935546875 1191.8828125 466.4530029296875
v -661.3348999023438 1145.213623046875 466.4529724121094
v -1344.990234375 461.55859375 800.0000610351562
v -661.3348999023438 1145.213623046875 400.4530029296875
v -896.6458740234375 909.90283203125 400.4530334472656
v -849.976806640625 956.5718994140625 400.4530334472656
v -1344.989990234375 461.55859375 4.610825635609217e-05
v -49.22578430175781 -834.20556640625 0.00021602721244562417
v -363.17340087890625 -520.2579345703125 400.0004577636719
v -847.48193359375 -35.949462890625 500.0000915527344
v -847.48193359375 -35.9493408203125 700.0001220703125
v -564.6392822265625 -318.7919921875 700.0001831054688
v -1344.989990234375 461.5587158203125 800.0000610351562
v -49.225830078125 -834.20556640625 800.0001831054688
v -275.8230285644531 -607.6083984375 400.0004577636719
v -275.8230285644531 -607.6083984375 659.7105102539062
v -564.6392822265625 -318.7921142578125 500.0001525878906
v -363.17340087890625 -520.2579345703125 659.7105102539062
v 636.8460083007812 -1520.27734375 0.0003059946757275611
v 778.2766723632812 -1378.87109375 0.00029981465195305645
v 636.8460083007812 -1520.27734375 800.0003051757812
v 778.2766723632812 -1378.87109375 800.0003051757812
v 919.6829223632812 -1237.4404296875 0.000293631455861032
v 919.6829223632812 -1237.4404296875 800.0003051757812
v 953.4002075195312 -1201.370849609375 0.00029195199022069573
v 945.4011840820312 -1209.927978515625 273.164306640625
v 945.4011840820312 -1209.927978515625 373.164306640625
v 953.4002075195312 -1201.370849609375 373.164306640625
v 953.4002075195312 -1201.370849609375 273.164306640625
v 953.4002075195312 -1201.370849609375 800.0003051757812
v 1007.2227172851562 -1131.33203125 373.164306640625
v 1007.2227172851562 -1131.33203125 273.164306640625
v 1014.3087768554688 -1122.11083984375 0.00028768525226041675
v 1014.3087768554688 -1122.11083984375 800.0003051757812
v 1066.51611328125 -1034.43408203125 0.000282302382402122
v 1051.6982421875 -1059.3193359375 273.1642761230469
v 1051.6982421875 -1059.3193359375 373.1642761230469
v 1066.51611328125 -1034.43408203125 373.1642761230469
v 1066.51611328125 -1034.43408203125 273.1642761230469
v 1066.51611328125 -1034.43408203125 800.0003051757812
v 1096.195556640625 -969.763671875 373.1642761230469
v 1096.195556640625 -969.763671875 273.1642761230469
v 1110.022216796875 -939.6357421875 0.00027591653633862734
v 1110.022216796875 -939.6357421875 800.0003051757812
v 1158.966552734375 -786.917724609375 0.00026470492593944073
v 1123.681884765625 -897.0146484375 273.1642761230469
v 1123.681884765625 -897.0146484375 373.1642761230469
v 1154.20166015625 -801.78564453125 373.1642761230469
v 1158.966552734375 -786.917724609375 800.000244140625
v 1154.20166015625 -801.78564453125 273.1642761230469
v 1193.771484375 -570.452392578125 0.00024730231962166727
v 1193.771484375 -570.452392578125 800.000244140625
v 1193.771484375 -348.8065185546875 0.00022792542586103082
v 1193.771484375 -348.806396484375 800.000244140625
v 1158.966552734375 -132.339111328125 0.00020747986854985356
v 1162.929931640625 -156.9884033203125 273.1642150878906
v 1162.929931640625 -156.9884033203125 373.1642150878906
v 1158.966552734375 -132.339111328125 373.1642150878906
v 1158.966552734375 -132.339111328125 273.1642150878906
v 1158.966552734375 -132.3389892578125 800.0001831054688
v 1136.002197265625 -60.6829833984375 373.1642150878906
v 1136.002197265625 -60.6829833984375 273.1642150878906
v 1110.022216796875 20.3822021484375 0.0001919891219586134
v 1110.022216796875 20.38232421875 800.0001831054688
v 1066.51611328125 115.1834716796875 0.00018179960898123682
v 1104.227783203125 33.0081787109375 273.1641845703125
v 1104.227783203125 33.0081787109375 373.1641845703125
v 1066.51611328125 115.1834716796875 373.1641845703125
v 1066.51611328125 115.1834716796875 273.1641845703125
v 1066.51611328125 115.18359375 800.0001831054688
v 1061.58740234375 123.4609375 373.1641845703125
v 1061.58740234375 123.4609375 273.1641845703125
v 1014.3087768554688 202.863525390625 0.00017185232718475163
v 1014.3087768554688 202.8636474609375 800.0001831054688
v 953.4000854492188 282.127685546875 0.00016226043226197362
v 1013.6953735351562 203.6617431640625 273.1641845703125
v 1013.6953735351562 203.6617431640625 373.1641845703125
v 953.4000854492188 282.127685546875 373.1641845703125
v 953.4000854492188 282.127685546875 273.1641845703125
v 953.4000854492188 282.1278076171875 800.0001831054688
v 952.6835327148438 282.894287109375 373.1641845703125
v 952.6835327148438 282.894287109375 273.1641845703125
v 919.6828002929688 318.19921875 0.00015763312694616616
v 919.6828002929688 318.1993408203125 800.0001831054688
v 919.6828002929688 318.19921875 0.00015763312694616616
v 861.2334594726562 375.46923828125 0.0001500715152360499
v 919.6828002929688 318.1993408203125 800.0001831054688
v 861.2334594726562 375.4693603515625 800.0001831054688
v 798.0349731445312 439.4539794921875 0.00014171531074680388
v 798.0349731445312 439.4541015625 800.0001831054688
v 766.4357299804688 471.4462890625 0.00013753719395026565
v 766.4357299804688 471.4464111328125 800.0001831054688
v 745.9296264648438 491.952392578125 0.00013484816008713096
v 745.9296264648438 491.952392578125 258.0001220703125
v 588.2448120117188 649.6372680664062 258.0000915527344
v 566.8902587890625 670.9918212890625 329.41510009765625
v 112.43267822265625 1125.449462890625 329.4150695800781
v 647.958740234375 589.9234008789062 520.400146484375
v 647.958740234375 589.9234008789062 586.10009765625
v 601.7140502929688 636.1680908203125 586.10009765625
v 436.1031494140625 801.7789916992188 586.5001220703125
v 200.79232788085938 1037.08984375 586.5000610351562
v 154.12326049804688 1083.7587890625 586.5000610351562
v 389.43414306640625 848.4479370117188 586.5000610351562
v 588.244873046875 649.6372680664062 0.00011417028144933283
v 566.8903198242188 670.9918212890625 0.00011136997636640444
v 112.43270874023438 1125.4493408203125 5.177505954634398e-05
v -284.3331298828125 1522.215087890625 -2.544956601013837e-07
v -284.3331604003906 1522.2152099609375 800.0
v -104.53767395019531 1342.419677734375 586.0999755859375
v 601.7140502929688 636.1680908203125 520.400146484375
v -104.53767395019531 1342.419677734375 520.4000244140625
v -58.29296875 1296.175048828125 520.4000244140625
v 436.1031494140625 801.7789916992188 520.5001220703125
v 389.43414306640625 848.4479370117188 520.5000610351562
v 200.79232788085938 1037.0897216796875 520.5000610351562
v 154.12326049804688 1083.7587890625 520.5000610351562
v -58.29296875 1296.175048828125 586.0999755859375
v -284.3333435058594 1508.0732421875 810.0000610351562
v -1337.9189453125 454.487548828125 800.0000610351562
v -284.3333435058594 1508.0732421875 800.0
v -1337.9189453125 454.487548828125 810.0001220703125
v -284.3333435058594 1508.0732421875 800.0
v -1352.061279296875 468.6298828125 800.0000610351562
v -284.3333435058594 1536.3575439453125 800.0
v -1337.9189453125 454.487548828125 800.0000610351562
v -284.3333435058594 1536.3575439453125 800.0
v -1352.061279296875 468.6298828125 810.0001220703125
v -284.3333435058594 1536.3575439453125 810.0000610351562
v -1352.061279296875 468.6298828125 800.0000610351562
v -284.3333435058594 1536.3575439453125 810.0000610351562
v -1337.9189453125 454.487548828125 810.0001220703125
v -284.3333435058594 1508.0732421875 810.0000610351562
v -1352.061279296875 468.6298828125 810.0001220703125
v 629.7755737304688 -1513.20556640625 810.0003662109375
v 771.2055053710938 -1371.800048828125 800.0003051757812
v 629.7755737304688 -1513.20556640625 800.0003051757812
v 771.2055053710938 -1371.800048828125 810.0003662109375
v 629.7755737304688 -1513.20556640625 800.0003051757812
v 785.3478393554688 -1385.942138671875 800.0003051757812
v 643.9164428710938 -1527.34912109375 800.0003051757812
v 771.2055053710938 -1371.800048828125 800.0003051757812
v 643.9164428710938 -1527.34912109375 800.0003051757812
v 785.3478393554688 -1385.942138671875 810.0003662109375
v 643.9164428710938 -1527.34912109375 810.0003662109375
v 785.3478393554688 -1385.942138671875 800.0003051757812
v 643.9164428710938 -1527.34912109375 810.0003662109375
v 771.2055053710938 -1371.800048828125 810.0003662109375
v 629.7755737304688 -1513.20556640625 810.0003662109375
v 785.3478393554688 -1385.942138671875 810.0003662109375
v 912.4923706054688 -1230.48876953125 800.0003051757812
v 912.4923706054688 -1230.48876953125 810.0003662109375
v 926.8734741210938 -1244.39208984375 800.0003051757812
v 912.4923706054688 -1230.48876953125 800.0003051757812
v 926.8734741210938 -1244.39208984375 810.0003662109375
v 926.8734741210938 -1244.39208984375 800.0003051757812
v 912.4923706054688 -1230.48876953125 810.0003662109375
v 926.8734741210938 -1244.39208984375 810.0003662109375
v 945.7653198242188 -1194.894775390625 800.0003051757812
v 945.7653198242188 -1194.894775390625 810.0003662109375
v 961.0352172851562 -1207.84716796875 800.0003051757812
v 945.7653198242188 -1194.894775390625 800.0003051757812
v 961.0352172851562 -1207.84716796875 810.0003662109375
v 961.0352172851562 -1207.84716796875 800.0003051757812
v 945.7653198242188 -1194.894775390625 810.0003662109375
v 961.0352172851562 -1207.84716796875 810.0003662109375
v 1006.0192260742188 -1116.486572265625 800.0003051757812
v 1006.0192260742188 -1116.486572265625 810.0003662109375
v 1022.5983276367188 -1127.7353515625 800.0003051757812
v 1006.0192260742188 -1116.486572265625 800.0003051757812
v 1022.5983276367188 -1127.7353515625 810.0003662109375
v 1022.5983276367188 -1127.7353515625 800.0003051757812
v 1006.0192260742188 -1116.486572265625 810.0003662109375
v 1022.5983276367188 -1127.7353515625 810.0003662109375
v 1057.650390625 -1029.777099609375 800.0003051757812
v 1057.650390625 -1029.777099609375 810.0003662109375
v 1075.3818359375 -1039.091064453125 800.0003051757812
v 1057.650390625 -1029.777099609375 800.0003051757812
v 1075.3818359375 -1039.091064453125 810.0003662109375
v 1075.3818359375 -1039.091064453125 800.0003051757812
v 1057.650390625 -1029.777099609375 810.0003662109375
v 1075.3818359375 -1039.091064453125 810.0003662109375
v 1100.682861328125 -936.01123046875 800.0003051757812
v 1100.682861328125 -936.01123046875 810.0003662109375
v 1119.36181640625 -943.26025390625 800.0003051757812
v 1100.682861328125 -936.01123046875 800.0003051757812
v 1119.36181640625 -943.26025390625 810.0003662109375
v 1119.36181640625 -943.26025390625 800.0003051757812
v 1100.682861328125 -936.01123046875 810.0003662109375
v 1119.36181640625 -943.26025390625 810.0003662109375
v 1149.21337890625 -784.584716796875 800.000244140625
v 1149.21337890625 -784.584716796875 810.0003051757812
v 1168.719970703125 -789.25048828125 800.000244140625
v 1149.21337890625 -784.584716796875 800.000244140625
v 1168.719970703125 -789.25048828125 810.0003051757812
v 1168.719970703125 -789.25048828125 800.000244140625
v 1149.21337890625 -784.584716796875 810.0003051757812
v 1168.719970703125 -789.25048828125 810.0003051757812
v 1183.771484375 -569.653564453125 800.000244140625
v 1183.771484375 -569.653564453125 810.0003051757812
v 1203.771484375 -571.251220703125 800.000244140625
v 1183.771484375 -569.653564453125 800.000244140625
v 1203.771484375 -571.251220703125 810.0003051757812
v 1203.771484375 -571.251220703125 800.000244140625
v 1183.771484375 -569.653564453125 810.0003051757812
v 1203.771484375 -571.251220703125 810.0003051757812
v 1183.771484375 -349.605224609375 800.000244140625
v 1183.771484375 -349.605224609375 810.0003051757812
v 1203.771484375 -348.0076904296875 800.000244140625
v 1183.771484375 -349.605224609375 800.000244140625
v 1203.771484375 -348.0076904296875 810.0003051757812
v 1203.771484375 -348.0076904296875 800.000244140625
v 1183.771484375 -349.605224609375 810.0003051757812
v 1203.771484375 -348.0076904296875 810.0003051757812
v 1149.213134765625 -134.671875 800.0001831054688
v 1149.213134765625 -134.671875 810.000244140625
v 1168.719970703125 -130.006103515625 800.0001831054688
v 1149.213134765625 -134.671875 800.0001831054688
v 1168.719970703125 -130.006103515625 810.000244140625
v 1168.719970703125 -130.006103515625 800.0001831054688
v 1149.213134765625 -134.671875 810.000244140625
v 1168.719970703125 -130.006103515625 810.000244140625
v 1100.682861328125 16.7578125 800.0001831054688
v 1100.682861328125 16.7578125 810.000244140625
v 1119.361572265625 24.0069580078125 800.0001831054688
v 1100.682861328125 16.7578125 800.0001831054688
v 1119.361572265625 24.0069580078125 810.000244140625
v 1119.361572265625 24.0069580078125 800.0001831054688
v 1100.682861328125 16.7578125 810.000244140625
v 1119.361572265625 24.0069580078125 810.000244140625
v 1057.650390625 110.5267333984375 800.0001831054688
v 1057.650390625 110.5267333984375 810.000244140625
v 1075.381591796875 119.84033203125 800.0001831054688
v 1057.650390625 110.5267333984375 800.0001831054688
v 1075.381591796875 119.84033203125 810.000244140625
v 1075.381591796875 119.84033203125 800.0001831054688
v 1057.650390625 110.5267333984375 810.000244140625
v 1075.381591796875 119.84033203125 810.000244140625
v 1006.0191040039062 197.2393798828125 800.0001831054688
v 1006.0191040039062 197.2393798828125 810.000244140625
v 1022.5983276367188 208.48779296875 800.0001831054688
v 1006.0191040039062 197.2393798828125 800.0001831054688
v 1022.5983276367188 208.48779296875 810.000244140625
v 1022.5983276367188 208.48779296875 800.0001831054688
v 1006.0191040039062 197.2393798828125 810.000244140625
v 1022.5983276367188 208.48779296875 810.000244140625
v 945.7650756835938 275.65185546875 800.0001831054688
v 945.7650756835938 275.65185546875 810.000244140625
v 961.0352172851562 288.6036376953125 800.0001831054688
v 945.7650756835938 275.65185546875 800.0001831054688
v 961.0352172851562 288.6036376953125 810.000244140625
v 961.0352172851562 288.6036376953125 800.0001831054688
v 945.7650756835938 275.65185546875 810.000244140625
v 961.0352172851562 288.6036376953125 810.000244140625
v 912.5272827148438 311.210205078125 800.0001831054688
v 912.5272827148438 311.210205078125 810.000244140625
v 926.8383178710938 325.1884765625 800.0001831054688
v 912.5272827148438 311.210205078125 800.0001831054688
v 926.8383178710938 325.1884765625 810.000244140625
v 926.8383178710938 325.1884765625 800.0001831054688
v 912.5272827148438 311.210205078125 810.000244140625
v 926.8383178710938 325.1884765625 810.000244140625
v 912.5272827148438 311.210205078125 810.000244140625
v 854.1763305664062 368.3839111328125 800.0001831054688
v 912.5272827148438 311.210205078125 800.0001831054688
v 854.1763305664062 368.3839111328125 810.000244140625
v 868.2905883789062 382.5548095703125 800.0001831054688
v 854.1763305664062 368.3839111328125 800.0001831054688
v 926.8383178710938 325.1884765625 800.0001831054688
v 868.2905883789062 382.5548095703125 810.000244140625
v 926.8383178710938 325.1884765625 810.000244140625
v 868.2905883789062 382.5548095703125 800.0001831054688
v 854.1763305664062 368.3839111328125 810.000244140625
v 868.2905883789062 382.5548095703125 810.000244140625
v 790.9203491210938 432.4268798828125 800.0001831054688
v 790.9203491210938 432.4268798828125 810.000244140625
v 805.1495971679688 446.4813232421875 800.0001831054688
v 790.9203491210938 432.4268798828125 800.0001831054688
v 805.1495971679688 446.4813232421875 810.000244140625
v 805.1495971679688 446.4813232421875 800.0001831054688
v 790.9203491210938 432.4268798828125 810.000244140625
v 805.1495971679688 446.4813232421875 810.000244140625
v 759.3428344726562 464.397216796875 800.0001831054688
v 759.3428344726562 464.397216796875 810.000244140625
v 773.5286254882812 478.49560546875 800.0001220703125
v 759.3428344726562 464.397216796875 800.0001831054688
v 773.5286254882812 478.49560546875 810.0001831054688
v 773.5286254882812 478.49560546875 800.0001220703125
v 759.3428344726562 464.397216796875 810.000244140625
v 773.5286254882812 478.49560546875 810.0001831054688
v -284.3333435058594 1508.0732421875 800.0
v -284.3333435058594 1508.0732421875 810.0000610351562
v -284.3333435058594 1536.3575439453125 810.0000610351562
v -284.3333435058594 1536.3575439453125 800.0
v -1337.9189453125 454.487548828125 810.0001220703125
v -1352.061279296875 468.6298828125 800.0000610351562
v -1337.9189453125 454.487548828125 800.0000610351562
v -1352.061279296875 468.6298828125 810.0001220703125
v 629.7755737304688 -1513.20556640625 800.0003051757812
v 643.9164428710938 -1527.34912109375 800.0003051757812
v 629.7755737304688 -1513.20556640625 810.0003662109375
v 643.9164428710938 -1527.34912109375 810.0003662109375
v -284.33331298828125 1508.0732421875 710.0
v -1337.9189453125 454.487548828125 700.0000610351562
v -284.33331298828125 1508.0732421875 700.0
v -1337.9189453125 454.487548828125 710.0000610351562
v -284.33331298828125 1508.0732421875 700.0
v -1352.061279296875 468.6298828125 700.0000610351562
v -284.33331298828125 1536.3575439453125 700.0
v -1337.9189453125 454.487548828125 700.0000610351562
v -284.33331298828125 1536.3575439453125 700.0
v -1352.061279296875 468.6298828125 710.0000610351562
v -284.33331298828125 1536.3575439453125 710.0
v -1352.061279296875 468.6298828125 700.0000610351562
v -284.33331298828125 1536.3575439453125 710.0
v -1337.9189453125 454.487548828125 710.0000610351562
v -284.33331298828125 1508.0732421875 710.0
v -1352.061279296875 468.6298828125 710.0000610351562
v 629.7755737304688 -1513.20556640625 710.0003051757812
v 771.2055053710938 -1371.800048828125 700.0003051757812
v 629.7755737304688 -1513.20556640625 700.0003051757812
v 771.2055053710938 -1371.800048828125 710.0003051757812
v 629.7755737304688 -1513.20556640625 700.0003051757812
v 785.3478393554688 -1385.942138671875 700.0003051757812
v 643.9164428710938 -1527.34912109375 700.0003051757812
v 771.2055053710938 -1371.800048828125 700.0003051757812
v 643.9164428710938 -1527.34912109375 700.0003051757812
v 785.3478393554688 -1385.942138671875 710.0003051757812
v 643.9164428710938 -1527.34912109375 710.0003051757812
v 785.3478393554688 -1385.942138671875 700.0003051757812
v 643.9164428710938 -1527.34912109375 710.0003051757812
v 771.2055053710938 -1371.800048828125 710.0003051757812
v 629.7755737304688 -1513.20556640625 710.0003051757812
v 785.3478393554688 -1385.942138671875 710.0003051757812
v 912.4923706054688 -1230.48876953125 700.0003051757812
v 912.4923706054688 -1230.48876953125 710.0003051757812
v 926.8734741210938 -1244.39208984375 700.0003051757812
v 912.4923706054688 -1230.48876953125 700.0003051757812
v 926.8734741210938 -1244.39208984375 710.0003051757812
v 926.8734741210938 -1244.39208984375 700.0003051757812
v 912.4923706054688 -1230.48876953125 710.0003051757812
v 926.8734741210938 -1244.39208984375 710.0003051757812
v 945.7653198242188 -1194.894775390625 700.0003051757812
v 945.7653198242188 -1194.894775390625 710.0003051757812
v 961.0352172851562 -1207.84716796875 700.0003051757812
v 945.7653198242188 -1194.894775390625 700.0003051757812
v 961.0352172851562 -1207.84716796875 710.0003051757812
v 961.0352172851562 -1207.84716796875 700.0003051757812
v 945.7653198242188 -1194.894775390625 710.0003051757812
v 961.0352172851562 -1207.84716796875 710.0003051757812
v 1006.0192260742188 -1116.486572265625 700.0003051757812
v 1006.0192260742188 -1116.486572265625 710.0003051757812
v 1022.5983276367188 -1127.7353515625 700.0003051757812
v 1006.0192260742188 -1116.486572265625 700.0003051757812
v 1022.5983276367188 -1127.7353515625 710.0003051757812
v 1022.5983276367188 -1127.7353515625 700.0003051757812
v 1006.0192260742188 -1116.486572265625 710.0003051757812
v 1022.5983276367188 -1127.7353515625 710.0003051757812
v 1057.650390625 -1029.777099609375 700.0003051757812
v 1057.650390625 -1029.777099609375 710.0003051757812
v 1075.3818359375 -1039.091064453125 700.0003051757812
v 1057.650390625 -1029.777099609375 700.0003051757812
v 1075.3818359375 -1039.091064453125 710.0003051757812
v 1075.3818359375 -1039.091064453125 700.0003051757812
v 1057.650390625 -1029.777099609375 710.0003051757812
v 1075.3818359375 -1039.091064453125 710.0003051757812
v 1100.682861328125 -936.01123046875 700.0003051757812
v 1100.682861328125 -936.01123046875 710.0003051757812
v 1119.36181640625 -943.26025390625 700.0003051757812
v 1100.682861328125 -936.01123046875 700.0003051757812
v 1119.36181640625 -943.26025390625 710.0003051757812
v 1119.36181640625 -943.26025390625 700.0003051757812
v 1100.682861328125 -936.01123046875 710.0003051757812
v 1119.36181640625 -943.26025390625 710.0003051757812
v 1149.21337890625 -784.584716796875 700.000244140625
v 1149.21337890625 -784.584716796875 710.000244140625
v 1168.719970703125 -789.25048828125 700.000244140625
v 1149.21337890625 -784.584716796875 700.000244140625
v 1168.719970703125 -789.25048828125 710.000244140625
v 1168.719970703125 -789.25048828125 700.000244140625
v 1149.21337890625 -784.584716796875 710.000244140625
v 1168.719970703125 -789.25048828125 710.000244140625
v 1183.771484375 -569.653564453125 700.000244140625
v 1183.771484375 -569.653564453125 710.000244140625
v 1203.771484375 -571.251220703125 700.000244140625
v 1183.771484375 -569.653564453125 700.000244140625
v 1203.771484375 -571.251220703125 710.000244140625
v 1203.771484375 -571.251220703125 700.000244140625
v 1183.771484375 -569.653564453125 710.000244140625
v 1203.771484375 -571.251220703125 710.000244140625
v 1183.771484375 -349.605224609375 700.000244140625
v 1183.771484375 -349.605224609375 710.000244140625
v 1203.771484375 -348.0076904296875 700.000244140625
v 1183.771484375 -349.605224609375 700.000244140625
v 1203.771484375 -348.0076904296875 710.000244140625
v 1203.771484375 -348.0076904296875 700.000244140625
v 1183.771484375 -349.605224609375 710.000244140625
v 1203.771484375 -348.0076904296875 710.000244140625
v 1149.213134765625 -134.671875 700.0001831054688
v 1149.213134765625 -134.671875 710.0001831054688
v 1168.719970703125 -130.006103515625 700.0001831054688
v 1149.213134765625 -134.671875 700.0001831054688
v 1168.719970703125 -130.006103515625 710.0001831054688
v 1168.719970703125 -130.006103515625 700.0001831054688
v 1149.213134765625 -134.671875 710.0001831054688
v 1168.719970703125 -130.006103515625 710.0001831054688
v 1100.682861328125 16.7578125 700.0001831054688
v 1100.682861328125 16.7578125 710.0001831054688
v 1119.361572265625 24.0069580078125 700.0001831054688
v 1100.682861328125 16.7578125 700.0001831054688
v 1119.361572265625 24.0069580078125 710.0001831054688
v 1119.361572265625 24.0069580078125 700.0001831054688
v 1100.682861328125 16.7578125 710.0001831054688
v 1119.361572265625 24.0069580078125 710.0001831054688
v 1057.650390625 110.5267333984375 700.0001831054688
v 1057.650390625 110.5267333984375 710.0001831054688
v 1075.381591796875 119.84033203125 700.0001831054688
v 1057.650390625 110.5267333984375 700.0001831054688
v 1075.381591796875 119.84033203125 710.0001831054688
v 1075.381591796875 119.84033203125 700.0001831054688
v 1057.650390625 110.5267333984375 710.0001831054688
v 1075.381591796875 119.84033203125 710.0001831054688
v 1006.0191040039062 197.2393798828125 700.0001831054688
v 1006.0191040039062 197.2393798828125 710.0001831054688
v 1022.5983276367188 208.48779296875 700.0001831054688
v 1006.0191040039062 197.2393798828125 700.0001831054688
v 1022.5983276367188 208.48779296875 710.0001831054688
v 1022.5983276367188 208.48779296875 700.0001831054688
v 1006.0191040039062 197.2393798828125 710.0001831054688
v 1022.5983276367188 208.48779296875 710.0001831054688
v 945.7650756835938 275.65185546875 700.0001831054688
v 945.7650756835938 275.65185546875 710.0001831054688
v 961.0352172851562 288.6036376953125 700.0001831054688
v 945.7650756835938 275.65185546875 700.0001831054688
v 961.0352172851562 288.6036376953125 710.0001831054688
v 961.0352172851562 288.6036376953125 700.0001831054688
v 945.7650756835938 275.65185546875 710.0001831054688
v 961.0352172851562 288.6036376953125 710.0001831054688
v 912.5272827148438 311.210205078125 700.0001831054688
v 912.5272827148438 311.210205078125 710.0001831054688
v 926.8383178710938 325.1884765625 700.0001831054688
v 912.5272827148438 311.210205078125 700.0001831054688
v 926.8383178710938 325.1884765625 710.0001831054688
v 926.8383178710938 325.1884765625 700.0001831054688
v 912.5272827148438 311.210205078125 710.0001831054688
v 926.8383178710938 325.1884765625 710.0001831054688
v 912.5272827148438 311.210205078125 710.0001831054688
v 854.1763305664062 368.3839111328125 700.0001831054688
v 912.5272827148438 311.210205078125 700.0001831054688
v 854.1763305664062 368.3839111328125 710.0001831054688
v 868.2905883789062 382.5548095703125 700.0001831054688
v 854.1763305664062 368.3839111328125 700.0001831054688
v 926.8383178710938 325.1884765625 700.0001831054688
v 868.2905883789062 382.5548095703125 710.0001831054688
v 926.8383178710938 325.1884765625 710.0001831054688
v 868.2905883789062 382.5548095703125 700.0001831054688
v 854.1763305664062 368.3839111328125 710.0001831054688
v 868.2905883789062 382.5548095703125 710.0001831054688
v 790.9203491210938 432.4268798828125 700.0001831054688
v 790.9203491210938 432.4268798828125 710.0001831054688
v 805.1495971679688 446.4813232421875 700.0001831054688
v 790.9203491210938 432.4268798828125 700.0001831054688
v 805.1495971679688 446.4813232421875 710.0001831054688
v 805.1495971679688 446.4813232421875 700.0001831054688
v 790.9203491210938 432.4268798828125 710.0001831054688
v 805.1495971679688 446.4813232421875 710.0001831054688
v 759.3428344726562 464.397216796875 700.0001831054688
v 759.3428344726562 464.397216796875 710.0001831054688
v 773.5286254882812 478.49560546875 700.0001220703125
v 759.3428344726562 464.397216796875 700.0001831054688
v 773.5286254882812 478.49560546875 710.0001220703125
v 773.5286254882812 478.49560546875 700.0001220703125
v 759.3428344726562 464.397216796875 710.0001831054688
v 773.5286254882812 478.49560546875 710.0001220703125
v -284.33331298828125 1508.0732421875 700.0
v -284.33331298828125 1508.0732421875 710.0
v -284.33331298828125 1536.3575439453125 710.0
v -284.33331298828125 1536.3575439453125 700.0
v -1337.9189453125 454.487548828125 710.0000610351562
v -1352.061279296875 468.6298828125 700.0000610351562
v -1337.9189453125 454.487548828125 700.0000610351562
v -1352.061279296875 468.6298828125 710.0000610351562
v 629.7755737304688 -1513.20556640625 700.0003051757812
v 643.9164428710938 -1527.34912109375 700.0003051757812
v 629.7755737304688 -1513.20556640625 710.0003051757812
v 643.9164428710938 -1527.34912109375 710.0003051757812
v -284.33331298828125 1508.0732421875 610.0
v -1337.9189453125 454.4874267578125 600.0000610351562
v -284.33331298828125 1508.0732421875 600.0
v -1337.9189453125 454.4874267578125 610.0000610351562
v -284.33331298828125 1508.0732421875 600.0
v -1352.061279296875 468.6297607421875 600.0000610351562
v -284.33331298828125 1536.3575439453125 600.0
v -1337.9189453125 454.4874267578125 600.0000610351562
v -284.33331298828125 1536.3575439453125 600.0
v -1352.061279296875 468.6297607421875 610.0000610351562
v -284.33331298828125 1536.3575439453125 610.0
v -1352.061279296875 468.6297607421875 600.0000610351562
v -284.33331298828125 1536.3575439453125 610.0
v -1337.9189453125 454.4874267578125 610.0000610351562
v -284.33331298828125 1508.0732421875 610.0
v -1352.061279296875 468.6297607421875 610.0000610351562
v 629.7755737304688 -1513.20556640625 610.0003051757812
v 771.2055053710938 -1371.800048828125 600.0003051757812
v 629.7755737304688 -1513.20556640625 600.0003051757812
v 771.2055053710938 -1371.800048828125 610.0003051757812
v 629.7755737304688 -1513.20556640625 600.0003051757812
v 785.3478393554688 -1385.942138671875 600.0003051757812
v 643.9164428710938 -1527.34912109375 600.0003051757812
v 771.2055053710938 -1371.800048828125 600.0003051757812
v 643.9164428710938 -1527.34912109375 600.0003051757812
v 785.3478393554688 -1385.942138671875 610.0003051757812
v 643.9164428710938 -1527.34912109375 610.0003051757812
v 785.3478393554688 -1385.942138671875 600.0003051757812
v 643.9164428710938 -1527.34912109375 610.0003051757812
v 771.2055053710938 -1371.800048828125 610.0003051757812
v 629.7755737304688 -1513.20556640625 610.0003051757812
v 785.3478393554688 -1385.942138671875 610.0003051757812
v 912.4923706054688 -1230.48876953125 600.0003051757812
v 912.4923706054688 -1230.48876953125 610.0003051757812
v 926.8734741210938 -1244.39208984375 600.0003051757812
v 912.4923706054688 -1230.48876953125 600.0003051757812
v 926.8734741210938 -1244.39208984375 610.0003051757812
v 926.8734741210938 -1244.39208984375 600.0003051757812
v 912.4923706054688 -1230.48876953125 610.0003051757812
v 926.8734741210938 -1244.39208984375 610.0003051757812
v 945.7653198242188 -1194.894775390625 600.0003051757812
v 945.7653198242188 -1194.894775390625 610.0003051757812
v 961.0352172851562 -1207.84716796875 600.0003051757812
v 945.7653198242188 -1194.894775390625 600.0003051757812
v 961.0352172851562 -1207.84716796875 610.0003051757812
v 961.0352172851562 -1207.84716796875 600.0003051757812
v 945.7653198242188 -1194.894775390625 610.0003051757812
v 961.0352172851562 -1207.84716796875 610.0003051757812
v 1006.0192260742188 -1116.486572265625 600.0003051757812
v 1006.0192260742188 -1116.486572265625 610.0003051757812
v 1022.5983276367188 -1127.7353515625 600.0003051757812
v 1006.0192260742188 -1116.486572265625 600.0003051757812
v 1022.5983276367188 -1127.7353515625 610.0003051757812
v 1022.5983276367188 -1127.7353515625 600.0003051757812
v 1006.0192260742188 -1116.486572265625 610.0003051757812
v 1022.5983276367188 -1127.7353515625 610.0003051757812
v 1057.650390625 -1029.777099609375 600.0003051757812
v 1057.650390625 -1029.777099609375 610.0003051757812
v 1075.3818359375 -1039.091064453125 600.0003051757812
v 1057.650390625 -1029.777099609375 600.0003051757812
v 1075.3818359375 -1039.091064453125 610.0003051757812
v 1075.3818359375 -1039.091064453125 600.0003051757812
v 1057.650390625 -1029.777099609375 610.0003051757812
v 1075.3818359375 -1039.091064453125 610.0003051757812
v 1100.682861328125 -936.01123046875 600.0003051757812
v 1100.682861328125 -936.01123046875 610.0003051757812
v 1119.36181640625 -943.26025390625 600.0003051757812
v 1100.682861328125 -936.01123046875 600.0003051757812
v 1119.36181640625 -943.26025390625 610.0003051757812
v 1119.36181640625 -943.26025390625 600.0003051757812
v 1100.682861328125 -936.01123046875 610.0003051757812
v 1119.36181640625 -943.26025390625 610.0003051757812
v 1149.21337890625 -784.584716796875 600.000244140625
v 1149.21337890625 -784.584716796875 610.000244140625
v 1168.719970703125 -789.25048828125 600.000244140625
v 1149.21337890625 -784.584716796875 600.000244140625
v 1168.719970703125 -789.25048828125 610.000244140625
v 1168.719970703125 -789.25048828125 600.000244140625
v 1149.21337890625 -784.584716796875 610.000244140625
v 1168.719970703125 -789.25048828125 610.000244140625
v 1183.771484375 -569.653564453125 600.000244140625
v 1183.771484375 -569.653564453125 610.000244140625
v 1203.771728515625 -571.251220703125 600.000244140625
v 1183.771484375 -569.653564453125 600.000244140625
v 1203.771728515625 -571.251220703125 610.000244140625
v 1203.771728515625 -571.251220703125 600.000244140625
v 1183.771484375 -569.653564453125 610.000244140625
v 1203.771728515625 -571.251220703125 610.000244140625
v 1183.771484375 -349.6053466796875 600.000244140625
v 1183.771484375 -349.6053466796875 610.000244140625
v 1203.771484375 -348.0078125 600.000244140625
v 1183.771484375 -349.6053466796875 600.000244140625
v 1203.771484375 -348.0078125 610.000244140625
v 1203.771484375 -348.0078125 600.000244140625
v 1183.771484375 -349.6053466796875 610.000244140625
v 1203.771484375 -348.0078125 610.000244140625
v 1149.213134765625 -134.6719970703125 600.0001831054688
v 1149.213134765625 -134.6719970703125 610.0001831054688
v 1168.719970703125 -130.0062255859375 600.0001831054688
v 1149.213134765625 -134.6719970703125 600.0001831054688
v 1168.719970703125 -130.0062255859375 610.0001831054688
v 1168.719970703125 -130.0062255859375 600.0001831054688
v 1149.213134765625 -134.6719970703125 610.0001831054688
v 1168.719970703125 -130.0062255859375 610.0001831054688
v 1100.682861328125 16.7576904296875 600.0001831054688
v 1100.682861328125 16.7576904296875 610.0001831054688
v 1119.361572265625 24.0068359375 600.0001831054688
v 1100.682861328125 16.7576904296875 600.0001831054688
v 1119.361572265625 24.0068359375 610.0001831054688
v 1119.361572265625 24.0068359375 600.0001831054688
v 1100.682861328125 16.7576904296875 610.0001831054688
v 1119.361572265625 24.0068359375 610.0001831054688
v 1057.650390625 110.526611328125 600.0001831054688
v 1057.650390625 110.526611328125 610.0001831054688
v 1075.381591796875 119.8402099609375 600.0001831054688
v 1057.650390625 110.526611328125 600.0001831054688
v 1075.381591796875 119.8402099609375 610.0001831054688
v 1075.381591796875 119.8402099609375 600.0001831054688
v 1057.650390625 110.526611328125 610.0001831054688
v 1075.381591796875 119.8402099609375 610.0001831054688
v 1006.0191040039062 197.2392578125 600.0001831054688
v 1006.0191040039062 197.2392578125 610.0001831054688
v 1022.5983276367188 208.4876708984375 600.0001831054688
v 1006.0191040039062 197.2392578125 600.0001831054688
v 1022.5983276367188 208.4876708984375 610.0001831054688
v 1022.5983276367188 208.4876708984375 600.0001831054688
v 1006.0191040039062 197.2392578125 610.0001831054688
v 1022.5983276367188 208.4876708984375 610.0001831054688
v 945.7650756835938 275.6517333984375 600.0001831054688
v 945.7650756835938 275.6517333984375 610.0001831054688
v 961.0352172851562 288.603515625 600.0001831054688
v 945.7650756835938 275.6517333984375 600.0001831054688
v 961.0352172851562 288.603515625 610.0001831054688
v 961.0352172851562 288.603515625 600.0001831054688
v 945.7650756835938 275.6517333984375 610.0001831054688
v 961.0352172851562 288.603515625 610.0001831054688
v 912.5272827148438 311.2100830078125 600.0001831054688
v 912.5272827148438 311.2100830078125 610.0001831054688
v 926.8383178710938 325.1883544921875 600.0001831054688
v 912.5272827148438 311.2100830078125 600.0001831054688
v 926.8383178710938 325.1883544921875 610.0001831054688
v 926.8383178710938 325.1883544921875 600.0001831054688
v 912.5272827148438 311.2100830078125 610.0001831054688
v 926.8383178710938 325.1883544921875 610.0001831054688
v 912.5272827148438 311.2100830078125 610.0001831054688
v 854.1763305664062 368.3837890625 600.0001831054688
v 912.5272827148438 311.2100830078125 600.0001831054688
v 854.1763305664062 368.3837890625 610.0001831054688
v 868.2905883789062 382.5546875 600.0001831054688
v 854.1763305664062 368.3837890625 600.0001831054688
v 926.8383178710938 325.1883544921875 600.0001831054688
v 868.2905883789062 382.5546875 610.0001831054688
v 926.8383178710938 325.1883544921875 610.0001831054688
v 868.2905883789062 382.5546875 600.0001831054688
v 854.1763305664062 368.3837890625 610.0001831054688
v 868.2905883789062 382.5546875 610.0001831054688
v 790.9203491210938 432.4267578125 600.0001831054688
v 790.9203491210938 432.4267578125 610.0001831054688
v 805.1495971679688 446.481201171875 600.0001831054688
v 790.9203491210938 432.4267578125 600.0001831054688
v 805.1495971679688 446.481201171875 610.0001831054688
v 805.1495971679688 446.481201171875 600.0001831054688
v 790.9203491210938 432.4267578125 610.0001831054688
v 805.1495971679688 446.481201171875 610.0001831054688
v 759.3428344726562 464.3970947265625 600.0001831054688
v 759.3428344726562 464.3970947265625 610.0001831054688
v 773.5286254882812 478.4954833984375 600.0001220703125
v 759.3428344726562 464.3970947265625 600.0001831054688
v 773.5286254882812 478.4954833984375 610.0001220703125
v 773.5286254882812 478.4954833984375 600.0001220703125
v 759.3428344726562 464.3970947265625 610.0001831054688
v 773.5286254882812 478.4954833984375 610.0001220703125
v -284.33331298828125 1508.0732421875 600.0
v -284.33331298828125 1508.0732421875 610.0
v -284.33331298828125 1536.3575439453125 610.0
v -284.33331298828125 1536.3575439453125 600.0
v -1337.9189453125 454.4874267578125 610.0000610351562
v -1352.061279296875 468.6297607421875 600.0000610351562
v -1337.9189453125 454.4874267578125 600.0000610351562
v -1352.061279296875 468.6297607421875 610.0000610351562
v 629.7755737304688 -1513.20556640625 600.0003051757812
v 643.9164428710938 -1527.34912109375 600.0003051757812
v 629.7755737304688 -1513.20556640625 610.0003051757812
v 643.9164428710938 -1527.34912109375 610.0003051757812
v -284.33331298828125 1508.0732421875 510.0
v -1337.9189453125 454.4874267578125 500.0000305175781
v -284.33331298828125 1508.0732421875 500.0
v -1337.9189453125 454.4874267578125 510.0000305175781
v -284.33331298828125 1508.0732421875 500.0
v -1352.061279296875 468.6297607421875 500.0000305175781
v -284.33331298828125 1536.3575439453125 500.0
v -1337.9189453125 454.4874267578125 500.0000305175781
v -284.33331298828125 1536.3575439453125 500.0
v -1352.061279296875 468.6297607421875 510.0000305175781
v -284.33331298828125 1536.3575439453125 510.0
v -1352.061279296875 468.6297607421875 500.0000305175781
v -284.33331298828125 1536.3575439453125 510.0
v -1337.9189453125 454.4874267578125 510.0000305175781
v -284.33331298828125 1508.0732421875 510.0
v -1352.061279296875 468.6297607421875 510.0000305175781
v 629.7755737304688 -1513.20556640625 510.00030517578125
v 771.2055053710938 -1371.800048828125 500.00030517578125
v 629.7755737304688 -1513.20556640625 500.00030517578125
v 771.2055053710938 -1371.800048828125 510.00030517578125
v 629.7755737304688 -1513.20556640625 500.00030517578125
v 785.3478393554688 -1385.942138671875 500.00030517578125
v 643.9164428710938 -1527.34912109375 500.00030517578125
v 771.2055053710938 -1371.800048828125 500.00030517578125
v 643.9164428710938 -1527.34912109375 500.00030517578125
v 785.3478393554688 -1385.942138671875 510.00030517578125
v 643.9164428710938 -1527.34912109375 510.00030517578125
v 785.3478393554688 -1385.942138671875 500.00030517578125
v 643.9164428710938 -1527.34912109375 510.00030517578125
v 771.2055053710938 -1371.800048828125 510.00030517578125
v 629.7755737304688 -1513.20556640625 510.00030517578125
v 785.3478393554688 -1385.942138671875 510.00030517578125
v 912.4923706054688 -1230.48876953125 500.00030517578125
v 912.4923706054688 -1230.48876953125 510.00030517578125
v 926.8734741210938 -1244.39208984375 500.00030517578125
v 912.4923706054688 -1230.48876953125 500.00030517578125
v 926.8734741210938 -1244.39208984375 510.00030517578125
v 926.8734741210938 -1244.39208984375 500.00030517578125
v 912.4923706054688 -1230.48876953125 510.00030517578125
v 926.8734741210938 -1244.39208984375 510.00030517578125
v 945.7653198242188 -1194.894775390625 500.00030517578125
v 945.7653198242188 -1194.894775390625 510.00030517578125
v 961.0352172851562 -1207.84716796875 500.00030517578125
v 945.7653198242188 -1194.894775390625 500.00030517578125
v 961.0352172851562 -1207.84716796875 510.00030517578125
v 961.0352172851562 -1207.84716796875 500.00030517578125
v 945.7653198242188 -1194.894775390625 510.00030517578125
v 961.0352172851562 -1207.84716796875 510.00030517578125
v 1006.0192260742188 -1116.486572265625 500.00030517578125
v 1006.0192260742188 -1116.486572265625 510.00030517578125
v 1022.5983276367188 -1127.7353515625 500.00030517578125
v 1006.0192260742188 -1116.486572265625 500.00030517578125
v 1022.5983276367188 -1127.7353515625 510.00030517578125
v 1022.5983276367188 -1127.7353515625 500.00030517578125
v 1006.0192260742188 -1116.486572265625 510.00030517578125
v 1022.5983276367188 -1127.7353515625 510.00030517578125
v 1057.650390625 -1029.777099609375 500.0002746582031
v 1057.650390625 -1029.777099609375 510.0002746582031
v 1075.3818359375 -1039.091064453125 500.0002746582031
v 1057.650390625 -1029.777099609375 500.0002746582031
v 1075.3818359375 -1039.091064453125 510.0002746582031
v 1075.3818359375 -1039.091064453125 500.0002746582031
v 1057.650390625 -1029.777099609375 510.0002746582031
v 1075.3818359375 -1039.091064453125 510.0002746582031
v 1100.682861328125 -936.01123046875 500.0002746582031
v 1100.682861328125 -936.01123046875 510.0002746582031
v 1119.36181640625 -943.26025390625 500.0002746582031
v 1100.682861328125 -936.01123046875 500.0002746582031
v 1119.36181640625 -943.26025390625 510.0002746582031
v 1119.36181640625 -943.26025390625 500.0002746582031
v 1100.682861328125 -936.01123046875 510.0002746582031
v 1119.36181640625 -943.26025390625 510.0002746582031
v 1149.21337890625 -784.584716796875 500.0002746582031
v 1149.21337890625 -784.584716796875 510.0002746582031
v 1168.719970703125 -789.25048828125 500.0002746582031
v 1149.21337890625 -784.584716796875 500.0002746582031
v 1168.719970703125 -789.25048828125 510.0002746582031
v 1168.719970703125 -789.25048828125 500.0002746582031
v 1149.21337890625 -784.584716796875 510.0002746582031
v 1168.719970703125 -789.25048828125 510.0002746582031
v 1183.771484375 -569.653564453125 500.000244140625
v 1183.771484375 -569.653564453125 510.000244140625
v 1203.771728515625 -571.251220703125 500.000244140625
v 1183.771484375 -569.653564453125 500.000244140625
v 1203.771728515625 -571.251220703125 510.000244140625
v 1203.771728515625 -571.251220703125 500.000244140625
v 1183.771484375 -569.653564453125 510.000244140625
v 1203.771728515625 -571.251220703125 510.000244140625
v 1183.771484375 -349.6053466796875 500.0002136230469
v 1183.771484375 -349.6053466796875 510.0002136230469
v 1203.771484375 -348.0078125 500.0002136230469
v 1183.771484375 -349.6053466796875 500.0002136230469
v 1203.771484375 -348.0078125 510.0002136230469
v 1203.771484375 -348.0078125 500.0002136230469
v 1183.771484375 -349.6053466796875 510.0002136230469
v 1203.771484375 -348.0078125 510.0002136230469
v 1149.213134765625 -134.6719970703125 500.0002136230469
v 1149.213134765625 -134.6719970703125 510.0002136230469
v 1168.719970703125 -130.0062255859375 500.0002136230469
v 1149.213134765625 -134.6719970703125 500.0002136230469
v 1168.719970703125 -130.0062255859375 510.0002136230469
v 1168.719970703125 -130.0062255859375 500.0002136230469
v 1149.213134765625 -134.6719970703125 510.0002136230469
v 1168.719970703125 -130.0062255859375 510.0002136230469
v 1100.682861328125 16.7576904296875 500.00018310546875
v 1100.682861328125 16.7576904296875 510.00018310546875
v 1119.361572265625 24.0068359375 500.00018310546875
v 1100.682861328125 16.7576904296875 500.00018310546875
v 1119.361572265625 24.0068359375 510.00018310546875
v 1119.361572265625 24.0068359375 500.00018310546875
v 1100.682861328125 16.7576904296875 510.00018310546875
v 1119.361572265625 24.0068359375 510.00018310546875
v 1057.650390625 110.526611328125 500.00018310546875
v 1057.650390625 110.526611328125 510.00018310546875
v 1075.381591796875 119.8402099609375 500.00018310546875
v 1057.650390625 110.526611328125 500.00018310546875
v 1075.381591796875 119.8402099609375 510.00018310546875
v 1075.381591796875 119.8402099609375 500.00018310546875
v 1057.650390625 110.526611328125 510.00018310546875
v 1075.381591796875 119.8402099609375 510.00018310546875
v 1006.0191040039062 197.2392578125 500.00018310546875
v 1006.0191040039062 197.2392578125 510.00018310546875
v 1022.5983276367188 208.4876708984375 500.00018310546875
v 1006.0191040039062 197.2392578125 500.00018310546875
v 1022.5983276367188 208.4876708984375 510.00018310546875
v 1022.5983276367188 208.4876708984375 500.00018310546875
v 1006.0191040039062 197.2392578125 510.00018310546875
v 1022.5983276367188 208.4876708984375 510.00018310546875
v 945.7650756835938 275.6517333984375 500.00018310546875
v 945.7650756835938 275.6517333984375 510.00018310546875
v 961.0352172851562 288.603515625 500.00018310546875
v 945.7650756835938 275.6517333984375 500.00018310546875
v 961.0352172851562 288.603515625 510.00018310546875
v 961.0352172851562 288.603515625 500.00018310546875
v 945.7650756835938 275.6517333984375 510.00018310546875
v 961.0352172851562 288.603515625 510.00018310546875
v 912.5272827148438 311.2100830078125 500.0001525878906
v 912.5272827148438 311.2100830078125 510.0001525878906
v 926.8383178710938 325.1883544921875 500.0001525878906
v 912.5272827148438 311.2100830078125 500.0001525878906
v 926.8383178710938 325.1883544921875 510.0001525878906
v 926.8383178710938 325.1883544921875 500.0001525878906
v 912.5272827148438 311.2100830078125 510.0001525878906
v 926.8383178710938 325.1883544921875 510.0001525878906
v 912.5272827148438 311.2100830078125 510.0001525878906
v 854.1763305664062 368.3837890625 500.0001525878906
v 912.5272827148438 311.2100830078125 500.0001525878906
v 854.1763305664062 368.3837890625 510.0001525878906
v 868.2905883789062 382.5546875 500.0001525878906
v 854.1763305664062 368.3837890625 500.0001525878906
v 926.8383178710938 325.1883544921875 500.0001525878906
v 868.2905883789062 382.5546875 510.0001525878906
v 926.8383178710938 325.1883544921875 510.0001525878906
v 868.2905883789062 382.5546875 500.0001525878906
v 854.1763305664062 368.3837890625 510.0001525878906
v 868.2905883789062 382.5546875 510.0001525878906
v 790.9203491210938 432.4267578125 500.0001525878906
v 790.9203491210938 432.4267578125 510.0001525878906
v 805.1495971679688 446.481201171875 500.0001525878906
v 790.9203491210938 432.4267578125 500.0001525878906
v 805.1495971679688 446.481201171875 510.0001525878906
v 805.1495971679688 446.481201171875 500.0001525878906
v 790.9203491210938 432.4267578125 510.0001525878906
v 805.1495971679688 446.481201171875 510.0001525878906
v 759.3428344726562 464.3970947265625 500.0001220703125
v 759.3428344726562 464.3970947265625 510.0001220703125
v 773.5286254882812 478.4954833984375 500.0001525878906
v 759.3428344726562 464.3970947265625 500.0001220703125
v 773.5286254882812 478.4954833984375 510.0001525878906
v 773.5286254882812 478.4954833984375 500.0001525878906
v 759.3428344726562 464.3970947265625 510.0001220703125
v 773.5286254882812 478.4954833984375 510.0001525878906
v -284.33331298828125 1508.0732421875 500.0
v -284.33331298828125 1508.0732421875 510.0
v -284.33331298828125 1536.3575439453125 510.0
v -284.33331298828125 1536.3575439453125 500.0
v -1337.9189453125 454.4874267578125 510.0000305175781
v -1352.061279296875 468.6297607421875 500.0000305175781
v -1337.9189453125 454.4874267578125 500.0000305175781
v -1352.061279296875 468.6297607421875 510.0000305175781
v 629.7755737304688 -1513.20556640625 500.00030517578125
v 643.9164428710938 -1527.34912109375 500.00030517578125
v 629.7755737304688 -1513.20556640625 510.00030517578125
v 643.9164428710938 -1527.34912109375 510.00030517578125
v -601.6717529296875 1178.888671875 466.4530029296875
v -648.3407592773438 1132.219482421875 466.4529724121094
v -614.6658935546875 1191.8828125 466.4530029296875
v -661.3348999023438 1145.213623046875 466.4529724121094
v -601.6717529296875 1178.888671875 400.4530334472656
v -614.6658935546875 1191.8828125 400.4530334472656
v -648.3407592773438 1132.219482421875 400.4530029296875
v -661.3348999023438 1145.213623046875 400.4530029296875
v -601.6717529296875 1178.888671875 466.4530029296875
v -614.6658935546875 1191.8828125 400.4530334472656
v -601.6717529296875 1178.888671875 400.4530334472656
v -614.6658935546875 1191.8828125 466.4530029296875
v -648.3407592773438 1132.219482421875 466.4529724121094
v -648.3407592773438 1132.219482421875 400.4530029296875
v -661.3348999023438 1145.213623046875 400.4530029296875
v -661.3348999023438 1145.213623046875 466.4529724121094
v -836.982666015625 943.5777587890625 466.4530029296875
v -883.6517333984375 896.90869140625 466.4530029296875
v -849.976806640625 956.5718994140625 466.4530029296875
v -896.6458740234375 909.90283203125 466.4530029296875
v -836.982666015625 943.5777587890625 400.4530334472656
v -849.976806640625 956.5718994140625 400.4530334472656
v -883.6517333984375 896.90869140625 400.4530334472656
v -896.6458740234375 909.90283203125 400.4530334472656
v -836.982666015625 943.5777587890625 466.4530029296875
v -849.976806640625 956.5718994140625 400.4530334472656
v -836.982666015625 943.5777587890625 400.4530334472656
v -849.976806640625 956.5718994140625 466.4530029296875
v -883.6517333984375 896.90869140625 466.4530029296875
v -883.6517333984375 896.90869140625 400.4530334472656
v -896.6458740234375 909.90283203125 400.4530334472656
v -896.6458740234375 909.90283203125 466.4530029296875
v 1066.51611328125 115.1834716796875 373.1641845703125
v 1104.227783203125 33.0081787109375 373.1641845703125
v 1087.605712890625 25.1722412109375 373.1641845703125
v 1061.58740234375 123.4609375 373.1641845703125
v 1044.965087890625 115.625 373.1641845703125
v 1066.51611328125 115.1834716796875 273.1641845703125
v 1087.605712890625 25.1722412109375 273.1641845703125
v 1104.227783203125 33.0081787109375 273.1641845703125
v 1061.58740234375 123.4609375 273.1641845703125
v 1044.965087890625 115.625 273.1641845703125
v 1087.605712890625 25.1722412109375 373.1641845703125
v 1104.227783203125 33.0081787109375 273.1641845703125
v 1087.605712890625 25.1722412109375 273.1641845703125
v 1104.227783203125 33.0081787109375 373.1641845703125
v 1044.965087890625 115.625 373.1641845703125
v 1044.965087890625 115.625 273.1641845703125
v 1061.58740234375 123.4609375 273.1641845703125
v 1061.58740234375 123.4609375 373.1641845703125
v 953.4000854492188 282.127685546875 373.1641845703125
v 1013.6953735351562 203.6617431640625 373.1641845703125
v 999.1353149414062 192.449951171875 373.1641845703125
v 952.6835327148438 282.894287109375 373.1641845703125
v 938.1234741210938 271.6826171875 373.1641845703125
v 953.4000854492188 282.127685546875 273.1641845703125
v 999.1353149414062 192.449951171875 273.1641845703125
v 1013.6953735351562 203.6617431640625 273.1641845703125
v 952.6835327148438 282.894287109375 273.1641845703125
v 938.1234741210938 271.6826171875 273.1641845703125
v 999.1353149414062 192.449951171875 373.1641845703125
v 1013.6953735351562 203.6617431640625 273.1641845703125
v 999.1353149414062 192.449951171875 273.1641845703125
v 1013.6953735351562 203.6617431640625 373.1641845703125
v 938.1234741210938 271.6826171875 373.1641845703125
v 938.1234741210938 271.6826171875 273.1641845703125
v 952.6835327148438 282.894287109375 273.1641845703125
v 952.6835327148438 282.894287109375 373.1641845703125
v 930.9574584960938 -1198.56689453125 373.164306640625
v 953.4002075195312 -1201.370849609375 373.164306640625
v 945.4011840820312 -1209.927978515625 373.164306640625
v 992.7788696289062 -1119.970947265625 373.164306640625
v 1007.2227172851562 -1131.33203125 373.164306640625
v 930.9574584960938 -1198.56689453125 273.164306640625
v 945.4011840820312 -1209.927978515625 273.164306640625
v 953.4002075195312 -1201.370849609375 273.164306640625
v 992.7788696289062 -1119.970947265625 273.164306640625
v 1007.2227172851562 -1131.33203125 273.164306640625
v 930.9574584960938 -1198.56689453125 373.164306640625
v 945.4011840820312 -1209.927978515625 273.164306640625
v 930.9574584960938 -1198.56689453125 273.164306640625
v 945.4011840820312 -1209.927978515625 373.164306640625
v 992.7788696289062 -1119.970947265625 373.164306640625
v 992.7788696289062 -1119.970947265625 273.164306640625
v 1007.2227172851562 -1131.33203125 273.164306640625
v 1007.2227172851562 -1131.33203125 373.164306640625
v 1035.2412109375 -1051.142333984375 373.1642761230469
v 1066.51611328125 -1034.43408203125 373.1642761230469
v 1051.6982421875 -1059.3193359375 373.1642761230469
v 1079.738525390625 -961.586669921875 373.1642761230469
v 1096.195556640625 -969.763671875 373.1642761230469
v 1035.2412109375 -1051.142333984375 273.1642761230469
v 1051.6982421875 -1059.3193359375 273.1642761230469
v 1066.51611328125 -1034.43408203125 273.1642761230469
v 1079.738525390625 -961.586669921875 273.1642761230469
v 1096.195556640625 -969.763671875 273.1642761230469
v 1035.2412109375 -1051.142333984375 373.1642761230469
v 1051.6982421875 -1059.3193359375 273.1642761230469
v 1035.2412109375 -1051.142333984375 273.1642761230469
v 1051.6982421875 -1059.3193359375 373.1642761230469
v 1079.738525390625 -961.586669921875 373.1642761230469
v 1079.738525390625 -961.586669921875 273.1642761230469
v 1096.195556640625 -969.763671875 273.1642761230469
v 1096.195556640625 -969.763671875 373.1642761230469
v 1106.18212890625 -891.40625 373.1642761230469
v 1123.681884765625 -897.0146484375 273.1642761230469
v 1106.18212890625 -891.40625 273.1642761230469
v 1123.681884765625 -897.0146484375 373.1642761230469
v 1136.701904296875 -796.17724609375 373.1642761230469
v 1136.701904296875 -796.17724609375 273.1642761230469
v 1154.20166015625 -801.78564453125 273.1642761230469
v 1154.20166015625 -801.78564453125 373.1642761230469
v 1106.18212890625 -891.40625 373.1642761230469
v 1136.701904296875 -796.17724609375 373.1642761230469
v 1123.681884765625 -897.0146484375 373.1642761230469
v 1154.20166015625 -801.78564453125 373.1642761230469
v 1106.18212890625 -891.40625 273.1642761230469
v 1123.681884765625 -897.0146484375 273.1642761230469
v 1136.701904296875 -796.17724609375 273.1642761230469
v 1154.20166015625 -801.78564453125 273.1642761230469
v 1162.929931640625 -156.9884033203125 373.1642150878906
v 1145.232177734375 -161.936767578125 373.1642150878906
v 1158.966552734375 -132.339111328125 373.1642150878906
v 1136.002197265625 -60.6829833984375 373.1642150878906
v 1118.304443359375 -65.63134765625 373.1642150878906
v 1162.929931640625 -156.9884033203125 273.1642150878906
v 1158.966552734375 -132.339111328125 273.1642150878906
v 1145.232177734375 -161.936767578125 273.1642150878906
v 1136.002197265625 -60.6829833984375 273.1642150878906
v 1118.304443359375 -65.63134765625 273.1642150878906
v 1145.232177734375 -161.936767578125 373.1642150878906
v 1162.929931640625 -156.9884033203125 273.1642150878906
v 1145.232177734375 -161.936767578125 273.1642150878906
v 1162.929931640625 -156.9884033203125 373.1642150878906
v 1118.304443359375 -65.63134765625 373.1642150878906
v 1118.304443359375 -65.63134765625 273.1642150878906
v 1136.002197265625 -60.6829833984375 273.1642150878906
v 1136.002197265625 -60.6829833984375 373.1642150878906
v 601.7140502929688 636.1680908203125 586.10009765625
v 647.958740234375 589.9234008789062 586.10009765625
v 635.91064453125 577.875244140625 586.10009765625
v 589.6658935546875 624.1199340820312 586.10009765625
v 601.7140502929688 636.1680908203125 520.400146484375
v 635.91064453125 577.875244140625 520.400146484375
v 647.958740234375 589.9234008789062 520.400146484375
v 589.6658935546875 624.1199340820312 520.400146484375
v 635.91064453125 577.875244140625 586.10009765625
v 647.958740234375 589.9234008789062 520.400146484375
v 635.91064453125 577.875244140625 520.400146484375
v 647.958740234375 589.9234008789062 586.10009765625
v 589.6658935546875 624.1199340820312 586.10009765625
v 589.6658935546875 624.1199340820312 520.400146484375
v 601.7140502929688 636.1680908203125 520.400146484375
v 601.7140502929688 636.1680908203125 586.10009765625
v -104.53767395019531 1342.419677734375 586.0999755859375
v -58.29296875 1296.175048828125 586.0999755859375
v -70.34114074707031 1284.1268310546875 586.0999755859375
v -116.58586120605469 1330.37158203125 586.0999755859375
v -104.53767395019531 1342.419677734375 520.4000244140625
v -70.34114074707031 1284.1268310546875 520.4000244140625
v -58.29296875 1296.175048828125 520.4000244140625
v -116.58586120605469 1330.37158203125 520.4000244140625
v -70.34114074707031 1284.1268310546875 586.0999755859375
v -58.29296875 1296.175048828125 520.4000244140625
v -70.34114074707031 1284.1268310546875 520.4000244140625
v -58.29296875 1296.175048828125 586.0999755859375
v -116.58586120605469 1330.37158203125 586.0999755859375
v -116.58586120605469 1330.37158203125 520.4000244140625
v -104.53767395019531 1342.419677734375 520.4000244140625
v -104.53767395019531 1342.419677734375 586.0999755859375
v 389.43414306640625 848.4479370117188 586.5000610351562
v 436.1031494140625 801.7789916992188 586.5001220703125
v 423.1090087890625 788.7848510742188 586.5001220703125
v 376.44000244140625 835.4537963867188 586.5000610351562
v 389.43414306640625 848.4479370117188 520.5000610351562
v 423.1090087890625 788.7848510742188 520.5001220703125
v 436.1031494140625 801.7789916992188 520.5001220703125
v 376.44000244140625 835.4537963867188 520.5000610351562
v 423.1090087890625 788.7848510742188 586.5001220703125
v 436.1031494140625 801.7789916992188 520.5001220703125
v 423.1090087890625 788.7848510742188 520.5001220703125
v 436.1031494140625 801.7789916992188 586.5001220703125
v 376.44000244140625 835.4537963867188 586.5000610351562
v 376.44000244140625 835.4537963867188 520.5000610351562
v 389.43414306640625 848.4479370117188 520.5000610351562
v 389.43414306640625 848.4479370117188 586.5000610351562
v 154.12326049804688 1083.7587890625 586.5000610351562
v 200.79232788085938 1037.08984375 586.5000610351562
v 187.79818725585938 1024.095703125 586.5000610351562
v 141.12911987304688 1070.7646484375 586.5000610351562
v 154.12326049804688 1083.7587890625 520.5000610351562
v 187.79818725585938 1024.0955810546875 520.5000610351562
v 200.79232788085938 1037.0897216796875 520.5000610351562
v 141.12911987304688 1070.7646484375 520.5000610351562
v 187.79818725585938 1024.095703125 586.5000610351562
v 200.79232788085938 1037.0897216796875 520.5000610351562
v 187.79818725585938 1024.0955810546875 520.5000610351562
v 200.79232788085938 1037.08984375 586.5000610351562
v 141.12911987304688 1070.7646484375 586.5000610351562
v 141.12911987304688 1070.7646484375 520.5000610351562
v 154.12326049804688 1083.7587890625 520.5000610351562
v 154.12326049804688 1083.7587890625 586.5000610351562
v -282.3924255371094 1520.2745361328125 800.0
v -284.3333435058594 1522.21533203125 800.0
v -1343.049072265625 459.6177978515625 800.0000610351562
v -1344.989990234375 461.5587158203125 800.0000610351562
v 769.8781127929688 468.0040283203125 800.0001831054688
v 861.2334594726562 375.4693603515625 800.0001831054688
v 798.0349731445312 439.4541015625 800.0001831054688
v 919.6828002929688 318.1993408203125 800.0001831054688
v 766.4357299804688 471.4464111328125 800.0001831054688
v 766.4357299804688 471.4462890625 -0.7354314923286438
v -272.5535583496094 1510.435546875 -0.7355677485466003
v -260.68829345703125 1522.30078125 -0.7355682253837585
v 798.0349731445312 439.4539794921875 -0.7354273200035095
v 788.1398315429688 473.47265625 -0.7354307174682617
v 861.2334594726562 375.46923828125 -0.7354189157485962
v 819.7390747070312 441.4803466796875 -0.7354265451431274
v 919.6828002929688 318.19921875 -0.7354113459587097
v 882.9375610351562 377.49560546875 -0.7354181408882141
v 953.4000854492188 282.127685546875 -0.735406756401062
v 941.3869018554688 320.2255859375 -0.7354106307029724
v 1014.3087768554688 202.863525390625 -0.7353971600532532
v 975.1041870117188 284.154052734375 -0.7354059815406799
v 1066.51611328125 115.1834716796875 -0.7353872060775757
v 1036.012939453125 204.889892578125 -0.7353963851928711
v 1110.022216796875 20.3822021484375 -0.7353770136833191
v 1088.22021484375 117.2098388671875 -0.7353864312171936
v 1158.966552734375 -132.339111328125 -0.7353615164756775
v 1131.726318359375 22.40869140625 -0.735376238822937
v 1193.771484375 -348.8065185546875 -0.7353410720825195
v 1180.670654296875 -130.312744140625 -0.7353607416152954
v 1215.4755859375 -346.7801513671875 -0.7353403568267822
v 1193.771484375 -570.452392578125 -0.7353217005729675
v 1158.966552734375 -786.917724609375 -0.7353042960166931
v 1180.670654296875 -784.891357421875 -0.735303521156311
v 1110.022216796875 -939.6357421875 -0.7352930903434753
v 1131.726318359375 -937.609375 -0.7352923154830933
v 1066.51611328125 -1034.43408203125 -0.7352867126464844
v 1088.22021484375 -1032.40771484375 -0.7352859377861023
v 1014.3087768554688 -1122.11083984375 -0.7352812886238098
v 1036.012939453125 -1120.08447265625 -0.7352805137634277
v 953.4002075195312 -1201.370849609375 -0.7352770566940308
v 975.1043090820312 -1199.344482421875 -0.7352762818336487
v 919.6829223632812 -1237.4404296875 -0.7352753281593323
v 941.3870239257812 -1235.4140625 -0.735274612903595
v 778.2766723632812 -1378.87109375 -0.7352691888809204
v 799.9807739257812 -1376.8447265625 -0.7352684140205383
v 648.7122802734375 -1508.4130859375 -0.7352635264396667
v 658.5501098632812 -1518.2509765625 -0.7352622151374817
v 1215.4755859375 -568.426025390625 -0.7353209257125854
v 1071.147705078125 -1362.904296875 378.0080871582031
v 932.2915649414062 -1223.9521484375 378.0080871582031
v 945.9569702148438 -1209.33349609375 378.0080871582031
v 1085.283447265625 -1348.75634765625 378.0080871582031
v 1085.893798828125 419.01708984375 379.3685607910156
v 951.2360229492188 284.4429931640625 379.36859130859375
v 1071.758056640625 433.15283203125 379.3685607910156
v 937.5682983398438 299.06494140625 379.3685607910156
v -282.3924255371094 1520.2745361328125 800.0
v -1343.049072265625 459.6177978515625 800.0000610351562
v -282.3926696777344 1520.27490234375 6000.0
v -1343.04931640625 459.6181640625 6000.0
v -1343.049072265625 459.6177978515625 800.0000610351562
v -53.620452880859375 -829.81103515625 800.0001831054688
v -1343.04931640625 459.6181640625 6000.0
v -53.62066650390625 -829.810546875 6000.0
v 636.8457641601562 -1520.27685546875 6000.00048828125
v 778.2764282226562 -1378.87060546875 6000.00048828125
v 919.6826782226562 -1237.43994140625 6000.0
v 953.3999633789062 -1201.370361328125 5999.9990234375
v 1014.3085327148438 -1122.1103515625 5999.9990234375
v 1066.515869140625 -1034.43359375 6000.0
v 1110.02197265625 -939.63525390625 6000.0
v 1158.96630859375 -786.917236328125 6000.0
v 1193.771240234375 -570.451904296875 6000.0
v 1193.771240234375 -348.8060302734375 5999.9990234375
v 1158.96630859375 -132.338623046875 5999.9990234375
v 1110.02197265625 20.3826904296875 6000.0
v 1066.515869140625 115.1839599609375 6000.0
v 1014.3085327148438 202.864013671875 6000.0
v 953.3998413085938 282.128173828125 6000.0
v 919.6825561523438 318.19970703125 6000.0
v 769.8781127929688 468.0040283203125 800.0001831054688
v 769.8778686523438 468.00439453125 6000.0
v -282.3924255371094 1520.2745361328125 800.0
v -282.3926696777344 1520.27490234375 6000.0
v -282.3926696777344 1520.27490234375 6000.0
v -1357.19140625 459.6181640625 6000.0
v -282.3926696777344 1534.4171142578125 6000.0
v -1343.04931640625 459.6181640625 6000.0
v -282.3926696777344 1534.4171142578125 6000.0
v -1385.475830078125 459.6181640625 6010.0
v -282.3926696777344 1562.7012939453125 6010.0
v -1357.19140625 459.6181640625 6000.0
v -282.3926696777344 1562.7012939453125 6010.0
v -1385.475830078125 459.6181640625 6050.0
v -282.3926696777344 1562.701416015625 6050.0
v -1385.475830078125 459.6181640625 6010.0
v -282.3926696777344 1562.701416015625 6050.0
v -1357.19140625 459.6181640625 6060.0
v -282.3926696777344 1534.4171142578125 6060.0
v -1385.475830078125 459.6181640625 6050.0
v -282.3926696777344 1534.4171142578125 6060.0
v -1357.19140625 459.6181640625 6070.0
v -282.3926696777344 1534.4171142578125 6070.0
v -1357.19140625 459.6181640625 6060.0
v -282.3926696777344 1534.4171142578125 6070.0
v -1385.475830078125 459.6181640625 6080.0
v -282.3926696777344 1562.701416015625 6080.0
v -1357.19140625 459.6181640625 6070.0
v -282.3926696777344 1562.701416015625 6080.0
v -1385.475830078125 459.6181640625 6120.0
v -282.3926696777344 1562.701416015625 6120.0
v -1385.475830078125 459.6181640625 6080.0
v -282.3926696777344 1562.701416015625 6120.0
v -1357.19140625 459.6181640625 6130.0
v -282.3926696777344 1534.4171142578125 6130.0
v -1385.475830078125 459.6181640625 6120.0
v -282.3926696777344 1534.4171142578125 6130.0
v -1328.9072265625 459.6181640625 6130.0
v -282.3926696777344 1506.1328125 6130.0
v -1357.19140625 459.6181640625 6130.0
v -60.691619873046875 -836.881591796875 6000.0
v -53.62054443359375 -829.810546875 6000.0
v -1357.19140625 459.6181640625 6000.0
v -74.83375549316406 -851.023681640625 6010.0
v -1385.475830078125 459.6181640625 6010.0
v -60.691619873046875 -836.881591796875 6000.0
v -1385.475830078125 459.6181640625 6010.0
v -74.83377075195312 -851.023681640625 6050.0
v -1385.475830078125 459.6181640625 6050.0
v -74.83375549316406 -851.023681640625 6010.0
v -1385.475830078125 459.6181640625 6050.0
v -60.69163513183594 -836.881591796875 6060.0
v -1357.19140625 459.6181640625 6060.0
v -74.83377075195312 -851.023681640625 6050.0
v -1357.19140625 459.6181640625 6060.0
v -60.69163513183594 -836.881591796875 6070.0
v -1357.19140625 459.6181640625 6070.0
v -60.69163513183594 -836.881591796875 6060.0
v -1357.19140625 459.6181640625 6070.0
v -74.83377075195312 -851.023681640625 6080.0
v -1385.475830078125 459.6181640625 6080.0
v -60.69163513183594 -836.881591796875 6070.0
v -1385.475830078125 459.6181640625 6080.0
v -74.83377075195312 -851.023681640625 6120.0
v -1385.475830078125 459.6181640625 6120.0
v -74.83377075195312 -851.023681640625 6080.0
v -1385.475830078125 459.6181640625 6120.0
v -60.69163513183594 -836.881591796875 6130.0
v -1357.19140625 459.6181640625 6130.0
v -74.83377075195312 -851.023681640625 6120.0
v -46.54949951171875 -822.739501953125 6130.0
v -60.69163513183594 -836.881591796875 6130.0
v 636.84521484375 -1534.418212890625 6000.00048828125
v 636.8457641601562 -1520.27685546875 6000.00048828125
v 636.8439331054688 -1562.701416015625 6010.00048828125
v 636.84521484375 -1534.418212890625 6000.00048828125
v 636.8439331054688 -1562.701416015625 6050.00048828125
v 636.8439331054688 -1562.701416015625 6010.00048828125
v 636.84521484375 -1534.418212890625 6060.00048828125
v 636.8439331054688 -1562.701416015625 6050.00048828125
v 636.84521484375 -1534.418212890625 6070.00048828125
v 636.84521484375 -1534.418212890625 6060.00048828125
v 636.8439331054688 -1562.701416015625 6080.00048828125
v 636.84521484375 -1534.418212890625 6070.00048828125
v 636.8439331054688 -1562.701416015625 6120.00048828125
v 636.8439331054688 -1562.701416015625 6080.00048828125
v 636.84521484375 -1534.418212890625 6130.00048828125
v 636.8439331054688 -1562.701416015625 6120.00048828125
v 636.8463134765625 -1506.135498046875 6130.00048828125
v 636.84521484375 -1534.418212890625 6130.00048828125
v 785.3475952148438 -1385.941650390625 6000.00048828125
v 778.2764282226562 -1378.87060546875 6000.00048828125
v 636.84521484375 -1534.418212890625 6000.00048828125
v 799.4896850585938 -1400.083740234375 6010.00048828125
v 636.8439331054688 -1562.701416015625 6010.00048828125
v 785.3475952148438 -1385.941650390625 6000.00048828125
v 636.8439331054688 -1562.701416015625 6010.00048828125
v 799.4896850585938 -1400.083740234375 6050.00048828125
v 636.8439331054688 -1562.701416015625 6050.00048828125
v 799.4896850585938 -1400.083740234375 6010.00048828125
v 636.8439331054688 -1562.701416015625 6050.00048828125
v 785.3475952148438 -1385.941650390625 6060.00048828125
v 636.84521484375 -1534.418212890625 6060.00048828125
v 799.4896850585938 -1400.083740234375 6050.00048828125
v 636.84521484375 -1534.418212890625 6060.00048828125
v 785.3475952148438 -1385.941650390625 6070.00048828125
v 636.84521484375 -1534.418212890625 6070.00048828125
v 785.3475952148438 -1385.941650390625 6060.00048828125
v 636.84521484375 -1534.418212890625 6070.00048828125
v 799.4896850585938 -1400.083740234375 6080.00048828125
v 636.8439331054688 -1562.701416015625 6080.00048828125
v 785.3475952148438 -1385.941650390625 6070.00048828125
v 636.8439331054688 -1562.701416015625 6080.00048828125
v 799.4896850585938 -1400.083740234375 6120.00048828125
v 636.8439331054688 -1562.701416015625 6120.00048828125
v 799.4896850585938 -1400.083740234375 6080.00048828125
v 636.8439331054688 -1562.701416015625 6120.00048828125
v 785.3475952148438 -1385.941650390625 6130.00048828125
v 636.84521484375 -1534.418212890625 6130.00048828125
v 799.4896850585938 -1400.083740234375 6120.00048828125
v 771.2052612304688 -1371.799560546875 6130.00048828125
v 785.3475952148438 -1385.941650390625 6130.00048828125
v 926.8732299804688 -1244.3916015625 6000.0
v 919.6826782226562 -1237.43994140625 6000.0
v 941.2540893554688 -1258.294921875 6010.0
v 926.8732299804688 -1244.3916015625 6000.0
v 941.2540893554688 -1258.294921875 6050.0
v 941.2540893554688 -1258.294921875 6010.0
v 926.8732299804688 -1244.3916015625 6060.0
v 941.2540893554688 -1258.294921875 6050.0
v 926.8732299804688 -1244.3916015625 6070.0
v 926.8732299804688 -1244.3916015625 6060.0
v 941.2540893554688 -1258.294921875 6080.0
v 926.8732299804688 -1244.3916015625 6070.0
v 941.2540893554688 -1258.294921875 6120.0
v 941.2540893554688 -1258.294921875 6080.0
v 926.8732299804688 -1244.3916015625 6130.0
v 941.2540893554688 -1258.294921875 6120.0
v 912.4921264648438 -1230.48828125 6130.0
v 926.8732299804688 -1244.3916015625 6130.0
v 961.0349731445312 -1207.8466796875 6000.0
v 953.3999633789062 -1201.370361328125 6000.0
v 976.3048706054688 -1220.798828125 6010.0
v 961.0349731445312 -1207.8466796875 6000.0
v 976.3048706054688 -1220.798828125 6050.0
v 976.3048706054688 -1220.798828125 6010.0
v 961.0349731445312 -1207.8466796875 6060.0
v 976.3048706054688 -1220.798828125 6050.0
v 961.0349731445312 -1207.8466796875 6070.0
v 961.0349731445312 -1207.8466796875 6060.0
v 976.3048706054688 -1220.798828125 6080.0
v 961.0349731445312 -1207.8466796875 6070.0
v 976.3048706054688 -1220.798828125 6120.0
v 976.3048706054688 -1220.798828125 6080.0
v 961.0349731445312 -1207.8466796875 6130.0
v 976.3048706054688 -1220.798828125 6120.0
v 945.7650756835938 -1194.894287109375 6130.0
v 961.0349731445312 -1207.8466796875 6130.0
v 1022.5980834960938 -1127.73486328125 6000.0
v 1014.3085327148438 -1122.1103515625 6000.0
v 1039.177001953125 -1138.9833984375 6010.0
v 1022.5980834960938 -1127.73486328125 6000.0
v 1039.177001953125 -1138.9833984375 6050.0
v 1039.177001953125 -1138.9833984375 6010.0
v 1022.5980834960938 -1127.73486328125 6060.0
v 1039.177001953125 -1138.9833984375 6050.0
v 1022.5980834960938 -1127.73486328125 6070.0
v 1022.5980834960938 -1127.73486328125 6060.0
v 1039.177001953125 -1138.9833984375 6080.0
v 1022.5980834960938 -1127.73486328125 6070.0
v 1039.177001953125 -1138.9833984375 6120.0
v 1039.177001953125 -1138.9833984375 6080.0
v 1022.5980834960938 -1127.73486328125 6130.0
v 1039.177001953125 -1138.9833984375 6120.0
v 1006.0189819335938 -1116.486083984375 6130.0
v 1022.5980834960938 -1127.73486328125 6130.0
v 1075.381591796875 -1039.090576171875 6000.0
v 1066.515869140625 -1034.43359375 6000.0
v 1093.11279296875 -1048.404296875 6010.0
v 1075.381591796875 -1039.090576171875 6000.0
v 1093.11279296875 -1048.404296875 6050.0
v 1093.11279296875 -1048.404296875 6010.0
v 1075.381591796875 -1039.090576171875 6060.0
v 1093.11279296875 -1048.404296875 6050.0
v 1075.381591796875 -1039.090576171875 6070.0
v 1075.381591796875 -1039.090576171875 6060.0
v 1093.11279296875 -1048.404296875 6080.0
v 1075.381591796875 -1039.090576171875 6070.0
v 1093.11279296875 -1048.404296875 6120.0
v 1093.11279296875 -1048.404296875 6080.0
v 1075.381591796875 -1039.090576171875 6130.0
v 1093.11279296875 -1048.404296875 6120.0
v 1057.650146484375 -1029.776611328125 6130.0
v 1075.381591796875 -1039.090576171875 6130.0
v 1119.361572265625 -943.259765625 6000.0
v 1110.02197265625 -939.63525390625 6000.0
v 1138.0400390625 -950.509033203125 6010.0
v 1119.361572265625 -943.259765625 6000.0
v 1138.0400390625 -950.509033203125 6050.0
v 1138.0400390625 -950.509033203125 6010.0
v 1119.361572265625 -943.259765625 6060.0
v 1138.0400390625 -950.509033203125 6050.0
v 1119.361572265625 -943.259765625 6070.0
v 1119.361572265625 -943.259765625 6060.0
v 1138.0400390625 -950.509033203125 6080.0
v 1119.361572265625 -943.259765625 6070.0
v 1138.0400390625 -950.509033203125 6120.0
v 1138.0400390625 -950.509033203125 6080.0
v 1119.361572265625 -943.259765625 6130.0
v 1138.0400390625 -950.509033203125 6120.0
v 1100.6826171875 -936.0107421875 6130.0
v 1119.361572265625 -943.259765625 6130.0
v 1168.7197265625 -789.25 6000.0
v 1158.96630859375 -786.917236328125 6000.0
v 1188.226318359375 -793.916015625 6010.0
v 1168.7197265625 -789.25 6000.0
v 1188.226318359375 -793.916015625 6050.0
v 1188.226318359375 -793.916015625 6010.0
v 1168.7197265625 -789.25 6060.0
v 1188.226318359375 -793.916015625 6050.0
v 1168.7197265625 -789.25 6070.0
v 1168.7197265625 -789.25 6060.0
v 1188.226318359375 -793.916015625 6080.0
v 1168.7197265625 -789.25 6070.0
v 1188.226318359375 -793.916015625 6120.0
v 1188.226318359375 -793.916015625 6080.0
v 1168.7197265625 -789.25 6130.0
v 1188.226318359375 -793.916015625 6120.0
v 1149.213134765625 -784.584228515625 6130.0
v 1168.7197265625 -789.25 6130.0
v 1203.771484375 -571.250732421875 6000.0
v 1193.771240234375 -570.451904296875 6000.0
v 1223.771484375 -572.848388671875 6010.0
v 1203.771484375 -571.250732421875 6000.0
v 1223.771484375 -572.848388671875 6050.0
v 1223.771484375 -572.848388671875 6010.0
v 1203.771484375 -571.250732421875 6060.0
v 1223.771484375 -572.848388671875 6050.0
v 1203.771484375 -571.250732421875 6070.0
v 1203.771484375 -571.250732421875 6060.0
v 1223.771484375 -572.848388671875 6080.0
v 1203.771484375 -571.250732421875 6070.0
v 1223.771484375 -572.848388671875 6120.0
v 1223.771484375 -572.848388671875 6080.0
v 1203.771484375 -571.250732421875 6130.0
v 1223.771484375 -572.848388671875 6120.0
v 1183.771240234375 -569.653076171875 6130.0
v 1203.771484375 -571.250732421875 6130.0
v 1203.771484375 -348.00732421875 6000.0
v 1193.771240234375 -348.8060302734375 6000.0
v 1223.771484375 -346.40966796875 6010.0
v 1203.771484375 -348.00732421875 6000.0
v 1223.771484375 -346.40966796875 6050.0
v 1223.771484375 -346.40966796875 6010.0
v 1203.771240234375 -348.00732421875 6060.0
v 1223.771484375 -346.40966796875 6050.0
v 1203.771240234375 -348.00732421875 6070.0
v 1203.771240234375 -348.00732421875 6060.0
v 1223.771240234375 -346.40966796875 6080.0
v 1203.771240234375 -348.00732421875 6070.0
v 1223.771240234375 -346.40966796875 6120.0
v 1223.771240234375 -346.40966796875 6080.0
v 1203.771240234375 -348.00732421875 6130.0
v 1223.771240234375 -346.40966796875 6120.0
v 1183.771240234375 -349.6048583984375 6130.0
v 1203.771240234375 -348.00732421875 6130.0
v 1168.7197265625 -130.0057373046875 6000.0
v 1158.96630859375 -132.338623046875 6000.0
v 1188.226318359375 -125.33984375 6010.0
v 1168.7197265625 -130.0057373046875 6000.0
v 1188.226318359375 -125.33984375 6050.0
v 1188.226318359375 -125.33984375 6010.0
v 1168.7197265625 -130.0057373046875 6060.0
v 1188.226318359375 -125.33984375 6050.0
v 1168.7197265625 -130.0057373046875 6070.0
v 1168.7197265625 -130.0057373046875 6060.0
v 1188.226318359375 -125.33984375 6080.0
v 1168.7197265625 -130.0057373046875 6070.0
v 1188.226318359375 -125.33984375 6120.0
v 1188.226318359375 -125.33984375 6080.0
v 1168.7197265625 -130.0057373046875 6130.0
v 1188.226318359375 -125.33984375 6120.0
v 1149.212890625 -134.6715087890625 6130.0
v 1168.7197265625 -130.0057373046875 6130.0
v 1119.361328125 24.00732421875 6000.0
v 1110.02197265625 20.3826904296875 6000.0
v 1138.0400390625 31.25634765625 6010.0
v 1119.361328125 24.00732421875 6000.0
v 1138.0400390625 31.25634765625 6050.0
v 1138.0400390625 31.25634765625 6010.0
v 1119.361328125 24.00732421875 6060.0
v 1138.0400390625 31.25634765625 6050.0
v 1119.361328125 24.00732421875 6070.0
v 1119.361328125 24.00732421875 6060.0
v 1138.0400390625 31.25634765625 6080.0
v 1119.361328125 24.00732421875 6070.0
v 1138.0400390625 31.25634765625 6120.0
v 1138.0400390625 31.25634765625 6080.0
v 1119.361328125 24.00732421875 6130.0
v 1138.0400390625 31.25634765625 6120.0
v 1100.6826171875 16.7581787109375 6130.0
v 1119.361328125 24.00732421875 6130.0
v 1075.38134765625 119.8406982421875 6000.0
v 1066.515869140625 115.1839599609375 6000.0
v 1093.11279296875 129.1541748046875 6010.0
v 1075.38134765625 119.8406982421875 6000.0
v 1093.11279296875 129.1541748046875 6050.0
v 1093.11279296875 129.1541748046875 6010.0
v 1075.38134765625 119.8406982421875 6060.0
v 1093.11279296875 129.1541748046875 6050.0
v 1075.38134765625 119.8406982421875 6070.0
v 1075.38134765625 119.8406982421875 6060.0
v 1093.11279296875 129.1541748046875 6080.0
v 1075.38134765625 119.8406982421875 6070.0
v 1093.11279296875 129.1541748046875 6120.0
v 1093.11279296875 129.1541748046875 6080.0
v 1075.38134765625 119.8406982421875 6130.0
v 1093.11279296875 129.1541748046875 6120.0
v 1057.650146484375 110.527099609375 6130.0
v 1075.38134765625 119.8406982421875 6130.0
v 1022.5980834960938 208.4881591796875 6000.0
v 1014.3085327148438 202.864013671875 6000.0
v 1039.177490234375 219.7364501953125 6010.0
v 1022.5980834960938 208.4881591796875 6000.0
v 1039.177490234375 219.7364501953125 6050.0
v 1039.177490234375 219.7364501953125 6010.0
v 1022.5980834960938 208.4881591796875 6060.0
v 1039.177490234375 219.7364501953125 6050.0
v 1022.5980834960938 208.4881591796875 6070.0
v 1022.5980834960938 208.4881591796875 6060.0
v 1039.177490234375 219.7364501953125 6080.0
v 1022.5980834960938 208.4881591796875 6070.0
v 1039.177490234375 219.7364501953125 6120.0
v 1039.177490234375 219.7364501953125 6080.0
v 1022.5980834960938 208.4881591796875 6130.0
v 1039.177490234375 219.7364501953125 6120.0
v 1006.0188598632812 197.23974609375 6130.0
v 1022.5980834960938 208.4881591796875 6130.0
v 961.0349731445312 288.60400390625 6000.0
v 953.3998413085938 282.128173828125 6000.0
v 976.3053588867188 301.555908203125 6010.0
v 961.0349731445312 288.60400390625 6000.0
v 976.3053588867188 301.555908203125 6050.0
v 976.3053588867188 301.555908203125 6010.0
v 961.0349731445312 288.60400390625 6060.0
v 976.3053588867188 301.555908203125 6050.0
v 961.0349731445312 288.60400390625 6070.0
v 961.0349731445312 288.60400390625 6060.0
v 976.3053588867188 301.555908203125 6080.0
v 961.0349731445312 288.60400390625 6070.0
v 976.3053588867188 301.555908203125 6120.0
v 976.3053588867188 301.555908203125 6080.0
v 961.0349731445312 288.60400390625 6130.0
v 976.3053588867188 301.555908203125 6120.0
v 945.7648315429688 275.6522216796875 6130.0
v 961.0349731445312 288.60400390625 6130.0
v 926.8728637695312 325.1514892578125 6000.0
v 919.6825561523438 318.19970703125 6000.0
v 941.2534790039062 339.05517578125 6010.0
v 926.8728637695312 325.1514892578125 6000.0
v 941.2534790039062 339.05517578125 6050.0
v 941.2534790039062 339.05517578125 6010.0
v 926.8728637695312 325.1514892578125 6060.0
v 941.2534790039062 339.05517578125 6050.0
v 926.8728637695312 325.1514892578125 6070.0
v 926.8728637695312 325.1514892578125 6060.0
v 941.2534790039062 339.05517578125 6080.0
v 926.8728637695312 325.1514892578125 6070.0
v 941.2534790039062 339.05517578125 6120.0
v 941.2534790039062 339.05517578125 6080.0
v 926.8728637695312 325.1514892578125 6130.0
v 941.2534790039062 339.05517578125 6120.0
v 912.4922485351562 311.2479248046875 6130.0
v 926.8728637695312 325.1514892578125 6130.0
v 776.9490356445312 475.0755615234375 6000.0
v 769.8778686523438 468.00439453125 6000.0
v 791.0911254882812 489.2176513671875 6010.0
v 776.9490356445312 475.0755615234375 6000.0
v 791.0911254882812 489.2176513671875 6050.0
v 791.0911254882812 489.2176513671875 6010.0
v 776.9490356445312 475.0755615234375 6060.0
v 791.0911254882812 489.2176513671875 6050.0
v 776.9490356445312 475.0755615234375 6070.0
v 776.9490356445312 475.0755615234375 6060.0
v 791.0911254882812 489.2176513671875 6080.0
v 776.9490356445312 475.0755615234375 6070.0
v 791.0911254882812 489.2176513671875 6120.0
v 791.0911254882812 489.2176513671875 6080.0
v 776.9490356445312 475.0755615234375 6130.0
v 791.0911254882812 489.2176513671875 6120.0
v 762.8067016601562 460.9332275390625 6130.0
v 776.9490356445312 475.0755615234375 6130.0
v -282.3926696777344 1562.7012939453125 6010.0
v -282.3926696777344 1534.4171142578125 6000.0
v -282.3926696777344 1562.701416015625 6050.0
v -282.3926696777344 1562.7012939453125 6010.0
v -282.3926696777344 1534.4171142578125 6060.0
v -282.3926696777344 1562.701416015625 6050.0
v -282.3926696777344 1534.4171142578125 6070.0
v -282.3926696777344 1534.4171142578125 6060.0
v -282.3926696777344 1562.701416015625 6080.0
v -282.3926696777344 1534.4171142578125 6070.0
v -282.3926696777344 1562.701416015625 6120.0
v -282.3926696777344 1562.701416015625 6080.0
v -282.3926696777344 1534.4171142578125 6130.0
v -282.3926696777344 1562.701416015625 6120.0
v -53.62054443359375 -829.810546875 6000.0
v -282.3926696777344 1520.27490234375 6000.0
v -1343.04931640625 459.6181640625 6000.0
v 636.8457641601562 -1520.27685546875 6000.00048828125
v 769.8778686523438 468.00439453125 6000.0
v 778.2764282226562 -1378.87060546875 6000.00048828125
v 919.6826782226562 -1237.43994140625 6000.0
v 919.6825561523438 318.19970703125 6000.0
v 953.3999633789062 -1201.370361328125 6000.0
v 953.3998413085938 282.128173828125 6000.0
v 1014.3085327148438 -1122.1103515625 6000.0
v 1014.3085327148438 202.864013671875 6000.0
v 1066.515869140625 -1034.43359375 6000.0
v 1066.515869140625 115.1839599609375 6000.0
v 1110.02197265625 -939.63525390625 6000.0
v 1110.02197265625 20.3826904296875 6000.0
v 1158.96630859375 -786.917236328125 6000.0
v 1158.96630859375 -132.338623046875 6000.0
v 1193.771240234375 -570.451904296875 6000.0
v 1193.771240234375 -348.8060302734375 6000.0
v -260.68829345703125 1522.30078125 -0.7355682253837585
v -1321.344970703125 461.64404296875 -0.7355218529701233
v -260.68829345703125 1522.30078125 9.264431953430176
v -1321.344970703125 461.64404296875 9.264477729797363
v -1321.344970703125 461.64404296875 -0.7355218529701233
v 658.5499267578125 -1518.250732421875 -0.7352622151374817
v -1321.344970703125 461.64404296875 9.264477729797363
v 658.5499267578125 -1518.250732421875 9.264738082885742
v 658.5501098632812 -1518.2509765625 -0.7352622151374817
v 799.9807739257812 -1376.8447265625 -0.7352684140205383
v 658.5501098632812 -1518.2509765625 9.264737129211426
v 799.9807739257812 -1376.8447265625 9.264731407165527
v 941.3870239257812 -1235.4140625 -0.735274612903595
v 941.3870239257812 -1235.4140625 9.264724731445312
v 975.1043090820312 -1199.344482421875 -0.7352762818336487
v 975.1043090820312 -1199.344482421875 9.26472282409668
v 1036.012939453125 -1120.08447265625 -0.7352805137634277
v 1036.012939453125 -1120.08447265625 9.26471996307373
v 1088.22021484375 -1032.40771484375 -0.7352859377861023
v 1088.22021484375 -1032.40771484375 9.264715194702148
v 1131.726318359375 -937.609375 -0.7352923154830933
v 1131.726318359375 -937.609375 9.264708518981934
v 1180.670654296875 -784.891357421875 -0.735303521156311
v 1180.670654296875 -784.891357421875 9.264697074890137
v 1215.4755859375 -568.426025390625 -0.7353209257125854
v 1215.4755859375 -568.426025390625 9.264679908752441
v 1215.4755859375 -346.7801513671875 -0.7353403568267822
v 1215.4755859375 -346.7801513671875 9.264660835266113
v 1180.670654296875 -130.312744140625 -0.7353607416152954
v 1180.670654296875 -130.312744140625 9.264639854431152
v 1131.726318359375 22.40869140625 -0.735376238822937
v 1131.726318359375 22.40869140625 9.26462459564209
v 1088.22021484375 117.2098388671875 -0.7353864312171936
v 1088.22021484375 117.2098388671875 9.264615058898926
v 1036.012939453125 204.889892578125 -0.7353963851928711
v 1036.012939453125 204.889892578125 9.264604568481445
v 975.1041870117188 284.154052734375 -0.7354059815406799
v 975.1041870117188 284.154052734375 9.264595031738281
v 941.3869018554688 320.2255859375 -0.7354106307029724
v 941.3869018554688 320.2255859375 9.264589309692383
v 941.3869018554688 320.2255859375 -0.7354106307029724
v 882.9375610351562 377.49560546875 -0.7354181408882141
v 941.3869018554688 320.2255859375 9.264588356018066
v 882.9375610351562 377.49560546875 9.264582633972168
v 819.7390747070312 441.4803466796875 -0.7354265451431274
v 819.7390747070312 441.4803466796875 9.264575004577637
v 788.1398315429688 473.47265625 -0.7354307174682617
v 788.1398315429688 473.47265625 9.264569282531738
v -260.68829345703125 1522.30078125 -0.7355682253837585
v -260.68829345703125 1522.30078125 9.264431953430176
v 1050.9658203125 -1337.84716796875 399.26470947265625
v 1089.62890625 -1296.486572265625 389.26470947265625
v 1050.9658203125 -1337.84716796875 389.26470947265625
v 1089.62890625 -1296.486572265625 399.26470947265625
v 1050.9658203125 -1337.84716796875 389.26470947265625
v 1104.89892578125 -1309.438720703125 389.26470947265625
v 1065.576171875 -1351.504638671875 389.26470947265625
v 1089.62890625 -1296.486572265625 389.26470947265625
v 1065.576171875 -1351.504638671875 389.26470947265625
v 1104.89892578125 -1309.438720703125 399.26470947265625
v 1065.576171875 -1351.504638671875 399.26470947265625
v 1104.89892578125 -1309.438720703125 389.26470947265625
v 1065.576171875 -1351.504638671875 399.26470947265625
v 1089.62890625 -1296.486572265625 399.26470947265625
v 1050.9658203125 -1337.84716796875 399.26470947265625
v 1104.89892578125 -1309.438720703125 399.26470947265625
v 1160.35595703125 -1204.44970703125 389.26470947265625
v 1160.35595703125 -1204.44970703125 399.26470947265625
v 1176.93505859375 -1215.698486328125 389.26470947265625
v 1160.35595703125 -1204.44970703125 389.26470947265625
v 1176.93505859375 -1215.698486328125 399.26470947265625
v 1176.93505859375 -1215.698486328125 389.26470947265625
v 1160.35595703125 -1204.44970703125 399.26470947265625
v 1176.93505859375 -1215.698486328125 399.26470947265625
v 1221.204345703125 -1102.260986328125 389.26470947265625
v 1221.204345703125 -1102.260986328125 399.26470947265625
v 1238.935546875 -1111.574951171875 389.26470947265625
v 1221.204345703125 -1102.260986328125 389.26470947265625
v 1238.935546875 -1111.574951171875 399.26470947265625
v 1238.935546875 -1111.574951171875 389.26470947265625
v 1221.204345703125 -1102.260986328125 399.26470947265625
v 1238.935546875 -1111.574951171875 399.26470947265625
v 1271.817138671875 -991.97802734375 389.2646789550781
v 1271.817138671875 -991.97802734375 399.2646789550781
v 1290.495849609375 -999.22705078125 389.2646789550781
v 1271.817138671875 -991.97802734375 389.2646789550781
v 1290.495849609375 -999.22705078125 399.2646789550781
v 1290.495849609375 -999.22705078125 389.2646789550781
v 1271.817138671875 -991.97802734375 399.2646789550781
v 1290.495849609375 -999.22705078125 399.2646789550781
v 1326.970703125 -819.885498046875 389.2646789550781
v 1326.970703125 -819.885498046875 399.2646789550781
v 1346.477294921875 -824.551513671875 389.2646789550781
v 1326.970703125 -819.885498046875 389.2646789550781
v 1346.477294921875 -824.551513671875 399.2646789550781
v 1346.477294921875 -824.551513671875 389.2646789550781
v 1326.970703125 -819.885498046875 399.2646789550781
v 1346.477294921875 -824.551513671875 399.2646789550781
v 1365.4755859375 -580.408203125 389.2646484375
v 1365.4755859375 -580.408203125 399.2646484375
v 1385.475830078125 -582.005859375 389.2646484375
v 1365.4755859375 -580.408203125 389.2646484375
v 1385.475830078125 -582.005859375 399.2646484375
v 1385.475830078125 -582.005859375 389.2646484375
v 1365.4755859375 -580.408203125 399.2646484375
v 1385.475830078125 -582.005859375 399.2646484375
v 1365.4755859375 -334.7982177734375 389.2646179199219
v 1365.4755859375 -334.7982177734375 399.2646179199219
v 1385.475830078125 -333.20068359375 389.2646179199219
v 1365.4755859375 -334.7982177734375 389.2646179199219
v 1385.475830078125 -333.20068359375 399.2646179199219
v 1385.475830078125 -333.20068359375 389.2646179199219
v 1365.4755859375 -334.7982177734375 399.2646179199219
v 1385.475830078125 -333.20068359375 399.2646179199219
v 1326.970703125 -95.3189697265625 389.2646179199219
v 1326.970703125 -95.3189697265625 399.2646179199219
v 1346.4775390625 -90.6531982421875 389.2646179199219
v 1326.970703125 -95.3189697265625 389.2646179199219
v 1346.4775390625 -90.6531982421875 399.2646179199219
v 1346.4775390625 -90.6531982421875 389.2646179199219
v 1326.970703125 -95.3189697265625 399.2646179199219
v 1346.4775390625 -90.6531982421875 399.2646179199219
v 1271.8173828125 76.7760009765625 389.26458740234375
v 1271.8173828125 76.7760009765625 399.26458740234375
v 1290.496337890625 84.0250244140625 389.26458740234375
v 1271.8173828125 76.7760009765625 389.26458740234375
v 1290.496337890625 84.0250244140625 399.26458740234375
v 1290.496337890625 84.0250244140625 389.26458740234375
v 1271.8173828125 76.7760009765625 399.26458740234375
v 1290.496337890625 84.0250244140625 399.26458740234375
v 1221.205322265625 187.0614013671875 389.26458740234375
v 1221.205322265625 187.0614013671875 399.26458740234375
v 1238.9365234375 196.375 389.26458740234375
v 1221.205322265625 187.0614013671875 389.26458740234375
v 1238.9365234375 196.375 399.26458740234375
v 1238.9365234375 196.375 389.26458740234375
v 1221.205322265625 187.0614013671875 399.26458740234375
v 1238.9365234375 196.375 399.26458740234375
v 1160.357666015625 289.2525634765625 389.26458740234375
v 1160.357666015625 289.2525634765625 399.26458740234375
v 1176.93701171875 300.5009765625 389.2645568847656
v 1160.357666015625 289.2525634765625 389.26458740234375
v 1176.93701171875 300.5009765625 399.2645568847656
v 1176.93701171875 300.5009765625 389.2645568847656
v 1160.357666015625 289.2525634765625 399.26458740234375
v 1176.93701171875 300.5009765625 399.2645568847656
v 1089.63134765625 381.29296875 389.2645568847656
v 1089.63134765625 381.29296875 399.2645568847656
v 1104.901611328125 394.244873046875 389.2645568847656
v 1089.63134765625 381.29296875 389.2645568847656
v 1104.901611328125 394.244873046875 399.2645568847656
v 1104.901611328125 394.244873046875 389.2645568847656
v 1089.63134765625 381.29296875 399.2645568847656
v 1104.901611328125 394.244873046875 399.2645568847656
v 1050.968505859375 422.6553955078125 389.2645568847656
v 1050.968505859375 422.6553955078125 399.2645568847656
v 1065.57958984375 436.3126220703125 389.2645568847656
v 1050.968505859375 422.6553955078125 389.2645568847656
v 1065.57958984375 436.3126220703125 399.2645568847656
v 1065.57958984375 436.3126220703125 389.2645568847656
v 1050.968505859375 422.6553955078125 399.2645568847656
v 1065.57958984375 436.3126220703125 399.2645568847656
v 1050.9658203125 -1337.84716796875 389.26470947265625
v 1065.576171875 -1351.504638671875 389.26470947265625
v 1050.9658203125 -1337.84716796875 399.26470947265625
v 1065.576171875 -1351.504638671875 399.26470947265625
v 1050.968505859375 422.6553955078125 399.2645568847656
v 1065.57958984375 436.3126220703125 389.2645568847656
v 1050.968505859375 422.6553955078125 389.2645568847656
v 1065.57958984375 436.3126220703125 399.2645568847656
v 992.5237426757812 -1283.216064453125 399.26470947265625
v 1028.549072265625 -1244.677490234375 389.26470947265625
v 992.5237426757812 -1283.216064453125 389.26470947265625
v 1028.549072265625 -1244.677490234375 399.26470947265625
v 992.5237426757812 -1283.216064453125 389.26470947265625
v 1043.819091796875 -1257.6298828125 389.26470947265625
v 1007.1343383789062 -1296.873779296875 389.26470947265625
v 1028.549072265625 -1244.677490234375 389.26470947265625
v 1007.1343383789062 -1296.873779296875 389.26470947265625
v 1043.819091796875 -1257.6298828125 399.26470947265625
v 1007.1343383789062 -1296.873779296875 399.26470947265625
v 1043.819091796875 -1257.6298828125 389.26470947265625
v 1007.1343383789062 -1296.873779296875 399.26470947265625
v 1028.549072265625 -1244.677490234375 399.26470947265625
v 992.5237426757812 -1283.216064453125 399.26470947265625
v 1043.819091796875 -1257.6298828125 399.26470947265625
v 1094.03955078125 -1159.454833984375 389.26470947265625
v 1094.03955078125 -1159.454833984375 399.26470947265625
v 1110.61865234375 -1170.70361328125 389.26470947265625
v 1094.03955078125 -1159.454833984375 389.26470947265625
v 1110.61865234375 -1170.70361328125 399.26470947265625
v 1110.61865234375 -1170.70361328125 389.26470947265625
v 1094.03955078125 -1159.454833984375 399.26470947265625
v 1110.61865234375 -1170.70361328125 399.26470947265625
v 1150.279541015625 -1065.006103515625 389.2646789550781
v 1150.279541015625 -1065.006103515625 399.2646789550781
v 1168.0107421875 -1074.31982421875 389.2646789550781
v 1150.279541015625 -1065.006103515625 389.2646789550781
v 1168.0107421875 -1074.31982421875 399.2646789550781
v 1168.0107421875 -1074.31982421875 389.2646789550781
v 1150.279541015625 -1065.006103515625 399.2646789550781
v 1168.0107421875 -1074.31982421875 399.2646789550781
v 1197.10205078125 -962.9814453125 389.2646789550781
v 1197.10205078125 -962.9814453125 399.2646789550781
v 1215.78076171875 -970.230712890625 389.2646789550781
v 1197.10205078125 -962.9814453125 389.2646789550781
v 1215.78076171875 -970.230712890625 399.2646789550781
v 1215.78076171875 -970.230712890625 389.2646789550781
v 1197.10205078125 -962.9814453125 399.2646789550781
v 1215.78076171875 -970.230712890625 399.2646789550781
v 1248.944091796875 -801.221923828125 389.2646789550781
v 1248.944091796875 -801.221923828125 399.2646789550781
v 1268.45068359375 -805.887939453125 389.2646789550781
v 1248.944091796875 -801.221923828125 389.2646789550781
v 1268.45068359375 -805.887939453125 399.2646789550781
v 1268.45068359375 -805.887939453125 389.2646789550781
v 1248.944091796875 -801.221923828125 399.2646789550781
v 1268.45068359375 -805.887939453125 399.2646789550781
v 1285.4755859375 -574.017578125 389.2646484375
v 1285.4755859375 -574.017578125 399.2646484375
v 1305.4755859375 -575.615234375 389.2646484375
v 1285.4755859375 -574.017578125 389.2646484375
v 1305.4755859375 -575.615234375 399.2646484375
v 1305.4755859375 -575.615234375 389.2646484375
v 1285.4755859375 -574.017578125 399.2646484375
v 1305.4755859375 -575.615234375 399.2646484375
v 1285.4755859375 -341.1885986328125 389.2646179199219
v 1285.4755859375 -341.1885986328125 399.2646179199219
v 1305.4755859375 -339.591064453125 389.2646179199219
v 1285.4755859375 -341.1885986328125 389.2646179199219
v 1305.4755859375 -339.591064453125 399.2646179199219
v 1305.4755859375 -339.591064453125 389.2646179199219
v 1285.4755859375 -341.1885986328125 399.2646179199219
v 1305.4755859375 -339.591064453125 399.2646179199219
v 1248.944091796875 -113.982421875 389.2646179199219
v 1248.944091796875 -113.982421875 399.2646179199219
v 1268.45068359375 -109.31640625 389.2646179199219
v 1248.944091796875 -113.982421875 389.2646179199219
v 1268.45068359375 -109.31640625 399.2646179199219
v 1268.45068359375 -109.31640625 389.2646179199219
v 1248.944091796875 -113.982421875 399.2646179199219
v 1268.45068359375 -109.31640625 399.2646179199219
v 1197.102294921875 47.7801513671875 389.26458740234375
v 1197.102294921875 47.7801513671875 399.26458740234375
v 1215.781005859375 55.029052734375 389.26458740234375
v 1197.102294921875 47.7801513671875 389.26458740234375
v 1215.781005859375 55.029052734375 399.26458740234375
v 1215.781005859375 55.029052734375 389.26458740234375
v 1197.102294921875 47.7801513671875 399.26458740234375
v 1215.781005859375 55.029052734375 399.26458740234375
v 1150.280029296875 149.8072509765625 389.26458740234375
v 1150.280029296875 149.8072509765625 399.26458740234375
v 1168.01123046875 159.120849609375 389.26458740234375
v 1150.280029296875 149.8072509765625 389.26458740234375
v 1168.01123046875 159.120849609375 399.26458740234375
v 1168.01123046875 159.120849609375 389.26458740234375
v 1150.280029296875 149.8072509765625 399.26458740234375
v 1168.01123046875 159.120849609375 399.26458740234375
v 1094.04052734375 244.259033203125 389.26458740234375
v 1094.04052734375 244.259033203125 399.26458740234375
v 1110.61962890625 255.5074462890625 389.26458740234375
v 1094.04052734375 244.259033203125 389.26458740234375
v 1110.61962890625 255.5074462890625 399.26458740234375
v 1110.61962890625 255.5074462890625 389.26458740234375
v 1094.04052734375 244.259033203125 399.26458740234375
v 1110.61962890625 255.5074462890625 399.26458740234375
v 1028.55029296875 329.485595703125 389.2645568847656
v 1028.55029296875 329.485595703125 399.2645568847656
v 1043.820556640625 342.4373779296875 389.2645568847656
v 1028.55029296875 329.485595703125 389.2645568847656
v 1043.820556640625 342.4373779296875 399.2645568847656
v 1043.820556640625 342.4373779296875 389.2645568847656
v 1028.55029296875 329.485595703125 399.2645568847656
v 1043.820556640625 342.4373779296875 399.2645568847656
v 992.5249633789062 368.026123046875 389.2645568847656
v 992.5249633789062 368.026123046875 399.2645568847656
v 1007.1359252929688 381.683349609375 389.2645568847656
v 992.5249633789062 368.026123046875 389.2645568847656
v 1007.1359252929688 381.683349609375 399.2645568847656
v 1007.1359252929688 381.683349609375 389.2645568847656
v 992.5249633789062 368.026123046875 399.2645568847656
v 1007.1359252929688 381.683349609375 399.2645568847656
v 992.5237426757812 -1283.216064453125 389.26470947265625
v 1007.1343383789062 -1296.873779296875 389.26470947265625
v 992.5237426757812 -1283.216064453125 399.26470947265625
v 1007.1343383789062 -1296.873779296875 399.26470947265625
v 992.5249633789062 368.026123046875 399.2645568847656
v 1007.1359252929688 381.683349609375 389.2645568847656
v 992.5249633789062 368.026123046875 389.2645568847656
v 1007.1359252929688 381.683349609375 399.2645568847656
v 926.7765502929688 -1221.75634765625 399.26470947265625
v 959.8344116210938 -1186.392333984375 389.26470947265625
v 926.7765502929688 -1221.75634765625 389.26470947265625
v 959.8344116210938 -1186.392333984375 399.26470947265625
v 926.7765502929688 -1221.75634765625 389.26470947265625
v 975.1043090820312 -1199.344482421875 389.26470947265625
v 941.3870239257812 -1235.4140625 389.26470947265625
v 959.8344116210938 -1186.392333984375 389.26470947265625
v 941.3870239257812 -1235.4140625 389.26470947265625
v 975.1043090820312 -1199.344482421875 399.26470947265625
v 941.3870239257812 -1235.4140625 399.26470947265625
v 975.1043090820312 -1199.344482421875 389.26470947265625
v 941.3870239257812 -1235.4140625 399.26470947265625
v 959.8344116210938 -1186.392333984375 399.26470947265625
v 926.7765502929688 -1221.75634765625 399.26470947265625
v 975.1043090820312 -1199.344482421875 399.26470947265625
v 1019.4337768554688 -1108.835693359375 389.26470947265625
v 1019.4337768554688 -1108.835693359375 399.26470947265625
v 1036.012939453125 -1120.08447265625 389.26470947265625
v 1019.4337768554688 -1108.835693359375 389.26470947265625
v 1036.012939453125 -1120.08447265625 399.26470947265625
v 1036.012939453125 -1120.08447265625 389.26470947265625
v 1019.4337768554688 -1108.835693359375 399.26470947265625
v 1036.012939453125 -1120.08447265625 399.26470947265625
v 1070.489013671875 -1023.093994140625 389.2646789550781
v 1070.489013671875 -1023.093994140625 399.2646789550781
v 1088.22021484375 -1032.40771484375 389.2646789550781
v 1070.489013671875 -1023.093994140625 389.2646789550781
v 1088.22021484375 -1032.40771484375 399.2646789550781
v 1088.22021484375 -1032.40771484375 389.2646789550781
v 1070.489013671875 -1023.093994140625 399.2646789550781
v 1088.22021484375 -1032.40771484375 399.2646789550781
v 1113.047607421875 -930.3603515625 389.2646789550781
v 1113.047607421875 -930.3603515625 399.2646789550781
v 1131.726318359375 -937.609375 389.2646789550781
v 1113.047607421875 -930.3603515625 389.2646789550781
v 1131.726318359375 -937.609375 399.2646789550781
v 1131.726318359375 -937.609375 389.2646789550781
v 1113.047607421875 -930.3603515625 399.2646789550781
v 1131.726318359375 -937.609375 399.2646789550781
v 1161.1640625 -780.225341796875 389.2646789550781
v 1161.1640625 -780.225341796875 399.2646789550781
v 1180.670654296875 -784.891357421875 389.2646789550781
v 1161.1640625 -780.225341796875 389.2646789550781
v 1180.670654296875 -784.891357421875 399.2646789550781
v 1180.670654296875 -784.891357421875 389.2646789550781
v 1161.1640625 -780.225341796875 399.2646789550781
v 1180.670654296875 -784.891357421875 399.2646789550781
v 1195.475830078125 -566.828369140625 389.2646484375
v 1195.475830078125 -566.828369140625 399.2646484375
v 1215.4755859375 -568.426025390625 389.2646484375
v 1195.475830078125 -566.828369140625 389.2646484375
v 1215.4755859375 -568.426025390625 399.2646484375
v 1215.4755859375 -568.426025390625 389.2646484375
v 1195.475830078125 -566.828369140625 399.2646484375
v 1215.4755859375 -568.426025390625 399.2646484375
v 1195.475830078125 -348.3778076171875 389.2646179199219
v 1195.475830078125 -348.3778076171875 399.2646179199219
v 1215.4755859375 -346.7801513671875 389.2646179199219
v 1195.475830078125 -348.3778076171875 389.2646179199219
v 1215.4755859375 -346.7801513671875 399.2646179199219
v 1215.4755859375 -346.7801513671875 389.2646179199219
v 1195.475830078125 -348.3778076171875 399.2646179199219
v 1215.4755859375 -346.7801513671875 399.2646179199219
v 1161.1640625 -134.978515625 389.2646179199219
v 1161.1640625 -134.978515625 399.2646179199219
v 1180.670654296875 -130.312744140625 389.2646179199219
v 1161.1640625 -134.978515625 389.2646179199219
v 1180.670654296875 -130.312744140625 399.2646179199219
v 1180.670654296875 -130.312744140625 389.2646179199219
v 1161.1640625 -134.978515625 399.2646179199219
v 1180.670654296875 -130.312744140625 399.2646179199219
v 1113.04736328125 15.1595458984375 389.26458740234375
v 1113.04736328125 15.1595458984375 399.26458740234375
v 1131.726318359375 22.40869140625 389.26458740234375
v 1113.04736328125 15.1595458984375 389.26458740234375
v 1131.726318359375 22.40869140625 399.26458740234375
v 1131.726318359375 22.40869140625 389.26458740234375
v 1113.04736328125 15.1595458984375 399.26458740234375
v 1131.726318359375 22.40869140625 399.26458740234375
v 1070.48876953125 107.896240234375 389.26458740234375
v 1070.48876953125 107.896240234375 399.26458740234375
v 1088.22021484375 117.2098388671875 389.26458740234375
v 1070.48876953125 107.896240234375 389.26458740234375
v 1088.22021484375 117.2098388671875 399.26458740234375
v 1088.22021484375 117.2098388671875 389.26458740234375
v 1070.48876953125 107.896240234375 399.26458740234375
v 1088.22021484375 117.2098388671875 399.26458740234375
v 1019.4335327148438 193.6414794921875 389.26458740234375
v 1019.4335327148438 193.6414794921875 399.26458740234375
v 1036.012939453125 204.889892578125 389.26458740234375
v 1019.4335327148438 193.6414794921875 389.26458740234375
v 1036.012939453125 204.889892578125 399.26458740234375
v 1036.012939453125 204.889892578125 389.26458740234375
v 1019.4335327148438 193.6414794921875 399.26458740234375
v 1036.012939453125 204.889892578125 399.26458740234375
v 959.8339233398438 271.2021484375 389.26458740234375
v 959.8339233398438 271.2021484375 399.26458740234375
v 975.1041870117188 284.154052734375 389.26458740234375
v 959.8339233398438 271.2021484375 389.26458740234375
v 975.1041870117188 284.154052734375 399.26458740234375
v 975.1041870117188 284.154052734375 389.26458740234375
v 959.8339233398438 271.2021484375 399.26458740234375
v 975.1041870117188 284.154052734375 399.26458740234375
v 926.7760620117188 306.568359375 389.2645568847656
v 926.7760620117188 306.568359375 399.2645568847656
v 941.3869018554688 320.2255859375 389.2645568847656
v 926.7760620117188 306.568359375 389.2645568847656
v 941.3869018554688 320.2255859375 399.2645568847656
v 941.3869018554688 320.2255859375 389.2645568847656
v 926.7760620117188 306.568359375 399.2645568847656
v 941.3869018554688 320.2255859375 399.2645568847656
v 926.7765502929688 -1221.75634765625 389.26470947265625
v 941.3870239257812 -1235.4140625 389.26470947265625
v 926.7765502929688 -1221.75634765625 399.26470947265625
v 941.3870239257812 -1235.4140625 399.26470947265625
v 926.7760620117188 306.568359375 399.2645568847656
v 941.3869018554688 320.2255859375 389.2645568847656
v 926.7760620117188 306.568359375 389.2645568847656
v 941.3869018554688 320.2255859375 399.2645568847656
v 658.5501098632812 -1518.2509765625 9.264738082885742
v -260.68829345703125 1522.30078125 9.264431953430176
v -1321.344970703125 461.64404296875 9.264477729797363
v 799.9807739257812 -1376.8447265625 9.264732360839844
v 788.1398315429688 473.47265625 9.264569282531738
v 941.3870239257812 -1235.4140625 9.264725685119629
v 941.3869018554688 320.2255859375 9.264589309692383
v 882.9375610351562 377.49560546875 9.264581680297852
v 819.7390747070312 441.4803466796875 9.26457405090332
v 975.1043090820312 -1199.344482421875 9.264723777770996
v 975.1041870117188 284.154052734375 9.264594078063965
v 1036.012939453125 -1120.08447265625 9.264719009399414
v 1036.012939453125 204.889892578125 9.264603614807129
v 1088.22021484375 -1032.40771484375 9.264714241027832
v 1088.22021484375 117.2098388671875 9.26461410522461
v 1131.726318359375 -937.609375 9.264707565307617
v 1131.726318359375 22.40869140625 9.264623641967773
v 1180.670654296875 -784.891357421875 9.26469612121582
v 1180.670654296875 -130.312744140625 9.264638900756836
v 1215.4755859375 -568.426025390625 9.264678955078125
v 1215.4755859375 -346.7801513671875 9.264659881591797
v 894.4387817382812 -1186.0732421875 378.0080871582031
v 1071.147705078125 -1362.904296875 378.0080871582031
v 894.4387817382812 -1186.0732421875 408.00811767578125
v 1071.147705078125 -1362.904296875 408.00811767578125
v 1071.147705078125 -1362.904296875 378.0080871582031
v 1085.283447265625 -1348.75634765625 378.0080871582031
v 1071.147705078125 -1362.904296875 408.00811767578125
v 1085.283447265625 -1348.75634765625 408.00811767578125
v 1085.283447265625 -1348.75634765625 378.0080871582031
v 908.5623168945312 -1171.9130859375 378.0080871582031
v 1085.283447265625 -1348.75634765625 408.00811767578125
v 908.5623168945312 -1171.9130859375 408.00811767578125
v 1071.147705078125 -1362.904296875 408.00811767578125
v 965.1223754882812 -1228.51220703125 408.00811767578125
v 950.9817504882812 -1242.640625 408.00811767578125
v 1085.283447265625 -1348.75634765625 408.00811767578125
v 894.4461059570312 -1186.06591796875 408.00811767578125
v 774.2605590820312 -1065.79736328125 408.0080871582031
v 788.4085083007812 -1051.66162109375 408.0080871582031
v 908.5623168945312 -1171.9130859375 408.00811767578125
v 774.2605590820312 -1065.79736328125 408.0080871582031
v 950.9817504882812 -1242.640625 408.00811767578125
v 774.2605590820312 -1065.79736328125 828.0081176757812
v 950.9817504882812 -1242.640625 828.0081176757812
v 950.9817504882812 -1242.640625 408.00811767578125
v 965.1296997070312 -1228.5048828125 408.00811767578125
v 950.9817504882812 -1242.640625 828.0079956054688
v 965.1296997070312 -1228.5048828125 828.0079956054688
v 965.1296997070312 -1228.5048828125 408.00811767578125
v 788.4083862304688 -1051.66162109375 408.0080871582031
v 965.1296997070312 -1228.5048828125 828.0079956054688
v 788.4083862304688 -1051.66162109375 828.0079956054688
v 950.9817504882812 -1242.640625 828.0081176757812
v 788.4083862304688 -1051.66162109375 828.0081176757812
v 774.2605590820312 -1065.79736328125 828.0081176757812
v 965.1296997070312 -1228.5048828125 828.0081176757812
v 909.0626831054688 242.2958984375 379.36859130859375
v 1085.893798828125 419.01708984375 379.3685607910156
v 909.0626831054688 242.2958984375 409.36859130859375
v 1085.893798828125 419.01708984375 409.3685607910156
v 1085.893798828125 419.01708984375 379.3685607910156
v 1071.758056640625 433.15283203125 379.3685607910156
v 1085.893798828125 419.01708984375 409.3685607910156
v 1071.758056640625 433.15283203125 409.3685607910156
v 1071.758056640625 433.15283203125 379.3685607910156
v 894.9148559570312 256.44384765625 379.36859130859375
v 1071.758056640625 433.15283203125 409.3685607910156
v 894.9148559570312 256.44384765625 409.36859130859375
v 1085.893798828125 419.01708984375 409.3685607910156
v 1071.758056640625 433.15283203125 409.3685607910156
v 965.6416625976562 298.839599609375 409.3685607910156
v 951.5187377929688 312.98681640625 409.3685607910156
v 965.6422729492188 298.8388671875 409.3685607910156
v 909.0626831054688 242.2960205078125 829.3685913085938
v 965.6422729492188 298.8389892578125 829.3685913085938
v 965.6422729492188 298.8388671875 409.3685607910156
v 951.5187377929688 312.98681640625 409.3685607910156
v 965.6422729492188 298.8389892578125 829.3685913085938
v 951.5187377929688 312.9869384765625 829.3685913085938
v 951.5187377929688 312.98681640625 409.3685607910156
v 894.9147338867188 256.4437255859375 409.36859130859375
v 951.5187377929688 312.9869384765625 829.3685913085938
v 894.9147338867188 256.44384765625 829.3685913085938
v 965.6422729492188 298.8389892578125 829.3685913085938
v 951.5187377929688 312.9869384765625 829.3685913085938
v 909.0626831054688 242.2960205078125 829.3685913085938
v 894.9148559570312 256.44384765625 829.3685913085938
v 760.6008911132812 -1396.546875 0.0003005873004440218
v 795.9646606445312 -1431.91064453125 0.00030522470478899777
v 760.6006469726562 -1396.54638671875 6000.00048828125
v 795.9644165039062 -1431.91015625 6000.00048828125
v 795.9646606445312 -1431.91064453125 0.00030522470478899777
v 813.6404418945312 -1414.22265625 0.0003044509794563055
v 795.9644165039062 -1431.91015625 6000.00048828125
v 813.6401977539062 -1414.22216796875 6000.00048828125
v 813.6404418945312 -1414.22265625 0.0003044509794563055
v 778.2888793945312 -1378.87109375 0.00029981520492583513
v 813.6401977539062 -1414.22216796875 6000.00048828125
v 778.2886352539062 -1378.87060546875 6000.00048828125
v 795.9644165039062 -1431.91015625 6000.00048828125
v 778.2886352539062 -1378.87060546875 6000.00048828125
v 760.6006469726562 -1396.54638671875 6000.00048828125
v 813.6401977539062 -1414.22216796875 6000.00048828125
v 919.6828002929688 318.19921875 0.00015763312694616616
v 955.0465698242188 353.55078125 0.00015608839748892933
v 919.6825561523438 318.19970703125 5999.9990234375
v 955.0463256835938 353.55126953125 5999.9990234375
v 955.0465698242188 353.55078125 0.00015608839748892933
v 937.3707885742188 371.23876953125 0.00015376941883005202
v 955.0463256835938 353.55126953125 6000.0
v 937.3705444335938 371.2392578125 6000.0
v 937.3707885742188 371.23876953125 0.00015376941883005202
v 902.0070190429688 335.875 0.00015531522512901574
v 937.3705444335938 371.2392578125 6000.0
v 902.0067749023438 335.87548828125 6000.0
v 955.0463256835938 353.55126953125 6000.0
v 937.3705444335938 371.2392578125 6000.0
v 902.0067749023438 335.87548828125 6000.0
v 1118.474365234375 -729.5791015625 0.00025792227825149894
v 1268.474365234375 -729.5791015625 0.00026447896379977465
v 1118.474365234375 -729.5791015625 385.000244140625
v 1268.474365234375 -729.5791015625 385.000244140625
v 1268.474365234375 -729.5791015625 0.00026447896379977465
v 1268.474365234375 -229.5789794921875 0.00022076758614275604
v 1268.474365234375 -712.0791015625 5.00026273727417
v 1268.474365234375 -712.0791015625 371.000244140625
v 1268.474365234375 -247.078857421875 371.0002136230469
v 1268.474365234375 -729.5791015625 385.000244140625
v 1268.474365234375 -229.5789794921875 385.0002136230469
v 1268.474365234375 -247.078857421875 5.000222206115723
v 1268.474365234375 -229.5789794921875 0.00022076758614275604
v 1118.474365234375 -229.5789794921875 0.0002142108860425651
v 1268.474365234375 -229.5789794921875 385.0002136230469
v 1118.474365234375 -229.5789794921875 385.0002136230469
v 1118.474365234375 -729.5791015625 400.000244140625
v 1268.474365234375 -729.5791015625 400.000244140625
v 1118.474365234375 -729.5791015625 500.000244140625
v 1268.474365234375 -729.5791015625 500.000244140625
v 1268.474365234375 -729.5791015625 400.000244140625
v 1268.474365234375 -229.5789794921875 400.0002136230469
v 1268.474365234375 -729.5791015625 500.000244140625
v 1268.474365234375 -229.5789794921875 500.0002136230469
v 1268.474365234375 -229.5789794921875 400.0002136230469
v 1118.474365234375 -229.5789794921875 400.0002136230469
v 1268.474365234375 -229.5789794921875 500.0002136230469
v 1118.474365234375 -229.5789794921875 500.0002136230469
v 1118.474365234375 -729.5791015625 700.000244140625
v 1268.474365234375 -729.5791015625 700.000244140625
v 1118.474365234375 -729.5791015625 800.000244140625
v 1268.474365234375 -729.5791015625 800.000244140625
v 1268.474365234375 -729.5791015625 700.000244140625
v 1268.474365234375 -229.578857421875 700.000244140625
v 1268.474365234375 -729.5791015625 800.000244140625
v 1268.474365234375 -229.578857421875 800.000244140625
v 1268.474365234375 -229.578857421875 700.000244140625
v 1118.474365234375 -229.578857421875 700.000244140625
v 1268.474365234375 -229.578857421875 800.000244140625
v 1118.474365234375 -229.578857421875 800.000244140625
v 1118.474365234375 -719.5791015625 710.000244140625
v 1258.474365234375 -719.5791015625 700.000244140625
v 1118.474365234375 -719.5791015625 700.000244140625
v 1258.474365234375 -719.5791015625 710.000244140625
v 1118.474365234375 -719.5791015625 700.000244140625
v 1278.474365234375 -739.5791015625 700.000244140625
v 1118.474365234375 -739.5791015625 700.000244140625
v 1258.474365234375 -719.5791015625 700.000244140625
v 1118.474365234375 -739.5791015625 700.000244140625
v 1278.474365234375 -739.5791015625 710.000244140625
v 1118.474365234375 -739.5791015625 710.000244140625
v 1278.474365234375 -739.5791015625 700.000244140625
v 1118.474365234375 -739.5791015625 710.000244140625
v 1258.474365234375 -719.5791015625 710.000244140625
v 1118.474365234375 -719.5791015625 710.000244140625
v 1278.474365234375 -739.5791015625 710.000244140625
v 1258.474365234375 -719.5791015625 710.000244140625
v 1258.474365234375 -239.578857421875 700.000244140625
v 1258.474365234375 -719.5791015625 700.000244140625
v 1258.474365234375 -239.578857421875 710.000244140625
v 1278.474365234375 -219.578857421875 700.0001831054688
v 1258.474365234375 -239.578857421875 700.000244140625
v 1278.474365234375 -739.5791015625 700.000244140625
v 1278.474365234375 -219.578857421875 710.0001831054688
v 1278.474365234375 -739.5791015625 710.000244140625
v 1278.474365234375 -219.578857421875 700.0001831054688
v 1258.474365234375 -239.578857421875 710.000244140625
v 1278.474365234375 -219.578857421875 710.0001831054688
v 1258.474365234375 -239.578857421875 710.000244140625
v 1118.474365234375 -239.578857421875 700.000244140625
v 1258.474365234375 -239.578857421875 700.000244140625
v 1118.474365234375 -239.578857421875 710.000244140625
v 1118.474365234375 -219.578857421875 700.0001831054688
v 1118.474365234375 -239.578857421875 700.000244140625
v 1278.474365234375 -219.578857421875 700.0001831054688
v 1118.474365234375 -219.578857421875 710.0001831054688
v 1278.474365234375 -219.578857421875 710.0001831054688
v 1118.474365234375 -219.578857421875 700.0001831054688
v 1118.474365234375 -239.578857421875 710.000244140625
v 1118.474365234375 -219.578857421875 710.0001831054688
v 1118.474365234375 -719.5791015625 700.000244140625
v 1118.474365234375 -739.5791015625 700.000244140625
v 1118.474365234375 -719.5791015625 710.000244140625
v 1118.474365234375 -739.5791015625 710.000244140625
v 1118.474365234375 -239.578857421875 710.000244140625
v 1118.474365234375 -219.578857421875 700.0001831054688
v 1118.474365234375 -239.578857421875 700.000244140625
v 1118.474365234375 -219.578857421875 710.0001831054688
v 1118.474365234375 -719.5791015625 510.000244140625
v 1258.474365234375 -719.5791015625 500.000244140625
v 1118.474365234375 -719.5791015625 500.000244140625
v 1258.474365234375 -719.5791015625 510.000244140625
v 1118.474365234375 -719.5791015625 500.000244140625
v 1278.474365234375 -739.5791015625 500.000244140625
v 1118.474365234375 -739.5791015625 500.000244140625
v 1258.474365234375 -719.5791015625 500.000244140625
v 1118.474365234375 -739.5791015625 500.000244140625
v 1278.474365234375 -739.5791015625 510.000244140625
v 1118.474365234375 -739.5791015625 510.000244140625
v 1278.474365234375 -739.5791015625 500.000244140625
v 1118.474365234375 -739.5791015625 510.000244140625
v 1258.474365234375 -719.5791015625 510.000244140625
v 1118.474365234375 -719.5791015625 510.000244140625
v 1278.474365234375 -739.5791015625 510.000244140625
v 1258.474365234375 -719.5791015625 510.000244140625
v 1258.474365234375 -239.5789794921875 500.0002136230469
v 1258.474365234375 -719.5791015625 500.000244140625
v 1258.474365234375 -239.5789794921875 510.0002136230469
v 1278.474365234375 -219.5789794921875 500.0002136230469
v 1258.474365234375 -239.5789794921875 500.0002136230469
v 1278.474365234375 -739.5791015625 500.000244140625
v 1278.474365234375 -219.5789794921875 510.0002136230469
v 1278.474365234375 -739.5791015625 510.000244140625
v 1278.474365234375 -219.5789794921875 500.0002136230469
v 1258.474365234375 -239.5789794921875 510.0002136230469
v 1278.474365234375 -219.5789794921875 510.0002136230469
v 1258.474365234375 -239.5789794921875 510.0002136230469
v 1118.474365234375 -239.5789794921875 500.0002136230469
v 1258.474365234375 -239.5789794921875 500.0002136230469
v 1118.474365234375 -239.5789794921875 510.0002136230469
v 1118.474365234375 -219.5789794921875 500.0002136230469
v 1118.474365234375 -239.5789794921875 500.0002136230469
v 1278.474365234375 -219.5789794921875 500.0002136230469
v 1118.474365234375 -219.5789794921875 510.0002136230469
v 1278.474365234375 -219.5789794921875 510.0002136230469
v 1118.474365234375 -219.5789794921875 500.0002136230469
v 1118.474365234375 -239.5789794921875 510.0002136230469
v 1118.474365234375 -219.5789794921875 510.0002136230469
v 1118.474365234375 -719.5791015625 500.000244140625
v 1118.474365234375 -739.5791015625 500.000244140625
v 1118.474365234375 -719.5791015625 510.000244140625
v 1118.474365234375 -739.5791015625 510.000244140625
v 1118.474365234375 -239.5789794921875 510.0002136230469
v 1118.474365234375 -219.5789794921875 500.0002136230469
v 1118.474365234375 -239.5789794921875 500.0002136230469
v 1118.474365234375 -219.5789794921875 510.0002136230469
v 1118.474365234375 -719.5791015625 610.000244140625
v 1258.474365234375 -719.5791015625 600.000244140625
v 1118.474365234375 -719.5791015625 600.000244140625
v 1258.474365234375 -719.5791015625 610.000244140625
v 1118.474365234375 -719.5791015625 600.000244140625
v 1278.474365234375 -739.5791015625 600.000244140625
v 1118.474365234375 -739.5791015625 600.000244140625
v 1258.474365234375 -719.5791015625 600.000244140625
v 1118.474365234375 -739.5791015625 600.000244140625
v 1278.474365234375 -739.5791015625 610.000244140625
v 1118.474365234375 -739.5791015625 610.000244140625
v 1278.474365234375 -739.5791015625 600.000244140625
v 1118.474365234375 -739.5791015625 610.000244140625
v 1258.474365234375 -719.5791015625 610.000244140625
v 1118.474365234375 -719.5791015625 610.000244140625
v 1278.474365234375 -739.5791015625 610.000244140625
v 1258.474365234375 -719.5791015625 610.000244140625
v 1258.474365234375 -239.5789794921875 600.000244140625
v 1258.474365234375 -719.5791015625 600.000244140625
v 1258.474365234375 -239.5789794921875 610.000244140625
v 1278.474365234375 -219.5789794921875 600.0001831054688
v 1258.474365234375 -239.5789794921875 600.000244140625
v 1278.474365234375 -739.5791015625 600.000244140625
v 1278.474365234375 -219.5789794921875 610.0001831054688
v 1278.474365234375 -739.5791015625 610.000244140625
v 1278.474365234375 -219.5789794921875 600.0001831054688
v 1258.474365234375 -239.5789794921875 610.000244140625
v 1278.474365234375 -219.5789794921875 610.0001831054688
v 1258.474365234375 -239.5789794921875 610.000244140625
v 1118.474365234375 -239.5789794921875 600.000244140625
v 1258.474365234375 -239.5789794921875 600.000244140625
v 1118.474365234375 -239.5789794921875 610.000244140625
v 1118.474365234375 -219.5789794921875 600.0001831054688
v 1118.474365234375 -239.5789794921875 600.000244140625
v 1278.474365234375 -219.5789794921875 600.0001831054688
v 1118.474365234375 -219.5789794921875 610.0001831054688
v 1278.474365234375 -219.5789794921875 610.0001831054688
v 1118.474365234375 -219.5789794921875 600.0001831054688
v 1118.474365234375 -239.5789794921875 610.000244140625
v 1118.474365234375 -219.5789794921875 610.0001831054688
v 1118.474365234375 -719.5791015625 600.000244140625
v 1118.474365234375 -739.5791015625 600.000244140625
v 1118.474365234375 -719.5791015625 610.000244140625
v 1118.474365234375 -739.5791015625 610.000244140625
v 1118.474365234375 -239.5789794921875 610.000244140625
v 1118.474365234375 -219.5789794921875 600.0001831054688
v 1118.474365234375 -239.5789794921875 600.000244140625
v 1118.474365234375 -219.5789794921875 610.0001831054688
v 1118.474365234375 -719.5791015625 810.0003051757812
v 1258.474365234375 -719.5791015625 800.000244140625
v 1118.474365234375 -719.5791015625 800.000244140625
v 1258.474365234375 -719.5791015625 810.0003051757812
v 1118.474365234375 -719.5791015625 800.000244140625
v 1278.474365234375 -739.5791015625 800.000244140625
v 1118.474365234375 -739.5791015625 800.000244140625
v 1258.474365234375 -719.5791015625 800.000244140625
v 1118.474365234375 -739.5791015625 800.000244140625
v 1278.474365234375 -739.5791015625 810.0003051757812
v 1118.474365234375 -739.5791015625 810.0003051757812
v 1278.474365234375 -739.5791015625 800.000244140625
v 1118.474365234375 -739.5791015625 810.0003051757812
v 1258.474365234375 -719.5791015625 810.0003051757812
v 1118.474365234375 -719.5791015625 810.0003051757812
v 1278.474365234375 -739.5791015625 810.0003051757812
v 1258.474365234375 -719.5791015625 810.0003051757812
v 1258.474365234375 -239.578857421875 800.000244140625
v 1258.474365234375 -719.5791015625 800.000244140625
v 1258.474365234375 -239.578857421875 810.0003051757812
v 1278.474365234375 -219.578857421875 800.0001831054688
v 1258.474365234375 -239.578857421875 800.000244140625
v 1278.474365234375 -739.5791015625 800.000244140625
v 1278.474365234375 -219.578857421875 810.000244140625
v 1278.474365234375 -739.5791015625 810.0003051757812
v 1278.474365234375 -219.578857421875 800.0001831054688
v 1258.474365234375 -239.578857421875 810.0003051757812
v 1278.474365234375 -219.578857421875 810.000244140625
v 1258.474365234375 -239.578857421875 810.0003051757812
v 1118.474365234375 -239.578857421875 800.000244140625
v 1258.474365234375 -239.578857421875 800.000244140625
v 1118.474365234375 -239.578857421875 810.0003051757812
v 1118.474365234375 -219.578857421875 800.0001831054688
v 1118.474365234375 -239.578857421875 800.000244140625
v 1278.474365234375 -219.578857421875 800.0001831054688
v 1118.474365234375 -219.578857421875 810.000244140625
v 1278.474365234375 -219.578857421875 810.000244140625
v 1118.474365234375 -219.578857421875 800.0001831054688
v 1118.474365234375 -239.578857421875 810.0003051757812
v 1118.474365234375 -219.578857421875 810.000244140625
v 1118.474365234375 -719.5791015625 800.000244140625
v 1118.474365234375 -739.5791015625 800.000244140625
v 1118.474365234375 -719.5791015625 810.0003051757812
v 1118.474365234375 -739.5791015625 810.0003051757812
v 1118.474365234375 -239.578857421875 810.0003051757812
v 1118.474365234375 -219.578857421875 800.0001831054688
v 1118.474365234375 -239.578857421875 800.000244140625
v 1118.474365234375 -219.578857421875 810.000244140625
v 1250.097900390625 -712.0791015625 371.000244140625
v 1268.474365234375 -247.078857421875 371.0002136230469
v 1268.474365234375 -712.0791015625 371.000244140625
v 1250.097900390625 -247.078857421875 371.0002136230469
v 1250.097900390625 -712.0791015625 5.0002617835998535
v 1268.474365234375 -712.0791015625 5.00026273727417
v 1268.474365234375 -247.078857421875 5.000222206115723
v 1250.097900390625 -247.078857421875 5.000221252441406
v 1250.097900390625 -712.0791015625 371.000244140625
v 1268.474365234375 -712.0791015625 5.00026273727417
v 1250.097900390625 -712.0791015625 5.0002617835998535
v 1268.474365234375 -712.0791015625 371.000244140625
v 1250.097900390625 -247.078857421875 371.0002136230469
v 1250.097900390625 -247.078857421875 5.000221252441406
v 1268.474365234375 -247.078857421875 5.000222206115723
v 1268.474365234375 -247.078857421875 371.0002136230469
v 1118.474365234375 -729.5791015625 800.000244140625
v 1268.474365234375 -729.5791015625 800.000244140625
v 1268.474365234375 -229.578857421875 800.000244140625
v 1118.474365234375 -229.578857421875 800.000244140625
v 1273.479248046875 -249.5740966796875 0.00022273439390119165
v 1273.479248046875 -224.5740966796875 0.000220548827201128
v 1273.479248046875 -249.573974609375 800.000244140625
v 1273.479248046875 -224.573974609375 800.0001831054688
v 1273.479248046875 -224.5740966796875 0.000220548827201128
v 1253.471923828125 -224.5740966796875 0.00021967428619973361
v 1273.479248046875 -224.573974609375 800.0001831054688
v 1253.471923828125 -224.573974609375 800.0001831054688
v 1253.471923828125 -224.5740966796875 0.00021967428619973361
v 1253.471923828125 -249.5740966796875 0.00022185983834788203
v 1253.471923828125 -224.573974609375 800.0001831054688
v 1253.471923828125 -249.573974609375 800.000244140625
v 1253.471923828125 -249.5740966796875 0.00022185983834788203
v 1273.479248046875 -249.5740966796875 0.00022273439390119165
v 1253.471923828125 -249.573974609375 800.000244140625
v 1273.479248046875 -249.573974609375 800.000244140625
v 1273.479248046875 -734.583984375 0.00026513528428040445
v 1273.479248046875 -709.583984375 0.00026294973213225603
v 1273.479248046875 -734.583984375 800.000244140625
v 1273.479248046875 -709.583984375 800.000244140625
v 1273.479248046875 -709.583984375 0.00026294973213225603
v 1253.471923828125 -709.583984375 0.0002620751620270312
v 1273.479248046875 -709.583984375 800.000244140625
v 1253.471923828125 -709.583984375 800.000244140625
v 1253.471923828125 -709.583984375 0.0002620751620270312
v 1253.471923828125 -734.583984375 0.00026426074327901006
v 1253.471923828125 -709.583984375 800.000244140625
v 1253.471923828125 -734.583984375 800.000244140625
v 1253.471923828125 -734.583984375 0.00026426074327901006
v 1273.479248046875 -734.583984375 0.00026513528428040445
v 1253.471923828125 -734.583984375 800.000244140625
v 1273.479248046875 -734.583984375 800.000244140625
f 1250 1249 1251
f 1251 1252 1250
f 2974 2973 2975
f 2976 2974 2975
f 2970 2969 2971
f 2972 2970 2971
f 2966 2965 2967
f 2968 2966 2967
f 2962 2961 2963
f 2964 2962 2963
f 2958 2957 2959
f 2960 2958 2959
f 2954 2953 2955
f 2956 2954 2955
f 2950 2949 2951
f 2952 2950 2951
f 2942 2941 2943
f 2943 2948 2942
f 2948 2947 2942
f 2945 2947 2948
f 2946 2947 2945
f 2945 2944 2946
f 2944 2941 2946
f 2943 2941 2944
f 1501 1500 1502
f 1503 1502 1500
f 1448 1447 1449
f 1449 1447 1450
f 1446 1443 1444
f 1444 1443 1445
f 1439 1440 1442
f 1440 1439 1441
f 1436 1435 1437
f 1438 1437 1435
f 1432 1431 1433
f 1433 1431 1434
f 1430 1427 1428
f 1428 1427 1429
f 1423 1424 1426
f 1424 1423 1425
f 1420 1419 1421
f 1422 1421 1419
f 1278 1277 1279
f 1279 1277 1280
f 1276 1273 1274
f 1274 1273 1275
f 1262 1261 1263
f 1263 1261 1264
f 1260 1257 1258
f 1258 1257 1259
f 102 101 103
f 103 101 113
f 112 111 113
f 113 119 112
f 116 115 104
f 104 105 116
f 104 103 105
f 105 103 107
f 107 103 108
f 108 103 113
f 110 108 113
f 114 110 113
f 111 114 113
f 111 126 114
f 126 125 114
f 125 126 123
f 124 125 123
f 123 121 124
f 124 121 109
f 109 110 124
f 109 108 110
f 106 105 107
f 107 121 106
f 121 123 106
f 123 122 106
f 126 127 123
f 127 128 123
f 128 127 112
f 120 128 112
f 112 119 120
f 120 119 122
f 122 119 118
f 106 122 118
f 118 117 106
f 2938 2937 2939
f 2940 2938 2939
f 1505 1504 1506
f 1506 1507 1505
f 1458 1455 1456
f 1456 1455 1457
f 1459 1457 1455
f 12 11 2
f 11 9 2
f 5 9 11
f 6 9 5
f 5 4 6
f 4 8 6
f 4 12 8
f 12 10 8
f 10 12 2
f 3 10 2
f 2 1 3
f 3 1 7
f 7 1 6
f 8 7 6
f 1452 1451 1453
f 1453 1454 1452
f 1270 1269 1271
f 1271 1272 1270
f 1266 1265 1267
f 1267 1268 1266
f 1254 1253 1255
f 1255 1256 1254
f 1481 1479 1482
f 1482 1499 1481
f 1484 1499 1482
f 1482 1483 1484
f 1486 1484 1483
f 1483 1485 1486
f 1488 1486 1485
f 1485 1487 1488
f 1490 1488 1487
f 1487 1489 1490
f 1492 1490 1489
f 1489 1491 1492
f 1494 3281 3282
f 3282 1493 1494
f 1496 1494 1493
f 1493 1495 1496
f 1498 1496 1495
f 1495 1497 1498
f 16 13 17
f 17 13 19
f 18 17 19
f 19 20 18
f 16 23 15
f 23 24 15
f 24 23 18
f 22 24 18
f 18 20 22
f 22 20 14
f 21 22 14
f 15 21 14
f 14 13 15
f 15 13 16
f 1469 1471 1472
f 1474 1472 1471
f 1471 1473 1474
f 1476 1474 1473
f 1473 1475 1476
f 1478 1476 1475
f 1475 1477 1478
f 1480 1478 1477
f 1477 3283 1480
f 1481 1480 3283
f 1461 1460 1462
f 1464 1462 1460
f 1460 1463 1464
f 1466 1464 1463
f 1463 1465 1466
f 1468 1466 1465
f 1465 1467 1468
f 1470 1468 1467
f 1467 3284 1470
f 1472 1470 3284
f 1517 1516 1518
f 1519 1517 1518
f 26 25 27
f 28 26 27
f 2197 2196 2198
f 2199 2197 2198
f 2193 2192 2194
f 2195 2193 2194
f 2189 2188 2190
f 2191 2189 2190
f 1551 1550 1552
f 1553 1551 1552
f 94 93 95
f 96 94 95
f 97 3285 3286
f 98 97 3286
f 99 97 98
f 100 99 98
f 2239 2238 2237
f 2238 2236 2237
f 2237 2236 2235
f 2236 2234 2235
f 2235 2234 2233
f 2234 2231 2233
f 3288 3287 2232
f 3287 2230 2232
f 2835 2833 2836
f 2833 2834 2836
f 2833 2831 2834
f 2831 2832 2834
f 2831 2829 2832
f 2829 2830 2832
f 2829 2827 2830
f 2827 2828 2830
f 2827 2825 2828
f 2825 2826 2828
f 2825 2821 2826
f 2821 2822 2826
f 2822 2821 2823
f 2823 2821 2819
f 2824 2823 2819
f 2819 2820 2824
f 2820 2819 2816
f 2816 2817 2820
f 2817 2816 2818
f 264 266 263
f 264 263 265
f 258 260 257
f 258 257 259
f 254 256 253
f 254 253 255
f 250 252 249
f 250 249 251
f 244 246 243
f 244 243 245
f 240 242 239
f 240 239 241
f 236 238 235
f 236 235 237
f 230 232 229
f 230 229 231
f 226 228 225
f 226 225 227
f 222 224 221
f 222 221 223
f 216 218 215
f 216 215 217
f 212 214 211
f 212 211 213
f 208 210 207
f 208 207 209
f 202 204 201
f 202 201 203
f 198 200 197
f 198 197 199
f 194 196 193
f 194 193 195
f 188 190 187
f 188 187 189
f 184 186 183
f 184 183 185
f 180 182 179
f 180 179 181
f 174 176 173
f 174 173 175
f 170 172 169
f 170 169 171
f 167 168 160
f 167 160 158
f 158 160 157
f 158 157 159
f 3242 3241 3243
f 3241 3244 3243
f 3214 3213 3215
f 3215 3213 3216
f 3212 3209 3210
f 3210 3209 3211
f 3206 3205 3207
f 3205 3208 3207
f 3200 3197 3198
f 3198 3197 3199
f 3144 3141 3142
f 3142 3141 3143
f 3088 3085 3086
f 3086 3085 3087
f 3032 3029 3030
f 3030 3029 3031
f 2869 2870 2872
f 2870 2869 2871
f 2854 2853 2855
f 2856 2855 2853
f 2849 2850 2852
f 2850 2849 2851
f 2815 2812 2813
f 2813 2812 2814
f 2623 2620 2621
f 2621 2620 2622
f 2431 2428 2429
f 2429 2428 2430
f 1416 1415 1417
f 1417 1415 1418
f 1414 1411 1412
f 1412 1411 1413
f 1407 1408 1410
f 1408 1407 1409
f 1404 1403 1405
f 1406 1405 1403
f 1400 1399 1401
f 1401 1399 1402
f 1398 1395 1396
f 1396 1395 1397
f 1391 1392 1394
f 1392 1391 1393
f 1388 1387 1389
f 1390 1389 1387
f 1244 1241 1242
f 1242 1241 1243
f 964 961 962
f 962 961 963
f 684 681 682
f 682 681 683
f 404 401 402
f 402 401 403
f 2162 2163 2141
f 2162 2141 2140
f 2140 2141 2109
f 2140 2109 2108
f 2108 2109 2077
f 2108 2077 2076
f 2076 2077 2045
f 2076 2045 2044
f 2044 2045 2013
f 2044 2013 2012
f 2012 2013 1981
f 2012 1981 1980
f 1980 1981 1949
f 1980 1949 1948
f 1948 1949 1917
f 1948 1917 1916
f 1916 1917 1885
f 1916 1885 1884
f 1884 1885 1853
f 1884 1853 1852
f 1852 1853 1821
f 1852 1821 1820
f 1820 1821 1789
f 1820 1789 1788
f 1788 1789 1757
f 1788 1757 1756
f 1756 1757 1725
f 1756 1725 1724
f 1724 1725 1697
f 1724 1697 1696
f 3290 3289 1675
f 3290 1675 1673
f 1673 1675 1672
f 1673 1672 1674
f 345 346 332
f 345 332 331
f 331 332 318
f 331 318 317
f 317 318 304
f 317 304 303
f 303 304 290
f 303 290 289
f 289 290 276
f 289 276 275
f 275 276 262
f 275 262 261
f 261 262 248
f 261 248 247
f 247 248 234
f 247 234 233
f 233 234 220
f 233 220 219
f 219 220 206
f 219 206 205
f 205 206 192
f 205 192 191
f 191 192 178
f 191 178 177
f 177 178 166
f 177 166 165
f 3292 3291 156
f 3292 156 154
f 154 156 153
f 154 153 155
f 625 626 612
f 625 612 611
f 611 612 598
f 611 598 597
f 597 598 584
f 597 584 583
f 583 584 570
f 583 570 569
f 569 570 556
f 569 556 555
f 555 556 542
f 555 542 541
f 541 542 528
f 541 528 527
f 527 528 514
f 527 514 513
f 513 514 500
f 513 500 499
f 499 500 486
f 499 486 485
f 485 486 472
f 485 472 471
f 471 472 458
f 471 458 457
f 457 458 446
f 457 446 445
f 3294 3293 436
f 3294 436 434
f 434 436 433
f 434 433 435
f 2610 2611 2597
f 2610 2597 2596
f 2596 2597 2583
f 2596 2583 2582
f 2582 2583 2569
f 2582 2569 2568
f 2568 2569 2555
f 2568 2555 2554
f 2554 2555 2541
f 2554 2541 2540
f 2540 2541 2527
f 2540 2527 2526
f 2526 2527 2513
f 2526 2513 2512
f 2512 2513 2499
f 2512 2499 2498
f 2498 2499 2485
f 2498 2485 2484
f 2484 2485 2471
f 2484 2471 2470
f 2470 2471 2457
f 2470 2457 2456
f 2456 2457 2443
f 2456 2443 2441
f 2441 2443 2440
f 2441 2440 2442
f 2802 2803 2789
f 2802 2789 2788
f 2788 2789 2775
f 2788 2775 2774
f 2774 2775 2761
f 2774 2761 2760
f 2760 2761 2747
f 2760 2747 2746
f 2746 2747 2733
f 2746 2733 2732
f 2732 2733 2719
f 2732 2719 2718
f 2718 2719 2705
f 2718 2705 2704
f 2704 2705 2691
f 2704 2691 2690
f 2690 2691 2677
f 2690 2677 2676
f 2676 2677 2663
f 2676 2663 2662
f 2662 2663 2649
f 2662 2649 2648
f 2648 2649 2635
f 2648 2635 2633
f 2633 2635 2632
f 2633 2632 2634
f 1636 1637 1609
f 1636 1609 1607
f 1607 1609 1606
f 1607 1606 1608
f 1638 1639 1613
f 1638 1613 1611
f 1611 1613 1610
f 1611 1610 1612
f 163 164 152
f 163 152 150
f 150 152 149
f 150 149 151
f 1640 1641 1617
f 1640 1617 1615
f 1615 1617 1614
f 1615 1614 1616
f 161 162 148
f 161 148 146
f 146 148 145
f 146 145 147
f 1642 1643 1621
f 1642 1621 1619
f 1619 1621 1618
f 1619 1618 1620
f 142 144 141
f 142 141 143
f 138 140 137
f 138 137 139
f 134 136 133
f 134 133 135
f 130 132 129
f 130 129 131
f 3274 3273 3275
f 3276 3274 3275
f 3270 3269 3271
f 3272 3270 3271
f 3266 3265 3267
f 3268 3266 3267
f 3262 3261 3263
f 3264 3262 3263
f 3258 3257 3259
f 3260 3258 3259
f 3254 3253 3255
f 3256 3254 3255
f 3250 3249 3251
f 3252 3250 3251
f 3246 3245 3247
f 3248 3246 3247
f 3226 3225 3227
f 3228 3226 3227
f 3222 3221 3223
f 3224 3222 3223
f 3218 3217 3219
f 3220 3218 3219
f 3202 3204 3201
f 3202 3201 3203
f 3194 3193 3195
f 3196 3194 3195
f 3190 3192 3189
f 3190 3189 3191
f 3186 3188 3185
f 3186 3185 3187
f 3182 3184 3181
f 3182 3181 3183
f 3178 3180 3177
f 3178 3177 3179
f 3174 3176 3173
f 3174 3173 3175
f 3170 3172 3169
f 3170 3169 3171
f 3166 3168 3165
f 3166 3165 3167
f 3162 3164 3161
f 3162 3161 3163
f 3158 3160 3157
f 3158 3157 3159
f 3154 3156 3153
f 3154 3153 3155
f 3150 3152 3149
f 3150 3149 3151
f 3146 3148 3145
f 3146 3145 3147
f 3138 3137 3139
f 3140 3138 3139
f 3134 3136 3133
f 3134 3133 3135
f 3130 3132 3129
f 3130 3129 3131
f 3126 3128 3125
f 3126 3125 3127
f 3122 3124 3121
f 3122 3121 3123
f 3118 3120 3117
f 3118 3117 3119
f 3114 3116 3113
f 3114 3113 3115
f 3110 3112 3109
f 3110 3109 3111
f 3106 3108 3105
f 3106 3105 3107
f 3102 3104 3101
f 3102 3101 3103
f 3098 3100 3097
f 3098 3097 3099
f 3094 3096 3093
f 3094 3093 3095
f 3090 3092 3089
f 3090 3089 3091
f 3082 3081 3083
f 3084 3082 3083
f 3078 3080 3077
f 3078 3077 3079
f 3074 3076 3073
f 3074 3073 3075
f 3070 3072 3069
f 3070 3069 3071
f 3066 3068 3065
f 3066 3065 3067
f 3062 3064 3061
f 3062 3061 3063
f 3058 3060 3057
f 3058 3057 3059
f 3054 3056 3053
f 3054 3053 3055
f 3050 3052 3049
f 3050 3049 3051
f 3046 3048 3045
f 3046 3045 3047
f 3042 3044 3041
f 3042 3041 3043
f 3038 3040 3037
f 3038 3037 3039
f 3034 3036 3033
f 3034 3033 3035
f 3026 3025 3027
f 3028 3026 3027
f 3022 3024 3021
f 3022 3021 3023
f 3018 3020 3017
f 3018 3017 3019
f 3014 3016 3013
f 3014 3013 3015
f 3010 3012 3009
f 3010 3009 3011
f 3006 3008 3005
f 3006 3005 3007
f 3002 3004 3001
f 3002 3001 3003
f 2998 3000 2997
f 2998 2997 2999
f 2994 2996 2993
f 2994 2993 2995
f 2990 2992 2989
f 2990 2989 2991
f 2986 2988 2985
f 2986 2985 2987
f 2982 2984 2981
f 2982 2981 2983
f 2978 2980 2977
f 2978 2977 2979
f 2902 2901 2903
f 2903 2904 2902
f 2898 2897 2899
f 2900 2898 2899
f 2894 2893 2895
f 2896 2894 2895
f 2890 2889 2891
f 2892 2890 2891
f 2886 2885 2887
f 2887 2888 2886
f 2882 2881 2883
f 2884 2882 2883
f 2878 2877 2879
f 2880 2878 2879
f 2874 2873 2875
f 2876 2874 2875
f 2866 2865 2867
f 2868 2866 2867
f 2862 2861 2863
f 2864 2862 2863
f 2858 2857 2859
f 2860 2858 2859
f 2846 2845 2847
f 2848 2846 2847
f 2842 2841 2843
f 2844 2842 2843
f 2838 2837 2839
f 2840 2838 2839
f 2809 2808 2810
f 2811 2809 2810
f 2805 2807 2804
f 2805 2804 2806
f 2799 2801 2798
f 2799 2798 2800
f 2795 2797 2794
f 2795 2794 2796
f 2791 2793 2790
f 2791 2790 2792
f 2785 2787 2784
f 2785 2784 2786
f 2781 2783 2780
f 2781 2780 2782
f 2777 2779 2776
f 2777 2776 2778
f 2771 2773 2770
f 2771 2770 2772
f 2767 2769 2766
f 2767 2766 2768
f 2763 2765 2762
f 2763 2762 2764
f 2757 2759 2756
f 2757 2756 2758
f 2753 2755 2752
f 2753 2752 2754
f 2749 2751 2748
f 2749 2748 2750
f 2743 2745 2742
f 2743 2742 2744
f 2739 2741 2738
f 2739 2738 2740
f 2735 2737 2734
f 2735 2734 2736
f 2729 2731 2728
f 2729 2728 2730
f 2725 2727 2724
f 2725 2724 2726
f 2721 2723 2720
f 2721 2720 2722
f 2715 2717 2714
f 2715 2714 2716
f 2711 2713 2710
f 2711 2710 2712
f 2707 2709 2706
f 2707 2706 2708
f 2701 2703 2700
f 2701 2700 2702
f 2697 2699 2696
f 2697 2696 2698
f 2693 2695 2692
f 2693 2692 2694
f 2687 2689 2686
f 2687 2686 2688
f 2683 2685 2682
f 2683 2682 2684
f 2679 2681 2678
f 2679 2678 2680
f 2673 2675 2672
f 2673 2672 2674
f 2669 2671 2668
f 2669 2668 2670
f 2665 2667 2664
f 2665 2664 2666
f 2659 2661 2658
f 2659 2658 2660
f 2655 2657 2654
f 2655 2654 2656
f 2651 2653 2650
f 2651 2650 2652
f 2645 2647 2644
f 2645 2644 2646
f 2641 2643 2640
f 2641 2640 2642
f 2637 2639 2636
f 2637 2636 2638
f 2629 2631 2628
f 2629 2628 2630
f 2625 2627 2624
f 2625 2624 2626
f 2617 2616 2618
f 2619 2617 2618
f 2613 2615 2612
f 2613 2612 2614
f 2607 2609 2606
f 2607 2606 2608
f 2603 2605 2602
f 2603 2602 2604
f 2599 2601 2598
f 2599 2598 2600
f 2593 2595 2592
f 2593 2592 2594
f 2589 2591 2588
f 2589 2588 2590
f 2585 2587 2584
f 2585 2584 2586
f 2579 2581 2578
f 2579 2578 2580
f 2575 2577 2574
f 2575 2574 2576
f 2571 2573 2570
f 2571 2570 2572
f 2565 2567 2564
f 2565 2564 2566
f 2561 2563 2560
f 2561 2560 2562
f 2557 2559 2556
f 2557 2556 2558
f 2551 2553 2550
f 2551 2550 2552
f 2547 2549 2546
f 2547 2546 2548
f 2543 2545 2542
f 2543 2542 2544
f 2537 2539 2536
f 2537 2536 2538
f 2533 2535 2532
f 2533 2532 2534
f 2529 2531 2528
f 2529 2528 2530
f 2523 2525 2522
f 2523 2522 2524
f 2519 2521 2518
f 2519 2518 2520
f 2515 2517 2514
f 2515 2514 2516
f 2509 2511 2508
f 2509 2508 2510
f 2505 2507 2504
f 2505 2504 2506
f 2501 2503 2500
f 2501 2500 2502
f 2495 2497 2494
f 2495 2494 2496
f 2491 2493 2490
f 2491 2490 2492
f 2487 2489 2486
f 2487 2486 2488
f 2481 2483 2480
f 2481 2480 2482
f 2477 2479 2476
f 2477 2476 2478
f 2473 2475 2472
f 2473 2472 2474
f 2467 2469 2466
f 2467 2466 2468
f 2463 2465 2462
f 2463 2462 2464
f 2459 2461 2458
f 2459 2458 2460
f 2453 2455 2452
f 2453 2452 2454
f 2449 2451 2448
f 2449 2448 2450
f 2445 2447 2444
f 2445 2444 2446
f 2437 2439 2436
f 2437 2436 2438
f 2433 2435 2432
f 2433 2432 2434
f 2425 2424 2426
f 2427 2425 2426
f 2421 2423 2420
f 2421 2420 2422
f 2415 2417 2414
f 2415 2414 2416
f 2411 2413 2410
f 2411 2410 2412
f 2407 2409 2406
f 2407 2406 2408
f 2401 2403 2400
f 2401 2400 2402
f 2397 2399 2396
f 2397 2396 2398
f 2393 2395 2392
f 2393 2392 2394
f 2387 2389 2386
f 2387 2386 2388
f 2383 2385 2382
f 2383 2382 2384
f 2379 2381 2378
f 2379 2378 2380
f 2373 2375 2372
f 2373 2372 2374
f 2369 2371 2368
f 2369 2368 2370
f 2365 2367 2364
f 2365 2364 2366
f 2359 2361 2358
f 2359 2358 2360
f 2355 2357 2354
f 2355 2354 2356
f 2351 2353 2350
f 2351 2350 2352
f 2345 2347 2344
f 2345 2344 2346
f 2341 2343 2340
f 2341 2340 2342
f 2337 2339 2336
f 2337 2336 2338
f 2331 2333 2330
f 2331 2330 2332
f 2327 2329 2326
f 2327 2326 2328
f 2323 2325 2322
f 2323 2322 2324
f 2317 2319 2316
f 2317 2316 2318
f 2313 2315 2312
f 2313 2312 2314
f 2309 2311 2308
f 2309 2308 2310
f 2303 2305 2302
f 2303 2302 2304
f 2299 2301 2298
f 2299 2298 2300
f 2295 2297 2294
f 2295 2294 2296
f 2289 2291 2288
f 2289 2288 2290
f 2285 2287 2284
f 2285 2284 2286
f 2281 2283 2280
f 2281 2280 2282
f 2275 2277 2274
f 2275 2274 2276
f 2271 2273 2270
f 2271 2270 2272
f 2267 2269 2266
f 2267 2266 2268
f 2261 2263 2260
f 2261 2260 2262
f 2257 2259 2256
f 2257 2256 2258
f 2253 2255 2252
f 2253 2252 2254
f 2278 2279 2265
f 2278 2265 2264
f 2264 2265 2251
f 2264 2251 2249
f 2249 2251 2248
f 2249 2248 2250
f 2348 2349 2335
f 2348 2335 2334
f 2334 2335 2321
f 2334 2321 2320
f 2320 2321 2307
f 2320 2307 2306
f 2306 2307 2293
f 2306 2293 2292
f 2292 2293 2279
f 2292 2279 2278
f 1644 1645 1625
f 1644 1625 1623
f 1623 1625 1622
f 1623 1622 1624
f 2418 2419 2405
f 2418 2405 2404
f 2404 2405 2391
f 2404 2391 2390
f 2390 2391 2377
f 2390 2377 2376
f 2376 2377 2363
f 2376 2363 2362
f 2362 2363 2349
f 2362 2349 2348
f 2245 2247 2244
f 2245 2244 2246
f 2241 2243 2240
f 2241 2240 2242
f 2115 2117 2114
f 2115 2114 2116
f 2111 2113 2110
f 2111 2110 2112
f 2105 2107 2104
f 2105 2104 2106
f 2101 2103 2100
f 2101 2100 2102
f 2097 2099 2096
f 2097 2096 2098
f 2091 2093 2090
f 2091 2090 2092
f 2087 2089 2086
f 2087 2086 2088
f 2083 2085 2082
f 2083 2082 2084
f 2079 2081 2078
f 2079 2078 2080
f 2073 2075 2072
f 2073 2072 2074
f 2069 2071 2068
f 2069 2068 2070
f 2065 2067 2064
f 2065 2064 2066
f 2059 2061 2058
f 2059 2058 2060
f 2055 2057 2054
f 2055 2054 2056
f 2051 2053 2050
f 2051 2050 2052
f 2047 2049 2046
f 2047 2046 2048
f 2041 2043 2040
f 2041 2040 2042
f 2037 2039 2036
f 2037 2036 2038
f 2033 2035 2032
f 2033 2032 2034
f 2027 2029 2026
f 2027 2026 2028
f 2023 2025 2022
f 2023 2022 2024
f 2019 2021 2018
f 2019 2018 2020
f 2015 2017 2014
f 2015 2014 2016
f 2009 2011 2008
f 2009 2008 2010
f 2005 2007 2004
f 2005 2004 2006
f 2001 2003 2000
f 2001 2000 2002
f 1995 1997 1994
f 1995 1994 1996
f 1991 1993 1990
f 1991 1990 1992
f 1987 1989 1986
f 1987 1986 1988
f 1983 1985 1982
f 1983 1982 1984
f 1977 1979 1976
f 1977 1976 1978
f 1973 1975 1972
f 1973 1972 1974
f 1969 1971 1968
f 1969 1968 1970
f 1963 1965 1962
f 1963 1962 1964
f 1959 1961 1958
f 1959 1958 1960
f 1955 1957 1954
f 1955 1954 1956
f 1951 1953 1950
f 1951 1950 1952
f 1945 1947 1944
f 1945 1944 1946
f 1941 1943 1940
f 1941 1940 1942
f 1937 1939 1936
f 1937 1936 1938
f 1931 1933 1930
f 1931 1930 1932
f 1927 1929 1926
f 1927 1926 1928
f 1923 1925 1922
f 1923 1922 1924
f 1919 1921 1918
f 1919 1918 1920
f 1913 1915 1912
f 1913 1912 1914
f 1909 1911 1908
f 1909 1908 1910
f 1905 1907 1904
f 1905 1904 1906
f 1899 1901 1898
f 1899 1898 1900
f 1895 1897 1894
f 1895 1894 1896
f 1891 1893 1890
f 1891 1890 1892
f 1887 1889 1886
f 1887 1886 1888
f 1881 1883 1880
f 1881 1880 1882
f 1877 1879 1876
f 1877 1876 1878
f 1873 1875 1872
f 1873 1872 1874
f 1867 1869 1866
f 1867 1866 1868
f 1863 1865 1862
f 1863 1862 1864
f 1859 1861 1858
f 1859 1858 1860
f 1855 1857 1854
f 1855 1854 1856
f 1849 1851 1848
f 1849 1848 1850
f 1845 1847 1844
f 1845 1844 1846
f 1841 1843 1840
f 1841 1840 1842
f 1835 1837 1834
f 1835 1834 1836
f 1831 1833 1830
f 1831 1830 1832
f 1827 1829 1826
f 1827 1826 1828
f 1823 1825 1822
f 1823 1822 1824
f 1817 1819 1816
f 1817 1816 1818
f 1813 1815 1812
f 1813 1812 1814
f 1809 1811 1808
f 1809 1808 1810
f 1803 1805 1802
f 1803 1802 1804
f 1799 1801 1798
f 1799 1798 1800
f 1795 1797 1794
f 1795 1794 1796
f 1791 1793 1790
f 1791 1790 1792
f 1785 1787 1784
f 1785 1784 1786
f 1781 1783 1780
f 1781 1780 1782
f 1777 1779 1776
f 1777 1776 1778
f 1771 1773 1770
f 1771 1770 1772
f 1767 1769 1766
f 1767 1766 1768
f 1763 1765 1762
f 1763 1762 1764
f 1759 1761 1758
f 1759 1758 1760
f 1753 1755 1752
f 1753 1752 1754
f 1749 1751 1748
f 1749 1748 1750
f 1745 1747 1744
f 1745 1744 1746
f 1739 1741 1738
f 1739 1738 1740
f 1735 1737 1734
f 1735 1734 1736
f 1731 1733 1730
f 1731 1730 1732
f 1727 1729 1726
f 1727 1726 1728
f 1721 1723 1720
f 1721 1720 1722
f 1717 1719 1716
f 1717 1716 1718
f 1713 1715 1712
f 1713 1712 1714
f 1707 1709 1706
f 1707 1706 1708
f 1703 1705 1702
f 1703 1702 1704
f 1591 1593 1590
f 1591 1590 1592
f 1587 1589 1586
f 1587 1586 1588
f 1583 1585 1582
f 1583 1582 1584
f 1579 1581 1578
f 1579 1578 1580
f 1575 1577 1574
f 1575 1574 1576
f 1571 1573 1570
f 1571 1570 1572
f 1567 1569 1566
f 1567 1566 1568
f 1563 1565 1562
f 1563 1562 1564
f 1559 1561 1558
f 1559 1558 1560
f 1246 1245 1247
f 1248 1246 1247
f 1238 1240 1228
f 1238 1228 1239
f 1227 1228 1220
f 1227 1220 1218
f 1218 1220 1217
f 1218 1217 1219
f 1646 1647 1629
f 1646 1629 1627
f 1627 1629 1626
f 1627 1626 1628
f 1234 1235 1233
f 1234 1233 1223
f 1223 1224 1212
f 1223 1212 1210
f 1210 1212 1209
f 1210 1209 1211
f 1630 1631 1597
f 1630 1597 1595
f 1595 1597 1594
f 1595 1594 1596
f 1632 1633 1601
f 1632 1601 1599
f 1599 1601 1598
f 1599 1598 1600
f 1634 1635 1605
f 1634 1605 1603
f 1603 1605 1602
f 1603 1602 1604
f 1684 1685 1651
f 1684 1651 1649
f 1649 1651 1648
f 1649 1648 1650
f 1230 1232 1229
f 1230 1229 1231
f 1236 1237 1226
f 1236 1226 1225
f 1225 1226 1216
f 1225 1216 1214
f 1214 1216 1213
f 1214 1213 1215
f 1686 1687 1655
f 1686 1655 1653
f 1653 1655 1652
f 1653 1652 1654
f 1204 1206 1203
f 1204 1203 1205
f 1200 1202 1199
f 1200 1199 1201
f 1196 1198 1195
f 1196 1195 1197
f 1221 1222 1208
f 1221 1208 1207
f 1207 1208 1194
f 1207 1194 1192
f 3296 3295 1191
f 3296 1191 1193
f 2154 2155 2127
f 2154 2127 2126
f 2126 2127 2095
f 2126 2095 2094
f 2094 2095 2063
f 2094 2063 2062
f 2062 2063 2031
f 2062 2031 2030
f 2030 2031 1999
f 2030 1999 1998
f 1998 1999 1967
f 1998 1967 1966
f 1966 1967 1935
f 1966 1935 1934
f 1934 1935 1903
f 1934 1903 1902
f 1902 1903 1871
f 1902 1871 1870
f 1870 1871 1839
f 1870 1839 1838
f 1838 1839 1807
f 1838 1807 1806
f 1806 1807 1775
f 1806 1775 1774
f 1774 1775 1743
f 1774 1743 1742
f 1742 1743 1711
f 1742 1711 1710
f 1710 1711 1689
f 1710 1689 1688
f 3298 3297 1659
f 3298 1659 1657
f 1657 1659 1656
f 1657 1656 1658
f 1188 1190 1187
f 1188 1187 1189
f 1182 1184 1181
f 1182 1181 1183
f 1178 1180 1177
f 1178 1177 1179
f 1174 1176 1173
f 1174 1173 1175
f 1168 1170 1167
f 1168 1167 1169
f 1164 1166 1163
f 1164 1163 1165
f 1160 1162 1159
f 1160 1159 1161
f 1154 1156 1153
f 1154 1153 1155
f 1150 1152 1149
f 1150 1149 1151
f 1146 1148 1145
f 1146 1145 1147
f 1140 1142 1139
f 1140 1139 1141
f 1136 1138 1135
f 1136 1135 1137
f 1132 1134 1131
f 1132 1131 1133
f 1126 1128 1125
f 1126 1125 1127
f 1122 1124 1121
f 1122 1121 1123
f 1118 1120 1117
f 1118 1117 1119
f 1112 1114 1111
f 1112 1111 1113
f 1108 1110 1107
f 1108 1107 1109
f 1104 1106 1103
f 1104 1103 1105
f 1098 1100 1097
f 1098 1097 1099
f 1094 1096 1093
f 1094 1093 1095
f 1090 1092 1089
f 1090 1089 1091
f 1084 1086 1083
f 1084 1083 1085
f 1080 1082 1079
f 1080 1079 1081
f 1076 1078 1075
f 1076 1075 1077
f 1070 1072 1069
f 1070 1069 1071
f 1066 1068 1065
f 1066 1065 1067
f 1062 1064 1061
f 1062 1061 1063
f 1056 1058 1055
f 1056 1055 1057
f 1052 1054 1051
f 1052 1051 1053
f 1048 1050 1047
f 1048 1047 1049
f 1042 1044 1041
f 1042 1041 1043
f 1038 1040 1037
f 1038 1037 1039
f 1034 1036 1033
f 1034 1033 1035
f 1028 1030 1027
f 1028 1027 1029
f 1024 1026 1023
f 1024 1023 1025
f 1020 1022 1019
f 1020 1019 1021
f 1014 1016 1013
f 1014 1013 1015
f 1010 1012 1009
f 1010 1009 1011
f 1007 1008 1000
f 1007 1000 998
f 998 1000 997
f 998 997 999
f 1690 1691 1663
f 1690 1663 1661
f 1661 1663 1660
f 1661 1660 1662
f 1045 1046 1032
f 1045 1032 1031
f 1031 1032 1018
f 1031 1018 1017
f 1017 1018 1006
f 1017 1006 1005
f 3300 3299 996
f 3300 996 994
f 994 996 993
f 994 993 995
f 1692 1693 1667
f 1692 1667 1665
f 1665 1667 1664
f 1665 1664 1666
f 1115 1116 1102
f 1115 1102 1101
f 1101 1102 1088
f 1101 1088 1087
f 1087 1088 1074
f 1087 1074 1073
f 1073 1074 1060
f 1073 1060 1059
f 1059 1060 1046
f 1059 1046 1045
f 1185 1186 1172
f 1185 1172 1171
f 1171 1172 1158
f 1171 1158 1157
f 1157 1158 1144
f 1157 1144 1143
f 1143 1144 1130
f 1143 1130 1129
f 1129 1130 1116
f 1129 1116 1115
f 1003 1004 992
f 1003 992 990
f 990 992 989
f 990 989 991
f 1694 1695 1671
f 1694 1671 1669
f 1669 1671 1668
f 1669 1668 1670
f 1001 1002 988
f 1001 988 986
f 986 988 985
f 986 985 987
f 1698 1699 1679
f 1698 1679 1677
f 1677 1679 1676
f 1677 1676 1678
f 982 984 981
f 982 981 983
f 978 980 977
f 978 977 979
f 974 976 973
f 974 973 975
f 970 972 969
f 970 969 971
f 966 965 967
f 968 966 967
f 958 960 948
f 958 948 959
f 947 948 940
f 947 940 938
f 938 940 937
f 938 937 939
f 1700 1701 1683
f 1700 1683 1681
f 1681 1683 1680
f 1681 1680 1682
f 954 955 953
f 954 953 943
f 943 944 932
f 943 932 930
f 930 932 929
f 930 929 931
f 2164 2165 2145
f 2164 2145 2143
f 2143 2145 2142
f 2143 2142 2144
f 950 952 949
f 950 949 951
f 956 957 946
f 956 946 945
f 945 946 936
f 945 936 934
f 934 936 933
f 934 933 935
f 2166 2167 2149
f 2166 2149 2147
f 2147 2149 2146
f 2147 2146 2148
f 924 926 923
f 924 923 925
f 920 922 919
f 920 919 921
f 916 918 915
f 916 915 917
f 941 942 928
f 941 928 927
f 927 928 914
f 927 914 912
f 3302 3301 911
f 3302 911 913
f 2150 2151 2121
f 2150 2121 2119
f 2119 2121 2118
f 2119 2118 2120
f 2152 2153 2125
f 2152 2125 2123
f 2123 2125 2122
f 2123 2122 2124
f 2156 2157 2131
f 2156 2131 2129
f 2129 2131 2128
f 2129 2128 2130
f 2158 2159 2135
f 2158 2135 2133
f 2133 2135 2132
f 2133 2132 2134
f 2160 2161 2139
f 2160 2139 2137
f 2137 2139 2136
f 2137 2136 2138
f 2186 2184 2187
f 2184 2185 2187
f 2184 2182 2185
f 2182 2183 2185
f 2182 2180 2183
f 2180 2181 2183
f 2180 2178 2181
f 2178 2179 2181
f 2178 2176 2179
f 2176 2177 2179
f 2176 2174 2177
f 2174 2175 2177
f 2174 2173 2175
f 2173 2172 2175
f 2172 2173 2171
f 2171 2169 2172
f 2168 2169 2171
f 2169 2168 2170
f 908 910 907
f 908 907 909
f 902 904 901
f 902 901 903
f 898 900 897
f 898 897 899
f 894 896 893
f 894 893 895
f 888 890 887
f 888 887 889
f 884 886 883
f 884 883 885
f 880 882 879
f 880 879 881
f 874 876 873
f 874 873 875
f 870 872 869
f 870 869 871
f 866 868 865
f 866 865 867
f 860 862 859
f 860 859 861
f 856 858 855
f 856 855 857
f 852 854 851
f 852 851 853
f 846 848 845
f 846 845 847
f 842 844 841
f 842 841 843
f 838 840 837
f 838 837 839
f 832 834 831
f 832 831 833
f 828 830 827
f 828 827 829
f 824 826 823
f 824 823 825
f 818 820 817
f 818 817 819
f 814 816 813
f 814 813 815
f 810 812 809
f 810 809 811
f 804 806 803
f 804 803 805
f 800 802 799
f 800 799 801
f 796 798 795
f 796 795 797
f 790 792 789
f 790 789 791
f 786 788 785
f 786 785 787
f 782 784 781
f 782 781 783
f 776 778 775
f 776 775 777
f 772 774 771
f 772 771 773
f 768 770 767
f 768 767 769
f 762 764 761
f 762 761 763
f 758 760 757
f 758 757 759
f 754 756 753
f 754 753 755
f 748 750 747
f 748 747 749
f 744 746 743
f 744 743 745
f 740 742 739
f 740 739 741
f 734 736 733
f 734 733 735
f 730 732 729
f 730 729 731
f 727 728 720
f 727 720 718
f 718 720 717
f 718 717 719
f 268 270 267
f 268 267 269
f 272 274 271
f 3304 3303 273
f 278 280 277
f 278 277 279
f 282 284 281
f 282 281 283
f 286 288 285
f 3306 3305 287
f 292 294 291
f 3308 3307 293
f 296 298 295
f 296 295 297
f 300 302 299
f 3310 3309 301
f 306 308 305
f 3312 3311 307
f 310 312 309
f 310 309 311
f 314 316 313
f 3314 3313 315
f 320 322 319
f 3316 3315 321
f 324 326 323
f 324 323 325
f 328 330 327
f 3318 3317 329
f 334 336 333
f 3320 3319 335
f 338 340 337
f 338 337 339
f 342 344 341
f 3322 3321 343
f 348 350 347
f 3324 3323 349
f 381 382 368
f 381 368 367
f 367 368 354
f 367 354 352
f 3326 3325 351
f 3326 351 353
f 765 766 752
f 765 752 751
f 751 752 738
f 751 738 737
f 737 738 726
f 737 726 725
f 3328 3327 716
f 3328 716 714
f 714 716 713
f 714 713 715
f 356 358 355
f 3330 3329 357
f 360 362 359
f 360 359 361
f 364 366 363
f 3332 3331 365
f 383 384 372
f 383 372 370
f 370 372 369
f 3334 3333 371
f 394 395 393
f 3336 3335 383
f 835 836 822
f 835 822 821
f 821 822 808
f 821 808 807
f 807 808 794
f 807 794 793
f 793 794 780
f 793 780 779
f 779 780 766
f 779 766 765
f 905 906 892
f 905 892 891
f 891 892 878
f 891 878 877
f 877 878 864
f 877 864 863
f 863 864 850
f 863 850 849
f 849 850 836
f 849 836 835
f 723 724 712
f 723 712 710
f 710 712 709
f 710 709 711
f 396 397 386
f 396 386 385
f 385 386 376
f 385 376 374
f 374 376 373
f 374 373 375
f 721 722 708
f 721 708 706
f 706 708 705
f 706 705 707
f 387 388 380
f 387 380 378
f 378 380 377
f 3338 3337 379
f 398 400 3339
f 3340 388 399
f 702 704 701
f 702 701 703
f 698 700 697
f 698 697 699
f 694 696 693
f 694 693 695
f 690 692 689
f 690 689 691
f 686 685 687
f 688 686 687
f 678 680 668
f 678 668 679
f 667 668 660
f 667 660 658
f 658 660 657
f 658 657 659
f 390 392 389
f 390 389 391
f 406 405 407
f 408 406 407
f 410 412 409
f 410 409 411
f 414 416 413
f 414 413 415
f 418 420 417
f 418 417 419
f 422 424 421
f 422 421 423
f 441 442 428
f 441 428 426
f 426 428 425
f 426 425 427
f 674 675 673
f 674 673 663
f 663 664 652
f 663 652 650
f 650 652 649
f 650 649 651
f 443 444 432
f 443 432 430
f 430 432 429
f 430 429 431
f 670 672 669
f 670 669 671
f 676 677 666
f 676 666 665
f 665 666 656
f 665 656 654
f 654 656 653
f 654 653 655
f 447 448 440
f 447 440 438
f 438 440 437
f 438 437 439
f 644 646 643
f 644 643 645
f 640 642 639
f 640 639 641
f 636 638 635
f 636 635 637
f 661 662 648
f 661 648 647
f 647 648 634
f 647 634 632
f 3342 3341 631
f 3342 631 633
f 450 452 449
f 450 449 451
f 454 456 453
f 3344 3343 455
f 460 462 459
f 3346 3345 461
f 464 466 463
f 464 463 465
f 468 470 467
f 468 467 469
f 474 476 473
f 3348 3347 475
f 478 480 477
f 478 477 479
f 482 484 481
f 3350 3349 483
f 488 490 487
f 3352 3351 489
f 492 494 491
f 492 491 493
f 496 498 495
f 3354 3353 497
f 502 504 501
f 3356 3355 503
f 506 508 505
f 506 505 507
f 510 512 509
f 3358 3357 511
f 516 518 515
f 3360 3359 517
f 520 522 519
f 520 519 521
f 524 526 523
f 3362 3361 525
f 530 532 529
f 3364 3363 531
f 534 536 533
f 534 533 535
f 538 540 537
f 3366 3365 539
f 544 546 543
f 3368 3367 545
f 548 550 547
f 548 547 549
f 552 554 551
f 3370 3369 553
f 558 560 557
f 3372 3371 559
f 562 564 561
f 562 561 563
f 566 568 565
f 3374 3373 567
f 572 574 571
f 3376 3375 573
f 576 578 575
f 576 575 577
f 580 582 579
f 3378 3377 581
f 586 588 585
f 3380 3379 587
f 590 592 589
f 590 589 591
f 594 596 593
f 3382 3381 595
f 600 602 599
f 3384 3383 601
f 604 606 603
f 604 603 605
f 608 610 607
f 3386 3385 609
f 614 616 613
f 3388 3387 615
f 618 620 617
f 618 617 619
f 622 624 621
f 622 621 623
f 628 630 627
f 628 627 629
f 1294 1291 1292
f 1292 1291 1293
f 40 39 41
f 37 40 41
f 41 33 37
f 37 33 34
f 33 30 34
f 34 30 35
f 35 30 32
f 36 35 32
f 38 36 32
f 39 36 38
f 38 42 39
f 3389 29 31
f 3390 3389 31
f 39 42 41
f 45 41 42
f 44 41 45
f 43 41 44
f 47 43 44
f 51 43 47
f 47 50 51
f 50 49 51
f 49 52 51
f 48 52 49
f 49 46 48
f 48 46 42
f 46 45 42
f 58 57 53
f 54 58 53
f 53 51 54
f 54 51 55
f 55 51 52
f 56 55 52
f 52 57 56
f 56 57 58
f 69 72 71
f 68 72 69
f 69 66 68
f 68 66 62
f 66 65 62
f 65 61 62
f 62 61 60
f 61 59 60
f 60 59 57
f 59 53 57
f 70 69 71
f 67 70 71
f 71 63 67
f 67 63 64
f 63 61 64
f 64 61 65
f 79 76 78
f 78 82 79
f 79 82 81
f 80 79 81
f 77 80 81
f 81 73 77
f 77 73 74
f 73 71 74
f 74 71 75
f 75 71 72
f 76 75 72
f 78 76 72
f 86 85 82
f 88 86 82
f 89 86 88
f 88 92 89
f 89 92 91
f 90 89 91
f 87 90 91
f 91 83 87
f 87 83 84
f 83 81 84
f 84 81 85
f 85 81 82
f 3238 3237 3239
f 3240 3238 3239
f 3234 3233 3235
f 3236 3234 3235
f 3230 3229 3231
f 3232 3230 3231
f 2934 2933 2935
f 2935 2936 2934
f 2930 2929 2931
f 2932 2930 2931
f 2926 2925 2927
f 2928 2926 2927
f 2922 2921 2923
f 2924 2922 2923
f 2914 2913 2915
f 2916 2914 2915
f 2910 2909 2911
f 2912 2910 2911
f 2906 2905 2907
f 2908 2906 2907
f 1375 1374 1376
f 1376 1377 1375
f 1377 1376 1378
f 2917 2918 2920
f 2918 2917 2919
f 1384 1383 1385
f 1385 1383 1386
f 1382 1379 1380
f 1380 1379 1381
f 1358 1357 1359
f 1359 1357 1360
f 1356 1353 1354
f 1354 1353 1355
f 1350 1349 1351
f 1351 1349 1352
f 1348 1345 1346
f 1346 1345 1347
f 1341 1340 1342
f 1342 1340 1343
f 1343 1344 1342
f 1370 1369 1371
f 1371 1372 1370
f 1373 1370 1372
f 1366 1365 1367
f 1367 1368 1366
f 1362 1361 1363
f 1363 1364 1362
f 1325 1326 1324
f 1324 1322 1325
f 1323 1322 1324
f 1336 1339 1338
f 1338 1335 1336
f 1336 1335 1337
f 1332 1331 1333
f 1333 1331 1334
f 1330 1327 1328
f 1328 1327 1329
f 1318 1321 1320
f 1320 1317 1318
f 1318 1317 1319
f 1314 1313 1315
f 1315 1313 1316
f 1312 1309 1310
f 1310 1309 1311
f 1307 1305 1308
f 1304 1305 1307
f 1305 1304 1306
f 1300 1299 1301
f 1302 1301 1299
f 1303 1301 1302
f 2229 2228 2227
f 2228 2226 2227
f 2227 2226 2225
f 2226 2224 2225
f 2225 2224 2223
f 2224 2222 2223
f 2223 2222 2221
f 2222 2220 2221
f 2221 2220 2219
f 2220 2218 2219
f 2219 2218 2217
f 2218 2216 2217
f 2217 2216 2215
f 2216 2214 2215
f 2215 2214 2213
f 2214 2212 2213
f 2213 2212 2211
f 2212 2210 2211
f 2211 2210 2209
f 2210 2208 2209
f 2209 2208 2207
f 2208 2206 2207
f 2207 2206 2205
f 2206 2204 2205
f 2205 2204 2203
f 2204 2201 2203
f 3392 3391 2202
f 3391 2200 2202
f 1282 1281 1283
f 1284 1283 1281
f 1285 1283 1284
f 1296 1295 1297
f 1297 1295 1298
f 1289 1287 1290
f 1286 1287 1289
f 1287 1286 1288
f 1511 1509 1510
f 1509 1508 1510
f 1555 1554 1556
f 1557 1555 1556
f 1513 1512 1514
f 1515 1513 1514
f 1549 1548 1547
f 1548 1546 1547
f 1547 1546 1545
f 1546 1544 1545
f 1545 1544 1543
f 1544 1542 1543
f 1543 1542 1541
f 1542 1540 1541
f 1541 1540 1539
f 1540 1538 1539
f 1539 1538 1537
f 1538 1536 1537
f 1537 1536 1535
f 1536 1534 1535
f 1535 1534 1533
f 1534 1532 1533
f 1533 1532 1531
f 1532 1530 1531
f 1531 1530 1529
f 1530 1528 1529
f 1529 1528 1527
f 1528 1526 1527
f 1527 1526 1525
f 1526 1524 1525
f 1525 1524 1523
f 1524 1521 1523
f 3394 3393 1522
f 3393 1520 1522
f 3278 3277 3279
f 3279 3277 3280
