# from FinancialDistrict_Block24_Industrial Zone (LC)_0003_LOD_0.pskx
v 609.889892578125 1597.38330078125 -0.025160640478134155
v 609.889892578125 1647.433349609375 -0.02516501024365425
v 609.889892578125 1597.38330078125 600.0248413085938
v 609.889892578125 1647.433349609375 600.0248413085938
v 609.9149169921875 1647.4083251953125 -0.02516501024365425
v -990.1351318359375 1647.408203125 -0.025234948843717575
v 609.9149169921875 1647.4083251953125 600.0248413085938
v -990.1351318359375 1647.4083251953125 600.0247802734375
v -990.110107421875 1647.4332275390625 -0.025234954431653023
v -990.110107421875 1597.3831787109375 -0.025230571627616882
v -990.110107421875 1647.433349609375 600.0247802734375
v -990.110107421875 1597.38330078125 600.0247802734375
v -1015.1107177734375 1672.457763671875 609.999755859375
v -1015.1107177734375 1597.40771484375 609.999755859375
v 634.9393310546875 1597.4078369140625 609.9998168945312
v 634.9393310546875 1672.4578857421875 609.9998168945312
v -1015.1107177734375 1672.457763671875 584.999755859375
v 634.9393310546875 1597.40771484375 584.9998168945312
v -1015.1107177734375 1597.40771484375 584.999755859375
v 634.9393310546875 1672.457763671875 584.9998168945312
v -1015.085693359375 1672.457763671875 610.0247802734375
v -1015.085693359375 1597.40771484375 584.9747314453125
v -1015.085693359375 1597.40771484375 610.0247802734375
v -1015.085693359375 1672.457763671875 584.9747314453125
v -1015.1107177734375 1597.4327392578125 610.0247802734375
v 634.9393310546875 1597.4327392578125 584.9747924804688
v 634.9393310546875 1597.432861328125 610.0248413085938
v -1015.1107177734375 1597.4327392578125 584.9747314453125
v 634.914306640625 1597.4078369140625 610.0248413085938
v 634.914306640625 1672.457763671875 584.9747924804688
v 634.914306640625 1672.4578857421875 610.0248413085938
v 634.914306640625 1597.40771484375 584.9747924804688
v 634.9393310546875 1672.432861328125 610.0248413085938
v -1015.1107177734375 1672.4327392578125 584.9747314453125
v -1015.1107177734375 1672.4327392578125 610.0247802734375
v 634.9393310546875 1672.4327392578125 584.9747924804688
v -990.110107421875 1597.4083251953125 599.999755859375
v 609.9149169921875 1597.38330078125 599.9998168945312
v 609.9149169921875 1647.433349609375 599.9998168945312
v -990.1351318359375 1647.433349609375 599.999755859375
v 734.9149169921875 1597.4327392578125 -0.02515517733991146
v -1115.1351318359375 1597.408203125 -0.025236042216420174
v 734.9149169921875 1597.4327392578125 600.0248413085938
v -1115.1351318359375 1597.4083251953125 600.0247802734375
v -1115.110107421875 1597.4332275390625 -0.02523605152964592
v -1115.110107421875 -802.6168212890625 -0.0250262301415205
v -1115.110107421875 97.9569320678711 110.02489471435547
v -1115.110107421875 97.9570541381836 306.9118957519531
v -1115.110107421875 -197.89785766601562 306.91192626953125
v -1115.110107421875 -368.8886413574219 309.9749450683594
v -1115.110107421875 -668.838623046875 309.9749450683594
v -1115.110107421875 1597.433349609375 600.0247802734375
v -1115.110107421875 -802.6168212890625 600.0250244140625
v -1115.110107421875 -197.89797973632812 110.0249252319336
v -1115.110107421875 -668.8387451171875 110.02496337890625
v -1115.110107421875 -368.8887634277344 110.02494049072266
v -1115.1351318359375 -802.591796875 -0.0250262264162302
v 734.9149169921875 -802.57958984375 -0.02494536153972149
v -1115.1351318359375 -802.591796875 600.0250244140625
v 734.9149169921875 -802.579345703125 600.0250854492188
v 734.889892578125 -802.6046142578125 -0.024945348501205444
v 734.889892578125 1597.457763671875 -0.025155173614621162
v 734.889892578125 -802.6043701171875 600.0250854492188
v 734.889892578125 1597.457763671875 600.0248413085938
v 724.9149169921875 1587.4326171875 605.1249389648438
v -1105.1351318359375 1587.408447265625 589.9747924804688
v 724.9149169921875 1587.4326171875 589.974853515625
v -1105.1351318359375 1587.408447265625 605.1248779296875
v 724.9075927734375 1587.389892578125 589.9998779296875
v -1125.1278076171875 1607.41552734375 589.999755859375
v 744.9075927734375 1607.440185546875 589.9998168945312
v -1105.1278076171875 1587.36572265625 589.9998168945312
v 744.9149169921875 1607.4327392578125 589.9746704101562
v -1125.1473388671875 1607.420654296875 592.653076171875
v 744.9273681640625 1607.4454345703125 592.6531372070312
v -1125.1351318359375 1607.4080810546875 589.9746704101562
v 744.9210205078125 1607.4083251953125 592.6091918945312
v -1134.9696044921875 1617.256591796875 597.6873168945312
v 754.7498779296875 1617.2816162109375 597.6873779296875
v -1125.1409912109375 1607.383544921875 592.609130859375
v 754.7562255859375 1617.274169921875 597.6585083007812
v -1134.9759521484375 1617.2490234375 602.430908203125
v 754.7559814453125 1617.2740478515625 602.4309692382812
v -1134.9759521484375 1617.2491455078125 597.658447265625
v 754.7486572265625 1617.2813720703125 602.4059448242188
v -1125.0775146484375 1607.3150634765625 602.4359130859375
v 744.8572998046875 1607.33984375 602.4359741210938
v -1134.9686279296875 1617.25634765625 602.4058837890625
v 744.8646240234375 1607.382568359375 602.4108276367188
v -1125.0906982421875 1607.36376953125 605.124755859375
v 744.8704833984375 1607.388427734375 605.1248168945312
v -1125.0848388671875 1607.3577880859375 602.4107666015625
v 744.8631591796875 1607.395751953125 605.099853515625
v -1105.1278076171875 1587.36572265625 605.099853515625
v 724.9075927734375 1587.389892578125 605.0999145507812
v -1125.0833740234375 1607.37109375 605.0997924804688
v -1105.110107421875 1587.4334716796875 605.1248779296875
v -1105.110107421875 -792.61669921875 589.9749755859375
v -1105.110107421875 1587.4334716796875 589.9747924804688
v -1105.110107421875 -792.61669921875 605.1250610351562
v -1105.0673828125 1587.4261474609375 589.9998168945312
v -1125.117431640625 -812.6094970703125 590.0
v -1125.117431640625 1607.4259033203125 589.999755859375
v -1105.0673828125 -792.609375 590.0
v -1125.1099853515625 1607.4332275390625 589.974609375
v -1125.1224365234375 -812.6292724609375 592.6533203125
v -1125.1224365234375 1607.445556640625 592.653076171875
v -1125.1099853515625 -812.6168212890625 589.974853515625
v -1125.0853271484375 1607.439208984375 592.609130859375
v -1134.9583740234375 -822.4517822265625 597.6875610351562
v -1134.9583740234375 1617.267822265625 597.6873168945312
v -1125.0853271484375 -812.6229248046875 592.609375
v -1134.950927734375 1617.274169921875 597.658447265625
v -1134.950927734375 -822.4581298828125 602.43115234375
v -1134.950927734375 1617.2740478515625 602.430908203125
v -1134.950927734375 -822.4581298828125 597.65869140625
v -1134.958251953125 1617.2667236328125 602.4058837890625
v -1125.01708984375 -812.5592041015625 602.4361572265625
v -1125.01708984375 1607.37548828125 602.4359130859375
v -1134.958251953125 -822.4508056640625 602.4061279296875
v -1125.059814453125 1607.3828125 602.4107055664062
v -1125.065673828125 -812.5723876953125 605.125
v -1125.065673828125 1607.3887939453125 605.124755859375
v -1125.059814453125 -812.5665283203125 602.4110107421875
v -1125.072998046875 1607.3814697265625 605.0997924804688
v -1105.0673828125 -792.609375 605.1000366210938
v -1105.0673828125 1587.4261474609375 605.099853515625
v -1125.072998046875 -812.5650634765625 605.1000366210938
v -1105.1351318359375 -792.5916748046875 605.1250610351562
v 724.9149169921875 -792.57958984375 589.9750366210938
v -1105.1351318359375 -792.5916748046875 589.9749755859375
v 724.9149169921875 -792.57958984375 605.1251220703125
v -1105.1278076171875 -792.5490112304688 590.0
v 744.9075927734375 -812.58642578125 590.0000610351562
v -1125.1278076171875 -812.59912109375 590.0
v 724.9075927734375 -792.5369262695312 590.0000610351562
v -1125.1351318359375 -812.5916748046875 589.9749145507812
v 744.9273681640625 -812.5916748046875 592.6533813476562
v -1125.1473388671875 -812.6043701171875 592.6533203125
v 744.9149169921875 -812.5789794921875 589.9749145507812
v -1125.1409912109375 -812.5672607421875 592.609375
v 754.7498779296875 -822.4278564453125 597.6876220703125
v -1134.9696044921875 -822.4405517578125 597.6875610351562
v 744.9210205078125 -812.5545654296875 592.6094360351562
v -1134.9759521484375 -822.43310546875 597.65869140625
v 754.7559814453125 -822.420166015625 602.4312133789062
v -1134.9759521484375 -822.43310546875 602.43115234375
v 754.7562255859375 -822.42041015625 597.6587524414062
v -1134.9686279296875 -822.4404296875 602.4061279296875
v 744.8572998046875 -812.4861450195312 602.4362182617188
v -1125.0775146484375 -812.4988403320312 602.4361572265625
v 754.7486572265625 -822.427490234375 602.4061889648438
v -1125.0848388671875 -812.5414428710938 602.4110107421875
v 744.8704833984375 -812.5347290039062 605.1250610351562
v -1125.0906982421875 -812.5474243164062 605.125
v 744.8646240234375 -812.5287475585938 602.4110717773438
v -1125.0833740234375 -812.5546875 605.1000366210938
v 724.9075927734375 -792.5369262695312 605.10009765625
v -1105.1278076171875 -792.5490112304688 605.1000366210938
v 744.8631591796875 -812.5419921875 605.10009765625
v 724.889892578125 -792.6046142578125 605.1251220703125
v 724.889892578125 1587.4576416015625 589.974853515625
v 724.889892578125 -792.6046142578125 589.9750366210938
v 724.889892578125 1587.4576416015625 605.1249389648438
v 724.8472290039062 -792.5972900390625 590.0000610351562
v 744.897216796875 1607.4505615234375 589.9998168945312
v 744.897216796875 -812.5968017578125 590.0000610351562
v 724.8472290039062 1587.4503173828125 589.9998779296875
v 744.8897705078125 -812.6041259765625 589.9749145507812
v 744.9024658203125 1607.4703369140625 592.6531372070312
v 744.9024658203125 -812.6165771484375 592.6533813476562
v 744.8897705078125 1607.4578857421875 589.9746704101562
v 744.8653564453125 -812.6102294921875 592.6094360351562
v 754.7386474609375 1617.2928466796875 597.6873779296875
v 754.7386474609375 -822.4390869140625 597.6876220703125
v 744.8653564453125 1607.4639892578125 592.6091918945312
v 754.731201171875 -822.4454345703125 597.6587524414062
v 754.73095703125 1617.299072265625 602.4309692382812
v 754.73095703125 -822.4451904296875 602.4312133789062
v 754.731201171875 1617.2991943359375 597.6585083007812
v 754.73828125 -822.4378662109375 602.4061889648438
v 744.7969360351562 1607.4002685546875 602.4359741210938
v 744.7969360351562 -812.5465087890625 602.4362182617188
v 754.73828125 1617.291748046875 602.4059448242188
v 744.8395385742188 -812.5538330078125 602.4110717773438
v 744.8455200195312 1607.4134521484375 605.1248168945312
v 744.8455200195312 -812.5596923828125 605.1250610351562
v 744.8395385742188 1607.4075927734375 602.4108276367188
v 744.852783203125 -812.5523681640625 605.10009765625
v 724.8472290039062 1587.4503173828125 605.0999145507812
v 724.8472290039062 -792.5972900390625 605.10009765625
v 744.852783203125 1607.4061279296875 605.099853515625
v -1115.1351318359375 98.0070571899414 306.9368896484375
v -1105.0875244140625 98.0070571899414 306.9368896484375
v -1115.1351318359375 -197.94784545898438 306.9369201660156
v -1105.0875244140625 -197.94784545898438 306.9369201660156
v -1115.1351318359375 98.0069351196289 109.99989318847656
v -1115.1351318359375 -197.94796752929688 109.99992370605469
v -1105.0875244140625 98.0069351196289 109.99989318847656
v -1105.0875244140625 -197.94796752929688 109.99992370605469
v -1105.0875244140625 97.9820556640625 306.9618835449219
v -1115.1351318359375 97.98193359375 109.97489166259766
v -1105.0875244140625 97.98193359375 109.97489166259766
v -1115.1351318359375 97.9820556640625 306.9618835449219
v -1105.0875244140625 -197.9228515625 306.9619140625
v -1105.0875244140625 -197.9229736328125 109.97492218017578
v -1115.1351318359375 -197.9229736328125 109.97492218017578
v -1115.1351318359375 -197.9228515625 306.9619140625
v -1115.1351318359375 -368.8386535644531 309.99993896484375
v -1105.0875244140625 -368.8386535644531 309.99993896484375
v -1115.1351318359375 -668.888671875 309.99993896484375
v -1105.0875244140625 -668.888671875 309.99993896484375
v -1115.1351318359375 -368.8387756347656 109.99993896484375
v -1115.1351318359375 -668.8887939453125 109.99996185302734
v -1105.0875244140625 -368.8387756347656 109.99993896484375
v -1105.0875244140625 -668.8887939453125 109.99996185302734
v -1105.0875244140625 -368.8636474609375 310.0249328613281
v -1115.1351318359375 -368.86376953125 109.97493743896484
v -1105.0875244140625 -368.86376953125 109.97493743896484
v -1115.1351318359375 -368.8636474609375 310.0249328613281
v -1105.0875244140625 -668.8636474609375 310.0249328613281
v -1105.0875244140625 -668.86376953125 109.97496032714844
v -1115.1351318359375 -668.86376953125 109.97496032714844
v -1115.1351318359375 -668.8636474609375 310.0249328613281
v 609.8648681640625 1597.4561767578125 599.9998168945312
v 609.8648681640625 -752.566650390625 600.0000610351562
v 734.9149169921875 1597.457763671875 599.9998168945312
v -990.0850830078125 -752.566650390625 600.0
v -1115.1351318359375 -802.6168212890625 600.0
v 734.9149169921875 -802.6043701171875 600.0000610351562
v -1115.1351318359375 1597.433349609375 599.999755859375
v -990.1351318359375 1647.433349609375 599.999755859375
v 609.9149169921875 1647.433349609375 599.9998168945312
v -990.1351318359375 1597.3848876953125 599.999755859375
v 609.9149169921875 1597.4061279296875 599.9998168945312
v -990.1337890625 1647.433349609375 599.9918212890625
v -990.1337890625 -752.61669921875 599.9920654296875
v -800.42138671875 1172.38330078125 663.46875
v -588.04443359375 152.38320922851562 734.5292358398438
v -588.04443359375 -267.5668029785156 734.5292358398438
v -392.3495788574219 1647.433349609375 800.0076904296875
v -588.04443359375 1172.38330078125 734.5291137695312
v -588.04443359375 242.43331909179688 734.5291748046875
v -588.04443359375 662.3832397460938 734.5291748046875
v -588.04443359375 752.433349609375 734.5291748046875
v -392.3495788574219 -752.61669921875 800.0079345703125
v -800.42138671875 752.433349609375 663.4688110351562
v -800.42138671875 -267.5668029785156 663.4688720703125
v -800.42138671875 662.3832397460938 663.4688110351562
v -800.42138671875 242.43331909179688 663.4688110351562
v -800.42138671875 152.38320922851562 663.4688720703125
v -990.1180419921875 -752.5916748046875 599.9987182617188
v 609.8978271484375 -752.5916748046875 599.998779296875
v -220.08511352539062 -752.5916748046875 680.0250244140625
v -220.08511352539062 -752.5916748046875 745.6749267578125
v -154.73519897460938 -752.5916748046875 745.6749267578125
v -392.3812255859375 -752.5916748046875 800.0487060546875
v 12.161008834838867 -752.5916748046875 800.0487060546875
v -154.73519897460938 -752.5916748046875 680.0250244140625
v 609.91357421875 -752.61669921875 599.9921264648438
v 609.91357421875 1647.433349609375 599.9918823242188
v 420.2013854980469 -277.5666809082031 663.4689331054688
v 207.82473754882812 742.4334716796875 734.5292358398438
v 207.82473754882812 1162.383544921875 734.5291748046875
v 12.12936782836914 -752.61669921875 800.0079345703125
v 207.82473754882812 -277.5666809082031 734.529296875
v 207.82473754882812 652.3833618164062 734.5292358398438
v 207.82473754882812 232.43344116210938 734.5292358398438
v 207.82473754882812 142.38333129882812 734.529296875
v 12.12936782836914 1647.433349609375 800.0076904296875
v 420.2013854980469 142.38333129882812 663.4689331054688
v 420.2013854980469 1162.383544921875 663.4688110351562
v 420.2013854980469 232.43344116210938 663.4688720703125
v 420.2013854980469 652.3833618164062 663.4688720703125
v 420.2013854980469 742.4334716796875 663.4688720703125
v 609.8978271484375 1647.4083251953125 599.99853515625
v -990.1180419921875 1647.4083251953125 599.9984741210938
v 12.161008834838867 1647.4083251953125 800.0484619140625
v -392.3812255859375 1647.4083251953125 800.0484619140625
v -588.0286865234375 1172.433349609375 734.5607299804688
v -584.8399658203125 1172.433349609375 725.0300903320312
v -588.0286865234375 752.38330078125 734.560791015625
v -584.8399658203125 752.38330078125 725.0301513671875
v -800.4530029296875 1172.433349609375 663.4844970703125
v -800.4530029296875 752.38330078125 663.4845581054688
v -797.2642822265625 1172.433349609375 653.953857421875
v -797.2642822265625 752.38330078125 653.9539184570312
v -584.8162841796875 1172.4083251953125 725.0380249023438
v -800.4766845703125 1172.4083251953125 663.4765625
v -797.2879638671875 1172.4083251953125 653.9459228515625
v -588.0050048828125 1172.4083251953125 734.5686645507812
v -584.8162841796875 752.4083251953125 725.0380859375
v -797.2879638671875 752.4083251953125 653.9459838867188
v -800.4766845703125 752.4083251953125 663.4766235351562
v -588.0050048828125 752.4083251953125 734.5687255859375
v -588.0286865234375 662.4332885742188 734.560791015625
v -584.8399658203125 662.4332885742188 725.0301513671875
v -588.0286865234375 242.38333129882812 734.560791015625
v -584.8399658203125 242.38333129882812 725.0301513671875
v -800.4530029296875 662.4332885742188 663.4845581054688
v -800.4530029296875 242.38333129882812 663.4845581054688
v -797.2642822265625 662.4332885742188 653.9539184570312
v -797.2642822265625 242.38333129882812 653.9539184570312
v -584.8162841796875 662.4082641601562 725.0380859375
v -800.4766845703125 662.4082641601562 663.4766235351562
v -797.2879638671875 662.4082641601562 653.9459838867188
v -588.0050048828125 662.4082641601562 734.5687255859375
v -584.8162841796875 242.4083251953125 725.0380859375
v -797.2879638671875 242.4083251953125 653.9459838867188
v -800.4766845703125 242.4083251953125 663.4766235351562
v -588.0050048828125 242.4083251953125 734.5687255859375
v -588.0286865234375 152.43319702148438 734.5608520507812
v -584.8399658203125 152.43319702148438 725.0302124023438
v -588.0286865234375 -267.6167907714844 734.5608520507812
v -584.8399658203125 -267.6167907714844 725.0302124023438
v -800.4530029296875 152.43319702148438 663.484619140625
v -800.4530029296875 -267.6167907714844 663.484619140625
v -797.2642822265625 152.43319702148438 653.9539794921875
v -797.2642822265625 -267.6167907714844 653.9539794921875
v -584.8162841796875 152.408203125 725.0381469726562
v -800.4766845703125 152.408203125 663.4766845703125
v -797.2879638671875 152.408203125 653.946044921875
v -588.0050048828125 152.408203125 734.5687866210938
v -584.8162841796875 -267.591796875 725.0381469726562
v -797.2879638671875 -267.591796875 653.946044921875
v -800.4766845703125 -267.591796875 663.4766845703125
v -588.0050048828125 -267.591796875 734.5687866210938
v 204.6199951171875 -277.6166687011719 725.0302734375
v 207.8089599609375 142.43331909179688 734.5609130859375
v 207.8089599609375 -277.6166687011719 734.5609130859375
v 204.6199951171875 142.43331909179688 725.0302734375
v 417.0440673828125 -277.6166687011719 653.9540405273438
v 420.2330322265625 -277.6166687011719 663.4846801757812
v 420.2330322265625 142.43331909179688 663.4846801757812
v 417.0440673828125 142.43331909179688 653.9540405273438
v 204.59628295898438 -277.5916748046875 725.0382080078125
v 420.2567443847656 -277.5916748046875 663.4767456054688
v 417.0677795410156 -277.5916748046875 653.9461059570312
v 207.78524780273438 -277.5916748046875 734.56884765625
v 204.59628295898438 142.4083251953125 725.0382080078125
v 417.0677795410156 142.4083251953125 653.9461059570312
v 420.2567443847656 142.4083251953125 663.4767456054688
v 207.78524780273438 142.4083251953125 734.56884765625
v 204.6199951171875 232.38345336914062 725.0302124023438
v 207.8089599609375 652.4334106445312 734.5608520507812
v 207.8089599609375 232.38345336914062 734.5608520507812
v 204.6199951171875 652.4334106445312 725.0302124023438
v 417.0440673828125 232.38345336914062 653.9539794921875
v 420.2330322265625 232.38345336914062 663.484619140625
v 420.2330322265625 652.4334106445312 663.484619140625
v 417.0440673828125 652.4334106445312 653.9539794921875
v 204.59628295898438 232.408447265625 725.0381469726562
v 420.2567443847656 232.408447265625 663.4766845703125
v 417.0677795410156 232.408447265625 653.946044921875
v 207.78524780273438 232.408447265625 734.5687866210938
v 204.59628295898438 652.4083862304688 725.0381469726562
v 417.0677795410156 652.4083862304688 653.946044921875
v 420.2567443847656 652.4083862304688 663.4766845703125
v 207.78524780273438 652.4083862304688 734.5687866210938
v 204.6199951171875 742.3834228515625 725.0302124023438
v 207.8089599609375 1162.43359375 734.560791015625
v 207.8089599609375 742.3834228515625 734.5608520507812
v 204.6199951171875 1162.43359375 725.0301513671875
v 417.0440673828125 742.3834228515625 653.9539794921875
v 420.2330322265625 742.3834228515625 663.484619140625
v 420.2330322265625 1162.43359375 663.4845581054688
v 417.0440673828125 1162.43359375 653.9539184570312
v 204.59628295898438 742.408447265625 725.0381469726562
v 420.2567443847656 742.408447265625 663.4766845703125
v 417.0677795410156 742.408447265625 653.946044921875
v 207.78524780273438 742.408447265625 734.5687866210938
v 204.59628295898438 1162.4085693359375 725.0380859375
v 417.0677795410156 1162.4085693359375 653.9459838867188
v 420.2567443847656 1162.4085693359375 663.4766235351562
v 207.78524780273438 1162.4085693359375 734.5687255859375
v 12.100069046020508 1637.3857421875 810.0077514648438
v 609.93798828125 1637.3857421875 609.991943359375
v 609.9501953125 1657.4310302734375 609.991943359375
v 12.11228084564209 1657.4554443359375 810.0077514648438
v 12.100069046020508 1637.3857421875 800.0076904296875
v 609.9501953125 1657.4310302734375 599.991943359375
v 609.93798828125 1637.3857421875 599.991943359375
v 12.11228084564209 1657.4554443359375 800.0076904296875
v 12.136001586914062 1657.4554443359375 810.0248413085938
v 12.123764038085938 1637.3857421875 799.9747314453125
v 12.123764038085938 1637.3857421875 810.0248413085938
v 12.136001586914062 1657.4554443359375 799.9747314453125
v 12.106711387634277 1637.4107666015625 810.0234985351562
v 609.931396484375 1637.4107666015625 599.9761962890625
v 609.947265625 1637.4107666015625 610.0235595703125
v 12.09084701538086 1637.4107666015625 799.97607421875
v 609.914306640625 1637.3857421875 610.02490234375
v 609.926513671875 1657.4310302734375 599.974853515625
v 609.926513671875 1657.4310302734375 610.02490234375
v 609.914306640625 1637.3857421875 599.974853515625
v 609.95947265625 1657.406005859375 610.0235595703125
v 12.10305404663086 1657.430419921875 799.97607421875
v 12.118918418884277 1657.430419921875 810.0234985351562
v 609.943603515625 1657.406005859375 599.9761962890625
v -990.09716796875 1657.430908203125 609.9918212890625
v -990.109375 1637.3856201171875 609.9918212890625
v -392.2958679199219 1637.3857421875 810.0077514648438
v -392.2836608886719 1657.4432373046875 810.0077514648438
v -990.09716796875 1657.430908203125 599.9918212890625
v -392.2958679199219 1637.3857421875 800.0076904296875
v -990.109375 1637.3856201171875 599.9918212890625
v -392.2836608886719 1657.4432373046875 800.0076904296875
v -990.073486328125 1657.430908203125 610.0247802734375
v -990.085693359375 1637.3856201171875 599.9747314453125
v -990.085693359375 1637.3856201171875 610.0247802734375
v -990.073486328125 1657.430908203125 599.9747314453125
v -990.11865234375 1637.41064453125 610.0234375
v -392.2866516113281 1637.4107666015625 799.97607421875
v -392.3025207519531 1637.4107666015625 810.0234985351562
v -990.102783203125 1637.41064453125 599.97607421875
v -392.319580078125 1637.3857421875 810.0248413085938
v -392.307373046875 1657.4432373046875 799.9747314453125
v -392.307373046875 1657.4432373046875 810.0248413085938
v -392.319580078125 1637.3857421875 799.9747314453125
v -392.2903137207031 1657.418212890625 810.0234985351562
v -990.090576171875 1657.4058837890625 599.97607421875
v -990.1064453125 1657.4058837890625 610.0234375
v -392.2744445800781 1657.418212890625 799.97607421875
v -392.3982849121094 1647.433349609375 799.999755859375
v -392.3982849121094 -752.61669921875 800.0
v 12.178075790405273 1647.433349609375 799.999755859375
v 12.178075790405273 -752.61669921875 800.0
v -392.373291015625 1647.433349609375 799.9747314453125
v -392.373291015625 -752.61669921875 799.9749755859375
v -392.373291015625 -752.61669921875 810.0250854492188
v -392.373291015625 1647.433349609375 810.0248413085938
v -382.37353515625 1637.433349609375 799.9747314453125
v -382.37353515625 1637.433349609375 810.0248413085938
v -382.37353515625 -742.61669921875 810.0250854492188
v -382.37353515625 -742.61669921875 799.9749755859375
v -392.3982849121094 -752.5916748046875 799.9749755859375
v 12.178075790405273 -752.5916748046875 799.9749755859375
v 12.178075790405273 -752.5916748046875 810.0250854492188
v -392.3982849121094 -752.5916748046875 810.0250854492188
v -382.3985290527344 -742.5916748046875 799.9749755859375
v -382.3985290527344 -742.5916748046875 810.0250854492188
v 2.1778321266174316 -742.5916748046875 810.0250854492188
v 2.1778321266174316 -742.5916748046875 799.9749755859375
v 12.153076171875 -752.61669921875 799.9749755859375
v 12.153076171875 1647.433349609375 799.9747314453125
v 12.153076171875 1647.433349609375 810.0248413085938
v 12.153076171875 -752.61669921875 810.0250854492188
v 2.15283203125 -742.61669921875 799.9749755859375
v 2.15283203125 -742.61669921875 810.0250854492188
v 2.15283203125 1637.433349609375 810.0248413085938
v 2.15283203125 1637.433349609375 799.9747314453125
v 12.178075790405273 1647.4083251953125 799.9747314453125
v -392.3982849121094 1647.4083251953125 799.9747314453125
v -392.3982849121094 1647.4083251953125 810.0248413085938
v 12.178075790405273 1647.4083251953125 810.0248413085938
v 2.1778321266174316 1637.4083251953125 799.9747314453125
v 2.1778321266174316 1637.4083251953125 810.0248413085938
v -382.3985290527344 1637.4083251953125 810.0248413085938
v -382.3985290527344 1637.4083251953125 799.9747314453125
v -392.380615234375 1647.426025390625 809.9998168945312
v -392.38580322265625 -752.6041870117188 810.0000610351562
v -382.33087158203125 -742.609375 810.0000610351562
v -382.3912048339844 1637.3656005859375 809.9998168945312
v 12.165575981140137 -752.6041870117188 810.0000610351562
v 2.1705095767974854 -742.5490112304688 810.0000610351562
v 12.165575981140137 1647.4207763671875 809.9998168945312
v 2.110154628753662 1637.426025390625 809.9998168945312
v 1134.9149169921875 1147.4083251953125 -0.025098351761698723
v 734.8648681640625 1147.4083251953125 -0.025115836411714554
v 1134.9149169921875 1147.4083251953125 399.9998779296875
v 734.8648681640625 1147.4083251953125 399.9998779296875
v 734.8648681640625 -502.5916748046875 -0.02497158758342266
v 1134.9149169921875 -502.5916748046875 -0.02495410293340683
v 734.8648681640625 -502.5916748046875 400.0000305175781
v 1134.9149169921875 -502.5916748046875 400.0000305175781
v 734.8648681640625 1147.433349609375 399.9998779296875
v 734.8648681640625 -502.6166687011719 400.0000305175781
v 1134.9149169921875 1147.433349609375 399.9998779296875
v 1134.9149169921875 -502.6166687011719 400.0000305175781
v 734.9259033203125 77.45043182373047 424.9999694824219
v 1134.9759521484375 77.45039367675781 424.9999694824219
v 1134.9393310546875 27.4003963470459 424.9999694824219
v 734.8892822265625 27.400432586669922 424.9999694824219
v 734.8648681640625 -502.6166687011719 400.0000305175781
v 884.9149169921875 -477.5666809082031 400.0000305175781
v 884.9149169921875 -502.6166687011719 400.0000305175781
v 734.8648681640625 -477.5666809082031 400.0000305175781
v 984.8648681640625 -477.5666809082031 400.0000305175781
v 1134.9149169921875 -477.5666809082031 400.0000305175781
v 984.8648681640625 -502.6166687011719 400.0000305175781
v 1134.9149169921875 -502.6166687011719 400.0000305175781
v 984.8648681640625 1147.433349609375 399.9998779296875
v 1134.9149169921875 1147.433349609375 399.9998779296875
v 984.8648681640625 1122.38330078125 399.9998779296875
v 1134.9149169921875 1122.38330078125 399.9998779296875
v 734.8648681640625 1122.38330078125 399.9998779296875
v 884.9149169921875 1147.433349609375 399.9998779296875
v 884.9149169921875 1122.38330078125 399.9998779296875
v 734.8648681640625 1147.433349609375 399.9998779296875
v 1134.9759521484375 77.4254150390625 424.9749755859375
v 734.9259033203125 77.4254150390625 424.9749755859375
v 1031.1295166015625 77.4254150390625 435.02496337890625
v 925.5142822265625 77.4254150390625 464.9749755859375
v 845.5643310546875 77.4254150390625 464.9749755859375
v 1134.9759521484375 77.4254150390625 475.02496337890625
v 1031.1295166015625 77.4254150390625 464.9749755859375
v 951.1795654296875 77.4254150390625 464.9749755859375
v 734.9259033203125 77.4254150390625 475.02496337890625
v 951.1795654296875 77.4254150390625 435.02496337890625
v 845.5643310546875 77.4254150390625 435.02496337890625
v 925.5142822265625 77.4254150390625 435.02496337890625
v 734.8892822265625 27.4254150390625 424.9749755859375
v 1134.9393310546875 27.4254150390625 424.9749755859375
v 852.2244873046875 27.4254150390625 435.02496337890625
v 951.5775146484375 27.4254150390625 464.9749755859375
v 1031.5274658203125 27.4254150390625 464.9749755859375
v 734.8892822265625 27.4254150390625 475.02496337890625
v 852.2244873046875 27.4254150390625 464.9749755859375
v 922.1744384765625 27.4254150390625 464.9749755859375
v 1134.9393310546875 27.4254150390625 475.02496337890625
v 922.1744384765625 27.4254150390625 435.02496337890625
v 1031.5274658203125 27.4254150390625 435.02496337890625
v 951.5775146484375 27.4254150390625 435.02496337890625
v 951.1295166015625 75.3984603881836 464.9999694824219
v 1031.1795654296875 77.4504165649414 464.9999694824219
v 1031.1795654296875 75.3984603881836 464.9999694824219
v 951.1295166015625 77.4504165649414 464.9999694824219
v 951.1295166015625 75.3984603881836 434.9999694824219
v 1031.1795654296875 75.3984603881836 434.9999694824219
v 1031.1795654296875 77.4504165649414 434.9999694824219
v 951.1295166015625 77.4504165649414 434.9999694824219
v 1031.154541015625 75.3984603881836 465.02496337890625
v 1031.154541015625 77.4504165649414 434.9749755859375
v 1031.154541015625 75.3984603881836 434.9749755859375
v 1031.154541015625 77.4504165649414 465.02496337890625
v 951.154541015625 75.3984603881836 465.02496337890625
v 951.154541015625 75.3984603881836 434.9749755859375
v 951.154541015625 77.4504165649414 434.9749755859375
v 951.154541015625 77.4504165649414 465.02496337890625
v 845.5142822265625 75.3984603881836 464.9999694824219
v 925.5643310546875 77.4504165649414 464.9999694824219
v 925.5643310546875 75.3984603881836 464.9999694824219
v 845.5142822265625 77.4504165649414 464.9999694824219
v 845.5142822265625 75.3984603881836 434.9999694824219
v 925.5643310546875 75.3984603881836 434.9999694824219
v 925.5643310546875 77.4504165649414 434.9999694824219
v 845.5142822265625 77.4504165649414 434.9999694824219
v 925.539306640625 75.3984603881836 465.02496337890625
v 925.539306640625 77.4504165649414 434.9749755859375
v 925.539306640625 75.3984603881836 434.9749755859375
v 925.539306640625 77.4504165649414 465.02496337890625
v 845.539306640625 75.3984603881836 465.02496337890625
v 845.539306640625 75.3984603881836 434.9749755859375
v 845.539306640625 77.4504165649414 434.9749755859375
v 845.539306640625 77.4504165649414 465.02496337890625
v 852.1744384765625 29.452367782592773 464.9999694824219
v 922.2244873046875 29.452367782592773 464.9999694824219
v 852.1744384765625 27.400415420532227 464.9999694824219
v 922.2244873046875 27.400415420532227 464.9999694824219
v 852.1744384765625 29.452367782592773 434.9999694824219
v 852.1744384765625 27.400415420532227 434.9999694824219
v 922.2244873046875 29.452367782592773 434.9999694824219
v 922.2244873046875 27.400415420532227 434.9999694824219
v 852.199462890625 29.452367782592773 465.02496337890625
v 852.199462890625 27.400415420532227 434.9749755859375
v 852.199462890625 29.452367782592773 434.9749755859375
v 852.199462890625 27.400415420532227 465.02496337890625
v 922.199462890625 29.452367782592773 465.02496337890625
v 922.199462890625 29.452367782592773 434.9749755859375
v 922.199462890625 27.400415420532227 434.9749755859375
v 922.199462890625 27.400415420532227 465.02496337890625
v 951.5274658203125 29.452367782592773 464.9999694824219
v 1031.5775146484375 29.452367782592773 464.9999694824219
v 951.5274658203125 27.400415420532227 464.9999694824219
v 1031.5775146484375 27.400415420532227 464.9999694824219
v 951.5274658203125 29.452367782592773 434.9999694824219
v 951.5274658203125 27.400415420532227 434.9999694824219
v 1031.5775146484375 29.452367782592773 434.9999694824219
v 1031.5775146484375 27.400415420532227 434.9999694824219
v 951.552490234375 29.452367782592773 465.02496337890625
v 951.552490234375 27.400415420532227 434.9749755859375
v 951.552490234375 29.452367782592773 434.9749755859375
v 951.552490234375 27.400415420532227 465.02496337890625
v 1031.552490234375 29.452367782592773 465.02496337890625
v 1031.552490234375 29.452367782592773 434.9749755859375
v 1031.552490234375 27.400415420532227 434.9749755859375
v 1031.552490234375 27.400415420532227 465.02496337890625
v 931.5567626953125 87.4478530883789 484.9999694824219
v 931.5567626953125 17.390649795532227 485.0
v 941.6043701171875 17.390649795532227 485.0
v 941.6043701171875 87.4478530883789 484.9999694824219
v 931.5567626953125 87.4478530883789 414.9999694824219
v 941.6043701171875 17.390649795532227 415.0
v 931.5567626953125 17.390649795532227 415.0
v 941.6043701171875 87.4478530883789 414.9999694824219
v 931.581787109375 87.4478530883789 485.02496337890625
v 931.581787109375 17.390649795532227 414.9750061035156
v 931.581787109375 17.390649795532227 485.0249938964844
v 931.581787109375 87.4478530883789 414.9749755859375
v 931.5567626953125 17.4156494140625 485.0249938964844
v 941.6043701171875 17.4156494140625 414.9750061035156
v 941.6043701171875 17.4156494140625 485.0249938964844
v 931.5567626953125 17.4156494140625 414.9750061035156
v 941.579345703125 17.390649795532227 485.0249938964844
v 941.579345703125 87.4478530883789 414.9749755859375
v 941.579345703125 87.4478530883789 485.02496337890625
v 941.579345703125 17.390649795532227 414.9750061035156
v 941.6043701171875 87.4228515625 485.02496337890625
v 931.5567626953125 87.4228515625 414.9749755859375
v 931.5567626953125 87.4228515625 485.02496337890625
v 941.6043701171875 87.4228515625 414.9749755859375
v 734.9259033203125 77.45043182373047 474.9999694824219
v 1134.9393310546875 27.4003963470459 474.9999694824219
v 1134.9759521484375 77.45039367675781 474.9999694824219
v 734.8892822265625 27.400432586669922 474.9999694824219
v 884.9149169921875 -502.5916748046875 399.97503662109375
v 734.8648681640625 -502.5916748046875 440.0250244140625
v 884.9149169921875 -502.5916748046875 440.0250244140625
v 884.889892578125 -502.6166687011719 399.97503662109375
v 884.889892578125 -477.5666809082031 399.97503662109375
v 884.889892578125 -502.6166687011719 440.0250244140625
v 884.889892578125 -477.5666809082031 440.0250244140625
v 884.9149169921875 -477.5916748046875 399.97503662109375
v 734.8648681640625 -477.5916748046875 399.97503662109375
v 884.9149169921875 -477.5916748046875 440.0250244140625
v 734.8648681640625 -477.5916748046875 440.0250244140625
v 734.8648681640625 -502.5916748046875 439.97503662109375
v 884.9149169921875 -502.5916748046875 439.97503662109375
v 734.8648681640625 -502.5916748046875 450.0250244140625
v 884.9149169921875 -502.5916748046875 450.0250244140625
v 884.889892578125 -502.6166687011719 439.97503662109375
v 884.889892578125 -477.5666809082031 439.97503662109375
v 884.889892578125 -502.6166687011719 450.0250244140625
v 884.889892578125 -477.5666809082031 450.0250244140625
v 884.9149169921875 -477.5916748046875 439.97503662109375
v 734.8648681640625 -477.5916748046875 439.97503662109375
v 884.9149169921875 -477.5916748046875 450.0250244140625
v 734.8648681640625 -477.5916748046875 450.0250244140625
v 734.8648681640625 -502.6166687011719 450.0000305175781
v 884.9149169921875 -502.6166687011719 450.0000305175781
v 884.9149169921875 -477.5666809082031 450.0000305175781
v 734.8648681640625 -477.5666809082031 450.0000305175781
v 1134.9149169921875 -477.5916748046875 399.97503662109375
v 984.8648681640625 -477.5916748046875 399.97503662109375
v 1134.9149169921875 -477.5916748046875 440.0250244140625
v 984.8648681640625 -477.5916748046875 440.0250244140625
v 984.889892578125 -477.5666809082031 399.97503662109375
v 984.889892578125 -502.6166687011719 399.97503662109375
v 984.889892578125 -477.5666809082031 440.0250244140625
v 984.889892578125 -502.6166687011719 440.0250244140625
v 984.8648681640625 -502.5916748046875 399.97503662109375
v 984.8648681640625 -502.5916748046875 440.0250244140625
v 1134.9149169921875 -502.5916748046875 440.0250244140625
v 1134.9149169921875 -477.5916748046875 439.97503662109375
v 984.8648681640625 -477.5916748046875 439.97503662109375
v 1134.9149169921875 -477.5916748046875 450.0250244140625
v 984.8648681640625 -477.5916748046875 450.0250244140625
v 984.889892578125 -477.5666809082031 439.97503662109375
v 984.889892578125 -502.6166687011719 439.97503662109375
v 984.889892578125 -477.5666809082031 450.0250244140625
v 984.889892578125 -502.6166687011719 450.0250244140625
v 984.8648681640625 -502.5916748046875 439.97503662109375
v 1134.9149169921875 -502.5916748046875 439.97503662109375
v 984.8648681640625 -502.5916748046875 450.0250244140625
v 1134.9149169921875 -502.5916748046875 450.0250244140625
v 984.8648681640625 -477.5666809082031 450.0000305175781
v 984.8648681640625 -502.6166687011719 450.0000305175781
v 1134.9149169921875 -477.5666809082031 450.0000305175781
v 1134.9149169921875 -502.6166687011719 450.0000305175781
v 984.8648681640625 1147.4083251953125 399.9748840332031
v 1134.9149169921875 1147.4083251953125 440.0248718261719
v 984.8648681640625 1147.4083251953125 440.0248718261719
v 984.889892578125 1147.433349609375 399.9748840332031
v 984.889892578125 1122.38330078125 399.9748840332031
v 984.889892578125 1147.433349609375 440.0248718261719
v 984.889892578125 1122.38330078125 440.0248718261719
v 984.8648681640625 1122.4083251953125 399.9748840332031
v 1134.9149169921875 1122.4083251953125 399.9748840332031
v 984.8648681640625 1122.4083251953125 440.0248718261719
v 1134.9149169921875 1122.4083251953125 440.0248718261719
v 1134.9149169921875 1147.4083251953125 439.9748840332031
v 984.8648681640625 1147.4083251953125 439.9748840332031
v 1134.9149169921875 1147.4083251953125 450.0248718261719
v 984.8648681640625 1147.4083251953125 450.0248718261719
v 984.889892578125 1147.433349609375 439.9748840332031
v 984.889892578125 1122.38330078125 439.9748840332031
v 984.889892578125 1147.433349609375 450.0248718261719
v 984.889892578125 1122.38330078125 450.0248718261719
v 984.8648681640625 1122.4083251953125 439.9748840332031
v 1134.9149169921875 1122.4083251953125 439.9748840332031
v 984.8648681640625 1122.4083251953125 450.0248718261719
v 1134.9149169921875 1122.4083251953125 450.0248718261719
v 984.8648681640625 1147.433349609375 449.9998779296875
v 984.8648681640625 1122.38330078125 449.9998779296875
v 1134.9149169921875 1147.433349609375 449.9998779296875
v 1134.9149169921875 1122.38330078125 449.9998779296875
v 734.8648681640625 1122.4083251953125 399.9748840332031
v 884.9149169921875 1122.4083251953125 399.9748840332031
v 734.8648681640625 1122.4083251953125 440.0248718261719
v 884.9149169921875 1122.4083251953125 440.0248718261719
v 884.889892578125 1122.38330078125 399.9748840332031
v 884.889892578125 1147.433349609375 399.9748840332031
v 884.889892578125 1122.38330078125 440.0248718261719
v 884.889892578125 1147.433349609375 440.0248718261719
v 884.9149169921875 1147.4083251953125 399.9748840332031
v 884.9149169921875 1147.4083251953125 440.0248718261719
v 734.8648681640625 1147.4083251953125 440.0248718261719
v 734.8648681640625 1122.4083251953125 439.9748840332031
v 884.9149169921875 1122.4083251953125 439.9748840332031
v 734.8648681640625 1122.4083251953125 450.0248718261719
v 884.9149169921875 1122.4083251953125 450.0248718261719
v 884.889892578125 1122.38330078125 439.9748840332031
v 884.889892578125 1147.433349609375 439.9748840332031
v 884.889892578125 1122.38330078125 450.0248718261719
v 884.889892578125 1147.433349609375 450.0248718261719
v 884.9149169921875 1147.4083251953125 439.9748840332031
v 734.8648681640625 1147.4083251953125 439.9748840332031
v 884.9149169921875 1147.4083251953125 450.0248718261719
v 734.8648681640625 1147.4083251953125 450.0248718261719
v 734.8648681640625 1122.38330078125 449.9998779296875
v 884.9149169921875 1122.38330078125 449.9998779296875
v 884.9149169921875 1147.433349609375 449.9998779296875
v 734.8648681640625 1147.433349609375 449.9998779296875
v 784.902099609375 1547.38330078125 -0.02514861524105072
v 784.914306640625 1572.433349609375 -0.025150800123810768
v 784.902099609375 1547.38330078125 190.02484130859375
v 784.914306640625 1572.433349609375 190.02484130859375
v 784.9393310546875 1572.4083251953125 -0.025150801986455917
v 734.8892822265625 1572.4083251953125 -0.025152986869215965
v 784.9393310546875 1572.4083251953125 190.02484130859375
v 734.8892822265625 1572.4083251953125 190.02484130859375
v 734.8770751953125 1547.4083251953125 -0.025150801986455917
v 784.9271240234375 1547.4083251953125 -0.02514861710369587
v 734.8770751953125 1547.4083251953125 190.02484130859375
v 784.9271240234375 1547.4083251953125 190.02484130859375
v 784.902099609375 1547.38330078125 189.974853515625
v 784.914306640625 1572.433349609375 189.974853515625
v 784.902099609375 1547.38330078125 200.02484130859375
v 784.914306640625 1572.433349609375 200.02484130859375
v 784.9393310546875 1572.4083251953125 189.974853515625
v 734.8892822265625 1572.4083251953125 189.974853515625
v 784.9393310546875 1572.4083251953125 200.02484130859375
v 734.8892822265625 1572.4083251953125 200.02484130859375
v 734.8770751953125 1547.4083251953125 189.974853515625
v 784.9271240234375 1547.4083251953125 189.974853515625
v 734.8770751953125 1547.4083251953125 200.02484130859375
v 784.9271240234375 1547.4083251953125 200.02484130859375
v 734.8892822265625 1572.433349609375 199.99984741210938
v 784.9271240234375 1547.38330078125 199.99984741210938
v 784.9393310546875 1572.433349609375 199.99984741210938
v 734.8770751953125 1547.38330078125 199.99984741210938
v 1134.9393310546875 1572.4083251953125 -0.025135502219200134
v 1084.8892822265625 1572.4083251953125 -0.02513768896460533
v 1134.9393310546875 1572.4083251953125 190.0248565673828
v 1084.8892822265625 1572.4083251953125 190.0248565673828
v 1084.914306640625 1572.433349609375 -0.025137687101960182
v 1084.902099609375 1547.38330078125 -0.025135502219200134
v 1084.914306640625 1572.433349609375 190.0248565673828
v 1084.902099609375 1547.38330078125 190.0248565673828
v 1084.8770751953125 1547.4083251953125 -0.025135504081845284
v 1134.9271240234375 1547.4083251953125 -0.025133317336440086
v 1084.8770751953125 1547.4083251953125 190.0248565673828
v 1134.9271240234375 1547.4083251953125 190.0248565673828
v 1134.9393310546875 1572.4083251953125 189.97486877441406
v 1084.8892822265625 1572.4083251953125 189.97486877441406
v 1134.9393310546875 1572.4083251953125 200.0248565673828
v 1084.8892822265625 1572.4083251953125 200.0248565673828
v 1084.914306640625 1572.433349609375 189.97486877441406
v 1084.902099609375 1547.38330078125 189.97486877441406
v 1084.914306640625 1572.433349609375 200.0248565673828
v 1084.902099609375 1547.38330078125 200.0248565673828
v 1084.8770751953125 1547.4083251953125 189.97486877441406
v 1134.9271240234375 1547.4083251953125 189.97486877441406
v 1084.8770751953125 1547.4083251953125 200.0248565673828
v 1134.9271240234375 1547.4083251953125 200.0248565673828
v 1084.8892822265625 1572.433349609375 199.99986267089844
v 1134.9271240234375 1547.38330078125 199.99986267089844
v 1134.9393310546875 1572.433349609375 199.99986267089844
v 1084.8770751953125 1547.38330078125 199.99986267089844
v 734.8770751953125 1147.4083251953125 -0.025115834549069405
v 759.9271240234375 1147.4083251953125 -0.025114743039011955
v 734.8770751953125 1147.4083251953125 440.0248718261719
v 759.9271240234375 1147.4083251953125 440.0248718261719
v 759.902099609375 1147.38330078125 -0.025114743039011955
v 759.926513671875 1547.433349609375 -0.025149710476398468
v 759.902099609375 1147.38330078125 440.0248718261719
v 759.926513671875 1547.433349609375 440.02484130859375
v 759.9515380859375 1547.4083251953125 -0.025149710476398468
v 734.9014892578125 1547.4083251953125 -0.025150803849101067
v 759.9515380859375 1547.4083251953125 440.0247497558594
v 734.9014892578125 1547.4083251953125 440.0247497558594
v 749.902099609375 1147.3839111328125 455.1248779296875
v 749.926025390625 1537.433349609375 439.974853515625
v 749.902099609375 1147.3839111328125 439.9748840332031
v 749.926025390625 1537.433349609375 455.1248474121094
v 749.8770751953125 1147.3839111328125 439.9998779296875
v 769.934326171875 1557.426025390625 439.9998474121094
v 769.9271240234375 1147.3826904296875 439.9998779296875
v 749.8833618164062 1537.426025390625 439.9998474121094
v 769.9019775390625 1147.3826904296875 439.9748840332031
v 769.9395751953125 1557.44580078125 442.65313720703125
v 769.9146728515625 1147.3826904296875 442.6532897949219
v 769.9268798828125 1557.433349609375 439.9747314453125
v 769.892333984375 1147.3826904296875 442.6168518066406
v 779.7762451171875 1567.2681884765625 447.6874084472656
v 779.765380859375 1147.382080078125 447.6950378417969
v 769.9024658203125 1557.439453125 442.6092224121094
v 779.7431640625 1147.382080078125 447.6585998535156
v 779.7685546875 1567.2744140625 452.43096923828125
v 779.7431640625 1147.382080078125 452.4309997558594
v 779.768798828125 1567.2745361328125 447.6585693359375
v 779.7681884765625 1147.382080078125 452.40594482421875
v 769.8340454101562 1557.375732421875 452.43597412109375
v 769.8267822265625 1147.3826904296875 452.4359436035156
v 779.77587890625 1567.26708984375 452.40594482421875
v 769.8517456054688 1147.3826904296875 452.410888671875
v 769.8826293945312 1557.388916015625 455.1247863769531
v 769.8577270507812 1147.3826904296875 455.1248779296875
v 769.8766479492188 1557.383056640625 452.4107971191406
v 769.8826904296875 1147.3826904296875 455.0998840332031
v 749.8833618164062 1537.426025390625 455.099853515625
v 749.8770751953125 1147.3839111328125 455.0998840332031
v 769.889892578125 1557.381591796875 455.099853515625
v 749.9510498046875 1537.4083251953125 455.1248474121094
v 734.9014892578125 1537.4083251953125 439.974853515625
v 749.9510498046875 1537.4083251953125 439.974853515625
v 734.9014892578125 1537.4083251953125 455.1248474121094
v 749.9437255859375 1537.3656005859375 439.9998474121094
v 734.9014892578125 1557.433349609375 439.9998474121094
v 769.9447021484375 1557.4156494140625 439.9998474121094
v 734.9014892578125 1537.38330078125 439.9998474121094
v 769.9520263671875 1557.408203125 439.9747314453125
v 734.9014892578125 1557.4208984375 442.65325927734375
v 769.9644775390625 1557.4208984375 442.65313720703125
v 734.9014892578125 1557.408203125 439.974853515625
v 769.9581298828125 1557.3837890625 442.6092224121094
v 734.9014892578125 1567.271728515625 447.69500732421875
v 779.7874755859375 1567.2569580078125 447.6874084472656
v 734.9014892578125 1557.3985595703125 442.6168212890625
v 779.7938232421875 1567.24951171875 447.6585693359375
v 734.9014892578125 1567.2493896484375 452.43096923828125
v 779.7935791015625 1567.2493896484375 452.43096923828125
v 734.9014892578125 1567.24951171875 447.6585693359375
v 779.7862548828125 1567.2567138671875 452.40594482421875
v 734.9014892578125 1557.3330078125 452.4359130859375
v 769.8944091796875 1557.3153076171875 452.43597412109375
v 734.9014892578125 1567.2744140625 452.4059143066406
v 769.9017333984375 1557.3580322265625 452.4107971191406
v 734.9014892578125 1557.3638916015625 455.1248474121094
v 769.9075927734375 1557.3638916015625 455.1247863769531
v 734.9014892578125 1557.3580322265625 452.4108581542969
v 769.9002685546875 1557.3712158203125 455.099853515625
v 734.9014892578125 1537.38330078125 455.099853515625
v 749.9437255859375 1537.3656005859375 455.099853515625
v 734.9014892578125 1557.388916015625 455.099853515625
v 749.8770751953125 1147.408935546875 439.9748840332031
v 769.9271240234375 1147.40771484375 439.9747619628906
v 769.9509887695312 1147.40771484375 442.60595703125
v 779.7796020507812 1147.4071044921875 447.661376953125
v 779.7682495117188 1147.4071044921875 452.4309997558594
v 769.8768920898438 1147.40771484375 452.4608154296875
v 749.8770751953125 1147.408935546875 455.1248779296875
v 769.8826904296875 1147.40771484375 455.12481689453125
v 734.926513671875 1557.4571533203125 442.6059265136719
v 734.926513671875 1557.433349609375 439.9747314453125
v 734.926513671875 1537.38330078125 439.974853515625
v 734.926513671875 1567.2744140625 452.43096923828125
v 734.926513671875 1567.285888671875 447.6613464355469
v 734.926513671875 1557.383056640625 452.4607849121094
v 734.926513671875 1537.38330078125 455.1248474121094
v 734.926513671875 1557.388916015625 455.1247863769531
v 734.8770751953125 1147.4083251953125 439.9748840332031
v 759.9271240234375 1147.4083251953125 439.9748840332031
v 734.8770751953125 1147.4083251953125 450.0248718261719
v 759.9271240234375 1147.4083251953125 450.0248718261719
v 759.902099609375 1147.38330078125 439.9748840332031
v 759.926513671875 1547.433349609375 439.974853515625
v 759.902099609375 1147.38330078125 450.0248718261719
v 759.926513671875 1547.433349609375 450.02484130859375
v 759.9515380859375 1547.4083251953125 439.9747619628906
v 734.9014892578125 1547.4083251953125 439.9747619628906
v 759.9515380859375 1547.4083251953125 450.0247497558594
v 734.9014892578125 1547.4083251953125 450.0247497558594
v 759.9271240234375 1147.38330078125 449.9998779296875
v 734.9014892578125 1547.433349609375 449.9998474121094
v 734.8770751953125 1147.38330078125 449.9998779296875
v 759.9515380859375 1547.433349609375 449.9998474121094
v -615.110107421875 -1177.5667724609375 -0.02497158758342266
v -615.110107421875 -1652.6168212890625 -0.024930061772465706
v -615.110107421875 -1218.1441650390625 100.0250244140625
v -615.110107421875 -1218.1441650390625 299.9750061035156
v -615.110107421875 -1618.0941162109375 299.97503662109375
v -615.110107421875 -1177.5667724609375 480.02496337890625
v -615.110107421875 -1652.6168212890625 480.0249938964844
v -615.110107421875 -1618.0941162109375 100.02506256103516
v -615.1351318359375 -1652.591796875 -0.024930061772465706
v 508.0594177246094 -1652.591796875 -0.024880968034267426
v -491.1102600097656 -1652.591796875 100.02507781982422
v -491.1102600097656 -1652.591796875 299.9750671386719
v -191.16024780273438 -1652.591796875 299.97509765625
v -615.1351318359375 -1652.591796875 480.02508544921875
v 508.0594177246094 -1652.591552734375 480.025146484375
v 380.4894104003906 -1652.591552734375 296.9120788574219
v -191.16024780273438 -1652.591796875 100.02508544921875
v 380.4894104003906 -1652.591796875 100.02511596679688
v 84.6343765258789 -1652.591796875 100.02510070800781
v 84.6343765258789 -1652.591796875 296.9120788574219
v 508.03466796875 -1652.6168212890625 -0.02488095313310623
v 508.034423828125 -1177.5667724609375 -0.024922505021095276
v 508.034423828125 -1532.3394775390625 358.1529846191406
v 508.034423828125 -1532.3394775390625 418.1029968261719
v 508.034423828125 -1322.3895263671875 418.10296630859375
v 508.03466796875 -1652.6165771484375 480.0250549316406
v 508.034423828125 -1177.5665283203125 480.0250244140625
v 508.034423828125 -1322.3895263671875 358.1529541015625
v 508.0594177246094 -1177.591796875 -0.02492249198257923
v -615.1351318359375 -1177.591796875 -0.02497158572077751
v 508.0594177246094 -1177.591552734375 480.0251159667969
v -615.1351318359375 -1177.591796875 480.0250549316406
v -605.110107421875 -1187.5667724609375 485.12506103515625
v -605.110107421875 -1642.6168212890625 469.97509765625
v -605.110107421875 -1187.5667724609375 469.9750671386719
v -605.110107421875 -1642.6168212890625 485.1250915527344
v -605.0674438476562 -1187.5740966796875 470.00006103515625
v -625.117431640625 -1662.6094970703125 470.0000915527344
v -625.117431640625 -1167.5740966796875 470.00006103515625
v -605.0674438476562 -1642.6094970703125 470.0000915527344
v -625.1099853515625 -1167.5667724609375 469.9749450683594
v -625.1224365234375 -1662.6292724609375 472.65338134765625
v -625.1224365234375 -1167.5543212890625 472.6533508300781
v -625.1099853515625 -1662.6168212890625 469.9749755859375
v -625.0853271484375 -1167.5606689453125 472.60943603515625
v -634.9583740234375 -1672.4515380859375 477.6876525878906
v -634.9583740234375 -1157.7318115234375 477.6876220703125
v -625.0853271484375 -1662.6229248046875 472.6094665527344
v -634.950927734375 -1157.7254638671875 477.6587829589844
v -634.950927734375 -1672.4578857421875 482.4311828613281
v -634.950927734375 -1157.7257080078125 482.43115234375
v -634.950927734375 -1672.4578857421875 477.6588134765625
v -634.958251953125 -1157.7330322265625 482.4061279296875
v -625.0171508789062 -1662.5592041015625 482.43621826171875
v -625.0171508789062 -1167.6243896484375 482.4361877441406
v -634.958251953125 -1672.4505615234375 482.4061584472656
v -625.0597534179688 -1167.6170654296875 482.4110107421875
v -625.0657348632812 -1662.5723876953125 485.1250305175781
v -625.0657348632812 -1167.6112060546875 485.125
v -625.0597534179688 -1662.5665283203125 482.4110412597656
v -625.072998046875 -1167.6185302734375 485.1000671386719
v -605.0674438476562 -1642.6094970703125 485.10009765625
v -605.0674438476562 -1187.5740966796875 485.1000671386719
v -625.072998046875 -1662.5650634765625 485.10009765625
v -605.1351318359375 -1642.591796875 485.1250915527344
v 498.0596618652344 -1642.591552734375 469.97515869140625
v -605.1351318359375 -1642.591796875 469.97509765625
v 498.0596618652344 -1642.591552734375 485.1251525878906
v -605.1278076171875 -1642.549072265625 470.0000915527344
v 518.0523681640625 -1662.598876953125 470.0001525878906
v -625.1278076171875 -1662.59912109375 470.0000915527344
v 498.0523376464844 -1642.548828125 470.0001525878906
v -625.1351318359375 -1662.5916748046875 469.9749755859375
v 518.0721435546875 -1662.6041259765625 472.6534423828125
v -625.1473388671875 -1662.6043701171875 472.65338134765625
v 518.0596923828125 -1662.5914306640625 469.97503662109375
v -625.1409912109375 -1662.5672607421875 472.6094665527344
v 527.8944091796875 -1672.4400634765625 477.6877136230469
v -634.9696044921875 -1672.4403076171875 477.6876525878906
v 518.0657958984375 -1662.5670166015625 472.6095275878906
v -634.9759521484375 -1672.432861328125 477.6588134765625
v 527.9007568359375 -1672.4326171875 482.4312438964844
v -634.9759521484375 -1672.432861328125 482.4311828613281
v 527.9007568359375 -1672.4326171875 477.65887451171875
v -634.9686279296875 -1672.440185546875 482.4061584472656
v 518.0020751953125 -1662.49853515625 482.436279296875
v -625.0775146484375 -1662.498779296875 482.43621826171875
v 527.8934326171875 -1672.43994140625 482.4062194824219
v -625.0848388671875 -1662.54150390625 482.4110412597656
v 518.0152587890625 -1662.547119140625 485.1250915527344
v -625.0906982421875 -1662.54736328125 485.1250305175781
v 518.0093994140625 -1662.541259765625 482.4111022949219
v -625.0833740234375 -1662.5546875 485.10009765625
v 498.0523376464844 -1642.548828125 485.10015869140625
v -605.1278076171875 -1642.549072265625 485.10009765625
v 518.0079345703125 -1662.554443359375 485.10015869140625
v 498.03466796875 -1642.6165771484375 485.1251525878906
v 498.034423828125 -1187.5665283203125 469.9751281738281
v 498.03466796875 -1642.6165771484375 469.97515869140625
v 498.034423828125 -1187.5665283203125 485.1251220703125
v 497.99200439453125 -1642.6092529296875 470.0001525878906
v 518.041748046875 -1167.5738525390625 470.0001220703125
v 518.0419921875 -1662.6092529296875 470.0001525878906
v 497.99176025390625 -1187.5738525390625 470.0001220703125
v 518.0345458984375 -1662.6165771484375 469.97503662109375
v 518.0469970703125 -1167.5540771484375 472.6534118652344
v 518.0472412109375 -1662.6290283203125 472.6534423828125
v 518.0343017578125 -1167.5665283203125 469.9750061035156
v 518.0101318359375 -1662.6226806640625 472.6095275878906
v 527.8829345703125 -1157.7315673828125 477.68768310546875
v 527.8831787109375 -1672.4512939453125 477.6877136230469
v 518.0098876953125 -1167.5604248046875 472.6094970703125
v 527.875732421875 -1672.4576416015625 477.65887451171875
v 527.87548828125 -1157.7254638671875 482.43121337890625
v 527.875732421875 -1672.4576416015625 482.4312438964844
v 527.87548828125 -1157.7252197265625 477.6588439941406
v 527.883056640625 -1672.4503173828125 482.4062194824219
v 517.9414672851562 -1167.6241455078125 482.4362487792969
v 517.9417114257812 -1662.5589599609375 482.436279296875
v 527.8828125 -1157.7327880859375 482.40618896484375
v 517.9843139648438 -1662.5662841796875 482.4111022949219
v 517.9900512695312 -1167.6109619140625 485.12506103515625
v 517.9902954101562 -1662.5721435546875 485.1250915527344
v 517.9840698242188 -1167.6168212890625 482.41107177734375
v 517.99755859375 -1662.5648193359375 485.10015869140625
v 497.99176025390625 -1187.5738525390625 485.1001281738281
v 497.99200439453125 -1642.6092529296875 485.10015869140625
v 517.997314453125 -1167.6182861328125 485.1001281738281
v 498.0594177246094 -1187.591552734375 485.1251220703125
v -605.1351318359375 -1187.591796875 469.9750671386719
v 498.0594177246094 -1187.591552734375 469.9751281738281
v -605.1351318359375 -1187.591796875 485.12506103515625
v 498.0520935058594 -1187.63427734375 470.0001220703125
v -625.1278076171875 -1167.58447265625 470.00006103515625
v 518.0521240234375 -1167.584228515625 470.0001220703125
v -605.1278076171875 -1187.634521484375 470.00006103515625
v 518.0594482421875 -1167.5916748046875 469.9750061035156
v -625.1473388671875 -1167.5792236328125 472.6533508300781
v 518.0718994140625 -1167.5789794921875 472.6534118652344
v -625.1351318359375 -1167.5919189453125 469.9749450683594
v 518.0655517578125 -1167.6160888671875 472.6094970703125
v -634.9696044921875 -1157.7430419921875 477.6876220703125
v 527.8941650390625 -1157.7427978515625 477.68768310546875
v -625.1409912109375 -1167.6163330078125 472.60943603515625
v 527.9005126953125 -1157.750244140625 477.6588439941406
v -634.9759521484375 -1157.750732421875 482.43115234375
v 527.9005126953125 -1157.75048828125 482.43121337890625
v -634.9759521484375 -1157.75048828125 477.6587829589844
v 527.8931884765625 -1157.7431640625 482.40618896484375
v -625.0775146484375 -1167.684814453125 482.4361877441406
v 518.0018310546875 -1167.6845703125 482.4362487792969
v -634.9686279296875 -1157.743408203125 482.4061279296875
v 518.0091552734375 -1167.641845703125 482.41107177734375
v -625.0906982421875 -1167.63623046875 485.125
v 518.0150146484375 -1167.635986328125 485.12506103515625
v -625.0848388671875 -1167.64208984375 482.4110107421875
v 518.0076904296875 -1167.628662109375 485.1001281738281
v -605.1278076171875 -1187.634521484375 485.1000671386719
v 498.0520935058594 -1187.63427734375 485.1001281738281
v -625.0833740234375 -1167.62890625 485.1000671386719
v 84.5843734741211 -1642.5692138671875 296.93707275390625
v 380.5393981933594 -1642.5689697265625 296.93707275390625
v 84.5843734741211 -1652.6168212890625 296.93707275390625
v 380.5393981933594 -1652.6165771484375 296.93707275390625
v 84.5843734741211 -1642.5692138671875 100.0000991821289
v 84.5843734741211 -1652.6168212890625 100.0000991821289
v 380.5393981933594 -1642.5692138671875 100.00011444091797
v 380.5393981933594 -1652.6168212890625 100.00011444091797
v 84.609375 -1642.5692138671875 296.9620666503906
v 84.609375 -1652.6168212890625 99.97509765625
v 84.609375 -1642.5692138671875 99.97509765625
v 84.609375 -1652.6168212890625 296.9620666503906
v 380.514404296875 -1642.5689697265625 296.9620666503906
v 380.514404296875 -1642.5692138671875 99.97511291503906
v 380.514404296875 -1652.6168212890625 99.97511291503906
v 380.514404296875 -1652.6165771484375 296.9620666503906
v -491.1602478027344 -1642.5692138671875 300.00006103515625
v -191.11026000976562 -1642.5692138671875 300.0000915527344
v -491.1602478027344 -1652.6168212890625 300.00006103515625
v -191.11026000976562 -1652.6168212890625 300.0000915527344
v -491.1602478027344 -1642.5692138671875 100.00007629394531
v -491.1602478027344 -1652.6168212890625 100.00007629394531
v -191.11026000976562 -1642.5692138671875 100.00008392333984
v -191.11026000976562 -1652.6168212890625 100.00008392333984
v -491.13525390625 -1642.5692138671875 300.0250549316406
v -491.13525390625 -1652.6168212890625 99.9750747680664
v -491.13525390625 -1642.5692138671875 99.9750747680664
v -491.13525390625 -1652.6168212890625 300.0250549316406
v -191.13525390625 -1642.5692138671875 300.02508544921875
v -191.13525390625 -1642.5692138671875 99.97508239746094
v -191.13525390625 -1652.6168212890625 99.97508239746094
v -191.13525390625 -1652.6168212890625 300.02508544921875
v -615.1351318359375 -1177.5667724609375 480.00006103515625
v -615.1351318359375 -1652.6168212890625 480.0000915527344
v 508.0594177246094 -1177.5665283203125 480.0001220703125
v 508.0596618652344 -1652.6165771484375 480.0001525878906
v -454.4905700683594 -1340.0667724609375 480.00006103515625
v -304.4405822753906 -1340.0667724609375 480.00006103515625
v -454.4905700683594 -1490.1168212890625 480.0000915527344
v -304.4405822753906 -1490.1168212890625 480.0000915527344
v -454.465576171875 -1340.0667724609375 479.9750671386719
v -454.465576171875 -1490.1168212890625 479.97509765625
v -454.465576171875 -1340.0667724609375 580.0250854492188
v -454.465576171875 -1490.1168212890625 580.0250854492188
v -454.4905700683594 -1490.091796875 479.97509765625
v -304.4405822753906 -1490.091796875 479.97509765625
v -454.4905700683594 -1490.091796875 580.0250854492188
v -304.4405822753906 -1490.091552734375 580.0250854492188
v -304.465576171875 -1490.1168212890625 479.97509765625
v -304.465576171875 -1340.0667724609375 479.9750671386719
v -304.465576171875 -1490.1165771484375 580.0250854492188
v -304.465576171875 -1340.0665283203125 580.0250854492188
v -304.4405822753906 -1340.091796875 479.9750671386719
v -454.4905700683594 -1340.091796875 479.9750671386719
v -304.4405822753906 -1340.091552734375 580.0250854492188
v -454.4905700683594 -1340.091796875 580.0250854492188
v -424.465576171875 -1370.0667724609375 490.0250244140625
v -424.465576171875 -1460.1168212890625 459.97509765625
v -424.465576171875 -1370.0667724609375 459.9750671386719
v -424.465576171875 -1460.1168212890625 490.0250549316406
v -424.42291259765625 -1370.0740966796875 460.00006103515625
v -464.47265625 -1500.1094970703125 460.0000915527344
v -464.47265625 -1330.0740966796875 460.00006103515625
v -424.42291259765625 -1460.1094970703125 460.0000915527344
v -464.46533203125 -1330.0667724609375 459.9750671386719
v -464.46533203125 -1500.1168212890625 490.0250549316406
v -464.46533203125 -1330.0667724609375 490.0250244140625
v -464.46533203125 -1500.1168212890625 459.97509765625
v -464.47265625 -1330.0740966796875 490.0000305175781
v -424.42291259765625 -1460.1094970703125 490.00006103515625
v -424.42291259765625 -1370.0740966796875 490.0000305175781
v -464.47265625 -1500.1094970703125 490.00006103515625
v -424.4905700683594 -1460.091796875 490.0250549316406
v -334.4405822753906 -1460.091796875 459.97509765625
v -424.4905700683594 -1460.091796875 459.97509765625
v -334.4405822753906 -1460.091796875 490.0250549316406
v -424.4832458496094 -1460.049072265625 460.0000915527344
v -294.4481506347656 -1500.09912109375 460.0000915527344
v -464.4830017089844 -1500.09912109375 460.0000915527344
v -334.4479064941406 -1460.049072265625 460.0000915527344
v -464.4903259277344 -1500.091796875 459.97509765625
v -294.4408264160156 -1500.091796875 490.0250549316406
v -464.4903259277344 -1500.091796875 490.0250549316406
v -294.4408264160156 -1500.091796875 459.97509765625
v -464.4830017089844 -1500.09912109375 490.00006103515625
v -334.4479064941406 -1460.049072265625 490.00006103515625
v -424.4832458496094 -1460.049072265625 490.00006103515625
v -294.4481506347656 -1500.09912109375 490.00006103515625
v -334.465576171875 -1460.1168212890625 490.0250549316406
v -334.465576171875 -1370.0667724609375 459.9750671386719
v -334.465576171875 -1460.1168212890625 459.97509765625
v -334.465576171875 -1370.0667724609375 490.0250244140625
v -334.50823974609375 -1460.1094970703125 460.0000915527344
v -294.45849609375 -1330.0740966796875 460.00006103515625
v -294.45849609375 -1500.1094970703125 460.0000915527344
v -334.50823974609375 -1370.0740966796875 460.00006103515625
v -294.4658203125 -1500.1168212890625 459.97509765625
v -294.4658203125 -1330.0667724609375 490.0250244140625
v -294.4658203125 -1500.1168212890625 490.0250549316406
v -294.4658203125 -1330.0667724609375 459.9750671386719
v -294.45849609375 -1500.1094970703125 490.00006103515625
v -334.50823974609375 -1370.0740966796875 490.0000305175781
v -334.50823974609375 -1460.1094970703125 490.00006103515625
v -294.45849609375 -1330.0740966796875 490.0000305175781
v -334.4405822753906 -1370.091796875 490.0250244140625
v -424.4905700683594 -1370.091796875 459.9750671386719
v -334.4405822753906 -1370.091796875 459.9750671386719
v -424.4905700683594 -1370.091796875 490.0250244140625
v -334.4479064941406 -1370.134521484375 460.00006103515625
v -464.4830017089844 -1330.08447265625 460.00006103515625
v -294.4481506347656 -1330.08447265625 460.00006103515625
v -424.4832458496094 -1370.134521484375 460.00006103515625
v -294.4408264160156 -1330.091796875 459.9750671386719
v -464.4903259277344 -1330.091796875 490.0250244140625
v -294.4408264160156 -1330.091796875 490.0250244140625
v -464.4903259277344 -1330.091796875 459.9750671386719
v -294.4481506347656 -1330.08447265625 490.0000305175781
v -424.4832458496094 -1370.134521484375 490.0000305175781
v -334.4479064941406 -1370.134521484375 490.0000305175781
v -464.4830017089844 -1330.08447265625 490.0000305175781
v -454.4905700683594 -1340.0667724609375 580.0000610351562
v -454.4905700683594 -1490.1168212890625 580.0000610351562
v -441.92291259765625 -1390.1094970703125 580.0000610351562
v -317.00823974609375 -1390.1092529296875 580.0000610351562
v -317.00823974609375 -1440.0738525390625 580.0000610351562
v -304.4405822753906 -1340.0665283203125 580.0000610351562
v -404.4479064941406 -1352.634521484375 580.0000610351562
v -354.4832458496094 -1352.63427734375 580.0000610351562
v -304.4405822753906 -1490.1165771484375 580.0000610351562
v -441.92291259765625 -1440.0740966796875 580.0000610351562
v -354.4832458496094 -1477.548828125 580.0000610351562
v -404.4479064941406 -1477.549072265625 580.0000610351562
v -354.4405822753906 -1352.591552734375 579.9750366210938
v -364.4903259277344 -1352.591552734375 579.9750366210938
v -364.4903259277344 -1352.591552734375 1459.97509765625
v -394.4408264160156 -1352.591552734375 1459.97509765625
v -354.4405822753906 -1352.591552734375 1480.025146484375
v -394.4408264160156 -1352.591796875 579.9750366210938
v -404.4905700683594 -1352.591796875 579.9750366210938
v -404.4905700683594 -1352.591552734375 1480.025146484375
v -404.4479064941406 -1352.5740966796875 579.9750366210938
v -411.5540466308594 -1359.6805419921875 579.9750366210938
v -411.5540466308594 -1359.6802978515625 1459.97509765625
v -432.7323303222656 -1380.8580322265625 1459.97509765625
v -404.4479064941406 -1352.5738525390625 1480.025146484375
v -432.7323303222656 -1380.8582763671875 579.9750366210938
v -441.9832458496094 -1390.1094970703125 579.9750366210938
v -441.9832458496094 -1390.1092529296875 1480.025146484375
v -441.965576171875 -1390.0667724609375 579.9750366210938
v -441.965576171875 -1400.1168212890625 579.9750366210938
v -441.965576171875 -1400.1165771484375 1459.97509765625
v -441.965576171875 -1430.0665283203125 1459.97509765625
v -441.965576171875 -1390.0665283203125 1480.025146484375
v -441.965576171875 -1430.0667724609375 579.9750366210938
v -441.965576171875 -1440.1168212890625 579.9750366210938
v -441.965576171875 -1440.1165771484375 1480.025146484375
v -441.9832458496094 -1440.0740966796875 579.9750366210938
v -434.8771057128906 -1447.1805419921875 579.9750366210938
v -434.8771057128906 -1447.1802978515625 1459.97509765625
v -413.6988220214844 -1468.3580322265625 1459.97509765625
v -441.9832458496094 -1440.0738525390625 1480.025146484375
v -413.6988220214844 -1468.3582763671875 579.9750366210938
v -404.4479064941406 -1477.6094970703125 579.9750366210938
v -404.4479064941406 -1477.6092529296875 1480.025146484375
v -404.4905700683594 -1477.591796875 579.9750366210938
v -394.4408264160156 -1477.591796875 579.9750366210938
v -394.4408264160156 -1477.591552734375 1459.97509765625
v -364.4903259277344 -1477.591552734375 1459.97509765625
v -404.4905700683594 -1477.591552734375 1480.025146484375
v -364.4903259277344 -1477.591552734375 579.9750366210938
v -354.4405822753906 -1477.591552734375 579.9750366210938
v -354.4405822753906 -1477.591552734375 1480.025146484375
v -354.4832458496094 -1477.6092529296875 579.9750366210938
v -347.3771057128906 -1470.5028076171875 579.9750366210938
v -347.3771057128906 -1470.5028076171875 1459.97509765625
v -326.1988220214844 -1449.3250732421875 1459.97509765625
v -354.4832458496094 -1477.6092529296875 1480.025146484375
v -326.1988220214844 -1449.3250732421875 579.9750366210938
v -316.9479064941406 -1440.0738525390625 579.9750366210938
v -316.9479064941406 -1440.0738525390625 1480.025146484375
v -316.965576171875 -1440.1165771484375 579.9750366210938
v -316.965576171875 -1430.0665283203125 579.9750366210938
v -316.965576171875 -1430.0665283203125 1459.97509765625
v -316.965576171875 -1400.1165771484375 1459.97509765625
v -316.965576171875 -1440.1165771484375 1480.025146484375
v -316.965576171875 -1400.1165771484375 579.9750366210938
v -316.965576171875 -1390.0665283203125 579.9750366210938
v -316.965576171875 -1390.0665283203125 1480.025146484375
v -316.9479064941406 -1390.1092529296875 579.9750366210938
v -324.0540466308594 -1383.0028076171875 579.9750366210938
v -324.0540466308594 -1383.0028076171875 1459.97509765625
v -345.2323303222656 -1361.8250732421875 1459.97509765625
v -316.9479064941406 -1390.1092529296875 1480.025146484375
v -345.2323303222656 -1361.8250732421875 579.9750366210938
v -354.4832458496094 -1352.5738525390625 579.9750366210938
v -354.4832458496094 -1352.5738525390625 1480.025146484375
v -366.8668518066406 -1382.591552734375 1490.025146484375
v -392.0643005371094 -1382.591552734375 1459.97509765625
v -366.8668518066406 -1382.591552734375 1459.97509765625
v -392.0643005371094 -1382.591552734375 1490.025146484375
v -366.8687438964844 -1382.6260986328125 1460.0001220703125
v -408.6307678222656 -1342.576171875 1460.0001220703125
v -350.3003845214844 -1342.576171875 1460.0001220703125
v -392.0624084472656 -1382.6260986328125 1460.0001220703125
v -350.2984924316406 -1342.591552734375 1459.97509765625
v -408.6326599121094 -1342.591552734375 1490.025146484375
v -350.2984924316406 -1342.591552734375 1490.025146484375
v -408.6326599121094 -1342.591552734375 1459.97509765625
v -350.3003845214844 -1342.576171875 1490.0001220703125
v -392.0624084472656 -1382.6260986328125 1490.0001220703125
v -366.8687438964844 -1382.6260986328125 1490.0001220703125
v -408.6307678222656 -1342.576171875 1490.0001220703125
v -392.0216369628906 -1382.5738525390625 1490.025146484375
v -411.9832458496094 -1402.5355224609375 1459.97509765625
v -392.0216369628906 -1382.5738525390625 1459.97509765625
v -411.9832458496094 -1402.5355224609375 1490.025146484375
v -391.99853515625 -1382.599609375 1460.0001220703125
v -451.9925842285156 -1385.954833984375 1460.0001220703125
v -408.60223388671875 -1342.5643310546875 1460.0001220703125
v -411.95745849609375 -1402.55859375 1460.0001220703125
v -408.5899963378906 -1342.5738525390625 1459.97509765625
v -451.9830017089844 -1385.9671630859375 1490.025146484375
v -408.5899963378906 -1342.5738525390625 1490.025146484375
v -451.9830017089844 -1385.9671630859375 1459.97509765625
v -408.60223388671875 -1342.5643310546875 1490.0001220703125
v -411.95745849609375 -1402.55859375 1490.0001220703125
v -391.99853515625 -1382.599609375 1490.0001220703125
v -451.9925842285156 -1385.954833984375 1490.0001220703125
v -411.965576171875 -1402.4927978515625 1490.025146484375
v -411.965576171875 -1427.6903076171875 1459.97509765625
v -411.965576171875 -1402.4927978515625 1459.97509765625
v -411.965576171875 -1427.6903076171875 1490.025146484375
v -411.9309997558594 -1402.4947509765625 1460.0001220703125
v -451.98077392578125 -1444.2567138671875 1460.0001220703125
v -451.98077392578125 -1385.9263916015625 1460.0001220703125
v -411.9309997558594 -1427.6883544921875 1460.0001220703125
v -451.96533203125 -1385.9244384765625 1459.97509765625
v -451.96533203125 -1444.2586669921875 1490.025146484375
v -451.96533203125 -1385.9244384765625 1490.025146484375
v -451.96533203125 -1444.2586669921875 1459.97509765625
v -451.98077392578125 -1385.9263916015625 1490.0001220703125
v -411.9309997558594 -1427.6883544921875 1490.0001220703125
v -411.9309997558594 -1402.4947509765625 1490.0001220703125
v -451.98077392578125 -1444.2567138671875 1490.0001220703125
v -411.9832458496094 -1427.6475830078125 1490.025146484375
v -392.0216369628906 -1447.6092529296875 1459.97509765625
v -411.9832458496094 -1427.6475830078125 1459.97509765625
v -392.0216369628906 -1447.6092529296875 1490.025146484375
v -411.95745849609375 -1427.62451171875 1460.0001220703125
v -408.60223388671875 -1487.6187744140625 1460.0001220703125
v -451.9925842285156 -1444.228271484375 1460.0001220703125
v -391.99853515625 -1447.58349609375 1460.0001220703125
v -451.9830017089844 -1444.2159423828125 1459.97509765625
v -408.5899963378906 -1487.6092529296875 1490.025146484375
v -451.9830017089844 -1444.2159423828125 1490.025146484375
v -408.5899963378906 -1487.6092529296875 1459.97509765625
v -451.9925842285156 -1444.228271484375 1490.0001220703125
v -391.99853515625 -1447.58349609375 1490.0001220703125
v -411.95745849609375 -1427.62451171875 1490.0001220703125
v -408.60223388671875 -1487.6187744140625 1490.0001220703125
v -392.0643005371094 -1447.591552734375 1490.025146484375
v -366.8668518066406 -1447.591552734375 1459.97509765625
v -392.0643005371094 -1447.591552734375 1459.97509765625
v -366.8668518066406 -1447.591552734375 1490.025146484375
v -392.0624084472656 -1447.5570068359375 1460.0001220703125
v -350.3003845214844 -1487.60693359375 1460.0001220703125
v -408.6307678222656 -1487.60693359375 1460.0001220703125
v -366.8687438964844 -1447.5570068359375 1460.0001220703125
v -408.6326599121094 -1487.591552734375 1459.97509765625
v -350.2984924316406 -1487.591552734375 1490.025146484375
v -408.6326599121094 -1487.591552734375 1490.025146484375
v -350.2984924316406 -1487.591552734375 1459.97509765625
v -408.6307678222656 -1487.60693359375 1490.0001220703125
v -366.8687438964844 -1447.5570068359375 1490.0001220703125
v -392.0624084472656 -1447.5570068359375 1490.0001220703125
v -350.3003845214844 -1487.60693359375 1490.0001220703125
v -366.9095153808594 -1447.6092529296875 1490.025146484375
v -346.9479064941406 -1427.6475830078125 1459.97509765625
v -366.9095153808594 -1447.6092529296875 1459.97509765625
v -346.9479064941406 -1427.6475830078125 1490.025146484375
v -366.9326171875 -1447.58349609375 1460.0001220703125
v -306.9385681152344 -1444.228271484375 1460.0001220703125
v -350.32891845703125 -1487.6187744140625 1460.0001220703125
v -346.97369384765625 -1427.62451171875 1460.0001220703125
v -350.3411560058594 -1487.6092529296875 1459.97509765625
v -306.9481506347656 -1444.2159423828125 1490.025146484375
v -350.3411560058594 -1487.6092529296875 1490.025146484375
v -306.9481506347656 -1444.2159423828125 1459.97509765625
v -350.32891845703125 -1487.6187744140625 1490.0001220703125
v -346.97369384765625 -1427.62451171875 1490.0001220703125
v -366.9326171875 -1447.58349609375 1490.0001220703125
v -306.9385681152344 -1444.228271484375 1490.0001220703125
v -346.965576171875 -1427.6903076171875 1490.025146484375
v -346.965576171875 -1402.4927978515625 1459.97509765625
v -346.965576171875 -1427.6903076171875 1459.97509765625
v -346.965576171875 -1402.4927978515625 1490.025146484375
v -347.0001525878906 -1427.6883544921875 1460.0001220703125
v -306.95037841796875 -1385.9263916015625 1460.0001220703125
v -306.95037841796875 -1444.2567138671875 1460.0001220703125
v -347.0001525878906 -1402.4947509765625 1460.0001220703125
v -306.9658203125 -1444.2586669921875 1459.97509765625
v -306.9658203125 -1385.9244384765625 1490.025146484375
v -306.9658203125 -1444.2586669921875 1490.025146484375
v -306.9658203125 -1385.9244384765625 1459.97509765625
v -306.95037841796875 -1444.2567138671875 1490.0001220703125
v -347.0001525878906 -1402.4947509765625 1490.0001220703125
v -347.0001525878906 -1427.6883544921875 1490.0001220703125
v -306.95037841796875 -1385.9263916015625 1490.0001220703125
v -346.9479064941406 -1402.5355224609375 1490.025146484375
v -366.9095153808594 -1382.5738525390625 1459.97509765625
v -346.9479064941406 -1402.5355224609375 1459.97509765625
v -366.9095153808594 -1382.5738525390625 1490.025146484375
v -346.97369384765625 -1402.55859375 1460.0001220703125
v -350.32891845703125 -1342.5643310546875 1460.0001220703125
v -306.9385681152344 -1385.954833984375 1460.0001220703125
v -366.9326171875 -1382.599609375 1460.0001220703125
v -306.9481506347656 -1385.9671630859375 1459.97509765625
v -350.3411560058594 -1342.5738525390625 1490.025146484375
v -306.9481506347656 -1385.9671630859375 1490.025146484375
v -350.3411560058594 -1342.5738525390625 1459.97509765625
v -306.9385681152344 -1385.954833984375 1490.0001220703125
v -366.9326171875 -1382.599609375 1490.0001220703125
v -346.97369384765625 -1402.55859375 1490.0001220703125
v -350.32891845703125 -1342.5643310546875 1490.0001220703125
v -394.4908142089844 -1357.6165771484375 1460.0001220703125
v -364.4403381347656 -1352.5665283203125 1460.0001220703125
v -364.4403381347656 -1357.6165771484375 1460.0001220703125
v -394.4908142089844 -1352.5665283203125 1460.0001220703125
v -394.4908142089844 -1357.6168212890625 580.0000610351562
v -364.4403381347656 -1357.6165771484375 580.0000610351562
v -364.4403381347656 -1352.5665283203125 580.0000610351562
v -394.4908142089844 -1352.5667724609375 580.0000610351562
v -364.46533203125 -1357.6165771484375 1460.025146484375
v -364.46533203125 -1352.5665283203125 579.9750366210938
v -364.46533203125 -1357.6165771484375 579.9750366210938
v -364.46533203125 -1352.5665283203125 1460.025146484375
v -394.4658203125 -1357.6165771484375 1460.025146484375
v -394.4658203125 -1357.6168212890625 579.9750366210938
v -394.4658203125 -1352.5667724609375 579.9750366210938
v -394.4658203125 -1352.5665283203125 1460.025146484375
v -407.9656066894531 -1363.1982421875 1460.0001220703125
v -429.214599609375 -1384.44677734375 1460.0001220703125
v -411.536376953125 -1359.627197265625 1460.0001220703125
v -432.7853698730469 -1380.875732421875 1460.0001220703125
v -407.9656066894531 -1363.198486328125 580.0000610351562
v -411.536376953125 -1359.62744140625 580.0000610351562
v -429.214599609375 -1384.447021484375 580.0000610351562
v -432.7853698730469 -1380.8759765625 580.0000610351562
v -407.9833068847656 -1363.2159423828125 1460.025146484375
v -411.5540466308594 -1359.6451416015625 579.9750366210938
v -407.9833068847656 -1363.2161865234375 579.9750366210938
v -411.5540466308594 -1359.6448974609375 1460.025146484375
v -429.1969299316406 -1384.4290771484375 1460.025146484375
v -429.1969299316406 -1384.4293212890625 579.9750366210938
v -432.7676696777344 -1380.8582763671875 579.9750366210938
v -432.7676696777344 -1380.8580322265625 1460.025146484375
v -441.9905700683594 -1400.0665283203125 1460.0001220703125
v -436.9405822753906 -1400.0665283203125 1460.0001220703125
v -441.9905700683594 -1430.1165771484375 1460.0001220703125
v -436.9405822753906 -1430.1165771484375 1460.0001220703125
v -441.9905700683594 -1400.0667724609375 580.0000610351562
v -441.9905700683594 -1430.1168212890625 580.0000610351562
v -436.9405822753906 -1400.0667724609375 580.0000610351562
v -436.9405822753906 -1430.1168212890625 580.0000610351562
v -436.9405822753906 -1400.091552734375 1460.025146484375
v -441.9905700683594 -1400.091796875 579.9750366210938
v -436.9405822753906 -1400.091796875 579.9750366210938
v -441.9905700683594 -1400.091552734375 1460.025146484375
v -436.9405822753906 -1430.091552734375 1460.025146484375
v -436.9405822753906 -1430.091796875 579.9750366210938
v -441.9905700683594 -1430.091796875 579.9750366210938
v -441.9905700683594 -1430.091552734375 1460.025146484375
v -413.68115234375 -1468.4111328125 1460.0001220703125
v -434.9301452636719 -1447.16259765625 1460.0001220703125
v -431.359130859375 -1443.591552734375 1460.0001220703125
v -410.1103820800781 -1464.840087890625 1460.0001220703125
v -413.68115234375 -1468.411376953125 580.0000610351562
v -431.359130859375 -1443.591796875 580.0000610351562
v -434.9301452636719 -1447.162841796875 580.0000610351562
v -410.1103820800781 -1464.84033203125 580.0000610351562
v -431.3414611816406 -1443.6092529296875 1460.025146484375
v -434.9124450683594 -1447.1805419921875 579.9750366210938
v -431.3414611816406 -1443.6094970703125 579.9750366210938
v -434.9124450683594 -1447.1802978515625 1460.025146484375
v -410.1280822753906 -1464.8223876953125 1460.025146484375
v -410.1280822753906 -1464.8226318359375 579.9750366210938
v -413.6988220214844 -1468.3936767578125 579.9750366210938
v -413.6988220214844 -1468.3934326171875 1460.025146484375
v -394.4908142089844 -1472.5665283203125 1460.0001220703125
v -364.4403381347656 -1472.5665283203125 1460.0001220703125
v -394.4908142089844 -1477.6165771484375 1460.0001220703125
v -364.4403381347656 -1477.6165771484375 1460.0001220703125
v -394.4908142089844 -1472.5667724609375 580.0000610351562
v -394.4908142089844 -1477.6168212890625 580.0000610351562
v -364.4403381347656 -1472.5665283203125 580.0000610351562
v -364.4403381347656 -1477.6165771484375 580.0000610351562
v -394.4658203125 -1472.5665283203125 1460.025146484375
v -394.4658203125 -1477.6168212890625 579.9750366210938
v -394.4658203125 -1472.5667724609375 579.9750366210938
v -394.4658203125 -1477.6165771484375 1460.025146484375
v -364.46533203125 -1472.5665283203125 1460.025146484375
v -364.46533203125 -1472.5665283203125 579.9750366210938
v -364.46533203125 -1477.6165771484375 579.9750366210938
v -364.46533203125 -1477.6165771484375 1460.025146484375
v -350.9655456542969 -1466.98486328125 1460.0001220703125
v -329.716552734375 -1445.736328125 1460.0001220703125
v -347.394775390625 -1470.555908203125 1460.0001220703125
v -326.1457824707031 -1449.307373046875 1460.0001220703125
v -350.9655456542969 -1466.98486328125 580.0000610351562
v -347.394775390625 -1470.555908203125 580.0000610351562
v -329.716552734375 -1445.736328125 580.0000610351562
v -326.1457824707031 -1449.307373046875 580.0000610351562
v -350.9478454589844 -1466.9671630859375 1460.025146484375
v -347.3771057128906 -1470.5382080078125 579.9750366210938
v -350.9478454589844 -1466.9671630859375 579.9750366210938
v -347.3771057128906 -1470.5382080078125 1460.025146484375
v -329.7342224121094 -1445.7540283203125 1460.025146484375
v -329.7342224121094 -1445.7540283203125 579.9750366210938
v -326.1634826660156 -1449.3250732421875 579.9750366210938
v -326.1634826660156 -1449.3250732421875 1460.025146484375
v -321.9905700683594 -1430.1165771484375 1460.0001220703125
v -316.9405822753906 -1400.0665283203125 1460.0001220703125
v -316.9405822753906 -1430.1165771484375 1460.0001220703125
v -321.9905700683594 -1400.0665283203125 1460.0001220703125
v -321.9905700683594 -1430.1165771484375 580.0000610351562
v -316.9405822753906 -1430.1165771484375 580.0000610351562
v -316.9405822753906 -1400.0665283203125 580.0000610351562
v -321.9905700683594 -1400.0665283203125 580.0000610351562
v -321.9905700683594 -1430.091552734375 1460.025146484375
v -316.9405822753906 -1430.091552734375 579.9750366210938
v -321.9905700683594 -1430.091552734375 579.9750366210938
v -316.9405822753906 -1430.091552734375 1460.025146484375
v -321.9905700683594 -1400.091552734375 1460.025146484375
v -321.9905700683594 -1400.091552734375 579.9750366210938
v -316.9405822753906 -1400.091552734375 579.9750366210938
v -316.9405822753906 -1400.091552734375 1460.025146484375
v -345.25 -1361.77197265625 1460.0001220703125
v -324.0010070800781 -1383.0205078125 1460.0001220703125
v -327.572021484375 -1386.591552734375 1460.0001220703125
v -348.8207702636719 -1365.343017578125 1460.0001220703125
v -345.25 -1361.77197265625 580.0000610351562
v -327.572021484375 -1386.591552734375 580.0000610351562
v -324.0010070800781 -1383.0205078125 580.0000610351562
v -348.8207702636719 -1365.343017578125 580.0000610351562
v -327.5896911621094 -1386.5738525390625 1460.025146484375
v -324.0187072753906 -1383.0028076171875 579.9750366210938
v -327.5896911621094 -1386.5738525390625 579.9750366210938
v -324.0187072753906 -1383.0028076171875 1460.025146484375
v -348.8030700683594 -1365.3607177734375 1460.025146484375
v -348.8030700683594 -1365.3607177734375 579.9750366210938
v -345.2323303222656 -1361.7896728515625 579.9750366210938
v -345.2323303222656 -1361.7896728515625 1460.025146484375
v -404.4832458496094 -1352.548828125 1480.0001220703125
v -404.4832458496094 -1477.63427734375 1480.0001220703125
v -354.4479064941406 -1352.548828125 1480.0001220703125
v -442.00823974609375 -1390.0738525390625 1480.0001220703125
v -442.00823974609375 -1440.1092529296875 1480.0001220703125
v -354.4479064941406 -1477.63427734375 1480.0001220703125
v -316.92291259765625 -1440.1092529296875 1480.0001220703125
v -316.92291259765625 -1390.0738525390625 1480.0001220703125
v -91.965576171875 -802.5667724609375 -0.024981504306197166
v -91.965576171875 -852.591796875 -0.0499771349132061
v -91.965576171875 -802.5667724609375 400.0250244140625
v -91.965576171875 -852.591796875 400.0500183105469
v -91.965576171875 -952.591796875 -0.04996838793158531
v -91.965576171875 -952.591796875 400.0500183105469
v -91.965576171875 -1177.6168212890625 -0.024948718026280403
v -91.965576171875 -1177.6168212890625 400.0250549316406
v 433.034423828125 -1177.6168212890625 -0.024925755336880684
v 433.034423828125 -1049.8690185546875 -0.02493695728480816
v 433.034423828125 -1049.8687744140625 259.68505859375
v 433.034423828125 -926.3865966796875 259.6850280761719
v 433.034423828125 -1177.6165771484375 400.0250549316406
v 433.034423828125 -926.3868408203125 -0.024947714060544968
v 433.034423828125 -802.5667724609375 -0.024958575144410133
v 433.034423828125 -802.5665283203125 400.0250244140625
v -81.9658203125 -802.5667724609375 405.1250305175781
v -81.9658203125 -852.6168212890625 389.97503662109375
v -81.9658203125 -802.5667724609375 389.97503662109375
v -81.9658203125 -852.6168212890625 405.1250305175781
v -81.9408187866211 -802.5667724609375 390.0000305175781
v -101.9903335571289 -852.6168212890625 390.0000305175781
v -101.9903335571289 -802.5667724609375 390.0000305175781
v -81.9408187866211 -852.6168212890625 390.0000305175781
v -101.9652099609375 -802.5667724609375 389.97503662109375
v -101.9781494140625 -852.6168212890625 392.6534423828125
v -101.9781494140625 -802.5667724609375 392.6534423828125
v -101.9652099609375 -852.6168212890625 389.97503662109375
v -101.95579528808594 -802.5667724609375 392.61700439453125
v -111.82887268066406 -852.6168212890625 397.6952209472656
v -111.82887268066406 -802.5667724609375 397.6952209472656
v -101.95579528808594 -852.6168212890625 392.61700439453125
v -111.806640625 -802.5667724609375 397.6587829589844
v -111.806640625 -852.6168212890625 402.43115234375
v -111.806640625 -802.5667724609375 402.43115234375
v -111.806640625 -852.6168212890625 397.6587829589844
v -111.8316421508789 -802.5667724609375 402.4060974121094
v -101.8900375366211 -852.6168212890625 402.43609619140625
v -101.8900375366211 -802.5667724609375 402.43609619140625
v -111.8316421508789 -852.6168212890625 402.4060974121094
v -101.91497802734375 -802.5667724609375 402.4110412597656
v -101.92120361328125 -852.6168212890625 405.1250305175781
v -101.92120361328125 -802.5667724609375 405.1250305175781
v -101.91497802734375 -852.6168212890625 402.4110412597656
v -101.9461441040039 -802.5667724609375 405.10003662109375
v -81.9408187866211 -852.6168212890625 405.10003662109375
v -81.9408187866211 -802.5667724609375 405.10003662109375
v -101.9461441040039 -852.6168212890625 405.10003662109375
v -81.9658203125 -952.5667724609375 405.1250305175781
v -81.9658203125 -1177.6168212890625 389.9750671386719
v -81.9658203125 -952.5667724609375 389.97503662109375
v -81.9658203125 -1177.6168212890625 405.12506103515625
v -81.9408187866211 -952.5667724609375 390.0000305175781
v -101.9903335571289 -1177.6168212890625 390.00006103515625
v -101.9903335571289 -952.5667724609375 390.0000305175781
v -81.9408187866211 -1177.6168212890625 390.00006103515625
v -101.9652099609375 -952.5667724609375 389.97503662109375
v -101.9781494140625 -1177.6168212890625 392.6534729003906
v -101.9781494140625 -952.5667724609375 392.6534423828125
v -101.9652099609375 -1177.6168212890625 389.9750671386719
v -101.95579528808594 -952.5667724609375 392.61700439453125
v -111.82887268066406 -1177.6168212890625 397.69525146484375
v -111.82887268066406 -952.5667724609375 397.6952209472656
v -101.95579528808594 -1177.6168212890625 392.6170349121094
v -111.806640625 -952.5667724609375 397.6587829589844
v -111.806640625 -1177.6168212890625 402.4311828613281
v -111.806640625 -952.5667724609375 402.43115234375
v -111.806640625 -1177.6168212890625 397.6588134765625
v -111.8316421508789 -952.5667724609375 402.4060974121094
v -101.8900375366211 -1177.6168212890625 402.4361267089844
v -101.8900375366211 -952.5667724609375 402.43609619140625
v -111.8316421508789 -1177.6168212890625 402.4061279296875
v -101.91497802734375 -952.5667724609375 402.4110412597656
v -101.92120361328125 -1177.6168212890625 405.12506103515625
v -101.92120361328125 -952.5667724609375 405.1250305175781
v -101.91497802734375 -1177.6168212890625 402.41107177734375
v -101.9461441040039 -952.5667724609375 405.10003662109375
v -81.9408187866211 -1177.6168212890625 405.1000671386719
v -81.9408187866211 -952.5667724609375 405.10003662109375
v -101.9461441040039 -1177.6168212890625 405.1000671386719
v 423.034423828125 -1177.6165771484375 405.12506103515625
v 423.034423828125 -802.5665283203125 389.97503662109375
v 423.034423828125 -1177.6165771484375 389.9750671386719
v 423.034423828125 -802.5665283203125 405.1250305175781
v 423.0094299316406 -1177.6165771484375 390.00006103515625
v 443.0594177246094 -802.5665283203125 390.0000305175781
v 443.0594177246094 -1177.6165771484375 390.00006103515625
v 423.0094299316406 -802.5665283203125 390.0000305175781
v 443.0343017578125 -1177.6165771484375 389.9750671386719
v 443.0469970703125 -802.5665283203125 392.6534423828125
v 443.0469970703125 -1177.6165771484375 392.6534729003906
v 443.0343017578125 -802.5665283203125 389.97503662109375
v 443.024658203125 -1177.6165771484375 392.6170349121094
v 452.897705078125 -802.5665283203125 397.69525146484375
v 452.897705078125 -1177.6165771484375 397.6952819824219
v 443.024658203125 -802.5665283203125 392.61700439453125
v 452.87548828125 -1177.6165771484375 397.6588439941406
v 452.87548828125 -802.5665283203125 402.4311828613281
v 452.87548828125 -1177.6165771484375 402.43121337890625
v 452.87548828125 -802.5665283203125 397.6588134765625
v 452.9004821777344 -1177.6165771484375 402.4061584472656
v 442.9591369628906 -802.5665283203125 402.43609619140625
v 442.9591369628906 -1177.6165771484375 402.4361267089844
v 452.9004821777344 -802.5665283203125 402.4061279296875
v 442.98406982421875 -1177.6165771484375 402.41107177734375
v 442.99005126953125 -802.5665283203125 405.1250305175781
v 442.99005126953125 -1177.6165771484375 405.12506103515625
v 442.98406982421875 -802.5665283203125 402.4110412597656
v 443.0149841308594 -1177.6165771484375 405.1000671386719
v 423.0094299316406 -802.5665283203125 405.10003662109375
v 423.0094299316406 -1177.6165771484375 405.1000671386719
v 443.0149841308594 -802.5665283203125 405.10003662109375
v -81.9408187866211 -802.591796875 389.97503662109375
v -101.9903335571289 -802.591796875 389.97491455078125
v -102.01446533203125 -802.591796875 392.6061096191406
v -111.84307861328125 -802.591796875 397.66156005859375
v -111.83171844482422 -802.591796875 402.43115234375
v -101.94011688232422 -802.591796875 402.4609680175781
v -81.9408187866211 -802.591796875 405.1250305175781
v -101.9461441040039 -802.591796875 405.1249694824219
v -102.01446533203125 -852.591796875 392.6061096191406
v -101.9903335571289 -852.591796875 389.97491455078125
v -81.9408187866211 -852.591796875 389.97503662109375
v -111.83171844482422 -852.591796875 402.43115234375
v -111.84307861328125 -852.591796875 397.66156005859375
v -101.94011688232422 -852.591796875 402.4609680175781
v -81.9408187866211 -852.591796875 405.1250305175781
v -101.9461441040039 -852.591796875 405.1249694824219
v -81.9408187866211 -952.591796875 389.97503662109375
v -101.9903335571289 -952.591796875 389.97491455078125
v -102.01446533203125 -952.591796875 392.6061096191406
v -111.84307861328125 -952.591796875 397.66156005859375
v -111.83171844482422 -952.591796875 402.43115234375
v -101.94011688232422 -952.591796875 402.4609680175781
v -81.9408187866211 -952.591796875 405.1250305175781
v -101.9461441040039 -952.591796875 405.1249694824219
v -102.01446533203125 -1177.591796875 392.60614013671875
v -101.9903335571289 -1177.591796875 389.9749450683594
v -81.9408187866211 -1177.591796875 389.9750671386719
v -111.83171844482422 -1177.591796875 402.4311828613281
v -111.84307861328125 -1177.591796875 397.6615905761719
v -101.94011688232422 -1177.591796875 402.46099853515625
v -81.9408187866211 -1177.591796875 405.12506103515625
v -101.9461441040039 -1177.591796875 405.125
v 423.0094299316406 -1177.591552734375 389.9750671386719
v 443.0594177246094 -1177.591552734375 389.9749450683594
v 443.08331298828125 -1177.591552734375 392.60614013671875
v 452.91192626953125 -1177.591552734375 397.66162109375
v 452.90057373046875 -1177.591552734375 402.43121337890625
v 443.00921630859375 -1177.591552734375 402.46099853515625
v 423.0094299316406 -1177.591552734375 405.12506103515625
v 443.0149841308594 -1177.591552734375 405.125
v 443.08331298828125 -802.591552734375 392.6061096191406
v 443.0594177246094 -802.591552734375 389.97491455078125
v 423.0094299316406 -802.591552734375 389.97503662109375
v 452.90057373046875 -802.591552734375 402.4311828613281
v 452.91192626953125 -802.591552734375 397.6615905761719
v 443.00921630859375 -802.591552734375 402.4609680175781
v 423.0094299316406 -802.591552734375 405.1250305175781
v 443.0149841308594 -802.591552734375 405.1249694824219
v -92.01557922363281 -952.591796875 400.0000305175781
v -91.9905776977539 -1177.6168212890625 400.00006103515625
v 433.0594177246094 -802.5665283203125 400.0000305175781
v -92.01557922363281 -852.591796875 400.0000305175781
v -91.9905776977539 -802.5667724609375 400.0000305175781
v 433.0594177246094 -1177.6165771484375 400.00006103515625
v 1134.9637451171875 277.42547607421875 424.9749755859375
v 734.9136962890625 277.42547607421875 424.9749755859375
v 1031.1173095703125 277.42547607421875 435.02496337890625
v 925.5020751953125 277.42547607421875 464.9749755859375
v 845.5521240234375 277.42547607421875 464.9749755859375
v 1134.9637451171875 277.42547607421875 475.02496337890625
v 1031.1173095703125 277.42547607421875 464.9749755859375
v 951.1673583984375 277.42547607421875 464.9749755859375
v 734.9136962890625 277.42547607421875 475.02496337890625
v 951.1673583984375 277.42547607421875 435.02496337890625
v 845.5521240234375 277.42547607421875 435.02496337890625
v 925.5020751953125 277.42547607421875 435.02496337890625
v 734.9136962890625 227.42547607421875 424.9749755859375
v 1134.9637451171875 227.42547607421875 424.9749755859375
v 852.2489013671875 227.42547607421875 435.02496337890625
v 951.6019287109375 227.42547607421875 464.9749755859375
v 1031.5518798828125 227.42547607421875 464.9749755859375
v 734.9136962890625 227.42547607421875 475.02496337890625
v 852.2489013671875 227.42547607421875 464.9749755859375
v 922.1988525390625 227.42547607421875 464.9749755859375
v 1134.9637451171875 227.42547607421875 475.02496337890625
v 922.1988525390625 227.42547607421875 435.02496337890625
v 1031.5518798828125 227.42547607421875 435.02496337890625
v 951.6019287109375 227.42547607421875 435.02496337890625
v 951.1173095703125 275.3985290527344 464.9999694824219
v 1031.1673583984375 277.4504699707031 464.9999694824219
v 1031.1673583984375 275.3985290527344 464.9999694824219
v 951.1173095703125 277.4504699707031 464.9999694824219
v 951.1173095703125 275.3985290527344 434.9999694824219
v 1031.1673583984375 275.3985290527344 434.9999694824219
v 1031.1673583984375 277.4504699707031 434.9999694824219
v 951.1173095703125 277.4504699707031 434.9999694824219
v 1031.142333984375 275.3985290527344 465.02496337890625
v 1031.142333984375 277.4504699707031 434.9749755859375
v 1031.142333984375 275.3985290527344 434.9749755859375
v 1031.142333984375 277.4504699707031 465.02496337890625
v 951.142333984375 275.3985290527344 465.02496337890625
v 951.142333984375 275.3985290527344 434.9749755859375
v 951.142333984375 277.4504699707031 434.9749755859375
v 951.142333984375 277.4504699707031 465.02496337890625
v 845.5020751953125 275.3985290527344 464.9999694824219
v 925.5521240234375 277.4504699707031 464.9999694824219
v 925.5521240234375 275.3985290527344 464.9999694824219
v 845.5020751953125 277.4504699707031 464.9999694824219
v 845.5020751953125 275.3985290527344 434.9999694824219
v 925.5521240234375 275.3985290527344 434.9999694824219
v 925.5521240234375 277.4504699707031 434.9999694824219
v 845.5020751953125 277.4504699707031 434.9999694824219
v 925.527099609375 275.3985290527344 465.02496337890625
v 925.527099609375 277.4504699707031 434.9749755859375
v 925.527099609375 275.3985290527344 434.9749755859375
v 925.527099609375 277.4504699707031 465.02496337890625
v 845.527099609375 275.3985290527344 465.02496337890625
v 845.527099609375 275.3985290527344 434.9749755859375
v 845.527099609375 277.4504699707031 434.9749755859375
v 845.527099609375 277.4504699707031 465.02496337890625
v 852.1988525390625 229.45242309570312 464.9999694824219
v 922.2489013671875 229.45242309570312 464.9999694824219
v 852.1988525390625 227.40048217773438 464.9999694824219
v 922.2489013671875 227.40048217773438 464.9999694824219
v 852.1988525390625 229.45242309570312 434.9999694824219
v 852.1988525390625 227.40048217773438 434.9999694824219
v 922.2489013671875 229.45242309570312 434.9999694824219
v 922.2489013671875 227.40048217773438 434.9999694824219
v 852.223876953125 229.45242309570312 465.02496337890625
v 852.223876953125 227.40048217773438 434.9749755859375
v 852.223876953125 229.45242309570312 434.9749755859375
v 852.223876953125 227.40048217773438 465.02496337890625
v 922.223876953125 229.45242309570312 465.02496337890625
v 922.223876953125 229.45242309570312 434.9749755859375
v 922.223876953125 227.40048217773438 434.9749755859375
v 922.223876953125 227.40048217773438 465.02496337890625
v 951.5518798828125 229.45242309570312 464.9999694824219
v 1031.6019287109375 229.45242309570312 464.9999694824219
v 951.5518798828125 227.40048217773438 464.9999694824219
v 1031.6019287109375 227.40048217773438 464.9999694824219
v 951.5518798828125 229.45242309570312 434.9999694824219
v 951.5518798828125 227.40048217773438 434.9999694824219
v 1031.6019287109375 229.45242309570312 434.9999694824219
v 1031.6019287109375 227.40048217773438 434.9999694824219
v 951.576904296875 229.45242309570312 465.02496337890625
v 951.576904296875 227.40048217773438 434.9749755859375
v 951.576904296875 229.45242309570312 434.9749755859375
v 951.576904296875 227.40048217773438 465.02496337890625
v 1031.576904296875 229.45242309570312 465.02496337890625
v 1031.576904296875 229.45242309570312 434.9749755859375
v 1031.576904296875 227.40048217773438 434.9749755859375
v 1031.576904296875 227.40048217773438 465.02496337890625
v 931.5567626953125 287.4479064941406 484.9999694824219
v 931.5567626953125 217.39065551757812 484.9999694824219
v 941.6043701171875 217.39065551757812 484.9999694824219
v 941.6043701171875 287.4479064941406 484.9999694824219
v 931.5567626953125 287.4479064941406 414.9999694824219
v 941.6043701171875 217.39065551757812 414.9999694824219
v 931.5567626953125 217.39065551757812 414.9999694824219
v 941.6043701171875 287.4479064941406 414.9999694824219
v 931.5567626953125 217.4156494140625 485.02496337890625
v 941.6043701171875 217.4156494140625 414.9749755859375
v 941.6043701171875 217.4156494140625 485.02496337890625
v 931.5567626953125 217.4156494140625 414.9749755859375
v 941.579345703125 217.39065551757812 485.02496337890625
v 941.579345703125 287.4479064941406 414.9749755859375
v 941.579345703125 287.4479064941406 485.02496337890625
v 941.579345703125 217.39065551757812 414.9749755859375
v 941.6043701171875 287.42291259765625 485.02496337890625
v 931.5567626953125 287.42291259765625 414.9749755859375
v 931.5567626953125 287.42291259765625 485.02496337890625
v 941.6043701171875 287.42291259765625 414.9749755859375
v 931.581787109375 287.4479064941406 485.02496337890625
v 931.581787109375 217.39065551757812 414.9749755859375
v 931.581787109375 217.39065551757812 485.02496337890625
v 931.581787109375 287.4479064941406 414.9749755859375
v 734.9136962890625 277.4504699707031 474.9999694824219
v 734.9136962890625 227.40048217773438 474.9999694824219
v 1134.9637451171875 277.4504699707031 474.9999694824219
v 1134.9637451171875 227.40048217773438 474.9999694824219
v 1134.9637451171875 377.42547607421875 424.9749450683594
v 734.9136962890625 377.42547607421875 424.9749450683594
v 1031.1173095703125 377.42547607421875 435.0249328613281
v 925.5020751953125 377.42547607421875 464.9749450683594
v 845.5521240234375 377.42547607421875 464.9749450683594
v 1134.9637451171875 377.42547607421875 475.0249328613281
v 1031.1173095703125 377.42547607421875 464.9749450683594
v 951.1673583984375 377.42547607421875 464.9749450683594
v 734.9136962890625 377.42547607421875 475.0249328613281
v 951.1673583984375 377.42547607421875 435.0249328613281
v 845.5521240234375 377.42547607421875 435.0249328613281
v 925.5020751953125 377.42547607421875 435.0249328613281
v 734.9136962890625 327.42547607421875 424.9749755859375
v 1134.9637451171875 327.42547607421875 424.9749755859375
v 852.2489013671875 327.42547607421875 435.02496337890625
v 951.6019287109375 327.42547607421875 464.9749755859375
v 1031.5518798828125 327.42547607421875 464.9749755859375
v 734.9136962890625 327.42547607421875 475.02496337890625
v 852.2489013671875 327.42547607421875 464.9749755859375
v 922.1988525390625 327.42547607421875 464.9749755859375
v 1134.9637451171875 327.42547607421875 475.02496337890625
v 922.1988525390625 327.42547607421875 435.02496337890625
v 1031.5518798828125 327.42547607421875 435.02496337890625
v 951.6019287109375 327.42547607421875 435.02496337890625
v 951.1173095703125 375.3985290527344 464.99993896484375
v 1031.1673583984375 377.4504699707031 464.99993896484375
v 1031.1673583984375 375.3985290527344 464.99993896484375
v 951.1173095703125 377.4504699707031 464.99993896484375
v 951.1173095703125 375.3985290527344 434.99993896484375
v 1031.1673583984375 375.3985290527344 434.99993896484375
v 1031.1673583984375 377.4504699707031 434.99993896484375
v 951.1173095703125 377.4504699707031 434.99993896484375
v 1031.142333984375 375.3985290527344 465.0249328613281
v 1031.142333984375 377.4504699707031 434.9749450683594
v 1031.142333984375 375.3985290527344 434.9749450683594
v 1031.142333984375 377.4504699707031 465.0249328613281
v 951.142333984375 375.3985290527344 465.0249328613281
v 951.142333984375 375.3985290527344 434.9749450683594
v 951.142333984375 377.4504699707031 434.9749450683594
v 951.142333984375 377.4504699707031 465.0249328613281
v 845.5020751953125 375.3985290527344 464.99993896484375
v 925.5521240234375 377.4504699707031 464.99993896484375
v 925.5521240234375 375.3985290527344 464.99993896484375
v 845.5020751953125 377.4504699707031 464.99993896484375
v 845.5020751953125 375.3985290527344 434.99993896484375
v 925.5521240234375 375.3985290527344 434.99993896484375
v 925.5521240234375 377.4504699707031 434.99993896484375
v 845.5020751953125 377.4504699707031 434.99993896484375
v 925.527099609375 375.3985290527344 465.0249328613281
v 925.527099609375 377.4504699707031 434.9749450683594
v 925.527099609375 375.3985290527344 434.9749450683594
v 925.527099609375 377.4504699707031 465.0249328613281
v 845.527099609375 375.3985290527344 465.0249328613281
v 845.527099609375 375.3985290527344 434.9749450683594
v 845.527099609375 377.4504699707031 434.9749450683594
v 845.527099609375 377.4504699707031 465.0249328613281
v 852.1988525390625 329.4524230957031 464.9999694824219
v 922.2489013671875 329.4524230957031 464.9999694824219
v 852.1988525390625 327.4004821777344 464.9999694824219
v 922.2489013671875 327.4004821777344 464.9999694824219
v 852.1988525390625 329.4524230957031 434.9999694824219
v 852.1988525390625 327.4004821777344 434.9999694824219
v 922.2489013671875 329.4524230957031 434.9999694824219
v 922.2489013671875 327.4004821777344 434.9999694824219
v 852.223876953125 329.4524230957031 465.02496337890625
v 852.223876953125 327.4004821777344 434.9749755859375
v 852.223876953125 329.4524230957031 434.9749755859375
v 852.223876953125 327.4004821777344 465.02496337890625
v 922.223876953125 329.4524230957031 465.02496337890625
v 922.223876953125 329.4524230957031 434.9749755859375
v 922.223876953125 327.4004821777344 434.9749755859375
v 922.223876953125 327.4004821777344 465.02496337890625
v 951.5518798828125 329.4524230957031 464.9999694824219
v 1031.6019287109375 329.4524230957031 464.9999694824219
v 951.5518798828125 327.4004821777344 464.9999694824219
v 1031.6019287109375 327.4004821777344 464.9999694824219
v 951.5518798828125 329.4524230957031 434.9999694824219
v 951.5518798828125 327.4004821777344 434.9999694824219
v 1031.6019287109375 329.4524230957031 434.9999694824219
v 1031.6019287109375 327.4004821777344 434.9999694824219
v 951.576904296875 329.4524230957031 465.02496337890625
v 951.576904296875 327.4004821777344 434.9749755859375
v 951.576904296875 329.4524230957031 434.9749755859375
v 951.576904296875 327.4004821777344 465.02496337890625
v 1031.576904296875 329.4524230957031 465.02496337890625
v 1031.576904296875 329.4524230957031 434.9749755859375
v 1031.576904296875 327.4004821777344 434.9749755859375
v 1031.576904296875 327.4004821777344 465.02496337890625
v 931.5567626953125 387.4479064941406 484.99993896484375
v 931.5567626953125 317.3907165527344 484.9999694824219
v 941.6043701171875 317.3907165527344 484.9999694824219
v 941.6043701171875 387.4479064941406 484.99993896484375
v 931.5567626953125 387.4479064941406 414.99993896484375
v 941.6043701171875 317.3907165527344 414.9999694824219
v 931.5567626953125 317.3907165527344 414.9999694824219
v 941.6043701171875 387.4479064941406 414.99993896484375
v 931.5567626953125 317.41571044921875 485.02496337890625
v 941.6043701171875 317.41571044921875 414.9749755859375
v 941.6043701171875 317.41571044921875 485.02496337890625
v 931.5567626953125 317.41571044921875 414.9749755859375
v 941.579345703125 317.3907165527344 485.02496337890625
v 941.579345703125 387.4479064941406 414.9749450683594
v 941.579345703125 387.4479064941406 485.0249328613281
v 941.579345703125 317.3907165527344 414.9749755859375
v 941.6043701171875 387.42291259765625 485.0249328613281
v 931.5567626953125 387.42291259765625 414.9749450683594
v 931.5567626953125 387.42291259765625 485.0249328613281
v 941.6043701171875 387.42291259765625 414.9749450683594
v 931.581787109375 387.4479064941406 485.0249328613281
v 931.581787109375 317.3907165527344 414.9749755859375
v 931.581787109375 317.3907165527344 485.02496337890625
v 931.581787109375 387.4479064941406 414.9749450683594
v 734.9136962890625 377.4504699707031 474.99993896484375
v 734.9136962890625 327.4004821777344 474.9999694824219
v 1134.9637451171875 377.4504699707031 474.99993896484375
v 1134.9637451171875 327.4004821777344 474.9999694824219
v 839.2484130859375 397.42059326171875 399.9749450683594
v 734.9014892578125 397.42059326171875 399.9749450683594
v 839.2484130859375 397.42059326171875 500.0249328613281
v 734.9014892578125 397.42059326171875 500.0249328613281
v 734.8892822265625 7.4180908203125 399.9750061035156
v 839.2484130859375 7.4180908203125 399.9750061035156
v 734.8892822265625 7.4180908203125 500.0249938964844
v 839.2484130859375 7.4180908203125 500.0249938964844
v 839.223388671875 7.393090724945068 399.9750061035156
v 839.223388671875 397.4455871582031 399.9749450683594
v 839.223388671875 7.393090724945068 500.0249938964844
v 839.223388671875 397.4455871582031 500.0249328613281
v 839.2484130859375 7.393090724945068 500.0
v 839.2484130859375 397.4455871582031 499.99993896484375
v 734.9014892578125 397.4455871582031 499.99993896484375
v 734.8892822265625 7.393091678619385 500.0
v 1134.9515380859375 397.42059326171875 399.9749450683594
v 1042.2867431640625 397.42059326171875 399.9749450683594
v 1134.9515380859375 397.42059326171875 500.0249328613281
v 1042.2867431640625 397.42059326171875 500.0249328613281
v 1042.311767578125 397.4455871582031 399.9749450683594
v 1042.311767578125 7.393090724945068 399.9750061035156
v 1042.311767578125 397.4455871582031 500.0249328613281
v 1042.311767578125 7.393090724945068 500.0249938964844
v 1042.2867431640625 7.4180908203125 399.9750061035156
v 1134.9393310546875 7.4180908203125 399.9750061035156
v 1042.2867431640625 7.4180908203125 500.0249938964844
v 1134.9393310546875 7.4180908203125 500.0249938964844
v 1134.914306640625 7.393090724945068 399.9750061035156
v 1134.926513671875 397.4455871582031 399.9749450683594
v 1134.914306640625 7.393090724945068 500.0249938964844
v 1134.926513671875 397.4455871582031 500.0249328613281
v 1042.2867431640625 397.4455871582031 499.99993896484375
v 1042.2867431640625 7.393090724945068 500.0
v 1134.9393310546875 7.39309024810791 500.0
v 1134.9515380859375 397.4455871582031 499.99993896484375
v 1134.9637451171875 177.4254150390625 424.9749755859375
v 734.9136962890625 177.4254150390625 424.9749755859375
v 1031.1173095703125 177.4254150390625 435.02496337890625
v 925.5020751953125 177.4254150390625 464.9749755859375
v 845.5521240234375 177.4254150390625 464.9749755859375
v 1134.9637451171875 177.4254150390625 475.02496337890625
v 1031.1173095703125 177.4254150390625 464.9749755859375
v 951.1673583984375 177.4254150390625 464.9749755859375
v 734.9136962890625 177.4254150390625 475.02496337890625
v 951.1673583984375 177.4254150390625 435.02496337890625
v 845.5521240234375 177.4254150390625 435.02496337890625
v 925.5020751953125 177.4254150390625 435.02496337890625
v 734.9136962890625 127.4254150390625 424.9749755859375
v 1134.9637451171875 127.4254150390625 424.9749755859375
v 852.2489013671875 127.4254150390625 435.02496337890625
v 951.6019287109375 127.4254150390625 464.9749755859375
v 1031.5518798828125 127.4254150390625 464.9749755859375
v 734.9136962890625 127.4254150390625 475.02496337890625
v 852.2489013671875 127.4254150390625 464.9749755859375
v 922.1988525390625 127.4254150390625 464.9749755859375
v 1134.9637451171875 127.4254150390625 475.02496337890625
v 922.1988525390625 127.4254150390625 435.02496337890625
v 1031.5518798828125 127.4254150390625 435.02496337890625
v 951.6019287109375 127.4254150390625 435.02496337890625
v 951.1173095703125 175.39846801757812 464.9999694824219
v 1031.1673583984375 177.45040893554688 464.9999694824219
v 1031.1673583984375 175.39846801757812 464.9999694824219
v 951.1173095703125 177.45040893554688 464.9999694824219
v 951.1173095703125 175.39846801757812 434.9999694824219
v 1031.1673583984375 175.39846801757812 434.9999694824219
v 1031.1673583984375 177.45040893554688 434.9999694824219
v 951.1173095703125 177.45040893554688 434.9999694824219
v 1031.142333984375 175.39846801757812 465.02496337890625
v 1031.142333984375 177.45040893554688 434.9749755859375
v 1031.142333984375 175.39846801757812 434.9749755859375
v 1031.142333984375 177.45040893554688 465.02496337890625
v 951.142333984375 175.39846801757812 465.02496337890625
v 951.142333984375 175.39846801757812 434.9749755859375
v 951.142333984375 177.45040893554688 434.9749755859375
v 951.142333984375 177.45040893554688 465.02496337890625
v 845.5020751953125 175.39846801757812 464.9999694824219
v 925.5521240234375 177.45040893554688 464.9999694824219
v 925.5521240234375 175.39846801757812 464.9999694824219
v 845.5020751953125 177.45040893554688 464.9999694824219
v 845.5020751953125 175.39846801757812 434.9999694824219
v 925.5521240234375 175.39846801757812 434.9999694824219
v 925.5521240234375 177.45040893554688 434.9999694824219
v 845.5020751953125 177.45040893554688 434.9999694824219
v 925.527099609375 175.39846801757812 465.02496337890625
v 925.527099609375 177.45040893554688 434.9749755859375
v 925.527099609375 175.39846801757812 434.9749755859375
v 925.527099609375 177.45040893554688 465.02496337890625
v 845.527099609375 175.39846801757812 465.02496337890625
v 845.527099609375 175.39846801757812 434.9749755859375
v 845.527099609375 177.45040893554688 434.9749755859375
v 845.527099609375 177.45040893554688 465.02496337890625
v 852.1988525390625 129.45236206054688 464.9999694824219
v 922.2489013671875 129.45236206054688 464.9999694824219
v 852.1988525390625 127.4004135131836 464.9999694824219
v 922.2489013671875 127.4004135131836 464.9999694824219
v 852.1988525390625 129.45236206054688 434.9999694824219
v 852.1988525390625 127.4004135131836 434.9999694824219
v 922.2489013671875 129.45236206054688 434.9999694824219
v 922.2489013671875 127.4004135131836 434.9999694824219
v 852.223876953125 129.45236206054688 465.02496337890625
v 852.223876953125 127.4004135131836 434.9749755859375
v 852.223876953125 129.45236206054688 434.9749755859375
v 852.223876953125 127.4004135131836 465.02496337890625
v 922.223876953125 129.45236206054688 465.02496337890625
v 922.223876953125 129.45236206054688 434.9749755859375
v 922.223876953125 127.4004135131836 434.9749755859375
v 922.223876953125 127.4004135131836 465.02496337890625
v 951.5518798828125 129.45236206054688 464.9999694824219
v 1031.6019287109375 129.45236206054688 464.9999694824219
v 951.5518798828125 127.4004135131836 464.9999694824219
v 1031.6019287109375 127.4004135131836 464.9999694824219
v 951.5518798828125 129.45236206054688 434.9999694824219
v 951.5518798828125 127.4004135131836 434.9999694824219
v 1031.6019287109375 129.45236206054688 434.9999694824219
v 1031.6019287109375 127.4004135131836 434.9999694824219
v 951.576904296875 129.45236206054688 465.02496337890625
v 951.576904296875 127.4004135131836 434.9749755859375
v 951.576904296875 129.45236206054688 434.9749755859375
v 951.576904296875 127.4004135131836 465.02496337890625
v 1031.576904296875 129.45236206054688 465.02496337890625
v 1031.576904296875 129.45236206054688 434.9749755859375
v 1031.576904296875 127.4004135131836 434.9749755859375
v 1031.576904296875 127.4004135131836 465.02496337890625
v 931.5567626953125 187.44784545898438 484.9999694824219
v 931.5567626953125 117.3906478881836 484.9999694824219
v 941.6043701171875 117.3906478881836 484.9999694824219
v 941.6043701171875 187.44784545898438 484.9999694824219
v 931.5567626953125 187.44784545898438 414.9999694824219
v 941.6043701171875 117.3906478881836 414.9999694824219
v 931.5567626953125 117.3906478881836 414.9999694824219
v 941.6043701171875 187.44784545898438 414.9999694824219
v 931.5567626953125 117.4156494140625 485.02496337890625
v 941.6043701171875 117.4156494140625 414.9749755859375
v 941.6043701171875 117.4156494140625 485.02496337890625
v 931.5567626953125 117.4156494140625 414.9749755859375
v 941.579345703125 117.3906478881836 485.02496337890625
v 941.579345703125 187.44784545898438 414.9749755859375
v 941.579345703125 187.44784545898438 485.02496337890625
v 941.579345703125 117.3906478881836 414.9749755859375
v 941.6043701171875 187.4228515625 485.02496337890625
v 931.5567626953125 187.4228515625 414.9749755859375
v 931.5567626953125 187.4228515625 485.02496337890625
v 941.6043701171875 187.4228515625 414.9749755859375
v 931.581787109375 187.44784545898438 485.02496337890625
v 931.581787109375 117.3906478881836 414.9749755859375
v 931.581787109375 117.3906478881836 485.02496337890625
v 931.581787109375 187.44784545898438 414.9749755859375
v 734.9136962890625 177.45040893554688 474.9999694824219
v 734.9136962890625 127.4004135131836 474.9999694824219
v 1134.9637451171875 177.45040893554688 474.9999694824219
v 1134.9637451171875 127.4004135131836 474.9999694824219
v 12.118918418884277 -752.5550537109375 810.0237426757812
v 12.10305404663086 -752.5550537109375 799.976318359375
v 609.95947265625 -752.5550537109375 610.0237426757812
v 609.943603515625 -752.5550537109375 599.9763793945312
v 609.926513671875 -752.580078125 599.9750366210938
v 609.926513671875 -742.569091796875 599.9750366210938
v 609.926513671875 -752.580078125 610.0250854492188
v 609.926513671875 -742.569091796875 610.0250854492188
v 12.10305404663086 -742.5941162109375 799.976318359375
v 609.95947265625 -742.5941162109375 610.0237426757812
v 609.943603515625 -742.5941162109375 599.9763793945312
v 12.118918418884277 -742.5941162109375 810.0237426757812
v 12.11227798461914 -742.569091796875 810.0079956054688
v 12.11227798461914 -752.580078125 810.0079956054688
v 609.9501953125 -742.569091796875 609.9921875
v 609.9501953125 -752.580078125 609.9921875
v -990.073486328125 -742.569091796875 599.9749755859375
v -990.073486328125 -752.580078125 599.9749755859375
v -990.073486328125 -742.569091796875 610.0250244140625
v -990.073486328125 -752.580078125 610.0250244140625
v -392.1767883300781 -752.5550537109375 799.976318359375
v -990.1064453125 -752.5550537109375 610.023681640625
v -990.090576171875 -752.5550537109375 599.976318359375
v -392.1926574707031 -752.5550537109375 810.0237426757812
v -392.1926574707031 -742.5941162109375 810.0237426757812
v -392.1767883300781 -742.5941162109375 799.976318359375
v -990.1064453125 -742.5941162109375 610.023681640625
v -990.090576171875 -742.5941162109375 599.976318359375
v -990.09716796875 -742.569091796875 609.9920654296875
v -990.09716796875 -752.580078125 609.9920654296875
v -392.1860046386719 -742.569091796875 810.0079956054688
v -392.1860046386719 -752.580078125 810.0079956054688
v -370.114990234375 1647.4564208984375 609.9747314453125
v -370.114990234375 1657.504150390625 609.9747314453125
v -370.114990234375 1647.45654296875 800.0247802734375
v -370.114990234375 1657.504150390625 800.0247802734375
v -370.0899963378906 1657.4791259765625 609.9747314453125
v -380.1375427246094 1657.4669189453125 609.9747314453125
v -370.0899963378906 1657.4791259765625 800.0247802734375
v -380.1375427246094 1657.4669189453125 800.0247802734375
v -380.112548828125 1657.491943359375 609.9747314453125
v -380.112548828125 1647.4442138671875 609.9747314453125
v -380.112548828125 1657.491943359375 800.0247802734375
v -380.112548828125 1647.4443359375 800.0247802734375
v -380.13751220703125 1647.4443359375 799.999755859375
v -370.0899658203125 1647.45654296875 799.999755859375
v -370.09002685546875 1657.504150390625 799.999755859375
v -380.1375732421875 1657.491943359375 799.999755859375
v -535.105224609375 1657.4554443359375 609.9747314453125
v -535.105224609375 1647.40771484375 609.9747314453125
v -535.105224609375 1657.4554443359375 760.0247802734375
v -535.105224609375 1647.40771484375 760.0247802734375
v -525.107666015625 1647.40771484375 609.9747314453125
v -525.107666015625 1657.4554443359375 609.9747314453125
v -525.107666015625 1647.40771484375 760.0247802734375
v -525.107666015625 1657.4554443359375 760.0247802734375
v -525.0826416015625 1657.430419921875 609.9747314453125
v -535.1302490234375 1657.430419921875 609.9747314453125
v -525.0826416015625 1657.430419921875 760.0247802734375
v -535.1302490234375 1657.430419921875 760.0247802734375
v -379.7032775878906 1657.4432373046875 624.9830932617188
v -525.1140747070312 1657.4063720703125 755.0164184570312
v -379.7032775878906 1647.3955078125 624.9830932617188
v -525.1140747070312 1647.35888671875 755.0164184570312
v -379.7032775878906 1657.4432373046875 609.9830932617188
v -379.7032775878906 1647.3955078125 609.9830932617188
v -525.1140747070312 1657.4063720703125 740.0164184570312
v -525.1140747070312 1647.35888671875 740.0164184570312
v -379.721923828125 1647.3955078125 625.0247802734375
v -379.721923828125 1657.4432373046875 609.9747314453125
v -379.721923828125 1657.4432373046875 625.0247802734375
v -379.721923828125 1647.3955078125 609.9747314453125
v -379.6802673339844 1657.418212890625 625.0183715820312
v -525.1371459960938 1657.38134765625 739.9811401367188
v -525.1038208007812 1657.38134765625 755.0183715820312
v -379.7135925292969 1657.418212890625 609.9811401367188
v -525.095458984375 1657.4063720703125 755.0247802734375
v -525.095458984375 1647.35888671875 739.9747314453125
v -525.095458984375 1647.35888671875 755.0247802734375
v -525.095458984375 1657.4063720703125 739.9747314453125
v -525.1038208007812 1647.3839111328125 755.0183715820312
v -379.7135925292969 1647.4205322265625 609.9811401367188
v -379.6802673339844 1647.4205322265625 625.0183715820312
v -525.1371459960938 1647.3839111328125 739.9811401367188
v -535.1302490234375 1657.4554443359375 759.999755859375
v -535.1302490234375 1647.40771484375 759.999755859375
v -525.0826416015625 1657.4554443359375 759.999755859375
v -525.0826416015625 1647.40771484375 759.999755859375
v -195.114990234375 1657.491943359375 609.9747314453125
v -195.114990234375 1647.4442138671875 609.9747314453125
v -195.114990234375 1657.491943359375 800.0247802734375
v -195.114990234375 1647.4443359375 800.0247802734375
v -185.105224609375 1647.4442138671875 609.9747314453125
v -185.105224609375 1657.491943359375 609.9747314453125
v -185.105224609375 1647.4443359375 800.0247802734375
v -185.105224609375 1657.491943359375 800.0247802734375
v -185.08023071289062 1657.4669189453125 609.9747314453125
v -195.13998413085938 1657.4669189453125 609.9747314453125
v -185.08023071289062 1657.4669189453125 800.0247802734375
v -195.13998413085938 1657.4669189453125 800.0247802734375
v -10.05092716217041 1657.467529296875 624.9820556640625
v -185.07408142089844 1657.455322265625 800.0174560546875
v -10.050925254821777 1647.419921875 624.9820556640625
v -185.07406616210938 1647.40771484375 800.0174560546875
v -10.05092716217041 1657.467529296875 609.9820556640625
v -10.050925254821777 1647.419921875 609.9820556640625
v -185.07408142089844 1657.455322265625 785.0174560546875
v -185.07406616210938 1647.40771484375 785.0174560546875
v -10.068603515625 1647.419921875 625.0247802734375
v -10.068603515625 1657.467529296875 609.9747314453125
v -10.068603515625 1657.467529296875 625.0247802734375
v -10.068603515625 1647.419921875 609.9747314453125
v -10.025925636291504 1657.4425048828125 625.0174560546875
v -185.0990753173828 1657.4302978515625 784.9820556640625
v -185.063720703125 1657.4302978515625 800.0174560546875
v -10.06128215789795 1657.4425048828125 609.9820556640625
v -185.056396484375 1657.455322265625 800.0247802734375
v -185.056396484375 1647.40771484375 784.9747314453125
v -185.056396484375 1647.40771484375 800.0247802734375
v -185.056396484375 1657.455322265625 784.9747314453125
v -185.063720703125 1647.4327392578125 800.0174560546875
v -10.06128215789795 1647.4449462890625 609.9820556640625
v -10.025925636291504 1647.4449462890625 625.0174560546875
v -185.0990753173828 1647.4327392578125 784.9820556640625
v -370.0960388183594 1647.4197998046875 624.9820556640625
v -195.04847717285156 1657.455322265625 800.0174560546875
v -370.0960388183594 1657.467529296875 624.9820556640625
v -195.04847717285156 1647.40771484375 800.0174560546875
v -370.0960388183594 1647.4197998046875 609.9820556640625
v -370.0960388183594 1657.467529296875 609.9820556640625
v -195.04847717285156 1657.455322265625 785.0174560546875
v -195.04847717285156 1647.40771484375 785.0174560546875
v -195.058837890625 1657.4302978515625 800.0174560546875
v -370.085693359375 1657.4425048828125 609.9820556640625
v -370.12103271484375 1657.4425048828125 625.0174560546875
v -195.0234832763672 1657.4302978515625 784.9820556640625
v -370.078369140625 1657.467529296875 625.0247802734375
v -370.078369140625 1647.4197998046875 609.9747314453125
v -370.078369140625 1647.4197998046875 625.0247802734375
v -370.078369140625 1657.467529296875 609.9747314453125
v -370.12103271484375 1647.44482421875 625.0174560546875
v -195.0234832763672 1647.4327392578125 784.9820556640625
v -195.058837890625 1647.4327392578125 800.0174560546875
v -370.085693359375 1647.44482421875 609.9820556640625
v -195.066162109375 1647.40771484375 800.0247802734375
v -195.066162109375 1657.455322265625 784.9747314453125
v -195.066162109375 1657.455322265625 800.0247802734375
v -195.066162109375 1647.40771484375 784.9747314453125
v -195.13998413085938 1657.491943359375 799.999755859375
v -195.13998413085938 1647.4443359375 799.999755859375
v -185.08023071289062 1657.491943359375 799.999755859375
v -185.08023071289062 1647.4443359375 799.999755859375
v -392.4422302246094 1647.4443359375 799.999755859375
v 12.24643611907959 1657.479736328125 799.999755859375
v 12.246435165405273 1647.43212890625 799.999755859375
v -392.4422302246094 1657.491943359375 799.999755859375
v 12.221435546875 1647.43212890625 799.9747314453125
v 12.221435546875 1657.479736328125 799.9747314453125
v 12.221435546875 1647.43212890625 810.0248413085938
v 12.221435546875 1657.479736328125 810.0248413085938
v 12.246435165405273 1657.4547119140625 799.9747314453125
v -392.4422302246094 1657.4669189453125 799.9747314453125
v 12.246435165405273 1657.4547119140625 810.0248413085938
v -392.4422302246094 1657.4669189453125 810.0248413085938
v -392.417236328125 1657.491943359375 799.9747314453125
v -392.417236328125 1647.4443359375 799.9747314453125
v -392.417236328125 1657.491943359375 810.0248413085938
v -392.417236328125 1647.4443359375 810.0248413085938
v -392.4422302246094 1647.4443359375 809.9998168945312
v 12.246435165405273 1647.43212890625 809.9998168945312
v 12.24643611907959 1657.479736328125 809.9998168945312
v -392.4422302246094 1657.491943359375 809.9998168945312
v -0.08266603201627731 1657.4425048828125 609.9747314453125
v -10.130224227905273 1657.4547119140625 609.9747314453125
v -0.08266603201627731 1657.4425048828125 800.0247802734375
v -10.130224227905273 1657.4547119140625 800.0247802734375
v -10.105224609375 1657.479736328125 609.9747314453125
v -10.105224609375 1647.43212890625 609.9747314453125
v -10.105224609375 1657.479736328125 800.0247802734375
v -10.105224609375 1647.43212890625 800.0247802734375
v -0.107666015625 1647.419921875 609.9747314453125
v -0.107666015625 1657.467529296875 609.9747314453125
v -0.107666015625 1647.419921875 800.0247802734375
v -0.107666015625 1657.467529296875 800.0247802734375
v -10.130193710327148 1657.479736328125 799.999755859375
v -10.130254745483398 1647.43212890625 799.999755859375
v -0.08263549208641052 1657.467529296875 799.999755859375
v -0.08269654214382172 1647.419921875 799.999755859375
v 144.887451171875 1657.467529296875 609.9747924804688
v 144.887451171875 1647.419921875 609.9747924804688
v 144.887451171875 1657.467529296875 760.0248413085938
v 144.887451171875 1647.419921875 760.0248413085938
v 154.885009765625 1647.419921875 609.9747924804688
v 154.885009765625 1657.467529296875 609.9747924804688
v 154.885009765625 1647.419921875 760.0248413085938
v 154.885009765625 1657.467529296875 760.0248413085938
v 154.91000366210938 1657.4425048828125 609.9747924804688
v 144.86245727539062 1657.4425048828125 609.9747924804688
v 154.91000366210938 1657.4425048828125 760.0248413085938
v 144.86245727539062 1657.4425048828125 760.0248413085938
v -0.08966214954853058 1647.40771484375 624.9830322265625
v 144.91827392578125 1657.406494140625 755.0165405273438
v -0.08965279906988144 1657.4554443359375 624.9830932617188
v 144.9182586669922 1647.35888671875 755.0164794921875
v -0.08966214954853058 1647.40771484375 609.9830932617188
v -0.08965279906988144 1657.4554443359375 609.983154296875
v 144.91827392578125 1657.406494140625 740.0165405273438
v 144.9182586669922 1647.35888671875 740.0164794921875
v 144.90797424316406 1657.3814697265625 755.0184326171875
v -0.079354427754879 1657.430419921875 609.981201171875
v -0.11273542046546936 1657.430419921875 625.0183715820312
v 144.94134521484375 1657.3814697265625 739.981201171875
v -0.071044921875 1657.4554443359375 625.0247802734375
v -0.071044921875 1647.40771484375 609.9747924804688
v -0.071044921875 1647.40771484375 625.0247802734375
v -0.071044921875 1657.4554443359375 609.9747924804688
v -0.11273542046546936 1647.4327392578125 625.0183715820312
v 144.94134521484375 1647.3839111328125 739.981201171875
v 144.90797424316406 1647.3839111328125 755.0184326171875
v -0.079354427754879 1647.4327392578125 609.981201171875
v 144.899658203125 1647.35888671875 755.0248413085938
v 144.899658203125 1657.406494140625 739.9747924804688
v 144.899658203125 1657.406494140625 755.0248413085938
v 144.899658203125 1647.35888671875 739.9747924804688
v 144.86245727539062 1657.467529296875 759.9998168945312
v 144.86245727539062 1647.419921875 759.9998168945312
v 154.91000366210938 1657.467529296875 759.9998168945312
v 154.91000366210938 1647.419921875 759.9998168945312
v -1000.107666015625 1657.0279541015625 -0.025236228480935097
v -1000.107666015625 1646.9681396484375 -0.02523534744977951
v -1000.107666015625 1657.0279541015625 600.0247802734375
v -1000.107666015625 1646.96826171875 600.0247802734375
v -1000.1326904296875 1646.9931640625 -0.02523534744977951
v -990.0850830078125 1646.9931640625 -0.02523491159081459
v -1000.1326904296875 1646.9932861328125 600.0247802734375
v -990.0850830078125 1646.9932861328125 600.0247802734375
v -990.110107421875 1646.9681396484375 -0.02523491159081459
v -990.110107421875 1657.0279541015625 -0.025235790759325027
v -990.110107421875 1646.96826171875 600.0247802734375
v -990.110107421875 1657.0279541015625 600.0247802734375
v -990.0850830078125 1657.0029296875 -0.02523578517138958
v -1000.1326904296875 1657.0029296875 -0.02523622289299965
v -990.0850830078125 1657.0029296875 600.0247802734375
v -1000.1326904296875 1657.0029296875 600.0247802734375
v 619.9124755859375 1657.0029296875 -0.025165410712361336
v 609.8648681640625 1657.0029296875 -0.025165848433971405
v 619.9124755859375 1657.0030517578125 600.0248413085938
v 609.8648681640625 1657.0030517578125 600.0248413085938
v 609.889892578125 1657.0279541015625 -0.025165854021906853
v 609.889892578125 1646.96826171875 -0.02516496740281582
v 609.889892578125 1657.028076171875 600.0248413085938
v 609.889892578125 1646.9683837890625 600.0248413085938
v 609.8648681640625 1646.9932861328125 -0.025164972990751266
v 619.9124755859375 1646.9932861328125 -0.025164535269141197
v 609.8648681640625 1646.993408203125 600.0248413085938
v 619.9124755859375 1646.993408203125 600.0248413085938
v 619.887451171875 1646.96826171875 -0.02516452968120575
v 619.887451171875 1657.0279541015625 -0.025165416300296783
v 619.887451171875 1646.9683837890625 600.0248413085938
v 619.887451171875 1657.028076171875 600.0248413085938
v 149.892333984375 1646.96826171875 -0.025185072794556618
v 149.892333984375 1667.025634765625 -0.025186827406287193
v 149.892333984375 1646.9683837890625 475.0248107910156
v 149.892333984375 1667.025634765625 475.0248107910156
v 149.91732788085938 1667.0006103515625 -0.025186831131577492
v 139.86978149414062 1667.0006103515625 -0.025187266990542412
v 149.91732788085938 1667.0006103515625 474.9748229980469
v 139.86978149414062 1667.0006103515625 475.0248107910156
v 139.894775390625 1667.025634765625 -0.025187266990542412
v 139.894775390625 1656.97802734375 -0.025186393409967422
v 139.894775390625 1667.025634765625 475.0248107910156
v 139.894775390625 1656.97802734375 475.0248107910156
v 139.91976928710938 1657.0030517578125 -0.025186393409967422
v -530.1375732421875 1657.0029296875 -0.02521568164229393
v 139.91976928710938 1657.0030517578125 475.0248107910156
v -530.1375732421875 1657.0030517578125 475.0247802734375
v -530.112548828125 1656.9779052734375 -0.025215676054358482
v -530.112548828125 1667.0255126953125 -0.025216560810804367
v -530.112548828125 1656.97802734375 475.0247802734375
v -530.112548828125 1667.025634765625 475.0247802734375
v -530.0875244140625 1667.00048828125 -0.02521655522286892
v -540.1351318359375 1667.00048828125 -0.02521699108183384
v -530.0875244140625 1667.0006103515625 475.0247802734375
v -540.1351318359375 1667.0006103515625 474.9997863769531
v -540.110107421875 1667.0255126953125 -0.025216994807124138
v -540.110107421875 1646.96826171875 -0.025215240195393562
v -540.110107421875 1667.025634765625 475.0247802734375
v -540.110107421875 1646.96826171875 475.0247802734375
v 149.91732788085938 1646.9683837890625 474.99981689453125
v 149.91732788085938 1667.025634765625 474.99981689453125
v 139.86978149414062 1657.028076171875 474.99981689453125
v -530.0875244140625 1657.028076171875 474.9997863769531
v -530.0875244140625 1667.025634765625 474.9997863769531
v -540.1351318359375 1646.96826171875 474.9997863769531
v 139.86978149414062 1667.025634765625 474.99981689453125
v -540.1351318359375 1667.025634765625 474.9997863769531
v -540.1351318359375 1646.96826171875 474.9997863769531
v 149.91732788085938 1667.025634765625 474.99981689453125
v 149.91732788085938 1646.9683837890625 474.99981689453125
v -540.1351318359375 1667.025634765625 474.9997863769531
v 149.892333984375 1646.9683837890625 474.9748229980469
v 149.892333984375 1667.025634765625 474.9748229980469
v 149.892333984375 1646.9683837890625 485.0248107910156
v 149.892333984375 1667.025634765625 485.0248107910156
v 149.91732788085938 1667.0006103515625 485.0248107910156
v -540.1351318359375 1667.0006103515625 485.0247802734375
v -540.110107421875 1667.025634765625 474.97479248046875
v -540.110107421875 1646.96826171875 474.97479248046875
v -540.110107421875 1667.025634765625 485.0247802734375
v -540.110107421875 1646.96826171875 485.0247802734375
v -540.1351318359375 1646.96826171875 484.9997863769531
v 149.91732788085938 1646.9683837890625 484.99981689453125
v 149.91732788085938 1667.025634765625 484.99981689453125
v -540.1351318359375 1667.025634765625 484.9997863769531
v 1031.1795654296875 75.4234619140625 434.9749755859375
v 951.1295166015625 75.4234619140625 434.9749755859375
v 951.1295166015625 75.4234619140625 465.02496337890625
v 1031.1795654296875 75.4234619140625 465.02496337890625
v 925.5643310546875 75.4234619140625 434.9749755859375
v 845.5142822265625 75.4234619140625 434.9749755859375
v 845.5142822265625 75.4234619140625 465.02496337890625
v 925.5643310546875 75.4234619140625 465.02496337890625
v 852.1744384765625 29.4273681640625 434.9749755859375
v 922.2244873046875 29.4273681640625 434.9749755859375
v 922.2244873046875 29.4273681640625 465.02496337890625
v 852.1744384765625 29.4273681640625 465.02496337890625
v 951.5274658203125 29.4273681640625 434.9749755859375
v 1031.5775146484375 29.4273681640625 434.9749755859375
v 1031.5775146484375 29.4273681640625 465.02496337890625
v 951.5274658203125 29.4273681640625 465.02496337890625
v -615.110107421875 -1218.0941162109375 99.97502136230469
v -615.110107421875 -1618.1441650390625 99.97505950927734
v -615.110107421875 -1618.1441650390625 300.0250244140625
v -615.110107421875 -1218.0941162109375 300.0249938964844
v -364.4403381347656 -1357.591552734375 579.9750366210938
v -394.4908142089844 -1357.591796875 579.9750366210938
v -394.4908142089844 -1357.591552734375 1460.025146484375
v -364.4403381347656 -1357.591552734375 1460.025146484375
v -407.9833068847656 -1363.1807861328125 579.9750366210938
v -429.2322692871094 -1384.4293212890625 579.9750366210938
v -429.2322692871094 -1384.4290771484375 1460.025146484375
v -407.9833068847656 -1363.1805419921875 1460.025146484375
v -436.965576171875 -1400.0667724609375 579.9750366210938
v -436.965576171875 -1430.1168212890625 579.9750366210938
v -436.965576171875 -1430.1165771484375 1460.025146484375
v -436.965576171875 -1400.0665283203125 1460.025146484375
v -431.3768005371094 -1443.6094970703125 579.9750366210938
v -410.1280822753906 -1464.8580322265625 579.9750366210938
v -410.1280822753906 -1464.8577880859375 1460.025146484375
v -431.3768005371094 -1443.6092529296875 1460.025146484375
v -394.4908142089844 -1472.591796875 579.9750366210938
v -364.4403381347656 -1472.591552734375 579.9750366210938
v -364.4403381347656 -1472.591552734375 1460.025146484375
v -394.4908142089844 -1472.591552734375 1460.025146484375
v -350.9478454589844 -1467.0025634765625 579.9750366210938
v -329.6988830566406 -1445.7540283203125 579.9750366210938
v -329.6988830566406 -1445.7540283203125 1460.025146484375
v -350.9478454589844 -1467.0025634765625 1460.025146484375
v -321.965576171875 -1430.1165771484375 579.9750366210938
v -321.965576171875 -1400.0665283203125 579.9750366210938
v -321.965576171875 -1400.0665283203125 1460.025146484375
v -321.965576171875 -1430.1165771484375 1460.025146484375
v -327.5543518066406 -1386.5738525390625 579.9750366210938
v -348.8030700683594 -1365.3253173828125 579.9750366210938
v -348.8030700683594 -1365.3253173828125 1460.025146484375
v -327.5543518066406 -1386.5738525390625 1460.025146484375
v 1031.1673583984375 275.42352294921875 434.9749755859375
v 951.1173095703125 275.42352294921875 434.9749755859375
v 951.1173095703125 275.42352294921875 465.02496337890625
v 1031.1673583984375 275.42352294921875 465.02496337890625
v 925.5521240234375 275.42352294921875 434.9749755859375
v 845.5020751953125 275.42352294921875 434.9749755859375
v 845.5020751953125 275.42352294921875 465.02496337890625
v 925.5521240234375 275.42352294921875 465.02496337890625
v 852.1988525390625 229.42742919921875 434.9749755859375
v 922.2489013671875 229.42742919921875 434.9749755859375
v 922.2489013671875 229.42742919921875 465.02496337890625
v 852.1988525390625 229.42742919921875 465.02496337890625
v 951.5518798828125 229.42742919921875 434.9749755859375
v 1031.6019287109375 229.42742919921875 434.9749755859375
v 1031.6019287109375 229.42742919921875 465.02496337890625
v 951.5518798828125 229.42742919921875 465.02496337890625
v 1031.1673583984375 375.42352294921875 434.9749450683594
v 951.1173095703125 375.42352294921875 434.9749450683594
v 951.1173095703125 375.42352294921875 465.0249328613281
v 1031.1673583984375 375.42352294921875 465.0249328613281
v 925.5521240234375 375.42352294921875 434.9749450683594
v 845.5020751953125 375.42352294921875 434.9749450683594
v 845.5020751953125 375.42352294921875 465.0249328613281
v 925.5521240234375 375.42352294921875 465.0249328613281
v 852.1988525390625 329.42742919921875 434.9749755859375
v 922.2489013671875 329.42742919921875 434.9749755859375
v 922.2489013671875 329.42742919921875 465.02496337890625
v 852.1988525390625 329.42742919921875 465.02496337890625
v 951.5518798828125 329.42742919921875 434.9749755859375
v 1031.6019287109375 329.42742919921875 434.9749755859375
v 1031.6019287109375 329.42742919921875 465.02496337890625
v 951.5518798828125 329.42742919921875 465.02496337890625
v 1031.1673583984375 175.4234619140625 434.9749755859375
v 951.1173095703125 175.4234619140625 434.9749755859375
v 951.1173095703125 175.4234619140625 465.02496337890625
v 1031.1673583984375 175.4234619140625 465.02496337890625
v 925.5521240234375 175.4234619140625 434.9749755859375
v 845.5020751953125 175.4234619140625 434.9749755859375
v 845.5020751953125 175.4234619140625 465.02496337890625
v 925.5521240234375 175.4234619140625 465.02496337890625
v 852.1988525390625 129.4273681640625 434.9749755859375
v 922.2489013671875 129.4273681640625 434.9749755859375
v 922.2489013671875 129.4273681640625 465.02496337890625
v 852.1988525390625 129.4273681640625 465.02496337890625
v 951.5518798828125 129.4273681640625 434.9749755859375
v 1031.6019287109375 129.4273681640625 434.9749755859375
v 1031.6019287109375 129.4273681640625 465.02496337890625
v 951.5518798828125 129.4273681640625 465.02496337890625
v 149.91732788085938 1667.0006103515625 475.0248107910156
v -382.3912048339844 -742.5490112304688 810.0000610351562
v 2.110154628753662 -742.609375 810.0000610351562
v 2.1705095767974854 1637.3656005859375 809.9998168945312
v -392.3909606933594 1647.4156494140625 809.9998168945312
v -382.33087158203125 1637.426025390625 809.9998168945312
f 2 1 3
f 4 2 3
f 2331 2330 2332
f 2333 2331 2332
f 277 276 278
f 279 277 278
f 10 9 11
f 12 10 11
f 6 5 7
f 8 6 7
f 253 252 254
f 254 259 253
f 259 258 253
f 256 258 259
f 257 258 256
f 256 255 257
f 255 252 257
f 254 252 255
f 411 408 409
f 409 408 410
f 405 407 404
f 405 404 406
f 18 20 17
f 18 17 19
f 2365 2364 2366
f 2367 2365 2366
f 2341 2324 2362
f 2363 2341 2362
f 2323 2322 2472
f 2325 2323 2472
f 2339 2338 2340
f 2341 2339 2340
f 2359 2358 2360
f 2361 2359 2360
f 2355 2357 2354
f 2355 2354 2356
f 2343 2342 2344
f 2345 2343 2344
f 2335 2334 2336
f 2337 2335 2336
f 2327 2326 2328
f 2329 2327 2328
f 2319 2318 2320
f 2321 2319 2320
f 2315 2314 2316
f 2317 2315 2316
f 2311 2310 2312
f 2313 2311 2312
f 2307 2306 2308
f 2309 2307 2308
f 2303 2302 2304
f 2305 2303 2304
f 2299 2298 2300
f 2301 2299 2300
f 2295 2294 2296
f 2297 2295 2296
f 2291 2290 2292
f 2293 2291 2292
f 2287 2286 2288
f 2289 2287 2288
f 2283 2282 2284
f 2285 2283 2284
f 2255 2254 2256
f 2257 2255 2256
f 2251 2250 2252
f 2253 2251 2252
f 2247 2246 2248
f 2249 2247 2248
f 2243 2242 2244
f 2245 2243 2244
f 2239 2238 2240
f 2241 2239 2240
f 2235 2234 2236
f 2237 2235 2236
f 2231 2230 2232
f 2233 2231 2232
f 2223 2222 2224
f 2225 2223 2224
f 2219 2218 2220
f 2221 2219 2220
f 2215 2214 2216
f 2217 2215 2216
f 2211 2213 2210
f 2211 2210 2212
f 2207 2206 2208
f 2209 2207 2208
f 2163 2162 2164
f 2164 2165 2163
f 2159 2158 2160
f 2160 2161 2159
f 2155 2154 2156
f 2157 2155 2156
f 2151 2150 2152
f 2153 2151 2152
f 2147 2146 2148
f 2149 2147 2148
f 2143 2142 2144
f 2145 2143 2144
f 2123 2122 2124
f 2124 2125 2123
f 2119 2118 2120
f 2120 2121 2119
f 2115 2114 2116
f 2117 2115 2116
f 2111 2110 2112
f 2113 2111 2112
f 2107 2106 2108
f 2109 2107 2108
f 2099 2098 2100
f 2101 2099 2100
f 2095 2094 2096
f 2097 2095 2096
f 2091 2090 2092
f 2093 2091 2092
f 2087 2086 2088
f 2089 2087 2088
f 2083 2082 2084
f 2084 2085 2083
f 2075 2074 2076
f 2077 2075 2076
f 2071 2070 2072
f 2073 2071 2072
f 2063 2062 2064
f 2065 2063 2064
f 2059 2058 2060
f 2060 2061 2059
f 2055 2054 2056
f 2057 2055 2056
f 2035 2037 2034
f 2035 2034 2036
f 2019 2018 2020
f 2021 2019 2020
f 2015 2014 2016
f 2015 2016 2017
f 2003 2002 2004
f 2005 2003 2004
f 1999 1998 2000
f 1999 2000 2001
f 1983 1985 1982
f 1983 1982 1984
f 1967 1969 1966
f 1967 1966 1968
f 1935 1934 1936
f 1937 1935 1936
f 1931 1930 1932
f 1933 1931 1932
f 1927 1926 1928
f 1929 1927 1928
f 1923 1922 1924
f 1925 1923 1924
f 1915 1914 1916
f 1917 1915 1916
f 1911 1910 1912
f 1913 1911 1912
f 1907 1906 1908
f 1909 1907 1908
f 1903 1902 1904
f 1905 1903 1904
f 1883 1885 1882
f 1883 1882 1884
f 1867 1866 1868
f 1869 1867 1868
f 1863 1862 1864
f 1863 1864 1865
f 1851 1850 1852
f 1853 1851 1852
f 1847 1846 1848
f 1847 1848 1849
f 1831 1833 1830
f 1831 1830 1832
f 1815 1817 1814
f 1815 1814 1816
f 1792 1790 1796
f 1791 1790 1792
f 1792 1799 1791
f 1799 1801 1791
f 1801 1799 1797
f 1793 1801 1797
f 1793 1797 1795
f 1794 1793 1795
f 1795 1798 1794
f 1794 1798 1800
f 1800 1798 1791
f 1801 1800 1791
f 1797 1796 1795
f 1796 1790 1795
f 1787 1786 1788
f 1789 1787 1788
f 1767 1769 1766
f 1767 1766 1768
f 1751 1750 1752
f 1753 1751 1752
f 1747 1746 1748
f 1747 1748 1749
f 1735 1734 1736
f 1737 1735 1736
f 1731 1730 1732
f 1731 1732 1733
f 1715 1717 1714
f 1715 1714 1716
f 1699 1701 1698
f 1699 1698 1700
f 1688 1686 1692
f 1687 1686 1688
f 1688 1695 1687
f 1695 1697 1687
f 1697 1695 1693
f 1689 1697 1693
f 1689 1693 1691
f 1690 1689 1691
f 1691 1694 1690
f 1690 1694 1696
f 1696 1694 1687
f 1697 1696 1687
f 1693 1692 1691
f 1692 1686 1691
f 593 595 592
f 593 592 594
f 577 576 578
f 579 577 578
f 573 572 574
f 573 574 575
f 561 560 562
f 563 561 562
f 557 556 558
f 557 558 559
f 541 543 540
f 541 540 542
f 525 527 524
f 525 524 526
f 502 500 506
f 501 500 502
f 502 509 501
f 509 511 501
f 511 509 507
f 503 511 507
f 503 507 505
f 504 503 505
f 505 508 504
f 504 508 510
f 510 508 501
f 511 510 501
f 507 506 505
f 506 500 505
f 461 460 462
f 465 461 2473
f 464 461 465
f 467 464 2474
f 466 464 467
f 463 466 2475
f 2476 466 463
f 462 460 2477
f 401 400 402
f 400 403 402
f 399 396 397
f 397 396 398
f 395 392 393
f 393 392 394
f 391 388 389
f 389 388 390
f 387 384 385
f 385 384 386
f 383 380 381
f 381 380 382
f 377 376 378
f 378 376 379
f 36 33 34
f 34 33 35
f 32 29 30
f 30 29 31
f 28 25 26
f 26 25 27
f 24 21 22
f 22 21 23
f 14 13 15
f 13 16 15
f 2469 2468 2470
f 2470 2468 2471
f 2465 2464 2466
f 2466 2464 2467
f 2461 2460 2462
f 2462 2460 2463
f 2457 2456 2458
f 2458 2456 2459
f 2453 2452 2454
f 2454 2452 2455
f 2449 2448 2450
f 2450 2448 2451
f 2445 2444 2446
f 2446 2444 2447
f 2441 2440 2442
f 2442 2440 2443
f 2437 2436 2438
f 2438 2436 2439
f 2433 2432 2434
f 2434 2432 2435
f 2429 2428 2430
f 2430 2428 2431
f 2425 2424 2426
f 2426 2424 2427
f 2385 2384 2386
f 2386 2384 2387
f 2381 2380 2382
f 2382 2380 2383
f 2377 2376 2378
f 2378 2376 2379
f 2373 2372 2374
f 2374 2372 2375
f 2369 2368 2370
f 2368 2371 2370
f 2348 2352 2347
f 2347 2346 2348
f 2348 2346 2349
f 2349 2346 2351
f 2350 2349 2351
f 2351 2353 2350
f 2281 2278 2279
f 2279 2278 2280
f 2277 2274 2275
f 2275 2274 2276
f 2273 2270 2271
f 2271 2270 2272
f 2269 2266 2267
f 2267 2266 2268
f 2263 2262 2264
f 2265 2264 2262
f 2258 2259 2261
f 2259 2258 2260
f 2227 2226 2228
f 2226 2229 2228
f 2205 2202 2203
f 2203 2202 2204
f 2201 2198 2199
f 2199 2198 2200
f 2197 2194 2195
f 2195 2194 2196
f 2193 2190 2191
f 2191 2190 2192
f 2187 2186 2188
f 2189 2188 2186
f 2182 2183 2185
f 2183 2182 2184
f 2181 2178 2179
f 2179 2178 2180
f 2177 2174 2175
f 2175 2174 2176
f 2173 2170 2171
f 2171 2170 2172
f 2169 2166 2167
f 2167 2166 2168
f 2141 2138 2139
f 2139 2138 2140
f 2137 2134 2135
f 2135 2134 2136
f 2133 2130 2131
f 2131 2130 2132
f 2129 2126 2127
f 2127 2126 2128
f 2103 2102 2104
f 2102 2105 2104
f 2078 2079 2081
f 2079 2078 2080
f 2066 2067 2069
f 2067 2066 2068
f 2053 2050 2051
f 2051 2050 2052
f 2049 2046 2047
f 2047 2046 2048
f 2045 2042 2043
f 2043 2042 2044
f 2041 2038 2039
f 2039 2038 2040
f 2031 2030 2032
f 2030 2033 2032
f 2027 2026 2028
f 2028 2026 2029
f 2025 2022 2023
f 2023 2022 2024
f 2011 2010 2012
f 2012 2010 2013
f 2009 2006 2007
f 2007 2006 2008
f 1995 1994 1996
f 1996 1994 1997
f 1993 1990 1991
f 1991 1990 1992
f 1987 1986 1988
f 1986 1989 1988
f 1979 1978 1980
f 1980 1978 1981
f 1977 1974 1975
f 1975 1974 1976
f 1971 1970 1972
f 1970 1973 1972
f 1961 1960 1959
f 1960 1954 1959
f 1956 1954 1960
f 1955 1954 1956
f 1956 1963 1955
f 1963 1965 1955
f 1965 1963 1961
f 1957 1965 1961
f 1957 1961 1959
f 1958 1957 1959
f 1959 1962 1958
f 1958 1962 1964
f 1964 1962 1955
f 1965 1964 1955
f 1949 1948 1947
f 1948 1942 1947
f 1944 1942 1948
f 1943 1942 1944
f 1944 1951 1943
f 1951 1953 1943
f 1953 1951 1949
f 1945 1953 1949
f 1945 1949 1947
f 1946 1945 1947
f 1947 1950 1946
f 1946 1950 1952
f 1952 1950 1943
f 1953 1952 1943
f 1939 1938 1940
f 1940 1938 1941
f 1919 1918 1920
f 1920 1918 1921
f 1901 1898 1899
f 1899 1898 1900
f 1897 1894 1895
f 1895 1894 1896
f 1893 1890 1891
f 1891 1890 1892
f 1889 1886 1887
f 1887 1886 1888
f 1879 1878 1880
f 1878 1881 1880
f 1875 1874 1876
f 1876 1874 1877
f 1873 1870 1871
f 1871 1870 1872
f 1859 1858 1860
f 1860 1858 1861
f 1857 1854 1855
f 1855 1854 1856
f 1843 1842 1844
f 1844 1842 1845
f 1841 1838 1839
f 1839 1838 1840
f 1835 1834 1836
f 1834 1837 1836
f 1827 1826 1828
f 1828 1826 1829
f 1825 1822 1823
f 1823 1822 1824
f 1819 1818 1820
f 1818 1821 1820
f 1813 1812 1803
f 1812 1810 1803
f 1806 1810 1812
f 1807 1810 1806
f 1806 1805 1807
f 1805 1809 1807
f 1805 1813 1809
f 1813 1811 1809
f 1811 1813 1803
f 1804 1811 1803
f 1803 1802 1804
f 1804 1802 1808
f 1808 1802 1807
f 1809 1808 1807
f 1785 1782 1783
f 1783 1782 1784
f 1781 1778 1779
f 1779 1778 1780
f 1777 1774 1775
f 1775 1774 1776
f 1773 1770 1771
f 1771 1770 1772
f 1763 1762 1764
f 1762 1765 1764
f 1759 1758 1760
f 1760 1758 1761
f 1757 1754 1755
f 1755 1754 1756
f 1743 1742 1744
f 1744 1742 1745
f 1741 1738 1739
f 1739 1738 1740
f 1727 1726 1728
f 1728 1726 1729
f 1725 1722 1723
f 1723 1722 1724
f 1719 1718 1720
f 1718 1721 1720
f 1711 1710 1712
f 1712 1710 1713
f 1709 1706 1707
f 1707 1706 1708
f 1703 1702 1704
f 1702 1705 1704
f 1685 1684 1675
f 1684 1682 1675
f 1678 1682 1684
f 1679 1682 1678
f 1678 1677 1679
f 1677 1681 1679
f 1677 1685 1681
f 1685 1683 1681
f 1683 1685 1675
f 1676 1683 1675
f 1675 1674 1676
f 1676 1674 1680
f 1680 1674 1679
f 1681 1680 1679
f 612 613 615
f 613 612 614
f 611 608 609
f 609 608 610
f 607 604 605
f 605 604 606
f 603 600 601
f 601 600 602
f 599 596 597
f 597 596 598
f 589 588 590
f 588 591 590
f 585 584 586
f 586 584 587
f 583 580 581
f 581 580 582
f 569 568 570
f 570 568 571
f 567 564 565
f 565 564 566
f 553 552 554
f 554 552 555
f 551 548 549
f 549 548 550
f 545 544 546
f 544 547 546
f 537 536 538
f 538 536 539
f 535 532 533
f 533 532 534
f 529 528 530
f 528 531 530
f 457 456 458
f 458 456 459
f 453 452 454
f 454 452 455
f 449 448 450
f 450 448 451
f 445 444 446
f 446 444 447
f 441 440 442
f 442 440 443
f 437 436 438
f 438 436 439
f 433 432 434
f 434 432 435
f 429 428 430
f 430 428 431
f 423 420 421
f 421 420 422
f 419 416 417
f 417 416 418
f 415 412 413
f 413 412 414
f 523 522 513
f 522 520 513
f 516 520 522
f 517 520 516
f 516 515 517
f 515 519 517
f 515 523 519
f 523 521 519
f 521 523 513
f 514 521 513
f 513 512 514
f 514 512 518
f 518 512 517
f 519 518 517
f 118 120 117
f 118 117 119
f 1653 1652 1654
f 1655 1654 1656
f 1656 1654 1657
f 1654 1652 1657
f 1657 1652 1658
f 1659 1657 1658
f 114 116 113
f 114 113 115
f 110 112 109
f 110 109 111
f 106 108 105
f 106 105 107
f 102 104 101
f 102 101 103
f 98 100 97
f 98 97 99
f 94 96 93
f 94 93 95
f 90 92 89
f 90 89 91
f 86 88 85
f 86 85 87
f 82 84 81
f 82 81 83
f 78 80 77
f 78 77 79
f 74 76 73
f 74 73 75
f 70 72 69
f 70 69 71
f 66 68 65
f 66 65 67
f 1645 1644 1646
f 1644 1649 1646
f 1647 1649 1644
f 1648 1647 1644
f 1651 1650 1649
f 1649 1650 1646
f 38 37 39
f 37 40 39
f 226 225 227
f 227 230 226
f 226 230 229
f 228 226 229
f 37 228 229
f 229 231 37
f 1641 1636 1642
f 1643 1641 1642
f 1637 1636 1638
f 1638 1636 1641
f 1640 1638 1641
f 1639 1638 1640
f 2421 2420 2422
f 2422 2420 2423
f 2417 2416 2418
f 2418 2416 2419
f 2413 2412 2414
f 2414 2412 2415
f 2409 2408 2410
f 2410 2408 2411
f 2405 2404 2406
f 2406 2404 2407
f 2401 2400 2402
f 2402 2400 2403
f 2397 2396 2398
f 2398 2396 2399
f 2393 2392 2394
f 2394 2392 2395
f 1673 1669 1670
f 1669 1668 1670
f 1668 1671 1670
f 1671 1672 1670
f 1629 1628 1630
f 1628 1633 1630
f 1631 1633 1628
f 1632 1631 1628
f 1635 1634 1633
f 1633 1634 1630
f 1667 1666 1665
f 1665 1666 1662
f 1661 1660 1662
f 1660 1665 1662
f 1663 1665 1660
f 1664 1663 1660
f 1625 1620 1626
f 1627 1625 1626
f 1621 1620 1622
f 1622 1620 1625
f 1624 1622 1625
f 1623 1622 1624
f 1497 1496 1498
f 1498 1496 1499
f 1495 1492 1493
f 1493 1492 1494
f 1488 1489 1491
f 1489 1488 1490
f 1485 1484 1486
f 1487 1486 1484
f 1481 1480 1482
f 1482 1480 1483
f 1479 1476 1477
f 1477 1476 1478
f 1473 1472 1474
f 1472 1475 1474
f 1465 1464 1466
f 1466 1464 1467
f 1463 1460 1461
f 1461 1460 1462
f 1449 1448 1450
f 1450 1448 1451
f 1447 1444 1445
f 1445 1444 1446
f 1433 1432 1434
f 1434 1432 1435
f 1431 1428 1429
f 1429 1428 1430
f 1424 1425 1427
f 1425 1424 1426
f 1421 1420 1422
f 1423 1422 1420
f 1417 1416 1418
f 1418 1416 1419
f 1415 1412 1413
f 1413 1412 1414
f 1401 1400 1402
f 1402 1400 1403
f 1399 1396 1397
f 1397 1396 1398
f 1385 1384 1386
f 1386 1384 1387
f 1383 1380 1381
f 1381 1380 1382
f 1377 1376 1378
f 1376 1379 1378
f 1197 1196 1198
f 1198 1196 1200
f 1199 1198 1200
f 1200 1203 1199
f 1199 1203 1202
f 1202 1201 1199
f 1617 1619 1616
f 1617 1616 1618
f 1613 1615 1612
f 1613 1612 1614
f 1609 1611 1608
f 1609 1608 1610
f 1605 1607 1604
f 1605 1604 1606
f 1601 1603 1600
f 1601 1600 1602
f 1597 1599 1596
f 1597 1596 1598
f 1593 1595 1592
f 1593 1592 1594
f 1589 1591 1588
f 1589 1588 1590
f 1585 1587 1584
f 1585 1584 1586
f 1581 1583 1580
f 1581 1580 1582
f 1577 1579 1576
f 1577 1576 1578
f 1573 1575 1572
f 1573 1572 1574
f 1569 1571 1568
f 1569 1568 1570
f 1565 1567 1564
f 1565 1564 1566
f 1561 1563 1560
f 1561 1560 1562
f 1557 1559 1556
f 1557 1556 1558
f 1553 1555 1552
f 1553 1552 1554
f 1549 1551 1548
f 1549 1548 1550
f 1545 1547 1544
f 1545 1544 1546
f 1541 1543 1540
f 1541 1540 1542
f 1537 1539 1536
f 1537 1536 1538
f 1533 1535 1532
f 1533 1532 1534
f 1529 1531 1528
f 1529 1528 1530
f 1525 1527 1524
f 1525 1524 1526
f 1504 1503 1500
f 1501 1504 1500
f 1501 1500 1502
f 1505 1501 1502
f 1505 1502 1507
f 1506 1505 1507
f 1469 1471 1468
f 1469 1468 1470
f 1457 1456 1458
f 1458 1459 1457
f 1453 1452 1454
f 1454 1455 1453
f 1441 1440 1442
f 1443 1441 1442
f 1437 1436 1438
f 1437 1438 1439
f 1409 1408 1410
f 1411 1409 1410
f 1405 1404 1406
f 1405 1406 1407
f 1393 1392 1394
f 1394 1395 1393
f 1389 1388 1390
f 1390 1391 1389
f 1373 1375 1372
f 1373 1372 1374
f 1369 1371 1368
f 1369 1368 1370
f 1365 1367 1364
f 1365 1364 1366
f 1361 1363 1360
f 1361 1360 1362
f 1357 1359 1356
f 1357 1356 1358
f 1353 1355 1352
f 1353 1352 1354
f 1349 1351 1348
f 1349 1348 1350
f 1345 1347 1344
f 1345 1344 1346
f 1341 1343 1340
f 1341 1340 1342
f 1337 1339 1336
f 1337 1336 1338
f 1333 1335 1332
f 1333 1332 1334
f 1329 1331 1328
f 1329 1328 1330
f 1325 1327 1324
f 1325 1324 1326
f 1321 1323 1320
f 1321 1320 1322
f 1317 1319 1316
f 1317 1316 1318
f 1313 1315 1312
f 1313 1312 1314
f 1309 1311 1308
f 1309 1308 1310
f 1305 1307 1304
f 1305 1304 1306
f 1301 1303 1300
f 1301 1300 1302
f 1297 1299 1296
f 1297 1296 1298
f 1293 1295 1292
f 1293 1292 1294
f 1289 1291 1288
f 1289 1288 1290
f 1285 1287 1284
f 1285 1284 1286
f 1281 1283 1280
f 1281 1280 1282
f 1277 1279 1276
f 1277 1276 1278
f 1273 1275 1272
f 1273 1272 1274
f 1269 1271 1268
f 1269 1268 1270
f 1265 1267 1264
f 1265 1264 1266
f 1261 1263 1260
f 1261 1260 1262
f 1257 1259 1256
f 1257 1256 1258
f 1253 1255 1252
f 1253 1252 1254
f 1249 1251 1248
f 1249 1248 1250
f 1245 1247 1244
f 1245 1244 1246
f 1165 1167 1164
f 1165 1164 1166
f 1161 1163 1160
f 1161 1160 1162
f 1157 1159 1156
f 1157 1156 1158
f 1153 1155 1152
f 1153 1152 1154
f 1149 1151 1148
f 1149 1148 1150
f 1145 1147 1144
f 1145 1144 1146
f 1141 1143 1140
f 1141 1140 1142
f 1137 1139 1136
f 1137 1136 1138
f 1133 1135 1132
f 1133 1132 1134
f 1129 1131 1128
f 1129 1128 1130
f 1125 1127 1124
f 1125 1124 1126
f 1121 1123 1120
f 1121 1120 1122
f 1117 1119 1116
f 1117 1116 1118
f 1113 1115 1112
f 1113 1112 1114
f 1109 1111 1108
f 1109 1108 1110
f 1105 1107 1104
f 1105 1104 1106
f 1101 1100 1102
f 1103 1101 1102
f 1097 1096 1098
f 1099 1097 1098
f 1093 1092 1094
f 1095 1093 1094
f 1089 1088 1090
f 1091 1089 1090
f 1085 1084 1086
f 1085 1086 1087
f 1081 1080 1082
f 1083 1081 1082
f 1045 1047 1044
f 1045 1044 1046
f 1041 1043 1040
f 1041 1040 1042
f 1037 1039 1036
f 1037 1036 1038
f 1033 1035 1032
f 1033 1032 1034
f 1029 1031 1028
f 1029 1028 1030
f 1025 1027 1024
f 1025 1024 1026
f 1021 1023 1020
f 1021 1020 1022
f 1017 1019 1016
f 1017 1016 1018
f 1013 1015 1012
f 1013 1012 1014
f 1009 1011 1008
f 1009 1008 1010
f 1005 1007 1004
f 1005 1004 1006
f 1001 1003 1000
f 1001 1000 1002
f 997 999 996
f 997 996 998
f 993 995 992
f 993 992 994
f 989 991 988
f 989 988 990
f 985 987 984
f 985 984 986
f 981 983 980
f 981 980 982
f 977 979 976
f 977 976 978
f 973 975 972
f 973 972 974
f 969 971 968
f 969 968 970
f 965 967 964
f 965 964 966
f 961 963 960
f 961 960 962
f 957 959 956
f 957 956 958
f 953 955 952
f 953 952 954
f 949 951 948
f 949 948 950
f 945 947 944
f 945 944 946
f 941 943 940
f 941 940 942
f 937 939 936
f 937 936 938
f 933 935 932
f 933 932 934
f 929 931 928
f 929 928 930
f 925 927 924
f 925 924 926
f 921 923 920
f 921 920 922
f 881 880 882
f 883 881 882
f 877 876 878
f 879 877 878
f 873 872 874
f 875 873 874
f 865 864 866
f 864 869 866
f 867 869 864
f 868 867 864
f 871 870 869
f 869 870 866
f 1189 1188 1190
f 1190 1188 1192
f 1191 1190 1192
f 1192 1195 1191
f 1191 1195 1194
f 1194 1193 1191
f 861 856 862
f 863 861 862
f 857 856 858
f 858 856 861
f 860 858 861
f 859 858 860
f 1181 1180 1182
f 1182 1180 1184
f 1183 1182 1184
f 1184 1187 1183
f 1183 1187 1186
f 1186 1185 1183
f 853 855 852
f 853 852 854
f 849 851 848
f 849 848 850
f 845 847 844
f 845 844 846
f 841 843 840
f 841 840 842
f 837 839 836
f 837 836 838
f 833 835 832
f 833 832 834
f 829 831 828
f 829 828 830
f 825 827 824
f 825 824 826
f 821 823 820
f 821 820 822
f 817 819 816
f 817 816 818
f 813 815 812
f 813 812 814
f 809 811 808
f 809 808 810
f 805 807 804
f 805 804 806
f 801 803 800
f 801 800 802
f 797 799 796
f 797 796 798
f 793 795 792
f 793 792 794
f 773 772 774
f 775 773 774
f 769 768 770
f 771 769 770
f 765 764 766
f 767 765 766
f 745 744 746
f 747 745 746
f 741 740 742
f 743 741 742
f 737 736 738
f 739 737 738
f 717 716 718
f 719 717 718
f 713 712 714
f 715 713 714
f 709 708 710
f 711 709 710
f 694 693 695
f 696 694 695
f 690 689 691
f 692 690 691
f 686 685 687
f 688 686 687
f 682 681 683
f 684 682 683
f 667 666 668
f 669 667 668
f 663 662 664
f 665 663 664
f 659 658 660
f 661 659 660
f 655 654 656
f 657 655 656
f 636 635 637
f 638 636 637
f 632 631 633
f 634 632 633
f 628 627 629
f 630 628 629
f 497 499 496
f 497 496 498
f 493 492 494
f 493 494 495
f 489 488 490
f 489 490 491
f 485 487 484
f 485 484 486
f 477 476 478
f 479 477 478
f 233 232 234
f 233 234 235
f 190 192 189
f 190 189 191
f 186 188 185
f 186 185 187
f 182 184 181
f 182 181 183
f 178 180 177
f 178 177 179
f 174 176 173
f 174 173 175
f 170 172 169
f 170 169 171
f 166 168 165
f 166 165 167
f 162 164 161
f 162 161 163
f 158 160 157
f 158 157 159
f 154 156 153
f 154 153 155
f 150 152 149
f 150 149 151
f 146 148 145
f 146 145 147
f 142 144 141
f 142 141 143
f 138 140 137
f 138 137 139
f 134 136 133
f 134 133 135
f 130 132 129
f 130 129 131
f 126 128 125
f 126 125 127
f 122 124 121
f 122 121 123
f 1210 1209 1207
f 1207 1211 1210
f 1208 1211 1207
f 1207 1206 1208
f 1206 1204 1208
f 1205 1204 1206
f 884 885 887
f 885 884 886
f 776 777 779
f 777 776 778
f 748 749 751
f 749 748 750
f 721 720 722
f 720 723 722
f 640 639 641
f 639 642 641
f 481 480 482
f 483 482 480
f 1237 1236 1238
f 1238 1236 1240
f 1239 1238 1240
f 1240 1243 1239
f 1239 1243 1242
f 1242 1241 1239
f 1172 1171 1173
f 1173 1176 1172
f 1172 1176 1178
f 1178 1176 1179
f 1179 1176 1169
f 1177 1179 1169
f 1170 1177 1169
f 1169 1168 1170
f 1170 1168 1174
f 1174 1168 1175
f 1175 1168 1173
f 1171 1175 1173
f 1213 1212 1214
f 1214 1212 1216
f 1215 1214 1216
f 1216 1219 1215
f 1215 1219 1218
f 1218 1217 1215
f 1229 1228 1230
f 1230 1228 1232
f 1231 1230 1232
f 1232 1235 1231
f 1231 1235 1234
f 1234 1233 1231
f 1221 1220 1222
f 1222 1220 1224
f 1223 1222 1224
f 1224 1227 1223
f 1223 1227 1226
f 1226 1225 1223
f 58 57 59
f 60 58 59
f 42 41 43
f 44 42 43
f 761 760 762
f 763 761 762
f 757 756 758
f 759 757 758
f 753 752 754
f 755 753 754
f 733 732 734
f 735 733 734
f 729 728 730
f 731 729 730
f 725 724 726
f 727 725 726
f 471 705 706
f 707 471 706
f 469 468 470
f 471 469 470
f 670 470 671
f 672 670 671
f 702 701 703
f 704 702 703
f 698 697 699
f 700 698 699
f 678 677 679
f 680 678 679
f 674 673 675
f 676 674 675
f 475 651 652
f 653 475 652
f 473 472 474
f 475 473 474
f 616 474 617
f 618 616 617
f 648 647 649
f 650 648 649
f 644 643 645
f 646 644 645
f 624 623 625
f 626 624 625
f 620 619 621
f 622 620 621
f 214 213 215
f 216 214 215
f 210 209 211
f 210 211 212
f 198 197 199
f 200 198 199
f 194 193 195
f 194 195 196
f 62 61 63
f 64 62 63
f 52 53 51
f 51 53 55
f 55 53 46
f 56 55 46
f 48 45 52
f 47 45 48
f 46 45 47
f 47 54 46
f 54 56 46
f 56 54 49
f 49 50 56
f 49 48 50
f 50 48 52
f 51 50 52
f 222 221 223
f 223 221 224
f 220 217 218
f 218 217 219
f 206 205 207
f 207 205 208
f 204 201 202
f 202 201 203
f 281 280 282
f 281 282 283
f 425 424 426
f 427 425 426
f 361 363 360
f 361 360 362
f 345 347 344
f 345 344 346
f 329 331 328
f 329 328 330
f 317 316 318
f 319 317 318
f 313 312 314
f 313 314 315
f 301 300 302
f 303 301 302
f 297 296 298
f 297 298 299
f 285 284 286
f 287 285 286
f 273 271 269
f 268 273 269
f 267 268 265
f 268 269 265
f 269 266 265
f 266 260 265
f 262 260 266
f 261 260 262
f 262 271 261
f 271 273 261
f 273 274 261
f 274 275 261
f 275 274 267
f 263 275 267
f 263 267 265
f 264 263 265
f 265 270 264
f 264 270 272
f 272 270 261
f 275 272 261
f 373 372 374
f 374 372 375
f 371 368 369
f 369 368 370
f 365 364 366
f 364 367 366
f 357 356 358
f 358 356 359
f 355 352 353
f 353 352 354
f 349 348 350
f 348 351 350
f 341 340 342
f 342 340 343
f 339 336 337
f 337 336 338
f 333 332 334
f 332 335 334
f 325 324 326
f 326 324 327
f 323 320 321
f 321 320 322
f 309 308 310
f 310 308 311
f 307 304 305
f 305 304 306
f 293 292 294
f 294 292 295
f 291 288 289
f 289 288 290
f 240 239 241
f 241 246 240
f 240 246 248
f 248 246 237
f 251 248 237
f 239 243 241
f 239 251 243
f 251 250 243
f 250 251 237
f 249 250 237
f 244 249 245
f 249 247 245
f 247 249 237
f 238 247 237
f 237 236 238
f 238 236 242
f 242 236 241
f 245 242 241
f 244 245 241
f 243 244 241
f 787 785 786
f 785 784 786
f 781 780 782
f 783 781 782
f 1069 1068 1070
f 1071 1069 1070
f 1065 1064 1066
f 1065 1066 1067
f 1053 1052 1054
f 1055 1053 1054
f 1049 1048 1050
f 1049 1050 1051
f 917 916 918
f 919 917 918
f 789 788 790
f 791 789 790
f 909 908 910
f 910 915 909
f 915 914 909
f 912 914 915
f 913 914 912
f 912 911 913
f 911 908 913
f 910 908 911
f 1077 1076 1078
f 1078 1076 1079
f 1075 1072 1073
f 1073 1072 1074
f 1061 1060 1062
f 1062 1060 1063
f 1059 1056 1057
f 1057 1056 1058
f 1517 1516 1518
f 1518 1516 1520
f 1519 1518 1520
f 1520 1523 1519
f 1519 1523 1522
f 1522 1521 1519
f 891 888 893
f 892 891 893
f 893 894 892
f 892 894 895
f 895 894 889
f 890 895 889
f 889 888 890
f 890 888 891
f 903 907 900
f 907 904 900
f 906 904 907
f 904 906 897
f 906 905 897
f 905 902 897
f 903 902 905
f 900 902 903
f 901 902 900
f 900 899 901
f 899 896 901
f 898 896 899
f 897 896 898
f 898 904 897
f 1515 1514 1513
f 1514 1512 1513
f 1513 1512 1511
f 1512 1509 1511
f 1511 1509 1510
f 1509 1508 1510
f 2389 2388 2390
f 2390 2388 2391
