# from AsylumDistrict_CustomZone_Generic_0035_LOD_0.pskx
v -657.4996337890625 -497.49920654296875 -5.025854079576675e-06
v 637.2330932617188 -497.4991455078125 5.156870975042693e-05
v -657.4996337890625 -497.49920654296875 229.99993896484375
v 637.2330322265625 -497.4991455078125 230.0
v 637.2330932617188 -497.4991455078125 5.156870975042693e-05
v 637.2330322265625 492.37811279296875 -3.496911085676402e-05
v 637.2330322265625 -497.4991455078125 230.0000457763672
v 637.2330322265625 492.37811279296875 229.99996948242188
v 637.2330322265625 492.37811279296875 -3.496911085676402e-05
v -657.4996337890625 492.3780517578125 -9.156367741525173e-05
v 637.2330322265625 492.37811279296875 229.9999237060547
v -657.4996337890625 492.3780517578125 229.99986267089844
v -657.4996337890625 492.3780517578125 -9.156367741525173e-05
v -657.4996337890625 -497.499267578125 -5.025850441597868e-06
v -657.4996337890625 492.3780517578125 229.99990844726562
v -657.4996337890625 -497.49920654296875 229.99998474121094
v -657.4996337890625 -497.49920654296875 229.99998474121094
v 637.2330322265625 -497.4991455078125 230.0000457763672
v 637.2330322265625 492.37811279296875 229.99996948242188
v -657.4996337890625 492.3780517578125 229.99990844726562
v -202.28121948242188 -472.7860107421875 1840.8477783203125
v -202.28121948242188 -477.78778076171875 1840.8477783203125
v -188.7838134765625 -477.78778076171875 1840.8477783203125
v -188.7838134765625 -472.7860107421875 1840.8477783203125
v -202.28121948242188 -472.7860107421875 1788.8477783203125
v -202.28121948242188 -477.78778076171875 1788.8477783203125
v -70.27133178710938 -477.78778076171875 1788.8477783203125
v -70.27133178710938 -472.78594970703125 1788.8477783203125
v -5.3527069091796875 -472.78594970703125 1738.8477783203125
v -5.3527069091796875 -477.78778076171875 1738.8477783203125
v 29.315887451171875 -477.78778076171875 1738.8477783203125
v 29.315887451171875 -472.78594970703125 1738.8477783203125
v 11.338104248046875 -472.78594970703125 1787.2728271484375
v 11.338104248046875 -477.78778076171875 1787.2728271484375
v 69.23678588867188 -477.78778076171875 1787.2728271484375
v 69.23678588867188 -472.78594970703125 1787.2728271484375
v -342.7760925292969 -472.78741455078125 1675.0
v -342.7760925292969 -477.789306640625 1675.0
v -342.7760925292969 -472.78741455078125 1677.0
v -342.7760925292969 -477.789306640625 1677.0
v -342.7760925292969 -477.789306640625 1675.0
v 347.71881103515625 -477.78778076171875 1675.0
v -342.7760925292969 -477.789306640625 1677.0
v 347.71881103515625 -477.78778076171875 1677.0
v 347.71881103515625 -477.78778076171875 1675.0
v 347.71881103515625 -472.78594970703125 1675.0
v 347.71881103515625 -477.78778076171875 1677.0
v 347.71881103515625 -472.78594970703125 1677.0
v 347.71881103515625 -472.78594970703125 1675.0
v -342.7760925292969 -472.78741455078125 1675.0
v 347.71881103515625 -472.78594970703125 1677.0
v -342.7760925292969 -472.78741455078125 1677.0
v -342.7760925292969 -472.78741455078125 1677.0
v -342.7760925292969 -477.789306640625 1677.0
v 347.71881103515625 -477.78778076171875 1677.0
v 347.71881103515625 -472.78594970703125 1677.0
v 217.4180145263672 -477.78778076171875 1677.0
v 349.15020751953125 -477.78778076171875 1677.0
v 217.41799926757812 -477.78778076171875 1894.0
v 349.15020751953125 -477.78778076171875 1894.0
v 349.15020751953125 -472.78594970703125 1677.0
v 217.4180145263672 -472.78594970703125 1677.0
v 349.15020751953125 -472.78594970703125 1894.0
v 217.41799926757812 -472.78594970703125 1894.0
v 217.41799926757812 -472.78594970703125 1894.0
v 217.41799926757812 -477.78778076171875 1894.0
v 349.15020751953125 -477.78778076171875 1894.0
v 349.15020751953125 -472.78594970703125 1894.0
v -357.7755432128906 -490.98809814453125 1905.0001220703125
v -357.7755432128906 -495.98687744140625 1905.0001220703125
v -357.7755432128906 -490.988037109375 1980.0001220703125
v -357.7755432128906 -495.98681640625 1980.0001220703125
v -357.7755432128906 -495.98687744140625 1905.0001220703125
v 357.7193908691406 -495.9854736328125 1905.0001220703125
v -357.7755432128906 -495.98681640625 1980.0001220703125
v 357.7193908691406 -495.98541259765625 1980.0001220703125
v 357.7193908691406 -495.9854736328125 1905.0001220703125
v 357.7193908691406 -490.98663330078125 1905.0001220703125
v 357.7193908691406 -495.98541259765625 1980.0001220703125
v 357.7193908691406 -490.98663330078125 1980.0001220703125
v 357.7193908691406 -490.98663330078125 1905.0001220703125
v -357.7755432128906 -490.98809814453125 1905.0001220703125
v 357.7193908691406 -490.98663330078125 1980.0001220703125
v -357.7755432128906 -490.988037109375 1980.0001220703125
v -357.7755432128906 -490.98809814453125 1905.0001220703125
v 357.7193908691406 -495.9854736328125 1905.0001220703125
v -357.7755432128906 -495.98687744140625 1905.0001220703125
v 357.7193908691406 -490.98663330078125 1905.0001220703125
v -357.7755432128906 -490.988037109375 1980.0001220703125
v -357.7755432128906 -495.98681640625 1980.0001220703125
v 357.7193908691406 -495.98541259765625 1980.0001220703125
v 357.7193908691406 -490.98663330078125 1980.0001220703125
v -362.7743225097656 -450.9886474609375 1900.000244140625
v -362.7743225097656 -500.9886474609375 1900.000244140625
v -362.7743225097656 -450.9886474609375 1905.0001220703125
v -362.7743225097656 -500.9886474609375 1905.0001220703125
v -362.7743225097656 -500.9886474609375 1900.000244140625
v 362.7181701660156 -500.98724365234375 1900.000244140625
v -362.7743225097656 -500.9886474609375 1905.0001220703125
v 362.7181701660156 -500.98724365234375 1905.0001220703125
v 362.7181701660156 -500.98724365234375 1900.000244140625
v 362.7181701660156 -450.98724365234375 1900.000244140625
v 362.7181701660156 -500.98724365234375 1905.0001220703125
v 362.7181701660156 -450.98724365234375 1905.0001220703125
v 362.7181701660156 -450.98724365234375 1900.000244140625
v -362.7743225097656 -450.9886474609375 1900.000244140625
v 362.7181701660156 -450.98724365234375 1905.0001220703125
v -362.7743225097656 -450.9886474609375 1905.0001220703125
v -362.7743225097656 -450.9886474609375 1900.000244140625
v 362.7181701660156 -500.98724365234375 1900.000244140625
v -362.7743225097656 -500.9886474609375 1900.000244140625
v 362.7181701660156 -450.98724365234375 1900.000244140625
v -362.7743225097656 -450.9886474609375 1905.0001220703125
v -362.7743225097656 -500.9886474609375 1905.0001220703125
v 362.7181701660156 -500.98724365234375 1905.0001220703125
v 362.7181701660156 -450.98724365234375 1905.0001220703125
v 53.370880126953125 -472.78594970703125 1892.598876953125
v 53.370880126953125 -477.78778076171875 1892.598876953125
v 69.23678588867188 -477.78778076171875 1892.598876953125
v 69.23678588867188 -472.78594970703125 1892.598876953125
v 9.91668701171875 -472.78594970703125 1829.5989990234375
v 9.91668701171875 -477.78778076171875 1829.5989990234375
v 69.23678588867188 -477.78778076171875 1829.5989990234375
v 69.23678588867188 -472.78594970703125 1829.5989990234375
v 137.11770629882812 -472.78594970703125 1892.598876953125
v 137.11770629882812 -477.78778076171875 1892.598876953125
v 285.872802734375 -477.78778076171875 1892.598876953125
v 285.872802734375 -472.78594970703125 1892.598876953125
v 156.46389770507812 -472.78594970703125 1829.5989990234375
v 156.46389770507812 -477.78778076171875 1829.5989990234375
v 272.2409973144531 -477.78778076171875 1829.5989990234375
v 272.2409973144531 -472.78594970703125 1829.5989990234375
v -72.28240966796875 -470.9853515625 1675.0
v -72.28240966796875 -480.9859619140625 1675.0
v -72.28240966796875 -470.9853515625 1895.0001220703125
v -72.28240966796875 -480.9859619140625 1895.0001220703125
v -72.28240966796875 -480.9859619140625 1675.0
v -62.28179931640625 -480.9859619140625 1675.0
v -72.28240966796875 -480.9859619140625 1895.0001220703125
v -62.28179931640625 -480.9859619140625 1895.0001220703125
v -62.28179931640625 -480.9859619140625 1675.0
v -62.28179931640625 -470.9853515625 1675.0
v -62.28179931640625 -480.9859619140625 1895.0001220703125
v -62.28179931640625 -470.9853515625 1895.0001220703125
v -62.28179931640625 -470.9853515625 1675.0
v -72.28240966796875 -470.9853515625 1675.0
v -62.28179931640625 -470.9853515625 1895.0001220703125
v -72.28240966796875 -470.9853515625 1895.0001220703125
v -72.28240966796875 -470.9853515625 1895.0001220703125
v -72.28240966796875 -480.9859619140625 1895.0001220703125
v -62.28179931640625 -480.9859619140625 1895.0001220703125
v -62.28179931640625 -470.9853515625 1895.0001220703125
v 347.71881103515625 -470.9853515625 1675.0
v 347.71881103515625 -480.9859619140625 1675.0
v 347.71881103515625 -470.9853515625 1895.0001220703125
v 347.71881103515625 -480.9859619140625 1895.0001220703125
v 347.71881103515625 -480.9859619140625 1675.0
v 357.71942138671875 -480.9859619140625 1675.0
v 347.71881103515625 -480.9859619140625 1895.0001220703125
v 357.7193908691406 -480.9859619140625 1895.0001220703125
v 357.71942138671875 -480.9859619140625 1675.0
v 357.71942138671875 -470.9853515625 1675.0
v 357.7193908691406 -480.9859619140625 1895.0001220703125
v 357.7193908691406 -470.9853515625 1895.0001220703125
v 357.71942138671875 -470.9853515625 1675.0
v 347.71881103515625 -470.9853515625 1675.0
v 357.7193908691406 -470.9853515625 1895.0001220703125
v 347.71881103515625 -470.9853515625 1895.0001220703125
v 347.71881103515625 -470.9853515625 1895.0001220703125
v 347.71881103515625 -480.9859619140625 1895.0001220703125
v 357.7193908691406 -480.9859619140625 1895.0001220703125
v 357.7193908691406 -470.9853515625 1895.0001220703125
v -352.7767028808594 -470.98681640625 1895.0001220703125
v -352.7767028808594 -480.98736572265625 1895.0001220703125
v -352.7767028808594 -470.98681640625 1905.0001220703125
v -352.7767028808594 -480.98736572265625 1905.0001220703125
v -352.7767028808594 -480.98736572265625 1895.0001220703125
v -352.7767028808594 -480.98736572265625 1905.0001220703125
v 357.7193908691406 -480.9859619140625 1905.0001220703125
v 357.7193908691406 -480.9859619140625 1905.0001220703125
v 357.7193908691406 -470.9853515625 1905.0001220703125
v -352.7767028808594 -470.98681640625 1895.0001220703125
v 357.7193908691406 -470.9853515625 1905.0001220703125
v -352.7767028808594 -470.98681640625 1905.0001220703125
v -352.7767028808594 -470.98681640625 1905.0001220703125
v -352.7767028808594 -480.98736572265625 1905.0001220703125
v 357.7193908691406 -480.9859619140625 1905.0001220703125
v 357.7193908691406 -470.9853515625 1905.0001220703125
v -212.28182983398438 -470.9853515625 1675.0
v -212.28182983398438 -480.9859619140625 1675.0
v -212.28182983398438 -470.9853515625 1895.0001220703125
v -212.28182983398438 -480.9859619140625 1895.0001220703125
v -212.28182983398438 -480.9859619140625 1675.0
v -202.28121948242188 -480.9859619140625 1675.0
v -212.28182983398438 -480.9859619140625 1895.0001220703125
v -202.28121948242188 -480.9859619140625 1895.0001220703125
v -202.28121948242188 -480.9859619140625 1675.0
v -202.28121948242188 -470.9853515625 1675.0
v -202.28121948242188 -480.9859619140625 1895.0001220703125
v -202.28121948242188 -470.9853515625 1895.0001220703125
v -202.28121948242188 -470.9853515625 1675.0
v -212.28182983398438 -470.9853515625 1675.0
v -202.28121948242188 -470.9853515625 1895.0001220703125
v -212.28182983398438 -470.9853515625 1895.0001220703125
v -212.28182983398438 -470.9853515625 1895.0001220703125
v -212.28182983398438 -480.9859619140625 1895.0001220703125
v -202.28121948242188 -480.9859619140625 1895.0001220703125
v -202.28121948242188 -470.9853515625 1895.0001220703125
v -357.7755432128906 -455.98748779296875 1660.0
v -357.7755432128906 -495.98687744140625 1660.0
v -357.7755432128906 -455.98748779296875 1675.0
v -357.7755432128906 -495.98687744140625 1675.0
v -357.7755432128906 -495.98687744140625 1660.0
v 367.71697998046875 -495.9854736328125 1660.0
v -357.7755432128906 -495.98687744140625 1675.0
v 367.71697998046875 -495.9854736328125 1675.0
v 367.71697998046875 -495.9854736328125 1660.0
v 367.71697998046875 -455.98602294921875 1660.0
v 367.71697998046875 -495.9854736328125 1675.0
v 367.71697998046875 -455.98602294921875 1675.0
v 367.71697998046875 -455.98602294921875 1660.0
v -357.7755432128906 -455.98748779296875 1660.0
v 367.71697998046875 -455.98602294921875 1675.0
v -357.7755432128906 -455.98748779296875 1675.0
v -357.7755432128906 -455.98748779296875 1660.0
v 367.71697998046875 -495.9854736328125 1660.0
v -357.7755432128906 -495.98687744140625 1660.0
v 367.71697998046875 -455.98602294921875 1660.0
v -357.7755432128906 -455.98748779296875 1675.0
v -357.7755432128906 -495.98687744140625 1675.0
v 367.71697998046875 -495.9854736328125 1675.0
v 367.71697998046875 -455.98602294921875 1675.0
v 207.71951293945312 -470.9853515625 1675.0
v 207.71951293945312 -480.9859619140625 1675.0
v 207.71949768066406 -470.9853515625 1895.0001220703125
v 207.71949768066406 -480.9859619140625 1895.0001220703125
v 207.71951293945312 -480.9859619140625 1675.0
v 217.72010803222656 -480.9859619140625 1675.0
v 207.71949768066406 -480.9859619140625 1895.0001220703125
v 217.7200927734375 -480.9859619140625 1895.0001220703125
v 217.72010803222656 -480.9859619140625 1675.0
v 217.72010803222656 -470.9853515625 1675.0
v 217.7200927734375 -480.9859619140625 1895.0001220703125
v 217.7200927734375 -470.9853515625 1895.0001220703125
v 217.72010803222656 -470.9853515625 1675.0
v 207.71951293945312 -470.9853515625 1675.0
v 217.7200927734375 -470.9853515625 1895.0001220703125
v 207.71949768066406 -470.9853515625 1895.0001220703125
v 207.71949768066406 -470.9853515625 1895.0001220703125
v 207.71949768066406 -480.9859619140625 1895.0001220703125
v 217.7200927734375 -480.9859619140625 1895.0001220703125
v 217.7200927734375 -470.9853515625 1895.0001220703125
v 67.71699523925781 -470.9853515625 1675.0
v 67.71699523925781 -480.9859619140625 1675.0
v 67.71699523925781 -470.9853515625 1895.0001220703125
v 67.71699523925781 -480.9859619140625 1895.0001220703125
v 67.71699523925781 -480.9859619140625 1675.0
v 77.71759033203125 -480.9859619140625 1675.0
v 67.71699523925781 -480.9859619140625 1895.0001220703125
v 77.71759033203125 -480.9859619140625 1895.0001220703125
v 77.71759033203125 -480.9859619140625 1675.0
v 77.71759033203125 -470.9853515625 1675.0
v 77.71759033203125 -480.9859619140625 1895.0001220703125
v 77.71759033203125 -470.9853515625 1895.0001220703125
v 77.71759033203125 -470.9853515625 1675.0
v 67.71699523925781 -470.9853515625 1675.0
v 77.71759033203125 -470.9853515625 1895.0001220703125
v 67.71699523925781 -470.9853515625 1895.0001220703125
v 67.71699523925781 -470.9853515625 1895.0001220703125
v 67.71699523925781 -480.9859619140625 1895.0001220703125
v 77.71759033203125 -480.9859619140625 1895.0001220703125
v 77.71759033203125 -470.9853515625 1895.0001220703125
v -344.1023864746094 -472.7889404296875 1892.598876953125
v -344.1023864746094 -477.790771484375 1892.598876953125
v -275.7268981933594 -477.790771484375 1892.598876953125
v -275.7268981933594 -472.7889404296875 1892.598876953125
v 76.2589111328125 -477.78778076171875 1677.0
v 207.99110412597656 -477.78778076171875 1677.0
v 76.2589111328125 -477.78778076171875 1894.0
v 207.99110412597656 -477.78778076171875 1894.0
v 207.99110412597656 -472.78594970703125 1677.0
v 76.2589111328125 -472.78594970703125 1677.0
v 207.99110412597656 -472.78594970703125 1894.0
v 76.2589111328125 -472.78594970703125 1894.0
v 76.2589111328125 -472.78594970703125 1894.0
v 76.2589111328125 -477.78778076171875 1894.0
v 207.99110412597656 -477.78778076171875 1894.0
v 207.99110412597656 -472.78594970703125 1894.0
v -352.7754821777344 -470.9853515625 1675.0
v -352.7754821777344 -480.9859619140625 1675.0
v -352.7754821777344 -470.9853515625 1895.0001220703125
v -352.7754821777344 -480.9859619140625 1895.0001220703125
v -352.7754821777344 -480.9859619140625 1675.0
v -342.7748718261719 -480.9859619140625 1675.0
v -352.7754821777344 -480.9859619140625 1895.0001220703125
v -342.7748718261719 -480.9859619140625 1895.0001220703125
v -342.7748718261719 -480.9859619140625 1675.0
v -342.7748718261719 -470.9853515625 1675.0
v -342.7748718261719 -480.9859619140625 1895.0001220703125
v -342.7748718261719 -470.9853515625 1895.0001220703125
v -342.7748718261719 -470.9853515625 1675.0
v -352.7754821777344 -470.9853515625 1675.0
v -342.7748718261719 -470.9853515625 1895.0001220703125
v -352.7754821777344 -470.9853515625 1895.0001220703125
v -352.7754821777344 -470.9853515625 1895.0001220703125
v -352.7754821777344 -480.9859619140625 1895.0001220703125
v -342.7748718261719 -480.9859619140625 1895.0001220703125
v -342.7748718261719 -470.9853515625 1895.0001220703125
v -342.7760925292969 -472.78741455078125 1893.0240478515625
v -342.7760925292969 -477.789306640625 1893.0240478515625
v -342.7760925292969 -472.78741455078125 1895.024169921875
v -342.7760925292969 -477.789306640625 1895.024169921875
v -342.7760925292969 -477.789306640625 1893.0240478515625
v 347.7187805175781 -477.78778076171875 1893.0240478515625
v -342.7760925292969 -477.789306640625 1895.024169921875
v 347.7187805175781 -477.78778076171875 1895.024169921875
v 347.7187805175781 -477.78778076171875 1893.0240478515625
v 347.7187805175781 -472.78594970703125 1893.0240478515625
v 347.7187805175781 -477.78778076171875 1895.024169921875
v 347.7187805175781 -472.78594970703125 1895.024169921875
v 347.7187805175781 -472.78594970703125 1893.0240478515625
v -342.7760925292969 -472.78741455078125 1893.0240478515625
v 347.7187805175781 -472.78594970703125 1895.024169921875
v -342.7760925292969 -472.78741455078125 1895.024169921875
v -342.7760925292969 -472.78741455078125 1893.0240478515625
v 347.7187805175781 -477.78778076171875 1893.0240478515625
v -342.7760925292969 -477.789306640625 1893.0240478515625
v 347.7187805175781 -472.78594970703125 1893.0240478515625
v -342.7760925292969 -472.78741455078125 1895.024169921875
v -342.7760925292969 -477.789306640625 1895.024169921875
v 347.7187805175781 -477.78778076171875 1895.024169921875
v 347.7187805175781 -472.78594970703125 1895.024169921875
v -202.28121948242188 -477.78778076171875 1677.0
v 69.60910034179688 -477.78778076171875 1677.0
v -202.28121948242188 -477.78778076171875 1894.0
v 69.60910034179688 -477.78778076171875 1894.0
v 69.60910034179688 -472.78594970703125 1677.0
v -202.28121948242188 -472.7860107421875 1677.0
v 69.60910034179688 -472.78594970703125 1894.0
v -202.28121948242188 -472.7860107421875 1894.0
v -202.28121948242188 -472.7860107421875 1894.0
v -202.28121948242188 -477.78778076171875 1894.0
v 69.60910034179688 -477.78778076171875 1894.0
v 69.60910034179688 -472.78594970703125 1894.0
v -344.2795104980469 -472.7889404296875 1829.5989990234375
v -344.2795104980469 -477.790771484375 1829.5989990234375
v -289.3586730957031 -477.790771484375 1829.5989990234375
v -289.3586730957031 -472.7889404296875 1829.5989990234375
v -344.1817932128906 -477.790771484375 1677.0
v -212.44961547851562 -477.790771484375 1677.0
v -344.1817932128906 -477.790771484375 1894.0
v -212.44961547851562 -477.790771484375 1894.0
v -212.44961547851562 -472.7889404296875 1677.0
v -344.1817932128906 -472.7889404296875 1677.0
v -212.44961547851562 -472.7889404296875 1894.0
v -344.1817932128906 -472.7889404296875 1894.0
v -344.1817932128906 -472.7889404296875 1894.0
v -344.1817932128906 -477.790771484375 1894.0
v -212.44961547851562 -477.790771484375 1894.0
v -212.44961547851562 -472.7889404296875 1894.0
v -617.500244140625 -457.499755859375 1129.9998779296875
v -292.5002746582031 -457.499755859375 1129.9998779296875
v -617.500244140625 -457.499755859375 1179.9998779296875
v -292.5002746582031 -457.499755859375 1179.9998779296875
v -292.5002746582031 -457.499755859375 1129.9998779296875
v -292.5002746582031 452.50091552734375 1129.9998779296875
v -292.5002746582031 -457.499755859375 1179.9998779296875
v -292.5002746582031 452.50091552734375 1179.9998779296875
v -292.5002746582031 452.50091552734375 1129.9998779296875
v -617.500244140625 452.5008544921875 1129.9998779296875
v -292.5002746582031 452.50091552734375 1179.9998779296875
v -617.500244140625 452.5008544921875 1179.9998779296875
v -617.500244140625 452.5008544921875 1129.9998779296875
v -617.500244140625 -457.499755859375 1129.9998779296875
v -617.500244140625 452.5008544921875 1179.9998779296875
v -617.500244140625 -457.499755859375 1179.9998779296875
v -292.5002746582031 -457.499755859375 1129.9998779296875
v -617.500244140625 -457.499755859375 1129.9998779296875
v -292.5002746582031 452.50091552734375 1129.9998779296875
v -617.500244140625 452.5008544921875 1129.9998779296875
v 255.93634033203125 452.50128173828125 1579.9998779296875
v 292.4986877441406 202.5012969970703 1579.9998779296875
v 292.4986877441406 452.50128173828125 1579.9998779296875
v 255.9361572265625 202.5012969970703 1579.9998779296875
v 255.93634033203125 452.50128173828125 1554.9998779296875
v 255.9361572265625 202.5012969970703 1579.9998779296875
v 255.93634033203125 452.50128173828125 1579.9998779296875
v 255.9361572265625 202.5012664794922 1554.9998779296875
v 219.3739471435547 452.50128173828125 1554.9998779296875
v 255.9361572265625 202.5012664794922 1554.9998779296875
v 255.93634033203125 452.50128173828125 1554.9998779296875
v 219.37356567382812 202.5012664794922 1554.9998779296875
v 219.3739471435547 452.50128173828125 1529.9998779296875
v 219.37356567382812 202.5012664794922 1554.9998779296875
v 219.3739471435547 452.50128173828125 1554.9998779296875
v 219.37356567382812 202.5012664794922 1529.9998779296875
v 182.81158447265625 452.50128173828125 1529.9998779296875
v 219.37356567382812 202.5012664794922 1529.9998779296875
v 219.3739471435547 452.50128173828125 1529.9998779296875
v 182.81103515625 202.5012664794922 1529.9998779296875
v 182.81158447265625 452.50128173828125 1504.9998779296875
v 182.81103515625 202.5012664794922 1529.9998779296875
v 182.81158447265625 452.50128173828125 1529.9998779296875
v 182.81103515625 202.5012664794922 1504.9998779296875
v 146.24923706054688 452.50128173828125 1504.9998779296875
v 182.81103515625 202.5012664794922 1504.9998779296875
v 182.81158447265625 452.50128173828125 1504.9998779296875
v 146.24850463867188 202.5012664794922 1504.9998779296875
v 146.24923706054688 452.50128173828125 1479.9998779296875
v 146.24850463867188 202.5012664794922 1504.9998779296875
v 146.24923706054688 452.50128173828125 1504.9998779296875
v 146.24850463867188 202.5012664794922 1479.9998779296875
v 109.68689727783203 452.50128173828125 1479.9998779296875
v 146.24850463867188 202.5012664794922 1479.9998779296875
v 146.24923706054688 452.50128173828125 1479.9998779296875
v 109.68595886230469 202.5012664794922 1479.9998779296875
v 109.68689727783203 452.50128173828125 1454.9998779296875
v 109.68595886230469 202.5012664794922 1479.9998779296875
v 109.68689727783203 452.50128173828125 1479.9998779296875
v 109.68595886230469 202.5012664794922 1454.9998779296875
v 73.12455749511719 452.50128173828125 1454.9998779296875
v 109.68595886230469 202.5012664794922 1454.9998779296875
v 109.68689727783203 452.50128173828125 1454.9998779296875
v 73.12342834472656 202.5012664794922 1454.9998779296875
v 73.12455749511719 452.50128173828125 1429.9998779296875
v 73.12342834472656 202.5012664794922 1454.9998779296875
v 73.12455749511719 452.50128173828125 1454.9998779296875
v 73.12342834472656 202.5012664794922 1429.9998779296875
v 36.56221008300781 452.50128173828125 1429.9998779296875
v 73.12342834472656 202.5012664794922 1429.9998779296875
v 73.12455749511719 452.50128173828125 1429.9998779296875
v 36.560882568359375 202.5012664794922 1429.9998779296875
v 36.56221008300781 452.50128173828125 1404.9998779296875
v 36.560882568359375 202.5012664794922 1429.9998779296875
v 36.56221008300781 452.50128173828125 1429.9998779296875
v 36.560882568359375 202.5012664794922 1404.9998779296875
v -0.0001678466796875 452.50128173828125 1404.9998779296875
v 36.560882568359375 202.5012664794922 1404.9998779296875
v 36.56221008300781 452.50128173828125 1404.9998779296875
v -0.0016326904296875 202.5012664794922 1404.9998779296875
v -0.0001678466796875 452.50128173828125 1379.9998779296875
v -0.0016326904296875 202.5012664794922 1404.9998779296875
v -0.0001678466796875 452.50128173828125 1404.9998779296875
v -0.0016326904296875 202.5012664794922 1379.9998779296875
v -36.5625 452.50128173828125 1379.9998779296875
v -0.0016326904296875 202.5012664794922 1379.9998779296875
v -0.0001678466796875 452.50128173828125 1379.9998779296875
v -36.56414794921875 202.5012664794922 1379.9998779296875
v -36.5625 452.50128173828125 1354.9998779296875
v -36.56414794921875 202.5012664794922 1379.9998779296875
v -36.5625 452.50128173828125 1379.9998779296875
v -36.56414794921875 202.5012664794922 1354.9998779296875
v -73.12484741210938 452.50128173828125 1354.9998779296875
v -36.56414794921875 202.5012664794922 1354.9998779296875
v -36.5625 452.50128173828125 1354.9998779296875
v -73.12667846679688 202.5012664794922 1354.9998779296875
v -73.12484741210938 452.50128173828125 1329.9998779296875
v -73.12667846679688 202.5012664794922 1354.9998779296875
v -73.12484741210938 452.50128173828125 1354.9998779296875
v -73.12667846679688 202.5012664794922 1329.9998779296875
v -109.68719482421875 452.50128173828125 1329.9998779296875
v -73.12667846679688 202.5012664794922 1329.9998779296875
v -73.12484741210938 452.50128173828125 1329.9998779296875
v -109.689208984375 202.5012664794922 1329.9998779296875
v -109.68719482421875 452.50128173828125 1304.9998779296875
v -109.689208984375 202.5012664794922 1329.9998779296875
v -109.68719482421875 452.50128173828125 1329.9998779296875
v -109.689208984375 202.5012664794922 1304.9998779296875
v -146.24954223632812 452.50128173828125 1304.9998779296875
v -109.689208984375 202.5012664794922 1304.9998779296875
v -109.68719482421875 452.50128173828125 1304.9998779296875
v -146.25173950195312 202.50123596191406 1304.9998779296875
v -146.24954223632812 452.50128173828125 1279.9998779296875
v -146.25173950195312 202.50123596191406 1304.9998779296875
v -146.24954223632812 452.50128173828125 1304.9998779296875
v -146.25173950195312 202.50123596191406 1279.9998779296875
v -182.8118896484375 452.50128173828125 1279.9998779296875
v -146.25173950195312 202.50123596191406 1279.9998779296875
v -146.24954223632812 452.50128173828125 1279.9998779296875
v -182.81427001953125 202.50123596191406 1279.9998779296875
v -182.8118896484375 452.50128173828125 1254.9998779296875
v -182.81427001953125 202.50123596191406 1279.9998779296875
v -182.8118896484375 452.50128173828125 1279.9998779296875
v -182.81427001953125 202.50123596191406 1254.9998779296875
v -219.37423706054688 452.50128173828125 1254.9998779296875
v -182.81427001953125 202.50123596191406 1254.9998779296875
v -182.8118896484375 452.50128173828125 1254.9998779296875
v -219.3768310546875 202.50123596191406 1254.9998779296875
v -219.37423706054688 452.50128173828125 1229.9998779296875
v -219.3768310546875 202.50123596191406 1254.9998779296875
v -219.37423706054688 452.50128173828125 1254.9998779296875
v -219.3768310546875 202.50123596191406 1229.9998779296875
v -255.93658447265625 452.50128173828125 1229.9998779296875
v -219.3768310546875 202.50123596191406 1229.9998779296875
v -219.37423706054688 452.50128173828125 1229.9998779296875
v -255.93936157226562 202.50123596191406 1229.9998779296875
v -255.93658447265625 452.50128173828125 1204.9998779296875
v -255.93936157226562 202.50123596191406 1229.9998779296875
v -255.93658447265625 452.50128173828125 1229.9998779296875
v -255.93936157226562 202.50120544433594 1204.9998779296875
v -292.4988708496094 452.50128173828125 1204.9998779296875
v -255.93936157226562 202.50120544433594 1204.9998779296875
v -255.93658447265625 452.50128173828125 1204.9998779296875
v -292.5019226074219 202.50120544433594 1204.9998779296875
v -292.4988708496094 452.50128173828125 1179.9998779296875
v -292.5019226074219 202.50120544433594 1204.9998779296875
v -292.4988708496094 452.50128173828125 1204.9998779296875
v -292.5019226074219 202.50120544433594 1179.9998779296875
v -292.4988708496094 452.50128173828125 1129.9998779296875
v 292.4986877441406 452.50128173828125 1529.9998779296875
v 292.4986877441406 202.5012664794922 1529.9998779296875
v -292.5019226074219 202.50120544433594 1129.9998779296875
v 219.37356567382812 202.5012664794922 1529.9998779296875
v 182.81103515625 202.5012664794922 1529.9998779296875
v 182.81103515625 202.5012664794922 1504.9998779296875
v 146.24850463867188 202.5012664794922 1504.9998779296875
v 146.24850463867188 202.5012664794922 1479.9998779296875
v 109.68595886230469 202.5012664794922 1479.9998779296875
v 109.68595886230469 202.5012664794922 1454.9998779296875
v 73.12342834472656 202.5012664794922 1454.9998779296875
v 73.12342834472656 202.5012664794922 1429.9998779296875
v 36.560882568359375 202.5012664794922 1429.9998779296875
v 36.560882568359375 202.5012664794922 1404.9998779296875
v -0.0016326904296875 202.5012664794922 1404.9998779296875
v -0.0016326904296875 202.5012664794922 1379.9998779296875
v -36.56414794921875 202.5012664794922 1379.9998779296875
v -36.56414794921875 202.5012664794922 1354.9998779296875
v -73.12667846679688 202.5012664794922 1354.9998779296875
v -73.12667846679688 202.5012664794922 1329.9998779296875
v -109.689208984375 202.5012664794922 1329.9998779296875
v -109.689208984375 202.5012664794922 1304.9998779296875
v -146.25173950195312 202.50123596191406 1304.9998779296875
v -146.25173950195312 202.50123596191406 1279.9998779296875
v -182.81427001953125 202.50123596191406 1279.9998779296875
v -182.81427001953125 202.50123596191406 1254.9998779296875
v -219.3768310546875 202.50123596191406 1254.9998779296875
v -219.3768310546875 202.50123596191406 1229.9998779296875
v -255.93936157226562 202.50123596191406 1229.9998779296875
v -255.93936157226562 202.50120544433594 1204.9998779296875
v -292.5019226074219 202.50120544433594 1204.9998779296875
v -292.5019226074219 202.50120544433594 1179.9998779296875
v 292.4986877441406 202.5012664794922 1529.9998779296875
v -292.5019226074219 202.50120544433594 1129.9998779296875
v 292.4986877441406 202.5012969970703 1579.9998779296875
v 255.9361572265625 202.5012969970703 1579.9998779296875
v 255.9361572265625 202.5012664794922 1554.9998779296875
v 219.37356567382812 202.5012664794922 1554.9998779296875
v -292.4988708496094 452.50128173828125 1179.9998779296875
v -292.4988708496094 452.50128173828125 1204.9998779296875
v -255.93658447265625 452.50128173828125 1204.9998779296875
v -255.93658447265625 452.50128173828125 1229.9998779296875
v -219.37423706054688 452.50128173828125 1229.9998779296875
v -219.37423706054688 452.50128173828125 1254.9998779296875
v -182.8118896484375 452.50128173828125 1254.9998779296875
v -182.8118896484375 452.50128173828125 1279.9998779296875
v -146.24954223632812 452.50128173828125 1279.9998779296875
v -146.24954223632812 452.50128173828125 1304.9998779296875
v -109.68719482421875 452.50128173828125 1304.9998779296875
v -109.68719482421875 452.50128173828125 1329.9998779296875
v -73.12484741210938 452.50128173828125 1329.9998779296875
v -73.12484741210938 452.50128173828125 1354.9998779296875
v -36.5625 452.50128173828125 1354.9998779296875
v -36.5625 452.50128173828125 1379.9998779296875
v -0.0001678466796875 452.50128173828125 1379.9998779296875
v -0.0001678466796875 452.50128173828125 1404.9998779296875
v 36.56221008300781 452.50128173828125 1404.9998779296875
v 36.56221008300781 452.50128173828125 1429.9998779296875
v 73.12455749511719 452.50128173828125 1429.9998779296875
v 73.12455749511719 452.50128173828125 1454.9998779296875
v 109.68689727783203 452.50128173828125 1454.9998779296875
v 109.68689727783203 452.50128173828125 1479.9998779296875
v 146.24923706054688 452.50128173828125 1479.9998779296875
v 146.24923706054688 452.50128173828125 1504.9998779296875
v 182.81158447265625 452.50128173828125 1504.9998779296875
v 182.81158447265625 452.50128173828125 1529.9998779296875
v 219.3739471435547 452.50128173828125 1529.9998779296875
v 292.4986877441406 452.50128173828125 1529.9998779296875
v 219.3739471435547 452.50128173828125 1554.9998779296875
v 255.93634033203125 452.50128173828125 1554.9998779296875
v 255.93634033203125 452.50128173828125 1579.9998779296875
v 292.4986877441406 452.50128173828125 1579.9998779296875
v -292.4988708496094 452.50128173828125 1129.9998779296875
v -292.5019226074219 202.50120544433594 1129.9998779296875
v -292.4988708496094 452.50128173828125 1129.9998779296875
v 292.4986877441406 202.5012969970703 1579.9998779296875
v 292.4986877441406 452.50128173828125 1529.9998779296875
v 292.4986877441406 452.50128173828125 1579.9998779296875
v 292.4986877441406 202.5012664794922 1529.9998779296875
v -256.49951171875 -457.49957275390625 1179.9998779296875
v -292.4994812011719 -207.49954223632812 1179.9998779296875
v -292.4994812011719 -457.49957275390625 1179.9998779296875
v -256.49951171875 -207.49954223632812 1179.9998779296875
v -256.49951171875 -457.49957275390625 1155.3333740234375
v -256.49951171875 -207.49954223632812 1179.9998779296875
v -256.49951171875 -457.49957275390625 1179.9998779296875
v -256.49951171875 -207.49954223632812 1155.3333740234375
v -220.49954223632812 -457.49957275390625 1155.3333740234375
v -256.49951171875 -207.49954223632812 1155.3333740234375
v -256.49951171875 -457.49957275390625 1155.3333740234375
v -220.49957275390625 -207.49954223632812 1155.3333740234375
v -220.49954223632812 -457.49957275390625 1130.6666259765625
v -220.49957275390625 -207.49954223632812 1155.3333740234375
v -220.49954223632812 -457.49957275390625 1155.3333740234375
v -220.49954223632812 -207.49954223632812 1130.6666259765625
v -184.49957275390625 -457.49957275390625 1130.6666259765625
v -220.49954223632812 -207.49954223632812 1130.6666259765625
v -220.49954223632812 -457.49957275390625 1130.6666259765625
v -184.49957275390625 -207.49954223632812 1130.6666259765625
v -184.49957275390625 -457.49957275390625 1106.0
v -184.49957275390625 -207.49954223632812 1130.6666259765625
v -184.49957275390625 -457.49957275390625 1130.6666259765625
v -184.49957275390625 -207.49954223632812 1106.0
v -148.4996337890625 -457.49957275390625 1106.0
v -184.49957275390625 -207.49954223632812 1106.0
v -184.49957275390625 -457.49957275390625 1106.0
v -148.4996337890625 -207.49954223632812 1106.0
v -148.4996337890625 -457.49957275390625 1081.3333740234375
v -148.4996337890625 -207.49954223632812 1106.0
v -148.4996337890625 -457.49957275390625 1106.0
v -148.4996337890625 -207.49954223632812 1081.3333740234375
v -112.49966430664062 -457.49957275390625 1081.3333740234375
v -148.4996337890625 -207.49954223632812 1081.3333740234375
v -148.4996337890625 -457.49957275390625 1081.3333740234375
v -112.49966430664062 -207.49954223632812 1081.3333740234375
v -112.49966430664062 -457.49957275390625 1056.6666259765625
v -112.49966430664062 -207.49954223632812 1081.3333740234375
v -112.49966430664062 -457.49957275390625 1081.3333740234375
v -112.49966430664062 -207.49954223632812 1056.6666259765625
v -76.49969482421875 -457.49951171875 1056.6666259765625
v -112.49966430664062 -207.49954223632812 1056.6666259765625
v -112.49966430664062 -457.49957275390625 1056.6666259765625
v -76.49969482421875 -207.49954223632812 1056.6666259765625
v -76.49969482421875 -457.49951171875 1032.0
v -76.49969482421875 -207.49954223632812 1056.6666259765625
v -76.49969482421875 -457.49951171875 1056.6666259765625
v -76.49969482421875 -207.49954223632812 1032.0
v -40.499725341796875 -457.49951171875 1032.0
v -76.49969482421875 -207.49954223632812 1032.0
v -76.49969482421875 -457.49951171875 1032.0
v -40.499755859375 -207.49954223632812 1032.0
v -40.499725341796875 -457.49951171875 1007.3334350585938
v -40.499755859375 -207.49954223632812 1032.0
v -40.499725341796875 -457.49951171875 1032.0
v -40.499755859375 -207.49954223632812 1007.3333740234375
v -4.499755859375 -457.49951171875 1007.3334350585938
v -40.499755859375 -207.49954223632812 1007.3333740234375
v -40.499725341796875 -457.49951171875 1007.3334350585938
v -4.4997711181640625 -207.49954223632812 1007.3333740234375
v -4.499755859375 -457.49951171875 982.666748046875
v -4.4997711181640625 -207.49954223632812 1007.3333740234375
v -4.499755859375 -457.49951171875 1007.3334350585938
v -4.4997711181640625 -207.49954223632812 982.6666870117188
v 31.500213623046875 -457.49951171875 982.666748046875
v -4.4997711181640625 -207.49954223632812 982.6666870117188
v -4.499755859375 -457.49951171875 982.666748046875
v 31.500198364257812 -207.49954223632812 982.6666870117188
v 31.500213623046875 -457.49951171875 958.0000610351562
v 31.500198364257812 -207.49954223632812 982.6666870117188
v 31.500213623046875 -457.49951171875 982.666748046875
v 31.500213623046875 -207.49954223632812 958.0
v 67.5001220703125 -457.49951171875 958.0000610351562
v 31.500213623046875 -207.49954223632812 958.0
v 31.500213623046875 -457.49951171875 958.0000610351562
v 67.50015258789062 -207.49954223632812 958.0
v 67.5001220703125 -457.49951171875 933.3334350585938
v 67.50015258789062 -207.49954223632812 958.0
v 67.5001220703125 -457.49951171875 958.0000610351562
v 67.50015258789062 -207.49954223632812 933.3333740234375
v 103.5001220703125 -457.49951171875 933.3334350585938
v 67.50015258789062 -207.49954223632812 933.3333740234375
v 67.5001220703125 -457.49951171875 933.3334350585938
v 103.5001220703125 -207.49954223632812 933.3333740234375
v 103.5001220703125 -457.49951171875 908.666748046875
v 103.5001220703125 -207.49954223632812 933.3333740234375
v 103.5001220703125 -457.49951171875 933.3334350585938
v 103.5001220703125 -207.49954223632812 908.6666870117188
v 139.50006103515625 -457.49951171875 908.666748046875
v 103.5001220703125 -207.49954223632812 908.6666870117188
v 103.5001220703125 -457.49951171875 908.666748046875
v 139.50006103515625 -207.49954223632812 908.6666870117188
v 139.50006103515625 -457.49951171875 884.0000610351562
v 139.50006103515625 -207.49954223632812 908.6666870117188
v 139.50006103515625 -457.49951171875 908.666748046875
v 139.50006103515625 -207.49954223632812 884.0
v 175.50003051757812 -457.49951171875 884.0000610351562
v 139.50006103515625 -207.49954223632812 884.0
v 139.50006103515625 -457.49951171875 884.0000610351562
v 175.50001525878906 -207.49954223632812 884.0
v 175.50003051757812 -457.49957275390625 859.33349609375
v 175.50001525878906 -207.49954223632812 884.0
v 175.50003051757812 -457.49951171875 884.0000610351562
v 175.50001525878906 -207.49954223632812 859.3334350585938
v 211.5 -457.49957275390625 859.33349609375
v 175.50001525878906 -207.49954223632812 859.3334350585938
v 175.50003051757812 -457.49957275390625 859.33349609375
v 211.49998474121094 -207.49954223632812 859.3334350585938
v 211.5 -457.49957275390625 834.6668090820312
v 211.49998474121094 -207.49954223632812 859.3334350585938
v 211.5 -457.49957275390625 859.33349609375
v 211.49998474121094 -207.49954223632812 834.666748046875
v 247.49996948242188 -457.49957275390625 834.6668090820312
v 211.49998474121094 -207.49954223632812 834.666748046875
v 211.5 -457.49957275390625 834.6668090820312
v 247.4999542236328 -207.49954223632812 834.666748046875
v 247.49996948242188 -457.49957275390625 810.0001220703125
v 247.4999542236328 -207.49954223632812 834.666748046875
v 247.49996948242188 -457.49957275390625 834.6668090820312
v 247.4999542236328 -207.49954223632812 810.0000610351562
v 247.49996948242188 -457.49957275390625 760.0001220703125
v -292.4994812011719 -457.49957275390625 1129.9998779296875
v -292.4994812011719 -207.49954223632812 1129.9998779296875
v 247.4999542236328 -207.49954223632812 760.0000610351562
v 247.49996948242188 -457.49957275390625 810.0001220703125
v 247.49996948242188 -457.49957275390625 834.6668090820312
v 211.5 -457.49957275390625 834.6668090820312
v 211.5 -457.49957275390625 859.33349609375
v 175.50003051757812 -457.49957275390625 859.33349609375
v 175.50003051757812 -457.49951171875 884.0000610351562
v 139.50006103515625 -457.49951171875 884.0000610351562
v 139.50006103515625 -457.49951171875 908.666748046875
v 103.5001220703125 -457.49951171875 908.666748046875
v 103.5001220703125 -457.49951171875 933.3334350585938
v 67.5001220703125 -457.49951171875 933.3334350585938
v 67.5001220703125 -457.49951171875 958.0000610351562
v 31.500213623046875 -457.49951171875 958.0000610351562
v 31.500213623046875 -457.49951171875 982.666748046875
v -4.499755859375 -457.49951171875 982.666748046875
v -4.499755859375 -457.49951171875 1007.3334350585938
v -40.499725341796875 -457.49951171875 1007.3334350585938
v -40.499725341796875 -457.49951171875 1032.0
v -76.49969482421875 -457.49951171875 1032.0
v -76.49969482421875 -457.49951171875 1056.6666259765625
v -112.49966430664062 -457.49957275390625 1056.6666259765625
v -112.49966430664062 -457.49957275390625 1081.3333740234375
v -148.4996337890625 -457.49957275390625 1081.3333740234375
v -148.4996337890625 -457.49957275390625 1106.0
v -184.49957275390625 -457.49957275390625 1106.0
v -184.49957275390625 -457.49957275390625 1130.6666259765625
v -220.49954223632812 -457.49957275390625 1130.6666259765625
v -292.4994812011719 -457.49957275390625 1129.9998779296875
v -220.49954223632812 -457.49957275390625 1155.3333740234375
v -256.49951171875 -457.49957275390625 1155.3333740234375
v -256.49951171875 -457.49957275390625 1179.9998779296875
v -292.4994812011719 -457.49957275390625 1179.9998779296875
v 247.49996948242188 -457.49957275390625 760.0001220703125
v -184.49957275390625 -207.49954223632812 1106.0
v -148.4996337890625 -207.49954223632812 1106.0
v -148.4996337890625 -207.49954223632812 1081.3333740234375
v -112.49966430664062 -207.49954223632812 1081.3333740234375
v -112.49966430664062 -207.49954223632812 1056.6666259765625
v -76.49969482421875 -207.49954223632812 1056.6666259765625
v -76.49969482421875 -207.49954223632812 1032.0
v -40.499755859375 -207.49954223632812 1032.0
v -40.499755859375 -207.49954223632812 1007.3333740234375
v -4.4997711181640625 -207.49954223632812 1007.3333740234375
v -4.4997711181640625 -207.49954223632812 982.6666870117188
v 31.500198364257812 -207.49954223632812 982.6666870117188
v 31.500213623046875 -207.49954223632812 958.0
v 67.50015258789062 -207.49954223632812 958.0
v 67.50015258789062 -207.49954223632812 933.3333740234375
v 103.5001220703125 -207.49954223632812 933.3333740234375
v 103.5001220703125 -207.49954223632812 908.6666870117188
v 139.50006103515625 -207.49954223632812 908.6666870117188
v 139.50006103515625 -207.49954223632812 884.0
v 175.50001525878906 -207.49954223632812 884.0
v 175.50001525878906 -207.49954223632812 859.3334350585938
v 211.49998474121094 -207.49954223632812 859.3334350585938
v 211.49998474121094 -207.49954223632812 834.666748046875
v 247.4999542236328 -207.49954223632812 834.666748046875
v 247.4999542236328 -207.49954223632812 810.0000610351562
v -292.4994812011719 -207.49954223632812 1129.9998779296875
v 247.4999542236328 -207.49954223632812 760.0000610351562
v -292.4994812011719 -207.49954223632812 1179.9998779296875
v -256.49951171875 -207.49954223632812 1179.9998779296875
v -256.49951171875 -207.49954223632812 1155.3333740234375
v -220.49957275390625 -207.49954223632812 1155.3333740234375
v -220.49954223632812 -207.49954223632812 1130.6666259765625
v -184.49957275390625 -207.49954223632812 1130.6666259765625
v 247.4999542236328 -207.49954223632812 760.0000610351562
v 247.49996948242188 -457.49957275390625 760.0001220703125
v -292.4994812011719 -207.49954223632812 1179.9998779296875
v -292.4994812011719 -457.49957275390625 1129.9998779296875
v -292.4994812011719 -457.49957275390625 1179.9998779296875
v -292.4994812011719 -207.49954223632812 1129.9998779296875
v -292.5002746582031 -457.499755859375 1179.9998779296875
v -292.5002746582031 452.50091552734375 1179.9998779296875
v -617.500244140625 -457.499755859375 1179.9998779296875
v -617.500244140625 452.5008544921875 1179.9998779296875
v 607.50048828125 -457.49945068359375 1479.9998779296875
v 617.501220703125 -457.50244140625 1479.9998779296875
v 607.50048828125 -457.49945068359375 1499.9998779296875
v 617.501220703125 -457.50244140625 1499.9998779296875
v 617.501220703125 -457.50244140625 1479.9998779296875
v 617.5010986328125 172.74351501464844 1479.9998779296875
v 617.501220703125 -457.50244140625 1499.9998779296875
v 617.5010986328125 172.74351501464844 1499.9998779296875
v 617.5010986328125 172.74354553222656 1479.9998779296875
v 607.50048828125 172.74354553222656 1479.9998779296875
v 617.5010986328125 172.74354553222656 1499.9998779296875
v 607.50048828125 172.74354553222656 1499.9998779296875
v 607.50048828125 172.74354553222656 1479.9998779296875
v 607.50048828125 -457.49945068359375 1479.9998779296875
v 607.50048828125 172.74354553222656 1499.9998779296875
v 607.50048828125 -457.49945068359375 1499.9998779296875
v 617.501220703125 -457.50244140625 1479.9998779296875
v 607.50048828125 -457.49945068359375 1479.9998779296875
v 617.5010986328125 172.74354553222656 1479.9998779296875
v 607.50048828125 172.74354553222656 1479.9998779296875
v 617.501220703125 -457.50244140625 1499.9998779296875
v 617.5010986328125 172.74354553222656 1499.9998779296875
v 607.50048828125 -457.49945068359375 1499.9998779296875
v 607.50048828125 172.74354553222656 1499.9998779296875
v 617.5003051757812 452.50091552734375 1129.9998779296875
v 292.50030517578125 452.50091552734375 1129.9998779296875
v 617.5003051757812 452.50091552734375 1179.9998779296875
v 292.50030517578125 452.50091552734375 1179.9998779296875
v 292.50030517578125 452.50091552734375 1129.9998779296875
v 292.5003356933594 -457.499755859375 1129.9998779296875
v 292.50030517578125 452.50091552734375 1179.9998779296875
v 292.5003356933594 -457.499755859375 1179.9998779296875
v 292.5003356933594 -457.499755859375 1129.9998779296875
v 617.5003662109375 -457.49969482421875 1129.9998779296875
v 292.5003356933594 -457.499755859375 1179.9998779296875
v 617.5003662109375 -457.49969482421875 1179.9998779296875
v 617.5003662109375 -457.49969482421875 1129.9998779296875
v 617.5003051757812 452.50091552734375 1129.9998779296875
v 617.5003662109375 -457.49969482421875 1179.9998779296875
v 617.5003051757812 452.50091552734375 1179.9998779296875
v 292.50030517578125 452.50091552734375 1129.9998779296875
v 617.5003051757812 452.50091552734375 1129.9998779296875
v 292.5003356933594 -457.499755859375 1129.9998779296875
v 617.5003662109375 -457.49969482421875 1129.9998779296875
v 292.50030517578125 452.50091552734375 1179.9998779296875
v 292.5003356933594 -457.499755859375 1179.9998779296875
v 617.5003051757812 452.50091552734375 1179.9998779296875
v 617.5003662109375 -457.49969482421875 1179.9998779296875
v 292.5023193359375 -207.50120544433594 1129.9998779296875
v 292.502197265625 452.49945068359375 1129.9998779296875
v 292.5023193359375 -207.50119018554688 1179.9998779296875
v 292.502197265625 452.49945068359375 1179.9998779296875
v 292.502197265625 452.49945068359375 1129.9998779296875
v -292.4983825683594 452.49945068359375 1129.9998779296875
v 292.502197265625 452.49945068359375 1179.9998779296875
v -292.4983825683594 452.49945068359375 1179.9998779296875
v -292.4983825683594 452.49945068359375 1129.9998779296875
v -292.4982604980469 -207.501220703125 1129.9998779296875
v -292.4983825683594 452.49945068359375 1179.9998779296875
v -292.4982604980469 -207.50120544433594 1179.9998779296875
v -292.4982604980469 -207.501220703125 1129.9998779296875
v 292.5023498535156 -207.50120544433594 1129.9998779296875
v -292.4982604980469 -207.501220703125 1179.9998779296875
v 292.5023498535156 -207.50119018554688 1179.9998779296875
v 292.502197265625 452.49945068359375 1129.9998779296875
v 292.5023193359375 -207.50120544433594 1129.9998779296875
v -292.4983825683594 452.49945068359375 1129.9998779296875
v -292.4982604980469 -207.501220703125 1129.9998779296875
v 292.502197265625 452.49945068359375 1179.9998779296875
v -292.4983825683594 452.49945068359375 1179.9998779296875
v 292.5023193359375 -207.50119018554688 1179.9998779296875
v -292.4982604980469 -207.501220703125 1179.9998779296875
v -617.49951171875 -457.49951171875 1550.0
v 617.500244140625 -457.4996337890625 1550.0
v -617.49951171875 -457.49951171875 1580.0
v 617.500244140625 -457.4996337890625 1580.0
v 617.500244140625 -457.4996337890625 1550.0
v 617.500244140625 452.50091552734375 1550.0
v 617.500244140625 -457.4996337890625 1580.0
v 617.500244140625 452.50091552734375 1580.0
v 617.500244140625 452.50091552734375 1550.0
v 292.50030517578125 452.50091552734375 1550.0
v 617.500244140625 452.50091552734375 1580.0
v 292.50030517578125 452.50091552734375 1580.0
v 292.5002746582031 452.50091552734375 1550.0
v 292.5009765625 172.50242614746094 1550.0
v 292.5002746582031 452.50091552734375 1580.0
v 292.5009765625 172.50245666503906 1580.0
v 292.5009765625 172.50242614746094 1550.0
v -307.4989318847656 173.0332489013672 1550.0
v 292.5009765625 172.50245666503906 1580.0
v -307.4989318847656 173.0332794189453 1580.0
v -307.4989929199219 173.0332489013672 1550.0
v -307.4990539550781 452.5010986328125 1550.0
v -307.4989929199219 173.0332794189453 1580.0
v -307.4990539550781 452.5010986328125 1580.0
v -307.4990539550781 452.5010986328125 1550.0
v -617.4996337890625 452.72991943359375 1550.0
v -307.4990539550781 452.5010986328125 1580.0
v -617.4996337890625 452.72991943359375 1580.0
v -617.4996337890625 452.72991943359375 1550.0
v -617.49951171875 -457.49932861328125 1550.0
v -617.4996337890625 452.72991943359375 1580.0
v -617.49951171875 -457.49932861328125 1580.0
v 617.500244140625 -457.4996337890625 1550.0
v 292.5009765625 172.50242614746094 1550.0
v 617.500244140625 452.50091552734375 1550.0
v -307.4989929199219 173.0332489013672 1550.0
v -617.49951171875 -457.49951171875 1550.0
v -307.4990539550781 452.5010986328125 1550.0
v 292.5002746582031 452.50091552734375 1550.0
v -617.4996337890625 452.72991943359375 1550.0
v 617.500244140625 -457.4996337890625 1580.0
v 617.500244140625 452.50091552734375 1580.0
v 292.5009765625 172.50245666503906 1580.0
v -307.4989929199219 173.0332794189453 1580.0
v -307.4990539550781 452.5010986328125 1580.0
v -617.49951171875 -457.49951171875 1580.0
v 292.5002746582031 452.50091552734375 1580.0
v -617.4996337890625 452.72991943359375 1580.0
v 197.50210571289062 17.500289916992188 1125.0
v 197.4827117919922 -172.50047302246094 1125.0
v 197.50210571289062 17.500289916992188 1130.0
v 197.4827117919922 -172.50047302246094 1130.0
v 197.4827117919922 -172.50050354003906 1125.0
v 202.48150634765625 -172.50050354003906 1125.0
v 197.4827117919922 -172.50050354003906 1130.0
v 202.48150634765625 -172.50050354003906 1130.0
v 202.48150634765625 -172.50050354003906 1125.0
v 202.50401306152344 17.500267028808594 1125.0
v 202.48150634765625 -172.50050354003906 1130.0
v 202.50401306152344 17.500267028808594 1130.0
v 202.50401306152344 17.500289916992188 1125.0
v 197.50210571289062 17.500289916992188 1125.0
v 202.50401306152344 17.500289916992188 1130.0
v 197.50210571289062 17.500289916992188 1130.0
v 197.50210571289062 17.500289916992188 1125.0
v 202.48150634765625 -172.50050354003906 1125.0
v 197.4827117919922 -172.50050354003906 1125.0
v 202.50401306152344 17.500289916992188 1125.0
v 197.50210571289062 17.500289916992188 1130.0
v 197.4827117919922 -172.50050354003906 1130.0
v 202.48150634765625 -172.50050354003906 1130.0
v 202.50401306152344 17.500289916992188 1130.0
v 197.50210571289062 252.5009002685547 1125.0
v 197.4838104248047 27.500900268554688 1125.0
v 197.50210571289062 252.5009002685547 1130.0
v 197.4838104248047 27.500900268554688 1130.0
v 197.4838104248047 27.500900268554688 1125.0
v 202.48260498046875 27.500900268554688 1125.0
v 197.4838104248047 27.500900268554688 1130.0
v 202.48260498046875 27.500900268554688 1130.0
v 202.48260498046875 27.500900268554688 1125.0
v 202.50399780273438 252.5009002685547 1125.0
v 202.48260498046875 27.500900268554688 1130.0
v 202.50399780273438 252.5009002685547 1130.0
v 202.50399780273438 252.5009002685547 1125.0
v 197.50210571289062 252.5009002685547 1125.0
v 202.50399780273438 252.5009002685547 1130.0
v 197.50210571289062 252.5009002685547 1130.0
v 197.50210571289062 252.5009002685547 1125.0
v 202.48260498046875 27.500900268554688 1125.0
v 197.4838104248047 27.500900268554688 1125.0
v 202.50399780273438 252.5009002685547 1125.0
v 197.50210571289062 252.5009002685547 1130.0
v 197.4838104248047 27.500900268554688 1130.0
v 202.48260498046875 27.500900268554688 1130.0
v 202.50399780273438 252.5009002685547 1130.0
v 197.50209045410156 447.4991455078125 1125.0
v 197.48379516601562 262.50146484375 1125.0
v 197.50209045410156 447.4991455078125 1130.0
v 197.48379516601562 262.50146484375 1130.0
v 197.48379516601562 262.50146484375 1125.0
v 202.48260498046875 262.50146484375 1125.0
v 197.48379516601562 262.50146484375 1130.0
v 202.48260498046875 262.50146484375 1130.0
v 202.48260498046875 262.50146484375 1125.0
v 202.50399780273438 447.4991455078125 1125.0
v 202.48260498046875 262.50146484375 1130.0
v 202.50399780273438 447.4991455078125 1130.0
v 202.50399780273438 447.4991455078125 1125.0
v 197.50209045410156 447.4991455078125 1125.0
v 202.50399780273438 447.4991455078125 1130.0
v 197.50209045410156 447.4991455078125 1130.0
v 197.50209045410156 447.4991455078125 1125.0
v 202.48260498046875 262.50146484375 1125.0
v 197.48379516601562 262.50146484375 1125.0
v 202.50399780273438 447.4991455078125 1125.0
v 197.50209045410156 447.4991455078125 1130.0
v 197.48379516601562 262.50146484375 1130.0
v 202.48260498046875 262.50146484375 1130.0
v 202.50399780273438 447.4991455078125 1130.0
v -657.4996337890625 -497.4990234375 1979.9998779296875
v 662.5015869140625 -497.49896240234375 1979.9998779296875
v -657.4996337890625 -497.4990234375 2029.9998779296875
v 662.5015869140625 -497.49896240234375 2029.9998779296875
v 662.5015869140625 -497.49896240234375 1979.9998779296875
v 662.5015869140625 492.37811279296875 1979.9998779296875
v 662.5015869140625 -497.49896240234375 2029.9998779296875
v 662.5015869140625 492.37811279296875 2029.9998779296875
v 662.5015869140625 492.3782958984375 1979.9998779296875
v -657.499755859375 492.37823486328125 1979.9998779296875
v 662.5015869140625 492.3782958984375 2029.9998779296875
v -657.499755859375 492.37823486328125 2029.9998779296875
v -657.499755859375 492.37823486328125 1979.9998779296875
v -657.4996337890625 -497.4989013671875 1979.9998779296875
v -657.499755859375 492.37823486328125 2029.9998779296875
v -657.4996337890625 -497.4989013671875 2029.9998779296875
v -657.4996337890625 -497.4990234375 1979.9998779296875
v 662.5015869140625 492.3782958984375 1979.9998779296875
v 662.5015869140625 -497.49896240234375 1979.9998779296875
v -657.499755859375 492.37823486328125 1979.9998779296875
v -657.4996337890625 -497.4990234375 2029.9998779296875
v 662.5015869140625 -497.49896240234375 2029.9998779296875
v 662.5015869140625 492.3782958984375 2029.9998779296875
v -657.499755859375 492.37823486328125 2029.9998779296875
v -667.500244140625 -502.5009765625 2000.0
v 667.5003662109375 -502.50091552734375 2000.0
v -667.500244140625 -502.5009765625 2050.0
v 667.5003662109375 -502.50091552734375 2050.0
v 667.500244140625 -502.50091552734375 2000.0
v 667.500244140625 502.500732421875 2000.0
v 667.500244140625 -502.50091552734375 2050.0
v 667.500244140625 502.500732421875 2050.0
v 667.500244140625 502.5009765625 2000.0
v -667.5003662109375 502.50091552734375 2000.0
v 667.500244140625 502.5009765625 2050.0
v -667.5003662109375 502.50091552734375 2050.0
v -667.5003662109375 502.50091552734375 2000.0
v -667.500244140625 -502.500732421875 2000.0
v -667.5003662109375 502.50091552734375 2050.0
v -667.500244140625 -502.500732421875 2050.0
v 662.5015869140625 497.49908447265625 2000.0
v 662.5015869140625 -497.49896240234375 2000.0
v 662.5015869140625 497.49908447265625 2050.0
v 662.5015869140625 -497.49896240234375 2050.0
v 662.5015869140625 -497.49896240234375 2000.0
v -662.4984130859375 -497.4990234375 2000.0
v 662.5015869140625 -497.49896240234375 2050.0
v -662.4984130859375 -497.4990234375 2050.0
v -662.4984130859375 -497.4990234375 2000.0
v -662.49853515625 497.50213623046875 2000.0
v -662.4984130859375 -497.4990234375 2050.0
v -662.49853515625 497.50213623046875 2050.0
v -662.49853515625 497.50213623046875 2000.0
v 662.50146484375 497.49908447265625 2000.0
v -662.49853515625 497.50213623046875 2050.0
v 662.50146484375 497.49908447265625 2050.0
v 667.500244140625 -502.50091552734375 2000.0
v 662.5015869140625 -497.49896240234375 2000.0
v 667.500244140625 502.5009765625 2000.0
v -662.4984130859375 -497.4990234375 2000.0
v -667.500244140625 -502.5009765625 2000.0
v -662.49853515625 497.50213623046875 2000.0
v -667.5003662109375 502.50091552734375 2000.0
v 662.5015869140625 497.49908447265625 2000.0
v 667.500244140625 -502.50091552734375 2050.0
v 667.500244140625 502.5009765625 2050.0
v 662.5015869140625 -497.49896240234375 2050.0
v -662.4984130859375 -497.4990234375 2050.0
v -662.49853515625 497.50213623046875 2050.0
v -667.500244140625 -502.5009765625 2050.0
v -667.5003662109375 502.50091552734375 2050.0
v 662.5015869140625 497.49908447265625 2050.0
v 647.225341796875 -487.62030029296875 1180.0001220703125
v 647.2252197265625 -147.49888610839844 1180.0001220703125
v 647.225341796875 -487.6202392578125 1480.0001220703125
v 647.2252197265625 -147.4988555908203 1480.0001220703125
v 647.2252197265625 -147.49888610839844 1180.0001220703125
v 617.2263793945312 -147.49888610839844 1180.0001220703125
v 647.2252197265625 -147.4988555908203 1480.0001220703125
v 617.2263793945312 -147.4988555908203 1480.0001220703125
v 617.2263793945312 -147.49888610839844 1180.0001220703125
v 617.2265625 -457.61846923828125 1180.0001220703125
v 617.2263793945312 -147.4988555908203 1480.0001220703125
v 617.2265014648438 -457.61846923828125 1480.0001220703125
v 647.225341796875 -487.6202392578125 1480.0001220703125
v 647.2252197265625 -147.4988555908203 1480.0001220703125
v 617.2265014648438 -457.61846923828125 1480.0001220703125
v 617.2263793945312 -147.4988555908203 1480.0001220703125
v 647.2275390625 482.38055419921875 810.0001831054688
v -647.505126953125 482.3804931640625 810.0001220703125
v 647.2274780273438 482.380615234375 1670.000244140625
v -647.5052490234375 482.38055419921875 1670.000244140625
v -617.50634765625 452.37872314453125 810.0001220703125
v 640.5777587890625 452.3787841796875 810.0001831054688
v -617.5064697265625 452.3787841796875 1670.000244140625
v 640.5776977539062 452.37884521484375 1670.000244140625
v -647.5052490234375 482.38055419921875 1670.000244140625
v -617.5064697265625 452.3787841796875 1670.000244140625
v 640.5776977539062 452.37884521484375 1670.000244140625
v 647.2274780273438 482.380615234375 1670.000244140625
v 647.2274169921875 482.38067626953125 1900.000244140625
v -647.5052490234375 482.380615234375 1900.000244140625
v 647.2274169921875 482.38067626953125 1980.0001220703125
v -647.5052490234375 482.380615234375 1980.0001220703125
v -617.5064697265625 452.37884521484375 1900.000244140625
v 617.500244140625 452.37890625 1900.000244140625
v -617.5064697265625 452.37884521484375 1980.0001220703125
v 617.500244140625 452.37890625 1980.0001220703125
v -647.5052490234375 482.380615234375 1980.0001220703125
v -617.5064697265625 452.37884521484375 1980.0001220703125
v 617.500244140625 452.37890625 1980.0001220703125
v 647.2274169921875 482.38067626953125 1980.0001220703125
v -647.505126953125 482.380615234375 1900.000244140625
v -647.5050048828125 -487.61749267578125 1900.000244140625
v -647.505126953125 482.380615234375 1980.0001220703125
v -647.5050048828125 -487.61749267578125 1980.0001220703125
v -617.50634765625 -457.61871337890625 1900.000244140625
v -617.5064697265625 452.37884521484375 1900.000244140625
v -617.50634765625 -457.61871337890625 1980.0001220703125
v -617.5064697265625 452.37884521484375 1980.0001220703125
v -647.505126953125 482.380615234375 1980.0001220703125
v -647.5050048828125 -487.61749267578125 1980.0001220703125
v -617.50634765625 -457.61871337890625 1980.0001220703125
v -647.5050048828125 -487.61749267578125 1670.0001220703125
v -352.7754821777344 -487.61749267578125 1670.0001220703125
v -647.5050048828125 -487.61749267578125 1900.0
v -352.7754821777344 -487.61749267578125 1900.0
v -352.7754821777344 -487.61749267578125 1670.0001220703125
v -352.7754821777344 -457.6187744140625 1670.0001220703125
v -352.7754821777344 -487.61749267578125 1900.0
v -352.7754821777344 -457.6187744140625 1900.0
v -352.7754821777344 -457.6187744140625 1670.0001220703125
v -617.50634765625 -457.6187744140625 1670.0001220703125
v -352.7754821777344 -457.6187744140625 1900.0
v -617.50634765625 -457.6187744140625 1900.0
v 647.2275390625 -487.617431640625 1900.0
v -647.5050048828125 -487.617431640625 1979.9998779296875
v 647.2275390625 -487.61737060546875 1979.9998779296875
v 640.57763671875 -457.61871337890625 1900.0
v 640.57763671875 -457.61871337890625 1979.9998779296875
v -617.50634765625 -457.6187744140625 1979.9998779296875
v 640.57763671875 -457.61871337890625 1979.9998779296875
v -617.50634765625 -457.6187744140625 1979.9998779296875
v -647.5050048828125 -487.617431640625 1979.9998779296875
v 647.2275390625 -487.61737060546875 1979.9998779296875
v 357.49969482421875 -457.6187744140625 1670.0001220703125
v 357.49969482421875 -487.617431640625 1670.0001220703125
v 357.49969482421875 -457.6187744140625 1900.0
v 357.49969482421875 -487.617431640625 1900.0
v 357.49969482421875 -487.617431640625 1670.0001220703125
v 647.2274169921875 -487.617431640625 1670.0001220703125
v 357.49969482421875 -487.617431640625 1900.0
v 617.500244140625 -457.61871337890625 1670.0001220703125
v 357.49969482421875 -457.6187744140625 1670.0001220703125
v 617.500244140625 -457.61871337890625 1900.0
v 357.49969482421875 -457.6187744140625 1900.0
v 357.49969482421875 -457.6187744140625 1900.0
v 357.49969482421875 -487.617431640625 1900.0
v 617.500244140625 -457.61871337890625 1900.0
v 647.2275390625 -487.617431640625 1900.0
v 307.4997253417969 -207.49972534179688 810.000244140625
v 307.4997253417969 -177.50094604492188 810.000244140625
v 307.4997253417969 -207.49969482421875 1130.000244140625
v 307.4997253417969 -177.50091552734375 1130.000244140625
v 307.4997253417969 -177.50094604492188 810.000244140625
v -617.5001220703125 -177.5009765625 810.0001831054688
v 307.4997253417969 -177.50091552734375 1130.0001220703125
v -617.5001220703125 -177.50094604492188 1130.0001220703125
v -617.500244140625 -177.5009765625 810.0001831054688
v -617.500244140625 -207.49977111816406 810.0001831054688
v -617.500244140625 -177.50094604492188 1130.000244140625
v -617.500244140625 -207.49974060058594 1130.000244140625
v -617.500244140625 -207.49977111816406 810.0001831054688
v 307.4995422363281 -207.49972534179688 810.000244140625
v -617.500244140625 -207.49974060058594 1130.0001220703125
v 307.49951171875 -207.49969482421875 1130.0001220703125
v -617.500244140625 -207.49974060058594 1130.000244140625
v 307.4997253417969 -207.49969482421875 1130.000244140625
v 307.4997253417969 -177.50091552734375 1130.000244140625
v -617.500244140625 -177.50094604492188 1130.000244140625
v 617.2263793945312 147.50230407714844 1180.0001220703125
v 647.2252197265625 147.50230407714844 1180.0001220703125
v 617.2263793945312 147.5023193359375 1480.0001220703125
v 647.2252197265625 147.5023193359375 1480.0001220703125
v 647.2252197265625 147.50230407714844 1180.0001220703125
v 647.2244873046875 482.377685546875 1180.0001220703125
v 647.2252197265625 147.5023193359375 1480.0001220703125
v 647.2244873046875 482.377685546875 1480.0001220703125
v 617.2257080078125 452.37884521484375 1180.0001220703125
v 617.2263793945312 147.50230407714844 1180.0001220703125
v 617.2257080078125 452.37884521484375 1480.0001220703125
v 617.2263793945312 147.5023193359375 1480.0001220703125
v 647.2252197265625 147.5023193359375 1480.0001220703125
v 647.2244873046875 482.377685546875 1480.0001220703125
v 617.2263793945312 147.5023193359375 1480.0001220703125
v 617.2257080078125 452.37884521484375 1480.0001220703125
v 647.225341796875 -487.49822998046875 1480.0001220703125
v 647.225341796875 -487.49822998046875 1670.0001220703125
v 647.2244873046875 482.377685546875 1670.0001220703125
v 617.2265014648438 -457.4993896484375 1480.0001220703125
v 617.2257080078125 452.37884521484375 1670.0001220703125
v 617.2265014648438 -457.4993896484375 1670.0001220703125
v 647.225341796875 -487.49822998046875 1670.0001220703125
v 647.2244873046875 482.377685546875 1670.0001220703125
v 617.2265014648438 -457.4993896484375 1670.0001220703125
v 617.2257080078125 452.37884521484375 1670.0001220703125
v 647.2244873046875 -288.0538330078125 1670.0001220703125
v 647.225341796875 -487.49822998046875 1900.0
v 647.2244873046875 -288.0538330078125 1900.0
v 647.2244873046875 -288.0538330078125 1670.0001220703125
v 617.2257080078125 -288.0538330078125 1670.0001220703125
v 647.2244873046875 -288.0538330078125 1900.0
v 617.2257080078125 -288.0538330078125 1900.0
v 617.2257080078125 -288.0538330078125 1670.0001220703125
v 617.2257080078125 -288.0538330078125 1900.0
v 617.2265014648438 -457.4993896484375 1900.0
v 647.2244873046875 482.37774658203125 1900.0
v 647.225341796875 -487.4981689453125 1979.9998779296875
v 647.2244873046875 482.37774658203125 1979.9998779296875
v 617.2256469726562 452.37890625 1900.0
v 617.2256469726562 452.37890625 1979.9998779296875
v 617.2265014648438 -457.49932861328125 1979.9998779296875
v 647.225341796875 -487.4981689453125 1979.9998779296875
v 647.2244873046875 482.37774658203125 1979.9998779296875
v 617.2265014648438 -457.4993896484375 1979.9998779296875
v 617.2256469726562 452.37890625 1979.9998779296875
v 617.2257080078125 281.9473876953125 1670.0001220703125
v 647.2244873046875 281.9473876953125 1670.0001220703125
v 617.2257080078125 281.9473876953125 1900.0
v 647.2244873046875 281.9473876953125 1900.0
v 647.2244873046875 281.9473876953125 1670.0001220703125
v 647.2244873046875 281.9473876953125 1900.0
v 617.2257080078125 281.9473876953125 1670.0001220703125
v 617.2257080078125 281.9473876953125 1900.0
v 647.2244873046875 281.9473876953125 1900.0
v 647.2244873046875 482.37774658203125 1900.0
v 617.2257080078125 281.9473876953125 1900.0
v 617.2256469726562 452.37890625 1900.0
v 292.50030517578125 172.50209045410156 1219.9998779296875
v 292.50030517578125 202.5009002685547 1219.9998779296875
v 292.50030517578125 172.5021514892578 1619.9998779296875
v 292.50030517578125 202.50096130371094 1619.9998779296875
v 292.50030517578125 202.5009002685547 1219.9998779296875
v -307.4996643066406 202.50086975097656 1219.9998779296875
v 292.50030517578125 202.50096130371094 1619.9998779296875
v 286.6266784667969 202.50096130371094 1619.999755859375
v -307.4996643066406 202.50086975097656 1219.9998779296875
v -307.4996643066406 172.50205993652344 1219.9998779296875
v 286.626708984375 202.50096130371094 1619.999755859375
v 286.626708984375 172.5021514892578 1619.999755859375
v -307.4996643066406 172.50205993652344 1219.9998779296875
v 292.5002136230469 172.50209045410156 1219.9998779296875
v 286.6266174316406 172.5021514892578 1619.999755859375
v 292.50018310546875 172.5021514892578 1619.9998779296875
v 286.6266784667969 172.5021514892578 1619.999755859375
v 292.50030517578125 172.5021514892578 1619.9998779296875
v 292.50030517578125 202.50096130371094 1619.9998779296875
v 286.6266784667969 202.50096130371094 1619.999755859375
v 617.5003051757812 172.5021209716797 1219.9998779296875
v 617.5003051757812 202.5009307861328 1219.9998779296875
v 617.500244140625 172.5021514892578 1549.9998779296875
v 617.500244140625 202.50096130371094 1549.9998779296875
v 617.5003051757812 202.5009307861328 1219.9998779296875
v 617.500244140625 202.50096130371094 1549.999755859375
v 292.50030517578125 202.5009307861328 1549.999755859375
v 292.50030517578125 202.5009002685547 1219.9998779296875
v 292.50030517578125 172.50209045410156 1219.9998779296875
v 292.50030517578125 202.5009307861328 1549.9998779296875
v 292.50030517578125 172.5021209716797 1549.9998779296875
v 292.50030517578125 172.50209045410156 1219.9998779296875
v 617.5003051757812 172.5021209716797 1219.9998779296875
v 292.50030517578125 172.5021209716797 1549.999755859375
v 617.500244140625 172.5021514892578 1549.999755859375
v 292.50030517578125 172.5021209716797 1549.9998779296875
v 617.500244140625 172.5021514892578 1549.9998779296875
v 617.500244140625 202.50096130371094 1549.9998779296875
v 292.50030517578125 202.5009307861328 1549.9998779296875
v 202.50091552734375 22.5020751953125 810.0000610351562
v 197.5021209716797 22.5020751953125 810.0000610351562
v 202.50091552734375 22.502105712890625 1135.0
v 197.50210571289062 22.502105712890625 1135.0
v 197.5021209716797 22.5020751953125 810.0000610351562
v 197.5021209716797 17.503265380859375 810.0000610351562
v 197.50210571289062 22.502105712890625 1135.0
v 197.50210571289062 17.5032958984375 1135.0
v 197.5021209716797 17.503265380859375 810.0000610351562
v 202.50091552734375 17.503265380859375 810.0000610351562
v 197.50210571289062 17.5032958984375 1135.0
v 202.50091552734375 17.5032958984375 1135.0
v 202.50091552734375 17.503265380859375 810.0000610351562
v 202.50091552734375 22.5020751953125 810.0000610351562
v 202.50091552734375 17.5032958984375 1135.0
v 202.50091552734375 22.502105712890625 1135.0
v 202.50091552734375 22.502105712890625 1135.0
v 197.50210571289062 22.502105712890625 1135.0
v 202.50091552734375 17.5032958984375 1135.0
v 197.50210571289062 17.5032958984375 1135.0
v 198.9365234375 17.500259399414062 825.0
v 198.91712951660156 -172.50051879882812 825.0
v 198.93650817871094 17.500289916992188 1125.0
v 198.9171142578125 -172.50048828125 1125.0
v 201.00453186035156 -172.5005340576172 825.0
v 201.0270233154297 17.500259399414062 825.0
v 201.0045166015625 -172.50050354003906 1125.0
v 201.02700805664062 17.500289916992188 1125.0
v 198.93650817871094 17.500289916992188 1125.0
v 198.9171142578125 -172.50050354003906 1125.0
v 201.0045166015625 -172.50050354003906 1125.0
v 201.02700805664062 17.500289916992188 1125.0
v 202.48153686523438 -172.5005340576172 810.0000610351562
v 197.48272705078125 -172.5005340576172 810.0000610351562
v 202.4815216064453 -172.50050354003906 1135.0
v 197.48272705078125 -172.50050354003906 1135.0
v 197.48272705078125 -172.5005340576172 810.0000610351562
v 197.48272705078125 -177.49932861328125 810.0000610351562
v 197.48272705078125 -172.50050354003906 1135.0
v 197.48272705078125 -177.49929809570312 1135.0
v 197.48272705078125 -177.49932861328125 810.0000610351562
v 202.48153686523438 -177.49932861328125 810.0000610351562
v 197.48272705078125 -177.49929809570312 1135.0
v 202.4815216064453 -177.49929809570312 1135.0
v 202.48153686523438 -177.49932861328125 810.0000610351562
v 202.48153686523438 -172.5005340576172 810.0000610351562
v 202.4815216064453 -177.49929809570312 1135.0
v 202.4815216064453 -172.50050354003906 1135.0
v 202.4815216064453 -172.50050354003906 1135.0
v 197.48272705078125 -172.50050354003906 1135.0
v 202.4815216064453 -177.49929809570312 1135.0
v 197.48272705078125 -177.49929809570312 1135.0
v 197.5021209716797 17.500259399414062 820.0000610351562
v 197.48272705078125 -172.50050354003906 820.0000610351562
v 197.5021209716797 17.500259399414062 825.0001220703125
v 197.48272705078125 -172.50050354003906 825.0001220703125
v 197.48272705078125 -172.5005340576172 820.0000610351562
v 202.4815216064453 -172.5005340576172 820.0000610351562
v 197.48272705078125 -172.5005340576172 825.0001220703125
v 202.4815216064453 -172.5005340576172 825.0001220703125
v 202.4815216064453 -172.5005340576172 820.0000610351562
v 202.5040283203125 17.50023651123047 820.0000610351562
v 202.4815216064453 -172.5005340576172 825.0001220703125
v 202.5040283203125 17.50023651123047 825.0001220703125
v 202.5040283203125 17.500259399414062 820.0000610351562
v 197.5021209716797 17.500259399414062 820.0000610351562
v 202.5040283203125 17.500259399414062 825.0001220703125
v 197.5021209716797 17.500259399414062 825.0001220703125
v 197.5021209716797 17.500259399414062 825.0001220703125
v 197.48272705078125 -172.5005340576172 825.0001220703125
v 202.4815216064453 -172.5005340576172 825.0001220703125
v 202.5040283203125 17.500259399414062 825.0001220703125
v 202.50091552734375 257.502685546875 810.0
v 197.50210571289062 257.502685546875 810.0
v 202.5009002685547 257.502685546875 1135.0
v 197.50210571289062 257.502685546875 1135.0
v 197.50210571289062 257.502685546875 810.0
v 197.50210571289062 252.50389099121094 810.0
v 197.50210571289062 257.502685546875 1135.0
v 197.50210571289062 252.50392150878906 1135.0
v 197.50210571289062 252.50389099121094 810.0
v 202.50091552734375 252.50389099121094 810.0
v 197.50210571289062 252.50392150878906 1135.0
v 202.5009002685547 252.50392150878906 1135.0
v 202.50091552734375 252.50389099121094 810.0
v 202.50091552734375 257.502685546875 810.0
v 202.5009002685547 252.50392150878906 1135.0
v 202.5009002685547 257.502685546875 1135.0
v 202.5009002685547 257.502685546875 1135.0
v 197.50210571289062 257.502685546875 1135.0
v 202.5009002685547 252.50392150878906 1135.0
v 197.50210571289062 252.50392150878906 1135.0
v 198.93650817871094 252.50086975097656 824.9999389648438
v 198.918212890625 27.500885009765625 825.0
v 198.93649291992188 252.5009002685547 1125.0
v 198.918212890625 27.500900268554688 1125.0
v 201.005615234375 27.500885009765625 825.0
v 201.02700805664062 252.50086975097656 824.9999389648438
v 201.005615234375 27.500900268554688 1125.0
v 201.02700805664062 252.5009002685547 1125.0
v 198.93649291992188 252.5009002685547 1125.0
v 198.918212890625 27.500900268554688 1125.0
v 201.005615234375 27.500900268554688 1125.0
v 201.02700805664062 252.5009002685547 1125.0
v 202.4826202392578 27.500885009765625 810.0000610351562
v 197.48382568359375 27.500885009765625 810.0000610351562
v 202.48260498046875 27.50091552734375 1135.0
v 197.4838104248047 27.50091552734375 1135.0
v 197.48382568359375 27.500885009765625 810.0000610351562
v 197.48382568359375 22.5020751953125 810.0000610351562
v 197.4838104248047 27.50091552734375 1135.0
v 197.4838104248047 22.502105712890625 1135.0
v 197.48382568359375 22.5020751953125 810.0000610351562
v 202.4826202392578 22.5020751953125 810.0000610351562
v 197.4838104248047 22.502105712890625 1135.0
v 202.48260498046875 22.502105712890625 1135.0
v 202.4826202392578 22.5020751953125 810.0000610351562
v 202.4826202392578 27.500885009765625 810.0000610351562
v 202.48260498046875 22.502105712890625 1135.0
v 202.48260498046875 27.50091552734375 1135.0
v 202.48260498046875 27.50091552734375 1135.0
v 197.4838104248047 27.50091552734375 1135.0
v 202.48260498046875 22.502105712890625 1135.0
v 197.4838104248047 22.502105712890625 1135.0
v 197.50210571289062 252.50086975097656 820.0
v 197.48382568359375 27.500885009765625 820.0000610351562
v 197.50210571289062 252.50086975097656 825.0000610351562
v 197.48382568359375 27.500885009765625 825.0001220703125
v 197.48382568359375 27.500885009765625 820.0000610351562
v 202.4826202392578 27.500885009765625 820.0000610351562
v 197.48382568359375 27.500885009765625 825.0001220703125
v 202.4826202392578 27.500885009765625 825.0001220703125
v 202.4826202392578 27.500885009765625 820.0000610351562
v 202.50401306152344 252.50086975097656 820.0
v 202.4826202392578 27.500885009765625 825.0001220703125
v 202.50401306152344 252.50086975097656 825.0000610351562
v 202.50401306152344 252.50086975097656 820.0
v 197.50210571289062 252.50086975097656 820.0
v 202.50401306152344 252.50086975097656 825.0000610351562
v 197.50210571289062 252.50086975097656 825.0000610351562
v 197.50210571289062 252.50086975097656 825.0000610351562
v 197.48382568359375 27.500885009765625 825.0001220703125
v 202.4826202392578 27.500885009765625 825.0001220703125
v 202.50401306152344 252.50086975097656 825.0000610351562
v 202.5009002685547 452.500732421875 810.0
v 197.50210571289062 452.500732421875 810.0
v 202.50088500976562 452.50079345703125 1135.0
v 197.50209045410156 452.50079345703125 1135.0
v 197.50210571289062 452.500732421875 810.0
v 197.50210571289062 447.5020751953125 810.0
v 197.50209045410156 452.50079345703125 1135.0
v 197.50209045410156 447.50213623046875 1135.0
v 197.50210571289062 447.5020751953125 810.0
v 202.5009002685547 447.5020751953125 810.0
v 197.50209045410156 447.50213623046875 1135.0
v 202.50088500976562 447.50213623046875 1135.0
v 202.5009002685547 447.5020751953125 810.0
v 202.5009002685547 452.500732421875 810.0
v 202.50088500976562 447.50213623046875 1135.0
v 202.50088500976562 452.50079345703125 1135.0
v 202.50088500976562 452.50079345703125 1135.0
v 197.50209045410156 452.50079345703125 1135.0
v 202.50088500976562 447.50213623046875 1135.0
v 197.50209045410156 447.50213623046875 1135.0
v 198.93649291992188 447.49908447265625 824.9999389648438
v 198.918212890625 262.50146484375 824.9999389648438
v 198.93649291992188 447.4991455078125 1125.0
v 198.91819763183594 262.50146484375 1125.0
v 201.005615234375 262.50146484375 824.9999389648438
v 201.02700805664062 447.49908447265625 824.9999389648438
v 201.00559997558594 262.50146484375 1125.0
v 201.02699279785156 447.4991455078125 1125.0
v 198.93649291992188 447.4991455078125 1125.0
v 198.91819763183594 262.50146484375 1125.0
v 201.00559997558594 262.50146484375 1125.0
v 201.02699279785156 447.4991455078125 1125.0
v 202.48260498046875 262.50146484375 810.0
v 197.4838104248047 262.50146484375 810.0
v 202.48260498046875 262.50146484375 1135.0
v 197.48379516601562 262.50146484375 1135.0
v 197.4838104248047 262.50146484375 810.0
v 197.4838104248047 257.502685546875 810.0
v 197.48379516601562 262.50146484375 1135.0
v 197.48379516601562 257.502685546875 1135.0
v 197.4838104248047 257.502685546875 810.0
v 202.48260498046875 257.502685546875 810.0
v 197.48379516601562 257.502685546875 1135.0
v 202.48260498046875 257.502685546875 1135.0
v 202.48260498046875 257.502685546875 810.0
v 202.48260498046875 262.50146484375 810.0
v 202.48260498046875 257.502685546875 1135.0
v 202.48260498046875 262.50146484375 1135.0
v 202.48260498046875 262.50146484375 1135.0
v 197.48379516601562 262.50146484375 1135.0
v 202.48260498046875 257.502685546875 1135.0
v 197.48379516601562 257.502685546875 1135.0
v 197.50210571289062 447.49908447265625 820.0
v 197.4838104248047 262.50146484375 820.0
v 197.50210571289062 447.49908447265625 825.0000610351562
v 197.4838104248047 262.50146484375 825.0000610351562
v 197.4838104248047 262.50146484375 820.0
v 202.48260498046875 262.50146484375 820.0
v 197.4838104248047 262.50146484375 825.0000610351562
v 202.48260498046875 262.50146484375 825.0000610351562
v 202.48260498046875 262.50146484375 820.0
v 202.50399780273438 447.49908447265625 820.0
v 202.48260498046875 262.50146484375 825.0000610351562
v 202.50399780273438 447.49908447265625 825.0000610351562
v 202.50399780273438 447.49908447265625 820.0
v 197.50210571289062 447.49908447265625 820.0
v 202.50399780273438 447.49908447265625 825.0000610351562
v 197.50210571289062 447.49908447265625 825.0000610351562
v 197.50210571289062 447.49908447265625 825.0000610351562
v 197.4838104248047 262.50146484375 825.0000610351562
v 202.48260498046875 262.50146484375 825.0000610351562
v 202.50399780273438 447.49908447265625 825.0000610351562
v 612.50244140625 -177.4976806640625 1180.0001220703125
v 617.5010986328125 -177.50067138671875 1180.0001220703125
v 612.50244140625 -177.49765014648438 1480.0001220703125
v 617.5010986328125 -177.5006561279297 1480.0001220703125
v 617.5010986328125 -177.50067138671875 1180.0001220703125
v 617.5010986328125 162.6208038330078 1180.0001220703125
v 617.5010986328125 -177.5006561279297 1480.0001220703125
v 617.5010986328125 162.62083435058594 1480.0001220703125
v 617.5010986328125 162.6208038330078 1180.0001220703125
v 612.5023193359375 162.6208038330078 1180.0001220703125
v 617.5010986328125 162.62083435058594 1480.0001220703125
v 612.5022583007812 162.62083435058594 1480.0001220703125
v 612.5023193359375 162.6208038330078 1180.0001220703125
v 612.50244140625 -177.4976806640625 1180.0001220703125
v 612.5022583007812 162.62083435058594 1480.0001220703125
v 612.50244140625 -177.49766540527344 1480.0001220703125
v 617.5010986328125 -177.5006561279297 1480.0001220703125
v 617.5010986328125 162.62083435058594 1480.0001220703125
v 612.50244140625 -177.49765014648438 1480.0001220703125
v 612.5022583007812 162.62083435058594 1480.0001220703125
v 292.5002746582031 202.50096130371094 1579.9998779296875
v 292.5002746582031 172.5021514892578 1579.9998779296875
v 292.5002746582031 202.50096130371094 1619.9998779296875
v 292.5002746582031 172.5021514892578 1619.9998779296875
v 292.5002746582031 172.5021514892578 1579.9998779296875
v -307.4997253417969 172.5021209716797 1579.9998779296875
v 292.5002746582031 172.5021514892578 1619.9998779296875
v -307.4997253417969 172.5021209716797 1619.9998779296875
v -307.4997253417969 172.5021209716797 1579.9998779296875
v -307.4997863769531 452.50091552734375 1579.9998779296875
v -307.4997253417969 172.5021209716797 1619.9998779296875
v -307.4997863769531 452.50091552734375 1619.9998779296875
v -307.4997863769531 452.50091552734375 1579.9998779296875
v -337.4985656738281 452.50091552734375 1579.9998779296875
v -307.4997863769531 452.50091552734375 1619.9998779296875
v -337.4985656738281 452.50091552734375 1619.9998779296875
v -337.4985656738281 452.50091552734375 1579.9998779296875
v -337.4985046386719 142.5001983642578 1579.9998779296875
v -337.4985656738281 452.50091552734375 1619.9998779296875
v -337.4985046386719 142.5001983642578 1619.9998779296875
v -337.4985046386719 142.5001983642578 1579.9998779296875
v 322.4990539550781 142.50035095214844 1579.9998779296875
v -337.4985046386719 142.5001983642578 1619.9998779296875
v 322.4990539550781 142.50035095214844 1619.9998779296875
v 322.49908447265625 142.50035095214844 1579.9998779296875
v 322.49908447265625 202.50096130371094 1579.9998779296875
v 322.49908447265625 142.50035095214844 1619.9998779296875
v 322.49908447265625 202.50096130371094 1619.9998779296875
v 322.49908447265625 202.50096130371094 1579.9998779296875
v 292.5002746582031 202.50096130371094 1579.9998779296875
v 322.49908447265625 202.50096130371094 1619.9998779296875
v 292.5002746582031 202.50096130371094 1619.9998779296875
v 322.49908447265625 202.50096130371094 1619.9998779296875
v 292.5002746582031 202.50096130371094 1619.9998779296875
v 292.5002746582031 172.5021514892578 1619.9998779296875
v -307.4997253417969 172.5021209716797 1619.9998779296875
v -307.4997863769531 452.50091552734375 1619.9998779296875
v -337.4985046386719 142.5001983642578 1619.9998779296875
v 322.49908447265625 142.50035095214844 1619.9998779296875
v -337.4985656738281 452.50091552734375 1619.9998779296875
v 617.5003051757812 452.37884521484375 1670.0001220703125
v -647.5052490234375 482.380615234375 1900.0
v -617.5064697265625 452.37884521484375 1900.0
v 617.500244140625 452.37890625 1900.0
v 647.2274169921875 482.38067626953125 1900.0
v -647.505126953125 482.38055419921875 1670.0001220703125
v -647.5050048828125 -487.61749267578125 1670.0001220703125
v -617.50634765625 -457.61871337890625 1670.0001220703125
v -617.5064697265625 452.3787841796875 1670.0001220703125
v -647.505126953125 482.380615234375 1900.0
v -647.5050048828125 -487.61749267578125 1900.0
v -617.50634765625 -457.61871337890625 1900.0
v 617.5003051757812 172.5021209716797 1179.9998779296875
v 617.5003051757812 202.5009307861328 1179.9998779296875
v 617.5003051757812 202.5009307861328 1179.9998779296875
v -307.4994812011719 202.50086975097656 1179.9998779296875
v -307.4994812011719 202.50086975097656 1219.9998779296875
v -307.4996643066406 202.50086975097656 1179.9998779296875
v -307.4996643066406 172.50205993652344 1179.9998779296875
v -307.4996643066406 202.50086975097656 1219.9998779296875
v -307.4996643066406 172.50205993652344 1219.9998779296875
v -307.4996643066406 172.50205993652344 1179.9998779296875
v 617.5001220703125 172.5021209716797 1179.9998779296875
v 617.5001220703125 172.5021209716797 1219.9998779296875
v -307.4996643066406 172.50205993652344 1219.9998779296875
v 617.5003051757812 172.5021209716797 1219.9998779296875
v 617.5003051757812 202.5009307861328 1219.9998779296875
v -307.4996643066406 202.50086975097656 1219.9998779296875
v 607.22509765625 -293.0526123046875 1900.000244140625
v 657.22509765625 -293.0526123046875 1900.000244140625
v 607.22509765625 -293.0526123046875 1905.0001220703125
v 657.22509765625 -293.0526123046875 1905.0001220703125
v 657.22509765625 -293.0526123046875 1900.000244140625
v 657.22509765625 286.9461669921875 1900.000244140625
v 657.22509765625 -293.0526123046875 1905.0001220703125
v 657.22509765625 286.9461669921875 1905.0001220703125
v 657.22509765625 286.9461669921875 1900.000244140625
v 607.22509765625 286.9461669921875 1900.000244140625
v 657.22509765625 286.9461669921875 1905.0001220703125
v 607.22509765625 286.9461669921875 1905.0001220703125
v 607.22509765625 286.9461669921875 1900.000244140625
v 607.22509765625 -293.0526123046875 1900.000244140625
v 607.22509765625 286.9461669921875 1905.0001220703125
v 607.22509765625 -293.0526123046875 1905.0001220703125
v 607.22509765625 -293.0526123046875 1900.000244140625
v 657.22509765625 286.9461669921875 1900.000244140625
v 657.22509765625 -293.0526123046875 1900.000244140625
v 607.22509765625 286.9461669921875 1900.000244140625
v 607.22509765625 -293.0526123046875 1905.0001220703125
v 657.22509765625 -293.0526123046875 1905.0001220703125
v 657.22509765625 286.9461669921875 1905.0001220703125
v 607.22509765625 286.9461669921875 1905.0001220703125
v 629.0238037109375 -278.05322265625 1840.8477783203125
v 634.025634765625 -278.05322265625 1840.8477783203125
v 634.025634765625 -264.5558166503906 1840.8477783203125
v 629.0238037109375 -264.5558166503906 1840.8477783203125
v 629.0238037109375 -278.05322265625 1788.8477783203125
v 634.025634765625 -278.05322265625 1788.8477783203125
v 634.0255737304688 -146.04331970214844 1788.8477783203125
v 629.0238037109375 -146.0433349609375 1788.8477783203125
v 629.0238037109375 -81.12483215332031 1738.8477783203125
v 634.0255737304688 -81.12483215332031 1738.8477783203125
v 634.0255737304688 -46.45623016357422 1738.8477783203125
v 629.0238037109375 -46.456233978271484 1738.8477783203125
v 629.0238037109375 -64.43402862548828 1787.2728271484375
v 634.0255737304688 -64.43402099609375 1787.2728271484375
v 634.0255737304688 -6.535331726074219 1787.2728271484375
v 629.0238037109375 -6.535331726074219 1787.2728271484375
v 647.2244873046875 -288.0538330078125 1905.0001220703125
v 652.2232666015625 -288.0538330078125 1905.0001220703125
v 647.2244873046875 -288.0538330078125 1980.0001220703125
v 652.2232666015625 -288.0538330078125 1980.0001220703125
v 652.2232666015625 -288.0538330078125 1905.0001220703125
v 652.2232666015625 281.9473876953125 1905.0001220703125
v 652.2232666015625 -288.0538330078125 1980.0001220703125
v 652.2232666015625 281.94744873046875 1980.0001220703125
v 652.2232666015625 281.9473876953125 1905.0001220703125
v 647.2244873046875 281.9473876953125 1905.0001220703125
v 652.2232666015625 281.94744873046875 1980.0001220703125
v 647.2244873046875 281.94744873046875 1980.0001220703125
v 647.2244873046875 281.9473876953125 1905.0001220703125
v 647.2244873046875 -288.0538330078125 1905.0001220703125
v 647.2244873046875 281.94744873046875 1980.0001220703125
v 647.2244873046875 -288.0538330078125 1980.0001220703125
v 647.2244873046875 -288.0538330078125 1905.0001220703125
v 652.2232666015625 281.9473876953125 1905.0001220703125
v 652.2232666015625 -288.0538330078125 1905.0001220703125
v 647.2244873046875 281.9473876953125 1905.0001220703125
v 647.2244873046875 -288.0538330078125 1980.0001220703125
v 652.2232666015625 -288.0538330078125 1980.0001220703125
v 652.2232666015625 281.94744873046875 1980.0001220703125
v 647.2244873046875 281.94744873046875 1980.0001220703125
v 629.0238037109375 -278.05322265625 1893.0240478515625
v 634.025634765625 -278.05322265625 1893.0240478515625
v 629.0238037109375 -278.05322265625 1895.024169921875
v 634.025634765625 -278.05322265625 1895.024169921875
v 634.025634765625 -278.05322265625 1893.0240478515625
v 634.0255737304688 271.94677734375 1893.0240478515625
v 634.025634765625 -278.05322265625 1895.024169921875
v 634.0255737304688 271.94677734375 1895.024169921875
v 634.0255737304688 271.94677734375 1893.0240478515625
v 629.0238037109375 271.94677734375 1893.0240478515625
v 634.0255737304688 271.94677734375 1895.024169921875
v 629.0238037109375 271.94677734375 1895.024169921875
v 629.0238037109375 271.94677734375 1893.0240478515625
v 629.0238037109375 -278.05322265625 1893.0240478515625
v 629.0238037109375 271.94677734375 1895.024169921875
v 629.0238037109375 -278.05322265625 1895.024169921875
v 629.0238037109375 -278.05322265625 1893.0240478515625
v 634.0255737304688 271.94677734375 1893.0240478515625
v 634.025634765625 -278.05322265625 1893.0240478515625
v 629.0238037109375 271.94677734375 1893.0240478515625
v 629.0238037109375 -278.05322265625 1895.024169921875
v 634.025634765625 -278.05322265625 1895.024169921875
v 634.0255737304688 271.94677734375 1895.024169921875
v 629.0238037109375 271.94677734375 1895.024169921875
v 627.2232055664062 -288.0538330078125 1895.0001220703125
v 637.2238159179688 -288.0538330078125 1895.0001220703125
v 627.2232055664062 -288.0538330078125 1905.0001220703125
v 637.2238159179688 -288.0538330078125 1905.0001220703125
v 637.2238159179688 -288.0538330078125 1895.0001220703125
v 637.2237548828125 281.9473876953125 1895.0001220703125
v 637.2238159179688 -288.0538330078125 1905.0001220703125
v 637.2237548828125 281.9473876953125 1905.0001220703125
v 637.2237548828125 281.9473876953125 1895.0001220703125
v 627.22314453125 281.9473876953125 1895.0001220703125
v 637.2237548828125 281.9473876953125 1905.0001220703125
v 627.22314453125 281.9473876953125 1905.0001220703125
v 627.22314453125 281.9473876953125 1895.0001220703125
v 627.2232055664062 -288.0538330078125 1895.0001220703125
v 627.22314453125 281.9473876953125 1905.0001220703125
v 627.2232055664062 -288.0538330078125 1905.0001220703125
v 627.2232055664062 -288.0538330078125 1905.0001220703125
v 637.2238159179688 -288.0538330078125 1905.0001220703125
v 637.2237548828125 281.9473876953125 1905.0001220703125
v 627.22314453125 281.9473876953125 1905.0001220703125
v 629.0238037109375 -22.401214599609375 1892.598876953125
v 634.0255737304688 -22.401214599609375 1892.598876953125
v 634.0255737304688 -6.535316467285156 1892.598876953125
v 629.0238037109375 -6.535316467285156 1892.598876953125
v 627.2232055664062 -288.0538330078125 1675.0
v 637.2238159179688 -288.0538330078125 1675.0
v 637.2238159179688 -288.0538330078125 1675.0
v 637.2238159179688 -278.05322265625 1675.0
v 637.2238159179688 -278.05322265625 1895.0001220703125
v 637.2238159179688 -278.05322265625 1675.0
v 627.2232055664062 -278.05322265625 1675.0
v 637.2238159179688 -278.05322265625 1895.0001220703125
v 627.2232055664062 -278.05322265625 1895.0001220703125
v 627.2232055664062 -278.05322265625 1675.0
v 627.2232055664062 -288.0538330078125 1675.0
v 627.2232055664062 -278.05322265625 1895.0001220703125
v 627.2232055664062 -288.0538330078125 1895.0001220703125
v 637.2238159179688 -288.0538330078125 1895.0001220703125
v 637.2238159179688 -278.05322265625 1895.0001220703125
v 627.2232055664062 -278.05322265625 1895.0001220703125
v 629.0238037109375 -65.85542297363281 1829.5989990234375
v 634.0255737304688 -65.85542297363281 1829.5989990234375
v 634.0255737304688 -6.5353240966796875 1829.5989990234375
v 629.0238037109375 -6.5353240966796875 1829.5989990234375
v 629.0238037109375 141.72528076171875 1892.598876953125
v 634.0255737304688 141.72528076171875 1892.598876953125
v 634.0255737304688 210.1007537841797 1892.598876953125
v 629.0238037109375 210.1007537841797 1892.598876953125
v 629.0238037109375 141.54815673828125 1829.5989990234375
v 634.0255737304688 141.54815673828125 1829.5989990234375
v 634.0255737304688 196.46897888183594 1829.5989990234375
v 629.0238037109375 196.46897888183594 1829.5989990234375
v 627.22314453125 131.94735717773438 1675.0
v 637.2237548828125 131.94735717773438 1675.0
v 627.22314453125 131.94737243652344 1895.0001220703125
v 637.2237548828125 131.94737243652344 1895.0001220703125
v 637.2237548828125 131.94735717773438 1675.0
v 637.2237548828125 141.94796752929688 1675.0
v 637.2237548828125 131.94737243652344 1895.0001220703125
v 637.2237548828125 141.94798278808594 1895.0001220703125
v 637.2237548828125 141.94796752929688 1675.0
v 627.22314453125 141.94796752929688 1675.0
v 637.2237548828125 141.94798278808594 1895.0001220703125
v 627.22314453125 141.94798278808594 1895.0001220703125
v 627.22314453125 141.94796752929688 1675.0
v 627.22314453125 131.94735717773438 1675.0
v 627.22314453125 141.94798278808594 1895.0001220703125
v 627.22314453125 131.94737243652344 1895.0001220703125
v 627.22314453125 131.94737243652344 1895.0001220703125
v 637.2237548828125 131.94737243652344 1895.0001220703125
v 637.2237548828125 141.94798278808594 1895.0001220703125
v 627.22314453125 141.94798278808594 1895.0001220703125
v 627.22314453125 -8.055046081542969 1675.0
v 637.2237548828125 -8.055046081542969 1675.0
v 627.22314453125 -8.055023193359375 1895.0001220703125
v 637.2237548828125 -8.055023193359375 1895.0001220703125
v 637.2237548828125 -8.055046081542969 1675.0
v 637.2237548828125 1.945556640625 1675.0
v 637.2237548828125 -8.055023193359375 1895.0001220703125
v 637.2237548828125 1.9455795288085938 1895.0001220703125
v 637.2237548828125 1.945556640625 1675.0
v 627.22314453125 1.945556640625 1675.0
v 637.2237548828125 1.9455795288085938 1895.0001220703125
v 627.22314453125 1.9455795288085938 1895.0001220703125
v 627.22314453125 1.945556640625 1675.0
v 627.22314453125 -8.055046081542969 1675.0
v 627.22314453125 1.9455795288085938 1895.0001220703125
v 627.22314453125 -8.055023193359375 1895.0001220703125
v 627.22314453125 -8.055023193359375 1895.0001220703125
v 637.2237548828125 -8.055023193359375 1895.0001220703125
v 637.2237548828125 1.9455795288085938 1895.0001220703125
v 627.22314453125 1.9455795288085938 1895.0001220703125
v 627.22314453125 271.94677734375 1675.0
v 637.2237548828125 271.94677734375 1675.0
v 627.22314453125 271.94677734375 1895.0001220703125
v 637.2237548828125 271.94677734375 1895.0001220703125
v 637.2237548828125 271.94677734375 1675.0
v 637.2237548828125 281.9473876953125 1675.0
v 637.2237548828125 271.94677734375 1895.0001220703125
v 637.2237548828125 281.9473876953125 1675.0
v 627.22314453125 281.9473876953125 1675.0
v 627.22314453125 281.9473876953125 1675.0
v 627.22314453125 271.94677734375 1675.0
v 627.22314453125 271.94677734375 1895.0001220703125
v 627.22314453125 271.94677734375 1895.0001220703125
v 637.2237548828125 271.94677734375 1895.0001220703125
v 637.2237548828125 281.9473876953125 1895.0001220703125
v 627.22314453125 281.9473876953125 1895.0001220703125
v 627.2232055664062 -148.054443359375 1675.0
v 637.2238159179688 -148.054443359375 1675.0
v 627.22314453125 -148.05442810058594 1895.0001220703125
v 637.2237548828125 -148.05441284179688 1895.0001220703125
v 637.2238159179688 -148.054443359375 1675.0
v 637.2238159179688 -138.0538330078125 1675.0
v 637.2237548828125 -148.05441284179688 1895.0001220703125
v 637.2237548828125 -138.05381774902344 1895.0001220703125
v 637.2238159179688 -138.0538330078125 1675.0
v 627.2232055664062 -138.0538330078125 1675.0
v 637.2237548828125 -138.05381774902344 1895.0001220703125
v 627.22314453125 -138.05381774902344 1895.0001220703125
v 627.2232055664062 -138.0538330078125 1675.0
v 627.2232055664062 -148.054443359375 1675.0
v 627.22314453125 -138.05381774902344 1895.0001220703125
v 627.22314453125 -148.05442810058594 1895.0001220703125
v 627.22314453125 -148.05442810058594 1895.0001220703125
v 637.2237548828125 -148.05441284179688 1895.0001220703125
v 637.2237548828125 -138.05381774902344 1895.0001220703125
v 627.22314453125 -138.05381774902344 1895.0001220703125
v 612.223876953125 -298.054443359375 1660.0
v 652.2232666015625 -298.054443359375 1660.0
v 612.223876953125 -298.054443359375 1675.0
v 652.2232666015625 -298.054443359375 1675.0
v 652.2232666015625 -298.054443359375 1660.0
v 652.2232666015625 291.9449462890625 1660.0
v 652.2232666015625 -298.054443359375 1675.0
v 652.2232666015625 291.9449462890625 1675.0
v 652.2232666015625 291.9449462890625 1660.0
v 612.223876953125 291.9449462890625 1660.0
v 652.2232666015625 291.9449462890625 1675.0
v 612.223876953125 291.9449462890625 1675.0
v 612.223876953125 291.9449462890625 1660.0
v 612.223876953125 -298.054443359375 1660.0
v 612.223876953125 291.9449462890625 1675.0
v 612.223876953125 -298.054443359375 1675.0
v 612.223876953125 -298.054443359375 1660.0
v 652.2232666015625 291.9449462890625 1660.0
v 652.2232666015625 -298.054443359375 1660.0
v 612.223876953125 291.9449462890625 1660.0
v 612.223876953125 -298.054443359375 1675.0
v 652.2232666015625 -298.054443359375 1675.0
v 652.2232666015625 291.9449462890625 1675.0
v 612.223876953125 291.9449462890625 1675.0
v 634.0255737304688 141.6458740234375 1677.0
v 634.0255737304688 273.37811279296875 1677.0
v 634.0255737304688 141.64588928222656 1894.0
v 634.0255737304688 273.37811279296875 1894.0
v 629.0238037109375 273.37811279296875 1677.0
v 629.0238037109375 141.6458740234375 1677.0
v 629.0238037109375 273.37811279296875 1894.0
v 629.0238037109375 141.64588928222656 1894.0
v 629.0238037109375 141.64588928222656 1894.0
v 634.0255737304688 141.64588928222656 1894.0
v 634.0255737304688 273.37811279296875 1894.0
v 629.0238037109375 273.37811279296875 1894.0
v 629.0238037109375 -278.05322265625 1675.0
v 634.025634765625 -278.05322265625 1675.0
v 629.0238037109375 -278.05322265625 1677.0
v 634.025634765625 -278.05322265625 1677.0
v 634.025634765625 -278.05322265625 1675.0
v 634.0255737304688 271.94677734375 1675.0
v 634.025634765625 -278.05322265625 1677.0
v 634.0255737304688 271.94677734375 1677.0
v 634.0255737304688 271.94677734375 1675.0
v 629.0238037109375 271.94677734375 1675.0
v 634.0255737304688 271.94677734375 1677.0
v 629.0238037109375 271.94677734375 1677.0
v 629.0238037109375 271.94677734375 1675.0
v 629.0238037109375 -278.05322265625 1675.0
v 629.0238037109375 271.94677734375 1677.0
v 629.0238037109375 -278.05322265625 1677.0
v 629.0238037109375 -278.05322265625 1677.0
v 634.025634765625 -278.05322265625 1677.0
v 634.0255737304688 271.94677734375 1677.0
v 629.0238037109375 271.94677734375 1677.0
v 634.0255737304688 -6.162933349609375 1677.0
v 634.025634765625 -278.05322265625 1894.0
v 634.0255737304688 -6.162910461425781 1894.0
v 629.0238037109375 -6.162933349609375 1677.0
v 629.0238037109375 -6.162910461425781 1894.0
v 629.0238037109375 -278.05322265625 1894.0
v 629.0238037109375 -278.05322265625 1894.0
v 634.025634765625 -278.05322265625 1894.0
v 634.0255737304688 -6.162910461425781 1894.0
v 629.0238037109375 -6.162910461425781 1894.0
v -647.4990234375 -487.6207275390625 230.0000762939453
v 647.233642578125 -487.62066650390625 230.00013732910156
v -647.4990234375 -487.62066650390625 810.0001220703125
v 647.233642578125 -487.62060546875 810.0001831054688
v 647.233642578125 -487.62066650390625 230.00013732910156
v 647.233642578125 482.37750244140625 230.00006103515625
v 647.233642578125 -487.62060546875 810.0001831054688
v 647.233642578125 482.3775634765625 810.0000610351562
v 647.233642578125 482.37750244140625 230.00006103515625
v -647.4990234375 482.37744140625 230.0
v -647.4990234375 482.37744140625 230.0
v -647.4990234375 -487.62066650390625 230.0000762939453
v -647.4990234375 482.37750244140625 810.0
v -647.4990234375 -487.62066650390625 810.0001220703125
v -647.4990234375 -487.62066650390625 810.0001220703125
v 647.233642578125 -487.62060546875 810.0001831054688
v 647.233642578125 482.3775634765625 810.0000610351562
v -647.4990234375 482.37750244140625 810.0
v -647.5050048828125 -487.6175537109375 810.000244140625
v 647.2276000976562 -487.61749267578125 810.0003051757812
v 640.5776977539062 -457.61883544921875 810.0003051757812
v -617.50634765625 -457.618896484375 810.000244140625
v 640.57763671875 -457.61871337890625 1669.9998779296875
v 640.57763671875 -457.61871337890625 1670.0001220703125
v -617.50634765625 -457.6187744140625 1670.0001220703125
v -647.5050048828125 -487.61749267578125 1670.0001220703125
v 647.2275390625 -487.617431640625 1670.0001220703125
v -617.50634765625 -457.61883544921875 810.000244140625
v -617.50634765625 452.37872314453125 810.0001220703125
v -647.505126953125 482.38055419921875 1670.000244140625
v -647.5050048828125 -487.61749267578125 1670.000244140625
v -617.50634765625 -457.61871337890625 1670.000244140625
f 2 1 3
f 4 2 3
f 14 13 15
f 16 14 15
f 10 9 11
f 12 10 11
f 6 5 7
f 8 6 7
f 18 17 19
f 17 20 19
f 22 21 23
f 21 24 23
f 46 45 47
f 48 46 47
f 42 41 43
f 44 42 43
f 38 37 39
f 40 38 39
f 1851 1850 1852
f 1853 1851 1852
f 1847 1846 1848
f 1849 1847 1848
f 1843 1842 1844
f 1845 1843 1844
f 1839 1838 1840
f 1841 1839 1840
f 1819 1821 1818
f 1819 1818 1820
f 1815 1814 1816
f 1817 1815 1816
f 1811 1810 1812
f 1813 1811 1812
f 1807 1806 1808
f 1809 1807 1808
f 1803 1802 1804
f 1805 1803 1804
f 1795 1794 1796
f 1797 1795 1796
f 1791 1790 1792
f 1793 1791 1792
f 1787 1786 1788
f 1789 1787 1788
f 1783 1782 1784
f 1785 1783 1784
f 1775 1774 1776
f 1777 1775 1776
f 1771 1770 1772
f 1773 1771 1772
f 1767 1766 1768
f 1769 1767 1768
f 1763 1762 1764
f 1765 1763 1764
f 1755 1754 1756
f 1757 1755 1756
f 1751 1750 1752
f 1753 1751 1752
f 1747 1746 1748
f 1749 1747 1748
f 1743 1742 1744
f 1745 1743 1744
f 1735 1734 1736
f 1737 1735 1736
f 1731 1730 1732
f 1733 1731 1732
f 1727 1726 1728
f 1729 1727 1728
f 1723 1722 1724
f 1725 1723 1724
f 1703 1702 1704
f 1705 1703 1704
f 1699 1698 1700
f 1701 1699 1700
f 1695 1694 1696
f 1697 1695 1696
f 1691 1690 1692
f 1693 1691 1692
f 1679 1678 1680
f 1681 1679 1680
f 1675 1674 1676
f 1677 1675 1676
f 1671 1670 1672
f 1673 1671 1672
f 1667 1666 1668
f 1669 1667 1668
f 1659 1661 1658
f 1659 1658 1660
f 1655 1654 1656
f 1657 1655 1656
f 1651 1650 1652
f 1653 1651 1652
f 1647 1646 1648
f 1649 1647 1648
f 1643 1642 1644
f 1645 1643 1644
f 1635 1637 1634
f 1635 1634 1636
f 1631 1630 1632
f 1633 1631 1632
f 1627 1626 1628
f 1629 1627 1628
f 1623 1622 1624
f 1625 1623 1624
f 1619 1618 1620
f 1621 1619 1620
f 1595 1597 1594
f 1595 1594 1596
f 1591 1590 1592
f 1593 1591 1592
f 1587 1586 1588
f 1589 1587 1588
f 1583 1582 1584
f 1585 1583 1584
f 1579 1578 1580
f 1581 1579 1580
f 330 332 329
f 330 329 331
f 326 325 327
f 328 326 327
f 322 321 323
f 324 322 323
f 318 317 319
f 320 318 319
f 314 313 315
f 316 314 315
f 306 305 307
f 308 306 307
f 302 301 303
f 304 302 303
f 298 297 299
f 300 298 299
f 294 293 295
f 296 294 295
f 270 269 271
f 272 270 271
f 266 265 267
f 268 266 267
f 262 261 263
f 264 262 263
f 258 257 259
f 260 258 259
f 250 249 251
f 252 250 251
f 246 245 247
f 248 246 247
f 242 241 243
f 244 242 243
f 238 237 239
f 240 238 239
f 230 232 229
f 230 229 231
f 226 225 227
f 228 226 227
f 222 221 223
f 224 222 223
f 218 217 219
f 220 218 219
f 214 213 215
f 216 214 215
f 206 205 207
f 208 206 207
f 202 201 203
f 204 202 203
f 198 197 199
f 200 198 199
f 194 193 195
f 196 194 195
f 186 185 187
f 188 186 187
f 182 181 183
f 184 182 183
f 178 177 179
f 180 178 179
f 174 173 175
f 176 174 175
f 166 165 167
f 168 166 167
f 162 161 163
f 164 162 163
f 158 157 159
f 160 158 159
f 154 153 155
f 156 154 155
f 146 145 147
f 148 146 147
f 142 141 143
f 144 142 143
f 138 137 139
f 140 138 139
f 134 133 135
f 136 134 135
f 110 112 109
f 110 109 111
f 106 105 107
f 108 106 107
f 102 101 103
f 104 102 103
f 98 97 99
f 100 98 99
f 94 93 95
f 96 94 95
f 86 88 85
f 86 85 87
f 82 81 83
f 84 82 83
f 78 77 79
f 80 78 79
f 74 73 75
f 76 74 75
f 70 69 71
f 72 70 71
f 50 49 51
f 52 50 51
f 54 53 55
f 53 56 55
f 90 89 91
f 89 92 91
f 114 113 115
f 113 116 115
f 118 117 119
f 117 120 119
f 122 121 123
f 121 124 123
f 126 125 127
f 125 128 127
f 130 129 131
f 129 132 131
f 150 149 151
f 149 152 151
f 170 169 171
f 169 172 171
f 190 189 191
f 189 192 191
f 210 209 211
f 209 212 211
f 234 233 235
f 233 236 235
f 254 253 255
f 253 256 255
f 274 273 275
f 273 276 275
f 278 277 279
f 277 280 279
f 310 309 311
f 309 312 311
f 334 333 335
f 333 336 335
f 350 349 351
f 349 352 351
f 1599 1598 1600
f 1598 1601 1600
f 1603 1602 1604
f 1602 1605 1604
f 1607 1606 1608
f 1606 1609 1608
f 1611 1610 1612
f 1610 1613 1612
f 1615 1614 1616
f 1614 1617 1616
f 1639 1638 1640
f 1638 1641 1640
f 1663 1662 1664
f 1662 1665 1664
f 1683 1682 1684
f 1682 1685 1684
f 1687 1686 1688
f 1686 1689 1688
f 1707 1706 1708
f 1706 1709 1708
f 1711 1710 1712
f 1710 1713 1712
f 1715 1714 1716
f 1714 1717 1716
f 1719 1718 1720
f 1718 1721 1720
f 1739 1738 1740
f 1738 1741 1740
f 1759 1758 1760
f 1758 1761 1760
f 1779 1778 1780
f 1778 1781 1780
f 1799 1798 1800
f 1798 1801 1800
f 1823 1822 1824
f 1822 1825 1824
f 1855 1854 1856
f 1854 1857 1856
f 26 25 27
f 25 28 27
f 30 29 31
f 29 32 31
f 34 33 35
f 33 36 35
f 404 401 402
f 402 401 403
f 771 770 772
f 769 768 770
f 770 768 778
f 772 770 778
f 774 772 778
f 773 772 774
f 775 774 776
f 776 774 778
f 761 760 762
f 760 777 762
f 762 777 764
f 764 777 778
f 766 764 778
f 768 766 778
f 767 766 768
f 763 762 764
f 765 764 766
f 753 752 754
f 752 777 754
f 777 752 784
f 784 783 777
f 783 781 777
f 782 781 783
f 780 779 781
f 781 779 777
f 755 754 756
f 754 777 756
f 756 777 758
f 758 777 760
f 759 758 760
f 757 756 758
f 742 741 743
f 740 739 741
f 741 739 746
f 743 741 746
f 746 744 743
f 745 744 746
f 745 746 748
f 747 745 748
f 749 748 750
f 748 746 750
f 738 737 739
f 739 737 746
f 737 735 746
f 735 733 746
f 734 733 735
f 736 735 737
f 728 727 729
f 727 751 729
f 729 751 731
f 731 751 746
f 733 731 746
f 732 731 733
f 730 729 731
f 722 721 723
f 721 751 723
f 723 751 725
f 725 751 727
f 726 725 727
f 724 723 725
f 720 719 721
f 719 751 721
f 582 580 583
f 579 578 580
f 580 578 581
f 580 581 583
f 583 581 585
f 584 583 585
f 577 576 578
f 578 576 581
f 576 574 581
f 574 572 581
f 573 572 574
f 575 574 576
f 571 570 572
f 572 570 581
f 570 568 581
f 568 566 581
f 567 566 568
f 569 568 570
f 565 564 566
f 564 586 566
f 566 586 581
f 559 558 560
f 558 586 560
f 560 586 562
f 562 586 564
f 563 562 564
f 561 560 562
f 553 552 554
f 552 586 554
f 554 586 556
f 556 586 558
f 557 556 558
f 555 554 556
f 788 785 786
f 786 785 787
f 400 397 398
f 398 397 399
f 396 393 394
f 394 393 395
f 392 389 390
f 390 389 391
f 388 385 386
f 386 385 387
f 1885 1884 1886
f 1884 1887 1886
f 1010 1009 1011
f 1009 1012 1011
f 915 910 911
f 910 909 911
f 911 909 912
f 912 909 914
f 913 912 914
f 916 913 914
f 792 789 790
f 790 789 791
f 716 715 717
f 715 718 717
f 714 711 712
f 712 711 713
f 710 707 708
f 708 707 709
f 706 703 704
f 704 703 705
f 702 699 700
f 700 699 701
f 698 695 696
f 696 695 697
f 694 691 692
f 692 691 693
f 690 687 688
f 688 687 689
f 686 683 684
f 684 683 685
f 682 679 680
f 680 679 681
f 678 675 676
f 676 675 677
f 674 671 672
f 672 671 673
f 670 667 668
f 668 667 669
f 666 663 664
f 664 663 665
f 662 659 660
f 660 659 661
f 658 655 656
f 656 655 657
f 654 651 652
f 652 651 653
f 650 647 648
f 648 647 649
f 646 643 644
f 644 643 645
f 642 639 640
f 640 639 641
f 638 635 636
f 636 635 637
f 634 631 632
f 632 631 633
f 630 627 628
f 628 627 629
f 626 623 624
f 624 623 625
f 622 619 620
f 620 619 621
f 618 615 616
f 616 615 617
f 614 611 612
f 612 611 613
f 610 607 608
f 608 607 609
f 606 603 604
f 604 603 605
f 602 599 600
f 600 599 601
f 598 595 596
f 596 595 597
f 594 591 592
f 592 591 593
f 590 587 588
f 588 587 589
f 514 513 515
f 513 516 515
f 512 509 510
f 510 509 511
f 508 505 506
f 506 505 507
f 504 501 502
f 502 501 503
f 500 497 498
f 498 497 499
f 496 493 494
f 494 493 495
f 492 489 490
f 490 489 491
f 488 485 486
f 486 485 487
f 484 481 482
f 482 481 483
f 480 477 478
f 478 477 479
f 476 473 474
f 474 473 475
f 472 469 470
f 470 469 471
f 468 465 466
f 466 465 467
f 464 461 462
f 462 461 463
f 460 457 458
f 458 457 459
f 456 453 454
f 454 453 455
f 452 449 450
f 450 449 451
f 448 445 446
f 446 445 447
f 444 441 442
f 442 441 443
f 440 437 438
f 438 437 439
f 436 433 434
f 434 433 435
f 432 429 430
f 430 429 431
f 428 425 426
f 426 425 427
f 424 421 422
f 422 421 423
f 420 417 418
f 418 417 419
f 416 413 414
f 414 413 415
f 412 409 410
f 410 409 411
f 408 405 406
f 406 405 407
f 526 525 527
f 525 546 527
f 527 546 529
f 529 546 531
f 530 529 531
f 528 527 529
f 532 531 533
f 533 531 547
f 531 546 547
f 538 537 539
f 539 537 547
f 537 535 547
f 535 533 547
f 534 533 535
f 536 535 537
f 544 543 545
f 545 543 547
f 543 541 547
f 541 539 547
f 540 539 541
f 542 541 543
f 522 521 523
f 520 519 521
f 519 546 521
f 521 546 523
f 523 546 525
f 524 523 525
f 549 548 550
f 550 548 546
f 551 550 546
f 546 517 551
f 517 546 519
f 518 517 519
f 794 793 795
f 796 794 795
f 822 821 823
f 824 822 823
f 826 825 827
f 828 826 827
f 830 829 831
f 832 830 831
f 834 833 835
f 836 834 835
f 838 837 839
f 838 839 840
f 842 841 843
f 844 842 843
f 846 845 847
f 848 846 847
f 850 849 851
f 852 850 851
f 854 853 855
f 856 854 855
f 858 857 859
f 860 858 859
f 862 861 863
f 862 863 864
f 866 865 867
f 868 866 867
f 870 869 871
f 872 870 871
f 874 873 875
f 876 874 875
f 878 877 879
f 880 878 879
f 882 881 883
f 884 882 883
f 886 885 887
f 888 886 887
f 890 889 891
f 892 890 891
f 894 893 895
f 896 894 895
f 898 897 899
f 900 898 899
f 905 906 908
f 905 904 906
f 905 901 904
f 904 901 902
f 902 901 903
f 902 903 907
f 990 989 991
f 992 990 991
f 994 993 995
f 996 994 995
f 998 997 999
f 1000 998 999
f 1002 1001 1003
f 1004 1002 1003
f 1014 1013 1015
f 1016 1014 1015
f 1018 1017 1019
f 1020 1018 1019
f 1022 1021 1023
f 1024 1022 1023
f 1026 1025 1027
f 1028 1026 1027
f 1030 1029 1031
f 1032 1030 1031
f 1034 1033 1035
f 1036 1034 1035
f 1038 1037 1039
f 1040 1038 1039
f 1042 1041 1043
f 1044 1042 1043
f 1054 1053 1055
f 1055 1060 1054
f 1060 1059 1054
f 1057 1059 1060
f 1058 1059 1057
f 1057 1056 1058
f 1056 1053 1058
f 1055 1053 1056
f 382 381 383
f 382 383 384
f 378 377 379
f 380 378 379
f 374 373 375
f 376 374 375
f 370 369 371
f 372 370 371
f 366 365 367
f 368 366 367
f 798 797 799
f 800 798 799
f 806 805 807
f 808 806 807
f 802 801 803
f 804 802 803
f 1478 1477 1479
f 1480 1478 1479
f 1474 1473 1475
f 1476 1474 1475
f 1470 1469 1471
f 1472 1470 1471
f 1466 1465 1467
f 1468 1466 1467
f 1462 1461 1463
f 1464 1462 1463
f 1458 1457 1459
f 1460 1458 1459
f 1454 1453 1455
f 1456 1454 1455
f 1450 1449 1451
f 1452 1450 1451
f 1446 1445 1447
f 1448 1446 1447
f 1430 1429 1431
f 1432 1430 1431
f 1426 1425 1427
f 1428 1426 1427
f 1422 1421 1423
f 1424 1422 1423
f 1418 1417 1419
f 1420 1418 1419
f 1414 1413 1415
f 1416 1414 1415
f 1406 1405 1407
f 1408 1406 1407
f 1402 1401 1403
f 1404 1402 1403
f 1398 1397 1399
f 1400 1398 1399
f 1394 1393 1395
f 1396 1394 1395
f 1390 1389 1391
f 1392 1390 1391
f 1386 1385 1387
f 1388 1386 1387
f 1382 1381 1383
f 1384 1382 1383
f 1378 1377 1379
f 1380 1378 1379
f 1374 1373 1375
f 1376 1374 1375
f 1358 1357 1359
f 1360 1358 1359
f 1354 1353 1355
f 1356 1354 1355
f 1350 1349 1351
f 1352 1350 1351
f 1346 1345 1347
f 1348 1346 1347
f 1342 1341 1343
f 1344 1342 1343
f 1334 1333 1335
f 1336 1334 1335
f 1330 1329 1331
f 1332 1330 1331
f 1326 1325 1327
f 1328 1326 1327
f 1322 1321 1323
f 1324 1322 1323
f 1318 1317 1319
f 1320 1318 1319
f 1314 1313 1315
f 1316 1314 1315
f 1310 1309 1311
f 1312 1310 1311
f 1306 1305 1307
f 1308 1306 1307
f 1302 1301 1303
f 1304 1302 1303
f 1286 1285 1287
f 1288 1286 1287
f 1282 1281 1283
f 1284 1282 1283
f 1278 1277 1279
f 1280 1278 1279
f 1274 1273 1275
f 1276 1274 1275
f 1270 1269 1271
f 1272 1270 1271
f 982 984 981
f 982 981 983
f 978 977 979
f 980 978 979
f 974 973 975
f 976 974 975
f 970 969 971
f 972 970 971
f 966 965 967
f 968 966 967
f 958 960 957
f 958 957 959
f 954 953 955
f 956 954 955
f 950 949 951
f 952 950 951
f 946 945 947
f 948 946 947
f 942 941 943
f 944 942 943
f 934 936 933
f 934 933 935
f 930 929 931
f 932 930 931
f 926 925 927
f 928 926 927
f 922 921 923
f 924 922 923
f 918 917 919
f 920 918 919
f 818 817 819
f 820 818 819
f 814 813 815
f 814 815 816
f 810 809 811
f 812 810 811
f 938 937 939
f 937 940 939
f 962 961 963
f 961 964 963
f 986 985 987
f 985 988 987
f 1338 1337 1339
f 1337 1340 1339
f 1410 1409 1411
f 1409 1412 1411
f 1482 1481 1483
f 1481 1484 1483
f 1006 1008 1005
f 1006 1005 1007
f 1046 1045 1047
f 1047 1052 1046
f 1047 1051 1052
f 1052 1051 1050
f 1050 1051 1049
f 1049 1048 1050
f 1049 1045 1048
f 1048 1045 1046
f 1082 1081 1083
f 1084 1082 1083
f 1545 1083 1093
f 1094 1545 1093
f 1094 1093 1095
f 1096 1094 1095
f 1074 1073 1075
f 1076 1074 1075
f 1070 1069 1071
f 1072 1070 1071
f 1066 1065 1067
f 1068 1066 1067
f 1062 1061 1063
f 1064 1062 1063
f 1900 1899 1901
f 1902 1900 1901
f 1891 1890 1892
f 1122 1891 1892
f 1122 1121 1123
f 1124 1122 1123
f 1124 1128 1129
f 1130 1124 1129
f 1889 1888 1113
f 1140 1889 1113
f 1140 1139 1141
f 1125 1140 1141
f 1125 1115 1126
f 1127 1125 1126
f 1114 1113 1115
f 1116 1114 1115
f 1875 1874 1876
f 1877 1875 1876
f 1871 1870 1872
f 1873 1871 1872
f 1571 1570 1572
f 1573 1571 1572
f 1567 1566 1568
f 1569 1567 1568
f 1563 1562 1564
f 1565 1563 1564
f 1559 1558 1560
f 1561 1559 1560
f 1555 1554 1556
f 1557 1555 1556
f 1534 1533 1535
f 1536 1534 1535
f 1530 1529 1531
f 1532 1530 1531
f 1526 1525 1527
f 1528 1526 1527
f 1522 1521 1523
f 1524 1522 1523
f 1518 1517 1519
f 1520 1518 1519
f 1514 1513 1515
f 1516 1514 1515
f 1510 1509 1511
f 1512 1510 1511
f 1506 1505 1507
f 1508 1506 1507
f 1262 1261 1263
f 1264 1262 1263
f 1258 1257 1259
f 1260 1258 1259
f 1254 1253 1255
f 1256 1254 1255
f 1250 1249 1251
f 1252 1250 1251
f 1242 1241 1243
f 1244 1242 1243
f 1238 1237 1239
f 1240 1238 1239
f 1234 1233 1235
f 1236 1234 1235
f 1230 1229 1231
f 1232 1230 1231
f 1226 1225 1227
f 1228 1226 1227
f 1223 1191 1210
f 1224 1223 1210
f 1190 1189 1191
f 1192 1190 1191
f 1192 1204 1205
f 1206 1192 1205
f 1206 1210 1211
f 1212 1206 1211
f 1188 1221 1222
f 1207 1188 1222
f 1207 1198 1208
f 1209 1207 1208
f 1197 1187 1198
f 1199 1197 1198
f 1177 1186 1187
f 1188 1177 1187
f 1175 1174 1176
f 1177 1175 1176
f 1218 1217 1219
f 1220 1218 1219
f 1214 1213 1215
f 1216 1214 1215
f 1201 1200 1202
f 1203 1201 1202
f 1194 1193 1195
f 1196 1194 1195
f 1183 1182 1184
f 1185 1183 1184
f 1179 1178 1180
f 1181 1179 1180
f 1171 1170 1172
f 1173 1171 1172
f 1163 1162 1164
f 1165 1163 1164
f 1159 1158 1160
f 1161 1159 1160
f 1155 1154 1156
f 1157 1155 1156
f 1151 1150 1152
f 1153 1151 1152
f 1147 1146 1148
f 1148 1149 1147
f 1143 1142 1144
f 1145 1143 1144
f 1136 1135 1137
f 1138 1136 1137
f 1118 1117 1119
f 1120 1118 1119
f 1110 1109 1111
f 1112 1110 1111
f 1898 1897 1552
f 1553 1898 1552
f 1553 1552 1105
f 1106 1553 1105
f 1106 1105 1107
f 1108 1106 1107
f 1879 1878 1077
f 1078 1879 1077
f 1078 1077 1079
f 1080 1078 1079
f 1080 1079 1089
f 1090 1080 1089
f 1090 1089 1091
f 1092 1090 1091
f 1881 1880 1882
f 1883 1881 1882
f 1883 1882 1550
f 1551 1883 1550
f 1551 1550 1101
f 1102 1551 1101
f 1102 1101 1103
f 1104 1102 1103
f 1544 1541 1542
f 1541 1540 1542
f 1540 1539 1542
f 1539 1543 1542
f 1537 1543 1539
f 1538 1537 1539
f 1086 1085 1087
f 1087 1085 1088
f 1098 1097 1099
f 1099 1097 1100
f 1132 1131 1133
f 1131 1134 1133
f 1167 1166 1168
f 1166 1169 1168
f 1246 1245 1247
f 1245 1248 1247
f 1266 1265 1267
f 1265 1268 1267
f 1547 1546 1548
f 1548 1546 1549
f 1575 1574 1576
f 1574 1577 1576
f 1894 1893 1895
f 1893 1896 1895
f 1486 1485 1487
f 1488 1486 1487
f 1502 1501 1503
f 1504 1502 1503
f 1498 1497 1499
f 1500 1498 1499
f 1494 1493 1495
f 1496 1494 1495
f 1490 1489 1491
f 1492 1490 1491
f 1290 1289 1291
f 1292 1290 1291
f 1438 1437 1439
f 1440 1438 1439
f 1434 1433 1435
f 1436 1434 1435
f 1366 1365 1367
f 1368 1366 1367
f 1362 1361 1363
f 1364 1362 1363
f 1294 1293 1295
f 1296 1294 1295
f 1298 1297 1299
f 1297 1300 1299
f 1370 1369 1371
f 1369 1372 1371
f 1442 1441 1443
f 1441 1444 1443
f 58 57 59
f 60 58 59
f 1863 1862 1864
f 1865 1863 1864
f 1859 1858 1860
f 1861 1859 1860
f 1831 1830 1832
f 1833 1831 1832
f 1827 1826 1828
f 1829 1827 1828
f 358 357 359
f 360 358 359
f 354 353 355
f 356 354 355
f 342 341 343
f 344 342 343
f 338 337 339
f 340 338 339
f 286 285 287
f 288 286 287
f 282 281 283
f 284 282 283
f 62 61 63
f 64 62 63
f 66 65 67
f 65 68 67
f 290 289 291
f 289 292 291
f 346 345 347
f 345 348 347
f 362 361 363
f 361 364 363
f 1835 1834 1836
f 1834 1837 1836
f 1867 1866 1868
f 1866 1869 1868
