# from AsylumDistrict_CentralSection_Generic_0041_LOD_0.pskx
v 1998.2955322265625 -956.0235595703125 0.0
v 1998.2965087890625 -951.0050659179688 -4.386875218642672e-07
v 1998.2955322265625 -956.0234985351562 400.0
v 1998.2965087890625 -951.0050048828125 400.0
v 1998.2965087890625 -951.0050659179688 -4.386874365991389e-07
v 1995.797119140625 -948.5056762695312 -7.664442591703846e-07
v 1998.2965087890625 -951.0050048828125 400.0
v 1995.797119140625 -948.505615234375 400.0
v 1995.797119140625 -948.5056762695312 -7.664442591703846e-07
v 1990.7952880859375 -948.5056762695312 -9.850843980530044e-07
v 1995.797119140625 -948.505615234375 400.0
v 1990.795166015625 -948.505615234375 400.0
v 1990.7952880859375 -948.5056762695312 -9.850843980530044e-07
v 1988.2957763671875 -951.0050659179688 -8.758318585933011e-07
v 1990.795166015625 -948.505615234375 400.0
v 1988.2957763671875 -951.0050048828125 400.0
v 1988.2957763671875 -951.0050659179688 -8.758318585933011e-07
v 1988.294921875 -956.0235595703125 -4.3714010189432884e-07
v 1988.2957763671875 -951.0050048828125 400.0
v 1988.294921875 -956.0234985351562 400.0
v 1998.2955322265625 -956.0234985351562 400.0
v 1998.2965087890625 -951.0050048828125 400.0
v 1995.797119140625 -948.505615234375 400.0
v 1990.795166015625 -948.505615234375 400.0
v 1988.294921875 -956.0234985351562 400.0
v 1988.2957763671875 -951.0050048828125 400.0
v 1988.2979736328125 -556.0235595703125 -3.5406119422987103e-05
v 1988.2979736328125 -561.0040283203125 -3.497071156743914e-05
v 1988.2978515625 -556.0235595703125 399.9999694824219
v 1988.2978515625 -561.0040283203125 399.9999694824219
v 1988.2978515625 -561.0040283203125 -3.497071156743914e-05
v 1990.79736328125 -563.5034790039062 -3.464295150479302e-05
v 1988.2978515625 -561.0040283203125 399.9999694824219
v 1990.7972412109375 -563.50341796875 399.9999694824219
v 1990.79736328125 -563.5034790039062 -3.464295150479302e-05
v 1995.799072265625 -563.5034790039062 -3.442431625444442e-05
v 1990.7972412109375 -563.50341796875 399.9999694824219
v 1995.799072265625 -563.50341796875 399.9999694824219
v 1995.799072265625 -563.5034790039062 -3.442431625444442e-05
v 1998.2984619140625 -561.0040283203125 -3.4533572033979e-05
v 1995.799072265625 -563.50341796875 399.9999694824219
v 1998.2984619140625 -561.0040283203125 399.9999694824219
v 1998.2984619140625 -561.0040283203125 -3.4533572033979e-05
v 1998.2984619140625 -556.0235595703125 -3.496897988952696e-05
v 1998.2984619140625 -561.0040283203125 399.9999694824219
v 1998.2984619140625 -556.0235595703125 399.9999694824219
v 1988.2978515625 -556.0235595703125 399.9999694824219
v 1988.2978515625 -561.0040283203125 399.9999694824219
v 1990.7972412109375 -563.50341796875 399.9999694824219
v 1995.799072265625 -563.50341796875 399.9999694824219
v 1998.2984619140625 -556.0235595703125 399.9999694824219
v 1998.2984619140625 -561.0040283203125 399.9999694824219
v 1998.2955322265625 -966.0057983398438 400.0
v 2315.79443359375 -546.00146484375 295.00030517578125
v 2315.79443359375 -966.0027465820312 295.0003356933594
v 1998.2955322265625 -546.004638671875 399.9999694824219
v 2318.296630859375 -556.0235595703125 -4.999920845031738
v 2553.29443359375 -556.0235595703125 -4.999910831451416
v 2318.296630859375 -556.0235595703125 295.0000915527344
v 2553.29443359375 -556.0234985351562 295.00006103515625
v 2318.296630859375 -545.9586791992188 10.02978229522705
v 2553.29443359375 -545.9766235351562 -4.972779750823975
v 2318.296630859375 -545.9766845703125 -4.972789764404297
v 2553.29443359375 -545.9586181640625 10.029793739318848
v 2318.296630859375 -545.9766845703125 -4.972789764404297
v 2553.29443359375 -558.3056640625 -4.9727783203125
v 2318.296630859375 -558.3057250976562 -4.972788333892822
v 2553.29443359375 -545.9766235351562 -4.972779750823975
v 2318.296630859375 -558.3057250976562 -4.972788333892822
v 2553.29443359375 -561.056884765625 -2.2306783199310303
v 2318.296630859375 -561.056884765625 -2.2306885719299316
v 2553.29443359375 -558.3056640625 -4.9727783203125
v 2318.296630859375 -561.056884765625 -2.2306885719299316
v 2553.29443359375 -561.056884765625 7.566787242889404
v 2318.296630859375 -561.056884765625 7.566777229309082
v 2553.29443359375 -561.056884765625 -2.2306783199310303
v 2318.296630859375 -561.056884765625 7.566777229309082
v 2553.29443359375 -558.65869140625 10.029793739318848
v 2318.296630859375 -558.65869140625 10.02978229522705
v 2553.29443359375 -561.056884765625 7.566787242889404
v 2318.296630859375 -558.65869140625 10.02978229522705
v 2553.29443359375 -545.9586181640625 10.029793739318848
v 2318.296630859375 -545.9586791992188 10.02978229522705
v 2553.29443359375 -558.65869140625 10.029793739318848
v 2318.296630859375 -545.9766845703125 -4.972789764404297
v 2318.296630859375 -558.3057250976562 -4.972788333892822
v 2318.296630859375 -561.056884765625 -2.2306885719299316
v 2318.296630859375 -561.056884765625 7.566777229309082
v 2318.296630859375 -545.9586791992188 10.02978229522705
v 2318.296630859375 -558.65869140625 10.02978229522705
v 2553.29443359375 -561.056884765625 -2.2306783199310303
v 2553.29443359375 -558.3056640625 -4.9727783203125
v 2553.29443359375 -545.9766235351562 -4.972779750823975
v 2553.29443359375 -561.056884765625 7.566787242889404
v 2553.29443359375 -545.9586181640625 10.029793739318848
v 2553.29443359375 -558.65869140625 10.029793739318848
v 2318.296630859375 -561.056884765625 -104.99991607666016
v 2553.29443359375 -561.056884765625 -92.43321228027344
v 2318.296630859375 -561.056884765625 -92.43321990966797
v 2553.29443359375 -561.056884765625 -104.99990844726562
v 2318.296630859375 -561.056884765625 -92.43321990966797
v 2553.29443359375 -558.7235107421875 -90.09990692138672
v 2318.296630859375 -558.7235717773438 -90.09991455078125
v 2553.29443359375 -561.056884765625 -92.43321228027344
v 2318.296630859375 -558.7235717773438 -90.09991455078125
v 2553.29443359375 -556.0235595703125 -90.09990692138672
v 2318.296630859375 -556.0235595703125 -90.09992218017578
v 2553.29443359375 -558.7235107421875 -90.09990692138672
v 2318.296630859375 -561.056884765625 -104.99991607666016
v 2318.296630859375 -561.056884765625 -92.43321990966797
v 2318.296630859375 -556.0235595703125 -90.09992218017578
v 2318.296630859375 -558.7235717773438 -90.09991455078125
v 2553.29443359375 -556.0235595703125 -90.09990692138672
v 2553.29443359375 -561.056884765625 -92.43321228027344
v 2553.29443359375 -561.056884765625 -104.99990844726562
v 2553.29443359375 -558.7235107421875 -90.09990692138672
v 2318.296630859375 -545.9586181640625 300.0298156738281
v 2553.29443359375 -545.9765625 285.0272216796875
v 2318.296630859375 -545.9766235351562 285.0272521972656
v 2553.29443359375 -545.9586181640625 300.02978515625
v 2318.296630859375 -545.9766235351562 285.0272521972656
v 2553.29443359375 -558.3056640625 285.0272216796875
v 2318.296630859375 -558.3056640625 285.0272521972656
v 2553.29443359375 -545.9765625 285.0272216796875
v 2318.296630859375 -558.3056640625 285.0272521972656
v 2553.29443359375 -561.0568237304688 287.7693176269531
v 2318.296630859375 -561.056884765625 287.76934814453125
v 2553.29443359375 -558.3056640625 285.0272216796875
v 2318.296630859375 -561.056884765625 287.76934814453125
v 2553.29443359375 -561.0568237304688 297.5668029785156
v 2318.296630859375 -561.056884765625 297.56683349609375
v 2553.29443359375 -561.0568237304688 287.7693176269531
v 2318.296630859375 -561.056884765625 297.56683349609375
v 2553.29443359375 -558.6586303710938 300.02978515625
v 2318.296630859375 -558.65869140625 300.0298156738281
v 2553.29443359375 -561.0568237304688 297.5668029785156
v 2318.296630859375 -558.65869140625 300.0298156738281
v 2553.29443359375 -545.9586181640625 300.02978515625
v 2318.296630859375 -545.9586181640625 300.0298156738281
v 2553.29443359375 -558.6586303710938 300.02978515625
v 2318.296630859375 -545.9766235351562 285.0272521972656
v 2318.296630859375 -558.3056640625 285.0272521972656
v 2318.296630859375 -561.056884765625 287.76934814453125
v 2318.296630859375 -561.056884765625 297.56683349609375
v 2318.296630859375 -545.9586181640625 300.0298156738281
v 2318.296630859375 -558.65869140625 300.0298156738281
v 2553.29443359375 -561.0568237304688 287.7693176269531
v 2553.29443359375 -558.3056640625 285.0272216796875
v 2553.29443359375 -545.9765625 285.0272216796875
v 2553.29443359375 -561.0568237304688 297.5668029785156
v 2553.29443359375 -545.9586181640625 300.02978515625
v 2553.29443359375 -558.6586303710938 300.02978515625
v 2318.296630859375 -556.0235595703125 -104.99992370605469
v 2553.29443359375 -556.0235595703125 -104.99990844726562
v 1995.796142578125 -563.5064697265625 2.5000674724578857
v 1995.796142578125 -563.5064697265625 -27.49993324279785
v 2318.296630859375 -563.5064697265625 -105.00001525878906
v 2318.296630859375 -563.5064697265625 -135.00003051757812
v 1995.796142578125 -563.5064697265625 2.5000672340393066
v 2318.296630859375 -563.5064697265625 -105.00001525878906
v 2318.296630859375 -561.004150390625 -105.00000762939453
v 1995.796142578125 -561.0040893554688 2.5000669956207275
v 1998.2955322265625 -556.0235595703125 99.99995422363281
v 2318.296630859375 -556.0235595703125 295.00006103515625
v 1998.2955322265625 -556.0235595703125 399.9999084472656
v 2318.296630859375 -556.0235595703125 -4.999919891357422
v 1998.2955322265625 -545.9586181640625 115.02967071533203
v 1998.2955322265625 -545.9766235351562 100.027099609375
v 1998.2955322265625 -545.9766235351562 100.027099609375
v 1998.2955322265625 -558.3056640625 100.027099609375
v 1998.2955322265625 -558.3056640625 100.027099609375
v 1998.2955322265625 -561.056884765625 102.76920318603516
v 1998.2955322265625 -561.056884765625 102.76920318603516
v 1998.2955322265625 -561.056884765625 112.56666564941406
v 1998.2955322265625 -561.056884765625 112.56666564941406
v 1998.2955322265625 -558.65869140625 115.02967071533203
v 1998.2955322265625 -558.65869140625 115.02967071533203
v 1998.2955322265625 -545.9586181640625 115.02967071533203
v 1998.2955322265625 -545.9766235351562 100.027099609375
v 1998.2955322265625 -558.3056640625 100.027099609375
v 1998.2955322265625 -561.056884765625 102.76920318603516
v 1998.2955322265625 -561.056884765625 112.56666564941406
v 1998.2955322265625 -545.9586181640625 115.02967071533203
v 1998.2955322265625 -558.65869140625 115.02967071533203
v 2318.296630859375 -561.056884765625 -2.2306885719299316
v 2318.296630859375 -558.3057250976562 -4.972788333892822
v 2318.296630859375 -545.9766845703125 -4.972789764404297
v 2318.296630859375 -561.056884765625 7.566777229309082
v 2318.296630859375 -545.9586791992188 10.02978229522705
v 2318.296630859375 -558.65869140625 10.02978229522705
v 1998.2955322265625 -561.056884765625 -3.452908276813105e-05
v 1998.2955322265625 -561.056884765625 12.566666603088379
v 1998.2955322265625 -561.056884765625 12.566666603088379
v 1998.2955322265625 -558.7235107421875 14.899965286254883
v 1998.2955322265625 -558.7235107421875 14.899965286254883
v 1998.2955322265625 -556.0235595703125 14.8999662399292
v 1998.2955322265625 -561.056884765625 -3.452908276813105e-05
v 1998.2955322265625 -561.056884765625 12.566666603088379
v 1998.2955322265625 -556.0235595703125 14.8999662399292
v 1998.2955322265625 -558.7235107421875 14.899965286254883
v 2318.296630859375 -556.0235595703125 -90.09992218017578
v 2318.296630859375 -561.056884765625 -92.43321990966797
v 2318.296630859375 -561.056884765625 -104.99991607666016
v 2318.296630859375 -558.7235717773438 -90.09991455078125
v 1998.2955322265625 -545.9586181640625 405.0296936035156
v 1998.2955322265625 -545.9766235351562 390.027099609375
v 1998.2955322265625 -545.9766235351562 390.027099609375
v 1998.2955322265625 -558.3056640625 390.027099609375
v 1998.2955322265625 -558.3056640625 390.027099609375
v 1998.2955322265625 -561.056884765625 392.7691955566406
v 1998.2955322265625 -561.056884765625 392.7691955566406
v 1998.2955322265625 -561.056884765625 402.5666809082031
v 1998.2955322265625 -561.056884765625 402.5666809082031
v 1998.2955322265625 -558.65869140625 405.0296936035156
v 1998.2955322265625 -558.65869140625 405.0296936035156
v 1998.2955322265625 -545.9586181640625 405.0296936035156
v 1998.2955322265625 -545.9766235351562 390.027099609375
v 1998.2955322265625 -558.3056640625 390.027099609375
v 1998.2955322265625 -561.056884765625 392.7691955566406
v 1998.2955322265625 -561.056884765625 402.5666809082031
v 1998.2955322265625 -545.9586181640625 405.0296936035156
v 1998.2955322265625 -558.65869140625 405.0296936035156
v 2318.296630859375 -561.056884765625 287.76934814453125
v 2318.296630859375 -558.3056640625 285.0272521972656
v 2318.296630859375 -545.9766235351562 285.0272521972656
v 2318.296630859375 -561.056884765625 297.56683349609375
v 2318.296630859375 -545.9586181640625 300.0298156738281
v 2318.296630859375 -558.65869140625 300.0298156738281
v 1998.2955322265625 -556.0235595703125 -3.496911085676402e-05
v 2318.296630859375 -556.0235595703125 -104.9999008178711
v 1995.796142578125 -958.504638671875 2.5001020431518555
v 1995.796142578125 -958.504638671875 -27.49989891052246
v 2318.296875 -958.504638671875 -104.9999771118164
v 2318.296875 -958.504638671875 -134.99998474121094
v 2318.296875 -958.504638671875 -134.99998474121094
v 2318.296875 -956.0022583007812 -134.99998474121094
v 2318.296875 -958.504638671875 -104.9999771118164
v 2318.296875 -956.0022583007812 -104.9999771118164
v 1995.796142578125 -956.0022583007812 -27.49989891052246
v 2318.296875 -956.0022583007812 -104.9999771118164
v 2318.296875 -956.0022583007812 -134.99998474121094
v 1995.796142578125 -956.0022583007812 2.5000956058502197
v 1995.796142578125 -956.0022583007812 -27.49989891052246
v 1995.796142578125 -958.504638671875 -27.49989891052246
v 1995.796142578125 -956.0022583007812 2.5001018047332764
v 1995.796142578125 -958.504638671875 2.5001020431518555
v 1995.796142578125 -958.504638671875 2.5001018047332764
v 2318.296875 -958.504638671875 -104.9999771118164
v 2318.296875 -956.0022583007812 -104.9999771118164
v 1995.796142578125 -956.0022583007812 2.5001015663146973
v 2553.29443359375 -956.0052490234375 -4.999875545501709
v 2318.296630859375 -956.0052490234375 -4.999885559082031
v 2553.29443359375 -956.0051879882812 295.0001220703125
v 2318.296630859375 -956.0051879882812 295.0001220703125
v 2553.29443359375 -966.0701293945312 10.029829978942871
v 2318.296630859375 -966.0521240234375 -4.972753047943115
v 2553.29443359375 -966.0521240234375 -4.972743034362793
v 2318.296630859375 -966.0701293945312 10.029818534851074
v 2553.29443359375 -966.0521240234375 -4.972743034362793
v 2318.296630859375 -953.7230834960938 -4.972754001617432
v 2553.29443359375 -953.7230834960938 -4.972743988037109
v 2318.296630859375 -966.0521240234375 -4.972753047943115
v 2553.29443359375 -953.7230834960938 -4.972743988037109
v 2318.296630859375 -950.971923828125 -2.23065447807312
v 2553.29443359375 -950.971923828125 -2.2306442260742188
v 2318.296630859375 -953.7230834960938 -4.972754001617432
v 2553.29443359375 -950.971923828125 -2.2306442260742188
v 2318.296630859375 -950.971923828125 7.566811561584473
v 2553.29443359375 -950.971923828125 7.566821575164795
v 2318.296630859375 -950.971923828125 -2.23065447807312
v 2553.29443359375 -950.971923828125 7.566821575164795
v 2318.296630859375 -953.3701171875 10.029817581176758
v 2553.29443359375 -953.3701171875 10.029828071594238
v 2318.296630859375 -950.971923828125 7.566811561584473
v 2553.29443359375 -953.3701171875 10.029828071594238
v 2318.296630859375 -966.0701293945312 10.029818534851074
v 2553.29443359375 -966.0701293945312 10.029829978942871
v 2318.296630859375 -953.3701171875 10.029817581176758
v 2553.29443359375 -966.0521240234375 -4.972743034362793
v 2553.29443359375 -953.7230834960938 -4.972743988037109
v 2553.29443359375 -950.971923828125 -2.2306442260742188
v 2553.29443359375 -950.971923828125 7.566821575164795
v 2553.29443359375 -966.0701293945312 10.029829978942871
v 2553.29443359375 -953.3701171875 10.029828071594238
v 2318.296630859375 -950.971923828125 -2.23065447807312
v 2318.296630859375 -953.7230834960938 -4.972754001617432
v 2318.296630859375 -966.0521240234375 -4.972753047943115
v 2318.296630859375 -950.971923828125 7.566811561584473
v 2318.296630859375 -966.0701293945312 10.029818534851074
v 2318.296630859375 -953.3701171875 10.029817581176758
v 2553.29443359375 -950.971923828125 -104.9998779296875
v 2318.296630859375 -950.971923828125 -92.43318939208984
v 2553.29443359375 -950.971923828125 -92.43318176269531
v 2318.296630859375 -950.971923828125 -104.99988555908203
v 2553.29443359375 -950.971923828125 -92.43318176269531
v 2318.296630859375 -953.3052368164062 -90.09988403320312
v 2553.29443359375 -953.3052368164062 -90.0998764038086
v 2318.296630859375 -950.971923828125 -92.43318939208984
v 2553.29443359375 -953.3052368164062 -90.0998764038086
v 2318.296630859375 -956.0052490234375 -90.09988403320312
v 2553.29443359375 -956.0052490234375 -90.0998764038086
v 2318.296630859375 -953.3052368164062 -90.09988403320312
v 2553.29443359375 -950.971923828125 -104.9998779296875
v 2553.29443359375 -950.971923828125 -92.43318176269531
v 2553.29443359375 -956.0052490234375 -90.0998764038086
v 2553.29443359375 -953.3052368164062 -90.0998764038086
v 2318.296630859375 -956.0052490234375 -90.09988403320312
v 2318.296630859375 -950.971923828125 -92.43318939208984
v 2318.296630859375 -950.971923828125 -104.99988555908203
v 2318.296630859375 -953.3052368164062 -90.09988403320312
v 2553.29443359375 -966.0701293945312 300.02984619140625
v 2318.296630859375 -966.0521240234375 285.02728271484375
v 2553.29443359375 -966.0521240234375 285.02728271484375
v 2318.296630859375 -966.0701293945312 300.02984619140625
v 2553.29443359375 -966.0521240234375 285.02728271484375
v 2318.296630859375 -953.7230224609375 285.02728271484375
v 2553.29443359375 -953.7230224609375 285.02728271484375
v 2318.296630859375 -966.0521240234375 285.02728271484375
v 2553.29443359375 -953.7230224609375 285.02728271484375
v 2318.296630859375 -950.9718627929688 287.7693786621094
v 2553.29443359375 -950.9718627929688 287.7693786621094
v 2318.296630859375 -953.7230224609375 285.02728271484375
v 2553.29443359375 -950.9718627929688 287.7693786621094
v 2318.296630859375 -950.9718627929688 297.5668640136719
v 2553.29443359375 -950.9718627929688 297.5668640136719
v 2318.296630859375 -950.9718627929688 287.7693786621094
v 2553.29443359375 -950.9718627929688 297.5668640136719
v 2318.296630859375 -953.3700561523438 300.02984619140625
v 2553.29443359375 -953.3700561523438 300.02984619140625
v 2318.296630859375 -950.9718627929688 297.5668640136719
v 2553.29443359375 -953.3700561523438 300.02984619140625
v 2318.296630859375 -966.0701293945312 300.02984619140625
v 2553.29443359375 -966.0701293945312 300.02984619140625
v 2318.296630859375 -953.3700561523438 300.02984619140625
v 2553.29443359375 -966.0521240234375 285.02728271484375
v 2553.29443359375 -953.7230224609375 285.02728271484375
v 2553.29443359375 -950.9718627929688 287.7693786621094
v 2553.29443359375 -950.9718627929688 297.5668640136719
v 2553.29443359375 -966.0701293945312 300.02984619140625
v 2553.29443359375 -953.3700561523438 300.02984619140625
v 2318.296630859375 -950.9718627929688 287.7693786621094
v 2318.296630859375 -953.7230224609375 285.02728271484375
v 2318.296630859375 -966.0521240234375 285.02728271484375
v 2318.296630859375 -950.9718627929688 297.5668640136719
v 2318.296630859375 -966.0701293945312 300.02984619140625
v 2318.296630859375 -953.3700561523438 300.02984619140625
v 2553.29443359375 -956.0052490234375 -104.9998779296875
v 2318.296630859375 -956.0052490234375 -104.99988555908203
v 2318.296630859375 -956.0052490234375 -4.999897480010986
v 1998.2955322265625 -956.0052490234375 99.99995422363281
v 2318.296630859375 -956.0051879882812 295.0000915527344
v 1998.2955322265625 -956.0052490234375 399.99993896484375
v 1998.2955322265625 -966.0521240234375 100.02713012695312
v 1998.2955322265625 -966.0701293945312 115.02970123291016
v 1998.2955322265625 -953.7230834960938 100.02713012695312
v 1998.2955322265625 -966.0521240234375 100.02713012695312
v 1998.2955322265625 -950.971923828125 102.76923370361328
v 1998.2955322265625 -953.7230834960938 100.02713012695312
v 1998.2955322265625 -950.971923828125 112.56669616699219
v 1998.2955322265625 -950.971923828125 102.76923370361328
v 1998.2955322265625 -953.3701171875 115.02970123291016
v 1998.2955322265625 -950.971923828125 112.56669616699219
v 1998.2955322265625 -966.0701293945312 115.02970123291016
v 1998.2955322265625 -953.3701171875 115.02970123291016
v 2318.296630859375 -966.0521240234375 -4.972753047943115
v 2318.296630859375 -953.7230834960938 -4.972754001617432
v 2318.296630859375 -950.971923828125 -2.23065447807312
v 2318.296630859375 -950.971923828125 7.566811561584473
v 2318.296630859375 -966.0701293945312 10.029818534851074
v 2318.296630859375 -953.3701171875 10.029817581176758
v 1998.2955322265625 -950.971923828125 102.76923370361328
v 1998.2955322265625 -953.7230834960938 100.02713012695312
v 1998.2955322265625 -966.0521240234375 100.02713012695312
v 1998.2955322265625 -950.971923828125 112.56669616699219
v 1998.2955322265625 -966.0701293945312 115.02970123291016
v 1998.2955322265625 -953.3701171875 115.02970123291016
v 1998.2955322265625 -950.971923828125 12.566699981689453
v 1998.2955322265625 -950.971923828125 -4.4162763401800476e-07
v 1998.2955322265625 -953.3052368164062 14.90000057220459
v 1998.2955322265625 -950.971923828125 12.566699981689453
v 1998.2955322265625 -956.0052490234375 14.90000057220459
v 1998.2955322265625 -953.3052368164062 14.90000057220459
v 2318.296630859375 -950.971923828125 -104.99988555908203
v 2318.296630859375 -950.971923828125 -92.43318939208984
v 2318.296630859375 -956.0052490234375 -90.09988403320312
v 2318.296630859375 -953.3052368164062 -90.09988403320312
v 1998.2955322265625 -956.0052490234375 14.90000057220459
v 1998.2955322265625 -950.971923828125 12.566699981689453
v 1998.2955322265625 -950.971923828125 -4.4162763401800476e-07
v 1998.2955322265625 -953.3052368164062 14.90000057220459
v 1998.2955322265625 -966.0521240234375 390.0271301269531
v 1998.2955322265625 -966.0701293945312 405.02972412109375
v 1998.2955322265625 -953.7230834960938 390.0271301269531
v 1998.2955322265625 -966.0521240234375 390.0271301269531
v 1998.2955322265625 -950.971923828125 392.76922607421875
v 1998.2955322265625 -953.7230834960938 390.0271301269531
v 1998.2955322265625 -950.971923828125 402.56671142578125
v 1998.2955322265625 -950.971923828125 392.76922607421875
v 1998.2955322265625 -953.3700561523438 405.02972412109375
v 1998.2955322265625 -950.971923828125 402.56671142578125
v 1998.2955322265625 -966.0701293945312 405.02972412109375
v 1998.2955322265625 -953.3700561523438 405.02972412109375
v 2318.296630859375 -966.0521240234375 285.02728271484375
v 2318.296630859375 -953.7230224609375 285.02728271484375
v 2318.296630859375 -950.9718627929688 287.7693786621094
v 2318.296630859375 -950.9718627929688 297.5668640136719
v 2318.296630859375 -966.0701293945312 300.02984619140625
v 2318.296630859375 -953.3700561523438 300.02984619140625
v 1998.2955322265625 -950.971923828125 392.76922607421875
v 1998.2955322265625 -953.7230834960938 390.0271301269531
v 1998.2955322265625 -966.0521240234375 390.0271301269531
v 1998.2955322265625 -950.971923828125 402.56671142578125
v 1998.2955322265625 -966.0701293945312 405.02972412109375
v 1998.2955322265625 -953.3700561523438 405.02972412109375
v 1998.2955322265625 -956.0052490234375 -2.3843456801841967e-05
v 1287.507568359375 -1399.178466796875 100.00000762939453
v 1077.50390625 -1399.178466796875 100.0
v 1287.507568359375 -1399.178466796875 300.0000305175781
v 1077.50390625 -1399.178466796875 300.0
v 1077.50390625 -1399.178466796875 99.99998474121094
v 1077.50390625 -1429.17724609375 99.99998474121094
v 1077.50390625 -1399.178466796875 299.99993896484375
v 1077.50390625 -1429.17724609375 299.99993896484375
v 1077.50390625 -1429.17724609375 100.0
v 1287.507568359375 -1429.17724609375 100.00001525878906
v 1077.50390625 -1429.17724609375 300.0
v 1287.507568359375 -1429.17724609375 300.0000305175781
v 1287.507568359375 -1409.243408203125 113.02961730957031
v 1077.50390625 -1409.225341796875 98.02704620361328
v 1287.507568359375 -1409.225341796875 98.02705383300781
v 1077.50390625 -1409.243408203125 113.02960968017578
v 1287.507568359375 -1409.225341796875 98.02705383300781
v 1077.50390625 -1396.8963623046875 98.02703857421875
v 1287.507568359375 -1396.8963623046875 98.02704620361328
v 1077.50390625 -1409.225341796875 98.02704620361328
v 1287.507568359375 -1396.8963623046875 98.02704620361328
v 1077.50390625 -1394.1451416015625 100.76912689208984
v 1287.507568359375 -1394.1451416015625 100.7691421508789
v 1077.50390625 -1396.8963623046875 98.02703857421875
v 1287.507568359375 -1394.1451416015625 100.7691421508789
v 1077.50390625 -1394.1451416015625 110.56659698486328
v 1287.507568359375 -1394.1451416015625 110.56661224365234
v 1077.50390625 -1394.1451416015625 100.76912689208984
v 1287.507568359375 -1394.1451416015625 110.56661224365234
v 1077.50390625 -1396.5433349609375 113.02960968017578
v 1287.507568359375 -1396.5433349609375 113.02961730957031
v 1077.50390625 -1394.1451416015625 110.56659698486328
v 1287.507568359375 -1396.5433349609375 113.02961730957031
v 1077.50390625 -1409.243408203125 113.02960968017578
v 1287.507568359375 -1409.243408203125 113.02961730957031
v 1077.50390625 -1396.5433349609375 113.02960968017578
v 1287.507568359375 -1409.225341796875 98.02705383300781
v 1287.507568359375 -1396.8963623046875 98.02704620361328
v 1287.507568359375 -1394.1451416015625 100.7691421508789
v 1287.507568359375 -1394.1451416015625 110.56661224365234
v 1287.507568359375 -1409.243408203125 113.02961730957031
v 1287.507568359375 -1396.5433349609375 113.02961730957031
v 1077.50390625 -1394.1451416015625 100.76912689208984
v 1077.50390625 -1396.8963623046875 98.02703857421875
v 1077.50390625 -1409.225341796875 98.02704620361328
v 1077.50390625 -1394.1451416015625 110.56659698486328
v 1077.50390625 -1409.243408203125 113.02960968017578
v 1077.50390625 -1396.5433349609375 113.02960968017578
v 1287.507568359375 -1394.145263671875 -2.0000863075256348
v 1077.50390625 -1394.145263671875 10.566605567932129
v 1287.507568359375 -1394.145263671875 10.566615104675293
v 1077.50390625 -1394.145263671875 -2.0000953674316406
v 1287.507568359375 -1394.145263671875 10.566615104675293
v 1077.50390625 -1396.478515625 12.89990520477295
v 1287.507568359375 -1396.478515625 12.89991569519043
v 1077.50390625 -1394.145263671875 10.566605567932129
v 1287.507568359375 -1396.478515625 12.89991569519043
v 1077.50390625 -1399.178466796875 12.89990520477295
v 1287.507568359375 -1399.178466796875 12.899914741516113
v 1077.50390625 -1396.478515625 12.89990520477295
v 1287.507568359375 -1394.145263671875 -2.0000863075256348
v 1287.507568359375 -1394.145263671875 10.566615104675293
v 1287.507568359375 -1399.178466796875 12.899914741516113
v 1287.507568359375 -1396.478515625 12.89991569519043
v 1077.50390625 -1399.178466796875 12.89990520477295
v 1077.50390625 -1394.145263671875 10.566605567932129
v 1077.50390625 -1394.145263671875 -2.0000953674316406
v 1077.50390625 -1396.478515625 12.89990520477295
v 1287.507568359375 -1399.178466796875 7.672304491279647e-06
v 1077.50390625 -1399.178466796875 -1.5072473615873605e-06
v 1077.50390625 -1399.178466796875 -1.5072473615873605e-06
v 1077.50390625 -1429.17724609375 1.1153279046993703e-06
v 1077.50390625 -1429.17724609375 1.1153279046993703e-06
v 1287.507568359375 -1429.17724609375 1.0294879757566378e-05
v 587.5045166015625 -1399.178466796875 299.9999694824219
v 1287.507568359375 -1399.178466796875 480.00006103515625
v 587.5045166015625 -1399.178466796875 480.0
v 587.5045166015625 -1429.17724609375 300.0
v 587.5045166015625 -1429.17724609375 480.0000305175781
v 1287.507568359375 -1429.17724609375 480.00006103515625
v 1287.507568359375 -1409.243408203125 405.0296936035156
v 587.5045166015625 -1409.225341796875 390.0271301269531
v 1287.507568359375 -1409.225341796875 390.02716064453125
v 587.5045166015625 -1409.243408203125 405.0296630859375
v 1287.507568359375 -1409.225341796875 390.02716064453125
v 587.5045166015625 -1396.8963623046875 390.027099609375
v 1287.507568359375 -1396.8963623046875 390.0271301269531
v 587.5045166015625 -1409.225341796875 390.0271301269531
v 1287.507568359375 -1396.8963623046875 390.0271301269531
v 587.5045166015625 -1394.145263671875 392.7691955566406
v 1287.507568359375 -1394.1451416015625 392.76922607421875
v 587.5045166015625 -1396.8963623046875 390.027099609375
v 1287.507568359375 -1394.1451416015625 392.76922607421875
v 587.5045166015625 -1394.145263671875 402.5666809082031
v 1287.507568359375 -1394.1451416015625 402.56671142578125
v 587.5045166015625 -1394.145263671875 392.7691955566406
v 1287.507568359375 -1394.1451416015625 402.56671142578125
v 587.5045166015625 -1396.5433349609375 405.0296325683594
v 1287.507568359375 -1396.5433349609375 405.0296630859375
v 587.5045166015625 -1394.145263671875 402.5666809082031
v 1287.507568359375 -1396.5433349609375 405.0296630859375
v 587.5045166015625 -1409.243408203125 405.0296630859375
v 1287.507568359375 -1409.243408203125 405.0296936035156
v 587.5045166015625 -1396.5433349609375 405.0296325683594
v 1287.507568359375 -1409.225341796875 390.02716064453125
v 1287.507568359375 -1396.8963623046875 390.0271301269531
v 1287.507568359375 -1394.1451416015625 392.76922607421875
v 1287.507568359375 -1394.1451416015625 402.56671142578125
v 1287.507568359375 -1409.243408203125 405.0296936035156
v 1287.507568359375 -1396.5433349609375 405.0296630859375
v 587.5045166015625 -1394.145263671875 392.7691955566406
v 587.5045166015625 -1396.8963623046875 390.027099609375
v 587.5045166015625 -1409.225341796875 390.0271301269531
v 587.5045166015625 -1394.145263671875 402.5666809082031
v 587.5045166015625 -1409.243408203125 405.0296630859375
v 587.5045166015625 -1396.5433349609375 405.0296325683594
v 777.50390625 -1429.17724609375 99.9999771118164
v 777.50390625 -1399.178466796875 99.99996948242188
v 777.50390625 -1429.17724609375 299.99993896484375
v 777.50390625 -1399.178466796875 299.99993896484375
v 777.50390625 -1399.178466796875 99.99998474121094
v 587.5045166015625 -1399.178466796875 99.9999771118164
v 777.50390625 -1399.178466796875 300.0
v 587.5045166015625 -1429.17724609375 99.99998474121094
v 777.50390625 -1429.17724609375 99.99999237060547
v 777.50390625 -1429.17724609375 300.0
v 777.50390625 -1409.243408203125 115.0296859741211
v 587.5045166015625 -1409.225341796875 100.02710723876953
v 777.50390625 -1409.225341796875 100.02711486816406
v 587.5045166015625 -1409.243408203125 115.02967834472656
v 777.50390625 -1409.225341796875 100.02711486816406
v 587.5045166015625 -1396.8963623046875 100.02710723876953
v 777.50390625 -1396.8963623046875 100.02711486816406
v 587.5045166015625 -1409.225341796875 100.02710723876953
v 777.50390625 -1396.8963623046875 100.02711486816406
v 587.5045166015625 -1394.145263671875 102.76921081542969
v 777.50390625 -1394.145263671875 102.76921844482422
v 587.5045166015625 -1396.8963623046875 100.02710723876953
v 777.50390625 -1394.145263671875 102.76921844482422
v 587.5045166015625 -1394.145263671875 112.5666732788086
v 777.50390625 -1394.145263671875 112.56668090820312
v 587.5045166015625 -1394.145263671875 102.76921081542969
v 777.50390625 -1394.145263671875 112.56668090820312
v 587.5045166015625 -1396.5433349609375 115.02967834472656
v 777.50390625 -1396.5433349609375 115.0296859741211
v 587.5045166015625 -1394.145263671875 112.5666732788086
v 777.50390625 -1396.5433349609375 115.0296859741211
v 587.5045166015625 -1409.243408203125 115.02967834472656
v 777.50390625 -1409.243408203125 115.0296859741211
v 587.5045166015625 -1396.5433349609375 115.02967834472656
v 777.50390625 -1409.225341796875 100.02711486816406
v 777.50390625 -1396.8963623046875 100.02711486816406
v 777.50390625 -1394.145263671875 102.76921844482422
v 777.50390625 -1394.145263671875 112.56668090820312
v 777.50390625 -1409.243408203125 115.0296859741211
v 777.50390625 -1396.5433349609375 115.0296859741211
v 587.5045166015625 -1394.145263671875 102.76921081542969
v 587.5045166015625 -1396.8963623046875 100.02710723876953
v 587.5045166015625 -1409.225341796875 100.02710723876953
v 587.5045166015625 -1394.145263671875 112.5666732788086
v 587.5045166015625 -1409.243408203125 115.02967834472656
v 587.5045166015625 -1396.5433349609375 115.02967834472656
v 777.50390625 -1394.145263671875 -1.5060690202517435e-05
v 587.5045166015625 -1394.145263671875 12.566678047180176
v 777.50390625 -1394.145263671875 12.566685676574707
v 587.5045166015625 -1394.145263671875 -2.3365832021227106e-05
v 777.50390625 -1394.145263671875 12.566685676574707
v 587.5045166015625 -1396.478515625 14.899977684020996
v 777.50390625 -1396.478515625 14.899986267089844
v 587.5045166015625 -1394.145263671875 12.566678047180176
v 777.50390625 -1396.478515625 14.899986267089844
v 587.5045166015625 -1399.178466796875 14.899977684020996
v 777.50390625 -1399.178466796875 14.899985313415527
v 587.5045166015625 -1396.478515625 14.899977684020996
v 777.50390625 -1394.145263671875 -1.5060690202517435e-05
v 777.50390625 -1394.145263671875 12.566685676574707
v 777.50390625 -1399.178466796875 14.899985313415527
v 777.50390625 -1396.478515625 14.899986267089844
v 587.5045166015625 -1399.178466796875 14.899977684020996
v 587.5045166015625 -1394.145263671875 12.566678047180176
v 587.5045166015625 -1394.145263671875 -2.3365832021227106e-05
v 587.5045166015625 -1396.478515625 14.899977684020996
v 777.50390625 -1429.17724609375 -1.1998083209618926e-05
v 777.50390625 -1399.178466796875 -1.4620665751863271e-05
v 777.50390625 -1399.178466796875 -1.4620665751863271e-05
v 587.5045166015625 -1399.178466796875 -2.2925807570572942e-05
v 587.5045166015625 -1429.17724609375 -2.0303225028328598e-05
v 777.50390625 -1429.17724609375 -1.1998083209618926e-05
v 1127.5008544921875 -285.05804443359375 99.99990844726562
v 1127.5008544921875 -556.0052490234375 99.99993133544922
v 1127.500732421875 -285.05804443359375 399.9999084472656
v 1127.500732421875 -556.0052490234375 399.9999084472656
v 1127.5008544921875 -556.0052490234375 99.99991607666016
v 1127.500732421875 -556.0052490234375 399.9998474121094
v 1137.565673828125 -285.05804443359375 115.02960968017578
v 1137.5477294921875 -545.9586181640625 100.02706146240234
v 1137.5477294921875 -285.05804443359375 100.02703857421875
v 1137.565673828125 -545.9405517578125 115.02963256835938
v 1137.5477294921875 -285.05804443359375 100.02703857421875
v 1125.21875 -558.287353515625 100.02706146240234
v 1125.21875 -285.05804443359375 100.02703857421875
v 1137.5477294921875 -545.9586181640625 100.02706146240234
v 1125.21875 -285.05804443359375 100.02703857421875
v 1122.467529296875 -561.0384521484375 102.7691650390625
v 1122.467529296875 -285.05804443359375 102.7691421508789
v 1125.21875 -558.287353515625 100.02706146240234
v 1122.467529296875 -285.05804443359375 102.7691421508789
v 1122.467529296875 -561.0384521484375 112.5666275024414
v 1122.467529296875 -285.05804443359375 112.56660461425781
v 1122.467529296875 -561.0384521484375 102.7691650390625
v 1122.467529296875 -285.05804443359375 112.56660461425781
v 1124.86572265625 -558.6403198242188 115.02963256835938
v 1124.86572265625 -285.05804443359375 115.02960968017578
v 1122.467529296875 -561.0384521484375 112.5666275024414
v 1124.86572265625 -285.05804443359375 115.02960968017578
v 1137.565673828125 -545.9405517578125 115.02963256835938
v 1137.565673828125 -285.05804443359375 115.02960968017578
v 1124.86572265625 -558.6403198242188 115.02963256835938
v 1137.565673828125 -545.9405517578125 115.02963256835938
v 1998.2957763671875 -545.9766235351562 100.027099609375
v 1137.5477294921875 -545.9586181640625 100.02706146240234
v 1998.2957763671875 -545.9586181640625 115.02967071533203
v 1998.29541015625 -558.3056640625 100.027099609375
v 1998.2957763671875 -545.9766235351562 100.027099609375
v 1125.21875 -558.287353515625 100.02706146240234
v 1998.29541015625 -561.056884765625 102.76920318603516
v 1122.467529296875 -561.0384521484375 102.7691650390625
v 1998.29541015625 -558.3056640625 100.027099609375
v 1122.467529296875 -561.0384521484375 102.7691650390625
v 1998.29541015625 -561.056884765625 112.56666564941406
v 1122.467529296875 -561.0384521484375 112.5666275024414
v 1998.29541015625 -561.056884765625 102.76920318603516
v 1122.467529296875 -561.0384521484375 112.5666275024414
v 1998.29541015625 -558.65869140625 115.02967071533203
v 1124.86572265625 -558.6403198242188 115.02963256835938
v 1998.29541015625 -561.056884765625 112.56666564941406
v 1998.2957763671875 -545.9586181640625 115.02967071533203
v 1998.29541015625 -558.65869140625 115.02967071533203
v 1137.5477294921875 -285.05804443359375 100.02703857421875
v 1125.21875 -285.05804443359375 100.02703857421875
v 1122.467529296875 -285.05804443359375 102.7691421508789
v 1122.467529296875 -285.05804443359375 112.56660461425781
v 1137.565673828125 -285.05804443359375 115.02960968017578
v 1124.86572265625 -285.05804443359375 115.02960968017578
v 1998.29541015625 -561.056884765625 102.76920318603516
v 1998.29541015625 -558.3056640625 100.027099609375
v 1998.2957763671875 -545.9766235351562 100.027099609375
v 1998.29541015625 -561.056884765625 112.56666564941406
v 1998.2957763671875 -545.9586181640625 115.02967071533203
v 1998.29541015625 -558.65869140625 115.02967071533203
v 1122.467529296875 -285.05804443359375 -9.694132313597947e-05
v 1122.467529296875 -561.0385131835938 12.566627502441406
v 1122.467529296875 -285.05804443359375 12.566604614257812
v 1122.467529296875 -561.0385131835938 -7.281434955075383e-05
v 1122.467529296875 -285.05804443359375 12.566604614257812
v 1124.80078125 -558.7052001953125 14.899927139282227
v 1124.80078125 -285.05804443359375 14.899904251098633
v 1122.467529296875 -561.0385131835938 12.566627502441406
v 1124.80078125 -285.05804443359375 14.899904251098633
v 1127.5008544921875 -556.0052490234375 14.899928092956543
v 1127.5008544921875 -285.05804443359375 14.899904251098633
v 1124.80078125 -558.7052001953125 14.899927139282227
v 1122.467529296875 -561.0385131835938 -7.281434955075383e-05
v 1998.29541015625 -561.056884765625 12.566666603088379
v 1122.467529296875 -561.0385131835938 12.566627502441406
v 1998.29541015625 -561.056884765625 -3.4529086406109855e-05
v 1122.467529296875 -561.0385131835938 12.566627502441406
v 1998.29541015625 -558.7235107421875 14.899965286254883
v 1124.80078125 -558.7052001953125 14.899927139282227
v 1998.29541015625 -561.056884765625 12.566666603088379
v 1998.29541015625 -558.7235107421875 14.899965286254883
v 1122.467529296875 -285.05804443359375 -9.694132313597947e-05
v 1122.467529296875 -285.05804443359375 12.566604614257812
v 1127.5008544921875 -285.05804443359375 14.899904251098633
v 1124.80078125 -285.05804443359375 14.899904251098633
v 1998.2955322265625 -556.0235595703125 14.8999662399292
v 1998.29541015625 -561.056884765625 12.566666603088379
v 1998.29541015625 -561.056884765625 -3.4529086406109855e-05
v 1998.29541015625 -558.7235107421875 14.899965286254883
v 1137.565673828125 -285.05804443359375 405.0296325683594
v 1137.547607421875 -545.9586181640625 390.02703857421875
v 1137.547607421875 -285.05804443359375 390.02703857421875
v 1137.565673828125 -545.9405517578125 405.0296325683594
v 1137.547607421875 -285.05804443359375 390.02703857421875
v 1125.2186279296875 -558.287353515625 390.02703857421875
v 1125.2186279296875 -285.05804443359375 390.02703857421875
v 1137.547607421875 -545.9586181640625 390.02703857421875
v 1125.2186279296875 -285.05804443359375 390.02703857421875
v 1122.467529296875 -561.0384521484375 392.7691345214844
v 1122.467529296875 -285.05804443359375 392.7691345214844
v 1125.2186279296875 -558.287353515625 390.02703857421875
v 1122.467529296875 -285.05804443359375 392.7691345214844
v 1122.467529296875 -561.0384521484375 402.5666198730469
v 1122.467529296875 -285.05804443359375 402.5666198730469
v 1122.467529296875 -561.0384521484375 392.7691345214844
v 1122.467529296875 -285.05804443359375 402.5666198730469
v 1124.86572265625 -558.6403198242188 405.0296325683594
v 1124.86572265625 -285.05804443359375 405.0296325683594
v 1122.467529296875 -561.0384521484375 402.5666198730469
v 1124.86572265625 -285.05804443359375 405.0296325683594
v 1137.565673828125 -545.9405517578125 405.0296325683594
v 1137.565673828125 -285.05804443359375 405.0296325683594
v 1124.86572265625 -558.6403198242188 405.0296325683594
v 1137.565673828125 -545.9405517578125 405.0296325683594
v 1998.295654296875 -545.9766235351562 390.027099609375
v 1137.547607421875 -545.9586181640625 390.02703857421875
v 1998.295654296875 -545.9586181640625 405.0296936035156
v 1998.29541015625 -558.3056640625 390.027099609375
v 1998.295654296875 -545.9766235351562 390.027099609375
v 1125.2186279296875 -558.287353515625 390.02703857421875
v 1998.29541015625 -561.056884765625 392.7691955566406
v 1122.467529296875 -561.0384521484375 392.7691345214844
v 1998.29541015625 -558.3056640625 390.027099609375
v 1122.467529296875 -561.0384521484375 392.7691345214844
v 1998.29541015625 -561.056884765625 402.5666809082031
v 1122.467529296875 -561.0384521484375 402.5666198730469
v 1998.29541015625 -561.056884765625 392.7691955566406
v 1122.467529296875 -561.0384521484375 402.5666198730469
v 1998.29541015625 -558.65869140625 405.0296936035156
v 1124.86572265625 -558.6403198242188 405.0296325683594
v 1998.29541015625 -561.056884765625 402.5666809082031
v 1998.295654296875 -545.9586181640625 405.0296936035156
v 1998.29541015625 -558.65869140625 405.0296936035156
v 1137.547607421875 -285.05804443359375 390.02703857421875
v 1125.2186279296875 -285.05804443359375 390.02703857421875
v 1122.467529296875 -285.05804443359375 392.7691345214844
v 1122.467529296875 -285.05804443359375 402.5666198730469
v 1137.565673828125 -285.05804443359375 405.0296325683594
v 1124.86572265625 -285.05804443359375 405.0296325683594
v 1998.29541015625 -561.056884765625 392.7691955566406
v 1998.29541015625 -558.3056640625 390.027099609375
v 1998.295654296875 -545.9766235351562 390.027099609375
v 1998.29541015625 -561.056884765625 402.5666809082031
v 1998.295654296875 -545.9586181640625 405.0296936035156
v 1998.29541015625 -558.65869140625 405.0296936035156
v 1127.5008544921875 -285.05804443359375 -9.672130545368418e-05
v 1127.5008544921875 -556.0052490234375 -7.303435995709151e-05
v 1127.5008544921875 -556.0052490234375 -7.303435995709151e-05
v -524.2479248046875 944.4066162109375 99.99972534179688
v -524.2479248046875 -556.00537109375 99.9998550415039
v -524.2479248046875 944.40673828125 399.9997253417969
v -524.2479248046875 -556.00537109375 399.9998474121094
v -524.2479248046875 -556.00537109375 99.9998550415039
v 727.5006103515625 -556.0052490234375 99.99990844726562
v -524.2479248046875 -556.00537109375 399.9998474121094
v 727.5006103515625 -556.0052490234375 399.9999084472656
v 727.5008544921875 -556.0052490234375 99.99990844726562
v 727.5008544921875 -271.84698486328125 99.99988555908203
v 727.5008544921875 -556.0052490234375 399.9999084472656
v 727.5008544921875 -271.84698486328125 399.9998779296875
v -514.1829833984375 944.40673828125 405.0294494628906
v -514.2010498046875 -545.9584350585938 390.0269775390625
v -514.2010498046875 944.40673828125 390.02685546875
v -514.1829833984375 -545.9404296875 405.0295715332031
v -514.2010498046875 944.40673828125 390.02685546875
v -526.5299072265625 -558.2874755859375 390.0269775390625
v -526.5299072265625 944.40673828125 390.02685546875
v -514.2010498046875 -545.9584350585938 390.0269775390625
v -526.5299072265625 944.40673828125 390.02685546875
v -529.2811279296875 -561.0386962890625 392.7690734863281
v -529.2811279296875 944.40673828125 392.7689514160156
v -526.5299072265625 -558.2874755859375 390.0269775390625
v -529.2811279296875 944.40673828125 392.7689514160156
v -529.2811279296875 -561.0386962890625 402.5665588378906
v -529.2811279296875 944.40673828125 402.5664367675781
v -529.2811279296875 -561.0386962890625 392.7690734863281
v -529.2811279296875 944.40673828125 402.5664367675781
v -526.8829345703125 -558.6405029296875 405.0295715332031
v -526.8829345703125 944.40673828125 405.0294494628906
v -529.2811279296875 -561.0386962890625 402.5665588378906
v -526.8829345703125 944.40673828125 405.0294494628906
v -514.1829833984375 -545.9404296875 405.0295715332031
v -514.1829833984375 944.40673828125 405.0294494628906
v -526.8829345703125 -558.6405029296875 405.0295715332031
v -514.1829833984375 -545.9404296875 405.0295715332031
v 717.4539794921875 -545.9583740234375 390.02703857421875
v -514.2010498046875 -545.9584350585938 390.0269775390625
v 717.4359130859375 -545.9404296875 405.0296325683594
v 729.782958984375 -558.2874755859375 390.02703857421875
v 717.4539794921875 -545.9583740234375 390.02703857421875
v -526.5299072265625 -558.2874755859375 390.0269775390625
v 732.5341796875 -561.03857421875 392.7691345214844
v -529.2811279296875 -561.0386962890625 392.7690734863281
v 729.782958984375 -558.2874755859375 390.02703857421875
v -529.2811279296875 -561.0386962890625 392.7690734863281
v 732.5341796875 -561.03857421875 402.5666198730469
v -529.2811279296875 -561.0386962890625 402.5665588378906
v 732.5341796875 -561.03857421875 392.7691345214844
v -529.2811279296875 -561.0386962890625 402.5665588378906
v 730.135986328125 -558.640380859375 405.0296325683594
v -526.8829345703125 -558.6405029296875 405.0295715332031
v 732.5341796875 -561.03857421875 402.5666198730469
v 717.4359130859375 -545.9404296875 405.0296325683594
v 730.135986328125 -558.640380859375 405.0296325683594
v 717.4359130859375 -545.9404296875 405.0296325683594
v 717.4539794921875 -271.84698486328125 390.0270080566406
v 717.4539794921875 -545.9583740234375 390.02703857421875
v 717.4359130859375 -271.84698486328125 405.02960205078125
v 729.782958984375 -271.84698486328125 390.0270080566406
v 717.4539794921875 -271.84698486328125 390.0270080566406
v 729.782958984375 -558.2874755859375 390.02703857421875
v 732.5341796875 -271.84698486328125 392.76910400390625
v 732.5341796875 -561.03857421875 392.7691345214844
v 729.782958984375 -271.84698486328125 390.0270080566406
v 732.5341796875 -561.03857421875 392.7691345214844
v 732.5341796875 -271.84698486328125 402.56658935546875
v 732.5341796875 -561.03857421875 402.5666198730469
v 732.5341796875 -271.84698486328125 392.76910400390625
v 732.5341796875 -561.03857421875 402.5666198730469
v 730.135986328125 -271.84698486328125 405.02960205078125
v 730.135986328125 -558.640380859375 405.0296325683594
v 732.5341796875 -271.84698486328125 402.56658935546875
v 717.4359130859375 -271.84698486328125 405.02960205078125
v 730.135986328125 -271.84698486328125 405.02960205078125
v -514.2010498046875 944.40673828125 390.02685546875
v -526.5299072265625 944.40673828125 390.02685546875
v -529.2811279296875 944.40673828125 392.7689514160156
v -529.2811279296875 944.40673828125 402.5664367675781
v -514.1829833984375 944.40673828125 405.0294494628906
v -526.8829345703125 944.40673828125 405.0294494628906
v 732.5341796875 -271.84698486328125 392.76910400390625
v 729.782958984375 -271.84698486328125 390.0270080566406
v 717.4539794921875 -271.84698486328125 390.0270080566406
v 732.5341796875 -271.84698486328125 402.56658935546875
v 717.4359130859375 -271.84698486328125 405.02960205078125
v 730.135986328125 -271.84698486328125 405.02960205078125
v -529.2811279296875 944.4066162109375 -0.00027662477805279195
v -529.2811279296875 -561.0386962890625 12.566555976867676
v -529.2811279296875 944.4066162109375 12.566424369812012
v -529.2811279296875 -561.0386962890625 -0.0001450145646231249
v -529.2811279296875 944.4066162109375 12.566424369812012
v -526.9478759765625 -558.705322265625 14.899855613708496
v -526.9478759765625 944.4066162109375 14.899724006652832
v -529.2811279296875 -561.0386962890625 12.566555976867676
v -526.9478759765625 944.4066162109375 14.899724006652832
v -524.2479248046875 -556.00537109375 14.899855613708496
v -524.2479248046875 944.4066162109375 14.899724006652832
v -526.9478759765625 -558.705322265625 14.899855613708496
v -529.2811279296875 -561.0386962890625 -0.0001450145646231249
v 732.5341796875 -561.0386352539062 12.566611289978027
v -529.2811279296875 -561.0386962890625 12.566555976867676
v 732.5341796875 -561.0386352539062 -8.985886961454526e-05
v -529.2811279296875 -561.0386962890625 12.566555976867676
v 730.200927734375 -558.705322265625 14.899909973144531
v -526.9478759765625 -558.705322265625 14.899855613708496
v 732.5341796875 -561.0386352539062 12.566611289978027
v 727.5008544921875 -556.0053100585938 14.899909973144531
v 730.200927734375 -558.705322265625 14.899909973144531
v 732.5341796875 -561.0386352539062 -8.985886961454526e-05
v 732.5341796875 -271.84698486328125 12.5665864944458
v 732.5341796875 -561.0386352539062 12.566611289978027
v 732.5341796875 -271.84698486328125 -0.00011514080688357353
v 732.5341796875 -561.0386352539062 12.566611289978027
v 730.200927734375 -271.84698486328125 14.899885177612305
v 730.200927734375 -558.705322265625 14.899909973144531
v 732.5341796875 -271.84698486328125 12.5665864944458
v 727.5008544921875 -271.84698486328125 14.899885177612305
v 730.200927734375 -271.84698486328125 14.899885177612305
v -529.2811279296875 944.4066162109375 -0.00027662477805279195
v -529.2811279296875 944.4066162109375 12.566424369812012
v -524.2479248046875 944.4066162109375 14.899724006652832
v -526.9478759765625 944.4066162109375 14.899724006652832
v 727.5008544921875 -271.84698486328125 14.899885177612305
v 732.5341796875 -271.84698486328125 12.5665864944458
v 732.5341796875 -271.84698486328125 -0.00011514080688357353
v 730.200927734375 -271.84698486328125 14.899885177612305
v -514.1829833984375 944.4066162109375 115.02942657470703
v -514.2010498046875 -545.9584350585938 100.02698516845703
v -514.2010498046875 944.4066162109375 100.02685546875
v -514.1829833984375 -545.9404296875 115.02955627441406
v -514.2010498046875 944.4066162109375 100.02685546875
v -526.5299072265625 -558.2874755859375 100.02698516845703
v -526.5299072265625 944.4066162109375 100.02685546875
v -514.2010498046875 -545.9584350585938 100.02698516845703
v -526.5299072265625 944.4066162109375 100.02685546875
v -529.2811279296875 -561.0386962890625 102.76908874511719
v -529.2811279296875 944.4066162109375 102.76895141601562
v -526.5299072265625 -558.2874755859375 100.02698516845703
v -529.2811279296875 944.4066162109375 102.76895141601562
v -529.2811279296875 -561.0386962890625 112.5665512084961
v -529.2811279296875 944.4066162109375 112.56641387939453
v -529.2811279296875 -561.0386962890625 102.76908874511719
v -529.2811279296875 944.4066162109375 112.56641387939453
v -526.8829345703125 -558.6405029296875 115.02955627441406
v -526.8829345703125 944.4066162109375 115.02942657470703
v -529.2811279296875 -561.0386962890625 112.5665512084961
v -526.8829345703125 944.4066162109375 115.02942657470703
v -514.1829833984375 -545.9404296875 115.02955627441406
v -514.1829833984375 944.4066162109375 115.02942657470703
v -526.8829345703125 -558.6405029296875 115.02955627441406
v -514.1829833984375 -545.9404296875 115.02955627441406
v 717.4539794921875 -545.9583740234375 100.02703857421875
v -514.2010498046875 -545.9584350585938 100.02698516845703
v 717.4359130859375 -545.9404296875 115.02960968017578
v 729.782958984375 -558.2874755859375 100.02703857421875
v 717.4539794921875 -545.9583740234375 100.02703857421875
v -526.5299072265625 -558.2874755859375 100.02698516845703
v 732.5341796875 -561.03857421875 102.7691421508789
v -529.2811279296875 -561.0386962890625 102.76908874511719
v 729.782958984375 -558.2874755859375 100.02703857421875
v -529.2811279296875 -561.0386962890625 102.76908874511719
v 732.5341796875 -561.03857421875 112.56660461425781
v -529.2811279296875 -561.0386962890625 112.5665512084961
v 732.5341796875 -561.03857421875 102.7691421508789
v -529.2811279296875 -561.0386962890625 112.5665512084961
v 730.135986328125 -558.640380859375 115.02960968017578
v -526.8829345703125 -558.6405029296875 115.02955627441406
v 732.5341796875 -561.03857421875 112.56660461425781
v 717.4359130859375 -545.9404296875 115.02960968017578
v 730.135986328125 -558.640380859375 115.02960968017578
v 717.4359130859375 -545.9404296875 115.02960968017578
v 717.4539794921875 -271.84698486328125 100.02701568603516
v 717.4539794921875 -545.9583740234375 100.02703857421875
v 717.4359130859375 -271.84698486328125 115.02958679199219
v 729.782958984375 -271.84698486328125 100.02701568603516
v 717.4539794921875 -271.84698486328125 100.02701568603516
v 729.782958984375 -558.2874755859375 100.02703857421875
v 732.5341796875 -271.84698486328125 102.76911926269531
v 732.5341796875 -561.03857421875 102.7691421508789
v 729.782958984375 -271.84698486328125 100.02701568603516
v 732.5341796875 -561.03857421875 102.7691421508789
v 732.5341796875 -271.84698486328125 112.56658172607422
v 732.5341796875 -561.03857421875 112.56660461425781
v 732.5341796875 -271.84698486328125 102.76911926269531
v 732.5341796875 -561.03857421875 112.56660461425781
v 730.135986328125 -271.84698486328125 115.02958679199219
v 730.135986328125 -558.640380859375 115.02960968017578
v 732.5341796875 -271.84698486328125 112.56658172607422
v 717.4359130859375 -271.84698486328125 115.02958679199219
v 730.135986328125 -271.84698486328125 115.02958679199219
v -514.2010498046875 944.4066162109375 100.02685546875
v -526.5299072265625 944.4066162109375 100.02685546875
v -529.2811279296875 944.4066162109375 102.76895141601562
v -529.2811279296875 944.4066162109375 112.56641387939453
v -514.1829833984375 944.4066162109375 115.02942657470703
v -526.8829345703125 944.4066162109375 115.02942657470703
v 732.5341796875 -271.84698486328125 102.76911926269531
v 729.782958984375 -271.84698486328125 100.02701568603516
v 717.4539794921875 -271.84698486328125 100.02701568603516
v 732.5341796875 -271.84698486328125 112.56658172607422
v 717.4359130859375 -271.84698486328125 115.02958679199219
v 730.135986328125 -271.84698486328125 115.02958679199219
v -524.2479248046875 944.4066162109375 -0.00027640481130219996
v -524.2479248046875 -556.00537109375 -0.00014523460413329303
v -524.2479248046875 -556.00537109375 -0.00014523460413329303
v 727.5006103515625 -556.0053100585938 -9.051892266143113e-05
v 727.5008544921875 -556.0053100585938 -9.05189081095159e-05
v 727.5008544921875 -271.84698486328125 -0.00011536081728991121
v -522.4991455078125 -556.00537109375 399.9998474121094
v 727.5008544921875 -556.00830078125 399.9999084472656
v -522.4959716796875 -956.00537109375 399.9999084472656
v 727.49169921875 -955.9869995117188 399.99993896484375
v 727.5040283203125 -1400.9942626953125 400.0
v 728.5048828125 -281.01751708984375 399.9998779296875
v 1127.491455078125 -955.9869384765625 399.9999694824219
v 1127.500732421875 -556.0021362304688 399.9999084472656
v 1127.50390625 -1400.9942626953125 400.0
v 1998.2955322265625 -556.0052490234375 399.9999694824219
v 1998.2955322265625 -956.0052490234375 400.0
v 1128.2880859375 -281.00531005859375 399.9999084472656
v 2315.79736328125 -556.0235595703125 295.0000915527344
v 2552.48876953125 -556.0051879882812 295.00006103515625
v 2315.803466796875 -956.0234985351562 295.0001220703125
v 2552.49462890625 -956.0051879882812 295.0001220703125
v 1992.5032958984375 -956.0052490234375 107.5000991821289
v 1127.5008544921875 -956.0052490234375 107.50006103515625
v 1992.5032958984375 -956.0051879882812 407.50006103515625
v 1127.500732421875 -956.0052490234375 407.5000305175781
v 1127.5008544921875 -956.0052490234375 107.50006103515625
v 1127.5008544921875 -1406.0052490234375 107.5000991821289
v 1127.500732421875 -956.0052490234375 407.5000305175781
v 1127.5008544921875 -1406.0052490234375 407.50006103515625
v 1992.5032958984375 -966.0701293945312 404.5297546386719
v 1137.547607421875 -966.0521850585938 389.5271911621094
v 1992.5032958984375 -966.0521240234375 389.5272216796875
v 1137.565673828125 -966.0701293945312 404.52972412109375
v 1992.5032958984375 -966.0521240234375 389.5272216796875
v 1125.2186279296875 -953.7230834960938 389.52716064453125
v 1992.5032958984375 -953.7230224609375 389.5272216796875
v 1137.547607421875 -966.0521850585938 389.5271911621094
v 1992.5032958984375 -953.7230224609375 389.5272216796875
v 1122.467529296875 -950.971923828125 392.2692565917969
v 1992.5032958984375 -950.9718627929688 392.2693176269531
v 1125.2186279296875 -953.7230834960938 389.52716064453125
v 1992.5032958984375 -950.9718627929688 392.2693176269531
v 1122.467529296875 -950.971923828125 402.0666809082031
v 1992.5032958984375 -950.9718627929688 402.0667419433594
v 1122.467529296875 -950.971923828125 392.2692565917969
v 1992.5032958984375 -950.9718627929688 402.0667419433594
v 1124.86572265625 -953.3701171875 404.5296936035156
v 1992.5032958984375 -953.3700561523438 404.5297546386719
v 1122.467529296875 -950.971923828125 402.0666809082031
v 1992.5032958984375 -953.3700561523438 404.5297546386719
v 1137.565673828125 -966.0701293945312 404.52972412109375
v 1992.5032958984375 -966.0701293945312 404.5297546386719
v 1124.86572265625 -953.3701171875 404.5296936035156
v 1137.565673828125 -966.0701293945312 404.52972412109375
v 1137.5477294921875 -1406.0052490234375 389.5272216796875
v 1137.547607421875 -966.0521850585938 389.5271911621094
v 1137.565673828125 -1406.0052490234375 404.5297546386719
v 1125.21875 -1406.0052490234375 389.5272216796875
v 1137.5477294921875 -1406.0052490234375 389.5272216796875
v 1125.2186279296875 -953.7230834960938 389.52716064453125
v 1122.467529296875 -1406.0052490234375 392.2693176269531
v 1122.467529296875 -950.971923828125 392.2692565917969
v 1125.21875 -1406.0052490234375 389.5272216796875
v 1122.467529296875 -950.971923828125 392.2692565917969
v 1122.467529296875 -1406.0052490234375 402.0667419433594
v 1122.467529296875 -950.971923828125 402.0666809082031
v 1122.467529296875 -1406.0052490234375 392.2693176269531
v 1122.467529296875 -950.971923828125 402.0666809082031
v 1124.86572265625 -1406.0052490234375 404.5297546386719
v 1124.86572265625 -953.3701171875 404.5296936035156
v 1122.467529296875 -1406.0052490234375 402.0667419433594
v 1137.565673828125 -1406.0052490234375 404.5297546386719
v 1124.86572265625 -1406.0052490234375 404.5297546386719
v 1992.5032958984375 -966.0521240234375 389.5272216796875
v 1992.5032958984375 -953.7230224609375 389.5272216796875
v 1992.5032958984375 -950.9718627929688 392.2693176269531
v 1992.5032958984375 -950.9718627929688 402.0667419433594
v 1992.5032958984375 -966.0701293945312 404.5297546386719
v 1992.5032958984375 -953.3700561523438 404.5297546386719
v 1122.467529296875 -1406.0052490234375 392.2693176269531
v 1125.21875 -1406.0052490234375 389.5272216796875
v 1137.5477294921875 -1406.0052490234375 389.5272216796875
v 1122.467529296875 -1406.0052490234375 402.0667419433594
v 1137.565673828125 -1406.0052490234375 404.5297546386719
v 1124.86572265625 -1406.0052490234375 404.5297546386719
v 1992.5032958984375 -966.0701293945312 112.52980041503906
v 1137.5477294921875 -966.0521850585938 97.52719116210938
v 1992.5032958984375 -966.0521240234375 97.52722930908203
v 1137.565673828125 -966.0701904296875 112.5297622680664
v 1992.5032958984375 -966.0521240234375 97.52722930908203
v 1125.21875 -953.7230834960938 97.52719116210938
v 1992.5032958984375 -953.7230224609375 97.52722930908203
v 1137.5477294921875 -966.0521850585938 97.52719116210938
v 1992.5032958984375 -953.7230224609375 97.52722930908203
v 1122.467529296875 -950.971923828125 100.26929473876953
v 1992.5032958984375 -950.9718627929688 100.26933288574219
v 1125.21875 -953.7230834960938 97.52719116210938
v 1992.5032958984375 -950.9718627929688 100.26933288574219
v 1122.467529296875 -950.971923828125 110.06675720214844
v 1992.5032958984375 -950.9718627929688 110.0667953491211
v 1122.467529296875 -950.971923828125 100.26929473876953
v 1992.5032958984375 -950.9718627929688 110.0667953491211
v 1124.86572265625 -953.3701171875 112.5297622680664
v 1992.5032958984375 -953.3701171875 112.52980041503906
v 1122.467529296875 -950.971923828125 110.06675720214844
v 1992.5032958984375 -953.3701171875 112.52980041503906
v 1137.565673828125 -966.0701904296875 112.5297622680664
v 1992.5032958984375 -966.0701293945312 112.52980041503906
v 1124.86572265625 -953.3701171875 112.5297622680664
v 1137.565673828125 -966.0701904296875 112.5297622680664
v 1137.5477294921875 -1406.0052490234375 97.52722930908203
v 1137.5477294921875 -966.0521850585938 97.52719116210938
v 1137.565673828125 -1406.0052490234375 112.52980041503906
v 1125.21875 -1406.0052490234375 97.52722930908203
v 1137.5477294921875 -1406.0052490234375 97.52722930908203
v 1125.21875 -953.7230834960938 97.52719116210938
v 1122.467529296875 -1406.0052490234375 100.26933288574219
v 1122.467529296875 -950.971923828125 100.26929473876953
v 1125.21875 -1406.0052490234375 97.52722930908203
v 1122.467529296875 -950.971923828125 100.26929473876953
v 1122.467529296875 -1406.0052490234375 110.0667953491211
v 1122.467529296875 -950.971923828125 110.06675720214844
v 1122.467529296875 -1406.0052490234375 100.26933288574219
v 1122.467529296875 -950.971923828125 110.06675720214844
v 1124.86572265625 -1406.0052490234375 112.52980041503906
v 1124.86572265625 -953.3701171875 112.5297622680664
v 1122.467529296875 -1406.0052490234375 110.0667953491211
v 1137.565673828125 -1406.0052490234375 112.52980041503906
v 1124.86572265625 -1406.0052490234375 112.52980041503906
v 1992.5032958984375 -966.0521240234375 97.52722930908203
v 1992.5032958984375 -953.7230224609375 97.52722930908203
v 1992.5032958984375 -950.9718627929688 100.26933288574219
v 1992.5032958984375 -950.9718627929688 110.0667953491211
v 1992.5032958984375 -966.0701293945312 112.52980041503906
v 1992.5032958984375 -953.3701171875 112.52980041503906
v 1122.467529296875 -1406.0052490234375 100.26933288574219
v 1125.21875 -1406.0052490234375 97.52722930908203
v 1137.5477294921875 -1406.0052490234375 97.52722930908203
v 1122.467529296875 -1406.0052490234375 110.0667953491211
v 1137.565673828125 -1406.0052490234375 112.52980041503906
v 1124.86572265625 -1406.0052490234375 112.52980041503906
v 1992.5032958984375 -950.971923828125 -2.4999008178710938
v 1122.467529296875 -950.971923828125 10.066761016845703
v 1992.5032958984375 -950.971923828125 10.06679916381836
v 1122.467529296875 -950.971923828125 -2.499938726425171
v 1992.5032958984375 -950.971923828125 10.06679916381836
v 1124.80078125 -953.3052978515625 12.40006160736084
v 1992.5032958984375 -953.3052368164062 12.400099754333496
v 1122.467529296875 -950.971923828125 10.066761016845703
v 1992.5032958984375 -953.3052368164062 12.400099754333496
v 1127.5008544921875 -956.0053100585938 12.400062561035156
v 1992.5032958984375 -956.0052490234375 12.400099754333496
v 1124.80078125 -953.3052978515625 12.40006160736084
v 1122.467529296875 -950.971923828125 -2.499938726425171
v 1122.467529296875 -1406.0052490234375 10.066801071166992
v 1122.467529296875 -950.971923828125 10.066761016845703
v 1122.467529296875 -1406.0052490234375 -2.499898910522461
v 1122.467529296875 -950.971923828125 10.066761016845703
v 1124.80078125 -1406.0052490234375 12.400101661682129
v 1124.80078125 -953.3052978515625 12.40006160736084
v 1122.467529296875 -1406.0052490234375 10.066801071166992
v 1127.5008544921875 -1406.0052490234375 12.400102615356445
v 1124.80078125 -1406.0052490234375 12.400101661682129
v 1992.5032958984375 -950.971923828125 -2.4999008178710938
v 1992.5032958984375 -950.971923828125 10.06679916381836
v 1992.5032958984375 -956.0052490234375 12.400099754333496
v 1992.5032958984375 -953.3052368164062 12.400099754333496
v 1127.5008544921875 -1406.0052490234375 12.400102615356445
v 1122.467529296875 -1406.0052490234375 10.066801071166992
v 1122.467529296875 -1406.0052490234375 -2.499898910522461
v 1124.80078125 -1406.0052490234375 12.400101661682129
v 1992.5032958984375 -956.0052490234375 -2.4999003410339355
v 1127.5008544921875 -956.0053100585938 -2.4999380111694336
v 1127.5008544921875 -956.0053100585938 -2.4999380111694336
v 1127.5008544921875 -1406.0052490234375 -2.499898672103882
v 727.5008544921875 -316.0029296875 99.99988555908203
v 785.7894287109375 -316.0029296875 99.99988555908203
v 727.5008544921875 -316.0029296875 399.9999084472656
v 785.7894287109375 -316.0029296875 399.9999084472656
v 786.3114013671875 -316.0029296875 99.99987030029297
v 786.3114013671875 -316.00286865234375 309.9998779296875
v 1065.7882080078125 -316.00286865234375 309.9998779296875
v 1065.7880859375 -316.0029296875 399.9998474121094
v 1065.7882080078125 -316.0029296875 99.9999008178711
v 1127.5008544921875 -316.0029296875 99.9999008178711
v 1127.500732421875 -316.0029296875 399.9999084472656
v 727.5008544921875 -305.93804931640625 405.0296325683594
v 785.7894287109375 -305.9560546875 390.02703857421875
v 727.5008544921875 -305.9560546875 390.02703857421875
v 785.7894287109375 -305.93804931640625 405.0296325683594
v 727.5008544921875 -305.9560546875 390.02703857421875
v 785.7894287109375 -318.28509521484375 390.02703857421875
v 727.5008544921875 -318.28509521484375 390.02703857421875
v 785.7894287109375 -305.9560546875 390.02703857421875
v 727.5008544921875 -318.28509521484375 390.02703857421875
v 785.7894287109375 -321.0362548828125 392.7691345214844
v 727.5008544921875 -321.0362548828125 392.7691345214844
v 785.7894287109375 -318.28509521484375 390.02703857421875
v 727.5008544921875 -321.0362548828125 392.7691345214844
v 785.7894287109375 -321.0362548828125 402.5666198730469
v 727.5008544921875 -321.0362548828125 402.5666198730469
v 785.7894287109375 -321.0362548828125 392.7691345214844
v 727.5008544921875 -321.0362548828125 402.5666198730469
v 785.7894287109375 -318.6380615234375 405.0296325683594
v 727.5008544921875 -318.6380615234375 405.0296325683594
v 785.7894287109375 -321.0362548828125 402.5666198730469
v 727.5008544921875 -318.6380615234375 405.0296325683594
v 785.7894287109375 -305.93804931640625 405.0296325683594
v 727.5008544921875 -305.93804931640625 405.0296325683594
v 785.7894287109375 -318.6380615234375 405.0296325683594
v 1065.7880859375 -305.93804931640625 405.0296325683594
v 1127.500732421875 -305.9560546875 390.02703857421875
v 1065.7880859375 -305.9560546875 390.02703857421875
v 1127.500732421875 -305.93804931640625 405.0296325683594
v 1065.7880859375 -305.9560546875 390.02703857421875
v 1127.500732421875 -318.28509521484375 390.02703857421875
v 1065.7880859375 -318.28509521484375 390.02703857421875
v 1127.500732421875 -305.9560546875 390.02703857421875
v 1065.7880859375 -318.28509521484375 390.02703857421875
v 1127.500732421875 -321.0362548828125 392.7691345214844
v 1065.7880859375 -321.0362548828125 392.7691345214844
v 1127.500732421875 -318.28509521484375 390.02703857421875
v 1065.7880859375 -321.0362548828125 392.7691345214844
v 1127.500732421875 -321.0362548828125 402.5666198730469
v 1065.7880859375 -321.0362548828125 402.5666198730469
v 1127.500732421875 -321.0362548828125 392.7691345214844
v 1065.7880859375 -321.0362548828125 402.5666198730469
v 1127.500732421875 -318.6380615234375 405.0296325683594
v 1065.7880859375 -318.6380615234375 405.0296325683594
v 1127.500732421875 -321.0362548828125 402.5666198730469
v 1065.7880859375 -318.6380615234375 405.0296325683594
v 1127.500732421875 -305.93804931640625 405.0296325683594
v 1065.7880859375 -305.93804931640625 405.0296325683594
v 1127.500732421875 -318.6380615234375 405.0296325683594
v 727.5008544921875 -305.9560546875 390.02703857421875
v 727.5008544921875 -318.28509521484375 390.02703857421875
v 727.5008544921875 -321.0362548828125 392.7691345214844
v 727.5008544921875 -321.0362548828125 402.5666198730469
v 727.5008544921875 -305.93804931640625 405.0296325683594
v 727.5008544921875 -318.6380615234375 405.0296325683594
v 785.7894287109375 -321.0362548828125 392.7691345214844
v 785.7894287109375 -318.28509521484375 390.02703857421875
v 785.7894287109375 -305.9560546875 390.02703857421875
v 785.7894287109375 -321.0362548828125 402.5666198730469
v 785.7894287109375 -305.93804931640625 405.0296325683594
v 785.7894287109375 -318.6380615234375 405.0296325683594
v 1065.7880859375 -305.9560546875 390.02703857421875
v 1065.7880859375 -318.28509521484375 390.02703857421875
v 1065.7880859375 -321.0362548828125 392.7691345214844
v 1065.7880859375 -321.0362548828125 402.5666198730469
v 1065.7880859375 -305.93804931640625 405.0296325683594
v 1065.7880859375 -318.6380615234375 405.0296325683594
v 1127.500732421875 -321.0362548828125 392.7691345214844
v 1127.500732421875 -318.28509521484375 390.02703857421875
v 1127.500732421875 -305.9560546875 390.02703857421875
v 1127.500732421875 -321.0362548828125 402.5666198730469
v 1127.500732421875 -305.93804931640625 405.0296325683594
v 1127.500732421875 -318.6380615234375 405.0296325683594
v 727.5008544921875 -321.0362548828125 -0.00011106054444098845
v 785.7894287109375 -321.0362548828125 12.5665922164917
v 727.5008544921875 -321.0362548828125 12.56658935546875
v 785.7894287109375 -321.0362548828125 -0.00010851268598344177
v 727.5008544921875 -321.0362548828125 12.56658935546875
v 785.7894287109375 -318.70294189453125 14.89989185333252
v 727.5008544921875 -318.70294189453125 14.89988899230957
v 785.7894287109375 -321.0362548828125 12.5665922164917
v 727.5008544921875 -318.70294189453125 14.89988899230957
v 785.7894287109375 -316.0029296875 14.899892807006836
v 727.5008544921875 -316.0029296875 14.89988899230957
v 785.7894287109375 -318.70294189453125 14.89989185333252
v 1065.7882080078125 -321.0362548828125 -9.627353574614972e-05
v 1127.5008544921875 -321.0362548828125 12.566607475280762
v 1065.7882080078125 -321.0362548828125 12.566604614257812
v 1127.5008544921875 -321.0362548828125 -9.357600356452167e-05
v 1065.7882080078125 -321.0362548828125 12.566604614257812
v 1127.5008544921875 -318.70294189453125 14.899906158447266
v 1065.7882080078125 -318.70294189453125 14.899904251098633
v 1127.5008544921875 -321.0362548828125 12.566607475280762
v 1065.7882080078125 -318.70294189453125 14.899904251098633
v 1127.5008544921875 -316.0029296875 14.899907112121582
v 1065.7882080078125 -316.0029296875 14.899904251098633
v 1127.5008544921875 -318.70294189453125 14.899906158447266
v 727.5008544921875 -321.0362548828125 -0.00011106054444098845
v 727.5008544921875 -321.0362548828125 12.56658935546875
v 727.5008544921875 -316.0029296875 14.89988899230957
v 727.5008544921875 -318.70294189453125 14.89988899230957
v 785.7894287109375 -316.0029296875 14.899892807006836
v 785.7894287109375 -321.0362548828125 12.5665922164917
v 785.7894287109375 -321.0362548828125 -0.00010851268598344177
v 785.7894287109375 -318.70294189453125 14.89989185333252
v 1065.7882080078125 -321.0362548828125 -9.627353574614972e-05
v 1065.7882080078125 -321.0362548828125 12.566604614257812
v 1065.7882080078125 -316.0029296875 14.899904251098633
v 1065.7882080078125 -318.70294189453125 14.899904251098633
v 1127.5008544921875 -316.0029296875 14.899907112121582
v 1127.5008544921875 -321.0362548828125 12.566607475280762
v 1127.5008544921875 -321.0362548828125 -9.357600356452167e-05
v 1127.5008544921875 -318.70294189453125 14.899906158447266
v 727.5008544921875 -305.93804931640625 115.02958679199219
v 785.7894287109375 -305.9560546875 100.02701568603516
v 727.5008544921875 -305.9560546875 100.02701568603516
v 785.7894287109375 -305.93804931640625 115.02958679199219
v 727.5008544921875 -305.9560546875 100.02701568603516
v 785.7894287109375 -318.28509521484375 100.02701568603516
v 727.5008544921875 -318.28509521484375 100.02701568603516
v 785.7894287109375 -305.9560546875 100.02701568603516
v 727.5008544921875 -318.28509521484375 100.02701568603516
v 785.7894287109375 -321.0362548828125 102.76912689208984
v 727.5008544921875 -321.0362548828125 102.76911926269531
v 785.7894287109375 -318.28509521484375 100.02701568603516
v 727.5008544921875 -321.0362548828125 102.76911926269531
v 785.7894287109375 -321.0362548828125 112.56658935546875
v 727.5008544921875 -321.0362548828125 112.56658172607422
v 785.7894287109375 -321.0362548828125 102.76912689208984
v 727.5008544921875 -321.0362548828125 112.56658172607422
v 785.7894287109375 -318.6380615234375 115.02958679199219
v 727.5008544921875 -318.6380615234375 115.02958679199219
v 785.7894287109375 -321.0362548828125 112.56658935546875
v 727.5008544921875 -318.6380615234375 115.02958679199219
v 785.7894287109375 -305.93804931640625 115.02958679199219
v 727.5008544921875 -305.93804931640625 115.02958679199219
v 785.7894287109375 -318.6380615234375 115.02958679199219
v 1065.7882080078125 -305.93804931640625 115.02959442138672
v 1127.5008544921875 -305.9560546875 100.02703094482422
v 1065.7882080078125 -305.9560546875 100.02702331542969
v 1127.5008544921875 -305.93804931640625 115.02960205078125
v 1065.7882080078125 -305.9560546875 100.02702331542969
v 1127.5008544921875 -318.28509521484375 100.02703094482422
v 1065.7882080078125 -318.28509521484375 100.02703094482422
v 1127.5008544921875 -305.9560546875 100.02703094482422
v 1065.7882080078125 -318.28509521484375 100.02703094482422
v 1127.5008544921875 -321.0362548828125 102.76913452148438
v 1065.7882080078125 -321.0362548828125 102.76913452148438
v 1127.5008544921875 -318.28509521484375 100.02703094482422
v 1065.7882080078125 -321.0362548828125 102.76913452148438
v 1127.5008544921875 -321.0362548828125 112.56659698486328
v 1065.7882080078125 -321.0362548828125 112.56659698486328
v 1127.5008544921875 -321.0362548828125 102.76913452148438
v 1065.7882080078125 -321.0362548828125 112.56659698486328
v 1127.5008544921875 -318.6380615234375 115.02960205078125
v 1065.7882080078125 -318.6380615234375 115.02960205078125
v 1127.5008544921875 -321.0362548828125 112.56659698486328
v 1065.7882080078125 -318.6380615234375 115.02960205078125
v 1127.5008544921875 -305.93804931640625 115.02960205078125
v 1065.7882080078125 -305.93804931640625 115.02959442138672
v 1127.5008544921875 -318.6380615234375 115.02960205078125
v 727.5008544921875 -305.9560546875 100.02701568603516
v 727.5008544921875 -318.28509521484375 100.02701568603516
v 727.5008544921875 -321.0362548828125 102.76911926269531
v 727.5008544921875 -321.0362548828125 112.56658172607422
v 727.5008544921875 -305.93804931640625 115.02958679199219
v 727.5008544921875 -318.6380615234375 115.02958679199219
v 785.7894287109375 -321.0362548828125 102.76912689208984
v 785.7894287109375 -318.28509521484375 100.02701568603516
v 785.7894287109375 -305.9560546875 100.02701568603516
v 785.7894287109375 -321.0362548828125 112.56658935546875
v 785.7894287109375 -305.93804931640625 115.02958679199219
v 785.7894287109375 -318.6380615234375 115.02958679199219
v 1065.7882080078125 -305.9560546875 100.02702331542969
v 1065.7882080078125 -318.28509521484375 100.02703094482422
v 1065.7882080078125 -321.0362548828125 102.76913452148438
v 1065.7882080078125 -321.0362548828125 112.56659698486328
v 1065.7882080078125 -305.93804931640625 115.02959442138672
v 1065.7882080078125 -318.6380615234375 115.02960205078125
v 1127.5008544921875 -321.0362548828125 102.76913452148438
v 1127.5008544921875 -318.28509521484375 100.02703094482422
v 1127.5008544921875 -305.9560546875 100.02703094482422
v 1127.5008544921875 -321.0362548828125 112.56659698486328
v 1127.5008544921875 -305.93804931640625 115.02960205078125
v 1127.5008544921875 -318.6380615234375 115.02960205078125
v 786.3114013671875 -271.62115478515625 309.9998779296875
v 786.3114013671875 -316.0029296875 -0.00010892988211708143
v 786.3114013671875 -271.6212158203125 -0.0001128098665503785
v 786.3114013671875 -316.00286865234375 309.9998779296875
v 1066.3114013671875 -271.62115478515625 309.9998779296875
v 1066.3114013671875 -271.6212158203125 -0.00010057066538138315
v 1066.3114013671875 -316.0029296875 -9.669069550000131e-05
v 1066.3114013671875 -316.00286865234375 309.9999084472656
v 727.5008544921875 -316.0029296875 -0.00011150058708153665
v 785.7894287109375 -316.0029296875 -0.00010895269952015951
v 786.3114013671875 -316.0029296875 -0.00010892988211708143
v 1065.7882080078125 -316.0029296875 -9.671356383478269e-05
v 1127.5008544921875 -316.0029296875 -9.401601710123941e-05
v 727.5008544921875 -286.004150390625 399.9999084472656
v 727.5008544921875 -316.0029296875 399.9999084472656
v 785.7894287109375 -316.0029296875 399.9999084472656
v 1065.7880859375 -316.0029296875 399.9999084472656
v 1127.500732421875 -286.004150390625 399.9999084472656
v 1127.500732421875 -316.0029296875 399.9999084472656
v 778.2882080078125 -266.01507568359375 309.9999084472656
v 778.2913818359375 -321.016845703125 309.9999084472656
v 778.2882080078125 -266.01507568359375 329.9999084472656
v 778.2913818359375 -321.016845703125 329.9999084472656
v 778.2913818359375 -321.016845703125 309.9999084472656
v 1078.291259765625 -321.00762939453125 309.9999084472656
v 778.2913818359375 -321.016845703125 329.9999084472656
v 1078.291259765625 -321.00762939453125 329.9999084472656
v 1078.291259765625 -321.00762939453125 309.9999084472656
v 1078.2882080078125 -266.005859375 309.9998779296875
v 1078.291259765625 -321.00762939453125 329.9999084472656
v 1078.2882080078125 -266.005859375 329.9998779296875
v 778.2882080078125 -266.01507568359375 309.9999084472656
v 1078.2882080078125 -266.005859375 309.9998779296875
v 778.2913818359375 -321.016845703125 309.9999084472656
v 1078.291259765625 -321.00762939453125 309.9999084472656
v 778.2882080078125 -266.01507568359375 329.9999084472656
v 778.2913818359375 -321.016845703125 329.9999084472656
v 1078.2882080078125 -266.005859375 329.9998779296875
v 1078.291259765625 -321.00762939453125 329.9999084472656
v 785.7894287109375 -266.01513671875 389.9999084472656
v 785.7926025390625 -321.01690673828125 389.9999084472656
v 785.7894287109375 -266.01513671875 399.9999084472656
v 785.7926025390625 -321.01690673828125 399.9999084472656
v 785.7926025390625 -321.01690673828125 389.9999084472656
v 1065.791259765625 -321.0076904296875 389.9999084472656
v 785.7926025390625 -321.01690673828125 399.9999084472656
v 1065.791259765625 -321.0076904296875 399.9999084472656
v 1065.791259765625 -321.0076904296875 389.9999084472656
v 1065.7880859375 -266.00592041015625 389.9998779296875
v 1065.791259765625 -321.0076904296875 399.9999084472656
v 1065.7880859375 -266.00592041015625 399.9998779296875
v 785.7894287109375 -266.01513671875 389.9999084472656
v 1065.7880859375 -266.00592041015625 389.9998779296875
v 785.7926025390625 -321.01690673828125 389.9999084472656
v 1065.791259765625 -321.0076904296875 389.9999084472656
v 783.2900390625 -321.04840087890625 -0.0001084346222341992
v 790.82275390625 -321.04840087890625 12.5665922164917
v 783.2900390625 -321.04840087890625 12.5665922164917
v 790.82275390625 -321.04840087890625 -0.00010810534877236933
v 783.2900390625 -321.04840087890625 12.5665922164917
v 788.489501953125 -318.71514892578125 14.899890899658203
v 783.2900390625 -318.71514892578125 14.89989185333252
v 790.82275390625 -321.04840087890625 12.5665922164917
v 783.2900390625 -318.71514892578125 14.89989185333252
v 785.7894287109375 -316.01513671875 14.899892807006836
v 783.2900390625 -316.01513671875 14.89989185333252
v 788.489501953125 -318.71514892578125 14.899890899658203
v 790.82275390625 -321.04840087890625 -0.00010810534877236933
v 790.82275390625 -281.0145263671875 12.56658935546875
v 790.82275390625 -321.04840087890625 12.5665922164917
v 790.82275390625 -281.0145263671875 -0.00011160521535202861
v 790.82275390625 -321.04840087890625 12.5665922164917
v 788.489501953125 -281.0145263671875 14.899888038635254
v 788.489501953125 -318.71514892578125 14.899890899658203
v 790.82275390625 -281.0145263671875 12.56658935546875
v 785.7894287109375 -281.0145263671875 14.89988899230957
v 788.489501953125 -281.0145263671875 14.899888038635254
v 783.2900390625 -321.04840087890625 -0.0001084346222341992
v 783.2900390625 -321.04840087890625 12.5665922164917
v 783.2900390625 -316.01513671875 14.89989185333252
v 783.2900390625 -318.71514892578125 14.89989185333252
v 785.7894287109375 -281.0145263671875 14.89988899230957
v 790.82275390625 -281.0145263671875 12.56658935546875
v 790.82275390625 -281.0145263671875 -0.00011160521535202861
v 788.489501953125 -281.0145263671875 14.899888038635254
v 785.7894287109375 -305.9501953125 115.02957916259766
v 778.241943359375 -305.96820068359375 100.02701568603516
v 785.7894287109375 -305.96820068359375 100.02701568603516
v 778.223876953125 -305.9501953125 115.02957916259766
v 785.7894287109375 -305.96820068359375 100.02701568603516
v 790.5709228515625 -318.2972412109375 100.02702331542969
v 785.7894287109375 -318.2972412109375 100.02701568603516
v 778.241943359375 -305.96820068359375 100.02701568603516
v 785.7894287109375 -318.2972412109375 100.02701568603516
v 793.3221435546875 -321.04840087890625 102.76912689208984
v 785.7894287109375 -321.04840087890625 102.76912689208984
v 790.5709228515625 -318.2972412109375 100.02702331542969
v 785.7894287109375 -321.04840087890625 102.76912689208984
v 793.3221435546875 -321.04840087890625 112.56658935546875
v 785.7894287109375 -321.04840087890625 112.56658935546875
v 793.3221435546875 -321.04840087890625 102.76912689208984
v 785.7894287109375 -321.04840087890625 112.56658935546875
v 790.9239501953125 -318.6502685546875 115.02958679199219
v 785.7894287109375 -318.6502685546875 115.02957916259766
v 793.3221435546875 -321.04840087890625 112.56658935546875
v 785.7894287109375 -318.6502685546875 115.02957916259766
v 778.223876953125 -305.9501953125 115.02957916259766
v 785.7894287109375 -305.9501953125 115.02957916259766
v 790.9239501953125 -318.6502685546875 115.02958679199219
v 778.223876953125 -305.9501953125 115.02957916259766
v 778.241943359375 -281.0145263671875 100.02702331542969
v 778.241943359375 -305.96820068359375 100.02701568603516
v 778.223876953125 -281.0145263671875 115.02958679199219
v 790.5709228515625 -281.0145263671875 100.02702331542969
v 778.241943359375 -281.0145263671875 100.02702331542969
v 790.5709228515625 -318.2972412109375 100.02702331542969
v 793.3221435546875 -281.0145263671875 102.76912689208984
v 793.3221435546875 -321.04840087890625 102.76912689208984
v 790.5709228515625 -281.0145263671875 100.02702331542969
v 793.3221435546875 -321.04840087890625 102.76912689208984
v 793.3221435546875 -281.0145263671875 112.56658935546875
v 793.3221435546875 -321.04840087890625 112.56658935546875
v 793.3221435546875 -281.0145263671875 102.76912689208984
v 793.3221435546875 -321.04840087890625 112.56658935546875
v 790.9239501953125 -281.0145263671875 115.02958679199219
v 790.9239501953125 -318.6502685546875 115.02958679199219
v 793.3221435546875 -281.0145263671875 112.56658935546875
v 778.223876953125 -281.0145263671875 115.02958679199219
v 790.9239501953125 -281.0145263671875 115.02958679199219
v 785.7894287109375 -305.96820068359375 100.02701568603516
v 785.7894287109375 -318.2972412109375 100.02701568603516
v 785.7894287109375 -321.04840087890625 102.76912689208984
v 785.7894287109375 -321.04840087890625 112.56658935546875
v 785.7894287109375 -305.9501953125 115.02957916259766
v 785.7894287109375 -318.6502685546875 115.02957916259766
v 793.3221435546875 -281.0145263671875 102.76912689208984
v 790.5709228515625 -281.0145263671875 100.02702331542969
v 778.241943359375 -281.0145263671875 100.02702331542969
v 793.3221435546875 -281.0145263671875 112.56658935546875
v 778.223876953125 -281.0145263671875 115.02958679199219
v 790.9239501953125 -281.0145263671875 115.02958679199219
v 1073.353759765625 -305.944091796875 115.02959442138672
v 1065.7882080078125 -305.96209716796875 100.02702331542969
v 1073.335693359375 -305.96209716796875 100.02703094482422
v 1065.7882080078125 -305.944091796875 115.02958679199219
v 1073.335693359375 -305.96209716796875 100.02703094482422
v 1065.7882080078125 -318.2911376953125 100.02703094482422
v 1061.006591796875 -318.2911376953125 100.02703094482422
v 1065.7882080078125 -305.96209716796875 100.02702331542969
v 1061.006591796875 -318.2911376953125 100.02703094482422
v 1065.7882080078125 -321.04229736328125 102.76913452148438
v 1058.2554931640625 -321.04229736328125 102.76913452148438
v 1065.7882080078125 -318.2911376953125 100.02703094482422
v 1058.2554931640625 -321.04229736328125 102.76913452148438
v 1065.7882080078125 -321.04229736328125 112.56659698486328
v 1058.2554931640625 -321.04229736328125 112.56659698486328
v 1065.7882080078125 -321.04229736328125 102.76913452148438
v 1058.2554931640625 -321.04229736328125 112.56659698486328
v 1065.7882080078125 -318.6441650390625 115.02959442138672
v 1060.65380859375 -318.6441650390625 115.02959442138672
v 1065.7882080078125 -321.04229736328125 112.56659698486328
v 1060.65380859375 -318.6441650390625 115.02959442138672
v 1065.7882080078125 -305.944091796875 115.02958679199219
v 1073.353759765625 -305.944091796875 115.02959442138672
v 1065.7882080078125 -318.6441650390625 115.02959442138672
v 1073.353759765625 -281.0084228515625 115.02959442138672
v 1073.335693359375 -305.96209716796875 100.02703094482422
v 1073.335693359375 -281.0084228515625 100.02703094482422
v 1073.353759765625 -305.944091796875 115.02959442138672
v 1073.335693359375 -281.0084228515625 100.02703094482422
v 1061.006591796875 -281.0084228515625 100.02703094482422
v 1061.006591796875 -281.0084228515625 100.02703094482422
v 1058.2554931640625 -321.04229736328125 102.76913452148438
v 1058.2554931640625 -281.0084228515625 102.76913452148438
v 1061.006591796875 -318.2911376953125 100.02703094482422
v 1058.2554931640625 -281.0084228515625 102.76913452148438
v 1058.2554931640625 -321.04229736328125 112.56659698486328
v 1058.2554931640625 -281.0084228515625 112.56659698486328
v 1058.2554931640625 -321.04229736328125 102.76913452148438
v 1058.2554931640625 -281.0084228515625 112.56659698486328
v 1060.65380859375 -318.6441650390625 115.02959442138672
v 1060.65380859375 -281.0084228515625 115.02959442138672
v 1058.2554931640625 -321.04229736328125 112.56659698486328
v 1060.65380859375 -281.0084228515625 115.02959442138672
v 1073.353759765625 -281.0084228515625 115.02959442138672
v 1065.7882080078125 -321.04229736328125 102.76913452148438
v 1065.7882080078125 -318.2911376953125 100.02703094482422
v 1065.7882080078125 -305.96209716796875 100.02702331542969
v 1065.7882080078125 -321.04229736328125 112.56659698486328
v 1065.7882080078125 -305.944091796875 115.02958679199219
v 1065.7882080078125 -318.6441650390625 115.02959442138672
v 1073.335693359375 -281.0084228515625 100.02703094482422
v 1061.006591796875 -281.0084228515625 100.02703094482422
v 1058.2554931640625 -281.0084228515625 102.76913452148438
v 1058.2554931640625 -281.0084228515625 112.56659698486328
v 1073.353759765625 -281.0084228515625 115.02959442138672
v 1060.65380859375 -281.0084228515625 115.02959442138672
v 1060.7548828125 -321.04229736328125 -9.63067650445737e-05
v 1068.28759765625 -321.04229736328125 12.566604614257812
v 1060.7548828125 -321.04229736328125 12.566604614257812
v 1068.28759765625 -321.04229736328125 -9.597750613465905e-05
v 1060.7548828125 -321.04229736328125 12.566604614257812
v 1068.28759765625 -318.70904541015625 14.899904251098633
v 1063.088134765625 -318.70904541015625 14.899903297424316
v 1068.28759765625 -321.04229736328125 12.566604614257812
v 1063.088134765625 -318.70904541015625 14.899903297424316
v 1068.28759765625 -316.009033203125 14.899904251098633
v 1068.28759765625 -318.70904541015625 14.899904251098633
v 1060.7548828125 -281.0084228515625 -9.980663890019059e-05
v 1060.7548828125 -321.04229736328125 12.566604614257812
v 1060.7548828125 -281.0084228515625 12.566600799560547
v 1060.7548828125 -321.04229736328125 -9.63067650445737e-05
v 1060.7548828125 -281.0084228515625 12.566600799560547
v 1063.088134765625 -318.70904541015625 14.899903297424316
v 1063.088134765625 -281.0084228515625 14.899901390075684
v 1060.7548828125 -321.04229736328125 12.566604614257812
v 1063.088134765625 -281.0084228515625 14.899901390075684
v 1065.7882080078125 -316.009033203125 14.899904251098633
v 1065.7882080078125 -281.0084228515625 14.899901390075684
v 1068.28759765625 -316.009033203125 14.899904251098633
v 1068.28759765625 -321.04229736328125 12.566604614257812
v 1068.28759765625 -321.04229736328125 -9.597750613465905e-05
v 1068.28759765625 -318.70904541015625 14.899904251098633
v 1060.7548828125 -281.0084228515625 -9.980663890019059e-05
v 1060.7548828125 -281.0084228515625 12.566600799560547
v 1065.7882080078125 -281.0084228515625 14.899901390075684
v 1063.088134765625 -281.0084228515625 14.899901390075684
v -522.4991455078125 -556.00537109375 -0.0001451581483706832
v -522.4959716796875 -956.00537109375 -0.00011018887744285166
v 727.5008544921875 -556.00830078125 -9.05186461750418e-05
v 727.49169921875 -955.9869995117188 -5.555179814109579e-05
v 727.5040283203125 -1400.994384765625 -1.6647485608700663e-05
v 728.5048828125 -266.06390380859375 -0.0001158225059043616
v 1127.4915771484375 -955.9869995117188 -3.80672536266502e-05
v 1127.5008544921875 -556.002197265625 -7.303463644348085e-05
v 1127.50390625 -1400.9942626953125 8.370589057449251e-07
v 1917.500244140625 -956.0052490234375 -3.533273911671131e-06
v 1917.500244140625 -556.0052490234375 -3.850239227176644e-05
v 1128.2882080078125 -266.0517578125 -9.83484715106897e-05
v 1997.4898681640625 -556.0067749023438 -3.5005792597075924e-05
v 1917.488037109375 -556.0113525390625 -3.8502384995808825e-05
v 1917.488037109375 -956.0113525390625 -3.533273911671131e-06
v 1997.4898681640625 -956.0067749023438 -3.668301573611643e-08
v 1997.4898681640625 -556.0067749023438 -26.250064849853516
v 1997.4898681640625 -556.0067749023438 -3.5005792597075924e-05
v 1997.4898681640625 -956.0067749023438 -3.668301573611643e-08
v 1997.4898681640625 -956.0067749023438 -26.250028610229492
v 2077.49169921875 -556.002197265625 -26.25006103515625
v 1997.4898681640625 -556.0067749023438 -26.250064849853516
v 1997.4898681640625 -956.0067749023438 -26.250028610229492
v 2077.49169921875 -956.002197265625 -26.250024795532227
v 2077.49169921875 -556.002197265625 -52.500083923339844
v 2077.49169921875 -556.002197265625 -26.25006103515625
v 2077.49169921875 -956.002197265625 -26.250024795532227
v 2077.49169921875 -956.002197265625 -52.50004577636719
v 2157.493408203125 -555.9976196289062 -52.50008010864258
v 2077.49169921875 -556.002197265625 -52.500083923339844
v 2077.49169921875 -956.002197265625 -52.50004577636719
v 2157.49365234375 -955.9976196289062 -52.50004196166992
v 2157.493408203125 -555.9976196289062 -78.7500991821289
v 2157.493408203125 -555.9976196289062 -52.50008010864258
v 2157.49365234375 -955.9976196289062 -52.50004196166992
v 2157.49365234375 -955.9976196289062 -78.75006866455078
v 2237.495361328125 -555.9930419921875 -78.75009155273438
v 2157.493408203125 -555.9976196289062 -78.7500991821289
v 2157.49365234375 -955.9976196289062 -78.75006866455078
v 2237.495361328125 -955.9930419921875 -78.75006103515625
v 2237.495361328125 -555.9930419921875 -105.00011444091797
v 2237.495361328125 -555.9930419921875 -78.75009155273438
v 2237.495361328125 -955.9930419921875 -78.75006103515625
v 2237.495361328125 -955.9930419921875 -105.00008392333984
v 2237.495361328125 -556.0235595703125 -105.00011444091797
v 2237.50146484375 -956.0235595703125 -105.00008392333984
v 2552.48876953125 -556.0052490234375 -105.00010681152344
v 2552.49462890625 -956.0052490234375 -105.00007629394531
v -969.2122802734375 -956.0084838867188 -0.00012971521937288344
v -522.4991455078125 -956.00537109375 -0.00011018903751391917
v -522.4991455078125 1393.9947509765625 -0.0003156326129101217
v -2562.49853515625 1393.9945068359375 -0.00040480372263118625
v -2562.49853515625 -286.00421142578125 -0.00025793357053771615
v -1532.4998779296875 1363.9957275390625 -0.00035715848207473755
v -1492.5003662109375 1363.9957275390625 -0.0003554100403562188
v -1492.5003662109375 963.995849609375 -0.0003204409731552005
v -969.2122802734375 -286.00714111328125 -0.00018828859901987016
v -1532.4998779296875 963.995849609375 -0.0003221894148737192
v -1492.5003662109375 963.995849609375 -0.0003204409731552005
v -1492.5003662109375 1363.9957275390625 -0.0003554100403562188
v -1492.5003662109375 963.9959716796875 519.9996337890625
v -1492.5003662109375 1363.9957275390625 519.9995727539062
v -922.4991455078125 -956.00537109375 399.9998779296875
v -522.4991455078125 -956.0053100585938 399.9999084472656
v -522.4991455078125 943.9947509765625 399.9997253417969
v -1537.4984130859375 943.9947509765625 399.9996643066406
v -922.4991455078125 -286.004150390625 399.99981689453125
v -1537.4984130859375 743.9947509765625 399.99969482421875
v -2562.49853515625 743.99462890625 399.9996643066406
v -2562.49853515625 -286.00421142578125 399.999755859375
v 727.5008544921875 -1399.178466796875 99.99998474121094
v 727.5008544921875 -956.0053100585938 99.99993896484375
v 727.5008544921875 -1399.178466796875 400.0
v 727.5008544921875 -956.0052490234375 399.99993896484375
v 727.5008544921875 -956.0053100585938 99.99993896484375
v -922.4991455078125 -956.00537109375 99.9998779296875
v 727.5008544921875 -956.0052490234375 399.99993896484375
v -922.4991455078125 -956.00537109375 399.9998779296875
v -922.4991455078125 -956.00537109375 99.9998779296875
v -922.4991455078125 -886.0682983398438 99.99987030029297
v -922.4991455078125 -956.00537109375 399.9998779296875
v -922.4991455078125 -886.0682373046875 399.9998474121094
v -922.4991455078125 -880.5507202148438 99.9998550415039
v -922.4991455078125 -880.5506591796875 309.99981689453125
v -922.4991455078125 -610.5506591796875 309.99981689453125
v -922.4991455078125 -610.5506591796875 99.99983215332031
v -922.4991455078125 -606.0662841796875 99.99983215332031
v -922.4991455078125 -606.0662841796875 399.9997863769531
v -922.4991455078125 -256.00537109375 99.99980926513672
v -922.4991455078125 -256.00537109375 399.99981689453125
v -922.4991455078125 -256.00537109375 99.99980926513672
v -1522.4991455078125 -256.00543212890625 99.99978637695312
v -922.4991455078125 -256.00537109375 399.99981689453125
v -1522.4991455078125 -256.00543212890625 399.9997863769531
v -1522.4991455078125 -256.00543212890625 99.99978637695312
v -1522.4991455078125 -1399.1785888671875 99.99988555908203
v -1522.4991455078125 -256.00543212890625 399.9997863769531
v -1522.4991455078125 -1399.1785888671875 399.9998779296875
v 717.4359130859375 -1399.178466796875 405.02972412109375
v 717.4539794921875 -966.0521850585938 390.0270690917969
v 717.4539794921875 -1399.178466796875 390.0271301269531
v 717.4359130859375 -966.0701293945312 405.0296630859375
v 717.4539794921875 -1399.178466796875 390.0271301269531
v 729.782958984375 -953.7230834960938 390.0270690917969
v 729.782958984375 -1399.178466796875 390.0271301269531
v 717.4539794921875 -966.0521850585938 390.0270690917969
v 729.782958984375 -1399.178466796875 390.0271301269531
v 732.5341796875 -950.971923828125 392.7691650390625
v 732.5341796875 -1399.178466796875 392.76922607421875
v 729.782958984375 -953.7230834960938 390.0270690917969
v 732.5341796875 -1399.178466796875 392.76922607421875
v 732.5341796875 -950.971923828125 402.566650390625
v 732.5341796875 -1399.178466796875 402.56671142578125
v 732.5341796875 -950.971923828125 392.7691650390625
v 732.5341796875 -1399.178466796875 402.56671142578125
v 730.135986328125 -953.3701171875 405.0296630859375
v 730.135986328125 -1399.178466796875 405.02972412109375
v 732.5341796875 -950.971923828125 402.566650390625
v 730.135986328125 -1399.178466796875 405.02972412109375
v 717.4359130859375 -966.0701293945312 405.0296630859375
v 717.4359130859375 -1399.178466796875 405.02972412109375
v 730.135986328125 -953.3701171875 405.0296630859375
v 717.4359130859375 -966.0701293945312 405.0296630859375
v -932.5460205078125 -966.05224609375 390.0270080566406
v 717.4539794921875 -966.0521850585938 390.0270690917969
v -932.5640869140625 -966.0702514648438 405.02960205078125
v -920.2169189453125 -953.72314453125 390.0270080566406
v -932.5460205078125 -966.05224609375 390.0270080566406
v 729.782958984375 -953.7230834960938 390.0270690917969
v -917.4659423828125 -950.9719848632812 392.76910400390625
v 732.5341796875 -950.971923828125 392.7691650390625
v -920.2169189453125 -953.72314453125 390.0270080566406
v 732.5341796875 -950.971923828125 392.7691650390625
v -917.4659423828125 -950.9719848632812 402.56658935546875
v 732.5341796875 -950.971923828125 402.566650390625
v -917.4659423828125 -950.9719848632812 392.76910400390625
v 732.5341796875 -950.971923828125 402.566650390625
v -919.8638916015625 -953.3701782226562 405.02960205078125
v 730.135986328125 -953.3701171875 405.0296630859375
v -917.4659423828125 -950.9719848632812 402.56658935546875
v -932.5640869140625 -966.0702514648438 405.02960205078125
v -919.8638916015625 -953.3701782226562 405.02960205078125
v -932.5640869140625 -966.0702514648438 405.02960205078125
v -932.5460205078125 -886.0682373046875 390.0269775390625
v -932.5460205078125 -966.05224609375 390.0270080566406
v -932.5640869140625 -886.0682373046875 405.0295715332031
v -920.2169189453125 -886.0682373046875 390.0269775390625
v -932.5460205078125 -886.0682373046875 390.0269775390625
v -920.2169189453125 -953.72314453125 390.0270080566406
v -917.4659423828125 -886.0682373046875 392.7690734863281
v -917.4659423828125 -950.9719848632812 392.76910400390625
v -920.2169189453125 -886.0682373046875 390.0269775390625
v -917.4659423828125 -950.9719848632812 392.76910400390625
v -917.4659423828125 -886.0682373046875 402.5665588378906
v -917.4659423828125 -950.9719848632812 402.56658935546875
v -917.4659423828125 -886.0682373046875 392.7690734863281
v -917.4659423828125 -950.9719848632812 402.56658935546875
v -919.8638916015625 -886.0682373046875 405.0295715332031
v -919.8638916015625 -953.3701782226562 405.02960205078125
v -917.4659423828125 -886.0682373046875 402.5665588378906
v -932.5640869140625 -886.0682373046875 405.0295715332031
v -919.8638916015625 -886.0682373046875 405.0295715332031
v -932.5640869140625 -606.0662841796875 405.0295715332031
v -932.5460205078125 -266.05224609375 390.0269470214844
v -932.5460205078125 -606.0662841796875 390.0269775390625
v -932.5640869140625 -266.07025146484375 405.029541015625
v -932.5460205078125 -606.0662841796875 390.0269775390625
v -920.2169189453125 -253.72320556640625 390.0269470214844
v -920.2169189453125 -606.0662841796875 390.0269775390625
v -932.5460205078125 -266.05224609375 390.0269470214844
v -920.2169189453125 -606.0662841796875 390.0269775390625
v -917.4659423828125 -250.9720458984375 392.76904296875
v -917.4659423828125 -606.0662841796875 392.7690734863281
v -920.2169189453125 -253.72320556640625 390.0269470214844
v -917.4659423828125 -606.0662841796875 392.7690734863281
v -917.4659423828125 -250.9720458984375 402.5665283203125
v -917.4659423828125 -606.0662841796875 402.5665588378906
v -917.4659423828125 -250.9720458984375 392.76904296875
v -917.4659423828125 -606.0662841796875 402.5665588378906
v -919.8638916015625 -253.37030029296875 405.029541015625
v -919.8638916015625 -606.0662841796875 405.0295715332031
v -917.4659423828125 -250.9720458984375 402.5665283203125
v -919.8638916015625 -606.0662841796875 405.0295715332031
v -932.5640869140625 -266.07025146484375 405.029541015625
v -932.5640869140625 -606.0662841796875 405.0295715332031
v -919.8638916015625 -253.37030029296875 405.029541015625
v -932.5640869140625 -266.07025146484375 405.029541015625
v -1522.4991455078125 -266.05230712890625 390.02691650390625
v -932.5460205078125 -266.05224609375 390.0269470214844
v -1522.4991455078125 -266.0703125 405.0295104980469
v -1522.4991455078125 -253.7232666015625 390.02691650390625
v -1522.4991455078125 -266.05230712890625 390.02691650390625
v -920.2169189453125 -253.72320556640625 390.0269470214844
v -1522.4991455078125 -250.97210693359375 392.7690124511719
v -917.4659423828125 -250.9720458984375 392.76904296875
v -1522.4991455078125 -253.7232666015625 390.02691650390625
v -917.4659423828125 -250.9720458984375 392.76904296875
v -1522.4991455078125 -250.97210693359375 402.5664978027344
v -917.4659423828125 -250.9720458984375 402.5665283203125
v -1522.4991455078125 -250.97210693359375 392.7690124511719
v -917.4659423828125 -250.9720458984375 402.5665283203125
v -1522.4991455078125 -253.370361328125 405.0295104980469
v -919.8638916015625 -253.37030029296875 405.029541015625
v -1522.4991455078125 -250.97210693359375 402.5664978027344
v -1522.4991455078125 -266.0703125 405.0295104980469
v -1522.4991455078125 -253.370361328125 405.0295104980469
v 717.4539794921875 -1399.178466796875 390.0271301269531
v 729.782958984375 -1399.178466796875 390.0271301269531
v 732.5341796875 -1399.178466796875 392.76922607421875
v 732.5341796875 -1399.178466796875 402.56671142578125
v 717.4359130859375 -1399.178466796875 405.02972412109375
v 730.135986328125 -1399.178466796875 405.02972412109375
v -917.4659423828125 -886.0682373046875 392.7690734863281
v -920.2169189453125 -886.0682373046875 390.0269775390625
v -932.5460205078125 -886.0682373046875 390.0269775390625
v -917.4659423828125 -886.0682373046875 402.5665588378906
v -932.5640869140625 -886.0682373046875 405.0295715332031
v -919.8638916015625 -886.0682373046875 405.0295715332031
v -932.5460205078125 -606.0662841796875 390.0269775390625
v -920.2169189453125 -606.0662841796875 390.0269775390625
v -917.4659423828125 -606.0662841796875 392.7690734863281
v -917.4659423828125 -606.0662841796875 402.5665588378906
v -932.5640869140625 -606.0662841796875 405.0295715332031
v -919.8638916015625 -606.0662841796875 405.0295715332031
v -1522.4991455078125 -250.97210693359375 392.7690124511719
v -1522.4991455078125 -253.7232666015625 390.02691650390625
v -1522.4991455078125 -266.05230712890625 390.02691650390625
v -1522.4991455078125 -250.97210693359375 402.5664978027344
v -1522.4991455078125 -266.0703125 405.0295104980469
v -1522.4991455078125 -253.370361328125 405.0295104980469
v 732.5341796875 -1399.178466796875 -1.6586353012826294e-05
v 732.5341796875 -950.971923828125 12.566644668579102
v 732.5341796875 -1399.178466796875 12.566683769226074
v 732.5341796875 -950.971923828125 -5.576981493504718e-05
v 732.5341796875 -1399.178466796875 12.566683769226074
v 730.200927734375 -953.3052978515625 14.899944305419922
v 730.200927734375 -1399.178466796875 14.899983406066895
v 732.5341796875 -950.971923828125 12.566644668579102
v 730.200927734375 -1399.178466796875 14.899983406066895
v 727.5008544921875 -956.0053100585938 14.899945259094238
v 727.5008544921875 -1399.178466796875 14.899983406066895
v 730.200927734375 -953.3052978515625 14.899944305419922
v 732.5341796875 -950.971923828125 -5.576981493504718e-05
v -917.4659423828125 -950.9720458984375 12.566573143005371
v 732.5341796875 -950.971923828125 12.566644668579102
v -917.4659423828125 -950.9720458984375 -0.00012789361062459648
v 732.5341796875 -950.971923828125 12.566644668579102
v -919.7991943359375 -953.3053588867188 14.899872779846191
v 730.200927734375 -953.3052978515625 14.899944305419922
v -917.4659423828125 -950.9720458984375 12.566573143005371
v -922.4991455078125 -956.00537109375 14.899872779846191
v -919.7991943359375 -953.3053588867188 14.899872779846191
v -917.4659423828125 -950.9720458984375 -0.00012789361062459648
v -917.4659423828125 -886.0682983398438 12.566567420959473
v -917.4659423828125 -950.9720458984375 12.566573143005371
v -917.4659423828125 -886.0682983398438 -0.00013356769341044128
v -917.4659423828125 -950.9720458984375 12.566573143005371
v -919.7991943359375 -886.0682983398438 14.899867057800293
v -919.7991943359375 -953.3053588867188 14.899872779846191
v -917.4659423828125 -886.0682983398438 12.566567420959473
v -922.4991455078125 -886.0682983398438 14.899866104125977
v -919.7991943359375 -886.0682983398438 14.899867057800293
v -917.4659423828125 -606.0663452148438 -0.00015804624126758426
v -917.4659423828125 -250.9720458984375 12.566512107849121
v -917.4659423828125 -606.0663452148438 12.566543579101562
v -917.4659423828125 -250.9720458984375 -0.00018908956553786993
v -917.4659423828125 -606.0663452148438 12.566543579101562
v -919.7991943359375 -253.3052978515625 14.899811744689941
v -919.7991943359375 -606.0663452148438 14.899842262268066
v -917.4659423828125 -250.9720458984375 12.566512107849121
v -919.7991943359375 -606.0663452148438 14.899842262268066
v -922.4991455078125 -256.00537109375 14.899811744689941
v -922.4991455078125 -606.0663452148438 14.899842262268066
v -919.7991943359375 -253.3052978515625 14.899811744689941
v -917.4659423828125 -250.9720458984375 -0.00018908956553786993
v -1522.4991455078125 -250.97210693359375 12.566485404968262
v -917.4659423828125 -250.9720458984375 12.566512107849121
v -1522.4991455078125 -250.97210693359375 -0.0002155363908968866
v -917.4659423828125 -250.9720458984375 12.566512107849121
v -1522.4991455078125 -253.30535888671875 14.899784088134766
v -919.7991943359375 -253.3052978515625 14.899811744689941
v -1522.4991455078125 -250.97210693359375 12.566485404968262
v -1522.4991455078125 -256.00543212890625 14.899785041809082
v -1522.4991455078125 -253.30535888671875 14.899784088134766
v 732.5341796875 -1399.178466796875 -1.6586353012826294e-05
v 732.5341796875 -1399.178466796875 12.566683769226074
v 727.5008544921875 -1399.178466796875 14.899983406066895
v 730.200927734375 -1399.178466796875 14.899983406066895
v -922.4991455078125 -886.0682983398438 14.899866104125977
v -917.4659423828125 -886.0682983398438 12.566567420959473
v -917.4659423828125 -886.0682983398438 -0.00013356769341044128
v -919.7991943359375 -886.0682983398438 14.899867057800293
v -917.4659423828125 -606.0663452148438 -0.00015804624126758426
v -917.4659423828125 -606.0663452148438 12.566543579101562
v -922.4991455078125 -606.0663452148438 14.899842262268066
v -919.7991943359375 -606.0663452148438 14.899842262268066
v -1522.4991455078125 -256.00543212890625 14.899785041809082
v -1522.4991455078125 -250.97210693359375 12.566485404968262
v -1522.4991455078125 -250.97210693359375 -0.0002155363908968866
v -1522.4991455078125 -253.30535888671875 14.899784088134766
v 717.4359130859375 -1399.178466796875 115.02967834472656
v 717.4539794921875 -966.0521850585938 100.0270767211914
v 717.4539794921875 -1399.178466796875 100.02710723876953
v 717.4359130859375 -966.0701904296875 115.02964782714844
v 717.4539794921875 -1399.178466796875 100.02710723876953
v 729.782958984375 -953.7230834960938 100.02706909179688
v 729.782958984375 -1399.178466796875 100.02711486816406
v 717.4539794921875 -966.0521850585938 100.0270767211914
v 729.782958984375 -1399.178466796875 100.02711486816406
v 732.5341796875 -950.971923828125 102.76917266845703
v 732.5341796875 -1399.178466796875 102.76921844482422
v 729.782958984375 -953.7230834960938 100.02706909179688
v 732.5341796875 -1399.178466796875 102.76921844482422
v 732.5341796875 -950.971923828125 112.56663513183594
v 732.5341796875 -1399.178466796875 112.56668090820312
v 732.5341796875 -950.971923828125 102.76917266845703
v 732.5341796875 -1399.178466796875 112.56668090820312
v 730.135986328125 -953.3701782226562 115.0296401977539
v 730.135986328125 -1399.178466796875 115.0296859741211
v 732.5341796875 -950.971923828125 112.56663513183594
v 730.135986328125 -1399.178466796875 115.0296859741211
v 717.4359130859375 -966.0701904296875 115.02964782714844
v 717.4359130859375 -1399.178466796875 115.02967834472656
v 730.135986328125 -953.3701782226562 115.0296401977539
v 717.4359130859375 -966.0701904296875 115.02964782714844
v -932.5460205078125 -966.0523071289062 100.02700805664062
v 717.4539794921875 -966.0521850585938 100.0270767211914
v -932.5640869140625 -966.0702514648438 115.02957916259766
v -920.2169189453125 -953.7232055664062 100.02700805664062
v -932.5460205078125 -966.0523071289062 100.02700805664062
v 729.782958984375 -953.7230834960938 100.02706909179688
v -917.4659423828125 -950.9720458984375 102.76910400390625
v 732.5341796875 -950.971923828125 102.76917266845703
v -920.2169189453125 -953.7232055664062 100.02700805664062
v 732.5341796875 -950.971923828125 102.76917266845703
v -917.4659423828125 -950.9720458984375 112.56656646728516
v 732.5341796875 -950.971923828125 112.56663513183594
v -917.4659423828125 -950.9720458984375 102.76910400390625
v 732.5341796875 -950.971923828125 112.56663513183594
v -919.8638916015625 -953.3702392578125 115.02957916259766
v 730.135986328125 -953.3701782226562 115.0296401977539
v -917.4659423828125 -950.9720458984375 112.56656646728516
v -932.5640869140625 -966.0702514648438 115.02957916259766
v -919.8638916015625 -953.3702392578125 115.02957916259766
v -932.5640869140625 -966.0702514648438 115.02957916259766
v -932.5460205078125 -886.0682983398438 100.0270004272461
v -932.5460205078125 -966.0523071289062 100.02700805664062
v -932.5640869140625 -886.0682983398438 115.02957153320312
v -920.2169189453125 -886.0682983398438 100.0270004272461
v -932.5460205078125 -886.0682983398438 100.0270004272461
v -920.2169189453125 -953.7232055664062 100.02700805664062
v -917.4659423828125 -886.0682983398438 102.76910400390625
v -917.4659423828125 -950.9720458984375 102.76910400390625
v -920.2169189453125 -886.0682983398438 100.0270004272461
v -917.4659423828125 -950.9720458984375 102.76910400390625
v -917.4659423828125 -886.0682983398438 112.56656646728516
v -917.4659423828125 -950.9720458984375 112.56656646728516
v -917.4659423828125 -886.0682983398438 102.76910400390625
v -917.4659423828125 -950.9720458984375 112.56656646728516
v -919.8638916015625 -886.0682983398438 115.02957153320312
v -919.8638916015625 -953.3702392578125 115.02957916259766
v -917.4659423828125 -886.0682983398438 112.56656646728516
v -932.5640869140625 -886.0682983398438 115.02957153320312
v -919.8638916015625 -886.0682983398438 115.02957153320312
v -932.5640869140625 -606.0662841796875 115.029541015625
v -932.5460205078125 -266.05224609375 100.02694702148438
v -932.5460205078125 -606.0662841796875 100.02696990966797
v -932.5640869140625 -266.07025146484375 115.0295181274414
v -932.5460205078125 -606.0662841796875 100.02696990966797
v -920.2169189453125 -253.72320556640625 100.02693939208984
v -920.2169189453125 -606.0662841796875 100.0269775390625
v -932.5460205078125 -266.05224609375 100.02694702148438
v -920.2169189453125 -606.0662841796875 100.0269775390625
v -917.4659423828125 -250.9720458984375 102.76904296875
v -917.4659423828125 -606.0662841796875 102.76908111572266
v -920.2169189453125 -253.72320556640625 100.02693939208984
v -917.4659423828125 -606.0662841796875 102.76908111572266
v -917.4659423828125 -250.9720458984375 112.5665054321289
v -917.4659423828125 -606.0662841796875 112.56654357910156
v -917.4659423828125 -250.9720458984375 102.76904296875
v -917.4659423828125 -606.0662841796875 112.56654357910156
v -919.8638916015625 -253.37030029296875 115.02951049804688
v -919.8638916015625 -606.0662841796875 115.02954864501953
v -917.4659423828125 -250.9720458984375 112.5665054321289
v -919.8638916015625 -606.0662841796875 115.02954864501953
v -932.5640869140625 -266.07025146484375 115.0295181274414
v -932.5640869140625 -606.0662841796875 115.029541015625
v -919.8638916015625 -253.37030029296875 115.02951049804688
v -932.5640869140625 -266.07025146484375 115.0295181274414
v -1522.4991455078125 -266.05230712890625 100.02691650390625
v -932.5460205078125 -266.05224609375 100.02694702148438
v -1522.4991455078125 -266.0703125 115.02948760986328
v -1522.4991455078125 -253.7232666015625 100.02691650390625
v -1522.4991455078125 -266.05230712890625 100.02691650390625
v -920.2169189453125 -253.72320556640625 100.02693939208984
v -1522.4991455078125 -250.97210693359375 102.76901245117188
v -917.4659423828125 -250.9720458984375 102.76904296875
v -1522.4991455078125 -253.7232666015625 100.02691650390625
v -917.4659423828125 -250.9720458984375 102.76904296875
v -1522.4991455078125 -250.97210693359375 112.56647491455078
v -917.4659423828125 -250.9720458984375 112.5665054321289
v -1522.4991455078125 -250.97210693359375 102.76901245117188
v -917.4659423828125 -250.9720458984375 112.5665054321289
v -1522.4991455078125 -253.370361328125 115.02948760986328
v -919.8638916015625 -253.37030029296875 115.02951049804688
v -1522.4991455078125 -250.97210693359375 112.56647491455078
v -1522.4991455078125 -266.0703125 115.02948760986328
v -1522.4991455078125 -253.370361328125 115.02948760986328
v 717.4539794921875 -1399.178466796875 100.02710723876953
v 729.782958984375 -1399.178466796875 100.02711486816406
v 732.5341796875 -1399.178466796875 102.76921844482422
v 732.5341796875 -1399.178466796875 112.56668090820312
v 717.4359130859375 -1399.178466796875 115.02967834472656
v 730.135986328125 -1399.178466796875 115.0296859741211
v -917.4659423828125 -886.0682983398438 102.76910400390625
v -920.2169189453125 -886.0682983398438 100.0270004272461
v -932.5460205078125 -886.0682983398438 100.0270004272461
v -917.4659423828125 -886.0682983398438 112.56656646728516
v -932.5640869140625 -886.0682983398438 115.02957153320312
v -919.8638916015625 -886.0682983398438 115.02957153320312
v -932.5460205078125 -606.0662841796875 100.02696990966797
v -920.2169189453125 -606.0662841796875 100.0269775390625
v -917.4659423828125 -606.0662841796875 102.76908111572266
v -917.4659423828125 -606.0662841796875 112.56654357910156
v -932.5640869140625 -606.0662841796875 115.029541015625
v -919.8638916015625 -606.0662841796875 115.02954864501953
v -1522.4991455078125 -250.97210693359375 102.76901245117188
v -1522.4991455078125 -253.7232666015625 100.02691650390625
v -1522.4991455078125 -266.05230712890625 100.02691650390625
v -1522.4991455078125 -250.97210693359375 112.56647491455078
v -1522.4991455078125 -266.0703125 115.02948760986328
v -1522.4991455078125 -253.370361328125 115.02948760986328
v -966.8807373046875 -880.5506591796875 309.99981689453125
v -922.4991455078125 -880.5507202148438 -0.0001342700415989384
v -966.8807373046875 -880.5507202148438 -0.00013621003017760813
v -922.4991455078125 -880.5506591796875 309.99981689453125
v -966.8807373046875 -610.5506591796875 309.99981689453125
v -966.8807373046875 -610.5506591796875 -0.000159814182552509
v -922.4991455078125 -610.5506591796875 -0.00015787419397383928
v -922.4991455078125 -610.5506591796875 309.99981689453125
v 727.5008544921875 -1399.178466796875 -1.680636705714278e-05
v 727.5008544921875 -956.0053100585938 -5.5549800890730694e-05
v 727.5008544921875 -956.0053100585938 -5.5549800890730694e-05
v -922.4991455078125 -956.00537109375 -0.00012767358566634357
v -922.4991455078125 -956.00537109375 -0.00012767358566634357
v -922.4991455078125 -886.0682983398438 -0.00013378770381677896
v -922.4991455078125 -606.0663452148438 -0.00015826622257009149
v -922.4991455078125 -610.5506591796875 -0.00015787419397383928
v -922.4991455078125 -880.5507202148438 -0.0001342700415989384
v -922.4991455078125 -256.00537109375 -0.00018886954057961702
v -922.4991455078125 -256.00537109375 -0.00018886954057961702
v -1522.4991455078125 -256.00543212890625 -0.00021509634098038077
v -1522.4991455078125 -256.00543212890625 -0.00021509634098038077
v -1522.4991455078125 -1399.1785888671875 -0.00011515698133734986
v -2531.70361328125 741.4951171875 99.99964904785156
v -1878.4163818359375 741.4952392578125 99.99967956542969
v -2531.70361328125 741.4952392578125 399.9996337890625
v -1878.4163818359375 741.495361328125 399.99969482421875
v -1877.8934326171875 741.4952392578125 99.99966430664062
v -1877.8934326171875 741.4952392578125 309.9996643066406
v -1598.4178466796875 741.4952392578125 309.9996643066406
v -1598.4178466796875 741.495361328125 399.9996337890625
v -1598.4178466796875 741.4952392578125 99.99969482421875
v -1536.7049560546875 741.4952392578125 99.99969482421875
v -1536.7049560546875 741.495361328125 399.99969482421875
v -1536.7049560546875 741.4952392578125 99.99969482421875
v -1536.7049560546875 946.4940185546875 99.99967956542969
v -1536.7049560546875 741.495361328125 399.99969482421875
v -1536.7049560546875 946.494140625 399.9996643066406
v -2521.638671875 751.5601806640625 405.02935791015625
v -1878.4163818359375 751.5423583984375 390.0268249511719
v -2521.65673828125 751.542236328125 390.0267639160156
v -1878.4163818359375 751.560302734375 405.0294189453125
v -2521.65673828125 751.542236328125 390.0267639160156
v -1878.4163818359375 739.2132568359375 390.0268249511719
v -2533.98583984375 739.213134765625 390.0267639160156
v -1878.4163818359375 751.5423583984375 390.0268249511719
v -2533.98583984375 739.213134765625 390.0267639160156
v -1878.4163818359375 736.4620361328125 392.7689208984375
v -2536.73681640625 736.4619140625 392.76885986328125
v -1878.4163818359375 739.2132568359375 390.0268249511719
v -2536.73681640625 736.4619140625 392.76885986328125
v -1878.4163818359375 736.4620361328125 402.56640625
v -2536.73681640625 736.4619140625 402.56634521484375
v -1878.4163818359375 736.4620361328125 392.7689208984375
v -2536.73681640625 736.4619140625 402.56634521484375
v -1878.4163818359375 738.8602294921875 405.0294189453125
v -2534.33837890625 738.860107421875 405.02935791015625
v -1878.4163818359375 736.4620361328125 402.56640625
v -2534.33837890625 738.860107421875 405.02935791015625
v -1878.4163818359375 751.560302734375 405.0294189453125
v -2521.638671875 751.5601806640625 405.02935791015625
v -1878.4163818359375 738.8602294921875 405.0294189453125
v -1598.4178466796875 751.560302734375 405.0294189453125
v -1546.7518310546875 751.5423583984375 390.0268249511719
v -1598.4178466796875 751.5423583984375 390.0268249511719
v -1546.7698974609375 751.560302734375 405.0294189453125
v -1598.4178466796875 751.5423583984375 390.0268249511719
v -1534.4227294921875 739.2132568359375 390.0268249511719
v -1598.4178466796875 739.2132568359375 390.0268249511719
v -1546.7518310546875 751.5423583984375 390.0268249511719
v -1598.4178466796875 739.2132568359375 390.0268249511719
v -1531.6715087890625 736.4620361328125 392.7689208984375
v -1598.4178466796875 736.4620361328125 392.7689208984375
v -1534.4227294921875 739.2132568359375 390.0268249511719
v -1598.4178466796875 736.4620361328125 392.7689208984375
v -1531.6715087890625 736.4620361328125 402.56640625
v -1598.4178466796875 736.4620361328125 402.56640625
v -1531.6715087890625 736.4620361328125 392.7689208984375
v -1598.4178466796875 736.4620361328125 402.56640625
v -1534.0699462890625 738.8602294921875 405.0294189453125
v -1598.4178466796875 738.8602294921875 405.0294189453125
v -1531.6715087890625 736.4620361328125 402.56640625
v -1598.4178466796875 738.8602294921875 405.0294189453125
v -1546.7698974609375 751.560302734375 405.0294189453125
v -1598.4178466796875 751.560302734375 405.0294189453125
v -1534.0699462890625 738.8602294921875 405.0294189453125
v -1546.7698974609375 751.560302734375 405.0294189453125
v -1546.7518310546875 946.494140625 390.02679443359375
v -1546.7518310546875 751.5423583984375 390.0268249511719
v -1546.7698974609375 946.494140625 405.0293884277344
v -1534.4227294921875 946.494140625 390.02679443359375
v -1546.7518310546875 946.494140625 390.02679443359375
v -1534.4227294921875 739.2132568359375 390.0268249511719
v -1531.6715087890625 946.494140625 392.7688903808594
v -1531.6715087890625 736.4620361328125 392.7689208984375
v -1534.4227294921875 946.494140625 390.02679443359375
v -1531.6715087890625 736.4620361328125 392.7689208984375
v -1531.6715087890625 946.494140625 402.5663757324219
v -1531.6715087890625 736.4620361328125 402.56640625
v -1531.6715087890625 946.494140625 392.7688903808594
v -1531.6715087890625 736.4620361328125 402.56640625
v -1534.0699462890625 946.494140625 405.0293884277344
v -1534.0699462890625 738.8602294921875 405.0294189453125
v -1531.6715087890625 946.494140625 402.5663757324219
v -1546.7698974609375 946.494140625 405.0293884277344
v -1534.0699462890625 946.494140625 405.0293884277344
v -2521.638671875 771.4940185546875 405.02935791015625
v -2521.65673828125 751.542236328125 390.0267639160156
v -2521.65673828125 771.4940185546875 390.0267639160156
v -2521.638671875 751.5601806640625 405.02935791015625
v -2521.65673828125 771.4940185546875 390.0267639160156
v -2533.98583984375 771.4940185546875 390.0267639160156
v -2533.98583984375 771.4940185546875 390.0267639160156
v -2536.73681640625 736.4619140625 392.76885986328125
v -2536.73681640625 771.4940185546875 392.76885986328125
v -2533.98583984375 739.213134765625 390.0267639160156
v -2536.73681640625 771.4940185546875 392.76885986328125
v -2536.73681640625 736.4619140625 402.56634521484375
v -2536.73681640625 771.4940185546875 402.56634521484375
v -2536.73681640625 736.4619140625 392.76885986328125
v -2536.73681640625 771.4940185546875 402.56634521484375
v -2534.33837890625 738.860107421875 405.02935791015625
v -2534.33837890625 771.4940185546875 405.02935791015625
v -2536.73681640625 736.4619140625 402.56634521484375
v -2534.33837890625 771.4940185546875 405.02935791015625
v -2521.638671875 771.4940185546875 405.02935791015625
v -1878.4163818359375 736.4620361328125 392.7689208984375
v -1878.4163818359375 739.2132568359375 390.0268249511719
v -1878.4163818359375 751.5423583984375 390.0268249511719
v -1878.4163818359375 736.4620361328125 402.56640625
v -1878.4163818359375 751.560302734375 405.0294189453125
v -1878.4163818359375 738.8602294921875 405.0294189453125
v -1598.4178466796875 751.5423583984375 390.0268249511719
v -1598.4178466796875 739.2132568359375 390.0268249511719
v -1598.4178466796875 736.4620361328125 392.7689208984375
v -1598.4178466796875 736.4620361328125 402.56640625
v -1598.4178466796875 751.560302734375 405.0294189453125
v -1598.4178466796875 738.8602294921875 405.0294189453125
v -1531.6715087890625 946.494140625 392.7688903808594
v -1534.4227294921875 946.494140625 390.02679443359375
v -1546.7518310546875 946.494140625 390.02679443359375
v -1531.6715087890625 946.494140625 402.5663757324219
v -1546.7698974609375 946.494140625 405.0293884277344
v -1534.0699462890625 946.494140625 405.0293884277344
v -2521.65673828125 771.4940185546875 390.0267639160156
v -2533.98583984375 771.4940185546875 390.0267639160156
v -2536.73681640625 771.4940185546875 392.76885986328125
v -2536.73681640625 771.4940185546875 402.56634521484375
v -2521.638671875 771.4940185546875 405.02935791015625
v -2534.33837890625 771.4940185546875 405.02935791015625
v -2536.73681640625 736.4617919921875 -0.0003461943124420941
v -1878.4163818359375 736.4619140625 12.566383361816406
v -2536.73681640625 736.4617919921875 12.566354751586914
v -1878.4163818359375 736.4619140625 -0.0003174182493239641
v -2536.73681640625 736.4617919921875 12.566354751586914
v -1878.4163818359375 738.795166015625 14.899682998657227
v -2534.4033203125 738.7950439453125 14.899654388427734
v -1878.4163818359375 736.4619140625 12.566383361816406
v -2534.4033203125 738.7950439453125 14.899654388427734
v -1878.4163818359375 741.4952392578125 14.899682998657227
v -2531.70361328125 741.4951171875 14.89965534210205
v -1878.4163818359375 738.795166015625 14.899682998657227
v -1598.4178466796875 736.4619140625 -0.0003051791281905025
v -1531.6715087890625 736.4619140625 12.566398620605469
v -1598.4178466796875 736.4619140625 12.56639575958252
v -1531.6715087890625 736.4619140625 -0.00030226155649870634
v -1598.4178466796875 736.4619140625 12.56639575958252
v -1534.0050048828125 738.795166015625 14.899697303771973
v -1598.4178466796875 738.795166015625 14.89969539642334
v -1531.6715087890625 736.4619140625 12.566398620605469
v -1598.4178466796875 738.795166015625 14.89969539642334
v -1536.7049560546875 741.4952392578125 14.899698257446289
v -1598.4178466796875 741.4952392578125 14.89969539642334
v -1534.0050048828125 738.795166015625 14.899697303771973
v -1531.6715087890625 736.4619140625 -0.00030226155649870634
v -1531.6715087890625 946.4940185546875 12.566380500793457
v -1531.6715087890625 736.4619140625 12.566398620605469
v -1531.6715087890625 946.4940185546875 -0.00032062316313385963
v -1531.6715087890625 736.4619140625 12.566398620605469
v -1534.0050048828125 946.4940185546875 14.899679183959961
v -1534.0050048828125 738.795166015625 14.899697303771973
v -1531.6715087890625 946.4940185546875 12.566380500793457
v -1536.7049560546875 946.4940185546875 14.899679183959961
v -1534.0050048828125 946.4940185546875 14.899679183959961
v -2536.73681640625 771.493896484375 -0.0003492569667287171
v -2536.73681640625 736.4617919921875 12.566354751586914
v -2536.73681640625 771.493896484375 12.566351890563965
v -2536.73681640625 736.4617919921875 -0.0003461943124420941
v -2536.73681640625 771.493896484375 12.566351890563965
v -2534.4033203125 738.7950439453125 14.899654388427734
v -2534.4033203125 771.493896484375 14.899651527404785
v -2536.73681640625 736.4617919921875 12.566354751586914
v -2534.4033203125 771.493896484375 14.899651527404785
v -2531.70361328125 771.493896484375 14.899651527404785
v -1878.4163818359375 741.4952392578125 14.899682998657227
v -1878.4163818359375 736.4619140625 12.566383361816406
v -1878.4163818359375 736.4619140625 -0.0003174182493239641
v -1878.4163818359375 738.795166015625 14.899682998657227
v -1598.4178466796875 736.4619140625 -0.0003051791281905025
v -1598.4178466796875 736.4619140625 12.56639575958252
v -1598.4178466796875 741.4952392578125 14.89969539642334
v -1598.4178466796875 738.795166015625 14.89969539642334
v -1536.7049560546875 946.4940185546875 14.899679183959961
v -1531.6715087890625 946.4940185546875 12.566380500793457
v -1531.6715087890625 946.4940185546875 -0.00032062316313385963
v -1534.0050048828125 946.4940185546875 14.899679183959961
v -2536.73681640625 771.493896484375 -0.0003492569667287171
v -2536.73681640625 771.493896484375 12.566351890563965
v -2531.70361328125 771.493896484375 14.899651527404785
v -2534.4033203125 771.493896484375 14.899651527404785
v -2521.638671875 751.56005859375 115.02935791015625
v -1878.4163818359375 751.542236328125 100.02680969238281
v -2521.65673828125 751.5421142578125 100.02678680419922
v -1878.4163818359375 751.5601806640625 115.02938079833984
v -2521.65673828125 751.5421142578125 100.02678680419922
v -1878.4163818359375 739.213134765625 100.02680969238281
v -2533.98583984375 739.2130126953125 100.02677917480469
v -1878.4163818359375 751.542236328125 100.02680969238281
v -2533.98583984375 739.2130126953125 100.02677917480469
v -1878.4163818359375 736.4619140625 102.76891326904297
v -2536.73681640625 736.4617919921875 102.76888275146484
v -1878.4163818359375 739.213134765625 100.02680969238281
v -2536.73681640625 736.4617919921875 102.76888275146484
v -1878.4163818359375 736.4619140625 112.56637573242188
v -2536.73681640625 736.4617919921875 112.56634521484375
v -1878.4163818359375 736.4619140625 102.76891326904297
v -2536.73681640625 736.4617919921875 112.56634521484375
v -1878.4163818359375 738.860107421875 115.02938079833984
v -2534.33837890625 738.8599853515625 115.02935028076172
v -1878.4163818359375 736.4619140625 112.56637573242188
v -2534.33837890625 738.8599853515625 115.02935028076172
v -1878.4163818359375 751.5601806640625 115.02938079833984
v -2521.638671875 751.56005859375 115.02935791015625
v -1878.4163818359375 738.860107421875 115.02938079833984
v -1598.4178466796875 751.5601806640625 115.02940368652344
v -1546.7518310546875 751.542236328125 100.02682495117188
v -1598.4178466796875 751.542236328125 100.0268325805664
v -1546.7698974609375 751.5601806640625 115.0293960571289
v -1598.4178466796875 751.542236328125 100.0268325805664
v -1534.4227294921875 739.213134765625 100.02682495117188
v -1598.4178466796875 739.213134765625 100.02682495117188
v -1546.7518310546875 751.542236328125 100.02682495117188
v -1598.4178466796875 739.213134765625 100.02682495117188
v -1531.6715087890625 736.4619140625 102.76892852783203
v -1598.4178466796875 736.4619140625 102.76892852783203
v -1534.4227294921875 739.213134765625 100.02682495117188
v -1598.4178466796875 736.4619140625 102.76892852783203
v -1531.6715087890625 736.4619140625 112.56639099121094
v -1598.4178466796875 736.4619140625 112.56639099121094
v -1531.6715087890625 736.4619140625 102.76892852783203
v -1598.4178466796875 736.4619140625 112.56639099121094
v -1534.0699462890625 738.860107421875 115.0293960571289
v -1598.4178466796875 738.860107421875 115.0293960571289
v -1531.6715087890625 736.4619140625 112.56639099121094
v -1598.4178466796875 738.860107421875 115.0293960571289
v -1546.7698974609375 751.5601806640625 115.0293960571289
v -1598.4178466796875 751.5601806640625 115.02940368652344
v -1534.0699462890625 738.860107421875 115.0293960571289
v -1546.7698974609375 751.5601806640625 115.0293960571289
v -1546.7518310546875 946.4940185546875 100.02680969238281
v -1546.7518310546875 751.542236328125 100.02682495117188
v -1546.7698974609375 946.4940185546875 115.02938079833984
v -1534.4227294921875 946.4940185546875 100.02680969238281
v -1546.7518310546875 946.4940185546875 100.02680969238281
v -1534.4227294921875 739.213134765625 100.02682495117188
v -1531.6715087890625 946.4940185546875 102.76891326904297
v -1531.6715087890625 736.4619140625 102.76892852783203
v -1534.4227294921875 946.4940185546875 100.02680969238281
v -1531.6715087890625 736.4619140625 102.76892852783203
v -1531.6715087890625 946.4940185546875 112.56637573242188
v -1531.6715087890625 736.4619140625 112.56639099121094
v -1531.6715087890625 946.4940185546875 102.76891326904297
v -1531.6715087890625 736.4619140625 112.56639099121094
v -1534.0699462890625 946.4940185546875 115.02938079833984
v -1534.0699462890625 738.860107421875 115.0293960571289
v -1531.6715087890625 946.4940185546875 112.56637573242188
v -1546.7698974609375 946.4940185546875 115.02938079833984
v -1534.0699462890625 946.4940185546875 115.02938079833984
v -2521.638671875 771.493896484375 115.02935791015625
v -2521.65673828125 751.5421142578125 100.02678680419922
v -2521.65673828125 771.493896484375 100.02678680419922
v -2521.638671875 751.56005859375 115.02935791015625
v -2521.65673828125 771.493896484375 100.02678680419922
v -2533.98583984375 771.493896484375 100.02677917480469
v -2533.98583984375 771.493896484375 100.02677917480469
v -2536.73681640625 736.4617919921875 102.76888275146484
v -2536.73681640625 771.493896484375 102.76888275146484
v -2533.98583984375 739.2130126953125 100.02677917480469
v -2536.73681640625 771.493896484375 102.76888275146484
v -2536.73681640625 736.4617919921875 112.56634521484375
v -2536.73681640625 771.493896484375 112.56634521484375
v -2536.73681640625 736.4617919921875 102.76888275146484
v -2536.73681640625 771.493896484375 112.56634521484375
v -2534.33837890625 738.8599853515625 115.02935028076172
v -2534.33837890625 771.493896484375 115.02935028076172
v -2536.73681640625 736.4617919921875 112.56634521484375
v -2534.33837890625 771.493896484375 115.02935028076172
v -2521.638671875 771.493896484375 115.02935791015625
v -1878.4163818359375 736.4619140625 102.76891326904297
v -1878.4163818359375 739.213134765625 100.02680969238281
v -1878.4163818359375 751.542236328125 100.02680969238281
v -1878.4163818359375 736.4619140625 112.56637573242188
v -1878.4163818359375 751.5601806640625 115.02938079833984
v -1878.4163818359375 738.860107421875 115.02938079833984
v -1598.4178466796875 751.542236328125 100.0268325805664
v -1598.4178466796875 739.213134765625 100.02682495117188
v -1598.4178466796875 736.4619140625 102.76892852783203
v -1598.4178466796875 736.4619140625 112.56639099121094
v -1598.4178466796875 751.5601806640625 115.02940368652344
v -1598.4178466796875 738.860107421875 115.0293960571289
v -1531.6715087890625 946.4940185546875 102.76891326904297
v -1534.4227294921875 946.4940185546875 100.02680969238281
v -1546.7518310546875 946.4940185546875 100.02680969238281
v -1531.6715087890625 946.4940185546875 112.56637573242188
v -1546.7698974609375 946.4940185546875 115.02938079833984
v -1534.0699462890625 946.4940185546875 115.02938079833984
v -2521.65673828125 771.493896484375 100.02678680419922
v -2533.98583984375 771.493896484375 100.02677917480469
v -2536.73681640625 771.493896484375 102.76888275146484
v -2536.73681640625 771.493896484375 112.56634521484375
v -2521.638671875 771.493896484375 115.02935791015625
v -2534.33837890625 771.493896484375 115.02935028076172
v -1877.8934326171875 756.9757080078125 309.9996643066406
v -1877.8934326171875 741.4952392578125 -0.00031783542362973094
v -1877.8934326171875 756.9757080078125 -0.00031918875174596906
v -1877.8934326171875 741.4952392578125 309.9996643066406
v -1597.8912353515625 756.9757080078125 309.99969482421875
v -1597.8912353515625 756.9757080078125 -0.0003069494850933552
v -1597.8912353515625 741.4952392578125 -0.0003055961860809475
v -1597.8912353515625 741.4952392578125 309.99969482421875
v -2531.70361328125 741.4951171875 -0.0003464143956080079
v -1878.4163818359375 741.4952392578125 -0.00031785829924046993
v -1877.8934326171875 741.4952392578125 -0.00031783542362973094
v -1598.4178466796875 741.4952392578125 -0.0003056191490031779
v -1536.7049560546875 741.4952392578125 -0.0003029216022696346
v -1536.7049560546875 741.4952392578125 -0.0003029216022696346
v -1536.7049560546875 946.4940185546875 -0.00032084312988445163
v -1885.9178466796875 791.4830322265625 309.99969482421875
v -1885.9146728515625 736.481201171875 309.99969482421875
v -1885.9178466796875 791.4830322265625 329.99969482421875
v -1885.9146728515625 736.481201171875 329.99969482421875
v -1885.9146728515625 736.481201171875 309.99969482421875
v -1585.9146728515625 736.4903564453125 309.99969482421875
v -1885.9146728515625 736.481201171875 329.99969482421875
v -1585.9146728515625 736.4903564453125 329.99969482421875
v -1585.9146728515625 736.4903564453125 309.99969482421875
v -1585.9178466796875 791.4921875 309.99969482421875
v -1585.9146728515625 736.4903564453125 329.99969482421875
v -1585.9178466796875 791.4921875 329.99969482421875
v -1885.9178466796875 791.4830322265625 309.99969482421875
v -1585.9178466796875 791.4921875 309.99969482421875
v -1885.9146728515625 736.481201171875 309.99969482421875
v -1585.9146728515625 736.4903564453125 309.99969482421875
v -1885.9178466796875 791.4830322265625 329.99969482421875
v -1885.9146728515625 736.481201171875 329.99969482421875
v -1585.9178466796875 791.4921875 329.99969482421875
v -1585.9146728515625 736.4903564453125 329.99969482421875
v -1878.4163818359375 791.483154296875 389.99969482421875
v -1878.4134521484375 736.4813232421875 389.99969482421875
v -1878.4163818359375 791.483154296875 399.99969482421875
v -1878.4134521484375 736.4813232421875 399.99969482421875
v -1878.4134521484375 736.4813232421875 389.99969482421875
v -1598.4146728515625 736.490478515625 389.99969482421875
v -1878.4134521484375 736.4813232421875 399.99969482421875
v -1598.4146728515625 736.490478515625 399.99969482421875
v -1598.4146728515625 736.490478515625 389.99969482421875
v -1598.4178466796875 791.4923095703125 389.99969482421875
v -1598.4146728515625 736.490478515625 399.99969482421875
v -1598.4178466796875 791.4923095703125 399.99969482421875
v -1878.4163818359375 791.483154296875 389.99969482421875
v -1598.4178466796875 791.4923095703125 389.99969482421875
v -1878.4134521484375 736.4813232421875 389.99969482421875
v -1598.4146728515625 736.490478515625 389.99969482421875
v -1880.9158935546875 736.44970703125 -0.00031734019285067916
v -1873.3829345703125 736.44970703125 12.566383361816406
v -1880.9158935546875 736.44970703125 12.566383361816406
v -1873.3829345703125 736.44970703125 -0.0003170109121128917
v -1880.9158935546875 736.44970703125 12.566383361816406
v -1875.7164306640625 738.782958984375 14.899682998657227
v -1880.9158935546875 738.782958984375 14.899682998657227
v -1873.3829345703125 736.44970703125 12.566383361816406
v -1880.9158935546875 738.782958984375 14.899682998657227
v -1878.4163818359375 741.4830322265625 14.899682998657227
v -1880.9158935546875 741.4830322265625 14.899682998657227
v -1875.7164306640625 738.782958984375 14.899682998657227
v -1873.3829345703125 736.44970703125 -0.0003170109121128917
v -1873.3829345703125 776.483642578125 12.56637954711914
v -1873.3829345703125 736.44970703125 12.566383361816406
v -1873.3829345703125 776.483642578125 -0.00032051076414063573
v -1873.3829345703125 736.44970703125 12.566383361816406
v -1875.7164306640625 776.483642578125 14.899680137634277
v -1875.7164306640625 738.782958984375 14.899682998657227
v -1873.3829345703125 776.483642578125 12.56637954711914
v -1878.4163818359375 776.483642578125 14.899680137634277
v -1875.7164306640625 776.483642578125 14.899680137634277
v -1880.9158935546875 736.44970703125 -0.00031734019285067916
v -1880.9158935546875 736.44970703125 12.566383361816406
v -1880.9158935546875 741.4830322265625 14.899682998657227
v -1880.9158935546875 738.782958984375 14.899682998657227
v -1878.4163818359375 776.483642578125 14.899680137634277
v -1873.3829345703125 776.483642578125 12.56637954711914
v -1873.3829345703125 776.483642578125 -0.00032051076414063573
v -1875.7164306640625 776.483642578125 14.899680137634277
v -1878.4163818359375 751.5479736328125 115.02937316894531
v -1885.9639892578125 751.530029296875 100.02680969238281
v -1878.4163818359375 751.530029296875 100.02680969238281
v -1885.9822998046875 751.5479736328125 115.02937316894531
v -1878.4163818359375 751.530029296875 100.02680969238281
v -1873.6348876953125 739.200927734375 100.02680969238281
v -1878.4163818359375 739.200927734375 100.02680969238281
v -1885.9639892578125 751.530029296875 100.02680969238281
v -1878.4163818359375 739.200927734375 100.02680969238281
v -1870.8836669921875 736.44970703125 102.76891326904297
v -1878.4163818359375 736.44970703125 102.76891326904297
v -1873.6348876953125 739.200927734375 100.02680969238281
v -1878.4163818359375 736.44970703125 102.76891326904297
v -1870.8836669921875 736.44970703125 112.56637573242188
v -1878.4163818359375 736.44970703125 112.56637573242188
v -1870.8836669921875 736.44970703125 102.76891326904297
v -1878.4163818359375 736.44970703125 112.56637573242188
v -1873.2818603515625 738.847900390625 115.02937316894531
v -1878.4163818359375 738.847900390625 115.02937316894531
v -1870.8836669921875 736.44970703125 112.56637573242188
v -1878.4163818359375 738.847900390625 115.02937316894531
v -1885.9822998046875 751.5479736328125 115.02937316894531
v -1878.4163818359375 751.5479736328125 115.02937316894531
v -1873.2818603515625 738.847900390625 115.02937316894531
v -1885.9822998046875 751.5479736328125 115.02937316894531
v -1885.9639892578125 776.483642578125 100.02680969238281
v -1885.9639892578125 751.530029296875 100.02680969238281
v -1885.9822998046875 776.483642578125 115.02937316894531
v -1873.6348876953125 776.483642578125 100.02680969238281
v -1885.9639892578125 776.483642578125 100.02680969238281
v -1873.6348876953125 739.200927734375 100.02680969238281
v -1870.8836669921875 776.483642578125 102.76891326904297
v -1870.8836669921875 736.44970703125 102.76891326904297
v -1873.6348876953125 776.483642578125 100.02680969238281
v -1870.8836669921875 736.44970703125 102.76891326904297
v -1870.8836669921875 776.483642578125 112.56637573242188
v -1870.8836669921875 736.44970703125 112.56637573242188
v -1870.8836669921875 776.483642578125 102.76891326904297
v -1870.8836669921875 736.44970703125 112.56637573242188
v -1873.2818603515625 776.483642578125 115.02937316894531
v -1873.2818603515625 738.847900390625 115.02937316894531
v -1870.8836669921875 776.483642578125 112.56637573242188
v -1885.9822998046875 776.483642578125 115.02937316894531
v -1873.2818603515625 776.483642578125 115.02937316894531
v -1878.4163818359375 751.530029296875 100.02680969238281
v -1878.4163818359375 739.200927734375 100.02680969238281
v -1878.4163818359375 736.44970703125 102.76891326904297
v -1878.4163818359375 736.44970703125 112.56637573242188
v -1878.4163818359375 751.5479736328125 115.02937316894531
v -1878.4163818359375 738.847900390625 115.02937316894531
v -1870.8836669921875 776.483642578125 102.76891326904297
v -1873.6348876953125 776.483642578125 100.02680969238281
v -1885.9639892578125 776.483642578125 100.02680969238281
v -1870.8836669921875 776.483642578125 112.56637573242188
v -1885.9822998046875 776.483642578125 115.02937316894531
v -1873.2818603515625 776.483642578125 115.02937316894531
v -1590.8519287109375 751.5540771484375 115.0293960571289
v -1598.4178466796875 751.5361328125 100.0268325805664
v -1590.8702392578125 751.5361328125 100.0268325805664
v -1598.4178466796875 751.5540771484375 115.0293960571289
v -1590.8702392578125 751.5361328125 100.0268325805664
v -1598.4178466796875 739.20703125 100.02682495117188
v -1603.1993408203125 739.20703125 100.02682495117188
v -1598.4178466796875 751.5361328125 100.0268325805664
v -1603.1993408203125 739.20703125 100.02682495117188
v -1598.4178466796875 736.455810546875 102.76892852783203
v -1605.9505615234375 736.455810546875 102.76892852783203
v -1598.4178466796875 739.20703125 100.02682495117188
v -1605.9505615234375 736.455810546875 102.76892852783203
v -1598.4178466796875 736.455810546875 112.56639099121094
v -1605.9505615234375 736.455810546875 112.56639099121094
v -1598.4178466796875 736.455810546875 102.76892852783203
v -1605.9505615234375 736.455810546875 112.56639099121094
v -1598.4178466796875 738.85400390625 115.02938842773438
v -1603.5523681640625 738.85400390625 115.02938842773438
v -1598.4178466796875 736.455810546875 112.56639099121094
v -1603.5523681640625 738.85400390625 115.02938842773438
v -1598.4178466796875 751.5540771484375 115.0293960571289
v -1590.8519287109375 751.5540771484375 115.0293960571289
v -1598.4178466796875 738.85400390625 115.02938842773438
v -1590.8519287109375 776.48974609375 115.02938842773438
v -1590.8702392578125 751.5361328125 100.0268325805664
v -1590.8702392578125 776.48974609375 100.02682495117188
v -1590.8519287109375 751.5540771484375 115.0293960571289
v -1590.8702392578125 776.48974609375 100.02682495117188
v -1603.1993408203125 776.48974609375 100.02682495117188
v -1603.1993408203125 776.48974609375 100.02682495117188
v -1605.9505615234375 736.455810546875 102.76892852783203
v -1605.9505615234375 776.48974609375 102.76892852783203
v -1603.1993408203125 739.20703125 100.02682495117188
v -1605.9505615234375 776.48974609375 102.76892852783203
v -1605.9505615234375 736.455810546875 112.56639099121094
v -1605.9505615234375 776.48974609375 112.56639099121094
v -1605.9505615234375 736.455810546875 102.76892852783203
v -1605.9505615234375 776.48974609375 112.56639099121094
v -1603.5523681640625 738.85400390625 115.02938842773438
v -1603.5523681640625 776.48974609375 115.02938842773438
v -1605.9505615234375 736.455810546875 112.56639099121094
v -1603.5523681640625 776.48974609375 115.02938842773438
v -1590.8519287109375 776.48974609375 115.02938842773438
v -1598.4178466796875 736.455810546875 102.76892852783203
v -1598.4178466796875 739.20703125 100.02682495117188
v -1598.4178466796875 751.5361328125 100.0268325805664
v -1598.4178466796875 736.455810546875 112.56639099121094
v -1598.4178466796875 751.5540771484375 115.0293960571289
v -1598.4178466796875 738.85400390625 115.02938842773438
v -1590.8702392578125 776.48974609375 100.02682495117188
v -1603.1993408203125 776.48974609375 100.02682495117188
v -1605.9505615234375 776.48974609375 102.76892852783203
v -1605.9505615234375 776.48974609375 112.56639099121094
v -1590.8519287109375 776.48974609375 115.02938842773438
v -1603.5523681640625 776.48974609375 115.02938842773438
v -1603.4512939453125 736.455810546875 -0.00030521233566105366
v -1595.9183349609375 736.455810546875 12.56639575958252
v -1603.4512939453125 736.455810546875 12.56639575958252
v -1595.9183349609375 736.455810546875 -0.00030488305492326617
v -1603.4512939453125 736.455810546875 12.56639575958252
v -1595.9183349609375 738.7890625 14.89969539642334
v -1601.1177978515625 738.7890625 14.899694442749023
v -1595.9183349609375 736.455810546875 12.56639575958252
v -1601.1177978515625 738.7890625 14.899694442749023
v -1595.9183349609375 741.4891357421875 14.89969539642334
v -1595.9183349609375 738.7890625 14.89969539642334
v -1603.4512939453125 776.48974609375 -0.00030871221679262817
v -1603.4512939453125 736.455810546875 12.56639575958252
v -1603.4512939453125 776.48974609375 12.566391944885254
v -1603.4512939453125 736.455810546875 -0.00030521233566105366
v -1603.4512939453125 776.48974609375 12.566391944885254
v -1601.1177978515625 738.7890625 14.899694442749023
v -1601.1177978515625 776.48974609375 14.899691581726074
v -1603.4512939453125 736.455810546875 12.56639575958252
v -1601.1177978515625 776.48974609375 14.899691581726074
v -1598.4178466796875 741.4891357421875 14.89969539642334
v -1598.4178466796875 776.48974609375 14.89969253540039
v -1595.9183349609375 741.4891357421875 14.89969539642334
v -1595.9183349609375 736.455810546875 12.56639575958252
v -1595.9183349609375 736.455810546875 -0.00030488305492326617
v -1595.9183349609375 738.7890625 14.89969539642334
v -1603.4512939453125 776.48974609375 -0.00030871221679262817
v -1603.4512939453125 776.48974609375 12.566391944885254
v -1598.4178466796875 776.48974609375 14.89969253540039
v -1601.1177978515625 776.48974609375 14.899691581726074
v -522.4991455078125 943.99462890625 -10.000275611877441
v -492.5003662109375 943.99462890625 -10.000275611877441
v -522.4991455078125 943.99462890625 314.9997253417969
v -492.5003662109375 943.99462890625 314.9997253417969
v -492.5003662109375 943.99462890625 -10.000275611877441
v -492.5003662109375 1043.99462890625 -10.000284194946289
v -492.5003662109375 943.99462890625 314.9997253417969
v -492.5003662109375 1043.99462890625 314.9997253417969
v -492.5003662109375 1043.99462890625 -10.000284194946289
v -522.4991455078125 1043.99462890625 -10.000285148620605
v -492.5003662109375 1043.99462890625 314.9997253417969
v -522.4991455078125 1043.99462890625 314.9997253417969
v -522.4991455078125 1043.99462890625 -10.000285148620605
v -522.4991455078125 943.99462890625 -10.000275611877441
v -522.4991455078125 1043.99462890625 314.9997253417969
v -522.4991455078125 943.99462890625 314.9997253417969
v -522.4991455078125 1043.99462890625 314.9997253417969
v -492.5003662109375 1293.9947509765625 314.99969482421875
v -492.5003662109375 1043.99462890625 314.9997253417969
v -492.5003662109375 1423.9935302734375 314.99969482421875
v -1482.4998779296875 1423.9932861328125 314.9996337890625
v -522.4991455078125 1393.9947509765625 314.99969482421875
v -1482.4998779296875 1393.9945068359375 314.9996643066406
v -492.5003662109375 943.9947509765625 414.9997253417969
v -492.5003662109375 1043.9947509765625 414.9997253417969
v -492.5003662109375 1293.9947509765625 314.99969482421875
v -492.5003662109375 1293.9947509765625 414.99969482421875
v -492.5003662109375 1423.9935302734375 314.99969482421875
v -492.5003662109375 1423.9935302734375 414.99969482421875
v -492.5003662109375 1423.9935302734375 314.99969482421875
v -1482.4998779296875 1423.9932861328125 314.9996337890625
v -492.5003662109375 1423.9935302734375 414.99969482421875
v -1482.4998779296875 1423.9932861328125 414.9996337890625
v -1482.4998779296875 1423.9932861328125 314.9996337890625
v -1482.4998779296875 1393.9945068359375 314.9996643066406
v -1482.4998779296875 1423.9932861328125 414.9996337890625
v -1482.4998779296875 1393.9945068359375 414.9996643066406
v -1482.4998779296875 1393.9945068359375 314.9996643066406
v -522.4993896484375 1393.9947509765625 314.99969482421875
v -1482.4998779296875 1393.9945068359375 414.9996643066406
v -522.4993896484375 1393.9947509765625 414.99969482421875
v -522.4991455078125 1393.9947509765625 314.99969482421875
v -522.4991455078125 1393.9947509765625 414.99969482421875
v -522.4991455078125 943.9947509765625 414.9997253417969
v -522.4991455078125 943.9947509765625 414.9997253417969
v -492.5003662109375 943.9947509765625 414.9997253417969
v -522.4991455078125 1361.4935302734375 -10.000312805175781
v -492.5003662109375 1361.4935302734375 -10.000311851501465
v -522.4991455078125 1361.4935302734375 314.9997253417969
v -492.5003662109375 1361.4935302734375 314.9997253417969
v -492.5003662109375 1361.4935302734375 -10.000311851501465
v -492.5003662109375 1423.9935302734375 -10.000317573547363
v -492.5003662109375 1361.4935302734375 314.9997253417969
v -492.5003662109375 1423.9935302734375 -10.000317573547363
v -1482.4998779296875 1423.9932861328125 -10.000359535217285
v -1482.4998779296875 1423.9932861328125 -10.000359535217285
v -1482.4998779296875 1393.9945068359375 -10.000357627868652
v -1482.4998779296875 1393.9945068359375 -10.000357627868652
v -522.4991455078125 1393.9947509765625 -10.00031566619873
v -522.4991455078125 1393.9947509765625 314.99969482421875
v -522.4991455078125 1393.9947509765625 -10.00031566619873
v -522.4991455078125 1361.4935302734375 -10.000312805175781
v -522.4991455078125 1361.4935302734375 314.9997253417969
v -487.4984130859375 1018.99462890625 304.999755859375
v -487.4984130859375 1371.4940185546875 304.9997253417969
v -487.4984130859375 1018.99462890625 334.999755859375
v -487.4984130859375 1371.4940185546875 334.9997253417969
v -487.4984130859375 1371.4940185546875 304.9997253417969
v -527.4979248046875 1371.4940185546875 304.99969482421875
v -487.4984130859375 1371.4940185546875 334.9997253417969
v -527.4979248046875 1371.4940185546875 334.99969482421875
v -527.4979248046875 1371.4940185546875 304.99969482421875
v -527.4979248046875 1018.99462890625 304.9997253417969
v -527.4979248046875 1371.4940185546875 334.99969482421875
v -527.4979248046875 1018.99462890625 334.9997253417969
v -527.4979248046875 1018.99462890625 304.9997253417969
v -487.4984130859375 1018.99462890625 304.999755859375
v -527.4979248046875 1018.99462890625 334.9997253417969
v -487.4984130859375 1018.99462890625 334.999755859375
v -527.4979248046875 1018.99462890625 304.9997253417969
v -487.4984130859375 1371.4940185546875 304.9997253417969
v -487.4984130859375 1018.99462890625 304.999755859375
v -527.4979248046875 1371.4940185546875 304.99969482421875
v -527.4979248046875 1018.99462890625 334.9997253417969
v -487.4984130859375 1018.99462890625 334.999755859375
v -487.4984130859375 1371.4940185546875 334.9997253417969
v -527.4979248046875 1371.4940185546875 334.99969482421875
v -1122.4991455078125 973.993408203125 99.99969482421875
v -1122.4991455078125 943.9915771484375 99.99970245361328
v -1122.4991455078125 973.993408203125 319.99969482421875
v -1122.4991455078125 943.9915771484375 319.9996643066406
v -1122.4991455078125 943.9915771484375 99.99970245361328
v -512.4984130859375 943.9915771484375 99.99972534179688
v -1122.4991455078125 943.9915771484375 319.9996643066406
v -512.4984130859375 943.9915771484375 319.9997253417969
v -512.4984130859375 943.9915771484375 99.99972534179688
v -512.4984130859375 973.993408203125 99.99971771240234
v -512.4984130859375 943.9915771484375 319.9997253417969
v -512.4984130859375 973.993408203125 319.999755859375
v -512.4984130859375 973.993408203125 99.99971771240234
v -1122.4991455078125 973.993408203125 99.99969482421875
v -512.4984130859375 973.993408203125 319.999755859375
v -1122.4991455078125 973.993408203125 319.99969482421875
v -1122.4991455078125 954.0565185546875 115.02930450439453
v -512.4984130859375 954.03857421875 100.0267562866211
v -1122.4991455078125 954.03857421875 100.0267333984375
v -512.4984130859375 954.0565185546875 115.02932739257812
v -1122.4991455078125 954.03857421875 100.0267333984375
v -512.4984130859375 941.70947265625 100.02676391601562
v -1122.4991455078125 941.70947265625 100.02674102783203
v -512.4984130859375 954.03857421875 100.0267562866211
v -1122.4991455078125 941.70947265625 100.02674102783203
v -512.4984130859375 938.958251953125 102.76885986328125
v -1122.4991455078125 938.958251953125 102.76883697509766
v -512.4984130859375 941.70947265625 100.02676391601562
v -1122.4991455078125 938.958251953125 102.76883697509766
v -512.4984130859375 938.958251953125 112.56632995605469
v -1122.4991455078125 938.958251953125 112.5663070678711
v -512.4984130859375 938.958251953125 102.76885986328125
v -1122.4991455078125 938.958251953125 112.5663070678711
v -512.4984130859375 941.3564453125 115.02933502197266
v -1122.4991455078125 941.3564453125 115.02931213378906
v -512.4984130859375 938.958251953125 112.56632995605469
v -1122.4991455078125 941.3564453125 115.02931213378906
v -512.4984130859375 954.0565185546875 115.02932739257812
v -1122.4991455078125 954.0565185546875 115.02930450439453
v -512.4984130859375 941.3564453125 115.02933502197266
v -1122.4991455078125 954.03857421875 100.0267333984375
v -1122.4991455078125 941.70947265625 100.02674102783203
v -1122.4991455078125 938.958251953125 102.76883697509766
v -1122.4991455078125 938.958251953125 112.5663070678711
v -1122.4991455078125 954.0565185546875 115.02930450439453
v -1122.4991455078125 941.3564453125 115.02931213378906
v -512.4984130859375 938.958251953125 102.76885986328125
v -512.4984130859375 941.70947265625 100.02676391601562
v -512.4984130859375 954.03857421875 100.0267562866211
v -512.4984130859375 938.958251953125 112.56632995605469
v -512.4984130859375 954.0565185546875 115.02932739257812
v -512.4984130859375 941.3564453125 115.02933502197266
v -1122.4991455078125 938.958251953125 -0.00039744627429172397
v -512.4984130859375 938.958251953125 12.566329956054688
v -1122.4991455078125 938.958251953125 12.566303253173828
v -512.4984130859375 938.958251953125 -0.00037078227614983916
v -1122.4991455078125 938.958251953125 12.566303253173828
v -512.4984130859375 941.29150390625 14.899629592895508
v -1122.4991455078125 941.29150390625 14.899602890014648
v -512.4984130859375 938.958251953125 12.566329956054688
v -1122.4991455078125 941.29150390625 14.899602890014648
v -512.4984130859375 943.9915771484375 14.899628639221191
v -1122.4991455078125 943.9915771484375 14.899602890014648
v -512.4984130859375 941.29150390625 14.899629592895508
v -1122.4991455078125 938.958251953125 -0.00039744627429172397
v -1122.4991455078125 938.958251953125 12.566303253173828
v -1122.4991455078125 943.9915771484375 14.899602890014648
v -1122.4991455078125 941.29150390625 14.899602890014648
v -512.4984130859375 943.9915771484375 14.899628639221191
v -512.4984130859375 938.958251953125 12.566329956054688
v -512.4984130859375 938.958251953125 -0.00037078227614983916
v -512.4984130859375 941.29150390625 14.899629592895508
v -1122.4991455078125 973.993408203125 -0.0003051417297683656
v -1122.4991455078125 943.9915771484375 -0.0003025188925676048
v -1122.4991455078125 943.9915771484375 -0.0003025188925676048
v -512.4984130859375 943.9915771484375 -0.00027585489442572
v -512.4984130859375 943.9915771484375 -0.00027585489442572
v -512.4984130859375 973.993408203125 -0.0002784777316264808
v -512.4984130859375 973.993408203125 -0.0002784777316264808
v -1122.4991455078125 973.993408203125 -0.0003051417297683656
v -1552.4979248046875 973.993408203125 319.99969482421875
v -1122.4991455078125 973.993408203125 319.99969482421875
v -1552.4979248046875 943.9915771484375 319.9996643066406
v -1122.4991455078125 943.9915771484375 319.9996643066406
v -1552.4979248046875 973.993408203125 319.99969482421875
v -1552.4979248046875 943.9915771484375 319.9996643066406
v -1552.4979248046875 973.9935302734375 419.9996643066406
v -1552.4979248046875 943.99169921875 419.9996337890625
v -1552.4979248046875 943.9915771484375 319.9996643066406
v -1552.4979248046875 943.99169921875 419.9996337890625
v -512.4984130859375 943.99169921875 419.99969482421875
v -512.4984130859375 943.99169921875 419.99969482421875
v -512.4984130859375 973.9935302734375 419.9997253417969
v -1552.4979248046875 973.993408203125 319.99969482421875
v -512.4984130859375 973.9935302734375 419.9997253417969
v -1552.4979248046875 973.9935302734375 419.9996643066406
v -1552.4979248046875 954.056640625 405.0293273925781
v -512.4984130859375 954.0386962890625 390.02685546875
v -1552.4979248046875 954.0386962890625 390.02679443359375
v -512.4984130859375 954.056640625 405.0293884277344
v -1552.4979248046875 954.0386962890625 390.02679443359375
v -512.4984130859375 941.7095947265625 390.02685546875
v -1552.4979248046875 941.7095947265625 390.02679443359375
v -512.4984130859375 954.0386962890625 390.02685546875
v -1552.4979248046875 941.7095947265625 390.02679443359375
v -512.4984130859375 938.9583740234375 392.7689514160156
v -1552.4979248046875 938.9583740234375 392.7688903808594
v -512.4984130859375 941.7095947265625 390.02685546875
v -1552.4979248046875 938.9583740234375 392.7688903808594
v -512.4984130859375 938.9583740234375 402.5664367675781
v -1552.4979248046875 938.9583740234375 402.5663757324219
v -512.4984130859375 938.9583740234375 392.7689514160156
v -1552.4979248046875 938.9583740234375 402.5663757324219
v -512.4984130859375 941.3565673828125 405.0293884277344
v -1552.4979248046875 941.3565673828125 405.0293273925781
v -512.4984130859375 938.9583740234375 402.5664367675781
v -1552.4979248046875 941.3565673828125 405.0293273925781
v -512.4984130859375 954.056640625 405.0293884277344
v -1552.4979248046875 954.056640625 405.0293273925781
v -512.4984130859375 941.3565673828125 405.0293884277344
v -1552.4979248046875 954.0386962890625 390.02679443359375
v -1552.4979248046875 941.7095947265625 390.02679443359375
v -1552.4979248046875 938.9583740234375 392.7688903808594
v -1552.4979248046875 938.9583740234375 402.5663757324219
v -1552.4979248046875 954.056640625 405.0293273925781
v -1552.4979248046875 941.3565673828125 405.0293273925781
v -512.4984130859375 938.9583740234375 392.7689514160156
v -512.4984130859375 941.7095947265625 390.02685546875
v -512.4984130859375 954.0386962890625 390.02685546875
v -512.4984130859375 938.9583740234375 402.5664367675781
v -512.4984130859375 954.056640625 405.0293884277344
v -512.4984130859375 941.3565673828125 405.0293884277344
v -1552.4979248046875 973.993408203125 99.99967193603516
v -1552.4979248046875 943.9915771484375 99.99967956542969
v -1552.4979248046875 943.9915771484375 99.99967956542969
v -1452.4979248046875 943.9915771484375 99.99968719482422
v -1452.4979248046875 943.9915771484375 319.9996643066406
v -1452.4979248046875 943.9915771484375 99.99968719482422
v -1452.4979248046875 973.993408203125 99.99967956542969
v -1452.4979248046875 943.9915771484375 319.9996643066406
v -1452.4979248046875 973.993408203125 319.99969482421875
v -1452.4979248046875 973.993408203125 99.99967956542969
v -1552.4979248046875 973.993408203125 99.99967193603516
v -1452.4979248046875 973.993408203125 319.99969482421875
v -1552.4979248046875 954.0565185546875 115.02928924560547
v -1452.4979248046875 954.03857421875 100.02672576904297
v -1552.4979248046875 954.03857421875 100.02671813964844
v -1452.4979248046875 954.0565185546875 115.029296875
v -1552.4979248046875 954.03857421875 100.02671813964844
v -1452.4979248046875 941.70947265625 100.02672576904297
v -1552.4979248046875 941.70947265625 100.02671813964844
v -1452.4979248046875 954.03857421875 100.02672576904297
v -1552.4979248046875 941.70947265625 100.02671813964844
v -1452.4979248046875 938.958251953125 102.7688217163086
v -1552.4979248046875 938.958251953125 102.76881408691406
v -1452.4979248046875 941.70947265625 100.02672576904297
v -1552.4979248046875 938.958251953125 102.76881408691406
v -1452.4979248046875 938.958251953125 112.56629180908203
v -1552.4979248046875 938.958251953125 112.5662841796875
v -1452.4979248046875 938.958251953125 102.7688217163086
v -1552.4979248046875 938.958251953125 112.5662841796875
v -1452.4979248046875 941.3564453125 115.029296875
v -1552.4979248046875 941.3564453125 115.02928924560547
v -1452.4979248046875 938.958251953125 112.56629180908203
v -1552.4979248046875 941.3564453125 115.02928924560547
v -1452.4979248046875 954.0565185546875 115.029296875
v -1552.4979248046875 954.0565185546875 115.02928924560547
v -1452.4979248046875 941.3564453125 115.029296875
v -1552.4979248046875 954.03857421875 100.02671813964844
v -1552.4979248046875 941.70947265625 100.02671813964844
v -1552.4979248046875 938.958251953125 102.76881408691406
v -1552.4979248046875 938.958251953125 112.5662841796875
v -1552.4979248046875 954.0565185546875 115.02928924560547
v -1552.4979248046875 941.3564453125 115.02928924560547
v -1452.4979248046875 938.958251953125 102.7688217163086
v -1452.4979248046875 941.70947265625 100.02672576904297
v -1452.4979248046875 954.03857421875 100.02672576904297
v -1452.4979248046875 938.958251953125 112.56629180908203
v -1452.4979248046875 954.0565185546875 115.029296875
v -1452.4979248046875 941.3564453125 115.029296875
v -1552.4979248046875 938.958251953125 -0.0004162421391811222
v -1452.4979248046875 938.958251953125 12.566288948059082
v -1552.4979248046875 938.958251953125 12.566285133361816
v -1452.4979248046875 938.958251953125 -0.0004118710057809949
v -1552.4979248046875 938.958251953125 12.566285133361816
v -1452.4979248046875 941.29150390625 14.899588584899902
v -1552.4979248046875 941.29150390625 14.899584770202637
v -1452.4979248046875 938.958251953125 12.566288948059082
v -1552.4979248046875 941.29150390625 14.899584770202637
v -1452.4979248046875 943.9915771484375 14.899587631225586
v -1552.4979248046875 943.9915771484375 14.89958381652832
v -1452.4979248046875 941.29150390625 14.899588584899902
v -1552.4979248046875 938.958251953125 -0.0004162421391811222
v -1552.4979248046875 938.958251953125 12.566285133361816
v -1552.4979248046875 943.9915771484375 14.89958381652832
v -1552.4979248046875 941.29150390625 14.899584770202637
v -1452.4979248046875 943.9915771484375 14.899587631225586
v -1452.4979248046875 938.958251953125 12.566288948059082
v -1452.4979248046875 938.958251953125 -0.0004118710057809949
v -1452.4979248046875 941.29150390625 14.899588584899902
v -1552.4979248046875 973.993408203125 -0.0003239375655539334
v -1552.4979248046875 943.9915771484375 -0.00032131472835317254
v -1552.4979248046875 943.9915771484375 -0.00032131472835317254
v -1452.4979248046875 943.9915771484375 -0.0003169435658492148
v -1452.4979248046875 943.9915771484375 -0.0003169435658492148
v -1452.4979248046875 973.993408203125 -0.00031956646125763655
v -1452.4979248046875 973.993408203125 -0.00031956646125763655
v -1552.4979248046875 973.993408203125 -0.0003239375655539334
v -1552.4979248046875 973.993408203125 319.99969482421875
v -1552.4979248046875 943.9915771484375 319.9996643066406
v -1452.4979248046875 973.993408203125 319.99969482421875
v -1452.4979248046875 943.9915771484375 319.9996643066406
v -490.1212158203125 1343.9776611328125 4.999589920043945
v -490.1212158203125 1361.4825439453125 4.999588489532471
v -490.1212158203125 1343.9776611328125 314.9996032714844
v -490.1212158203125 1361.4825439453125 314.9996032714844
v -490.1212158203125 1361.4825439453125 4.999588489532471
v -509.3289794921875 1361.4825439453125 4.999587535858154
v -490.1212158203125 1361.4825439453125 314.9996032714844
v -509.3289794921875 1361.4825439453125 314.9996032714844
v -525.1248779296875 1361.4825439453125 4.999587059020996
v -525.1248779296875 1361.4825439453125 314.99957275390625
v -525.1248779296875 1361.4825439453125 4.999587059020996
v -525.1248779296875 1343.9776611328125 4.999588489532471
v -525.1248779296875 1361.4825439453125 314.99957275390625
v -525.1248779296875 1343.9776611328125 314.9996032714844
v -525.1248779296875 1343.9776611328125 4.999588489532471
v -505.1419677734375 1343.9776611328125 4.999589443206787
v -525.1248779296875 1343.9776611328125 314.9996032714844
v -505.1419677734375 1343.9776611328125 314.9996032714844
v -490.1212158203125 1343.9776611328125 4.999589920043945
v -490.1212158203125 1343.9776611328125 314.9996032714844
v -490.1212158203125 1343.9776611328125 314.9996032714844
v -490.1212158203125 1361.4825439453125 314.9996032714844
v -509.3289794921875 1361.4825439453125 314.9996032714844
v -525.1248779296875 1361.4825439453125 314.99957275390625
v -505.1419677734375 1343.9776611328125 314.9996032714844
v -525.1248779296875 1343.9776611328125 314.9996032714844
v -490.1212158203125 1028.9813232421875 4.999617576599121
v -490.1212158203125 1048.9764404296875 4.9996161460876465
v -490.1212158203125 1028.9813232421875 314.9996032714844
v -490.1212158203125 1048.9764404296875 314.9996032714844
v -490.1212158203125 1048.9764404296875 4.9996161460876465
v -508.1998291015625 1048.9764404296875 4.99961519241333
v -490.1212158203125 1048.9764404296875 314.99957275390625
v -508.1998291015625 1048.9764404296875 314.99957275390625
v -525.1248779296875 1048.9764404296875 4.999614238739014
v -508.1998291015625 1048.9764404296875 314.9996032714844
v -525.1248779296875 1048.9764404296875 314.9996032714844
v -525.1248779296875 1048.9764404296875 4.999614238739014
v -525.1248779296875 1028.9813232421875 4.9996161460876465
v -525.1248779296875 1048.9764404296875 314.9996032714844
v -525.1248779296875 1028.9813232421875 314.9996032714844
v -525.1248779296875 1028.9813232421875 4.9996161460876465
v -503.4879150390625 1028.9813232421875 4.999616622924805
v -525.1248779296875 1028.9813232421875 314.9996032714844
v -503.4879150390625 1028.9813232421875 314.9996032714844
v -490.1212158203125 1028.9813232421875 4.999617576599121
v -503.4879150390625 1028.9813232421875 314.99957275390625
v -490.1212158203125 1028.9813232421875 314.99957275390625
v -490.1212158203125 1028.9813232421875 314.9996032714844
v -490.1212158203125 1048.9764404296875 314.9996032714844
v -508.1998291015625 1048.9764404296875 314.9996032714844
v -525.1248779296875 1048.9764404296875 314.9996032714844
v -503.4879150390625 1028.9813232421875 314.9996032714844
v -525.1248779296875 1028.9813232421875 314.9996032714844
v -549.2049560546875 136.493408203125 99.99980163574219
v -549.2049560546875 78.204833984375 99.99980163574219
v -549.2049560546875 136.4935302734375 399.9997863769531
v -549.2049560546875 78.2049560546875 399.99981689453125
v -549.2049560546875 77.6820068359375 99.99978637695312
v -549.2049560546875 77.6820068359375 309.9997863769531
v -549.2049560546875 -201.7939453125 309.9997863769531
v -549.2049560546875 -201.79400634765625 399.999755859375
v -549.2049560546875 -201.79400634765625 99.99983215332031
v -549.2049560546875 -263.506591796875 99.99983215332031
v -549.2049560546875 -263.506591796875 399.9998474121094
v -549.2049560546875 -263.506591796875 99.99983215332031
v -519.2064208984375 -263.506591796875 99.99982452392578
v -549.2049560546875 -263.506591796875 399.9998474121094
v -519.2064208984375 -263.506591796875 399.9998474121094
v -519.2064208984375 136.493408203125 99.99979400634766
v -549.2049560546875 136.493408203125 99.99980163574219
v -519.2064208984375 136.4935302734375 399.99981689453125
v -549.2049560546875 136.4935302734375 399.9997863769531
v -539.1402587890625 126.4285888671875 405.029541015625
v -539.1580810546875 78.2049560546875 390.0269470214844
v -539.1580810546875 126.4466552734375 390.0269470214844
v -539.1402587890625 78.2049560546875 405.029541015625
v -539.1580810546875 126.4466552734375 390.0269470214844
v -551.4871826171875 78.2049560546875 390.0269470214844
v -551.4871826171875 138.775634765625 390.02691650390625
v -539.1580810546875 78.2049560546875 390.0269470214844
v -551.4871826171875 138.775634765625 390.02691650390625
v -554.2384033203125 78.2049560546875 392.76904296875
v -554.2384033203125 141.52685546875 392.7690124511719
v -551.4871826171875 78.2049560546875 390.0269470214844
v -554.2384033203125 141.52685546875 392.7690124511719
v -554.2384033203125 78.2049560546875 402.5665283203125
v -554.2384033203125 141.52685546875 402.5664978027344
v -554.2384033203125 78.2049560546875 392.76904296875
v -554.2384033203125 141.52685546875 402.5664978027344
v -551.8402099609375 78.2049560546875 405.029541015625
v -551.8402099609375 139.128662109375 405.0295104980469
v -554.2384033203125 78.2049560546875 402.5665283203125
v -551.8402099609375 139.128662109375 405.0295104980469
v -539.1402587890625 78.2049560546875 405.029541015625
v -539.1402587890625 126.4285888671875 405.029541015625
v -551.8402099609375 78.2049560546875 405.029541015625
v -539.1402587890625 -201.79400634765625 405.029541015625
v -539.1580810546875 -253.45965576171875 390.0269775390625
v -539.1580810546875 -201.79400634765625 390.0269470214844
v -539.1402587890625 -253.44171142578125 405.0295715332031
v -539.1580810546875 -201.79400634765625 390.0269470214844
v -551.4871826171875 -265.78875732421875 390.0269775390625
v -551.4871826171875 -201.79400634765625 390.0269470214844
v -539.1580810546875 -253.45965576171875 390.0269775390625
v -551.4871826171875 -201.79400634765625 390.0269470214844
v -554.2384033203125 -268.5399169921875 392.7690734863281
v -554.2384033203125 -201.79400634765625 392.76904296875
v -551.4871826171875 -265.78875732421875 390.0269775390625
v -554.2384033203125 -201.79400634765625 392.76904296875
v -554.2384033203125 -268.5399169921875 402.5665588378906
v -554.2384033203125 -201.79400634765625 402.5665283203125
v -554.2384033203125 -268.5399169921875 392.7690734863281
v -554.2384033203125 -201.79400634765625 402.5665283203125
v -551.8402099609375 -266.1417236328125 405.0295715332031
v -551.8402099609375 -201.79400634765625 405.029541015625
v -554.2384033203125 -268.5399169921875 402.5665588378906
v -551.8402099609375 -201.79400634765625 405.029541015625
v -539.1402587890625 -253.44171142578125 405.0295715332031
v -539.1402587890625 -201.79400634765625 405.029541015625
v -551.8402099609375 -266.1417236328125 405.0295715332031
v -539.1402587890625 -253.44171142578125 405.0295715332031
v -519.2064208984375 -253.45965576171875 390.0269775390625
v -539.1580810546875 -253.45965576171875 390.0269775390625
v -519.2064208984375 -253.44171142578125 405.0295715332031
v -519.2064208984375 -265.78875732421875 390.0269775390625
v -519.2064208984375 -253.45965576171875 390.0269775390625
v -551.4871826171875 -265.78875732421875 390.0269775390625
v -519.2064208984375 -268.5399169921875 392.7690734863281
v -554.2384033203125 -268.5399169921875 392.7690734863281
v -519.2064208984375 -265.78875732421875 390.0269775390625
v -554.2384033203125 -268.5399169921875 392.7690734863281
v -519.2064208984375 -268.5399169921875 402.5665588378906
v -554.2384033203125 -268.5399169921875 402.5665588378906
v -519.2064208984375 -268.5399169921875 392.7690734863281
v -554.2384033203125 -268.5399169921875 402.5665588378906
v -519.2064208984375 -266.1417236328125 405.0295715332031
v -551.8402099609375 -266.1417236328125 405.0295715332031
v -519.2064208984375 -268.5399169921875 402.5665588378906
v -519.2064208984375 -253.44171142578125 405.0295715332031
v -519.2064208984375 -266.1417236328125 405.0295715332031
v -519.2064208984375 126.4285888671875 405.029541015625
v -539.1580810546875 126.4466552734375 390.0269470214844
v -519.2064208984375 126.4466552734375 390.0269470214844
v -539.1402587890625 126.4285888671875 405.029541015625
v -519.2064208984375 126.4466552734375 390.0269470214844
v -519.2064208984375 138.775634765625 390.0269470214844
v -519.2064208984375 138.775634765625 390.0269470214844
v -554.2384033203125 141.52685546875 392.7690124511719
v -519.2064208984375 141.52685546875 392.7690124511719
v -551.4871826171875 138.775634765625 390.02691650390625
v -519.2064208984375 141.52685546875 392.7690124511719
v -554.2384033203125 141.52685546875 402.5664978027344
v -519.2064208984375 141.52685546875 402.5664978027344
v -554.2384033203125 141.52685546875 392.7690124511719
v -519.2064208984375 141.52685546875 402.5664978027344
v -551.8402099609375 139.128662109375 405.0295104980469
v -519.2064208984375 139.128662109375 405.029541015625
v -554.2384033203125 141.52685546875 402.5664978027344
v -519.2064208984375 139.128662109375 405.029541015625
v -519.2064208984375 126.4285888671875 405.029541015625
v -554.2384033203125 78.2049560546875 392.76904296875
v -551.4871826171875 78.2049560546875 390.0269470214844
v -539.1580810546875 78.2049560546875 390.0269470214844
v -554.2384033203125 78.2049560546875 402.5665283203125
v -539.1402587890625 78.2049560546875 405.029541015625
v -551.8402099609375 78.2049560546875 405.029541015625
v -539.1580810546875 -201.79400634765625 390.0269470214844
v -551.4871826171875 -201.79400634765625 390.0269470214844
v -554.2384033203125 -201.79400634765625 392.76904296875
v -554.2384033203125 -201.79400634765625 402.5665283203125
v -539.1402587890625 -201.79400634765625 405.029541015625
v -551.8402099609375 -201.79400634765625 405.029541015625
v -519.2064208984375 -268.5399169921875 392.7690734863281
v -519.2064208984375 -265.78875732421875 390.0269775390625
v -519.2064208984375 -253.45965576171875 390.0269775390625
v -519.2064208984375 -268.5399169921875 402.5665588378906
v -519.2064208984375 -253.44171142578125 405.0295715332031
v -519.2064208984375 -266.1417236328125 405.0295715332031
v -519.2064208984375 126.4466552734375 390.0269470214844
v -519.2064208984375 138.775634765625 390.0269470214844
v -519.2064208984375 141.52685546875 392.7690124511719
v -519.2064208984375 141.52685546875 402.5664978027344
v -519.2064208984375 126.4285888671875 405.029541015625
v -519.2064208984375 139.128662109375 405.029541015625
v -554.2384033203125 141.5267333984375 -0.00020752570708282292
v -554.2384033203125 78.204833984375 12.566498756408691
v -554.2384033203125 141.5267333984375 12.56649398803711
v -554.2384033203125 78.204833984375 -0.00020198992569930851
v -554.2384033203125 141.5267333984375 12.56649398803711
v -551.9051513671875 78.204833984375 14.899799346923828
v -551.9051513671875 139.1934814453125 14.899792671203613
v -554.2384033203125 78.204833984375 12.566498756408691
v -551.9051513671875 139.1934814453125 14.899792671203613
v -549.2049560546875 78.204833984375 14.899799346923828
v -549.2049560546875 136.493408203125 14.89979362487793
v -551.9051513671875 78.204833984375 14.899799346923828
v -554.2384033203125 -201.79400634765625 -0.00017751165432855487
v -554.2384033203125 -268.5399169921875 12.566529273986816
v -554.2384033203125 -201.79400634765625 12.566523551940918
v -554.2384033203125 -268.5399169921875 -0.00017167654004879296
v -554.2384033203125 -201.79400634765625 12.566523551940918
v -551.9051513671875 -266.20660400390625 14.899828910827637
v -551.9051513671875 -201.79400634765625 14.899823188781738
v -554.2384033203125 -268.5399169921875 12.566529273986816
v -551.9051513671875 -201.79400634765625 14.899823188781738
v -549.2049560546875 -263.506591796875 14.899828910827637
v -549.2049560546875 -201.79400634765625 14.899823188781738
v -551.9051513671875 -266.20660400390625 14.899828910827637
v -554.2384033203125 -268.5399169921875 -0.00017167654004879296
v -519.2064208984375 -268.5399169921875 12.566530227661133
v -554.2384033203125 -268.5399169921875 12.566529273986816
v -519.2064208984375 -268.5399169921875 -0.00017014524200931191
v -554.2384033203125 -268.5399169921875 12.566529273986816
v -519.2064208984375 -266.20660400390625 14.899829864501953
v -551.9051513671875 -266.20660400390625 14.899828910827637
v -519.2064208984375 -268.5399169921875 12.566530227661133
v -519.2064208984375 -263.506591796875 14.899828910827637
v -519.2064208984375 -266.20660400390625 14.899829864501953
v -519.2064208984375 141.5267333984375 -0.00020599440904334188
v -554.2384033203125 141.5267333984375 12.56649398803711
v -519.2064208984375 141.5267333984375 12.566494941711426
v -554.2384033203125 141.5267333984375 -0.00020752570708282292
v -519.2064208984375 141.5267333984375 12.566494941711426
v -551.9051513671875 139.1934814453125 14.899792671203613
v -519.2064208984375 139.1934814453125 14.89979362487793
v -554.2384033203125 141.5267333984375 12.56649398803711
v -519.2064208984375 139.1934814453125 14.89979362487793
v -519.2064208984375 136.493408203125 14.899794578552246
v -549.2049560546875 78.204833984375 14.899799346923828
v -554.2384033203125 78.204833984375 12.566498756408691
v -554.2384033203125 78.204833984375 -0.00020198992569930851
v -551.9051513671875 78.204833984375 14.899799346923828
v -554.2384033203125 -201.79400634765625 -0.00017751165432855487
v -554.2384033203125 -201.79400634765625 12.566523551940918
v -549.2049560546875 -201.79400634765625 14.899823188781738
v -551.9051513671875 -201.79400634765625 14.899823188781738
v -519.2064208984375 -263.506591796875 14.899828910827637
v -519.2064208984375 -268.5399169921875 12.566530227661133
v -519.2064208984375 -268.5399169921875 -0.00017014524200931191
v -519.2064208984375 -266.20660400390625 14.899829864501953
v -519.2064208984375 141.5267333984375 -0.00020599440904334188
v -519.2064208984375 141.5267333984375 12.566494941711426
v -519.2064208984375 136.493408203125 14.899794578552246
v -519.2064208984375 139.1934814453125 14.89979362487793
v -539.1402587890625 126.428466796875 115.02949523925781
v -539.1580810546875 78.204833984375 100.02693176269531
v -539.1580810546875 126.446533203125 100.02692413330078
v -539.1402587890625 78.204833984375 115.02950286865234
v -539.1580810546875 126.446533203125 100.02692413330078
v -551.4871826171875 78.204833984375 100.02693176269531
v -551.4871826171875 138.7755126953125 100.02693176269531
v -539.1580810546875 78.204833984375 100.02693176269531
v -551.4871826171875 138.7755126953125 100.02693176269531
v -554.2384033203125 78.204833984375 102.76903533935547
v -554.2384033203125 141.5267333984375 102.76903533935547
v -551.4871826171875 78.204833984375 100.02693176269531
v -554.2384033203125 141.5267333984375 102.76903533935547
v -554.2384033203125 78.204833984375 112.56649780273438
v -554.2384033203125 141.5267333984375 112.56649780273438
v -554.2384033203125 78.204833984375 102.76903533935547
v -554.2384033203125 141.5267333984375 112.56649780273438
v -551.8402099609375 78.204833984375 115.02950286865234
v -551.8402099609375 139.1285400390625 115.02950286865234
v -554.2384033203125 78.204833984375 112.56649780273438
v -551.8402099609375 139.1285400390625 115.02950286865234
v -539.1402587890625 78.204833984375 115.02950286865234
v -539.1402587890625 126.428466796875 115.02949523925781
v -551.8402099609375 78.204833984375 115.02950286865234
v -539.1402587890625 -201.79400634765625 115.02953338623047
v -539.1580810546875 -253.45965576171875 100.02696228027344
v -539.1580810546875 -201.79400634765625 100.02696228027344
v -539.1402587890625 -253.44171142578125 115.02953338623047
v -539.1580810546875 -201.79400634765625 100.02696228027344
v -551.4871826171875 -265.78875732421875 100.02696228027344
v -551.4871826171875 -201.79400634765625 100.0269546508789
v -539.1580810546875 -253.45965576171875 100.02696228027344
v -551.4871826171875 -201.79400634765625 100.0269546508789
v -554.2384033203125 -268.5399169921875 102.7690658569336
v -554.2384033203125 -201.79400634765625 102.76905822753906
v -551.4871826171875 -265.78875732421875 100.02696228027344
v -554.2384033203125 -201.79400634765625 102.76905822753906
v -554.2384033203125 -268.5399169921875 112.5665283203125
v -554.2384033203125 -201.79400634765625 112.56652069091797
v -554.2384033203125 -268.5399169921875 102.7690658569336
v -554.2384033203125 -201.79400634765625 112.56652069091797
v -551.8402099609375 -266.1417236328125 115.02953338623047
v -551.8402099609375 -201.79400634765625 115.02952575683594
v -554.2384033203125 -268.5399169921875 112.5665283203125
v -551.8402099609375 -201.79400634765625 115.02952575683594
v -539.1402587890625 -253.44171142578125 115.02953338623047
v -539.1402587890625 -201.79400634765625 115.02953338623047
v -551.8402099609375 -266.1417236328125 115.02953338623047
v -539.1402587890625 -253.44171142578125 115.02953338623047
v -519.2064208984375 -253.45965576171875 100.0269546508789
v -539.1580810546875 -253.45965576171875 100.02696228027344
v -519.2064208984375 -253.44171142578125 115.02952575683594
v -519.2064208984375 -265.78875732421875 100.0269546508789
v -519.2064208984375 -253.45965576171875 100.0269546508789
v -551.4871826171875 -265.78875732421875 100.02696228027344
v -519.2064208984375 -268.5399169921875 102.76905822753906
v -554.2384033203125 -268.5399169921875 102.7690658569336
v -519.2064208984375 -265.78875732421875 100.0269546508789
v -554.2384033203125 -268.5399169921875 102.7690658569336
v -519.2064208984375 -268.5399169921875 112.56652069091797
v -554.2384033203125 -268.5399169921875 112.5665283203125
v -519.2064208984375 -268.5399169921875 102.76905822753906
v -554.2384033203125 -268.5399169921875 112.5665283203125
v -519.2064208984375 -266.1417236328125 115.02952575683594
v -551.8402099609375 -266.1417236328125 115.02953338623047
v -519.2064208984375 -268.5399169921875 112.56652069091797
v -519.2064208984375 -253.44171142578125 115.02952575683594
v -519.2064208984375 -266.1417236328125 115.02952575683594
v -519.2064208984375 126.428466796875 115.02948760986328
v -539.1580810546875 126.446533203125 100.02692413330078
v -519.2064208984375 126.446533203125 100.02691650390625
v -539.1402587890625 126.428466796875 115.02949523925781
v -519.2064208984375 126.446533203125 100.02691650390625
v -519.2064208984375 138.7755126953125 100.02692413330078
v -519.2064208984375 138.7755126953125 100.02692413330078
v -554.2384033203125 141.5267333984375 102.76903533935547
v -519.2064208984375 141.5267333984375 102.76902770996094
v -551.4871826171875 138.7755126953125 100.02693176269531
v -519.2064208984375 141.5267333984375 102.76902770996094
v -554.2384033203125 141.5267333984375 112.56649780273438
v -519.2064208984375 141.5267333984375 112.56649017333984
v -554.2384033203125 141.5267333984375 102.76903533935547
v -519.2064208984375 141.5267333984375 112.56649017333984
v -551.8402099609375 139.1285400390625 115.02950286865234
v -519.2064208984375 139.1285400390625 115.02949523925781
v -554.2384033203125 141.5267333984375 112.56649780273438
v -519.2064208984375 139.1285400390625 115.02949523925781
v -519.2064208984375 126.428466796875 115.02948760986328
v -554.2384033203125 78.204833984375 102.76903533935547
v -551.4871826171875 78.204833984375 100.02693176269531
v -539.1580810546875 78.204833984375 100.02693176269531
v -554.2384033203125 78.204833984375 112.56649780273438
v -539.1402587890625 78.204833984375 115.02950286865234
v -551.8402099609375 78.204833984375 115.02950286865234
v -539.1580810546875 -201.79400634765625 100.02696228027344
v -551.4871826171875 -201.79400634765625 100.0269546508789
v -554.2384033203125 -201.79400634765625 102.76905822753906
v -554.2384033203125 -201.79400634765625 112.56652069091797
v -539.1402587890625 -201.79400634765625 115.02953338623047
v -551.8402099609375 -201.79400634765625 115.02952575683594
v -519.2064208984375 -268.5399169921875 102.76905822753906
v -519.2064208984375 -265.78875732421875 100.0269546508789
v -519.2064208984375 -253.45965576171875 100.0269546508789
v -519.2064208984375 -268.5399169921875 112.56652069091797
v -519.2064208984375 -253.44171142578125 115.02952575683594
v -519.2064208984375 -266.1417236328125 115.02952575683594
v -519.2064208984375 126.446533203125 100.02691650390625
v -519.2064208984375 138.7755126953125 100.02692413330078
v -519.2064208984375 141.5267333984375 102.76902770996094
v -519.2064208984375 141.5267333984375 112.56649017333984
v -519.2064208984375 126.428466796875 115.02948760986328
v -519.2064208984375 139.1285400390625 115.02949523925781
v -533.7247314453125 77.6820068359375 309.9997863769531
v -549.2049560546875 77.6820068359375 -0.00020172420772723854
v -533.7247314453125 77.6820068359375 -0.00020104754366911948
v -549.2049560546875 77.6820068359375 309.9997863769531
v -533.7247314453125 -202.3182373046875 309.99981689453125
v -533.7247314453125 -202.31829833984375 -0.00017656911222729832
v -549.2049560546875 -202.31829833984375 -0.00017724576173350215
v -549.2049560546875 -202.3182373046875 309.99981689453125
v -549.2049560546875 136.493408203125 -0.00020686566131189466
v -549.2049560546875 78.204833984375 -0.00020176987163722515
v -549.2049560546875 77.6820068359375 -0.00020172420772723854
v -549.2049560546875 -201.79400634765625 -0.00017729161481838673
v -549.2049560546875 -263.506591796875 -0.0001718965359032154
v -549.2049560546875 -263.506591796875 -0.0001718965359032154
v -519.2064208984375 -263.506591796875 -0.00017058526282198727
v -519.2064208984375 136.493408203125 -0.00020555438823066652
v -549.2049560546875 136.493408203125 -0.00020686566131189466
v -519.2064208984375 136.4935302734375 399.99981689453125
v -549.2049560546875 136.4935302734375 399.9997863769531
v -549.2049560546875 78.2049560546875 399.99981689453125
v -549.2049560546875 -201.79400634765625 399.99981689453125
v -519.2064208984375 -263.506591796875 399.9998474121094
v -549.2049560546875 -263.506591796875 399.9998474121094
v -499.2171630859375 85.7060546875 309.99981689453125
v -554.2191162109375 85.702880859375 309.99981689453125
v -499.2171630859375 85.7060546875 329.99981689453125
v -554.2191162109375 85.702880859375 329.99981689453125
v -554.2191162109375 85.702880859375 309.99981689453125
v -554.2098388671875 -214.2969970703125 309.99981689453125
v -554.2191162109375 85.702880859375 329.99981689453125
v -554.2098388671875 -214.2969970703125 329.99981689453125
v -554.2098388671875 -214.2969970703125 309.99981689453125
v -499.2081298828125 -214.29388427734375 309.9998474121094
v -554.2098388671875 -214.2969970703125 329.99981689453125
v -499.2081298828125 -214.29388427734375 329.9998474121094
v -499.2171630859375 85.7060546875 309.99981689453125
v -499.2081298828125 -214.29388427734375 309.9998474121094
v -554.2191162109375 85.702880859375 309.99981689453125
v -554.2098388671875 -214.2969970703125 309.99981689453125
v -499.2171630859375 85.7060546875 329.99981689453125
v -554.2191162109375 85.702880859375 329.99981689453125
v -499.2081298828125 -214.29388427734375 329.9998474121094
v -554.2098388671875 -214.2969970703125 329.99981689453125
v -499.2171630859375 78.2049560546875 389.99981689453125
v -554.2191162109375 78.2017822265625 389.99981689453125
v -499.2171630859375 78.2049560546875 399.99981689453125
v -554.2191162109375 78.2017822265625 399.99981689453125
v -554.2191162109375 78.2017822265625 389.99981689453125
v -554.2098388671875 -201.7969970703125 389.99981689453125
v -554.2191162109375 78.2017822265625 399.99981689453125
v -554.2098388671875 -201.7969970703125 399.99981689453125
v -554.2098388671875 -201.7969970703125 389.99981689453125
v -499.2081298828125 -201.7939453125 389.9998474121094
v -554.2098388671875 -201.7969970703125 399.99981689453125
v -499.2081298828125 -201.7939453125 399.9998474121094
v -499.2171630859375 78.2049560546875 389.99981689453125
v -499.2081298828125 -201.7939453125 389.9998474121094
v -554.2191162109375 78.2017822265625 389.99981689453125
v -554.2098388671875 -201.7969970703125 389.99981689453125
v -499.2171630859375 78.2049560546875 399.99981689453125
v -554.2191162109375 78.2017822265625 399.99981689453125
v -499.2081298828125 -201.7939453125 399.9998474121094
v -554.2098388671875 -201.7969970703125 399.99981689453125
v -554.2506103515625 80.7042236328125 -0.0002020226966124028
v -554.2506103515625 73.1715087890625 12.566498756408691
v -554.2506103515625 80.7042236328125 12.566498756408691
v -554.2506103515625 73.1715087890625 -0.00020136416424065828
v -554.2506103515625 80.7042236328125 12.566498756408691
v -551.9173583984375 75.5047607421875 14.899799346923828
v -551.9173583984375 80.7042236328125 14.899798393249512
v -554.2506103515625 73.1715087890625 12.566498756408691
v -551.9173583984375 80.7042236328125 14.899798393249512
v -549.2171630859375 78.204833984375 14.899799346923828
v -549.2171630859375 80.7042236328125 14.899798393249512
v -551.9173583984375 75.5047607421875 14.899799346923828
v -554.2506103515625 73.1715087890625 -0.00020136416424065828
v -514.2166748046875 73.1715087890625 12.566500663757324
v -554.2506103515625 73.1715087890625 12.566498756408691
v -514.2166748046875 73.1715087890625 -0.00019961423822678626
v -554.2506103515625 73.1715087890625 12.566498756408691
v -514.2166748046875 75.5047607421875 14.899801254272461
v -551.9173583984375 75.5047607421875 14.899799346923828
v -514.2166748046875 73.1715087890625 12.566500663757324
v -514.2166748046875 78.204833984375 14.899800300598145
v -514.2166748046875 75.5047607421875 14.899801254272461
v -554.2506103515625 80.7042236328125 -0.0002020226966124028
v -554.2506103515625 80.7042236328125 12.566498756408691
v -549.2171630859375 80.7042236328125 14.899798393249512
v -551.9173583984375 80.7042236328125 14.899798393249512
v -514.2166748046875 78.204833984375 14.899800300598145
v -514.2166748046875 73.1715087890625 12.566500663757324
v -514.2166748046875 73.1715087890625 -0.00019961423822678626
v -514.2166748046875 75.5047607421875 14.899801254272461
v -539.1524658203125 78.204833984375 115.02949523925781
v -539.1702880859375 85.7523193359375 100.02693176269531
v -539.1702880859375 78.204833984375 100.02693176269531
v -539.1524658203125 85.7703857421875 115.02949523925781
v -539.1702880859375 78.204833984375 100.02693176269531
v -551.4993896484375 73.42333984375 100.02693176269531
v -551.4993896484375 78.204833984375 100.02693176269531
v -539.1702880859375 85.7523193359375 100.02693176269531
v -551.4993896484375 78.204833984375 100.02693176269531
v -554.2506103515625 70.672119140625 102.76903533935547
v -554.2506103515625 78.204833984375 102.76903533935547
v -551.4993896484375 73.42333984375 100.02693176269531
v -554.2506103515625 78.204833984375 102.76903533935547
v -554.2506103515625 70.672119140625 112.56649780273438
v -554.2506103515625 78.204833984375 112.56649780273438
v -554.2506103515625 70.672119140625 102.76903533935547
v -554.2506103515625 78.204833984375 112.56649780273438
v -551.8524169921875 73.0703125 115.02949523925781
v -551.8524169921875 78.204833984375 115.02949523925781
v -554.2506103515625 70.672119140625 112.56649780273438
v -551.8524169921875 78.204833984375 115.02949523925781
v -539.1524658203125 85.7703857421875 115.02949523925781
v -539.1524658203125 78.204833984375 115.02949523925781
v -551.8524169921875 73.0703125 115.02949523925781
v -539.1524658203125 85.7703857421875 115.02949523925781
v -514.2166748046875 85.7523193359375 100.02692413330078
v -539.1702880859375 85.7523193359375 100.02693176269531
v -514.2166748046875 85.7703857421875 115.02948760986328
v -514.2166748046875 73.42333984375 100.02693176269531
v -514.2166748046875 85.7523193359375 100.02692413330078
v -551.4993896484375 73.42333984375 100.02693176269531
v -514.2166748046875 70.672119140625 102.76903533935547
v -554.2506103515625 70.672119140625 102.76903533935547
v -514.2166748046875 73.42333984375 100.02693176269531
v -554.2506103515625 70.672119140625 102.76903533935547
v -514.2166748046875 70.672119140625 112.56649780273438
v -554.2506103515625 70.672119140625 112.56649780273438
v -514.2166748046875 70.672119140625 102.76903533935547
v -554.2506103515625 70.672119140625 112.56649780273438
v -514.2166748046875 73.0703125 115.02949523925781
v -551.8524169921875 73.0703125 115.02949523925781
v -514.2166748046875 70.672119140625 112.56649780273438
v -514.2166748046875 85.7703857421875 115.02948760986328
v -514.2166748046875 73.0703125 115.02949523925781
v -539.1702880859375 78.204833984375 100.02693176269531
v -551.4993896484375 78.204833984375 100.02693176269531
v -554.2506103515625 78.204833984375 102.76903533935547
v -554.2506103515625 78.204833984375 112.56649780273438
v -539.1524658203125 78.204833984375 115.02949523925781
v -551.8524169921875 78.204833984375 115.02949523925781
v -514.2166748046875 70.672119140625 102.76903533935547
v -514.2166748046875 73.42333984375 100.02693176269531
v -514.2166748046875 85.7523193359375 100.02692413330078
v -514.2166748046875 70.672119140625 112.56649780273438
v -514.2166748046875 85.7703857421875 115.02948760986328
v -514.2166748046875 73.0703125 115.02949523925781
v -539.1463623046875 -209.3594970703125 115.02952575683594
v -539.1641845703125 -201.79400634765625 100.02696228027344
v -539.1641845703125 -209.34149169921875 100.02696228027344
v -539.1463623046875 -201.79400634765625 115.02952575683594
v -539.1641845703125 -209.34149169921875 100.02696228027344
v -551.4932861328125 -201.79400634765625 100.0269546508789
v -551.4932861328125 -197.01239013671875 100.0269546508789
v -539.1641845703125 -201.79400634765625 100.02696228027344
v -551.4932861328125 -197.01239013671875 100.0269546508789
v -554.2445068359375 -201.79400634765625 102.76905822753906
v -554.2445068359375 -194.26123046875 102.76905822753906
v -551.4932861328125 -201.79400634765625 100.0269546508789
v -554.2445068359375 -194.26123046875 102.76905822753906
v -554.2445068359375 -201.79400634765625 112.56652069091797
v -554.2445068359375 -194.26123046875 112.56652069091797
v -554.2445068359375 -201.79400634765625 102.76905822753906
v -554.2445068359375 -194.26123046875 112.56652069091797
v -551.8463134765625 -201.79400634765625 115.0295181274414
v -551.8463134765625 -196.65948486328125 115.0295181274414
v -554.2445068359375 -201.79400634765625 112.56652069091797
v -551.8463134765625 -196.65948486328125 115.0295181274414
v -539.1463623046875 -201.79400634765625 115.02952575683594
v -539.1463623046875 -209.3594970703125 115.02952575683594
v -551.8463134765625 -201.79400634765625 115.0295181274414
v -514.2105712890625 -209.3594970703125 115.0295181274414
v -539.1641845703125 -209.34149169921875 100.02696228027344
v -514.2105712890625 -209.34149169921875 100.0269546508789
v -539.1463623046875 -209.3594970703125 115.02952575683594
v -514.2105712890625 -209.34149169921875 100.0269546508789
v -514.2105712890625 -197.01239013671875 100.0269546508789
v -514.2105712890625 -197.01239013671875 100.0269546508789
v -554.2445068359375 -194.26123046875 102.76905822753906
v -514.2105712890625 -194.26123046875 102.76905822753906
v -551.4932861328125 -197.01239013671875 100.0269546508789
v -514.2105712890625 -194.26123046875 102.76905822753906
v -554.2445068359375 -194.26123046875 112.56652069091797
v -514.2105712890625 -194.26123046875 112.56652069091797
v -554.2445068359375 -194.26123046875 102.76905822753906
v -514.2105712890625 -194.26123046875 112.56652069091797
v -551.8463134765625 -196.65948486328125 115.0295181274414
v -514.2105712890625 -196.65948486328125 115.0295181274414
v -554.2445068359375 -194.26123046875 112.56652069091797
v -514.2105712890625 -196.65948486328125 115.0295181274414
v -514.2105712890625 -209.3594970703125 115.0295181274414
v -554.2445068359375 -201.79400634765625 102.76905822753906
v -551.4932861328125 -201.79400634765625 100.0269546508789
v -539.1641845703125 -201.79400634765625 100.02696228027344
v -554.2445068359375 -201.79400634765625 112.56652069091797
v -539.1463623046875 -201.79400634765625 115.02952575683594
v -551.8463134765625 -201.79400634765625 115.0295181274414
v -514.2105712890625 -209.34149169921875 100.0269546508789
v -514.2105712890625 -197.01239013671875 100.0269546508789
v -514.2105712890625 -194.26123046875 102.76905822753906
v -514.2105712890625 -194.26123046875 112.56652069091797
v -514.2105712890625 -209.3594970703125 115.0295181274414
v -514.2105712890625 -196.65948486328125 115.0295181274414
v -554.2445068359375 -196.7606201171875 -0.00017776568711269647
v -554.2445068359375 -204.29339599609375 12.566523551940918
v -554.2445068359375 -196.7606201171875 12.566523551940918
v -554.2445068359375 -204.29339599609375 -0.00017710715474095196
v -554.2445068359375 -196.7606201171875 12.566523551940918
v -551.9112548828125 -204.29339599609375 14.899823188781738
v -551.9112548828125 -199.093994140625 14.899822235107422
v -554.2445068359375 -204.29339599609375 12.566523551940918
v -551.9112548828125 -199.093994140625 14.899822235107422
v -549.2113037109375 -204.29339599609375 14.899824142456055
v -551.9112548828125 -204.29339599609375 14.899823188781738
v -514.2105712890625 -196.7606201171875 -0.0001760157465469092
v -554.2445068359375 -196.7606201171875 12.566523551940918
v -514.2105712890625 -196.7606201171875 12.566524505615234
v -554.2445068359375 -196.7606201171875 -0.00017776568711269647
v -514.2105712890625 -196.7606201171875 12.566524505615234
v -551.9112548828125 -199.093994140625 14.899822235107422
v -514.2105712890625 -199.093994140625 14.899824142456055
v -554.2445068359375 -196.7606201171875 12.566523551940918
v -514.2105712890625 -199.093994140625 14.899824142456055
v -549.2113037109375 -201.79400634765625 14.899823188781738
v -514.2105712890625 -201.79400634765625 14.899824142456055
v -549.2113037109375 -204.29339599609375 14.899824142456055
v -554.2445068359375 -204.29339599609375 12.566523551940918
v -554.2445068359375 -204.29339599609375 -0.00017710715474095196
v -551.9112548828125 -204.29339599609375 14.899823188781738
v -514.2105712890625 -196.7606201171875 -0.0001760157465469092
v -514.2105712890625 -196.7606201171875 12.566524505615234
v -514.2105712890625 -201.79400634765625 14.899824142456055
v -514.2105712890625 -199.093994140625 14.899824142456055
v -549.2049560546875 743.99462890625 99.99974060058594
v -549.2049560546875 685.7060546875 99.99974822998047
v -549.2049560546875 743.9947509765625 399.999755859375
v -549.2049560546875 685.7061767578125 399.999755859375
v -549.2049560546875 685.1832275390625 99.9997329711914
v -549.2049560546875 685.1832275390625 309.9997253417969
v -549.2049560546875 405.707275390625 309.999755859375
v -549.2049560546875 405.7073974609375 399.9997253417969
v -549.2049560546875 405.707275390625 99.9997787475586
v -549.2049560546875 343.99462890625 99.9997787475586
v -549.2049560546875 343.9947509765625 399.9997863769531
v -549.2049560546875 343.99462890625 99.9997787475586
v -519.2064208984375 343.99462890625 99.99977111816406
v -549.2049560546875 343.9947509765625 399.9997863769531
v -519.2064208984375 343.9947509765625 399.9997863769531
v -519.2064208984375 743.99462890625 99.9997329711914
v -549.2049560546875 743.99462890625 99.99974060058594
v -519.2064208984375 743.9947509765625 399.999755859375
v -549.2049560546875 743.9947509765625 399.999755859375
v -539.1402587890625 733.9298095703125 405.02947998046875
v -539.1580810546875 685.7061767578125 390.0268859863281
v -539.1580810546875 733.94775390625 390.0268859863281
v -539.1402587890625 685.7061767578125 405.02947998046875
v -539.1580810546875 733.94775390625 390.0268859863281
v -551.4871826171875 685.7061767578125 390.0268859863281
v -551.4871826171875 746.27685546875 390.0268859863281
v -539.1580810546875 685.7061767578125 390.0268859863281
v -551.4871826171875 746.27685546875 390.0268859863281
v -554.2384033203125 685.7061767578125 392.76898193359375
v -554.2384033203125 749.028076171875 392.76898193359375
v -551.4871826171875 685.7061767578125 390.0268859863281
v -554.2384033203125 749.028076171875 392.76898193359375
v -554.2384033203125 685.7061767578125 402.56646728515625
v -554.2384033203125 749.028076171875 402.56646728515625
v -554.2384033203125 685.7061767578125 392.76898193359375
v -554.2384033203125 749.028076171875 402.56646728515625
v -551.8402099609375 685.7061767578125 405.02947998046875
v -551.8402099609375 746.6300048828125 405.02947998046875
v -554.2384033203125 685.7061767578125 402.56646728515625
v -551.8402099609375 746.6300048828125 405.02947998046875
v -539.1402587890625 685.7061767578125 405.02947998046875
v -539.1402587890625 733.9298095703125 405.02947998046875
v -551.8402099609375 685.7061767578125 405.02947998046875
v -539.1402587890625 405.7073974609375 405.0295104980469
v -539.1580810546875 354.041748046875 390.02691650390625
v -539.1580810546875 405.7073974609375 390.02691650390625
v -539.1402587890625 354.0596923828125 405.0295104980469
v -539.1580810546875 405.7073974609375 390.02691650390625
v -551.4871826171875 341.712646484375 390.02691650390625
v -551.4871826171875 405.7073974609375 390.02691650390625
v -539.1580810546875 354.041748046875 390.02691650390625
v -551.4871826171875 405.7073974609375 390.02691650390625
v -554.2384033203125 338.96142578125 392.7690124511719
v -554.2384033203125 405.7073974609375 392.7690124511719
v -551.4871826171875 341.712646484375 390.02691650390625
v -554.2384033203125 405.7073974609375 392.7690124511719
v -554.2384033203125 338.96142578125 402.5664978027344
v -554.2384033203125 405.7073974609375 402.5664978027344
v -554.2384033203125 338.96142578125 392.7690124511719
v -554.2384033203125 405.7073974609375 402.5664978027344
v -551.8402099609375 341.3594970703125 405.0295104980469
v -551.8402099609375 405.7073974609375 405.0295104980469
v -554.2384033203125 338.96142578125 402.5664978027344
v -551.8402099609375 405.7073974609375 405.0295104980469
v -539.1402587890625 354.0596923828125 405.0295104980469
v -539.1402587890625 405.7073974609375 405.0295104980469
v -551.8402099609375 341.3594970703125 405.0295104980469
v -539.1402587890625 354.0596923828125 405.0295104980469
v -519.2064208984375 354.041748046875 390.02691650390625
v -539.1580810546875 354.041748046875 390.02691650390625
v -519.2064208984375 354.0596923828125 405.0295104980469
v -519.2064208984375 341.712646484375 390.02691650390625
v -519.2064208984375 354.041748046875 390.02691650390625
v -551.4871826171875 341.712646484375 390.02691650390625
v -519.2064208984375 338.96142578125 392.7690124511719
v -554.2384033203125 338.96142578125 392.7690124511719
v -519.2064208984375 341.712646484375 390.02691650390625
v -554.2384033203125 338.96142578125 392.7690124511719
v -519.2064208984375 338.96142578125 402.5664978027344
v -554.2384033203125 338.96142578125 402.5664978027344
v -519.2064208984375 338.96142578125 392.7690124511719
v -554.2384033203125 338.96142578125 402.5664978027344
v -519.2064208984375 341.3594970703125 405.0295104980469
v -551.8402099609375 341.3594970703125 405.0295104980469
v -519.2064208984375 338.96142578125 402.5664978027344
v -519.2064208984375 354.0596923828125 405.0295104980469
v -519.2064208984375 341.3594970703125 405.0295104980469
v -519.2064208984375 733.9298095703125 405.02947998046875
v -539.1580810546875 733.94775390625 390.0268859863281
v -519.2064208984375 733.94775390625 390.0268859863281
v -539.1402587890625 733.9298095703125 405.02947998046875
v -519.2064208984375 733.94775390625 390.0268859863281
v -519.2064208984375 746.27685546875 390.0268859863281
v -519.2064208984375 746.27685546875 390.0268859863281
v -554.2384033203125 749.028076171875 392.76898193359375
v -519.2064208984375 749.028076171875 392.76898193359375
v -551.4871826171875 746.27685546875 390.0268859863281
v -519.2064208984375 749.028076171875 392.76898193359375
v -554.2384033203125 749.028076171875 402.56646728515625
v -519.2064208984375 749.028076171875 402.56646728515625
v -554.2384033203125 749.028076171875 392.76898193359375
v -519.2064208984375 749.028076171875 402.56646728515625
v -551.8402099609375 746.6300048828125 405.02947998046875
v -519.2064208984375 746.6300048828125 405.02947998046875
v -554.2384033203125 749.028076171875 402.56646728515625
v -519.2064208984375 746.6300048828125 405.02947998046875
v -519.2064208984375 733.9298095703125 405.02947998046875
v -554.2384033203125 685.7061767578125 392.76898193359375
v -551.4871826171875 685.7061767578125 390.0268859863281
v -539.1580810546875 685.7061767578125 390.0268859863281
v -554.2384033203125 685.7061767578125 402.56646728515625
v -539.1402587890625 685.7061767578125 405.02947998046875
v -551.8402099609375 685.7061767578125 405.02947998046875
v -539.1580810546875 405.7073974609375 390.02691650390625
v -551.4871826171875 405.7073974609375 390.02691650390625
v -554.2384033203125 405.7073974609375 392.7690124511719
v -554.2384033203125 405.7073974609375 402.5664978027344
v -539.1402587890625 405.7073974609375 405.0295104980469
v -551.8402099609375 405.7073974609375 405.0295104980469
v -519.2064208984375 338.96142578125 392.7690124511719
v -519.2064208984375 341.712646484375 390.02691650390625
v -519.2064208984375 354.041748046875 390.02691650390625
v -519.2064208984375 338.96142578125 402.5664978027344
v -519.2064208984375 354.0596923828125 405.0295104980469
v -519.2064208984375 341.3594970703125 405.0295104980469
v -519.2064208984375 733.94775390625 390.0268859863281
v -519.2064208984375 746.27685546875 390.0268859863281
v -519.2064208984375 749.028076171875 392.76898193359375
v -519.2064208984375 749.028076171875 402.56646728515625
v -519.2064208984375 733.9298095703125 405.02947998046875
v -519.2064208984375 746.6300048828125 405.02947998046875
v -554.2384033203125 749.0279541015625 -0.000260635104496032
v -554.2384033203125 685.7060546875 12.566445350646973
v -554.2384033203125 749.0279541015625 12.566439628601074
v -554.2384033203125 685.7060546875 -0.0002550993813201785
v -554.2384033203125 749.0279541015625 12.566439628601074
v -551.9051513671875 685.7060546875 14.899744987487793
v -551.9051513671875 746.6947021484375 14.899740219116211
v -554.2384033203125 685.7060546875 12.566445350646973
v -551.9051513671875 746.6947021484375 14.899740219116211
v -549.2049560546875 685.7060546875 14.899744987487793
v -549.2049560546875 743.99462890625 14.899741172790527
v -551.9051513671875 685.7060546875 14.899744987487793
v -554.2384033203125 405.707275390625 -0.00023062110994942486
v -554.2384033203125 338.9613037109375 12.566476821899414
v -554.2384033203125 405.707275390625 12.5664701461792
v -554.2384033203125 338.9613037109375 -0.0002247859665658325
v -554.2384033203125 405.707275390625 12.5664701461792
v -551.9051513671875 341.2945556640625 14.899775505065918
v -551.9051513671875 405.707275390625 14.899770736694336
v -554.2384033203125 338.9613037109375 12.566476821899414
v -551.9051513671875 405.707275390625 14.899770736694336
v -549.2049560546875 343.99462890625 14.899775505065918
v -549.2049560546875 405.707275390625 14.899770736694336
v -551.9051513671875 341.2945556640625 14.899775505065918
v -554.2384033203125 338.9613037109375 -0.0002247859665658325
v -519.2064208984375 338.9613037109375 12.56647777557373
v -554.2384033203125 338.9613037109375 12.566476821899414
v -519.2064208984375 338.9613037109375 -0.00022325466852635145
v -554.2384033203125 338.9613037109375 12.566476821899414
v -519.2064208984375 341.2945556640625 14.899776458740234
v -551.9051513671875 341.2945556640625 14.899775505065918
v -519.2064208984375 338.9613037109375 12.56647777557373
v -519.2064208984375 343.99462890625 14.899776458740234
v -519.2064208984375 341.2945556640625 14.899776458740234
v -519.2064208984375 749.0279541015625 -0.0002591038355603814
v -554.2384033203125 749.0279541015625 12.566439628601074
v -519.2064208984375 749.0279541015625 12.566441535949707
v -554.2384033203125 749.0279541015625 -0.000260635104496032
v -519.2064208984375 749.0279541015625 12.566441535949707
v -551.9051513671875 746.6947021484375 14.899740219116211
v -519.2064208984375 746.6947021484375 14.899741172790527
v -554.2384033203125 749.0279541015625 12.566439628601074
v -519.2064208984375 746.6947021484375 14.899741172790527
v -519.2064208984375 743.99462890625 14.899742126464844
v -549.2049560546875 685.7060546875 14.899744987487793
v -554.2384033203125 685.7060546875 12.566445350646973
v -554.2384033203125 685.7060546875 -0.0002550993813201785
v -551.9051513671875 685.7060546875 14.899744987487793
v -554.2384033203125 405.707275390625 -0.00023062110994942486
v -554.2384033203125 405.707275390625 12.5664701461792
v -549.2049560546875 405.707275390625 14.899770736694336
v -551.9051513671875 405.707275390625 14.899770736694336
v -519.2064208984375 343.99462890625 14.899776458740234
v -519.2064208984375 338.9613037109375 12.56647777557373
v -519.2064208984375 338.9613037109375 -0.00022325466852635145
v -519.2064208984375 341.2945556640625 14.899776458740234
v -519.2064208984375 749.0279541015625 -0.0002591038355603814
v -519.2064208984375 749.0279541015625 12.566441535949707
v -519.2064208984375 743.99462890625 14.899742126464844
v -519.2064208984375 746.6947021484375 14.899741172790527
v -539.1402587890625 733.9296875 115.0294418334961
v -539.1580810546875 685.7060546875 100.0268783569336
v -539.1580810546875 733.9476318359375 100.02687072753906
v -539.1402587890625 685.7060546875 115.02944946289062
v -539.1580810546875 733.9476318359375 100.02687072753906
v -551.4871826171875 685.7060546875 100.0268783569336
v -551.4871826171875 746.2767333984375 100.0268783569336
v -539.1580810546875 685.7060546875 100.0268783569336
v -551.4871826171875 746.2767333984375 100.0268783569336
v -554.2384033203125 685.7060546875 102.76898193359375
v -554.2384033203125 749.0279541015625 102.76898193359375
v -551.4871826171875 685.7060546875 100.0268783569336
v -554.2384033203125 749.0279541015625 102.76898193359375
v -554.2384033203125 685.7060546875 112.56644439697266
v -554.2384033203125 749.0279541015625 112.56644439697266
v -554.2384033203125 685.7060546875 102.76898193359375
v -554.2384033203125 749.0279541015625 112.56644439697266
v -551.8402099609375 685.7060546875 115.02944946289062
v -551.8402099609375 746.6298828125 115.02944946289062
v -554.2384033203125 685.7060546875 112.56644439697266
v -551.8402099609375 746.6298828125 115.02944946289062
v -539.1402587890625 685.7060546875 115.02944946289062
v -539.1402587890625 733.9296875 115.0294418334961
v -551.8402099609375 685.7060546875 115.02944946289062
v -539.1402587890625 405.707275390625 115.02947998046875
v -539.1580810546875 354.0416259765625 100.02690887451172
v -539.1580810546875 405.707275390625 100.02690887451172
v -539.1402587890625 354.0595703125 115.02947998046875
v -539.1580810546875 405.707275390625 100.02690887451172
v -551.4871826171875 341.7125244140625 100.02690887451172
v -551.4871826171875 405.707275390625 100.02690887451172
v -539.1580810546875 354.0416259765625 100.02690887451172
v -551.4871826171875 405.707275390625 100.02690887451172
v -554.2384033203125 338.9613037109375 102.76901245117188
v -554.2384033203125 405.707275390625 102.76901245117188
v -551.4871826171875 341.7125244140625 100.02690887451172
v -554.2384033203125 405.707275390625 102.76901245117188
v -554.2384033203125 338.9613037109375 112.56647491455078
v -554.2384033203125 405.707275390625 112.56647491455078
v -554.2384033203125 338.9613037109375 102.76901245117188
v -554.2384033203125 405.707275390625 112.56647491455078
v -551.8402099609375 341.359375 115.02947998046875
v -551.8402099609375 405.707275390625 115.02947998046875
v -554.2384033203125 338.9613037109375 112.56647491455078
v -551.8402099609375 405.707275390625 115.02947998046875
v -539.1402587890625 354.0595703125 115.02947998046875
v -539.1402587890625 405.707275390625 115.02947998046875
v -551.8402099609375 341.359375 115.02947998046875
v -539.1402587890625 354.0595703125 115.02947998046875
v -519.2064208984375 354.0416259765625 100.02690124511719
v -539.1580810546875 354.0416259765625 100.02690887451172
v -519.2064208984375 354.0595703125 115.02947235107422
v -519.2064208984375 341.7125244140625 100.02690124511719
v -519.2064208984375 354.0416259765625 100.02690124511719
v -551.4871826171875 341.7125244140625 100.02690887451172
v -519.2064208984375 338.9613037109375 102.76900482177734
v -554.2384033203125 338.9613037109375 102.76901245117188
v -519.2064208984375 341.7125244140625 100.02690124511719
v -554.2384033203125 338.9613037109375 102.76901245117188
v -519.2064208984375 338.9613037109375 112.56646728515625
v -554.2384033203125 338.9613037109375 112.56647491455078
v -519.2064208984375 338.9613037109375 102.76900482177734
v -554.2384033203125 338.9613037109375 112.56647491455078
v -519.2064208984375 341.359375 115.02947235107422
v -551.8402099609375 341.359375 115.02947998046875
v -519.2064208984375 338.9613037109375 112.56646728515625
v -519.2064208984375 354.0595703125 115.02947235107422
v -519.2064208984375 341.359375 115.02947235107422
v -519.2064208984375 733.9296875 115.02943420410156
v -539.1580810546875 733.9476318359375 100.02687072753906
v -519.2064208984375 733.9476318359375 100.02686309814453
v -539.1402587890625 733.9296875 115.0294418334961
v -519.2064208984375 733.9476318359375 100.02686309814453
v -519.2064208984375 746.2767333984375 100.02687072753906
v -519.2064208984375 746.2767333984375 100.02687072753906
v -554.2384033203125 749.0279541015625 102.76898193359375
v -519.2064208984375 749.0279541015625 102.76897430419922
v -551.4871826171875 746.2767333984375 100.0268783569336
v -519.2064208984375 749.0279541015625 102.76897430419922
v -554.2384033203125 749.0279541015625 112.56644439697266
v -519.2064208984375 749.0279541015625 112.56643676757812
v -554.2384033203125 749.0279541015625 102.76898193359375
v -519.2064208984375 749.0279541015625 112.56643676757812
v -551.8402099609375 746.6298828125 115.02944946289062
v -519.2064208984375 746.6298828125 115.0294418334961
v -554.2384033203125 749.0279541015625 112.56644439697266
v -519.2064208984375 746.6298828125 115.0294418334961
v -519.2064208984375 733.9296875 115.02943420410156
v -554.2384033203125 685.7060546875 102.76898193359375
v -551.4871826171875 685.7060546875 100.0268783569336
v -539.1580810546875 685.7060546875 100.0268783569336
v -554.2384033203125 685.7060546875 112.56644439697266
v -539.1402587890625 685.7060546875 115.02944946289062
v -551.8402099609375 685.7060546875 115.02944946289062
v -539.1580810546875 405.707275390625 100.02690887451172
v -551.4871826171875 405.707275390625 100.02690887451172
v -554.2384033203125 405.707275390625 102.76901245117188
v -554.2384033203125 405.707275390625 112.56647491455078
v -539.1402587890625 405.707275390625 115.02947998046875
v -551.8402099609375 405.707275390625 115.02947998046875
v -519.2064208984375 338.9613037109375 102.76900482177734
v -519.2064208984375 341.7125244140625 100.02690124511719
v -519.2064208984375 354.0416259765625 100.02690124511719
v -519.2064208984375 338.9613037109375 112.56646728515625
v -519.2064208984375 354.0595703125 115.02947235107422
v -519.2064208984375 341.359375 115.02947235107422
v -519.2064208984375 733.9476318359375 100.02686309814453
v -519.2064208984375 746.2767333984375 100.02687072753906
v -519.2064208984375 749.0279541015625 102.76897430419922
v -519.2064208984375 749.0279541015625 112.56643676757812
v -519.2064208984375 733.9296875 115.02943420410156
v -519.2064208984375 746.6298828125 115.0294418334961
v -533.7247314453125 685.1832275390625 309.9997253417969
v -549.2049560546875 685.1832275390625 -0.00025483366334810853
v -533.7247314453125 685.1832275390625 -0.00025415699928998947
v -549.2049560546875 685.1832275390625 309.9997253417969
v -533.7247314453125 405.18408203125 309.9997863769531
v -533.7247314453125 405.18408203125 -0.00022967865515965968
v -549.2049560546875 405.18408203125 -0.00023035530466586351
v -549.2049560546875 405.18408203125 309.9997863769531
v -549.2049560546875 743.99462890625 -0.00025997505872510374
v -549.2049560546875 685.7060546875 -0.0002548793563619256
v -549.2049560546875 685.1832275390625 -0.00025483366334810853
v -549.2049560546875 405.707275390625 -0.00023040108499117196
v -549.2049560546875 343.99462890625 -0.00022500597697217017
v -549.2049560546875 343.99462890625 -0.00022500597697217017
v -519.2064208984375 343.99462890625 -0.00022369471844285727
v -519.2064208984375 743.99462890625 -0.0002586637856438756
v -549.2049560546875 743.99462890625 -0.00025997505872510374
v -519.2064208984375 743.9947509765625 399.999755859375
v -549.2049560546875 743.9947509765625 399.999755859375
v -549.2049560546875 685.7061767578125 399.999755859375
v -549.2049560546875 405.7073974609375 399.9997863769531
v -519.2064208984375 343.9947509765625 399.9997863769531
v -549.2049560546875 343.9947509765625 399.9997863769531
v -499.2171630859375 693.207275390625 309.999755859375
v -554.2191162109375 693.2042236328125 309.999755859375
v -499.2171630859375 693.207275390625 329.999755859375
v -554.2191162109375 693.2042236328125 329.999755859375
v -554.2191162109375 693.2042236328125 309.999755859375
v -554.2098388671875 393.2042236328125 309.9997863769531
v -554.2191162109375 693.2042236328125 329.999755859375
v -554.2098388671875 393.2042236328125 329.9997863769531
v -554.2098388671875 393.2042236328125 309.9997863769531
v -499.2081298828125 393.207275390625 309.9997863769531
v -554.2098388671875 393.2042236328125 329.9997863769531
v -499.2081298828125 393.207275390625 329.9997863769531
v -499.2171630859375 693.207275390625 309.999755859375
v -499.2081298828125 393.207275390625 309.9997863769531
v -554.2191162109375 693.2042236328125 309.999755859375
v -554.2098388671875 393.2042236328125 309.9997863769531
v -499.2171630859375 693.207275390625 329.999755859375
v -554.2191162109375 693.2042236328125 329.999755859375
v -499.2081298828125 393.207275390625 329.9997863769531
v -554.2098388671875 393.2042236328125 329.9997863769531
v -499.2171630859375 685.7061767578125 389.999755859375
v -554.2191162109375 685.703125 389.999755859375
v -499.2171630859375 685.7061767578125 399.999755859375
v -554.2191162109375 685.703125 399.999755859375
v -554.2191162109375 685.703125 389.999755859375
v -554.2098388671875 405.704345703125 389.9997863769531
v -554.2191162109375 685.703125 399.999755859375
v -554.2098388671875 405.704345703125 399.9997863769531
v -554.2098388671875 405.704345703125 389.9997863769531
v -499.2081298828125 405.7073974609375 389.9997863769531
v -554.2098388671875 405.704345703125 399.9997863769531
v -499.2081298828125 405.7073974609375 399.9997863769531
v -499.2171630859375 685.7061767578125 389.999755859375
v -499.2081298828125 405.7073974609375 389.9997863769531
v -554.2191162109375 685.703125 389.999755859375
v -554.2098388671875 405.704345703125 389.9997863769531
v -499.2171630859375 685.7061767578125 399.999755859375
v -554.2191162109375 685.703125 399.999755859375
v -499.2081298828125 405.7073974609375 399.9997863769531
v -554.2098388671875 405.704345703125 399.9997863769531
v -554.2506103515625 688.2054443359375 -0.0002551321522332728
v -554.2506103515625 680.6727294921875 12.566446304321289
v -554.2506103515625 688.2054443359375 12.566446304321289
v -554.2506103515625 680.6727294921875 -0.0002544736198615283
v -554.2506103515625 688.2054443359375 12.566446304321289
v -551.9173583984375 683.0059814453125 14.89974594116211
v -551.9173583984375 688.2054443359375 14.89974594116211
v -554.2506103515625 680.6727294921875 12.566446304321289
v -551.9173583984375 688.2054443359375 14.89974594116211
v -549.2171630859375 685.7060546875 14.899744987487793
v -549.2171630859375 688.2054443359375 14.89974594116211
v -551.9173583984375 683.0059814453125 14.89974594116211
v -554.2506103515625 680.6727294921875 -0.0002544736198615283
v -514.2166748046875 680.6727294921875 12.566448211669922
v -554.2506103515625 680.6727294921875 12.566446304321289
v -514.2166748046875 680.6727294921875 -0.00025272363563999534
v -554.2506103515625 680.6727294921875 12.566446304321289
v -514.2166748046875 683.0059814453125 14.899746894836426
v -551.9173583984375 683.0059814453125 14.89974594116211
v -514.2166748046875 680.6727294921875 12.566448211669922
v -514.2166748046875 685.7060546875 14.899746894836426
v -514.2166748046875 683.0059814453125 14.899746894836426
v -554.2506103515625 688.2054443359375 -0.0002551321522332728
v -554.2506103515625 688.2054443359375 12.566446304321289
v -549.2171630859375 688.2054443359375 14.89974594116211
v -551.9173583984375 688.2054443359375 14.89974594116211
v -514.2166748046875 685.7060546875 14.899746894836426
v -514.2166748046875 680.6727294921875 12.566448211669922
v -514.2166748046875 680.6727294921875 -0.00025272363563999534
v -514.2166748046875 683.0059814453125 14.899746894836426
v -539.1524658203125 685.7060546875 115.0294418334961
v -539.1702880859375 693.253662109375 100.0268783569336
v -539.1702880859375 685.7060546875 100.0268783569336
v -539.1524658203125 693.2716064453125 115.0294418334961
v -539.1702880859375 685.7060546875 100.0268783569336
v -551.4993896484375 680.924560546875 100.0268783569336
v -551.4993896484375 685.7060546875 100.0268783569336
v -539.1702880859375 693.253662109375 100.0268783569336
v -551.4993896484375 685.7060546875 100.0268783569336
v -554.2506103515625 678.17333984375 102.76898193359375
v -554.2506103515625 685.7060546875 102.76898193359375
v -551.4993896484375 680.924560546875 100.0268783569336
v -554.2506103515625 685.7060546875 102.76898193359375
v -554.2506103515625 678.17333984375 112.56644439697266
v -554.2506103515625 685.7060546875 112.56644439697266
v -554.2506103515625 678.17333984375 102.76898193359375
v -554.2506103515625 685.7060546875 112.56644439697266
v -551.8524169921875 680.571533203125 115.0294418334961
v -551.8524169921875 685.7060546875 115.0294418334961
v -554.2506103515625 678.17333984375 112.56644439697266
v -551.8524169921875 685.7060546875 115.0294418334961
v -539.1524658203125 693.2716064453125 115.0294418334961
v -539.1524658203125 685.7060546875 115.0294418334961
v -551.8524169921875 680.571533203125 115.0294418334961
v -539.1524658203125 693.2716064453125 115.0294418334961
v -514.2166748046875 693.253662109375 100.02687072753906
v -539.1702880859375 693.253662109375 100.0268783569336
v -514.2166748046875 693.2716064453125 115.02943420410156
v -514.2166748046875 680.924560546875 100.0268783569336
v -514.2166748046875 693.253662109375 100.02687072753906
v -551.4993896484375 680.924560546875 100.0268783569336
v -514.2166748046875 678.17333984375 102.76898193359375
v -554.2506103515625 678.17333984375 102.76898193359375
v -514.2166748046875 680.924560546875 100.0268783569336
v -554.2506103515625 678.17333984375 102.76898193359375
v -514.2166748046875 678.17333984375 112.56644439697266
v -554.2506103515625 678.17333984375 112.56644439697266
v -514.2166748046875 678.17333984375 102.76898193359375
v -554.2506103515625 678.17333984375 112.56644439697266
v -514.2166748046875 680.571533203125 115.0294418334961
v -551.8524169921875 680.571533203125 115.0294418334961
v -514.2166748046875 678.17333984375 112.56644439697266
v -514.2166748046875 693.2716064453125 115.02943420410156
v -514.2166748046875 680.571533203125 115.0294418334961
v -539.1702880859375 685.7060546875 100.0268783569336
v -551.4993896484375 685.7060546875 100.0268783569336
v -554.2506103515625 685.7060546875 102.76898193359375
v -554.2506103515625 685.7060546875 112.56644439697266
v -539.1524658203125 685.7060546875 115.0294418334961
v -551.8524169921875 685.7060546875 115.0294418334961
v -514.2166748046875 678.17333984375 102.76898193359375
v -514.2166748046875 680.924560546875 100.0268783569336
v -514.2166748046875 693.253662109375 100.02687072753906
v -514.2166748046875 678.17333984375 112.56644439697266
v -514.2166748046875 693.2716064453125 115.02943420410156
v -514.2166748046875 680.571533203125 115.0294418334961
v -539.1463623046875 398.1417236328125 115.02947235107422
v -539.1641845703125 405.707275390625 100.02690887451172
v -539.1641845703125 398.1597900390625 100.02690887451172
v -539.1463623046875 405.707275390625 115.02947235107422
v -539.1641845703125 398.1597900390625 100.02690887451172
v -551.4932861328125 405.707275390625 100.02690887451172
v -551.4932861328125 410.48876953125 100.02690124511719
v -539.1641845703125 405.707275390625 100.02690887451172
v -551.4932861328125 410.48876953125 100.02690124511719
v -554.2445068359375 405.707275390625 102.76901245117188
v -554.2445068359375 413.239990234375 102.76900482177734
v -551.4932861328125 405.707275390625 100.02690887451172
v -554.2445068359375 413.239990234375 102.76900482177734
v -554.2445068359375 405.707275390625 112.56647491455078
v -554.2445068359375 413.239990234375 112.56646728515625
v -554.2445068359375 405.707275390625 102.76901245117188
v -554.2445068359375 413.239990234375 112.56646728515625
v -551.8463134765625 405.707275390625 115.02947235107422
v -551.8463134765625 410.841796875 115.02946472167969
v -554.2445068359375 405.707275390625 112.56647491455078
v -551.8463134765625 410.841796875 115.02946472167969
v -539.1463623046875 405.707275390625 115.02947235107422
v -539.1463623046875 398.1417236328125 115.02947235107422
v -551.8463134765625 405.707275390625 115.02947235107422
v -514.2105712890625 398.1417236328125 115.02946472167969
v -539.1641845703125 398.1597900390625 100.02690887451172
v -514.2105712890625 398.1597900390625 100.02690124511719
v -539.1463623046875 398.1417236328125 115.02947235107422
v -514.2105712890625 398.1597900390625 100.02690124511719
v -514.2105712890625 410.48876953125 100.02690124511719
v -514.2105712890625 410.48876953125 100.02690124511719
v -554.2445068359375 413.239990234375 102.76900482177734
v -514.2105712890625 413.239990234375 102.76900482177734
v -551.4932861328125 410.48876953125 100.02690124511719
v -514.2105712890625 413.239990234375 102.76900482177734
v -554.2445068359375 413.239990234375 112.56646728515625
v -514.2105712890625 413.239990234375 112.56646728515625
v -554.2445068359375 413.239990234375 102.76900482177734
v -514.2105712890625 413.239990234375 112.56646728515625
v -551.8463134765625 410.841796875 115.02946472167969
v -514.2105712890625 410.841796875 115.02946472167969
v -554.2445068359375 413.239990234375 112.56646728515625
v -514.2105712890625 410.841796875 115.02946472167969
v -514.2105712890625 398.1417236328125 115.02946472167969
v -554.2445068359375 405.707275390625 102.76901245117188
v -551.4932861328125 405.707275390625 100.02690887451172
v -539.1641845703125 405.707275390625 100.02690887451172
v -554.2445068359375 405.707275390625 112.56647491455078
v -539.1463623046875 405.707275390625 115.02947235107422
v -551.8463134765625 405.707275390625 115.02947235107422
v -514.2105712890625 398.1597900390625 100.02690124511719
v -514.2105712890625 410.48876953125 100.02690124511719
v -514.2105712890625 413.239990234375 102.76900482177734
v -514.2105712890625 413.239990234375 112.56646728515625
v -514.2105712890625 398.1417236328125 115.02946472167969
v -514.2105712890625 410.841796875 115.02946472167969
v -554.2445068359375 410.7406005859375 -0.00023087512818165123
v -554.2445068359375 403.2078857421875 12.566471099853516
v -554.2445068359375 410.7406005859375 12.566469192504883
v -554.2445068359375 403.2078857421875 -0.00023021659580990672
v -554.2445068359375 410.7406005859375 12.566469192504883
v -551.9112548828125 403.2078857421875 14.899770736694336
v -551.9112548828125 408.4073486328125 14.89976978302002
v -554.2445068359375 403.2078857421875 12.566471099853516
v -551.9112548828125 408.4073486328125 14.89976978302002
v -549.2113037109375 403.2078857421875 14.899770736694336
v -551.9112548828125 403.2078857421875 14.899770736694336
v -514.2105712890625 410.7406005859375 -0.00022912517306394875
v -554.2445068359375 410.7406005859375 12.566469192504883
v -514.2105712890625 410.7406005859375 12.566471099853516
v -554.2445068359375 410.7406005859375 -0.00023087512818165123
v -514.2105712890625 410.7406005859375 12.566471099853516
v -551.9112548828125 408.4073486328125 14.89976978302002
v -514.2105712890625 408.4073486328125 14.899771690368652
v -554.2445068359375 410.7406005859375 12.566469192504883
v -514.2105712890625 408.4073486328125 14.899771690368652
v -549.2113037109375 405.707275390625 14.899770736694336
v -514.2105712890625 405.707275390625 14.899771690368652
v -549.2113037109375 403.2078857421875 14.899770736694336
v -554.2445068359375 403.2078857421875 12.566471099853516
v -554.2445068359375 403.2078857421875 -0.00023021659580990672
v -551.9112548828125 403.2078857421875 14.899770736694336
v -514.2105712890625 410.7406005859375 -0.00022912517306394875
v -514.2105712890625 410.7406005859375 12.566471099853516
v -514.2105712890625 405.707275390625 14.899771690368652
v -514.2105712890625 408.4073486328125 14.899771690368652
v -1437.4820556640625 978.9962158203125 -0.0005193474353291094
v -1454.9869384765625 978.9962158203125 -0.000520112575031817
v -1437.4820556640625 978.9962158203125 309.9994812011719
v -1454.9869384765625 978.9962158203125 309.9994812011719
v -1454.9869384765625 978.9962158203125 -0.000520112575031817
v -1454.9893798828125 954.665283203125 -0.000517985550686717
v -1454.9869384765625 978.9962158203125 309.9994812011719
v -1454.9893798828125 954.665283203125 309.99945068359375
v -1454.9893798828125 938.869384765625 -0.0005166046321392059
v -1454.9893798828125 938.869384765625 309.99945068359375
v -1454.9893798828125 938.869384765625 -0.0005166046321392059
v -1437.4844970703125 938.869384765625 -0.0005158395506441593
v -1454.9893798828125 938.869384765625 309.99945068359375
v -1437.4844970703125 938.869384765625 309.99945068359375
v -1437.4844970703125 938.869384765625 -0.0005158395506441593
v -1437.4844970703125 958.852294921875 -0.0005175864789634943
v -1437.4844970703125 938.869384765625 309.99945068359375
v -1437.4844970703125 958.852294921875 309.99945068359375
v -1437.4820556640625 978.9962158203125 -0.0005193474353291094
v -1437.4820556640625 978.9962158203125 309.9994812011719
v -1437.4820556640625 978.9962158203125 309.9994812011719
v -1454.9869384765625 978.9962158203125 309.9994812011719
v -1454.9893798828125 954.665283203125 309.99945068359375
v -1454.9893798828125 938.869384765625 309.99945068359375
v -1437.4844970703125 958.852294921875 309.99945068359375
v -1437.4844970703125 938.869384765625 309.99945068359375
v -1122.4857177734375 978.9962158203125 -0.0005055785295553505
v -1142.4808349609375 978.9962158203125 -0.0005064525175839663
v -1122.4857177734375 978.9962158203125 309.9994812011719
v -1142.4808349609375 978.9962158203125 309.9994812011719
v -1142.4808349609375 978.9962158203125 -0.0005064525175839663
v -1142.4832763671875 955.794677734375 -0.0005044242134317756
v -1142.4808349609375 978.9962158203125 309.9994812011719
v -1142.4832763671875 955.794677734375 309.99945068359375
v -1142.4832763671875 938.869384765625 -0.0005029446328990161
v -1142.4832763671875 938.869384765625 309.99945068359375
v -1142.4832763671875 938.869384765625 -0.0005029446328990161
v -1122.4881591796875 938.869384765625 -0.0005020705866627395
v -1142.4832763671875 938.869384765625 309.99945068359375
v -1122.4881591796875 938.869384765625 309.99945068359375
v -1122.4881591796875 938.869384765625 -0.0005020705866627395
v -1122.4881591796875 960.50634765625 -0.0005039621028117836
v -1122.4881591796875 938.869384765625 309.99945068359375
v -1122.4881591796875 960.50634765625 309.99945068359375
v -1122.4857177734375 978.9962158203125 -0.0005055785295553505
v -1122.4857177734375 978.9962158203125 309.9994812011719
v -1122.4857177734375 978.9962158203125 309.9994812011719
v -1142.4808349609375 978.9962158203125 309.9994812011719
v -1142.4832763671875 955.794677734375 309.99945068359375
v -1142.4832763671875 938.869384765625 309.99945068359375
v -1122.4881591796875 960.50634765625 309.99945068359375
v -1122.4881591796875 938.869384765625 309.99945068359375
v -916.6947021484375 -886.0682983398438 -0.00013353399117477238
v -916.6947021484375 -878.5670776367188 -0.00013418974413070828
v -916.6947021484375 -886.0682373046875 399.9997863769531
v -916.6947021484375 -878.5670776367188 399.9997863769531
v -916.6947021484375 -878.5670776367188 -0.00013418974413070828
v -959.1934814453125 -878.5670776367188 -0.0001360473979730159
v -916.6947021484375 -878.5670776367188 399.9998474121094
v -959.1934814453125 -878.5670776367188 399.9998474121094
v -959.1934814453125 -886.0682983398438 -0.00013539164501708
v -916.6947021484375 -886.0682983398438 -0.00013353399117477238
v -959.1934814453125 -886.0682373046875 399.9998474121094
v -916.6947021484375 -886.0682373046875 399.9998474121094
v -959.1934814453125 -886.0682373046875 399.9998474121094
v -916.6947021484375 -886.0682373046875 399.9998474121094
v -916.6947021484375 -878.5670776367188 399.9998474121094
v -959.1934814453125 -878.5670776367188 399.9998474121094
v -916.6947021484375 -878.5670776367188 307.49993896484375
v -916.7039794921875 -613.567626953125 307.49993896484375
v -916.6947021484375 -878.5670776367188 317.49993896484375
v -916.7039794921875 -613.567626953125 317.49993896484375
v -916.7039794921875 -613.567626953125 307.49993896484375
v -959.2025146484375 -613.567626953125 307.49993896484375
v -916.7039794921875 -613.567626953125 317.49993896484375
v -959.2025146484375 -613.567626953125 317.49993896484375
v -959.1934814453125 -878.5670776367188 307.49993896484375
v -916.6947021484375 -878.5670776367188 307.49993896484375
v -959.1934814453125 -878.5670776367188 317.49993896484375
v -916.6947021484375 -878.5670776367188 317.49993896484375
v -959.1934814453125 -878.5670776367188 307.49993896484375
v -916.7039794921875 -613.567626953125 307.49993896484375
v -916.6947021484375 -878.5670776367188 307.49993896484375
v -959.2025146484375 -613.567626953125 307.49993896484375
v -959.1934814453125 -878.5670776367188 317.49993896484375
v -916.6947021484375 -878.5670776367188 317.49993896484375
v -916.7039794921875 -613.567626953125 317.49993896484375
v -959.2025146484375 -613.567626953125 317.49993896484375
v -916.6947021484375 -878.5670776367188 389.9998474121094
v -916.7039794921875 -613.567626953125 389.9998474121094
v -916.7039794921875 -613.567626953125 399.9998474121094
v -916.7039794921875 -613.567626953125 389.9998474121094
v -959.2025146484375 -613.567626953125 389.9998474121094
v -916.7039794921875 -613.567626953125 399.9998474121094
v -959.2025146484375 -613.567626953125 399.9998474121094
v -959.1934814453125 -878.5670776367188 389.9998474121094
v -916.6947021484375 -878.5670776367188 389.9998474121094
v -959.1934814453125 -878.5670776367188 399.9998474121094
v -916.6947021484375 -878.5670776367188 399.9998474121094
v -959.1934814453125 -878.5670776367188 389.9998474121094
v -916.7039794921875 -613.567626953125 389.9998474121094
v -916.6947021484375 -878.5670776367188 389.9998474121094
v -959.2025146484375 -613.567626953125 389.9998474121094
v -916.7039794921875 -613.5675659179688 -0.00015735713532194495
v -916.7039794921875 -606.06640625 -0.00015801290282979608
v -916.7039794921875 -606.0663452148438 399.9997863769531
v -916.7039794921875 -606.06640625 -0.00015801290282979608
v -959.2025146484375 -606.06640625 -0.00015987061487976462
v -916.7039794921875 -606.0663452148438 399.9998474121094
v -959.2025146484375 -606.0663452148438 399.9998474121094
v -959.2025146484375 -613.5675659179688 -0.00015921483281999826
v -916.7039794921875 -613.5675659179688 -0.00015735713532194495
v -959.2025146484375 -613.5675048828125 399.9998474121094
v -916.7039794921875 -613.5675048828125 399.9998474121094
v -959.2025146484375 -613.5675048828125 399.9998474121094
v -916.7039794921875 -613.5675048828125 399.9998474121094
v -916.7039794921875 -606.0663452148438 399.9998474121094
v -959.2025146484375 -606.0663452148438 399.9998474121094
v -1464.9991455078125 931.49365234375 299.9994812011719
v -1112.4996337890625 931.49365234375 299.9994812011719
v -1464.9991455078125 931.49365234375 329.9994812011719
v -1112.4996337890625 931.49365234375 329.9994812011719
v -1112.4996337890625 931.49365234375 299.9994812011719
v -1112.4996337890625 981.49365234375 299.99951171875
v -1112.4996337890625 931.49365234375 329.9994812011719
v -1112.4996337890625 981.49365234375 329.99951171875
v -1112.4996337890625 981.49365234375 299.99951171875
v -1464.9991455078125 981.49365234375 299.99951171875
v -1112.4996337890625 981.49365234375 329.99951171875
v -1464.9991455078125 981.49365234375 329.99951171875
v -1464.9991455078125 981.49365234375 299.99951171875
v -1464.9991455078125 931.49365234375 299.9994812011719
v -1464.9991455078125 981.49365234375 329.99951171875
v -1464.9991455078125 931.49365234375 329.9994812011719
v -1464.9991455078125 981.49365234375 299.99951171875
v -1112.4996337890625 931.49365234375 299.9994812011719
v -1464.9991455078125 931.49365234375 299.9994812011719
v -1112.4996337890625 981.49365234375 299.99951171875
v -1464.9991455078125 981.49365234375 329.99951171875
v -1464.9991455078125 931.49365234375 329.9994812011719
v -1112.4996337890625 931.49365234375 329.9994812011719
v -1112.4996337890625 981.49365234375 329.99951171875
v 2562.498291015625 733.994140625 -110.0001220703125
v 2562.498291015625 973.9935302734375 -110.0001449584961
v 2562.498291015625 733.9942626953125 394.9999084472656
v 2562.498291015625 973.99365234375 394.9999084472656
v 2562.498291015625 973.9935302734375 -110.0001449584961
v 2532.49951171875 973.9935302734375 -110.0001449584961
v 2562.498291015625 973.99365234375 394.9999084472656
v 2532.49951171875 973.99365234375 394.9998779296875
v 2532.49951171875 973.9935302734375 -110.0001449584961
v 2532.49951171875 733.994140625 -110.00012969970703
v 2532.49951171875 973.99365234375 394.9998779296875
v 2532.49951171875 733.9942626953125 394.9999084472656
v 2532.49951171875 733.994140625 -110.00012969970703
v 2562.498291015625 733.994140625 -110.0001220703125
v 2532.49951171875 733.9942626953125 394.9999084472656
v 2562.498291015625 733.9942626953125 394.9999084472656
v 2532.49951171875 733.9942626953125 394.9999084472656
v 2562.498291015625 733.9942626953125 394.9999084472656
v 2562.498291015625 973.99365234375 394.9999084472656
v 2532.49951171875 973.99365234375 394.9998779296875
v 763.04052734375 -1433.9879150390625 -0.00021220973576419055
v 783.03564453125 -1433.9879150390625 -0.00021133571863174438
v 763.04052734375 -1433.9879150390625 309.9997863769531
v 783.03564453125 -1433.9879150390625 309.9997863769531
v 783.03564453125 -1433.9879150390625 -0.00021133571863174438
v 783.0380859375 -1410.7862548828125 -0.00021336396457627416
v 783.03564453125 -1433.9879150390625 309.9997863769531
v 783.0380859375 -1410.7861328125 309.9997863769531
v 783.0380859375 -1410.7862548828125 -0.00021336396457627416
v 783.0306396484375 -1388.921630859375 -0.00021527576609514654
v 783.0380859375 -1410.7861328125 309.9997863769531
v 783.0306396484375 -1388.921630859375 309.9997863769531
v 783.0306396484375 -1388.921630859375 -0.00021527576609514654
v 763.0355224609375 -1388.921630859375 -0.0002161497832275927
v 783.0306396484375 -1388.921630859375 309.9997863769531
v 763.0355224609375 -1388.921630859375 309.9997863769531
v 763.0355224609375 -1388.921630859375 -0.0002161497832275927
v 763.04296875 -1415.4981689453125 -0.00021382606064435095
v 763.0355224609375 -1388.921630859375 309.9997863769531
v 763.04296875 -1415.498046875 309.9997863769531
v 763.04052734375 -1433.9879150390625 -0.00021220973576419055
v 763.04052734375 -1433.9879150390625 309.9997863769531
v 763.04052734375 -1433.9879150390625 309.9997863769531
v 783.03564453125 -1433.9879150390625 309.9997863769531
v 783.0380859375 -1410.7861328125 309.9997863769531
v 783.0306396484375 -1388.921630859375 309.9997863769531
v 763.04296875 -1415.498046875 309.9997863769531
v 763.0355224609375 -1388.921630859375 309.9997863769531
v 1071.78369140625 -1433.9940185546875 -0.00019871362019330263
v 1089.28857421875 -1433.9940185546875 -0.00019794845138676465
v 1071.7838134765625 -1433.993896484375 309.9997863769531
v 1089.2886962890625 -1433.993896484375 309.9997863769531
v 1089.28857421875 -1433.9940185546875 -0.00019794845138676465
v 1089.2911376953125 -1409.6630859375 -0.00020007541752420366
v 1089.2886962890625 -1433.993896484375 309.9997863769531
v 1089.291259765625 -1409.6630859375 309.9997863769531
v 1089.28369140625 -1388.927734375 -0.00020188848429825157
v 1089.28369140625 -1388.927734375 309.9997863769531
v 1089.28369140625 -1388.927734375 -0.00020188848429825157
v 1071.77880859375 -1388.927734375 -0.00020265363855287433
v 1089.28369140625 -1388.927734375 309.9997863769531
v 1071.77880859375 -1388.927734375 309.9997863769531
v 1071.77880859375 -1388.927734375 -0.00020265363855287433
v 1071.7862548828125 -1413.85009765625 -0.00020047451835125685
v 1071.77880859375 -1388.927734375 309.9997863769531
v 1071.786376953125 -1413.85009765625 309.9997863769531
v 1071.78369140625 -1433.9940185546875 -0.00019871362019330263
v 1071.7838134765625 -1433.993896484375 309.9997863769531
v 1071.7838134765625 -1433.993896484375 309.9997863769531
v 1089.2886962890625 -1433.993896484375 309.9997863769531
v 1089.291259765625 -1409.6630859375 309.9997863769531
v 1089.28369140625 -1388.927734375 309.9997863769531
v 1071.786376953125 -1413.85009765625 309.9997863769531
v 1071.77880859375 -1388.927734375 309.9997863769531
v 809.626708984375 -270.95892333984375 60.46908950805664
v 809.626708984375 -273.45831298828125 60.46908950805664
v 811.7725830078125 -270.95892333984375 80.35363006591797
v 811.7725830078125 -273.45831298828125 80.35363006591797
v 809.626708984375 -273.45831298828125 60.46908950805664
v 1044.63916015625 -273.45831298828125 35.10702896118164
v 811.7725830078125 -273.45831298828125 80.35363006591797
v 1046.7850341796875 -273.45831298828125 54.99156951904297
v 1044.63916015625 -273.45831298828125 35.107032775878906
v 1044.63916015625 -270.95892333984375 35.107032775878906
v 1046.7850341796875 -273.45831298828125 54.99156951904297
v 1046.7850341796875 -270.95892333984375 54.99156951904297
v 1044.63916015625 -270.95892333984375 35.10702896118164
v 809.626708984375 -270.95892333984375 60.46908950805664
v 1046.7850341796875 -270.95892333984375 54.99156951904297
v 811.7725830078125 -270.95892333984375 80.35363006591797
v 809.626708984375 -270.95892333984375 60.46908950805664
v 1044.63916015625 -270.95892333984375 35.10702896118164
v 809.626708984375 -273.45831298828125 60.46908950805664
v 1044.63916015625 -273.45831298828125 35.10702896118164
v 811.7725830078125 -270.95892333984375 80.35363006591797
v 811.7725830078125 -273.45831298828125 80.35363006591797
v 1046.7850341796875 -270.95892333984375 54.99156951904297
v 1046.7850341796875 -273.45831298828125 54.99156951904297
v 809.626708984375 -270.958740234375 124.86499786376953
v 809.626708984375 -273.4581298828125 124.86499786376953
v 808.366455078125 -270.958740234375 144.82525634765625
v 808.366455078125 -273.4581298828125 144.82525634765625
v 809.626708984375 -273.4581298828125 124.86499786376953
v 1045.5340576171875 -273.4581298828125 139.75982666015625
v 808.366455078125 -273.4581298828125 144.8252410888672
v 1044.2738037109375 -273.4581298828125 159.7200927734375
v 1045.5340576171875 -273.4581298828125 139.75982666015625
v 1045.5340576171875 -270.958740234375 139.75982666015625
v 1044.2738037109375 -273.4581298828125 159.7200927734375
v 1044.2738037109375 -270.958740234375 159.7200927734375
v 1045.5340576171875 -270.958740234375 139.75982666015625
v 809.6265869140625 -270.958740234375 124.86499786376953
v 1044.2738037109375 -270.958740234375 159.7200927734375
v 808.3663330078125 -270.958740234375 144.8252410888672
v 809.626708984375 -270.958740234375 124.86499786376953
v 1045.5340576171875 -270.958740234375 139.75982666015625
v 809.626708984375 -273.4581298828125 124.86499786376953
v 1045.5340576171875 -273.4581298828125 139.75982666015625
v 808.366455078125 -270.958740234375 144.8252410888672
v 808.366455078125 -273.4581298828125 144.8252410888672
v 1044.2738037109375 -270.958740234375 159.7200927734375
v 1044.2738037109375 -273.4581298828125 159.7200927734375
v 809.626708984375 -270.958740234375 195.31878662109375
v 809.626708984375 -273.4581298828125 195.31878662109375
v 810.6165771484375 -270.958740234375 215.29428100585938
v 810.6165771484375 -273.4581298828125 215.29428100585938
v 809.626708984375 -273.45806884765625 195.31878662109375
v 1045.714111328125 -273.45806884765625 183.6202850341797
v 810.6165771484375 -273.45806884765625 215.29428100585938
v 1046.703857421875 -273.45806884765625 203.5957794189453
v 1045.714111328125 -273.4581298828125 183.6202850341797
v 1045.714111328125 -270.958740234375 183.6202850341797
v 1046.703857421875 -273.4581298828125 203.5957794189453
v 1046.703857421875 -270.958740234375 203.5957794189453
v 1045.714111328125 -270.95867919921875 183.6202850341797
v 809.626708984375 -270.95867919921875 195.31878662109375
v 1046.703857421875 -270.95867919921875 203.5957794189453
v 810.6165771484375 -270.95867919921875 215.29428100585938
v 809.626708984375 -270.95867919921875 195.31878662109375
v 1045.714111328125 -270.95867919921875 183.6202850341797
v 809.626708984375 -273.45806884765625 195.31878662109375
v 1045.714111328125 -273.45806884765625 183.6202850341797
v 810.6165771484375 -270.95867919921875 215.29428100585938
v 810.6165771484375 -273.45806884765625 215.29428100585938
v 1046.703857421875 -270.95867919921875 203.5957794189453
v 1046.703857421875 -273.45806884765625 203.5957794189453
v -964.1839599609375 -627.00439453125 60.46934509277344
v -966.6834716796875 -627.00439453125 60.46934509277344
v -964.1839599609375 -626.8641967773438 80.4688491821289
v -966.6834716796875 -626.8641967773438 80.46884155273438
v -966.6834716796875 -627.00439453125 60.46934509277344
v -966.6834716796875 -863.37548828125 62.126129150390625
v -966.6834716796875 -626.8641967773438 80.46884155273438
v -966.6834716796875 -863.2352905273438 82.1256332397461
v -966.6834716796875 -863.37548828125 62.126129150390625
v -964.1839599609375 -863.37548828125 62.126129150390625
v -966.6834716796875 -863.2352905273438 82.1256332397461
v -964.1839599609375 -863.2352905273438 82.1256332397461
v -964.1839599609375 -863.37548828125 62.126129150390625
v -964.1839599609375 -627.00439453125 60.46934509277344
v -964.1839599609375 -863.2352905273438 82.1256332397461
v -964.1839599609375 -626.8641357421875 80.4688491821289
v -964.1839599609375 -627.00439453125 60.46934509277344
v -964.1839599609375 -863.37548828125 62.126129150390625
v -966.6834716796875 -627.00439453125 60.46934509277344
v -966.6834716796875 -863.37548828125 62.126129150390625
v -964.1839599609375 -626.8641967773438 80.4688491821289
v -966.6834716796875 -626.8641967773438 80.46884155273438
v -964.1839599609375 -863.2352905273438 82.12562561035156
v -966.6834716796875 -863.2352905273438 82.12562561035156
v -964.1839599609375 -627.0043334960938 124.86524963378906
v -966.6832275390625 -627.0043334960938 124.86524200439453
v -964.1839599609375 -627.6327514648438 144.85536193847656
v -966.6832275390625 -627.6327514648438 144.85536193847656
v -966.6834716796875 -627.0043334960938 124.86524200439453
v -966.6834716796875 -863.2646484375 117.43830108642578
v -966.6834716796875 -627.6327514648438 144.85536193847656
v -966.6834716796875 -863.8930053710938 137.4284210205078
v -966.6832275390625 -863.2645874023438 117.43830108642578
v -964.1839599609375 -863.2645874023438 117.43830108642578
v -966.6832275390625 -863.8930053710938 137.4284210205078
v -964.1839599609375 -863.8930053710938 137.4284210205078
v -964.1839599609375 -863.2646484375 117.43830108642578
v -964.1839599609375 -627.0043334960938 124.86524963378906
v -964.1839599609375 -863.8930053710938 137.4284210205078
v -964.1839599609375 -627.6327514648438 144.85536193847656
v -964.1839599609375 -627.0043334960938 124.86524963378906
v -964.1839599609375 -863.2645874023438 117.43830108642578
v -966.6834716796875 -627.0043334960938 124.86524200439453
v -966.6834716796875 -863.2645874023438 117.43830108642578
v -964.1839599609375 -627.6327514648438 144.85536193847656
v -966.6834716796875 -627.6327514648438 144.85536193847656
v -964.1839599609375 -863.8930053710938 137.4284210205078
v -966.6834716796875 -863.8930053710938 137.4284210205078
v -964.1839599609375 -627.0043334960938 163.0364227294922
v -966.6834716796875 -627.0043334960938 163.0364227294922
v -964.1839599609375 -625.5078125 182.98036193847656
v -966.6834716796875 -625.5078125 182.98036193847656
v -966.6834716796875 -627.0043334960938 163.0364227294922
v -966.6834716796875 -862.71875 180.7240753173828
v -966.6834716796875 -625.5078125 182.98036193847656
v -966.6834716796875 -861.2222290039062 200.6680145263672
v -966.6834716796875 -862.7188110351562 180.7240753173828
v -964.1839599609375 -862.7188110351562 180.7240753173828
v -966.6834716796875 -861.2222290039062 200.6680145263672
v -964.1839599609375 -861.2222290039062 200.6680145263672
v -964.1839599609375 -862.71875 180.7240753173828
v -964.1839599609375 -627.0043334960938 163.0364227294922
v -964.1839599609375 -861.2222290039062 200.6680145263672
v -964.1839599609375 -625.5078125 182.98036193847656
v -964.1839599609375 -627.0043334960938 163.0364227294922
v -964.1839599609375 -862.7188110351562 180.7240753173828
v -966.6834716796875 -627.0043334960938 163.0364227294922
v -966.6834716796875 -862.7188110351562 180.7240753173828
v -964.1839599609375 -625.5078125 182.98036193847656
v -966.6834716796875 -625.5078125 182.98036193847656
v -964.1839599609375 -861.2222290039062 200.6680145263672
v -966.6834716796875 -861.2222290039062 200.6680145263672
v -533.0858154296875 656.8028564453125 60.46894073486328
v -535.5850830078125 656.8028564453125 60.46894073486328
v -533.0858154296875 654.6568603515625 80.35348510742188
v -535.5850830078125 654.6568603515625 80.35348510742188
v -535.5850830078125 656.8028564453125 60.46895217895508
v -535.5850830078125 421.79052734375 35.10689926147461
v -535.5850830078125 654.6568603515625 80.3534927368164
v -535.5850830078125 419.6446533203125 54.99144744873047
v -535.5850830078125 421.7904052734375 35.10689926147461
v -533.0858154296875 421.7904052734375 35.10689926147461
v -535.5850830078125 419.64453125 54.991432189941406
v -533.0858154296875 419.64453125 54.991432189941406
v -533.0858154296875 421.79052734375 35.10689926147461
v -533.0858154296875 656.8028564453125 60.46895217895508
v -533.0858154296875 419.6446533203125 54.99144744873047
v -533.0858154296875 654.6568603515625 80.35348510742188
v -533.0858154296875 656.8028564453125 60.46894836425781
v -533.0858154296875 421.7904052734375 35.10689926147461
v -535.5850830078125 656.8028564453125 60.46894836425781
v -535.5850830078125 421.7904052734375 35.10689926147461
v -533.0858154296875 654.6568603515625 80.35348510742188
v -535.5850830078125 654.6568603515625 80.35348510742188
v -533.0858154296875 419.6444091796875 54.99143981933594
v -535.5850830078125 419.6444091796875 54.99143981933594
v -533.0855712890625 656.8028564453125 124.86485290527344
v -535.5848388671875 656.8028564453125 124.86485290527344
v -533.0855712890625 658.06298828125 144.82510375976562
v -535.5848388671875 658.06298828125 144.82510375976562
v -535.5848388671875 656.8028564453125 124.86485290527344
v -535.5848388671875 420.8953857421875 139.7596893310547
v -535.5848388671875 658.06298828125 144.82510375976562
v -535.5848388671875 422.1556396484375 159.71995544433594
v -535.5848388671875 420.8955078125 139.7596893310547
v -533.0855712890625 420.8955078125 139.7596893310547
v -535.5848388671875 422.15576171875 159.71995544433594
v -533.0855712890625 422.15576171875 159.71995544433594
v -533.0855712890625 420.8953857421875 139.7596893310547
v -533.0855712890625 656.8028564453125 124.86485290527344
v -533.0855712890625 422.1556396484375 159.71995544433594
v -533.0855712890625 658.06298828125 144.82510375976562
v -533.0855712890625 656.8028564453125 124.86485290527344
v -533.0855712890625 420.8955078125 139.7596893310547
v -535.5848388671875 656.8028564453125 124.86485290527344
v -535.5848388671875 420.8955078125 139.7596893310547
v -533.0855712890625 658.06298828125 144.82510375976562
v -535.5848388671875 658.06298828125 144.82510375976562
v -533.0855712890625 422.1556396484375 159.71995544433594
v -535.5848388671875 422.1556396484375 159.71995544433594
v -533.0855712890625 656.8028564453125 195.3186492919922
v -535.5848388671875 656.8028564453125 195.3186492919922
v -533.0855712890625 655.81298828125 215.2941436767578
v -535.5848388671875 655.81298828125 215.2941436767578
v -535.5848388671875 656.8028564453125 195.3186492919922
v -535.5848388671875 420.7154541015625 183.62014770507812
v -535.5848388671875 655.81298828125 215.2941436767578
v -535.5848388671875 419.7255859375 203.59564208984375
v -535.5848388671875 420.7154541015625 183.62014770507812
v -533.0855712890625 420.7154541015625 183.62014770507812
v -535.5848388671875 419.7255859375 203.59564208984375
v -533.0855712890625 419.7255859375 203.59564208984375
v -533.0855712890625 420.7154541015625 183.62014770507812
v -533.0855712890625 656.8028564453125 195.3186492919922
v -533.0855712890625 419.7255859375 203.59564208984375
v -533.0855712890625 655.81298828125 215.2941436767578
v -533.0855712890625 656.8028564453125 195.3186492919922
v -533.0855712890625 420.7154541015625 183.62014770507812
v -535.5848388671875 656.8028564453125 195.3186492919922
v -535.5848388671875 420.7154541015625 183.62014770507812
v -533.0855712890625 655.81298828125 215.2941436767578
v -535.5848388671875 655.81298828125 215.2941436767578
v -533.0855712890625 419.7255859375 203.59564208984375
v -535.5848388671875 419.7255859375 203.59564208984375
v -533.0865478515625 55.7501220703125 60.469303131103516
v -535.5860595703125 55.7501220703125 60.469303131103516
v -533.0865478515625 55.8902587890625 80.46881103515625
v -535.5860595703125 55.8902587890625 80.46881103515625
v -535.5860595703125 55.7501220703125 60.469303131103516
v -535.5860595703125 -180.62103271484375 62.1260871887207
v -535.5860595703125 55.8902587890625 80.46881103515625
v -535.5860595703125 -180.48077392578125 82.12559509277344
v -535.5860595703125 -180.6209716796875 62.1260871887207
v -533.0865478515625 -180.6209716796875 62.1260871887207
v -535.5860595703125 -180.48077392578125 82.12559509277344
v -533.0865478515625 -180.48077392578125 82.12559509277344
v -533.0865478515625 -180.62103271484375 62.1260871887207
v -533.0865478515625 55.7501220703125 60.469303131103516
v -533.0865478515625 -180.48077392578125 82.12559509277344
v -533.0865478515625 55.8902587890625 80.46881103515625
v -533.0865478515625 55.7501220703125 60.469303131103516
v -533.0865478515625 -180.6209716796875 62.1260871887207
v -535.5860595703125 55.7501220703125 60.469303131103516
v -535.5860595703125 -180.6209716796875 62.1260871887207
v -533.0865478515625 55.8902587890625 80.46881103515625
v -535.5860595703125 55.8902587890625 80.46881103515625
v -533.0865478515625 -180.48077392578125 82.1255874633789
v -535.5860595703125 -180.48077392578125 82.1255874633789
v -533.0865478515625 55.7501220703125 124.8652114868164
v -535.5858154296875 55.7501220703125 124.8652114868164
v -533.0865478515625 55.1217041015625 144.85533142089844
v -535.5858154296875 55.1217041015625 144.85533142089844
v -535.5860595703125 55.7501220703125 124.8652114868164
v -535.5860595703125 -180.51019287109375 117.43826293945312
v -535.5860595703125 55.1217041015625 144.85533142089844
v -535.5860595703125 -181.13861083984375 137.42837524414062
v -535.5858154296875 -180.5101318359375 117.43826293945312
v -533.0865478515625 -180.5101318359375 117.43826293945312
v -535.5858154296875 -181.1385498046875 137.42837524414062
v -533.0865478515625 -181.1385498046875 137.42837524414062
v -533.0865478515625 -180.51019287109375 117.43826293945312
v -533.0865478515625 55.7501220703125 124.8652114868164
v -533.0865478515625 -181.13861083984375 137.42837524414062
v -533.0865478515625 55.1217041015625 144.85533142089844
v -533.0865478515625 55.7501220703125 124.8652114868164
v -533.0865478515625 -180.5101318359375 117.43826293945312
v -535.5860595703125 55.7501220703125 124.8652114868164
v -535.5860595703125 -180.5101318359375 117.43826293945312
v -533.0865478515625 55.1217041015625 144.85533142089844
v -535.5860595703125 55.1217041015625 144.85533142089844
v -533.0865478515625 -181.13848876953125 137.42837524414062
v -535.5860595703125 -181.13848876953125 137.42837524414062
v -533.0865478515625 55.7501220703125 163.03639221191406
v -535.5860595703125 55.7501220703125 163.03639221191406
v -533.0865478515625 57.24676513671875 182.98033142089844
v -535.5860595703125 57.24676513671875 182.98033142089844
v -535.5860595703125 55.7501220703125 163.03639221191406
v -535.5860595703125 -179.96429443359375 180.72402954101562
v -535.5860595703125 57.24676513671875 182.98033142089844
v -535.5860595703125 -178.46771240234375 200.66796875
v -535.5860595703125 -179.96429443359375 180.72402954101562
v -533.0865478515625 -179.96429443359375 180.72402954101562
v -535.5860595703125 -178.46771240234375 200.66796875
v -533.0865478515625 -178.46771240234375 200.66796875
v -533.0865478515625 -179.96429443359375 180.72402954101562
v -533.0865478515625 55.7501220703125 163.03639221191406
v -533.0865478515625 -178.46771240234375 200.66796875
v -533.0865478515625 57.24676513671875 182.98033142089844
v -533.0865478515625 55.7501220703125 163.03639221191406
v -533.0865478515625 -179.96429443359375 180.72402954101562
v -535.5860595703125 55.7501220703125 163.03639221191406
v -535.5860595703125 -179.96429443359375 180.72402954101562
v -533.0865478515625 57.24676513671875 182.98033142089844
v -535.5860595703125 57.24676513671875 182.98033142089844
v -533.0865478515625 -178.4676513671875 200.66796875
v -535.5860595703125 -178.4676513671875 200.66796875
v -1853.4105224609375 756.86083984375 60.4688720703125
v -1853.4105224609375 754.3614501953125 60.4688720703125
v -1851.2645263671875 756.86083984375 80.35340881347656
v -1851.2645263671875 754.3614501953125 80.35340881347656
v -1853.4105224609375 754.3614501953125 60.4688606262207
v -1618.3980712890625 754.3614501953125 35.1068000793457
v -1851.2645263671875 754.3614501953125 80.35340881347656
v -1616.2523193359375 754.3614501953125 54.99134063720703
v -1618.3980712890625 754.3614501953125 35.10681915283203
v -1618.3980712890625 756.86083984375 35.10681915283203
v -1616.2523193359375 754.3614501953125 54.99134063720703
v -1616.2523193359375 756.86083984375 54.99134063720703
v -1618.3980712890625 756.86083984375 35.1068000793457
v -1853.4105224609375 756.86083984375 60.4688606262207
v -1616.2523193359375 756.86083984375 54.99134063720703
v -1851.2645263671875 756.86083984375 80.35340881347656
v -1853.4105224609375 756.86083984375 60.46887969970703
v -1618.3980712890625 756.86083984375 35.10681915283203
v -1853.4105224609375 754.3614501953125 60.46887969970703
v -1618.3980712890625 754.3614501953125 35.10681915283203
v -1851.2645263671875 756.86083984375 80.35342407226562
v -1851.2645263671875 754.3614501953125 80.35342407226562
v -1616.2523193359375 756.86083984375 54.99135971069336
v -1616.2523193359375 754.3614501953125 54.99135971069336
v -1853.4105224609375 756.861083984375 124.86479949951172
v -1853.4105224609375 754.3616943359375 124.86479949951172
v -1854.6707763671875 756.861083984375 144.82505798339844
v -1854.6707763671875 754.3616943359375 144.82505798339844
v -1853.4105224609375 754.3616943359375 124.86479949951172
v -1617.5030517578125 754.3616943359375 139.75962829589844
v -1854.6707763671875 754.3616943359375 144.82505798339844
v -1618.7633056640625 754.3616943359375 159.7198944091797
v -1617.5030517578125 754.3616943359375 139.75961303710938
v -1617.5030517578125 756.861083984375 139.75961303710938
v -1618.7633056640625 754.3616943359375 159.7198944091797
v -1618.7633056640625 756.861083984375 159.7198944091797
v -1617.5030517578125 756.861083984375 139.75962829589844
v -1853.4105224609375 756.861083984375 124.86479949951172
v -1618.7633056640625 756.861083984375 159.7198944091797
v -1854.6707763671875 756.861083984375 144.82505798339844
v -1853.4105224609375 756.861083984375 124.86479187011719
v -1617.5030517578125 756.861083984375 139.75961303710938
v -1853.4105224609375 754.3616943359375 124.86479187011719
v -1617.5030517578125 754.3616943359375 139.75961303710938
v -1854.6707763671875 756.861083984375 144.82504272460938
v -1854.6707763671875 754.3616943359375 144.82504272460938
v -1618.7633056640625 756.861083984375 159.71987915039062
v -1618.7633056640625 754.3616943359375 159.71987915039062
v -1853.4105224609375 756.861083984375 195.31858825683594
v -1853.4105224609375 754.3616943359375 195.31858825683594
v -1852.4205322265625 756.861083984375 215.29408264160156
v -1852.4205322265625 754.3616943359375 215.29408264160156
v -1853.4105224609375 754.3616943359375 195.31858825683594
v -1617.3228759765625 754.3616943359375 183.6200714111328
v -1852.4205322265625 754.3616943359375 215.29408264160156
v -1616.3331298828125 754.3616943359375 203.59556579589844
v -1617.3228759765625 754.3616943359375 183.6200714111328
v -1617.3228759765625 756.861083984375 183.6200714111328
v -1616.3331298828125 754.3616943359375 203.59556579589844
v -1616.3331298828125 756.861083984375 203.59556579589844
v -1617.3228759765625 756.861083984375 183.6200714111328
v -1853.4105224609375 756.861083984375 195.31858825683594
v -1616.3331298828125 756.861083984375 203.59556579589844
v -1852.4205322265625 756.861083984375 215.29408264160156
v -1853.4105224609375 756.861083984375 195.31858825683594
v -1617.3228759765625 756.861083984375 183.6200714111328
v -1853.4105224609375 754.3616943359375 195.31858825683594
v -1617.3228759765625 754.3616943359375 183.6200714111328
v -1852.4205322265625 756.861083984375 215.29408264160156
v -1852.4205322265625 754.3616943359375 215.29408264160156
v -1616.3331298828125 756.861083984375 203.59556579589844
v -1616.3331298828125 754.3616943359375 203.59556579589844
v -484.9503173828125 943.9947509765625 514.999755859375
v -484.9503173828125 1433.9940185546875 514.9996948242188
v -484.9503173828125 943.9947509765625 524.999755859375
v -484.9503173828125 1433.9940185546875 524.9996948242188
v -484.9503173828125 1433.9940185546875 514.9996948242188
v -1532.4998779296875 1433.9937744140625 514.9996337890625
v -484.9503173828125 1433.9940185546875 524.9996948242188
v -1532.4998779296875 1433.9937744140625 524.9996337890625
v -1532.4998779296875 943.9947509765625 514.9996948242188
v -484.9503173828125 1433.9940185546875 514.9996948242188
v -484.9503173828125 943.9947509765625 514.999755859375
v -1532.4998779296875 1433.9937744140625 514.9996337890625
v -1532.4998779296875 943.9947509765625 524.9996948242188
v -484.9503173828125 943.9947509765625 524.999755859375
v -484.9503173828125 1433.9940185546875 524.9996948242188
v -1532.4998779296875 1433.9937744140625 524.9996337890625
v -492.5003662109375 943.9947509765625 424.9997253417969
v -492.5003662109375 1423.9935302734375 424.99969482421875
v -492.5003662109375 943.9947509765625 514.999755859375
v -492.5003662109375 1423.9935302734375 514.9996948242188
v -492.5003662109375 1423.9935302734375 424.99969482421875
v -1532.4998779296875 1423.9932861328125 424.9996337890625
v -492.5003662109375 1423.9935302734375 514.9996948242188
v -1532.4998779296875 1423.9932861328125 514.9996337890625
v -1532.4998779296875 943.9947509765625 424.9996643066406
v -492.5003662109375 1423.9935302734375 424.99969482421875
v -492.5003662109375 943.9947509765625 424.9997253417969
v -1532.4998779296875 1423.9932861328125 424.9996337890625
v -1532.4998779296875 943.9947509765625 514.9996948242188
v -492.5003662109375 943.9947509765625 514.999755859375
v -492.5003662109375 1423.9935302734375 514.9996948242188
v -1532.4998779296875 1423.9932861328125 514.9996337890625
v -484.9503173828125 943.9947509765625 414.9997253417969
v -484.9503173828125 1433.9940185546875 414.99969482421875
v -484.9503173828125 943.9947509765625 424.9997253417969
v -484.9503173828125 1433.9940185546875 424.99969482421875
v -484.9503173828125 1433.9940185546875 414.99969482421875
v -1532.4998779296875 1433.9937744140625 414.9996337890625
v -484.9503173828125 1433.9940185546875 424.99969482421875
v -1532.4998779296875 1433.9937744140625 424.9996337890625
v -1532.4998779296875 943.9947509765625 414.9996643066406
v -484.9503173828125 1433.9940185546875 414.99969482421875
v -484.9503173828125 943.9947509765625 414.9997253417969
v -1532.4998779296875 1433.9937744140625 414.9996337890625
v -1532.4998779296875 943.9947509765625 424.9996643066406
v -484.9503173828125 943.9947509765625 424.9997253417969
v -484.9503173828125 1433.9940185546875 424.99969482421875
v -1532.4998779296875 1433.9937744140625 424.9996337890625
f 161 164 163
f 162 161 163
f 1444 1446 1443
f 1444 1443 1445
f 1440 1442 1439
f 1440 1439 1441
f 1436 1438 1435
f 1436 1435 1437
f 1432 1434 1431
f 1432 1431 1433
f 1428 1430 1427
f 1428 1427 1429
f 1424 1426 1423
f 1424 1423 1425
f 1420 1422 1419
f 1420 1419 1421
f 1416 1418 1415
f 1416 1415 1417
f 1412 1414 1411
f 1412 1411 1413
f 1408 1410 1407
f 1408 1407 1409
f 1404 1406 1403
f 1404 1403 1405
f 1400 1402 1399
f 1400 1399 1401
f 1332 1334 1331
f 1332 1331 1333
f 1328 1330 1327
f 1328 1327 1329
f 1324 1326 1323
f 1324 1323 1325
f 1320 1322 1319
f 1320 1319 1321
f 1316 1318 1315
f 1316 1315 1317
f 1312 1314 1311
f 1312 1311 1313
f 1308 1310 1307
f 1308 1307 1309
f 1304 1306 1303
f 1304 1303 1305
f 1300 1302 1299
f 1300 1299 1301
f 1296 1298 1295
f 1296 1295 1297
f 1292 1294 1291
f 1292 1291 1293
f 1288 1290 1287
f 1288 1287 1289
f 1221 1223 1220
f 1221 1220 1222
f 1217 1219 1216
f 1217 1216 1218
f 1213 1215 1212
f 1213 1212 1214
f 1209 1211 1208
f 1209 1208 1210
f 1205 1207 1204
f 1205 4960 1206
f 1201 1203 1200
f 1201 1200 1202
f 1197 1199 1196
f 1197 1196 1198
f 1193 1195 1192
f 1193 1192 1194
f 1189 1191 1188
f 1189 1188 1190
f 1185 1187 1184
f 1185 1184 1186
f 1181 1183 1180
f 4962 4961 1182
f 1177 1179 1176
f 1177 1176 1178
f 1161 1163 1160
f 1161 1160 1162
f 1157 1159 1156
f 1157 1156 1158
f 1153 1155 1152
f 1153 1152 1154
f 1149 1151 1148
f 1149 1148 1150
f 1145 1147 1144
f 4964 4963 1146
f 1141 1143 1140
f 1141 1140 1142
f 1137 1139 1136
f 1137 1136 1138
f 1133 1135 1132
f 1133 1132 1134
f 1129 1131 1128
f 1129 1128 1130
f 1125 1127 1124
f 1125 1124 1126
f 1121 1123 1120
f 4966 4965 1122
f 1117 1119 1116
f 1117 1116 1118
f 1105 1104 1106
f 1105 1106 1107
f 1103 1097 1099
f 1093 1092 1094
f 1093 1094 1095
f 1096 1093 1095
f 1097 1093 1096
f 1096 1098 1097
f 1097 1098 1099
f 1101 1099 1098
f 1101 1098 1102
f 1096 1100 1098
f 48 47 49
f 49 47 50
f 50 47 51
f 52 50 51
f 158 157 159
f 159 160 158
f 138 140 137
f 138 137 139
f 134 136 133
f 134 133 135
f 130 132 129
f 130 129 131
f 126 128 125
f 126 125 127
f 122 124 121
f 122 121 123
f 118 120 117
f 118 117 119
f 82 84 81
f 82 81 83
f 78 80 77
f 78 77 79
f 74 76 73
f 74 73 75
f 70 72 69
f 70 69 71
f 66 68 65
f 66 65 67
f 62 64 61
f 62 61 63
f 54 56 53
f 54 53 55
f 44 43 45
f 46 44 45
f 40 39 41
f 42 40 41
f 36 35 37
f 38 36 37
f 32 31 33
f 34 32 33
f 28 27 29
f 30 28 29
f 18 17 19
f 20 18 19
f 14 13 15
f 16 14 15
f 10 9 11
f 12 10 11
f 6 5 7
f 8 6 7
f 2 1 3
f 4 2 3
f 4539 4538 4540
f 4541 4539 4540
f 4535 4534 4536
f 4537 4535 4536
f 4531 4530 4532
f 4533 4531 4532
f 4509 4508 4510
f 4511 4509 4510
f 4505 4504 4506
f 4507 4505 4506
f 4501 4500 4502
f 4503 4501 4502
f 4441 4440 4442
f 4443 4441 4442
f 4437 4436 4438
f 4439 4437 4438
f 4434 4433 4420
f 4435 4434 4420
f 4419 4418 4385
f 4420 4419 4385
f 4383 4382 4384
f 4385 4383 4384
f 4430 4432 4429
f 4430 4429 4431
f 4426 4425 4427
f 4428 4426 4427
f 4422 4421 4423
f 4424 4422 4423
f 4411 4413 4410
f 4411 4410 4412
f 4407 4406 4408
f 4409 4407 4408
f 4403 4402 4404
f 4405 4403 4404
f 4399 4398 4400
f 4401 4399 4400
f 4391 4390 4392
f 4393 4391 4392
f 4387 4386 4388
f 4389 4387 4388
f 4369 4368 4370
f 4371 4369 4370
f 4365 4364 4366
f 4367 4365 4366
f 4361 4360 4362
f 4363 4361 4362
f 4339 4338 4340
f 4341 4339 4340
f 4335 4334 4336
f 4337 4335 4336
f 4331 4330 4332
f 4333 4331 4332
f 4276 4278 4275
f 4276 4275 4277
f 4272 4274 4271
f 4272 4271 4273
f 4268 4270 4267
f 4268 4267 4269
f 4264 4266 4263
f 4264 4263 4265
f 4260 4262 4259
f 4260 4259 4261
f 4256 4258 4255
f 4256 4255 4257
f 4252 4254 4251
f 4968 4967 4253
f 4248 4250 4247
f 4248 4247 4249
f 4244 4246 4243
f 4244 4243 4245
f 4240 4242 4239
f 4240 4239 4241
f 4236 4238 4235
f 4970 4969 4237
f 4232 4234 4231
f 4232 4231 4233
f 4216 4218 4215
f 4216 4215 4217
f 4212 4214 4211
f 4212 4211 4213
f 4208 4210 4207
f 4208 4207 4209
f 4204 4206 4203
f 4204 4203 4205
f 4200 4202 4199
f 4200 4199 4201
f 4196 4198 4195
f 4196 4195 4197
f 4192 4194 4191
f 4972 4971 4193
f 4188 4190 4187
f 4188 4187 4189
f 4184 4186 4183
f 4184 4183 4185
f 4180 4182 4179
f 4180 4179 4181
f 4176 4178 4175
f 4974 4973 4177
f 4172 4174 4171
f 4172 4171 4173
f 4136 4135 4137
f 4138 4136 4137
f 4132 4131 4133
f 4132 4133 4134
f 4128 4127 4129
f 4130 4128 4129
f 4124 4123 4125
f 4126 4124 4125
f 4120 4119 4121
f 4122 4120 4121
f 4040 4042 4039
f 4040 4039 4041
f 4036 4038 4035
f 4036 4035 4037
f 4032 4034 4031
f 4032 4031 4033
f 4028 4030 4027
f 4028 4027 4029
f 4024 4026 4023
f 4024 4023 4025
f 4020 4022 4019
f 4020 4019 4021
f 4016 4018 4015
f 4016 4015 4017
f 4012 4014 4011
f 4012 4011 4013
f 4008 4010 4007
f 4008 4007 4009
f 4004 4006 4003
f 4004 4003 4005
f 4000 4002 3999
f 4000 3999 4001
f 3996 3998 3995
f 3996 3995 3997
f 3992 3994 3991
f 3992 3991 3993
f 3988 3990 3987
f 3988 3987 3989
f 3984 3986 3983
f 3984 3983 3985
f 3980 3982 3979
f 3980 3979 3981
f 3976 3978 3975
f 3976 3975 3977
f 3972 3974 3971
f 3972 3971 3973
f 3968 3970 3967
f 3968 3967 3969
f 3964 3966 3963
f 3964 3963 3965
f 3960 3962 3959
f 3960 3959 3961
f 3956 3958 3955
f 3956 3955 3957
f 3952 3954 3951
f 3952 3951 3953
f 3948 3950 3947
f 3948 3947 3949
f 3856 3858 3855
f 3856 3855 3857
f 3852 3854 3851
f 3852 3851 3853
f 3848 3850 3847
f 3848 3847 3849
f 3844 3846 3843
f 3844 3843 3845
f 3840 3842 3839
f 3840 3839 3841
f 3836 3838 3835
f 3836 3835 3837
f 3832 3834 3831
f 3832 3831 3833
f 3828 3830 3827
f 3828 3827 3829
f 3824 3826 3823
f 3824 3823 3825
f 3820 3822 3819
f 3820 3819 3821
f 3816 3818 3815
f 3816 3815 3817
f 3812 3814 3811
f 3812 3811 3813
f 3808 3810 3807
f 3808 3807 3809
f 3804 3806 3803
f 3804 3803 3805
f 3800 3802 3799
f 3800 3799 3801
f 3796 3798 3795
f 3796 3795 3797
f 3792 3794 3791
f 3792 3791 3793
f 3788 3790 3787
f 3788 3787 3789
f 3784 3786 3783
f 3784 3783 3785
f 3780 3782 3779
f 3780 3779 3781
f 3776 3778 3775
f 3776 3775 3777
f 3772 3774 3771
f 3772 3771 3773
f 3768 3770 3767
f 3768 3767 3769
f 3764 3766 3763
f 3764 3763 3765
f 3698 3700 3697
f 3698 3697 3699
f 3694 3696 3693
f 3694 3693 3695
f 3690 3692 3689
f 3690 3689 3691
f 3686 3688 3685
f 3686 3685 3687
f 3682 3684 3681
f 3682 3681 3683
f 3678 3680 3677
f 3678 3677 3679
f 3674 3676 3673
f 4976 4975 3675
f 3670 3672 3669
f 3670 3669 3671
f 3666 3668 3665
f 3666 3665 3667
f 3662 3664 3661
f 3662 3661 3663
f 3658 3660 3657
f 4978 4977 3659
f 3654 3656 3653
f 3654 3653 3655
f 3638 3640 3637
f 3638 3637 3639
f 3634 3636 3633
f 3634 3633 3635
f 3630 3632 3629
f 3630 3629 3631
f 3626 3628 3625
f 3626 3625 3627
f 3622 3624 3621
f 3622 3621 3623
f 3618 3620 3617
f 3618 3617 3619
f 3614 3616 3613
f 4980 4979 3615
f 3610 3612 3609
f 3610 3609 3611
f 3606 3608 3605
f 3606 3605 3607
f 3602 3604 3601
f 3602 3601 3603
f 3598 3600 3597
f 4982 4981 3599
f 3594 3596 3593
f 3594 3593 3595
f 3558 3557 3559
f 3560 3558 3559
f 3554 3553 3555
f 3554 3555 3556
f 3550 3549 3551
f 3552 3550 3551
f 3546 3545 3547
f 3548 3546 3547
f 3542 3541 3543
f 3544 3542 3543
f 3462 3464 3461
f 3462 3461 3463
f 3458 3460 3457
f 3458 3457 3459
f 3454 3456 3453
f 3454 3453 3455
f 3450 3452 3449
f 3450 3449 3451
f 3446 3448 3445
f 3446 3445 3447
f 3442 3444 3441
f 3442 3441 3443
f 3438 3440 3437
f 3438 3437 3439
f 3434 3436 3433
f 3434 3433 3435
f 3430 3432 3429
f 3430 3429 3431
f 3426 3428 3425
f 3426 3425 3427
f 3422 3424 3421
f 3422 3421 3423
f 3418 3420 3417
f 3418 3417 3419
f 3414 3416 3413
f 3414 3413 3415
f 3410 3412 3409
f 3410 3409 3411
f 3406 3408 3405
f 3406 3405 3407
f 3402 3404 3401
f 3402 3401 3403
f 3398 3400 3397
f 3398 3397 3399
f 3394 3396 3393
f 3394 3393 3395
f 3390 3392 3389
f 3390 3389 3391
f 3386 3388 3385
f 3386 3385 3387
f 3382 3384 3381
f 3382 3381 3383
f 3378 3380 3377
f 3378 3377 3379
f 3374 3376 3373
f 3374 3373 3375
f 3370 3372 3369
f 3370 3369 3371
f 3278 3280 3277
f 3278 3277 3279
f 3274 3276 3273
f 3274 3273 3275
f 3270 3272 3269
f 3270 3269 3271
f 3266 3268 3265
f 3266 3265 3267
f 3262 3264 3261
f 3262 3261 3263
f 3258 3260 3257
f 3258 3257 3259
f 3254 3256 3253
f 3254 3253 3255
f 3250 3252 3249
f 3250 3249 3251
f 3246 3248 3245
f 3246 3245 3247
f 3242 3244 3241
f 3242 3241 3243
f 3238 3240 3237
f 3238 3237 3239
f 3234 3236 3233
f 3234 3233 3235
f 3230 3232 3229
f 3230 3229 3231
f 3226 3228 3225
f 3226 3225 3227
f 3222 3224 3221
f 3222 3221 3223
f 3218 3220 3217
f 3218 3217 3219
f 3214 3216 3213
f 3214 3213 3215
f 3210 3212 3209
f 3210 3209 3211
f 3206 3208 3205
f 3206 3205 3207
f 3202 3204 3201
f 3202 3201 3203
f 3198 3200 3197
f 3198 3197 3199
f 3194 3196 3193
f 3194 3193 3195
f 3190 3192 3189
f 3190 3189 3191
f 3186 3188 3185
f 3186 3185 3187
f 3051 3053 3050
f 3051 3050 3052
f 3047 3049 3046
f 3047 3046 3048
f 3043 3045 3042
f 3043 3042 3044
f 3039 3041 3038
f 3039 3038 3040
f 3035 3037 3034
f 3035 3034 3036
f 3031 3033 3030
f 3031 3030 3032
f 3001 3003 3000
f 3001 3000 3002
f 2997 2999 2996
f 2997 2996 2998
f 2993 2995 2992
f 2993 2992 2994
f 2989 2991 2988
f 2989 2988 2990
f 2985 2987 2984
f 2985 2984 2986
f 2981 2983 2980
f 2981 2980 2982
f 2910 2912 2909
f 2910 2909 2911
f 2906 2908 2905
f 2906 2905 2907
f 2902 2904 2901
f 2902 2901 2903
f 2898 2900 2897
f 2898 2897 2899
f 2894 2896 2893
f 2894 2893 2895
f 2890 2892 2889
f 2890 2889 2891
f 2728 2730 2727
f 2728 2727 2729
f 2724 2726 2723
f 2724 2723 2725
f 2720 2722 2719
f 2720 2719 2721
f 2716 2718 2715
f 2716 2715 2717
f 2712 2714 2711
f 2712 2711 2713
f 2708 2710 2707
f 2708 2707 2709
f 2704 2706 2703
f 4984 4983 2705
f 2700 2702 2699
f 2700 2699 2701
f 2696 2698 2695
f 2696 2695 2697
f 2692 2694 2691
f 2692 2691 2693
f 2688 2690 2687
f 4986 4985 2689
f 2684 2686 2683
f 2684 2683 2685
f 2668 2670 2667
f 2668 2667 2669
f 2664 2666 2663
f 2664 2663 2665
f 2660 2662 2659
f 2660 2659 2661
f 2656 2658 2655
f 2656 2655 2657
f 2652 2654 2651
f 2652 2651 2653
f 2648 2650 2647
f 2648 2647 2649
f 2644 2646 2643
f 4988 4987 2645
f 2640 2642 2639
f 2640 2639 2641
f 2636 2638 2635
f 2636 2635 2637
f 2632 2634 2631
f 2632 2631 2633
f 2628 2630 2627
f 4990 4989 2629
f 2624 2626 2623
f 2624 2623 2625
f 2588 2587 2589
f 2588 2589 2590
f 2584 2583 2585
f 2586 2584 2585
f 2580 2579 2581
f 2582 2580 2581
f 2576 2575 2577
f 2578 2576 2577
f 2506 2508 2505
f 2506 2505 2507
f 2502 2504 2501
f 2502 2501 2503
f 2498 2500 2497
f 2498 2497 2499
f 2494 2496 2493
f 2494 2493 2495
f 2490 2492 2489
f 2490 2489 2491
f 2486 2488 2485
f 2486 2485 2487
f 2482 2484 2481
f 2482 2481 2483
f 2478 2480 2477
f 2478 2477 2479
f 2474 2476 2473
f 2474 2473 2475
f 2470 2472 2469
f 2470 2469 2471
f 2466 2468 2465
f 2466 2465 2467
f 2462 2464 2461
f 2462 2461 2463
f 2458 2460 2457
f 2458 2457 2459
f 2454 2456 2453
f 2454 2453 2455
f 2450 2452 2449
f 2450 2449 2451
f 2446 2448 2445
f 2446 2445 2447
f 2442 2444 2441
f 2442 2441 2443
f 2438 2440 2437
f 2438 2437 2439
f 2434 2436 2433
f 2434 2433 2435
f 2430 2432 2429
f 2430 2429 2431
f 2426 2428 2425
f 2426 2425 2427
f 2422 2424 2421
f 2422 2421 2423
f 2418 2420 2417
f 2418 2417 2419
f 2414 2416 2413
f 2414 2413 2415
f 2322 2324 2321
f 2322 2321 2323
f 2318 2320 2317
f 2318 2317 2319
f 2314 2316 2313
f 2314 2313 2315
f 2310 2312 2309
f 2310 2309 2311
f 2306 2308 2305
f 2306 2305 2307
f 2302 2304 2301
f 2302 2301 2303
f 2298 2300 2297
f 2298 2297 2299
f 2294 2296 2293
f 2294 2293 2295
f 2290 2292 2289
f 2290 2289 2291
f 2286 2288 2285
f 2286 2285 2287
f 2282 2284 2281
f 2282 2281 2283
f 2278 2280 2277
f 2278 2277 2279
f 2274 2276 2273
f 2274 2273 2275
f 2270 2272 2269
f 2270 2269 2271
f 2266 2268 2265
f 2266 2265 2267
f 2262 2264 2261
f 2262 2261 2263
f 2258 2260 2257
f 2258 2257 2259
f 2254 2256 2253
f 2254 2253 2255
f 2250 2252 2249
f 2250 2249 2251
f 2246 2248 2245
f 2246 2245 2247
f 2242 2244 2241
f 2242 2241 2243
f 2238 2240 2237
f 2238 2237 2239
f 2234 2236 2233
f 2234 2233 2235
f 2230 2232 2229
f 2230 2229 2231
f 2151 2153 2150
f 2151 2150 2152
f 2147 2149 2146
f 2147 2146 2148
f 2143 2145 2142
f 2143 2142 2144
f 2139 2141 2138
f 2139 2138 2140
f 2135 2137 2134
f 4992 4991 2136
f 2131 2133 2130
f 2131 2130 2132
f 2127 2129 2126
f 2127 2126 2128
f 2123 2125 2122
f 2123 2122 2124
f 2119 2121 2118
f 2119 2118 2120
f 2115 2117 2114
f 2115 2114 2116
f 2111 2113 2110
f 4994 4993 2112
f 2107 2109 2106
f 2107 2106 2108
f 2103 2105 2102
f 2103 2102 2104
f 2099 2101 2098
f 2099 2098 2100
f 2095 2097 2094
f 2095 2094 2096
f 2091 2093 2090
f 2091 2090 2092
f 2087 2089 2086
f 4996 4995 2088
f 2083 2085 2082
f 2083 2082 2084
f 2079 2081 2078
f 2079 2078 2080
f 2075 2077 2074
f 2075 2074 2076
f 2071 2073 2070
f 2071 2070 2072
f 2067 2069 2066
f 2067 2066 2068
f 2063 2065 2062
f 2063 2062 2064
f 2059 2061 2058
f 2059 2058 2060
f 2055 2057 2054
f 2055 2054 2056
f 2051 2053 2050
f 2051 2050 2052
f 2047 2049 2046
f 2047 2046 2048
f 2043 2045 2042
f 2043 2042 2044
f 2039 2041 2038
f 4998 4997 2040
f 2035 2037 2034
f 2035 2034 2036
f 1931 1933 1930
f 1931 1930 1932
f 1927 1929 1926
f 1927 1926 1928
f 1923 1925 1922
f 1923 1922 1924
f 1919 1921 1918
f 1919 1918 1920
f 1915 1917 1914
f 5000 4999 1916
f 1911 1913 1910
f 1911 1910 1912
f 1907 1909 1906
f 1907 1906 1908
f 1903 1905 1902
f 1903 1902 1904
f 1899 1901 1898
f 1899 1898 1900
f 1895 1897 1894
f 1895 1894 1896
f 1891 1893 1890
f 5002 5001 1892
f 1887 1889 1886
f 1887 1886 1888
f 1883 1885 1882
f 1883 1882 1884
f 1879 1881 1878
f 1879 1878 1880
f 1875 1877 1874
f 1875 1874 1876
f 1871 1873 1870
f 1871 1870 1872
f 1867 1869 1866
f 5004 5003 1868
f 1863 1865 1862
f 1863 1862 1864
f 1859 1861 1858
f 1859 1858 1860
f 1855 1857 1854
f 1855 1854 1856
f 1851 1853 1850
f 1851 1850 1852
f 1847 1849 1846
f 1847 1846 1848
f 1843 1845 1842
f 1843 1842 1844
f 1839 1841 1838
f 1839 1838 1840
f 1835 1837 1834
f 1835 1834 1836
f 1831 1833 1830
f 1831 1830 1832
f 1827 1829 1826
f 1827 1826 1828
f 1823 1825 1822
f 1823 1822 1824
f 1819 1821 1818
f 5006 5005 1820
f 1815 1817 1814
f 1815 1814 1816
f 1668 1670 1667
f 1668 1667 1669
f 1664 1666 1663
f 1664 1663 1665
f 1660 1662 1659
f 1660 1659 1661
f 1656 1658 1655
f 1656 1655 1657
f 1652 1654 1651
f 1652 1651 1653
f 1648 1650 1647
f 1648 1647 1649
f 1644 1646 1643
f 5008 5007 1645
f 1640 1642 1639
f 1640 1639 1641
f 1636 1638 1635
f 1636 1635 1637
f 1632 1634 1631
f 1632 1631 1633
f 1628 1630 1627
f 5010 5009 1629
f 1624 1626 1623
f 1624 1623 1625
f 1608 1610 1607
f 1608 1607 1609
f 1604 1606 1603
f 1604 1603 1605
f 1600 1602 1599
f 1600 1599 1601
f 1596 1598 1595
f 1596 1595 1597
f 1592 1594 1591
f 1592 1591 1593
f 1588 1590 1587
f 1588 1587 1589
f 1584 1586 1583
f 5012 5011 1585
f 1580 1582 1579
f 1580 1579 1581
f 1576 1578 1575
f 1576 1575 1577
f 1572 1574 1571
f 1572 1571 1573
f 1568 1570 1567
f 5014 5013 1569
f 1564 1566 1563
f 1564 1563 1565
f 1528 1527 1529
f 1528 1529 1530
f 1524 1523 1525
f 1526 1524 1525
f 1520 1519 1521
f 1522 1520 1521
f 1516 1515 1517
f 1518 1516 1517
f 1065 1067 1064
f 1065 1064 1066
f 1061 1063 1060
f 1061 1060 1062
f 1057 1059 1056
f 1057 1056 1058
f 1053 1055 1052
f 1053 1052 1054
f 1049 1051 1048
f 5016 5015 1050
f 1045 1047 1044
f 1045 1044 1046
f 1041 1043 1040
f 1041 1040 1042
f 1037 1039 1036
f 1037 1036 1038
f 1033 1035 1032
f 1033 1032 1034
f 1029 1031 1028
f 1029 1028 1030
f 1025 1027 1024
f 5018 5017 1026
f 1021 1023 1020
f 1021 1020 1022
f 1017 1019 1016
f 1017 1016 1018
f 1013 1015 1012
f 1013 1012 1014
f 1009 1011 1008
f 1009 1008 1010
f 1005 1007 1004
f 1005 1004 1006
f 1001 1003 1000
f 5020 5019 1002
f 997 999 996
f 997 996 998
f 937 939 936
f 937 936 938
f 933 935 932
f 933 932 934
f 929 931 928
f 929 928 930
f 925 927 924
f 925 924 926
f 921 923 920
f 5022 5021 922
f 917 919 916
f 917 916 918
f 913 915 912
f 913 912 914
f 909 911 908
f 909 908 910
f 905 907 904
f 905 904 906
f 901 903 900
f 901 900 902
f 897 899 896
f 5024 5023 898
f 893 895 892
f 893 892 894
f 889 891 888
f 889 888 890
f 885 887 884
f 885 884 886
f 881 883 880
f 881 880 882
f 877 879 876
f 877 876 878
f 873 875 872
f 5026 5025 874
f 869 871 868
f 869 868 870
f 833 835 832
f 833 832 834
f 829 831 828
f 829 828 830
f 825 827 824
f 825 824 826
f 821 823 820
f 821 820 822
f 817 819 816
f 817 5027 818
f 813 815 812
f 813 812 814
f 809 811 808
f 809 808 810
f 805 807 804
f 805 804 806
f 801 803 800
f 801 800 802
f 797 799 796
f 797 796 798
f 793 795 792
f 5029 5028 794
f 789 791 788
f 789 788 790
f 741 743 740
f 741 740 742
f 737 739 736
f 737 736 738
f 733 735 732
f 733 732 734
f 729 731 728
f 729 728 730
f 725 727 724
f 725 5030 726
f 721 723 720
f 721 720 722
f 717 719 716
f 717 716 718
f 713 715 712
f 713 712 714
f 709 711 708
f 709 708 710
f 705 707 704
f 705 704 706
f 701 703 700
f 5032 5031 702
f 697 699 696
f 697 696 698
f 642 644 641
f 642 641 643
f 638 640 637
f 638 637 639
f 634 636 633
f 634 633 635
f 630 632 629
f 630 629 631
f 626 628 625
f 626 625 627
f 622 624 621
f 622 621 623
f 594 596 593
f 594 593 595
f 590 592 589
f 590 589 591
f 586 588 585
f 586 585 587
f 582 584 581
f 582 581 583
f 578 580 577
f 578 577 579
f 574 576 573
f 574 573 575
f 518 520 517
f 518 517 519
f 514 516 513
f 514 513 515
f 510 512 509
f 510 509 511
f 506 508 505
f 506 505 507
f 502 504 501
f 502 501 503
f 498 500 497
f 498 497 499
f 466 468 465
f 466 465 467
f 462 464 461
f 462 461 463
f 458 460 457
f 458 457 459
f 454 456 453
f 454 453 455
f 450 452 449
f 450 449 451
f 446 448 445
f 446 445 447
f 410 412 409
f 410 409 411
f 406 408 405
f 406 405 407
f 402 404 401
f 402 401 403
f 398 400 397
f 398 397 399
f 394 396 393
f 394 393 395
f 390 392 389
f 390 389 391
f 366 368 365
f 366 365 367
f 362 364 361
f 362 361 363
f 358 360 357
f 358 357 359
f 354 356 353
f 354 353 355
f 350 352 349
f 350 349 351
f 346 348 345
f 346 345 347
f 310 312 309
f 310 309 311
f 306 308 305
f 306 305 307
f 302 304 301
f 302 301 303
f 298 300 297
f 298 297 299
f 294 296 293
f 294 293 295
f 290 292 289
f 290 289 291
f 278 277 279
f 280 278 279
f 270 269 271
f 272 270 271
f 266 265 267
f 267 268 266
f 246 248 245
f 246 245 247
f 242 244 241
f 242 241 243
f 238 240 237
f 238 237 239
f 234 236 233
f 234 233 235
f 230 232 229
f 230 229 231
f 226 228 225
f 226 225 227
f 190 192 189
f 190 189 191
f 186 188 185
f 186 185 187
f 182 184 181
f 182 181 183
f 178 180 177
f 178 177 179
f 174 176 173
f 174 173 175
f 170 172 169
f 170 169 171
f 1778 1777 1779
f 1780 1777 1778
f 1780 1782 1777
f 1780 1781 1782
f 1782 1781 1783
f 1785 1782 1783
f 1783 1784 1785
f 273 274 276
f 274 273 275
f 282 281 283
f 281 284 283
f 4347 4346 4348
f 4348 4346 4349
f 4346 4350 4349
f 4350 4351 4349
f 22 21 23
f 23 21 24
f 24 21 25
f 26 24 25
f 4377 4376 4378
f 4378 4376 4379
f 4376 4380 4379
f 4380 4381 4379
f 4547 4546 4548
f 4548 4546 4549
f 4546 4550 4549
f 4550 4551 4549
f 4395 4394 4396
f 4394 4397 4396
f 4415 4414 4416
f 4414 4417 4416
f 4445 4444 4446
f 4444 4447 4446
f 4517 4516 4518
f 4518 4516 4519
f 4516 4520 4519
f 4520 4521 4519
f 486 485 487
f 488 486 487
f 3748 3745 3749
f 3751 3750 3747
f 3750 3749 3747
f 3749 3745 3747
f 3747 3745 3746
f 3745 3744 3746
f 3753 3752 3751
f 3754 3753 3751
f 3494 3493 3495
f 3495 3493 3496
f 3492 3489 3490
f 3490 3489 3491
f 2538 2537 2539
f 2539 2537 2540
f 2536 2533 2534
f 2534 2533 2535
f 2181 2178 2179
f 2179 2178 2180
f 1476 1475 1477
f 1477 1475 1478
f 1474 1471 1472
f 1472 1471 1473
f 165 166 168
f 166 165 167
f 694 693 695
f 167 694 695
f 4094 4093 4095
f 4095 4093 4097
f 4096 4095 4097
f 4098 4096 4097
f 4072 4071 4073
f 4073 4071 4074
f 4070 4067 4068
f 4068 4067 4069
f 2183 2182 2184
f 2184 2182 2185
f 3520 3518 3519
f 3518 3517 3519
f 3517 3515 3519
f 3516 3515 3517
f 1494 1492 1493
f 1492 1491 1493
f 1491 1489 1493
f 1490 1489 1491
f 3173 3172 3169
f 3172 3171 3169
f 3171 3167 3169
f 3169 3167 3168
f 3167 3166 3168
f 3170 3167 3171
f 3175 3174 3173
f 3176 3175 3173
f 3182 3181 3183
f 3184 3182 3183
f 3178 3177 3179
f 3180 3178 3179
f 2226 2225 2227
f 2228 2226 2227
f 2223 2222 2221
f 2224 2223 2221
f 2215 2214 2216
f 2217 2215 2216
f 2219 2215 2217
f 2220 2219 2217
f 2221 2220 2217
f 2218 2215 2219
f 1811 1810 1812
f 1813 1811 1812
f 1807 1806 1808
f 1809 1807 1808
f 1805 1804 1803
f 1804 1802 1803
f 1800 1803 1802
f 1797 1803 1800
f 1800 1799 1797
f 1799 1795 1797
f 1798 1795 1799
f 1802 1801 1800
f 1795 1794 1796
f 1797 1795 1796
f 1285 1284 1283
f 1286 1285 1283
f 1277 1276 1278
f 1279 1277 1278
f 1281 1277 1279
f 1282 1281 1279
f 1283 1282 1279
f 1280 1277 1281
f 386 385 387
f 387 388 386
f 286 285 287
f 288 286 287
f 58 57 59
f 60 58 59
f 4116 4115 4117
f 4118 4116 4117
f 4112 4111 4113
f 4112 4113 4114
f 4108 4107 4109
f 4110 4108 4109
f 4104 4103 4105
f 4106 4104 4105
f 4100 4099 4101
f 4102 4100 4101
f 3760 3759 3761
f 3762 3760 3761
f 3756 3755 3757
f 3758 3756 3757
f 3538 3537 3539
f 3540 3538 3539
f 3534 3533 3535
f 3534 3535 3536
f 3530 3529 3531
f 3532 3530 3531
f 3526 3525 3527
f 3528 3526 3527
f 3522 3521 3523
f 3524 3522 3523
f 3021 3020 2969
f 3022 3021 2969
f 2880 2969 2970
f 2971 2880 2970
f 2878 2877 2879
f 2880 2878 2879
f 2572 2571 2573
f 2574 2572 2573
f 2568 2567 2569
f 2568 2569 2570
f 2564 2563 2565
f 2566 2564 2565
f 2560 2559 2561
f 2562 2560 2561
f 2556 2555 2557
f 2558 2556 2557
f 1791 1790 1792
f 1793 1791 1792
f 1787 1786 1788
f 1789 1787 1788
f 1512 1511 1513
f 1514 1512 1513
f 1508 1507 1509
f 1508 1509 1510
f 1504 1503 1505
f 1506 1504 1505
f 1500 1499 1501
f 1502 1500 1501
f 1496 1495 1497
f 1498 1496 1497
f 1113 1112 1114
f 1115 1113 1114
f 1109 1108 1110
f 1111 1109 1110
f 865 864 866
f 867 865 866
f 861 860 862
f 863 861 862
f 857 856 858
f 859 857 858
f 690 689 691
f 692 690 691
f 614 613 615
f 616 614 615
f 566 565 567
f 568 566 567
f 214 216 213
f 214 213 215
f 210 212 209
f 210 209 211
f 206 208 205
f 206 205 207
f 110 109 111
f 112 110 111
f 106 108 105
f 106 105 107
f 102 104 101
f 102 101 103
f 98 100 97
f 98 97 99
f 4319 4318 4320
f 4321 4319 4320
f 4311 4313 4310
f 4311 4310 4312
f 4307 4309 4306
f 4307 4306 4308
f 4303 4305 4302
f 4303 4302 4304
f 4300 4301 4299
f 4300 4299 3905
f 3904 3906 3903
f 3904 3903 3905
f 4296 4298 4295
f 4296 4295 4297
f 4292 4294 4291
f 4292 4291 4293
f 4164 4163 4165
f 4166 4164 4165
f 4160 4162 4159
f 4160 4159 4161
f 4156 4158 4155
f 4156 4155 4157
f 4152 4154 4151
f 4152 4151 4153
f 4148 4150 4147
f 4148 4147 4149
f 4144 4146 4143
f 4144 4143 4145
f 4140 4142 4139
f 4140 4139 4141
f 3944 3943 3945
f 3946 3944 3945
f 3936 3935 3937
f 3938 3936 3937
f 3928 3930 3927
f 3928 3927 3929
f 3924 3926 3923
f 3924 3923 3925
f 3920 3922 3919
f 3920 3919 3921
f 3916 3918 3915
f 3916 3915 3917
f 3912 3914 3911
f 3912 3911 3913
f 3908 3910 3907
f 3908 3907 3909
f 3900 3902 3899
f 3900 3899 3901
f 3896 3898 3895
f 3896 3895 3897
f 3892 3894 3891
f 3892 3891 3893
f 3888 3890 3887
f 3888 3887 3889
f 3884 3886 3883
f 3884 3883 3885
f 3741 3740 3742
f 3743 3741 3742
f 3733 3735 3732
f 3733 3732 3734
f 3729 3731 3728
f 3729 3728 3730
f 3725 3727 3724
f 3725 3724 3726
f 3722 3723 3721
f 3722 3721 3327
f 3326 3328 3325
f 3326 3325 3327
f 3718 3720 3717
f 3718 3717 3719
f 3714 3716 3713
f 3714 3713 3715
f 3586 3585 3587
f 3588 3586 3587
f 3582 3584 3581
f 3582 3581 3583
f 3578 3580 3577
f 3578 3577 3579
f 3574 3576 3573
f 3574 3573 3575
f 3570 3572 3569
f 3570 3569 3571
f 3566 3568 3565
f 3566 3565 3567
f 3562 3564 3561
f 3562 3561 3563
f 3366 3365 3367
f 3368 3366 3367
f 3358 3357 3359
f 3360 3358 3359
f 3350 3352 3349
f 3350 3349 3351
f 3346 3348 3345
f 3346 3345 3347
f 3342 3344 3341
f 3342 3341 3343
f 3338 3340 3337
f 3338 3337 3339
f 3334 3336 3333
f 3334 3333 3335
f 3330 3332 3329
f 3330 3329 3331
f 3322 3324 3321
f 3322 3321 3323
f 3318 3320 3317
f 3318 3317 3319
f 3314 3316 3313
f 3314 3313 3315
f 3310 3312 3309
f 3310 3309 3311
f 3306 3308 3305
f 3306 3305 3307
f 3079 3078 3080
f 3081 3079 3080
f 3075 3077 3074
f 3075 3074 3076
f 3071 3073 3070
f 3071 3070 3072
f 3067 3069 3066
f 3067 3066 3068
f 2938 2937 2939
f 2940 2938 2939
f 2934 2936 2933
f 2934 2933 2935
f 2930 2932 2929
f 2930 2929 2931
f 2926 2928 2925
f 2926 2925 2927
f 2771 2770 2772
f 2773 2771 2772
f 2763 2765 2762
f 2763 2762 2764
f 2759 2761 2758
f 2759 2758 2760
f 2755 2757 2754
f 2755 2754 2756
f 2752 2753 2751
f 2752 2751 2371
f 2370 2372 2369
f 2370 2369 2371
f 2748 2750 2747
f 2748 2747 2749
f 2744 2746 2743
f 2744 2743 2745
f 2616 2615 2617
f 2618 2616 2617
f 2612 2614 2611
f 2612 2611 2613
f 2608 2610 2607
f 2608 2607 2609
f 2604 2606 2603
f 2604 2603 2605
f 2600 2602 2599
f 2600 2599 2601
f 2596 2598 2595
f 2596 2595 2597
f 2592 2594 2591
f 2592 2591 2593
f 2410 2409 2411
f 2412 2410 2411
f 2402 2401 2403
f 2404 2402 2403
f 2394 2396 2393
f 2394 2393 2395
f 2390 2392 2389
f 5034 5033 2391
f 2386 2388 2385
f 2386 2385 2387
f 2382 2384 2381
f 2382 2381 2383
f 2378 2380 2377
f 2378 2377 2379
f 2374 2376 2373
f 2374 2373 2375
f 2366 2368 2365
f 2366 2365 2367
f 2362 2364 2361
f 2362 2361 2363
f 2358 2360 2357
f 2358 2357 2359
f 2354 2356 2353
f 2354 2353 2355
f 2350 2352 2349
f 2350 2349 2351
f 2027 2026 2028
f 2029 2027 2028
f 2019 2018 2020
f 2021 2019 2020
f 2015 2017 2014
f 2015 2014 2016
f 2011 2013 2010
f 2011 2010 2012
f 2007 2009 2006
f 2007 2006 2008
f 2003 2005 2002
f 2003 2002 2004
f 1999 2001 1998
f 1999 1998 2000
f 1995 1997 1994
f 1995 1994 1996
f 1991 1993 1990
f 1991 1990 1992
f 1987 1989 1986
f 1987 1986 1988
f 1983 1985 1982
f 1983 1982 1984
f 1979 1981 1978
f 1979 1978 1980
f 1975 1977 1974
f 1975 1974 1976
f 1971 1973 1970
f 1971 1970 1972
f 1967 1969 1966
f 1967 1966 1968
f 1963 1965 1962
f 1963 1962 1964
f 1959 1961 1958
f 1959 1958 1960
f 1711 1710 1712
f 1713 1711 1712
f 1703 1705 1702
f 1703 1702 1704
f 1699 1701 1698
f 1699 1698 1700
f 1695 1697 1694
f 1695 1694 1696
f 1692 1693 1691
f 1692 1691 1381
f 1380 1382 1379
f 1380 1379 1381
f 1688 1690 1687
f 1688 1687 1689
f 1684 1686 1683
f 1684 1683 1685
f 1556 1555 1557
f 1558 1556 1557
f 1552 1554 1551
f 1552 1551 1553
f 1548 1550 1547
f 1548 1547 1549
f 1544 1546 1543
f 1544 1543 1545
f 1540 1542 1539
f 1540 1539 1541
f 1536 1538 1535
f 1536 1535 1537
f 1532 1534 1531
f 1532 1531 1533
f 1392 1391 1393
f 1394 1392 1393
f 1384 1383 1385
f 1386 1384 1385
f 1376 1378 1375
f 1376 1375 1377
f 1372 1374 1371
f 1372 1371 1373
f 1368 1370 1367
f 1368 1367 1369
f 1364 1366 1363
f 1364 1363 1365
f 1360 1362 1359
f 1360 1359 1361
f 1261 1260 1262
f 1263 1261 1262
f 1257 1259 1256
f 1257 1256 1258
f 1253 1255 1252
f 1253 1252 1254
f 1249 1251 1248
f 1249 1248 1250
f 1245 1247 1244
f 1245 1244 1246
f 1241 1243 1240
f 5035 1240 1242
f 1237 1239 1236
f 1237 1236 1238
f 989 988 990
f 991 989 990
f 985 987 984
f 985 984 986
f 981 983 980
f 981 980 982
f 977 979 976
f 977 976 978
f 973 975 972
f 973 972 974
f 969 971 968
f 5037 5036 970
f 965 967 964
f 965 964 966
f 961 963 960
f 961 960 962
f 957 959 956
f 957 956 958
f 953 955 952
f 953 952 954
f 781 780 782
f 783 781 782
f 777 779 776
f 777 776 778
f 773 775 772
f 5038 772 774
f 769 771 768
f 769 768 770
f 765 767 764
f 765 764 766
f 761 763 760
f 761 760 762
f 757 759 756
f 757 756 758
f 670 669 671
f 672 670 671
f 666 668 665
f 666 665 667
f 662 664 661
f 662 661 663
f 658 660 657
f 658 657 659
f 546 545 547
f 548 546 547
f 542 544 541
f 542 541 543
f 538 540 537
f 538 537 539
f 534 536 533
f 534 533 535
f 438 437 439
f 440 438 439
f 434 436 433
f 434 433 435
f 430 432 429
f 430 429 431
f 426 428 425
f 426 425 427
f 338 337 339
f 340 338 339
f 334 336 333
f 334 333 335
f 330 332 329
f 330 329 331
f 326 328 325
f 326 325 327
f 218 217 219
f 220 218 219
f 1947 1946 1948
f 1948 1946 1949
f 1949 1946 1950
f 1951 1949 1950
f 86 85 87
f 87 85 88
f 88 85 89
f 90 88 89
f 200 199 201
f 199 202 201
f 202 203 201
f 204 203 202
f 194 193 195
f 195 193 196
f 196 193 197
f 198 196 197
f 1953 1952 1954
f 1952 1955 1954
f 1955 1956 1954
f 1957 1956 1955
f 224 221 222
f 222 221 223
f 250 249 251
f 251 249 252
f 252 249 253
f 254 252 253
f 148 147 149
f 147 150 149
f 150 151 149
f 152 151 150
f 142 141 143
f 143 141 144
f 144 141 145
f 146 144 145
f 256 255 257
f 255 258 257
f 258 259 257
f 260 259 258
f 314 313 315
f 315 313 316
f 316 313 317
f 318 316 317
f 116 113 114
f 114 113 115
f 92 91 93
f 91 94 93
f 94 95 93
f 96 95 94
f 4317 4314 4315
f 4315 4314 4316
f 4286 4285 4287
f 4287 4285 4288
f 4288 4285 4289
f 4290 4288 4289
f 320 319 321
f 319 322 321
f 322 323 321
f 324 323 322
f 344 341 342
f 342 341 343
f 370 369 371
f 371 369 372
f 372 369 373
f 374 372 373
f 4280 4279 4281
f 4279 4282 4281
f 4282 4283 4281
f 4284 4283 4282
f 4226 4225 4227
f 4225 4228 4227
f 4228 4229 4227
f 4230 4229 4228
f 4220 4219 4221
f 4221 4219 4222
f 4222 4219 4223
f 4224 4222 4223
f 376 375 377
f 375 378 377
f 378 379 377
f 380 379 378
f 414 413 415
f 415 413 416
f 416 413 417
f 418 416 417
f 4170 4167 4168
f 4168 4167 4169
f 4062 4061 4063
f 4063 4061 4064
f 4064 4061 4065
f 4066 4064 4065
f 420 419 421
f 419 422 421
f 422 423 421
f 424 423 422
f 444 441 442
f 442 441 443
f 470 469 471
f 471 469 472
f 472 469 473
f 474 472 473
f 4056 4055 4057
f 4055 4058 4057
f 4058 4059 4057
f 4060 4059 4058
f 4050 4049 4051
f 4051 4049 4052
f 4052 4049 4053
f 4054 4052 4053
f 476 475 477
f 475 478 477
f 478 479 477
f 480 479 478
f 522 521 523
f 523 521 524
f 524 521 525
f 526 524 525
f 4044 4043 4045
f 4043 4046 4045
f 4046 4047 4045
f 4048 4047 4046
f 3942 3939 3940
f 3940 3939 3941
f 3934 3931 3932
f 3932 3931 3933
f 3878 3877 3879
f 3879 3877 3880
f 3880 3877 3881
f 3882 3880 3881
f 528 527 529
f 527 530 529
f 530 531 529
f 532 531 530
f 552 549 550
f 550 549 551
f 598 597 599
f 599 597 600
f 600 597 601
f 602 600 601
f 3872 3871 3873
f 3871 3874 3873
f 3874 3875 3873
f 3876 3875 3874
f 3866 3865 3867
f 3867 3865 3868
f 3868 3865 3869
f 3870 3868 3869
f 604 603 605
f 603 606 605
f 606 607 605
f 608 607 606
f 646 645 647
f 647 645 648
f 648 645 649
f 650 648 649
f 3860 3859 3861
f 3859 3862 3861
f 3862 3863 3861
f 3864 3863 3862
f 3739 3736 3737
f 3737 3736 3738
f 3708 3707 3709
f 3709 3707 3710
f 3710 3707 3711
f 3712 3710 3711
f 652 651 653
f 651 654 653
f 654 655 653
f 656 655 654
f 676 673 674
f 674 673 675
f 745 744 746
f 746 744 747
f 747 744 748
f 749 747 748
f 3702 3701 3703
f 3701 3704 3703
f 3704 3705 3703
f 3706 3705 3704
f 3648 3647 3649
f 3647 3650 3649
f 3650 3651 3649
f 3652 3651 3650
f 3642 3641 3643
f 3643 3641 3644
f 3644 3641 3645
f 3646 3644 3645
f 751 750 752
f 750 753 752
f 753 754 752
f 755 754 753
f 787 784 785
f 785 784 786
f 837 836 838
f 838 836 839
f 839 836 840
f 841 839 840
f 3592 3589 3590
f 3590 3589 3591
f 3484 3483 3485
f 3485 3483 3486
f 3486 3483 3487
f 3488 3486 3487
f 843 842 844
f 842 845 844
f 845 846 844
f 847 846 845
f 941 940 942
f 942 940 943
f 943 940 944
f 945 943 944
f 3478 3477 3479
f 3477 3480 3479
f 3480 3481 3479
f 3482 3481 3480
f 3472 3471 3473
f 3473 3471 3474
f 3474 3471 3475
f 3476 3474 3475
f 947 946 948
f 946 949 948
f 949 950 948
f 951 950 949
f 995 992 993
f 993 992 994
f 1069 1068 1070
f 1070 1068 1071
f 1071 1068 1072
f 1073 1071 1072
f 3466 3465 3467
f 3465 3468 3467
f 3468 3469 3467
f 3470 3469 3468
f 3364 3361 3362
f 3362 3361 3363
f 3356 3353 3354
f 3354 3353 3355
f 3300 3299 3301
f 3301 3299 3302
f 3302 3299 3303
f 3304 3302 3303
f 1075 1074 1076
f 1074 1077 1076
f 1077 1078 1076
f 1079 1078 1077
f 1165 1164 1166
f 1166 1164 1167
f 1167 1164 1168
f 1169 1167 1168
f 3294 3293 3295
f 3293 3296 3295
f 3296 3297 3295
f 3298 3297 3296
f 3288 3287 3289
f 3289 3287 3290
f 3290 3287 3291
f 3292 3290 3291
f 1171 1170 1172
f 1170 1173 1172
f 1173 1174 1172
f 1175 1174 1173
f 1225 1224 1226
f 1226 1224 1227
f 1227 1224 1228
f 1229 1227 1228
f 3282 3281 3283
f 3281 3284 3283
f 3284 3285 3283
f 3286 3285 3284
f 3085 3082 3083
f 3083 3082 3084
f 3061 3060 3062
f 3060 3063 3062
f 3063 3064 3062
f 3065 3064 3063
f 3055 3054 3056
f 3056 3054 3057
f 3057 3054 3058
f 3059 3057 3058
f 1231 1230 1232
f 1230 1233 1232
f 1233 1234 1232
f 1235 1234 1233
f 1267 1264 1265
f 1265 1264 1266
f 1336 1335 1337
f 1337 1335 1338
f 1338 1335 1339
f 1340 1338 1339
f 3011 3010 3012
f 3010 3013 3012
f 3013 3014 3012
f 3015 3014 3013
f 3005 3004 3006
f 3006 3004 3007
f 3007 3004 3008
f 3009 3007 3008
f 1342 1341 1343
f 1341 1344 1343
f 1344 1345 1343
f 1346 1345 1344
f 1348 1347 1349
f 1349 1347 1350
f 1350 1347 1351
f 1352 1350 1351
f 2944 2941 2942
f 2942 2941 2943
f 2920 2919 2921
f 2919 2922 2921
f 2922 2923 2921
f 2924 2923 2922
f 2914 2913 2915
f 2915 2913 2916
f 2916 2913 2917
f 2918 2916 2917
f 1354 1353 1355
f 1353 1356 1355
f 1356 1357 1355
f 1358 1357 1356
f 1390 1387 1388
f 1388 1387 1389
f 1398 1395 1396
f 1396 1395 1397
f 1448 1447 1449
f 1449 1447 1450
f 1450 1447 1451
f 1452 1450 1451
f 2769 2766 2767
f 2767 2766 2768
f 2738 2737 2739
f 2739 2737 2740
f 2740 2737 2741
f 2742 2740 2741
f 1454 1453 1455
f 1453 1456 1455
f 1456 1457 1455
f 1458 1457 1456
f 1460 1459 1461
f 1461 1459 1462
f 1462 1459 1463
f 1464 1462 1463
f 2732 2731 2733
f 2731 2734 2733
f 2734 2735 2733
f 2736 2735 2734
f 2678 2677 2679
f 2677 2680 2679
f 2680 2681 2679
f 2682 2681 2680
f 2672 2671 2673
f 2673 2671 2674
f 2674 2671 2675
f 2676 2674 2675
f 1466 1465 1467
f 1465 1468 1467
f 1468 1469 1467
f 1470 1469 1468
f 1562 1559 1560
f 1560 1559 1561
f 1612 1611 1613
f 1613 1611 1614
f 1614 1611 1615
f 1616 1614 1615
f 2622 2619 2620
f 2620 2619 2621
f 2528 2527 2529
f 2529 2527 2530
f 2530 2527 2531
f 2532 2530 2531
f 1618 1617 1619
f 1617 1620 1619
f 1620 1621 1619
f 1622 1621 1620
f 1672 1671 1673
f 1671 1674 1673
f 1674 1675 1673
f 1676 1675 1674
f 1678 1677 1679
f 1679 1677 1680
f 1680 1677 1681
f 1682 1680 1681
f 2522 2521 2523
f 2521 2524 2523
f 2524 2525 2523
f 2526 2525 2524
f 2516 2515 2517
f 2517 2515 2518
f 2518 2515 2519
f 2520 2518 2519
f 1709 1706 1707
f 1707 1706 1708
f 1935 1934 1936
f 1936 1934 1937
f 1937 1934 1938
f 1939 1937 1938
f 2510 2509 2511
f 2509 2512 2511
f 2512 2513 2511
f 2514 2513 2512
f 2408 2405 2406
f 2406 2405 2407
f 2400 2397 2398
f 2398 2397 2399
f 2344 2343 2345
f 2345 2343 2346
f 2346 2343 2347
f 2348 2346 2347
f 1941 1940 1942
f 1940 1943 1942
f 1943 1944 1942
f 1945 1944 1943
f 2025 2022 2023
f 2023 2022 2024
f 2033 2030 2031
f 2031 2030 2032
f 2155 2154 2156
f 2156 2154 2157
f 2157 2154 2158
f 2159 2157 2158
f 2338 2337 2339
f 2337 2340 2339
f 2340 2341 2339
f 2342 2341 2340
f 2332 2331 2333
f 2333 2331 2334
f 2334 2331 2335
f 2336 2334 2335
f 2161 2160 2162
f 2160 2163 2162
f 2163 2164 2162
f 2165 2164 2163
f 2167 2166 2168
f 2168 2166 2169
f 2169 2166 2170
f 2171 2169 2170
f 2326 2325 2327
f 2325 2328 2327
f 2328 2329 2327
f 2330 2329 2328
f 2173 2172 2174
f 2172 2175 2174
f 2175 2176 2174
f 2177 2176 2175
f 382 381 383
f 384 382 383
f 262 261 263
f 263 264 262
f 154 153 155
f 156 154 155
f 4090 4089 4091
f 4092 4090 4091
f 4086 4085 4087
f 4088 4086 4087
f 4082 4081 4083
f 4084 4082 4083
f 4076 4075 4077
f 4078 4076 4077
f 4079 4076 4078
f 4080 4079 4078
f 481 482 484
f 482 481 483
f 2203 2202 2197
f 2202 2195 2197
f 2197 2195 2196
f 2195 2194 2196
f 1484 1483 1482
f 1483 1480 1482
f 1482 1480 1481
f 1480 1479 1481
f 2205 2204 2199
f 2204 2198 2199
f 2199 2198 2200
f 2198 2201 2200
f 2542 2541 2543
f 2544 2542 2543
f 2545 2542 2544
f 2546 2545 2544
f 3512 3511 3513
f 3514 3512 3513
f 3508 3507 3509
f 3510 3508 3509
f 3504 3503 3505
f 3506 3504 3505
f 3498 3497 3499
f 3500 3498 3499
f 3501 3498 3500
f 3502 3501 3500
f 554 553 555
f 556 554 555
f 558 557 559
f 560 558 559
f 678 677 679
f 680 678 679
f 682 681 683
f 684 682 683
f 849 848 850
f 851 849 850
f 853 852 854
f 855 853 854
f 1081 1080 1082
f 1083 1081 1082
f 1085 1084 1086
f 1087 1085 1086
f 1089 1088 1090
f 1091 1089 1090
f 1269 1268 1270
f 1271 1269 1270
f 1273 1272 1274
f 1275 1273 1274
f 1486 1485 1487
f 1488 1486 1487
f 2187 2186 2188
f 2189 2187 2188
f 2191 2190 2192
f 2193 2191 2192
f 2207 2206 2208
f 2209 2207 2208
f 2211 2210 2212
f 2213 2211 2212
f 2548 2547 2549
f 2550 2548 2549
f 2552 2551 2553
f 2554 2552 2553
f 2946 2945 2947
f 2948 2946 2947
f 2950 2949 2951
f 2952 2950 2951
f 2954 2953 2955
f 2956 2954 2955
f 2958 2957 2959
f 2960 2958 2959
f 3087 3086 3088
f 3089 3087 3088
f 3091 3090 3092
f 3093 3091 3092
f 3095 3094 3096
f 3097 3095 3096
f 3099 3098 3100
f 3101 3099 3100
f 562 561 563
f 564 562 563
f 494 493 495
f 496 494 495
f 490 489 491
f 492 490 491
f 4937 4939 4936
f 4937 4936 4938
f 4933 4932 4934
f 4935 4933 4934
f 4929 4928 4930
f 4931 4929 4930
f 4485 4484 4486
f 4487 4485 4486
f 4481 4480 4482
f 4483 4481 4482
f 4477 4476 4478
f 4479 4477 4478
f 4473 4472 4474
f 4475 4473 4474
f 3103 3102 3104
f 3105 3103 3104
f 3028 3027 3029
f 2977 3028 3029
f 2977 2976 2978
f 2979 2977 2978
f 3024 3023 3025
f 3026 3024 3025
f 3017 3016 3018
f 3019 3017 3018
f 2973 2972 2974
f 2975 2973 2974
f 2966 2965 2967
f 2968 2966 2967
f 2962 2961 2963
f 2962 2963 2964
f 2886 2885 2887
f 2888 2886 2887
f 2882 2881 2883
f 2884 2882 2883
f 2874 2873 2875
f 2876 2874 2875
f 2846 2845 2847
f 2848 2846 2847
f 2842 2841 2843
f 2844 2842 2843
f 2838 2837 2839
f 2840 2838 2839
f 2834 2833 2835
f 2836 2834 2835
f 2830 2829 2831
f 2832 2830 2831
f 2826 2825 2827
f 2828 2826 2827
f 2822 2821 2823
f 2824 2822 2823
f 2818 2817 2819
f 2820 2818 2819
f 2814 2813 2815
f 2816 2814 2815
f 2810 2809 2811
f 2812 2810 2811
f 2806 2805 2807
f 2808 2806 2807
f 2787 2786 2788
f 2789 2787 2788
f 2783 2782 2784
f 2785 2783 2784
f 2779 2778 2780
f 2781 2779 2780
f 2775 2774 2776
f 2777 2775 2776
f 1774 1773 1775
f 1776 1774 1775
f 686 685 687
f 688 686 687
f 618 617 619
f 620 618 619
f 610 609 611
f 612 610 611
f 570 569 571
f 572 570 571
f 2791 2790 2792
f 2793 2790 2791
f 2793 2795 2790
f 2793 2794 2795
f 2795 2794 2796
f 4489 4488 4490
f 4488 4491 4490
f 2804 2803 2802
f 2803 2801 2802
f 2802 2801 2800
f 2801 2798 2800
f 2800 2798 2799
f 2798 2797 2799
f 1731 1730 1732
f 1732 1730 1733
f 1721 1719 1725
f 1723 1720 1724
f 1720 1721 1724
f 1721 1720 1719
f 1719 1720 1718
f 1718 1716 1719
f 1717 1716 1718
f 1717 1715 1716
f 1715 1714 1716
f 1720 1722 1718
f 1759 1758 1760
f 1761 1759 1760
f 1763 1762 1764
f 1764 1762 1765
f 1762 1771 1765
f 1771 1769 1765
f 1770 1769 1771
f 1770 1771 1772
f 1772 1771 1767
f 1768 1772 1767
f 1767 1766 1768
f 1768 1766 1769
f 1769 1766 1765
f 1727 1726 1728
f 1728 1726 1729
f 1755 1754 1756
f 1756 1754 1757
f 1751 1750 1752
f 1752 1750 1753
f 1747 1746 1748
f 1748 1746 1749
f 1743 1742 1744
f 1744 1742 1745
f 1739 1738 1740
f 1740 1738 1741
f 1735 1734 1736
f 1736 1734 1737
f 2850 2849 2851
f 2852 2850 2851
f 4461 4460 4462
f 4463 4461 4462
f 4457 4456 4458
f 4459 4457 4458
f 4453 4452 4454
f 4455 4453 4454
f 4449 4448 4450
f 4451 4449 4450
f 2862 2861 2863
f 2864 2862 2863
f 2858 2857 2859
f 2860 2858 2859
f 2854 2853 2855
f 2856 2854 2855
f 2866 2868 2865
f 2866 2865 2867
f 4953 4955 4952
f 4953 4952 4954
f 4949 4948 4950
f 4951 4949 4950
f 4945 4944 4946
f 4947 4945 4946
f 4921 4923 4920
f 4921 4920 4922
f 4917 4916 4918
f 4919 4917 4918
f 4913 4912 4914
f 4915 4913 4914
f 4465 4467 4464
f 4465 4464 4466
f 2870 2869 2871
f 2869 2872 2871
f 4469 4468 4470
f 4468 4471 4470
f 4925 4924 4926
f 4924 4927 4926
f 4941 4940 4942
f 4940 4943 4942
f 4957 4956 4958
f 4956 4959 4958
f 3107 3106 3108
f 3109 3107 3108
f 4543 4542 4544
f 4545 4543 4544
f 4527 4526 4528
f 4529 4527 4528
f 4523 4522 4524
f 4525 4523 4524
f 4513 4512 4514
f 4515 4513 4514
f 4497 4496 4498
f 4499 4497 4498
f 4493 4492 4494
f 4495 4493 4494
f 4373 4372 4374
f 4375 4373 4374
f 4357 4356 4358
f 4359 4357 4358
f 4353 4352 4354
f 4355 4353 4354
f 4343 4342 4344
f 4345 4343 4344
f 4327 4326 4328
f 4329 4327 4328
f 4323 4322 4324
f 4325 4323 4324
f 3157 3156 3158
f 3159 3157 3158
f 3141 3140 3142
f 3143 3141 3142
f 3137 3136 3138
f 3139 3137 3138
f 3127 3126 3128
f 3129 3127 3128
f 3111 3110 3112
f 3113 3111 3112
f 3115 3114 3116
f 3117 3115 3116
f 3153 3152 3154
f 3155 3153 3154
f 3149 3148 3150
f 3151 3149 3150
f 3145 3144 3146
f 3147 3145 3146
f 3123 3122 3124
f 3125 3123 3124
f 3119 3118 3120
f 3121 3119 3120
f 3131 3130 3132
f 3132 3130 3133
f 3130 3134 3133
f 3134 3135 3133
f 3161 3160 3162
f 3162 3160 3163
f 3160 3164 3163
f 3164 3165 3163
f 4553 4552 4554
f 4555 4553 4554
f 4565 4564 4566
f 4567 4565 4566
f 4561 4560 4562
f 4563 4561 4562
f 4557 4556 4558
f 4559 4557 4558
f 4909 4908 4910
f 4911 4909 4910
f 4905 4904 4906
f 4905 4906 4907
f 4901 4900 4902
f 4903 4901 4902
f 4897 4896 4898
f 4899 4897 4898
f 4893 4892 4894
f 4895 4893 4894
f 4889 4888 4890
f 4891 4889 4890
f 4885 4884 4886
f 4887 4885 4886
f 4881 4880 4882
f 4881 4882 4883
f 4877 4876 4878
f 4879 4877 4878
f 4873 4872 4874
f 4875 4873 4874
f 4869 4868 4870
f 4871 4869 4870
f 4865 4864 4866
f 4867 4865 4866
f 4861 4860 4862
f 4863 4861 4862
f 4857 4856 4858
f 4857 4858 4859
f 4853 4852 4854
f 4855 4853 4854
f 4849 4848 4850
f 4851 4849 4850
f 4845 4844 4846
f 4847 4845 4846
f 4841 4840 4842
f 4843 4841 4842
f 4837 4836 4838
f 4839 4837 4838
f 4833 4832 4834
f 4833 4834 4835
f 4829 4828 4830
f 4831 4829 4830
f 4825 4824 4826
f 4827 4825 4826
f 4821 4820 4822
f 4823 4821 4822
f 4817 4816 4818
f 4819 4817 4818
f 4813 4812 4814
f 4815 4813 4814
f 4809 4808 4810
f 4809 4810 4811
f 4805 4804 4806
f 4807 4805 4806
f 4801 4800 4802
f 4803 4801 4802
f 4797 4796 4798
f 4799 4797 4798
f 4793 4792 4794
f 4795 4793 4794
f 4789 4788 4790
f 4791 4789 4790
f 4785 4784 4786
f 4785 4786 4787
f 4781 4780 4782
f 4783 4781 4782
f 4777 4776 4778
f 4779 4777 4778
f 4773 4772 4774
f 4775 4773 4774
f 4769 4768 4770
f 4771 4769 4770
f 4765 4764 4766
f 4767 4765 4766
f 4761 4760 4762
f 4761 4762 4763
f 4757 4756 4758
f 4759 4757 4758
f 4753 4752 4754
f 4755 4753 4754
f 4749 4748 4750
f 4751 4749 4750
f 4745 4744 4746
f 4747 4745 4746
f 4741 4740 4742
f 4743 4741 4742
f 4737 4736 4738
f 4737 4738 4739
f 4733 4732 4734
f 4735 4733 4734
f 4729 4728 4730
f 4731 4729 4730
f 4725 4724 4726
f 4727 4725 4726
f 4721 4720 4722
f 4723 4721 4722
f 4717 4716 4718
f 4719 4717 4718
f 4713 4712 4714
f 4713 4714 4715
f 4709 4708 4710
f 4711 4709 4710
f 4705 4704 4706
f 4707 4705 4706
f 4701 4700 4702
f 4703 4701 4702
f 4697 4696 4698
f 4699 4697 4698
f 4693 4692 4694
f 4695 4693 4694
f 4689 4688 4690
f 4689 4690 4691
f 4685 4684 4686
f 4687 4685 4686
f 4681 4680 4682
f 4683 4681 4682
f 4677 4676 4678
f 4679 4677 4678
f 4673 4672 4674
f 4675 4673 4674
f 4669 4668 4670
f 4671 4669 4670
f 4665 4664 4666
f 4665 4666 4667
f 4661 4660 4662
f 4663 4661 4662
f 4657 4656 4658
f 4659 4657 4658
f 4653 4652 4654
f 4655 4653 4654
f 4649 4648 4650
f 4651 4649 4650
f 4645 4644 4646
f 4647 4645 4646
f 4641 4640 4642
f 4641 4642 4643
f 4637 4636 4638
f 4639 4637 4638
f 4633 4632 4634
f 4635 4633 4634
f 4629 4628 4630
f 4631 4629 4630
f 4625 4624 4626
f 4627 4625 4626
f 4621 4620 4622
f 4623 4621 4622
f 4617 4616 4618
f 4617 4618 4619
f 4613 4612 4614
f 4615 4613 4614
f 4609 4608 4610
f 4611 4609 4610
f 4605 4604 4606
f 4607 4605 4606
f 4601 4600 4602
f 4603 4601 4602
f 4597 4596 4598
f 4599 4597 4598
f 4593 4592 4594
f 4593 4594 4595
f 4589 4588 4590
f 4591 4589 4590
f 4585 4584 4586
f 4587 4585 4586
f 4581 4580 4582
f 4583 4581 4582
f 4577 4576 4578
f 4579 4577 4578
f 4573 4572 4574
f 4575 4573 4574
f 4569 4568 4570
f 4569 4570 4571
