# from AsylumDistrict_CentralSection_Generic_0036_LOD_0.pskx
v -2455.950927734375 -264.09149169921875 1.675754538155161e-05
v -2379.315185546875 -264.09149169921875 2.0107396267121658e-05
v -2455.950927734375 -264.09149169921875 20.000017166137695
v -2379.315185546875 -264.09149169921875 20.00002098083496
v -2379.315185546875 -264.09149169921875 2.0107396267121658e-05
v -2379.315185546875 -124.08908081054688 7.86799682828132e-06
v -2379.315185546875 -264.09149169921875 20.00002098083496
v -2379.315185546875 -124.08908081054688 20.000009536743164
v -2379.315185546875 -124.08908081054688 7.86799682828132e-06
v -2455.950927734375 -124.0890884399414 4.518145942711271e-06
v -2379.315185546875 -124.08908081054688 20.000009536743164
v -2455.950927734375 -124.08908081054688 20.000003814697266
v -2455.950927734375 -254.087890625 20.000015258789062
v -2455.950927734375 -264.09149169921875 20.000017166137695
v -2379.315185546875 -264.09149169921875 20.00002098083496
v -2379.315185546875 -124.08908081054688 20.000009536743164
v -2455.950927734375 -124.08908081054688 20.000003814697266
v -2389.31884765625 -134.0865936279297 20.00000762939453
v -2389.31884765625 -254.087890625 20.000019073486328
v -2455.950927734375 -134.0865936279297 20.0000057220459
v -2455.950927734375 -254.087890625 20.000015258789062
v -2389.31884765625 -254.087890625 20.000019073486328
v -2455.950927734375 -254.087890625 40.00001525878906
v -2389.31884765625 -254.087890625 40.00001525878906
v -2389.31884765625 -254.087890625 20.000019073486328
v -2389.31884765625 -134.0865936279297 20.00000762939453
v -2389.31884765625 -254.087890625 40.00001525878906
v -2389.31884765625 -134.0865936279297 40.00000762939453
v -2389.31884765625 -134.0865936279297 20.00000762939453
v -2455.950927734375 -134.0865936279297 20.0000057220459
v -2389.31884765625 -134.0865936279297 40.00000762939453
v -2455.950927734375 -134.0865936279297 40.00000762939453
v -2455.950927734375 -134.0865936279297 40.00000762939453
v -2455.950927734375 -144.09030151367188 40.00000762939453
v -2399.31640625 -144.0902862548828 40.00000762939453
v -2399.31640625 -244.09030151367188 40.00001525878906
v -2455.950927734375 -244.09030151367188 40.00001525878906
v -2389.31884765625 -254.087890625 40.00001525878906
v -2389.31884765625 -134.0865936279297 40.00000762939453
v -2455.950927734375 -254.087890625 40.00001525878906
v -2455.950927734375 -244.09030151367188 40.00001525878906
v -2399.31640625 -244.09030151367188 40.00001525878906
v -2455.950927734375 -244.0902557373047 440.0000305175781
v -2399.31640625 -244.09024047851562 440.0
v -2399.31640625 -244.09030151367188 40.00001525878906
v -2399.31640625 -144.0902862548828 40.00000762939453
v -2399.31640625 -244.09024047851562 440.0
v -2399.31640625 -144.0902557373047 440.0
v -2399.31640625 -144.0902862548828 40.00000762939453
v -2455.950927734375 -144.09030151367188 40.00000762939453
v -2399.31640625 -144.0902557373047 440.0
v -2455.950927734375 -144.0902557373047 440.0000305175781
v -2455.950927734375 -134.08656311035156 440.0000305175781
v -2399.31640625 -144.0902557373047 440.0
v -2455.950927734375 -144.0902557373047 440.0000305175781
v -2399.31640625 -244.09024047851562 440.0
v -2389.31884765625 -254.08786010742188 440.0
v -2455.950927734375 -244.0902557373047 440.0000305175781
v -2389.31884765625 -134.0865478515625 440.0
v -2455.950927734375 -254.08786010742188 440.0000305175781
v -2455.950927734375 -254.08786010742188 440.0000305175781
v -2389.31884765625 -254.08786010742188 440.0
v -2455.950927734375 -254.08786010742188 460.0000305175781
v -2389.31884765625 -254.08786010742188 460.0
v -2389.31884765625 -254.08786010742188 440.0
v -2389.31884765625 -134.0865478515625 440.0
v -2389.31884765625 -254.08786010742188 460.0
v -2389.31884765625 -134.0865478515625 460.0
v -2389.31884765625 -134.0865478515625 440.0
v -2455.950927734375 -134.08656311035156 440.0000305175781
v -2389.31884765625 -134.0865478515625 460.0
v -2455.950927734375 -134.08656311035156 460.0000305175781
v -2455.950927734375 -254.08786010742188 460.0000305175781
v -2379.315185546875 -264.0914306640625 460.0
v -2455.950927734375 -264.0914611816406 460.0000305175781
v -2379.315185546875 -124.08904266357422 460.0
v -2389.31884765625 -134.0865478515625 460.0
v -2455.950927734375 -124.08904266357422 460.0000305175781
v -2389.31884765625 -254.08786010742188 460.0
v -2455.950927734375 -134.08656311035156 460.0000305175781
v -2455.950927734375 -264.0914611816406 460.0000305175781
v -2379.315185546875 -264.0914306640625 460.0
v -2455.950927734375 -264.0914306640625 480.0
v -2379.315185546875 -264.0914306640625 479.9999694824219
v -2379.315185546875 -264.0914306640625 460.0
v -2379.315185546875 -124.08904266357422 460.0
v -2379.315185546875 -264.0914306640625 479.9999694824219
v -2379.315185546875 -124.08904266357422 479.9999694824219
v -2379.315185546875 -124.08904266357422 460.0
v -2455.950927734375 -124.08904266357422 460.0000305175781
v -2379.315185546875 -124.08904266357422 479.9999694824219
v -2455.950927734375 -124.08904266357422 480.0
v -2455.950927734375 355.9097595214844 479.99993896484375
v -2379.315185546875 -124.08904266357422 479.9999694824219
v -2455.950927734375 -124.08904266357422 480.0
v -2379.315185546875 -264.0914306640625 479.9999694824219
v 2454.046875 -394.09002685546875 480.0002136230469
v -2455.950927734375 -264.0914306640625 480.0
v 2474.0478515625 355.90997314453125 480.0001220703125
v -2455.950927734375 -394.0902099609375 480.0
v -2455.950927734375 -394.09027099609375 480.0
v 2454.046875 -394.09002685546875 480.0002136230469
v -2455.950927734375 -394.09027099609375 499.9999694824219
v 2454.046875 -394.09002685546875 500.00018310546875
v -2455.950927734375 -374.08905029296875 499.9999694824219
v -2455.950927734375 -394.09027099609375 499.9999694824219
v 2454.046875 -394.09002685546875 500.00018310546875
v 2454.046875 -374.08880615234375 500.00018310546875
v -2455.950927734375 -374.08905029296875 499.9999694824219
v 2454.046875 -374.08880615234375 500.00018310546875
v -2455.950927734375 -374.0890197753906 599.9999389648438
v 2454.046875 -374.08880615234375 600.0001831054688
v -2455.950927734375 -374.0890197753906 599.9999389648438
v 2454.046875 -394.09002685546875 600.0001831054688
v -2455.950927734375 -394.0902404785156 599.9999389648438
v 2454.046875 -374.08880615234375 600.0001831054688
v -2455.950927734375 -394.0902404785156 599.9999389648438
v 2454.046875 -394.09002685546875 600.0001831054688
v -2455.950927734375 -394.0902404785156 619.9999389648438
v 2454.046875 -394.09002685546875 620.0001831054688
v -2455.950927734375 355.9097595214844 619.9999389648438
v -2455.950927734375 -394.0902404785156 619.9999389648438
v -2445.953369140625 -394.0902404785156 620.0
v -2445.953369140625 355.9097595214844 619.9999389648438
v -2445.953369140625 -394.0902404785156 620.0
v 2454.046875 -394.09002685546875 620.0001831054688
v -2445.953369140625 246.04318237304688 1020.0
v 2471.11767578125 246.04330444335938 1020.0001220703125
v -2445.953369140625 355.9097900390625 1019.9998779296875
v -2445.953369140625 246.04318237304688 1019.9998779296875
v 2471.11767578125 246.04330444335938 1020.0001220703125
v 2474.0478515625 355.9100036621094 1020.0001220703125
v -1819.317626953125 -264.0914611816406 4.4585678551811725e-05
v -1679.315185546875 -264.0914611816406 5.070537008577958e-05
v -1819.317626953125 -264.0914611816406 20.000043869018555
v -1679.315185546875 -264.0914611816406 20.000051498413086
v -1679.315185546875 -264.0914611816406 5.070537008577958e-05
v -1679.315185546875 -124.08905029296875 3.846597974188626e-05
v -1679.315185546875 -264.0914611816406 20.000051498413086
v -1679.315185546875 -124.08905029296875 20.00004005432129
v -1679.315185546875 -124.08905029296875 3.846597974188626e-05
v -1819.317626953125 -124.08905792236328 3.234628093196079e-05
v -1679.315185546875 -124.08905029296875 20.00004005432129
v -1819.317626953125 -124.08905792236328 20.000032424926758
v -1819.317626953125 -124.08905792236328 3.234628093196079e-05
v -1819.317626953125 -264.0914611816406 4.4585678551811725e-05
v -1819.317626953125 -124.08905792236328 20.000032424926758
v -1819.317626953125 -264.0914611816406 20.000043869018555
v -1819.317626953125 -264.0914611816406 20.000043869018555
v -1679.315185546875 -264.0914611816406 20.000051498413086
v -1809.31396484375 -254.08786010742188 20.000045776367188
v -1809.31396484375 -134.08656311035156 20.00003433227539
v -1689.31884765625 -134.08656311035156 20.000038146972656
v -1819.317626953125 -124.08905792236328 20.000032424926758
v -1679.315185546875 -124.08905029296875 20.00004005432129
v -1689.31884765625 -254.08786010742188 20.000049591064453
v -1809.31396484375 -134.08656311035156 20.00003433227539
v -1809.31396484375 -254.08786010742188 20.000045776367188
v -1809.31396484375 -134.08656311035156 40.00003433227539
v -1809.31396484375 -254.08786010742188 40.00004196166992
v -1809.31396484375 -254.08786010742188 20.000045776367188
v -1689.31884765625 -254.08786010742188 20.000049591064453
v -1809.31396484375 -254.08786010742188 40.00004196166992
v -1689.31884765625 -254.08786010742188 40.00004959106445
v -1689.31884765625 -254.08786010742188 20.000049591064453
v -1689.31884765625 -134.08656311035156 20.000038146972656
v -1689.31884765625 -254.08786010742188 40.00004959106445
v -1689.31884765625 -134.08656311035156 40.000038146972656
v -1689.31884765625 -134.08656311035156 20.000038146972656
v -1809.31396484375 -134.08656311035156 20.00003433227539
v -1689.31884765625 -134.08656311035156 40.000038146972656
v -1809.31396484375 -134.08656311035156 40.00003433227539
v -1809.31396484375 -254.08786010742188 40.00004196166992
v -1689.31884765625 -254.08786010742188 40.00004959106445
v -1799.31640625 -244.09027099609375 40.00004577636719
v -1799.31640625 -144.09027099609375 40.000038146972656
v -1699.31640625 -144.0902557373047 40.000038146972656
v -1809.31396484375 -134.08656311035156 40.00003433227539
v -1689.31884765625 -134.08656311035156 40.000038146972656
v -1699.31640625 -244.09027099609375 40.00004577636719
v -1799.31640625 -144.09027099609375 40.000038146972656
v -1799.31640625 -244.09027099609375 40.00004577636719
v -1799.31640625 -144.09022521972656 440.0000305175781
v -1799.31640625 -244.09022521972656 440.00006103515625
v -1799.31640625 -244.09027099609375 40.00004577636719
v -1699.31640625 -244.09027099609375 40.00004577636719
v -1799.31640625 -244.09022521972656 440.00006103515625
v -1699.31640625 -244.0902099609375 440.0000305175781
v -1699.31640625 -244.09027099609375 40.00004577636719
v -1699.31640625 -144.0902557373047 40.000038146972656
v -1699.31640625 -244.0902099609375 440.0000305175781
v -1699.31640625 -144.09022521972656 440.0000305175781
v -1699.31640625 -144.0902557373047 40.000038146972656
v -1799.31640625 -144.09027099609375 40.000038146972656
v -1699.31640625 -144.09022521972656 440.0000305175781
v -1799.31640625 -144.09022521972656 440.0000305175781
v -1809.31396484375 -254.08782958984375 440.00006103515625
v -1799.31640625 -244.09022521972656 440.00006103515625
v -1689.31884765625 -254.08782958984375 440.0000305175781
v -1799.31640625 -144.09022521972656 440.0000305175781
v -1809.31396484375 -134.08653259277344 440.0000305175781
v -1699.31640625 -144.09022521972656 440.0000305175781
v -1689.31884765625 -134.08651733398438 440.0000305175781
v -1699.31640625 -244.0902099609375 440.0000305175781
v -1809.31396484375 -134.08653259277344 440.0000305175781
v -1809.31396484375 -254.08782958984375 440.00006103515625
v -1809.31396484375 -134.08653259277344 460.0000305175781
v -1809.31396484375 -254.08782958984375 460.00006103515625
v -1809.31396484375 -254.08782958984375 440.00006103515625
v -1689.31884765625 -254.08782958984375 440.0000305175781
v -1809.31396484375 -254.08782958984375 460.00006103515625
v -1689.31884765625 -254.08782958984375 460.0000305175781
v -1689.31884765625 -254.08782958984375 440.0000305175781
v -1689.31884765625 -134.08651733398438 440.0000305175781
v -1689.31884765625 -254.08782958984375 460.0000305175781
v -1689.31884765625 -134.08651733398438 460.0000305175781
v -1689.31884765625 -134.08651733398438 440.0000305175781
v -1809.31396484375 -134.08653259277344 440.0000305175781
v -1689.31884765625 -134.08651733398438 460.0000305175781
v -1809.31396484375 -134.08653259277344 460.0000305175781
v -1819.317626953125 -264.0914306640625 460.00006103515625
v -1809.31396484375 -254.08782958984375 460.00006103515625
v -1679.315185546875 -264.0914306640625 460.0000305175781
v -1809.31396484375 -134.08653259277344 460.0000305175781
v -1819.317626953125 -124.08901977539062 460.0000305175781
v -1689.31884765625 -134.08651733398438 460.0000305175781
v -1679.315185546875 -124.0890121459961 460.0000305175781
v -1689.31884765625 -254.08782958984375 460.0000305175781
v -1819.317626953125 -264.0914306640625 460.00006103515625
v -1679.315185546875 -264.0914306640625 460.0000305175781
v -1819.317626953125 -264.0914306640625 480.0000305175781
v -1679.315185546875 -264.0914306640625 480.0
v -1679.315185546875 -264.0914306640625 460.0000305175781
v -1679.315185546875 -124.0890121459961 460.0000305175781
v -1679.315185546875 -264.0914306640625 480.0
v -1679.315185546875 -124.0890121459961 480.0
v -1679.315185546875 -124.0890121459961 460.0000305175781
v -1819.317626953125 -124.08901977539062 460.0000305175781
v -1679.315185546875 -124.0890121459961 480.0
v -1819.317626953125 -124.08901977539062 480.0
v -1819.317626953125 -124.08901977539062 460.0000305175781
v -1819.317626953125 -264.0914306640625 460.00006103515625
v -1819.317626953125 -124.08901977539062 480.0
v -1819.317626953125 -264.0914306640625 480.0000305175781
v -1119.317626953125 -264.0914306640625 7.518363418057561e-05
v -979.315185546875 -264.0914306640625 8.130334026645869e-05
v -1119.317626953125 -264.0914306640625 20.000076293945312
v -979.315185546875 -264.0914306640625 20.00008201599121
v -979.315185546875 -264.0914306640625 8.130334026645869e-05
v -979.315185546875 -124.08901977539062 6.906395719852298e-05
v -979.315185546875 -264.0914306640625 20.00008201599121
v -979.315185546875 -124.08901977539062 20.000070571899414
v -979.315185546875 -124.08901977539062 6.906395719852298e-05
v -1119.317626953125 -124.08902740478516 6.29442511126399e-05
v -979.315185546875 -124.08901977539062 20.000070571899414
v -1119.317626953125 -124.08902740478516 20.000062942504883
v -1119.317626953125 -124.08902740478516 6.29442511126399e-05
v -1119.317626953125 -264.0914306640625 7.518363418057561e-05
v -1119.317626953125 -124.08902740478516 20.000062942504883
v -1119.317626953125 -264.0914306640625 20.000076293945312
v -1119.317626953125 -264.0914306640625 20.000076293945312
v -979.315185546875 -264.0914306640625 20.00008201599121
v -1109.31396484375 -254.08782958984375 20.000076293945312
v -1109.31396484375 -134.08653259277344 20.000064849853516
v -989.31884765625 -134.08653259277344 20.00006866455078
v -1119.317626953125 -124.08902740478516 20.000062942504883
v -979.315185546875 -124.08901977539062 20.000070571899414
v -989.31884765625 -254.08782958984375 20.000080108642578
v -1109.31396484375 -134.08653259277344 20.000064849853516
v -1109.31396484375 -254.08782958984375 20.000076293945312
v -1109.31396484375 -134.08653259277344 40.000064849853516
v -1109.31396484375 -254.08782958984375 40.00007247924805
v -1109.31396484375 -254.08782958984375 20.000076293945312
v -989.31884765625 -254.08782958984375 20.000080108642578
v -1109.31396484375 -254.08782958984375 40.00007247924805
v -989.31884765625 -254.08782958984375 40.00008010864258
v -989.31884765625 -254.08782958984375 20.000080108642578
v -989.31884765625 -134.08653259277344 20.00006866455078
v -989.31884765625 -254.08782958984375 40.00008010864258
v -989.31884765625 -134.08653259277344 40.00006866455078
v -989.31884765625 -134.08653259277344 20.00006866455078
v -1109.31396484375 -134.08653259277344 20.000064849853516
v -989.31884765625 -134.08653259277344 40.00006866455078
v -1109.31396484375 -134.08653259277344 40.000064849853516
v -1109.31396484375 -254.08782958984375 40.00007247924805
v -989.31884765625 -254.08782958984375 40.00008010864258
v -1099.31640625 -244.09024047851562 40.00007629394531
v -1099.31640625 -144.09024047851562 40.00006866455078
v -999.31640625 -144.09022521972656 40.00006866455078
v -1109.31396484375 -134.08653259277344 40.000064849853516
v -989.31884765625 -134.08653259277344 40.00006866455078
v -999.31640625 -244.09024047851562 40.00007629394531
v -1099.31640625 -144.09024047851562 40.00006866455078
v -1099.31640625 -244.09024047851562 40.00007629394531
v -1099.31640625 -144.09019470214844 440.00006103515625
v -1099.31640625 -244.09019470214844 440.0000915527344
v -1099.31640625 -244.09024047851562 40.00007629394531
v -999.31640625 -244.09024047851562 40.00007629394531
v -1099.31640625 -244.09019470214844 440.0000915527344
v -999.31640625 -244.09017944335938 440.00006103515625
v -999.31640625 -244.09024047851562 40.00007629394531
v -999.31640625 -144.09022521972656 40.00006866455078
v -999.31640625 -244.09017944335938 440.00006103515625
v -999.31640625 -144.09019470214844 440.00006103515625
v -999.31640625 -144.09022521972656 40.00006866455078
v -1099.31640625 -144.09024047851562 40.00006866455078
v -999.31640625 -144.09019470214844 440.00006103515625
v -1099.31640625 -144.09019470214844 440.00006103515625
v -1109.31396484375 -254.08779907226562 440.0000915527344
v -1099.31640625 -244.09019470214844 440.0000915527344
v -989.31884765625 -254.08779907226562 440.00006103515625
v -1099.31640625 -144.09019470214844 440.00006103515625
v -1109.31396484375 -134.0865020751953 440.00006103515625
v -999.31640625 -144.09019470214844 440.00006103515625
v -989.31884765625 -134.08648681640625 440.00006103515625
v -999.31640625 -244.09017944335938 440.00006103515625
v -1109.31396484375 -134.0865020751953 440.00006103515625
v -1109.31396484375 -254.08779907226562 440.0000915527344
v -1109.31396484375 -134.0865020751953 460.00006103515625
v -1109.31396484375 -254.08779907226562 460.0000915527344
v -1109.31396484375 -254.08779907226562 440.0000915527344
v -989.31884765625 -254.08779907226562 440.00006103515625
v -1109.31396484375 -254.08779907226562 460.0000915527344
v -989.31884765625 -254.08779907226562 460.00006103515625
v -989.31884765625 -254.08779907226562 440.00006103515625
v -989.31884765625 -134.08648681640625 440.00006103515625
v -989.31884765625 -254.08779907226562 460.00006103515625
v -989.31884765625 -134.08648681640625 460.00006103515625
v -989.31884765625 -134.08648681640625 440.00006103515625
v -1109.31396484375 -134.0865020751953 440.00006103515625
v -989.31884765625 -134.08648681640625 460.00006103515625
v -1109.31396484375 -134.0865020751953 460.00006103515625
v -1119.317626953125 -264.0914001464844 460.0000915527344
v -1109.31396484375 -254.08779907226562 460.0000915527344
v -979.315185546875 -264.09136962890625 460.00006103515625
v -1109.31396484375 -134.0865020751953 460.00006103515625
v -1119.317626953125 -124.0889892578125 460.00006103515625
v -989.31884765625 -134.08648681640625 460.00006103515625
v -979.315185546875 -124.08898162841797 460.00006103515625
v -989.31884765625 -254.08779907226562 460.00006103515625
v -1119.317626953125 -264.0914001464844 460.0000915527344
v -979.315185546875 -264.09136962890625 460.00006103515625
v -1119.3177490234375 -264.0914001464844 480.00006103515625
v -979.3153076171875 -264.09136962890625 480.0000305175781
v -979.315185546875 -264.09136962890625 460.00006103515625
v -979.315185546875 -124.08898162841797 460.00006103515625
v -979.3153076171875 -264.09136962890625 480.0000305175781
v -979.3153076171875 -124.08898162841797 480.0000305175781
v -979.315185546875 -124.08898162841797 460.00006103515625
v -1119.317626953125 -124.0889892578125 460.00006103515625
v -979.3153076171875 -124.08898162841797 480.0000305175781
v -1119.3177490234375 -124.0889892578125 480.0000305175781
v -1119.317626953125 -124.0889892578125 460.00006103515625
v -1119.317626953125 -264.0914001464844 460.0000915527344
v -1119.3177490234375 -124.0889892578125 480.0000305175781
v -1119.3177490234375 -264.0914001464844 480.00006103515625
v -419.317626953125 -264.0914001464844 0.00010578162618912756
v -279.315185546875 -264.0914001464844 0.00011190131772309542
v -419.317626953125 -264.0914001464844 20.000106811523438
v -279.315185546875 -264.0914001464844 20.000112533569336
v -279.315185546875 -264.0914001464844 0.00011190131772309542
v -279.315185546875 -124.0889892578125 9.966193465515971e-05
v -279.315185546875 -264.0914001464844 20.000112533569336
v -279.315185546875 -124.0889892578125 20.00010108947754
v -279.315185546875 -124.0889892578125 9.966193465515971e-05
v -419.317626953125 -124.08899688720703 9.354224312119186e-05
v -279.315185546875 -124.0889892578125 20.00010108947754
v -419.317626953125 -124.08899688720703 20.000093460083008
v -419.317626953125 -124.08899688720703 9.354224312119186e-05
v -419.317626953125 -264.0914001464844 0.00010578162618912756
v -419.317626953125 -124.08899688720703 20.000093460083008
v -419.317626953125 -264.0914001464844 20.000106811523438
v -419.317626953125 -264.0914001464844 20.000106811523438
v -279.315185546875 -264.0914001464844 20.000112533569336
v -409.31689453125 -254.08779907226562 20.000106811523438
v -409.31689453125 -134.0865020751953 20.00009536743164
v -289.31591796875 -134.0865020751953 20.00010108947754
v -419.317626953125 -124.08899688720703 20.000093460083008
v -279.315185546875 -124.0889892578125 20.00010108947754
v -289.31591796875 -254.08779907226562 20.000110626220703
v -409.31689453125 -134.0865020751953 20.00009536743164
v -409.31689453125 -254.08779907226562 20.000106811523438
v -409.31689453125 -134.0865020751953 40.00009536743164
v -409.31689453125 -254.08779907226562 40.00010681152344
v -409.31689453125 -254.08779907226562 20.000106811523438
v -289.31591796875 -254.08779907226562 20.000110626220703
v -409.31689453125 -254.08779907226562 40.00010299682617
v -289.31591796875 -254.08779907226562 40.00010681152344
v -289.31591796875 -254.08779907226562 20.000110626220703
v -289.31591796875 -134.0865020751953 20.00010108947754
v -289.31591796875 -254.08779907226562 40.0001106262207
v -289.31591796875 -134.0865020751953 40.000099182128906
v -289.31591796875 -134.0865020751953 20.00010108947754
v -409.31689453125 -134.0865020751953 20.00009536743164
v -289.31591796875 -134.0865020751953 40.00009536743164
v -409.31689453125 -134.0865020751953 40.000091552734375
v -409.31689453125 -254.08779907226562 40.00010681152344
v -289.31591796875 -254.08779907226562 40.0001106262207
v -399.31640625 -244.0902099609375 40.00010681152344
v -399.31640625 -144.0902099609375 40.000099182128906
v -299.31640625 -144.09019470214844 40.000099182128906
v -409.31689453125 -134.0865020751953 40.00009536743164
v -289.31591796875 -134.0865020751953 40.000099182128906
v -299.31640625 -244.0902099609375 40.00010681152344
v -399.31640625 -144.0902099609375 40.000099182128906
v -399.31640625 -244.0902099609375 40.00010681152344
v -399.31640625 -144.0901641845703 440.0000915527344
v -399.31640625 -244.0901641845703 440.0001220703125
v -399.31640625 -244.0902099609375 40.00010681152344
v -299.31640625 -244.0902099609375 40.00010681152344
v -399.31640625 -244.0901641845703 440.0001220703125
v -299.31640625 -244.09014892578125 440.0000915527344
v -299.31640625 -244.0902099609375 40.00010681152344
v -299.31640625 -144.09019470214844 40.000099182128906
v -299.31640625 -244.09014892578125 440.0000915527344
v -299.31640625 -144.0901641845703 440.0000915527344
v -299.31640625 -144.09019470214844 40.000099182128906
v -399.31640625 -144.0902099609375 40.000099182128906
v -299.31640625 -144.0901641845703 440.0000915527344
v -399.31640625 -144.0901641845703 440.0000915527344
v -409.31689453125 -254.0877685546875 440.0001220703125
v -399.31640625 -244.0901641845703 440.0001220703125
v -289.31591796875 -254.0877685546875 440.0000915527344
v -399.31640625 -144.0901641845703 440.0000915527344
v -409.31689453125 -134.0864715576172 440.0000915527344
v -299.31640625 -144.0901641845703 440.0000915527344
v -289.31591796875 -134.08645629882812 440.0000915527344
v -299.31640625 -244.09014892578125 440.0000915527344
v -409.31689453125 -134.0864715576172 440.0000915527344
v -409.31689453125 -254.0877685546875 440.0001220703125
v -409.31689453125 -134.0864715576172 460.0000915527344
v -409.31689453125 -254.0877685546875 460.0001220703125
v -409.31689453125 -254.0877685546875 440.0001220703125
v -289.31591796875 -254.0877685546875 440.0000915527344
v -409.31689453125 -254.0877685546875 460.0001220703125
v -289.31591796875 -254.0877685546875 460.0000915527344
v -289.31591796875 -254.0877685546875 440.0000915527344
v -289.31591796875 -134.08645629882812 440.0000915527344
v -289.31591796875 -254.0877685546875 460.0000915527344
v -289.31591796875 -134.08645629882812 460.0000915527344
v -289.31591796875 -134.08645629882812 440.0000915527344
v -409.31689453125 -134.0864715576172 440.0000915527344
v -289.31591796875 -134.08645629882812 460.0000915527344
v -409.31689453125 -134.0864715576172 460.0000915527344
v -419.317626953125 -264.09136962890625 460.0001220703125
v -409.31689453125 -254.0877685546875 460.0001220703125
v -279.315185546875 -264.09136962890625 460.0000915527344
v -409.31689453125 -134.0864715576172 460.0000915527344
v -419.317626953125 -124.08895874023438 460.0000915527344
v -289.31591796875 -134.08645629882812 460.0000915527344
v -279.315185546875 -124.08895111083984 460.0000915527344
v -289.31591796875 -254.0877685546875 460.0000915527344
v -419.317626953125 -264.09136962890625 460.0001220703125
v -279.315185546875 -264.09136962890625 460.0000915527344
v -419.317626953125 -264.09136962890625 480.0000915527344
v -279.315185546875 -264.09136962890625 480.00006103515625
v -279.315185546875 -264.09136962890625 460.0000915527344
v -279.315185546875 -124.08895111083984 460.0000915527344
v -279.315185546875 -264.09136962890625 480.00006103515625
v -279.315185546875 -124.08895111083984 480.00006103515625
v -279.315185546875 -124.08895111083984 460.0000915527344
v -419.317626953125 -124.08895874023438 460.0000915527344
v -279.315185546875 -124.08895111083984 480.00006103515625
v -419.317626953125 -124.08895874023438 480.00006103515625
v -419.317626953125 -124.08895874023438 460.0000915527344
v -419.317626953125 -264.09136962890625 460.0001220703125
v -419.317626953125 -124.08895874023438 480.00006103515625
v -419.317626953125 -264.09136962890625 480.0000915527344
v 280.682373046875 -264.09136962890625 0.00013637958909384906
v 420.684814453125 -264.09136962890625 0.00014249930973164737
v 280.682373046875 -264.09136962890625 20.000137329101562
v 420.684814453125 -264.09136962890625 20.00014305114746
v 420.684814453125 -264.09136962890625 0.00014249930973164737
v 420.684814453125 -124.08895874023438 0.00013025992666371167
v 420.684814453125 -264.09136962890625 20.00014305114746
v 420.684814453125 -124.08895874023438 20.000131607055664
v 420.684814453125 -124.08895874023438 0.00013025992666371167
v 280.682373046875 -124.0889663696289 0.00012414020602591336
v 420.684814453125 -124.08895874023438 20.000131607055664
v 280.682373046875 -124.0889663696289 20.000125885009766
v 280.682373046875 -124.0889663696289 0.00012414020602591336
v 280.682373046875 -264.09136962890625 0.00013637958909384906
v 280.682373046875 -124.0889663696289 20.000125885009766
v 280.682373046875 -264.09136962890625 20.000137329101562
v 280.682373046875 -264.09136962890625 20.000137329101562
v 420.684814453125 -264.09136962890625 20.00014305114746
v 290.68310546875 -254.0877685546875 20.000137329101562
v 290.68310546875 -134.0864715576172 20.000125885009766
v 410.68408203125 -134.0864715576172 20.000131607055664
v 280.682373046875 -124.0889663696289 20.000125885009766
v 420.684814453125 -124.08895874023438 20.000131607055664
v 410.68408203125 -254.0877685546875 20.000141143798828
v 290.68310546875 -134.0864715576172 20.000125885009766
v 290.68310546875 -254.0877685546875 20.000137329101562
v 290.68310546875 -134.0864715576172 40.000125885009766
v 290.68310546875 -254.0877685546875 40.00013732910156
v 290.68310546875 -254.0877685546875 20.000137329101562
v 410.68408203125 -254.0877685546875 20.000141143798828
v 290.68310546875 -254.0877685546875 40.0001335144043
v 410.68408203125 -254.0877685546875 40.00013732910156
v 410.68408203125 -254.0877685546875 20.000141143798828
v 410.68408203125 -134.0864715576172 20.000131607055664
v 410.68408203125 -254.0877685546875 40.00014114379883
v 410.68408203125 -134.0864715576172 40.00012969970703
v 410.68408203125 -134.0864715576172 20.000131607055664
v 290.68310546875 -134.0864715576172 20.000125885009766
v 410.68408203125 -134.0864715576172 40.000125885009766
v 290.68310546875 -134.0864715576172 40.0001220703125
v 290.68310546875 -254.0877685546875 40.00013732910156
v 410.68408203125 -254.0877685546875 40.00014114379883
v 300.68359375 -244.09017944335938 40.00013732910156
v 300.68359375 -144.09017944335938 40.00012969970703
v 400.68359375 -144.0901641845703 40.00012969970703
v 290.68310546875 -134.0864715576172 40.000125885009766
v 410.68408203125 -134.0864715576172 40.00012969970703
v 400.68359375 -244.09017944335938 40.00013732910156
v 300.68359375 -144.09017944335938 40.00012969970703
v 300.68359375 -244.09017944335938 40.00013732910156
v 300.68359375 -144.0901336669922 440.0001220703125
v 300.68359375 -244.0901336669922 440.0001525878906
v 300.68359375 -244.09017944335938 40.00013732910156
v 400.68359375 -244.09017944335938 40.00013732910156
v 300.68359375 -244.0901336669922 440.0001525878906
v 400.68359375 -244.09011840820312 440.0001220703125
v 400.68359375 -244.09017944335938 40.00013732910156
v 400.68359375 -144.0901641845703 40.00012969970703
v 400.68359375 -244.09011840820312 440.0001220703125
v 400.68359375 -144.0901336669922 440.0001220703125
v 400.68359375 -144.0901641845703 40.00012969970703
v 300.68359375 -144.09017944335938 40.00012969970703
v 400.68359375 -144.0901336669922 440.0001220703125
v 300.68359375 -144.0901336669922 440.0001220703125
v 290.68310546875 -254.08773803710938 440.0001525878906
v 300.68359375 -244.0901336669922 440.0001525878906
v 410.68408203125 -254.08773803710938 440.0001220703125
v 300.68359375 -144.0901336669922 440.0001220703125
v 290.68310546875 -134.08644104003906 440.0001220703125
v 400.68359375 -144.0901336669922 440.0001220703125
v 410.68408203125 -134.08642578125 440.0001220703125
v 400.68359375 -244.09011840820312 440.0001220703125
v 290.68310546875 -134.08644104003906 440.0001220703125
v 290.68310546875 -254.08773803710938 440.0001525878906
v 290.68310546875 -134.08644104003906 460.0001220703125
v 290.68310546875 -254.08773803710938 460.0001525878906
v 290.68310546875 -254.08773803710938 440.0001525878906
v 410.68408203125 -254.08773803710938 440.0001220703125
v 290.68310546875 -254.08773803710938 460.0001525878906
v 410.68408203125 -254.08773803710938 460.0001220703125
v 410.68408203125 -254.08773803710938 440.0001220703125
v 410.68408203125 -134.08642578125 440.0001220703125
v 410.68408203125 -254.08773803710938 460.0001220703125
v 410.68408203125 -134.08642578125 460.0001220703125
v 410.68408203125 -134.08642578125 440.0001220703125
v 290.68310546875 -134.08644104003906 440.0001220703125
v 410.68408203125 -134.08642578125 460.0001220703125
v 290.68310546875 -134.08644104003906 460.0001220703125
v 280.682373046875 -264.0913391113281 460.0001525878906
v 290.68310546875 -254.08773803710938 460.0001525878906
v 420.684814453125 -264.09130859375 460.0001220703125
v 290.68310546875 -134.08644104003906 460.0001220703125
v 280.682373046875 -124.08892822265625 460.0001220703125
v 410.68408203125 -134.08642578125 460.0001220703125
v 420.684814453125 -124.08892059326172 460.0001220703125
v 410.68408203125 -254.08773803710938 460.0001220703125
v 280.682373046875 -264.0913391113281 460.0001525878906
v 420.684814453125 -264.09130859375 460.0001220703125
v 280.682373046875 -264.0913391113281 480.0001220703125
v 420.684814453125 -264.09130859375 480.0000915527344
v 420.684814453125 -264.09130859375 460.0001220703125
v 420.684814453125 -124.08892059326172 460.0001220703125
v 420.684814453125 -264.09130859375 480.0000915527344
v 420.684814453125 -124.08892059326172 480.0000915527344
v 420.684814453125 -124.08892059326172 460.0001220703125
v 280.682373046875 -124.08892822265625 460.0001220703125
v 420.684814453125 -124.08892059326172 480.0000915527344
v 280.682373046875 -124.08892822265625 480.0000915527344
v 280.682373046875 -124.08892822265625 460.0001220703125
v 280.682373046875 -264.0913391113281 460.0001525878906
v 280.682373046875 -124.08892822265625 480.0000915527344
v 280.682373046875 -264.0913391113281 480.0001220703125
v 980.682373046875 -264.0913391113281 0.00016697758110240102
v 1120.684814453125 -264.0913391113281 0.00017309727263636887
v 980.682373046875 -264.0913391113281 20.000167846679688
v 1120.684814453125 -264.0913391113281 20.000173568725586
v 1120.684814453125 -264.0913391113281 0.00017309727263636887
v 1120.684814453125 -124.08892822265625 0.00016085788956843317
v 1120.684814453125 -264.0913391113281 20.000173568725586
v 1120.684814453125 -124.08892822265625 20.000160217285156
v 1120.684814453125 -124.08892822265625 0.00016085788956843317
v 980.682373046875 -124.08893585205078 0.0001547381980344653
v 1120.684814453125 -124.08892822265625 20.000160217285156
v 980.682373046875 -124.08893585205078 20.00015640258789
v 980.682373046875 -124.08893585205078 0.0001547381980344653
v 980.682373046875 -264.0913391113281 0.00016697758110240102
v 980.682373046875 -124.08893585205078 20.00015640258789
v 980.682373046875 -264.0913391113281 20.000167846679688
v 980.682373046875 -264.0913391113281 20.000167846679688
v 1120.684814453125 -264.0913391113281 20.000173568725586
v 990.68603515625 -254.08773803710938 20.000165939331055
v 990.68603515625 -134.08644104003906 20.00015640258789
v 1110.68115234375 -134.08644104003906 20.00016212463379
v 980.682373046875 -124.08893585205078 20.00015640258789
v 1120.684814453125 -124.08892822265625 20.000160217285156
v 1110.68115234375 -254.08773803710938 20.000173568725586
v 990.68603515625 -134.08644104003906 20.00015640258789
v 990.68603515625 -254.08773803710938 20.000165939331055
v 990.68603515625 -134.08644104003906 40.00015640258789
v 990.68603515625 -254.08773803710938 40.00016784667969
v 990.68603515625 -254.08773803710938 20.000165939331055
v 1110.68115234375 -254.08773803710938 20.000173568725586
v 990.68603515625 -254.08773803710938 40.00016784667969
v 1110.68115234375 -254.08773803710938 40.00017166137695
v 1110.68115234375 -254.08773803710938 20.000173568725586
v 1110.68115234375 -134.08644104003906 20.00016212463379
v 1110.68115234375 -254.08773803710938 40.00017166137695
v 1110.68115234375 -134.08644104003906 40.000160217285156
v 1110.68115234375 -134.08644104003906 20.00016212463379
v 990.68603515625 -134.08644104003906 20.00015640258789
v 1110.68115234375 -134.08644104003906 40.000160217285156
v 990.68603515625 -134.08644104003906 40.00015640258789
v 990.68603515625 -254.08773803710938 40.00016784667969
v 1110.68115234375 -254.08773803710938 40.00017166137695
v 1000.68359375 -244.09014892578125 40.00016403198242
v 1000.68359375 -144.09014892578125 40.00015640258789
v 1100.68359375 -144.0901336669922 40.000160217285156
v 990.68603515625 -134.08644104003906 40.00015640258789
v 1110.68115234375 -134.08644104003906 40.000160217285156
v 1100.68359375 -244.09014892578125 40.00016784667969
v 1000.68359375 -144.09014892578125 40.00015640258789
v 1000.68359375 -244.09014892578125 40.00016403198242
v 1000.68359375 -144.09010314941406 440.0001525878906
v 1000.68359375 -244.09010314941406 440.00018310546875
v 1000.68359375 -244.09014892578125 40.00016403198242
v 1100.68359375 -244.09014892578125 40.00016784667969
v 1000.68359375 -244.09010314941406 440.00018310546875
v 1100.68359375 -244.090087890625 440.0001525878906
v 1100.68359375 -244.09014892578125 40.00016784667969
v 1100.68359375 -144.0901336669922 40.000160217285156
v 1100.68359375 -244.090087890625 440.0001525878906
v 1100.68359375 -144.09010314941406 440.0001525878906
v 1100.68359375 -144.0901336669922 40.000160217285156
v 1000.68359375 -144.09014892578125 40.00015640258789
v 1100.68359375 -144.09010314941406 440.0001525878906
v 1000.68359375 -144.09010314941406 440.0001525878906
v 990.68603515625 -254.08770751953125 440.00018310546875
v 1000.68359375 -244.09010314941406 440.00018310546875
v 1110.68115234375 -254.08770751953125 440.0001525878906
v 1000.68359375 -144.09010314941406 440.0001525878906
v 990.68603515625 -134.08641052246094 440.0001525878906
v 1100.68359375 -144.09010314941406 440.0001525878906
v 1110.68115234375 -134.08639526367188 440.0001525878906
v 1100.68359375 -244.090087890625 440.0001525878906
v 990.68603515625 -134.08641052246094 440.0001525878906
v 990.68603515625 -254.08770751953125 440.00018310546875
v 990.68603515625 -134.08641052246094 460.0001525878906
v 990.68603515625 -254.08770751953125 460.00018310546875
v 990.68603515625 -254.08770751953125 440.00018310546875
v 1110.68115234375 -254.08770751953125 440.0001525878906
v 990.68603515625 -254.08770751953125 460.00018310546875
v 1110.68115234375 -254.08770751953125 460.0001525878906
v 1110.68115234375 -254.08770751953125 440.0001525878906
v 1110.68115234375 -134.08639526367188 440.0001525878906
v 1110.68115234375 -254.08770751953125 460.0001525878906
v 1110.68115234375 -134.08639526367188 460.0001525878906
v 1110.68115234375 -134.08639526367188 440.0001525878906
v 990.68603515625 -134.08641052246094 440.0001525878906
v 1110.68115234375 -134.08639526367188 460.0001525878906
v 990.68603515625 -134.08641052246094 460.0001525878906
v 980.682373046875 -264.09130859375 460.00018310546875
v 990.68603515625 -254.08770751953125 460.00018310546875
v 1120.684814453125 -264.09130859375 460.0001525878906
v 990.68603515625 -134.08641052246094 460.0001525878906
v 980.682373046875 -124.08889770507812 460.0001525878906
v 1110.68115234375 -134.08639526367188 460.0001525878906
v 1120.684814453125 -124.0888900756836 460.0001525878906
v 1110.68115234375 -254.08770751953125 460.0001525878906
v 980.682373046875 -264.09130859375 460.00018310546875
v 1120.684814453125 -264.09130859375 460.0001525878906
v 980.682373046875 -264.09130859375 480.0001525878906
v 1120.684814453125 -264.09130859375 480.0001220703125
v 1120.684814453125 -264.09130859375 460.0001525878906
v 1120.684814453125 -124.0888900756836 460.0001525878906
v 1120.684814453125 -264.09130859375 480.0001220703125
v 1120.684814453125 -124.0888900756836 480.0001220703125
v 1120.684814453125 -124.0888900756836 460.0001525878906
v 980.682373046875 -124.08889770507812 460.0001525878906
v 1120.684814453125 -124.0888900756836 480.0001220703125
v 980.682373046875 -124.08889770507812 480.0001220703125
v 980.682373046875 -124.08889770507812 460.0001525878906
v 980.682373046875 -264.09130859375 460.00018310546875
v 980.682373046875 -124.08889770507812 480.0001220703125
v 980.682373046875 -264.09130859375 480.0001525878906
v 2471.2890625 252.3883056640625 1019.9999389648438
v -2445.953369140625 254.29849243164062 1019.9996948242188
v 2471.2890625 252.38833618164062 1059.999755859375
v -2445.953369140625 254.29852294921875 1059.9996337890625
v -2445.953369140625 254.29849243164062 1019.9996948242188
v -2445.953369140625 249.30279541015625 1019.9996948242188
v -2445.953369140625 254.29852294921875 1059.9996337890625
v -2445.953369140625 249.30282592773438 1059.9996337890625
v -2445.953369140625 249.30279541015625 1019.9996948242188
v 2471.2890625 247.38949584960938 1019.9999389648438
v -2445.953369140625 249.30282592773438 1059.9996337890625
v 2471.2890625 247.3895263671875 1059.999755859375
v 2471.2890625 247.38949584960938 1019.9999389648438
v 2471.2890625 252.3883056640625 1019.9999389648438
v 2471.2890625 247.3895263671875 1059.999755859375
v 2471.2890625 252.38833618164062 1059.999755859375
v -2445.953369140625 249.30282592773438 1059.9996337890625
v 2471.2890625 252.38833618164062 1059.999755859375
v -2445.953369140625 254.29852294921875 1059.9996337890625
v 2471.2890625 247.3895263671875 1059.999755859375
v -2444.10693359375 -264.091552734375 -620.0000610351562
v -2379.315185546875 -264.091552734375 -620.0
v -2444.10693359375 -264.091552734375 -600.0001220703125
v -2379.315185546875 -264.091552734375 -600.0000610351562
v -2379.315185546875 -264.091552734375 -620.0
v -2379.315185546875 -124.0891342163086 -620.0000610351562
v -2379.315185546875 -264.091552734375 -600.0000610351562
v -2379.315185546875 -124.0891342163086 -600.0001220703125
v -2379.315185546875 -124.0891342163086 -620.0000610351562
v -2444.10693359375 -124.08914184570312 -620.0000610351562
v -2379.315185546875 -124.0891342163086 -600.0001220703125
v -2444.10693359375 -124.08914184570312 -600.0001220703125
v -2444.10693359375 -254.08786010742188 -600.0001220703125
v -2444.10693359375 -264.091552734375 -600.0001220703125
v -2379.315185546875 -264.091552734375 -600.0000610351562
v -2379.315185546875 -124.0891342163086 -600.0001220703125
v -2444.10693359375 -124.08914184570312 -600.0001220703125
v -2389.31884765625 -134.08663940429688 -600.0001220703125
v -2389.31884765625 -254.08795166015625 -600.0000610351562
v -2444.10693359375 -134.08665466308594 -600.0001220703125
v -2449.05078125 -134.08665466308594 -600.0001220703125
v -2444.10693359375 -254.08786010742188 -600.0001220703125
v -2449.05078125 -254.0878448486328 -600.0001220703125
v -2444.10693359375 -134.08665466308594 -600.0001220703125
v -2449.05078125 -254.0878448486328 -600.0001220703125
v -2389.31884765625 -254.08795166015625 -600.0000610351562
v -2449.05078125 -254.08782958984375 -580.0001220703125
v -2389.31884765625 -254.08795166015625 -580.0000610351562
v -2389.31884765625 -254.08795166015625 -600.0000610351562
v -2389.31884765625 -134.08663940429688 -600.0001220703125
v -2389.31884765625 -254.08795166015625 -580.0000610351562
v -2389.31884765625 -134.08663940429688 -580.0001220703125
v -2389.31884765625 -134.08663940429688 -600.0001220703125
v -2449.05078125 -134.08665466308594 -600.0001220703125
v -2389.31884765625 -134.08663940429688 -580.0001220703125
v -2449.05078125 -134.08665466308594 -580.0001220703125
v -2449.05078125 -134.08665466308594 -580.0001220703125
v -2449.05078125 -144.09034729003906 -580.0001220703125
v -2399.31640625 -144.09034729003906 -580.0001220703125
v -2399.31640625 -244.09033203125 -580.0000610351562
v -2449.05078125 -244.09033203125 -580.0001220703125
v -2389.31884765625 -254.08795166015625 -580.0000610351562
v -2389.31884765625 -134.08663940429688 -580.0001220703125
v -2449.05078125 -254.08782958984375 -580.0001220703125
v -2455.950927734375 -144.09034729003906 -580.0001220703125
v -2449.05078125 -244.09033203125 -580.0001220703125
v -2455.950927734375 -244.09034729003906 -580.0001220703125
v -2449.05078125 -144.09034729003906 -580.0001220703125
v -2455.950927734375 -244.09034729003906 -580.0001220703125
v -2399.31640625 -244.09033203125 -580.0000610351562
v -2455.950927734375 -244.09030151367188 -180.00010681152344
v -2399.31640625 -244.09030151367188 -180.00010681152344
v -2399.31640625 -244.09033203125 -580.0000610351562
v -2399.31640625 -144.09034729003906 -580.0001220703125
v -2399.31640625 -244.09030151367188 -180.00010681152344
v -2399.31640625 -144.09031677246094 -180.00010681152344
v -2399.31640625 -144.09034729003906 -580.0001220703125
v -2455.950927734375 -144.09034729003906 -580.0001220703125
v -2399.31640625 -144.09031677246094 -180.00010681152344
v -2455.950927734375 -144.09031677246094 -180.0001220703125
v -2455.950927734375 -134.08660888671875 -180.0001220703125
v -2399.31640625 -144.09031677246094 -180.00010681152344
v -2455.950927734375 -144.09031677246094 -180.0001220703125
v -2399.31640625 -244.09030151367188 -180.00010681152344
v -2389.31884765625 -254.08792114257812 -180.00010681152344
v -2455.950927734375 -244.09030151367188 -180.00010681152344
v -2389.31884765625 -134.08660888671875 -180.00010681152344
v -2455.950927734375 -254.08792114257812 -180.00010681152344
v -2455.950927734375 -254.08792114257812 -180.00010681152344
v -2389.31884765625 -254.08792114257812 -180.00010681152344
v -2455.950927734375 -254.08792114257812 -160.00009155273438
v -2389.31884765625 -254.08792114257812 -160.00009155273438
v -2389.31884765625 -254.08792114257812 -180.00010681152344
v -2389.31884765625 -134.08660888671875 -180.00010681152344
v -2389.31884765625 -254.08792114257812 -160.00009155273438
v -2389.31884765625 -134.08660888671875 -160.00009155273438
v -2389.31884765625 -134.08660888671875 -180.00010681152344
v -2455.950927734375 -134.08660888671875 -180.0001220703125
v -2389.31884765625 -134.08660888671875 -160.00009155273438
v -2455.950927734375 -134.08660888671875 -160.00010681152344
v -2455.950927734375 -254.08792114257812 -160.00009155273438
v -2379.315185546875 -264.09149169921875 -160.00009155273438
v -2455.950927734375 -264.09149169921875 -160.00009155273438
v -2379.315185546875 -124.08909606933594 -160.00009155273438
v -2389.31884765625 -134.08660888671875 -160.00009155273438
v -2455.950927734375 -124.08909606933594 -160.00010681152344
v -2389.31884765625 -254.08792114257812 -160.00009155273438
v -2455.950927734375 -134.08660888671875 -160.00010681152344
v -2455.950927734375 -264.09149169921875 -160.00009155273438
v -2379.315185546875 -264.09149169921875 -160.00009155273438
v -2455.950927734375 -264.09149169921875 -140.00009155273438
v -2379.315185546875 -264.09149169921875 -140.00009155273438
v -2379.315185546875 -264.09149169921875 -160.00009155273438
v -2379.315185546875 -124.08909606933594 -160.00009155273438
v -2379.315185546875 -264.09149169921875 -140.00009155273438
v -2379.315185546875 -124.08909606933594 -140.00009155273438
v -2379.315185546875 -124.08909606933594 -160.00009155273438
v -2455.950927734375 -124.08909606933594 -160.00010681152344
v -2379.315185546875 -124.08909606933594 -140.00009155273438
v -2455.950927734375 -124.08909606933594 -140.00010681152344
v -2459.048583984375 -304.087890625 -140.00009155273438
v -2455.950927734375 -264.09149169921875 -140.00009155273438
v 2454.046875 -304.0937805175781 -139.9998779296875
v -2455.950927734375 -124.08909606933594 -140.00010681152344
v -2459.048583984375 355.9096984863281 -140.00013732910156
v -2379.315185546875 -124.08909606933594 -140.00009155273438
v 2454.046875 355.909912109375 -139.9999237060547
v -2379.315185546875 -264.09149169921875 -140.00009155273438
v -2459.048583984375 -304.087890625 -140.00009155273438
v 2454.046875 -304.09381103515625 -139.9998779296875
v -2459.048583984375 -304.087890625 -120.00008392333984
v 2454.046875 -304.09381103515625 -119.99986267089844
v -2459.048583984375 -284.09271240234375 -120.00008392333984
v -2459.048583984375 -304.087890625 -120.00008392333984
v 2454.046875 -304.09381103515625 -119.99986267089844
v 2454.046875 -284.09246826171875 -119.99986267089844
v -2459.048583984375 -284.09271240234375 -120.00008392333984
v 2454.046875 -284.09246826171875 -119.99986267089844
v -2459.048583984375 -284.09271240234375 -20.000080108642578
v 2454.046875 -284.09246826171875 -19.999866485595703
v -2459.048583984375 -284.09271240234375 -20.000080108642578
v 2454.046875 -304.09381103515625 -19.99986457824707
v -2459.048583984375 -304.087890625 -20.000078201293945
v 2454.046875 -284.09246826171875 -19.999866485595703
v -2459.048583984375 -304.087890625 -20.000078201293945
v 2454.046875 -304.09381103515625 -19.99986457824707
v -2459.048583984375 -304.087890625 -8.269927639048547e-05
v 2454.046875 -304.09381103515625 0.0001320595620200038
v -2459.048583984375 -304.087890625 -7.971904415171593e-05
v 2454.046875 -304.09381103515625 0.00013503979425877333
v 1679.046875 -264.0913391113281 9.766622679308057e-05
v -2400.9521484375 -224.08908081054688 -8.417329081567004e-05
v -2400.9521484375 -184.09268188476562 -8.766988321440294e-05
v 1679.046875 -184.09251403808594 9.0672547230497e-05
v 1679.046875 -124.08894348144531 8.542687282897532e-05
v 2384.04541015625 -124.08891296386719 0.00011624337639659643
v 2454.046875 -124.08890533447266 0.00011930323671549559
v -2459.048583984375 355.9096984863281 -0.00013741786824539304
v 1819.048828125 -124.08893585205078 9.154653525911272e-05
v 1819.048828125 -264.0913391113281 0.00010378588922321796
v 2384.04541015625 -264.09130859375 0.00012848275946453214
v 2454.046875 -264.09130859375 0.0001315426197834313
v 2384.04541015625 -224.0888671875 0.00012498564319685102
v 1819.048828125 -224.08889770507812 0.00010028877295553684
v 1679.046875 -224.08889770507812 9.416911052539945e-05
v 1819.048828125 -184.09249877929688 9.67922096606344e-05
v 2384.04541015625 -184.0924835205078 0.00012148905079811811
v 2454.046875 355.909912109375 7.734040264040232e-05
v -2400.9521484375 -224.08908081054688 -8.417329081567004e-05
v 2404.046875 -224.0888671875 0.0001258599804714322
v -2400.9521484375 -224.08908081054688 9.999916076660156
v 2404.046875 -224.0888671875 10.000125885009766
v 2404.046875 -224.0888671875 0.0001258599804714322
v 2404.046875 -184.09246826171875 0.0001223633880726993
v 2404.046875 -224.0888671875 10.000125885009766
v 2404.046875 -184.09246826171875 10.0001220703125
v 2404.046875 -184.09246826171875 0.0001223633880726993
v -2400.9521484375 -184.09268188476562 -8.766989049036056e-05
v 2404.046875 -184.09246826171875 10.0001220703125
v -2400.9521484375 -184.09268188476562 9.99991226196289
v -2400.9521484375 -184.09268188476562 -8.766989049036056e-05
v -2400.9521484375 -224.08908081054688 -8.417329081567004e-05
v -2400.9521484375 -184.09268188476562 9.99991226196289
v -2400.9521484375 -224.08908081054688 9.999916076660156
v -2400.9521484375 -224.08905029296875 109.99990844726562
v 2404.046875 -224.08885192871094 110.00011444091797
v 2404.046875 -224.08885192871094 110.00011444091797
v 2404.046875 -184.0924530029297 110.00011444091797
v 2404.046875 -184.0924530029297 110.00011444091797
v -2400.9521484375 -184.09266662597656 109.99990844726562
v -2400.9521484375 -184.09266662597656 109.99990844726562
v -2400.9521484375 -224.08905029296875 109.99990844726562
v -2400.9521484375 -224.08905029296875 119.99991607666016
v 2404.046875 -224.08885192871094 120.0001220703125
v 2404.046875 -224.08885192871094 120.0001220703125
v 2404.046875 -184.0924530029297 120.0001220703125
v 2404.046875 -184.0924530029297 120.0001220703125
v -2400.9521484375 -184.09266662597656 119.99991607666016
v -2400.9521484375 -184.09266662597656 119.99991607666016
v -2400.9521484375 -224.08905029296875 119.99991607666016
v -2400.9521484375 -184.09266662597656 119.99991607666016
v -2400.9521484375 -224.08905029296875 119.99991607666016
v 2404.046875 -224.08885192871094 120.0001220703125
v 2404.046875 -184.0924530029297 120.0001220703125
v 1679.046875 -264.0913391113281 9.766622679308057e-05
v 1819.048828125 -264.0913391113281 0.00010378588922321796
v 1679.046875 -264.0913391113281 20.000099182128906
v 1819.048828125 -264.0913391113281 20.000104904174805
v 1819.048828125 -264.0913391113281 0.00010378588922321796
v 1819.048828125 -124.08892822265625 9.154653525911272e-05
v 1819.048828125 -264.0913391113281 20.000104904174805
v 1819.048828125 -124.08892059326172 20.000091552734375
v 1819.048828125 -124.08892822265625 9.154653525911272e-05
v 1679.046875 -124.08892822265625 8.542687282897532e-05
v 1819.048828125 -124.08892059326172 20.000091552734375
v 1679.046875 -124.08892822265625 20.00008773803711
v 1679.046875 -124.08892822265625 8.542687282897532e-05
v 1679.046875 -264.0913391113281 9.766622679308057e-05
v 1679.046875 -124.08892822265625 20.00008773803711
v 1679.046875 -264.0913391113281 20.000099182128906
v 1679.046875 -264.0913391113281 20.000099182128906
v 1819.048828125 -264.0913391113281 20.000104904174805
v 1689.0439453125 -254.08773803710938 20.000097274780273
v 1689.0439453125 -134.08644104003906 20.00008773803711
v 1809.04541015625 -134.08642578125 20.000093460083008
v 1679.046875 -124.08892822265625 20.00008773803711
v 1819.048828125 -124.08892059326172 20.000091552734375
v 1809.04541015625 -254.08773803710938 20.000104904174805
v 1689.0439453125 -134.08644104003906 20.00008773803711
v 1689.0439453125 -254.08773803710938 20.000097274780273
v 1689.0439453125 -134.08644104003906 40.00008773803711
v 1689.0439453125 -254.08773803710938 40.000099182128906
v 1689.0439453125 -254.08773803710938 20.000097274780273
v 1809.04541015625 -254.08773803710938 20.000104904174805
v 1689.0439453125 -254.08773803710938 40.000099182128906
v 1809.04541015625 -254.08773803710938 40.00010299682617
v 1809.04541015625 -254.08773803710938 20.000104904174805
v 1809.04541015625 -134.08642578125 20.000093460083008
v 1809.04541015625 -254.08773803710938 40.00010299682617
v 1809.04541015625 -134.08642578125 40.000091552734375
v 1809.04541015625 -134.08642578125 20.000093460083008
v 1689.0439453125 -134.08644104003906 20.00008773803711
v 1809.04541015625 -134.08642578125 40.000091552734375
v 1689.0439453125 -134.08644104003906 40.00008773803711
v 1689.0439453125 -254.08773803710938 40.000099182128906
v 1809.04541015625 -254.08773803710938 40.00010299682617
v 1699.0478515625 -244.0901336669922 40.00009536743164
v 1699.0478515625 -144.0901336669922 40.00008773803711
v 1799.0478515625 -144.0901336669922 40.000091552734375
v 1689.0439453125 -134.08644104003906 40.00008773803711
v 1809.04541015625 -134.08642578125 40.000091552734375
v 1799.0478515625 -244.0901336669922 40.000099182128906
v 1699.0478515625 -144.0901336669922 40.00008773803711
v 1699.0478515625 -244.0901336669922 40.00009536743164
v 1699.0478515625 -144.09010314941406 440.0000915527344
v 1699.0478515625 -244.090087890625 440.0001220703125
v 1699.0478515625 -244.0901336669922 40.00009536743164
v 1799.0478515625 -244.0901336669922 40.000099182128906
v 1699.0478515625 -244.090087890625 440.0001220703125
v 1799.0478515625 -244.090087890625 440.0000915527344
v 1799.0478515625 -244.0901336669922 40.000099182128906
v 1799.0478515625 -144.0901336669922 40.000091552734375
v 1799.0478515625 -244.090087890625 440.0000915527344
v 1799.0478515625 -144.09010314941406 440.0000915527344
v 1799.0478515625 -144.0901336669922 40.000091552734375
v 1699.0478515625 -144.0901336669922 40.00008773803711
v 1799.0478515625 -144.09010314941406 440.0000915527344
v 1699.0478515625 -144.09010314941406 440.0000915527344
v 1689.0439453125 -254.08770751953125 440.0001220703125
v 1699.0478515625 -244.090087890625 440.0001220703125
v 1809.04541015625 -254.0876922607422 440.0000915527344
v 1699.0478515625 -144.09010314941406 440.0000915527344
v 1689.0439453125 -134.08639526367188 440.0000915527344
v 1799.0478515625 -144.09010314941406 440.0000915527344
v 1809.04541015625 -134.08639526367188 440.0000915527344
v 1799.0478515625 -244.090087890625 440.0000915527344
v 1689.0439453125 -134.08639526367188 440.0000915527344
v 1689.0439453125 -254.08770751953125 440.0001220703125
v 1689.0439453125 -134.08639526367188 460.0000915527344
v 1689.0439453125 -254.08770751953125 460.0001220703125
v 1689.0439453125 -254.08770751953125 440.0001220703125
v 1809.04541015625 -254.0876922607422 440.0000915527344
v 1689.0439453125 -254.08770751953125 460.0001220703125
v 1809.04541015625 -254.0876922607422 460.0000915527344
v 1809.04541015625 -254.0876922607422 440.0000915527344
v 1809.04541015625 -134.08639526367188 440.0000915527344
v 1809.04541015625 -254.0876922607422 460.0000915527344
v 1809.04541015625 -134.08639526367188 460.0000915527344
v 1809.04541015625 -134.08639526367188 440.0000915527344
v 1689.0439453125 -134.08639526367188 440.0000915527344
v 1809.04541015625 -134.08639526367188 460.0000915527344
v 1689.0439453125 -134.08639526367188 460.0000915527344
v 1679.046875 -264.09130859375 460.0001220703125
v 1689.0439453125 -254.08770751953125 460.0001220703125
v 1819.048828125 -264.0912780761719 460.0000915527344
v 1689.0439453125 -134.08639526367188 460.0000915527344
v 1679.046875 -124.0888900756836 460.0000915527344
v 1809.04541015625 -134.08639526367188 460.0000915527344
v 1819.048828125 -124.08888244628906 460.0000915527344
v 1809.04541015625 -254.0876922607422 460.0000915527344
v 1679.046875 -264.09130859375 460.0001220703125
v 1819.048828125 -264.0912780761719 460.0000915527344
v 1679.046875 -264.09130859375 480.0000915527344
v 1819.048828125 -264.0912780761719 480.00006103515625
v 1819.048828125 -264.0912780761719 460.0000915527344
v 1819.048828125 -124.08888244628906 460.0000915527344
v 1819.048828125 -264.0912780761719 480.00006103515625
v 1819.048828125 -124.08888244628906 480.00006103515625
v 1819.048828125 -124.08888244628906 460.0000915527344
v 1679.046875 -124.0888900756836 460.0000915527344
v 1819.048828125 -124.08888244628906 480.00006103515625
v 1679.046875 -124.0888900756836 480.00006103515625
v 1679.046875 -124.0888900756836 460.0000915527344
v 1679.046875 -264.09130859375 460.0001220703125
v 1679.046875 -124.0888900756836 480.00006103515625
v 1679.046875 -264.09130859375 480.0000915527344
v 2384.04541015625 -264.09130859375 0.00012848275946453214
v 2454.046875 -264.09130859375 0.0001315426197834313
v 2384.04541015625 -264.09130859375 20.00012969970703
v 2454.046875 -264.09130859375 20.000131607055664
v 2454.046875 -124.08889770507812 0.00011930323671549559
v 2384.04541015625 -124.08889770507812 0.00011624337639659643
v 2454.046875 -124.08889770507812 20.000120162963867
v 2384.04541015625 -124.08889770507812 20.000118255615234
v 2384.04541015625 -124.08889770507812 0.00011624337639659643
v 2384.04541015625 -264.09130859375 0.00012848275946453214
v 2384.04541015625 -124.08889770507812 20.000118255615234
v 2384.04541015625 -264.09130859375 20.00012969970703
v 2384.04541015625 -264.09130859375 20.00012969970703
v 2454.046875 -264.09130859375 20.000131607055664
v 2394.048828125 -254.08770751953125 20.00012969970703
v 2394.048828125 -134.08641052246094 20.000118255615234
v 2454.046875 -134.08641052246094 20.000120162963867
v 2384.04541015625 -124.08889770507812 20.000118255615234
v 2454.046875 -254.08770751953125 20.000131607055664
v 2454.046875 -124.08889770507812 20.000120162963867
v 2394.048828125 -134.08641052246094 20.000118255615234
v 2394.048828125 -254.08770751953125 20.00012969970703
v 2394.048828125 -134.08641052246094 40.0001220703125
v 2394.048828125 -254.08770751953125 40.00012969970703
v 2394.048828125 -254.08770751953125 20.00012969970703
v 2454.046875 -254.08770751953125 20.000131607055664
v 2394.048828125 -254.08770751953125 40.00012969970703
v 2454.046875 -254.08770751953125 40.00012969970703
v 2454.046875 -134.08641052246094 20.000120162963867
v 2394.048828125 -134.08641052246094 20.000118255615234
v 2454.046875 -134.08641052246094 40.0001220703125
v 2394.048828125 -134.08641052246094 40.0001220703125
v 2394.048828125 -254.08770751953125 40.00012969970703
v 2454.046875 -254.08770751953125 40.00012969970703
v 2404.046875 -244.09010314941406 40.000125885009766
v 2404.046875 -144.09010314941406 40.000118255615234
v 2454.046875 -144.09010314941406 40.0001220703125
v 2394.048828125 -134.08641052246094 40.0001220703125
v 2454.046875 -244.09010314941406 40.00012969970703
v 2454.046875 -134.08641052246094 40.0001220703125
v 2404.046875 -144.09010314941406 40.000118255615234
v 2404.046875 -244.09010314941406 40.000125885009766
v 2404.046875 -144.09007263183594 440.0001220703125
v 2404.046875 -244.09005737304688 440.0001525878906
v 2404.046875 -244.09010314941406 40.000125885009766
v 2454.046875 -244.09010314941406 40.00012969970703
v 2404.046875 -244.09005737304688 440.0001525878906
v 2454.046875 -244.09005737304688 440.0001525878906
v 2454.046875 -144.09010314941406 40.0001220703125
v 2404.046875 -144.09010314941406 40.000118255615234
v 2454.046875 -144.09007263183594 440.0001525878906
v 2404.046875 -144.09007263183594 440.0001220703125
v 2394.048828125 -254.08767700195312 440.0001525878906
v 2404.046875 -244.09005737304688 440.0001525878906
v 2454.046875 -254.08767700195312 440.0001525878906
v 2404.046875 -144.09007263183594 440.0001220703125
v 2394.048828125 -134.08636474609375 440.0001220703125
v 2454.046875 -144.09007263183594 440.0001525878906
v 2454.046875 -244.09005737304688 440.0001525878906
v 2454.046875 -134.08636474609375 440.0001525878906
v 2394.048828125 -134.08636474609375 440.0001220703125
v 2394.048828125 -254.08767700195312 440.0001525878906
v 2394.048828125 -134.08636474609375 460.0001220703125
v 2394.048828125 -254.08767700195312 460.0001525878906
v 2394.048828125 -254.08767700195312 440.0001525878906
v 2454.046875 -254.08767700195312 440.0001525878906
v 2394.048828125 -254.08767700195312 460.0001525878906
v 2454.046875 -254.08766174316406 460.0001525878906
v 2454.046875 -134.08636474609375 440.0001525878906
v 2394.048828125 -134.08636474609375 440.0001220703125
v 2454.046875 -134.08636474609375 460.0001525878906
v 2394.048828125 -134.08636474609375 460.0001220703125
v 2384.04541015625 -264.09124755859375 460.0001525878906
v 2394.048828125 -254.08767700195312 460.0001525878906
v 2454.046875 -264.09124755859375 460.0001525878906
v 2394.048828125 -134.08636474609375 460.0001220703125
v 2384.04541015625 -124.08885955810547 460.0001220703125
v 2454.046875 -134.08636474609375 460.0001525878906
v 2454.046875 -254.08766174316406 460.0001525878906
v 2454.046875 -124.08885192871094 460.0001525878906
v 2384.04541015625 -264.09124755859375 460.0001525878906
v 2454.046875 -264.09124755859375 460.0001525878906
v 2384.04541015625 -264.09124755859375 480.0001220703125
v 2454.046875 -264.09124755859375 480.0001220703125
v 2454.046875 -124.08885192871094 460.0001525878906
v 2384.04541015625 -124.08885955810547 460.0001220703125
v 2454.046875 -124.08885192871094 480.0001220703125
v 2384.04541015625 -124.08885955810547 480.0000915527344
v 2384.04541015625 -124.08885955810547 460.0001220703125
v 2384.04541015625 -264.09124755859375 460.0001525878906
v 2384.04541015625 -124.08885955810547 480.0000915527344
v 2384.04541015625 -264.09124755859375 480.0001220703125
v -1819.317626953125 -264.0915222167969 -620.0
v -1679.315185546875 -264.0915222167969 -620.0
v -1819.317626953125 -264.0915222167969 -600.0000610351562
v -1679.315185546875 -264.09149169921875 -600.0000610351562
v -1679.315185546875 -264.0915222167969 -620.0
v -1679.315185546875 -124.08910369873047 -620.0
v -1679.315185546875 -264.09149169921875 -600.0000610351562
v -1679.315185546875 -124.08910369873047 -600.0000610351562
v -1679.315185546875 -124.08910369873047 -620.0
v -1819.317626953125 -124.089111328125 -620.0
v -1679.315185546875 -124.08910369873047 -600.0000610351562
v -1819.317626953125 -124.089111328125 -600.0000610351562
v -1819.317626953125 -124.089111328125 -620.0
v -1819.317626953125 -264.0915222167969 -620.0
v -1819.317626953125 -124.089111328125 -600.0000610351562
v -1819.317626953125 -264.0915222167969 -600.0000610351562
v -1819.317626953125 -264.0915222167969 -600.0000610351562
v -1679.315185546875 -264.09149169921875 -600.0000610351562
v -1809.31396484375 -254.08792114257812 -600.0000610351562
v -1809.31396484375 -134.0866241455078 -600.0000610351562
v -1689.31884765625 -134.08660888671875 -600.0000610351562
v -1819.317626953125 -124.089111328125 -600.0000610351562
v -1679.315185546875 -124.08910369873047 -600.0000610351562
v -1689.31884765625 -254.08792114257812 -600.0000610351562
v -1809.31396484375 -134.0866241455078 -600.0000610351562
v -1809.31396484375 -254.08792114257812 -600.0000610351562
v -1809.31396484375 -134.0866241455078 -580.0000610351562
v -1809.31396484375 -254.08792114257812 -580.0000610351562
v -1809.31396484375 -254.08792114257812 -600.0000610351562
v -1689.31884765625 -254.08792114257812 -600.0000610351562
v -1809.31396484375 -254.08792114257812 -580.0000610351562
v -1689.31884765625 -254.08792114257812 -580.0000610351562
v -1689.31884765625 -254.08792114257812 -600.0000610351562
v -1689.31884765625 -134.08660888671875 -600.0000610351562
v -1689.31884765625 -254.08792114257812 -580.0000610351562
v -1689.31884765625 -134.08660888671875 -580.0000610351562
v -1689.31884765625 -134.08660888671875 -600.0000610351562
v -1809.31396484375 -134.0866241455078 -600.0000610351562
v -1689.31884765625 -134.08660888671875 -580.0000610351562
v -1809.31396484375 -134.0866241455078 -580.0000610351562
v -1809.31396484375 -254.08792114257812 -580.0000610351562
v -1689.31884765625 -254.08792114257812 -580.0000610351562
v -1799.31640625 -244.09031677246094 -580.0000610351562
v -1799.31640625 -144.09031677246094 -580.0000610351562
v -1699.31640625 -144.09031677246094 -580.0000610351562
v -1809.31396484375 -134.0866241455078 -580.0000610351562
v -1689.31884765625 -134.08660888671875 -580.0000610351562
v -1699.31640625 -244.09030151367188 -580.0000610351562
v -1799.31640625 -144.09031677246094 -580.0000610351562
v -1799.31640625 -244.09031677246094 -580.0000610351562
v -1799.31640625 -144.0902862548828 -180.00009155273438
v -1799.31640625 -244.09027099609375 -180.00009155273438
v -1799.31640625 -244.09031677246094 -580.0000610351562
v -1699.31640625 -244.09030151367188 -580.0000610351562
v -1799.31640625 -244.09027099609375 -180.00009155273438
v -1699.31640625 -244.09027099609375 -180.0000762939453
v -1699.31640625 -244.09030151367188 -580.0000610351562
v -1699.31640625 -144.09031677246094 -580.0000610351562
v -1699.31640625 -244.09027099609375 -180.0000762939453
v -1699.31640625 -144.0902862548828 -180.0000762939453
v -1699.31640625 -144.09031677246094 -580.0000610351562
v -1799.31640625 -144.09031677246094 -580.0000610351562
v -1699.31640625 -144.0902862548828 -180.0000762939453
v -1799.31640625 -144.0902862548828 -180.00009155273438
v -1809.31396484375 -254.087890625 -180.00009155273438
v -1799.31640625 -244.09027099609375 -180.00009155273438
v -1689.31884765625 -254.087890625 -180.0000762939453
v -1799.31640625 -144.0902862548828 -180.00009155273438
v -1809.31396484375 -134.08657836914062 -180.00009155273438
v -1699.31640625 -144.0902862548828 -180.0000762939453
v -1689.31884765625 -134.08657836914062 -180.0000762939453
v -1699.31640625 -244.09027099609375 -180.0000762939453
v -1809.31396484375 -134.08657836914062 -180.00009155273438
v -1809.31396484375 -254.087890625 -180.00009155273438
v -1809.31396484375 -134.08657836914062 -160.0000762939453
v -1809.31396484375 -254.087890625 -160.0000762939453
v -1809.31396484375 -254.087890625 -180.00009155273438
v -1689.31884765625 -254.087890625 -180.0000762939453
v -1809.31396484375 -254.087890625 -160.0000762939453
v -1689.31884765625 -254.087890625 -160.00006103515625
v -1689.31884765625 -254.087890625 -180.0000762939453
v -1689.31884765625 -134.08657836914062 -180.0000762939453
v -1689.31884765625 -254.087890625 -160.00006103515625
v -1689.31884765625 -134.08657836914062 -160.00006103515625
v -1689.31884765625 -134.08657836914062 -180.0000762939453
v -1809.31396484375 -134.08657836914062 -180.00009155273438
v -1689.31884765625 -134.08657836914062 -160.00006103515625
v -1809.31396484375 -134.08657836914062 -160.0000762939453
v -1819.317626953125 -264.09149169921875 -160.00006103515625
v -1809.31396484375 -254.087890625 -160.0000762939453
v -1679.315185546875 -264.09149169921875 -160.00006103515625
v -1809.31396484375 -134.08657836914062 -160.0000762939453
v -1819.317626953125 -124.08907318115234 -160.00006103515625
v -1689.31884765625 -134.08657836914062 -160.00006103515625
v -1679.315185546875 -124.08906555175781 -160.00006103515625
v -1689.31884765625 -254.087890625 -160.00006103515625
v -1819.317626953125 -264.09149169921875 -160.00006103515625
v -1679.315185546875 -264.09149169921875 -160.00006103515625
v -1819.317626953125 -264.09149169921875 -140.00006103515625
v -1679.315185546875 -264.09149169921875 -140.00006103515625
v -1679.315185546875 -264.09149169921875 -160.00006103515625
v -1679.315185546875 -124.08906555175781 -160.00006103515625
v -1679.315185546875 -264.09149169921875 -140.00006103515625
v -1679.315185546875 -124.08906555175781 -140.00006103515625
v -1679.315185546875 -124.08906555175781 -160.00006103515625
v -1819.317626953125 -124.08907318115234 -160.00006103515625
v -1679.315185546875 -124.08906555175781 -140.00006103515625
v -1819.317626953125 -124.08906555175781 -140.00006103515625
v -1819.317626953125 -124.08907318115234 -160.00006103515625
v -1819.317626953125 -264.09149169921875 -160.00006103515625
v -1819.317626953125 -124.08906555175781 -140.00006103515625
v -1819.317626953125 -264.09149169921875 -140.00006103515625
v -1119.3175048828125 -264.09149169921875 -620.0
v -979.3150634765625 -264.09149169921875 -619.9999389648438
v -1119.3175048828125 -264.09149169921875 -600.0000610351562
v -979.3150634765625 -264.09149169921875 -600.0
v -979.3150634765625 -264.09149169921875 -619.9999389648438
v -979.3150634765625 -124.08907318115234 -620.0
v -979.3150634765625 -264.09149169921875 -600.0
v -979.3150634765625 -124.08907318115234 -600.0000610351562
v -979.3150634765625 -124.08907318115234 -620.0
v -1119.3175048828125 -124.08908081054688 -620.0
v -979.3150634765625 -124.08907318115234 -600.0000610351562
v -1119.3175048828125 -124.08908081054688 -600.0000610351562
v -1119.3175048828125 -124.08908081054688 -620.0
v -1119.3175048828125 -264.09149169921875 -620.0
v -1119.3175048828125 -124.08908081054688 -600.0000610351562
v -1119.3175048828125 -264.09149169921875 -600.0000610351562
v -1119.3175048828125 -264.09149169921875 -600.0000610351562
v -979.3150634765625 -264.09149169921875 -600.0
v -1109.3138427734375 -254.087890625 -600.0000610351562
v -1109.3138427734375 -134.0865936279297 -600.0000610351562
v -989.3187255859375 -134.08657836914062 -600.0000610351562
v -1119.3175048828125 -124.08908081054688 -600.0000610351562
v -979.3150634765625 -124.08907318115234 -600.0000610351562
v -989.3187255859375 -254.087890625 -600.0
v -1109.3138427734375 -134.0865936279297 -600.0000610351562
v -1109.3138427734375 -254.087890625 -600.0000610351562
v -1109.3138427734375 -134.0865936279297 -580.0000610351562
v -1109.3138427734375 -254.087890625 -580.0000610351562
v -1109.3138427734375 -254.087890625 -600.0000610351562
v -989.3187255859375 -254.087890625 -600.0
v -1109.3138427734375 -254.087890625 -580.0000610351562
v -989.3187255859375 -254.087890625 -580.0
v -989.3187255859375 -254.087890625 -600.0
v -989.3187255859375 -134.08657836914062 -600.0000610351562
v -989.3187255859375 -254.087890625 -580.0
v -989.3187255859375 -134.08657836914062 -580.0000610351562
v -989.3187255859375 -134.08657836914062 -600.0000610351562
v -1109.3138427734375 -134.0865936279297 -600.0000610351562
v -989.3187255859375 -134.08657836914062 -580.0000610351562
v -1109.3138427734375 -134.0865936279297 -580.0000610351562
v -1109.3138427734375 -254.087890625 -580.0000610351562
v -989.3187255859375 -254.087890625 -580.0
v -1099.3162841796875 -244.0902862548828 -580.0000610351562
v -1099.3162841796875 -144.0902862548828 -580.0000610351562
v -999.3162841796875 -144.0902862548828 -580.0000610351562
v -1109.3138427734375 -134.0865936279297 -580.0000610351562
v -989.3187255859375 -134.08657836914062 -580.0000610351562
v -999.3162841796875 -244.09027099609375 -580.0
v -1099.3162841796875 -144.0902862548828 -580.0000610351562
v -1099.3162841796875 -244.0902862548828 -580.0000610351562
v -1099.31640625 -144.0902557373047 -180.00006103515625
v -1099.31640625 -244.09024047851562 -180.00006103515625
v -1099.3162841796875 -244.0902862548828 -580.0000610351562
v -999.3162841796875 -244.09027099609375 -580.0
v -1099.31640625 -244.09024047851562 -180.00006103515625
v -999.31640625 -244.09024047851562 -180.0000457763672
v -999.3162841796875 -244.09027099609375 -580.0
v -999.3162841796875 -144.0902862548828 -580.0000610351562
v -999.31640625 -244.09024047851562 -180.0000457763672
v -999.31640625 -144.0902557373047 -180.0000457763672
v -999.3162841796875 -144.0902862548828 -580.0000610351562
v -1099.3162841796875 -144.0902862548828 -580.0000610351562
v -999.31640625 -144.0902557373047 -180.0000457763672
v -1099.31640625 -144.0902557373047 -180.00006103515625
v -1109.31396484375 -254.08786010742188 -180.00006103515625
v -1099.31640625 -244.09024047851562 -180.00006103515625
v -989.31884765625 -254.08786010742188 -180.0000457763672
v -1099.31640625 -144.0902557373047 -180.00006103515625
v -1109.31396484375 -134.0865478515625 -180.00006103515625
v -999.31640625 -144.0902557373047 -180.0000457763672
v -989.31884765625 -134.0865478515625 -180.0000457763672
v -999.31640625 -244.09024047851562 -180.0000457763672
v -1109.31396484375 -134.0865478515625 -180.00006103515625
v -1109.31396484375 -254.08786010742188 -180.00006103515625
v -1109.31396484375 -134.0865478515625 -160.0000457763672
v -1109.31396484375 -254.08786010742188 -160.0000457763672
v -1109.31396484375 -254.08786010742188 -180.00006103515625
v -989.31884765625 -254.08786010742188 -180.0000457763672
v -1109.31396484375 -254.08786010742188 -160.0000457763672
v -989.31884765625 -254.08786010742188 -160.00003051757812
v -989.31884765625 -254.08786010742188 -180.0000457763672
v -989.31884765625 -134.0865478515625 -180.0000457763672
v -989.31884765625 -254.08786010742188 -160.00003051757812
v -989.31884765625 -134.0865478515625 -160.00003051757812
v -989.31884765625 -134.0865478515625 -180.0000457763672
v -1109.31396484375 -134.0865478515625 -180.00006103515625
v -989.31884765625 -134.0865478515625 -160.00003051757812
v -1109.31396484375 -134.0865478515625 -160.0000457763672
v -1119.317626953125 -264.0914306640625 -160.00003051757812
v -1109.31396484375 -254.08786010742188 -160.0000457763672
v -979.315185546875 -264.0914306640625 -160.00003051757812
v -1109.31396484375 -134.0865478515625 -160.0000457763672
v -1119.317626953125 -124.08904266357422 -160.00003051757812
v -989.31884765625 -134.0865478515625 -160.00003051757812
v -979.315185546875 -124.08903503417969 -160.00003051757812
v -989.31884765625 -254.08786010742188 -160.00003051757812
v -1119.317626953125 -264.0914306640625 -160.00003051757812
v -979.315185546875 -264.0914306640625 -160.00003051757812
v -1119.317626953125 -264.0914306640625 -140.00003051757812
v -979.315185546875 -264.0914306640625 -140.00003051757812
v -979.315185546875 -264.0914306640625 -160.00003051757812
v -979.315185546875 -124.08903503417969 -160.00003051757812
v -979.315185546875 -264.0914306640625 -140.00003051757812
v -979.315185546875 -124.08903503417969 -140.00003051757812
v -979.315185546875 -124.08903503417969 -160.00003051757812
v -1119.317626953125 -124.08904266357422 -160.00003051757812
v -979.315185546875 -124.08903503417969 -140.00003051757812
v -1119.317626953125 -124.08903503417969 -140.00003051757812
v -1119.317626953125 -124.08904266357422 -160.00003051757812
v -1119.317626953125 -264.0914306640625 -160.00003051757812
v -1119.317626953125 -124.08903503417969 -140.00003051757812
v -1119.317626953125 -264.0914306640625 -140.00003051757812
v -419.317626953125 -264.0914611816406 -619.9999389648438
v -279.315185546875 -264.0914611816406 -619.9999389648438
v -419.317626953125 -264.0914611816406 -600.0
v -279.315185546875 -264.0914306640625 -600.0
v -279.315185546875 -264.0914611816406 -619.9999389648438
v -279.315185546875 -124.08904266357422 -619.9999389648438
v -279.315185546875 -264.0914306640625 -600.0
v -279.315185546875 -124.08904266357422 -600.0
v -279.315185546875 -124.08904266357422 -619.9999389648438
v -419.317626953125 -124.08905029296875 -619.9999389648438
v -279.315185546875 -124.08904266357422 -600.0
v -419.317626953125 -124.08905029296875 -600.0
v -419.317626953125 -124.08905029296875 -619.9999389648438
v -419.317626953125 -264.0914611816406 -619.9999389648438
v -419.317626953125 -124.08905029296875 -600.0
v -419.317626953125 -264.0914611816406 -600.0
v -419.317626953125 -264.0914611816406 -600.0
v -279.315185546875 -264.0914306640625 -600.0
v -409.31689453125 -254.08786010742188 -600.0
v -409.31689453125 -134.08656311035156 -600.0
v -289.31591796875 -134.0865478515625 -600.0
v -419.317626953125 -124.08905029296875 -600.0
v -279.315185546875 -124.08904266357422 -600.0
v -289.31591796875 -254.08786010742188 -600.0
v -409.31689453125 -134.08656311035156 -600.0
v -409.31689453125 -254.08786010742188 -600.0
v -409.31689453125 -134.08656311035156 -580.0
v -409.31689453125 -254.08786010742188 -580.0
v -409.31689453125 -254.08786010742188 -600.0
v -289.31591796875 -254.08786010742188 -600.0
v -409.31689453125 -254.08786010742188 -580.0
v -289.31591796875 -254.08786010742188 -580.0
v -289.31591796875 -254.08786010742188 -600.0
v -289.31591796875 -134.0865478515625 -600.0
v -289.31591796875 -254.08786010742188 -580.0
v -289.31591796875 -134.0865478515625 -580.0
v -289.31591796875 -134.0865478515625 -600.0
v -409.31689453125 -134.08656311035156 -600.0
v -289.31591796875 -134.0865478515625 -580.0
v -409.31689453125 -134.08656311035156 -580.0
v -409.31689453125 -254.08786010742188 -580.0
v -289.31591796875 -254.08786010742188 -580.0
v -399.31640625 -244.0902557373047 -580.0
v -399.31640625 -144.0902557373047 -580.0
v -299.31640625 -144.0902557373047 -580.0
v -409.31689453125 -134.08656311035156 -580.0
v -289.31591796875 -134.0865478515625 -580.0
v -299.31640625 -244.09024047851562 -580.0
v -399.31640625 -144.0902557373047 -580.0
v -399.31640625 -244.0902557373047 -580.0
v -399.31640625 -144.09022521972656 -180.00003051757812
v -399.31640625 -244.0902099609375 -180.00003051757812
v -399.31640625 -244.0902557373047 -580.0
v -299.31640625 -244.09024047851562 -580.0
v -399.31640625 -244.0902099609375 -180.00003051757812
v -299.31640625 -244.0902099609375 -180.00001525878906
v -299.31640625 -244.09024047851562 -580.0
v -299.31640625 -144.0902557373047 -580.0
v -299.31640625 -244.0902099609375 -180.00001525878906
v -299.31640625 -144.09022521972656 -180.00001525878906
v -299.31640625 -144.0902557373047 -580.0
v -399.31640625 -144.0902557373047 -580.0
v -299.31640625 -144.09022521972656 -180.00001525878906
v -399.31640625 -144.09022521972656 -180.00003051757812
v -409.31689453125 -254.08782958984375 -180.00003051757812
v -399.31640625 -244.0902099609375 -180.00003051757812
v -289.31591796875 -254.08782958984375 -180.00001525878906
v -399.31640625 -144.09022521972656 -180.00003051757812
v -409.31689453125 -134.08651733398438 -180.00003051757812
v -299.31640625 -144.09022521972656 -180.00001525878906
v -289.31591796875 -134.08651733398438 -180.00001525878906
v -299.31640625 -244.0902099609375 -180.00001525878906
v -409.31689453125 -134.08651733398438 -180.00003051757812
v -409.31689453125 -254.08782958984375 -180.00003051757812
v -409.31689453125 -134.08651733398438 -160.00001525878906
v -409.31689453125 -254.08782958984375 -160.00001525878906
v -409.31689453125 -254.08782958984375 -180.00003051757812
v -289.31591796875 -254.08782958984375 -180.00001525878906
v -409.31689453125 -254.08782958984375 -160.00001525878906
v -289.31591796875 -254.08782958984375 -160.0
v -289.31591796875 -254.08782958984375 -180.00001525878906
v -289.31591796875 -134.08651733398438 -180.00001525878906
v -289.31591796875 -254.08782958984375 -160.0
v -289.31591796875 -134.08651733398438 -160.0
v -289.31591796875 -134.08651733398438 -180.00001525878906
v -409.31689453125 -134.08651733398438 -180.00003051757812
v -289.31591796875 -134.08651733398438 -160.0
v -409.31689453125 -134.08651733398438 -160.00001525878906
v -419.317626953125 -264.0914306640625 -160.0
v -409.31689453125 -254.08782958984375 -160.00001525878906
v -279.315185546875 -264.0914306640625 -160.0
v -409.31689453125 -134.08651733398438 -160.00001525878906
v -419.317626953125 -124.0890121459961 -160.0
v -289.31591796875 -134.08651733398438 -160.0
v -279.315185546875 -124.08900451660156 -160.0
v -289.31591796875 -254.08782958984375 -160.0
v -419.317626953125 -264.0914306640625 -160.0
v -279.315185546875 -264.0914306640625 -160.0
v -419.317626953125 -264.0914306640625 -140.0
v -279.315185546875 -264.0914306640625 -140.0
v -279.315185546875 -264.0914306640625 -160.0
v -279.315185546875 -124.08900451660156 -160.0
v -279.315185546875 -264.0914306640625 -140.0
v -279.315185546875 -124.08900451660156 -140.0
v -279.315185546875 -124.08900451660156 -160.0
v -419.317626953125 -124.0890121459961 -160.0
v -279.315185546875 -124.08900451660156 -140.0
v -419.317626953125 -124.08900451660156 -140.0
v -419.317626953125 -124.0890121459961 -160.0
v -419.317626953125 -264.0914306640625 -160.0
v -419.317626953125 -124.08900451660156 -140.0
v -419.317626953125 -264.0914306640625 -140.0
v 280.682373046875 -264.0914306640625 -619.9999389648438
v 420.684814453125 -264.0914306640625 -619.9998779296875
v 280.682373046875 -264.0914306640625 -600.0
v 420.684814453125 -264.0914306640625 -599.9999389648438
v 420.684814453125 -264.0914306640625 -619.9998779296875
v 420.684814453125 -124.0890121459961 -619.9999389648438
v 420.684814453125 -264.0914306640625 -599.9999389648438
v 420.684814453125 -124.0890121459961 -600.0
v 420.684814453125 -124.0890121459961 -619.9999389648438
v 280.682373046875 -124.08901977539062 -619.9999389648438
v 420.684814453125 -124.0890121459961 -600.0
v 280.682373046875 -124.08901977539062 -600.0
v 280.682373046875 -124.08901977539062 -619.9999389648438
v 280.682373046875 -264.0914306640625 -619.9999389648438
v 280.682373046875 -124.08901977539062 -600.0
v 280.682373046875 -264.0914306640625 -600.0
v 280.682373046875 -264.0914306640625 -600.0
v 420.684814453125 -264.0914306640625 -599.9999389648438
v 290.68310546875 -254.08782958984375 -600.0
v 290.68310546875 -134.08653259277344 -600.0
v 410.68408203125 -134.08651733398438 -600.0
v 280.682373046875 -124.08901977539062 -600.0
v 420.684814453125 -124.0890121459961 -600.0
v 410.68408203125 -254.08782958984375 -599.9999389648438
v 290.68310546875 -134.08653259277344 -600.0
v 290.68310546875 -254.08782958984375 -600.0
v 290.68310546875 -134.08653259277344 -580.0
v 290.68310546875 -254.08782958984375 -580.0
v 290.68310546875 -254.08782958984375 -600.0
v 410.68408203125 -254.08782958984375 -599.9999389648438
v 290.68310546875 -254.08782958984375 -580.0
v 410.68408203125 -254.08782958984375 -579.9999389648438
v 410.68408203125 -254.08782958984375 -599.9999389648438
v 410.68408203125 -134.08651733398438 -600.0
v 410.68408203125 -254.08782958984375 -579.9999389648438
v 410.68408203125 -134.08651733398438 -580.0
v 410.68408203125 -134.08651733398438 -600.0
v 290.68310546875 -134.08653259277344 -600.0
v 410.68408203125 -134.08651733398438 -580.0
v 290.68310546875 -134.08653259277344 -580.0
v 290.68310546875 -254.08782958984375 -580.0
v 410.68408203125 -254.08782958984375 -579.9999389648438
v 300.68359375 -244.09022521972656 -580.0
v 300.68359375 -144.09022521972656 -580.0
v 400.68359375 -144.09022521972656 -580.0
v 290.68310546875 -134.08653259277344 -580.0
v 410.68408203125 -134.08651733398438 -580.0
v 400.68359375 -244.0902099609375 -579.9999389648438
v 300.68359375 -144.09022521972656 -580.0
v 300.68359375 -244.09022521972656 -580.0
v 300.68359375 -144.09019470214844 -180.0
v 300.68359375 -244.09017944335938 -180.0
v 300.68359375 -244.09022521972656 -580.0
v 400.68359375 -244.0902099609375 -579.9999389648438
v 300.68359375 -244.09017944335938 -180.0
v 400.68359375 -244.09017944335938 -179.99998474121094
v 400.68359375 -244.0902099609375 -579.9999389648438
v 400.68359375 -144.09022521972656 -580.0
v 400.68359375 -244.09017944335938 -179.99998474121094
v 400.68359375 -144.09019470214844 -179.99998474121094
v 400.68359375 -144.09022521972656 -580.0
v 300.68359375 -144.09022521972656 -580.0
v 400.68359375 -144.09019470214844 -179.99998474121094
v 300.68359375 -144.09019470214844 -180.0
v 290.68310546875 -254.08779907226562 -180.0
v 300.68359375 -244.09017944335938 -180.0
v 410.68408203125 -254.08779907226562 -179.99998474121094
v 300.68359375 -144.09019470214844 -180.0
v 290.68310546875 -134.08648681640625 -180.0
v 400.68359375 -144.09019470214844 -179.99998474121094
v 410.68408203125 -134.08648681640625 -179.99998474121094
v 400.68359375 -244.09017944335938 -179.99998474121094
v 290.68310546875 -134.08648681640625 -180.0
v 290.68310546875 -254.08779907226562 -180.0
v 290.68310546875 -134.08648681640625 -159.99998474121094
v 290.68310546875 -254.08779907226562 -159.99998474121094
v 290.68310546875 -254.08779907226562 -180.0
v 410.68408203125 -254.08779907226562 -179.99998474121094
v 290.68310546875 -254.08779907226562 -159.99998474121094
v 410.68408203125 -254.08779907226562 -159.99996948242188
v 410.68408203125 -254.08779907226562 -179.99998474121094
v 410.68408203125 -134.08648681640625 -179.99998474121094
v 410.68408203125 -254.08779907226562 -159.99996948242188
v 410.68408203125 -134.08648681640625 -159.99996948242188
v 410.68408203125 -134.08648681640625 -179.99998474121094
v 290.68310546875 -134.08648681640625 -180.0
v 410.68408203125 -134.08648681640625 -159.99996948242188
v 290.68310546875 -134.08648681640625 -159.99998474121094
v 280.682373046875 -264.09136962890625 -159.99998474121094
v 290.68310546875 -254.08779907226562 -159.99998474121094
v 420.684814453125 -264.09136962890625 -159.99996948242188
v 290.68310546875 -134.08648681640625 -159.99998474121094
v 280.682373046875 -124.08898162841797 -159.99998474121094
v 410.68408203125 -134.08648681640625 -159.99996948242188
v 420.684814453125 -124.08897399902344 -159.99996948242188
v 410.68408203125 -254.08779907226562 -159.99996948242188
v 280.682373046875 -264.09136962890625 -159.99998474121094
v 420.684814453125 -264.09136962890625 -159.99996948242188
v 280.682373046875 -264.09136962890625 -139.99998474121094
v 420.684814453125 -264.09136962890625 -139.99996948242188
v 420.684814453125 -264.09136962890625 -159.99996948242188
v 420.684814453125 -124.08897399902344 -159.99996948242188
v 420.684814453125 -264.09136962890625 -139.99996948242188
v 420.684814453125 -124.08897399902344 -139.99996948242188
v 420.684814453125 -124.08897399902344 -159.99996948242188
v 280.682373046875 -124.08898162841797 -159.99998474121094
v 420.684814453125 -124.08897399902344 -139.99996948242188
v 280.682373046875 -124.08897399902344 -139.99998474121094
v 280.682373046875 -124.08898162841797 -159.99998474121094
v 280.682373046875 -264.09136962890625 -159.99998474121094
v 280.682373046875 -124.08897399902344 -139.99998474121094
v 280.682373046875 -264.09136962890625 -139.99998474121094
v 980.682373046875 -264.0914001464844 -619.9998779296875
v 1120.684814453125 -264.0914001464844 -619.9998779296875
v 980.682373046875 -264.0914001464844 -599.9999389648438
v 1120.684814453125 -264.09136962890625 -599.9999389648438
v 1120.684814453125 -264.0914001464844 -619.9998779296875
v 1120.684814453125 -124.08898162841797 -619.9998779296875
v 1120.684814453125 -264.09136962890625 -599.9999389648438
v 1120.684814453125 -124.08898162841797 -599.9999389648438
v 1120.684814453125 -124.08898162841797 -619.9998779296875
v 980.682373046875 -124.0889892578125 -619.9998779296875
v 1120.684814453125 -124.08898162841797 -599.9999389648438
v 980.682373046875 -124.0889892578125 -599.9999389648438
v 980.682373046875 -124.0889892578125 -619.9998779296875
v 980.682373046875 -264.0914001464844 -619.9998779296875
v 980.682373046875 -124.0889892578125 -599.9999389648438
v 980.682373046875 -264.0914001464844 -599.9999389648438
v 980.682373046875 -264.0914001464844 -599.9999389648438
v 1120.684814453125 -264.09136962890625 -599.9999389648438
v 990.68603515625 -254.08779907226562 -599.9999389648438
v 990.68603515625 -134.0865020751953 -599.9999389648438
v 1110.68115234375 -134.08648681640625 -599.9999389648438
v 980.682373046875 -124.0889892578125 -599.9999389648438
v 1120.684814453125 -124.08898162841797 -599.9999389648438
v 1110.68115234375 -254.08779907226562 -599.9999389648438
v 990.68603515625 -134.0865020751953 -599.9999389648438
v 990.68603515625 -254.08779907226562 -599.9999389648438
v 990.68603515625 -134.0865020751953 -579.9999389648438
v 990.68603515625 -254.08779907226562 -579.9999389648438
v 990.68603515625 -254.08779907226562 -599.9999389648438
v 1110.68115234375 -254.08779907226562 -599.9999389648438
v 990.68603515625 -254.08779907226562 -579.9999389648438
v 1110.68115234375 -254.08779907226562 -579.9999389648438
v 1110.68115234375 -254.08779907226562 -599.9999389648438
v 1110.68115234375 -134.08648681640625 -599.9999389648438
v 1110.68115234375 -254.08779907226562 -579.9999389648438
v 1110.68115234375 -134.08648681640625 -579.9999389648438
v 1110.68115234375 -134.08648681640625 -599.9999389648438
v 990.68603515625 -134.0865020751953 -599.9999389648438
v 1110.68115234375 -134.08648681640625 -579.9999389648438
v 990.68603515625 -134.0865020751953 -579.9999389648438
v 990.68603515625 -254.08779907226562 -579.9999389648438
v 1110.68115234375 -254.08779907226562 -579.9999389648438
v 1000.68359375 -244.09019470214844 -579.9999389648438
v 1000.68359375 -144.09019470214844 -579.9999389648438
v 1100.68359375 -144.09019470214844 -579.9999389648438
v 990.68603515625 -134.0865020751953 -579.9999389648438
v 1110.68115234375 -134.08648681640625 -579.9999389648438
v 1100.68359375 -244.09017944335938 -579.9999389648438
v 1000.68359375 -144.09019470214844 -579.9999389648438
v 1000.68359375 -244.09019470214844 -579.9999389648438
v 1000.68359375 -144.0901641845703 -179.99996948242188
v 1000.68359375 -244.09014892578125 -179.99996948242188
v 1000.68359375 -244.09019470214844 -579.9999389648438
v 1100.68359375 -244.09017944335938 -579.9999389648438
v 1000.68359375 -244.09014892578125 -179.99996948242188
v 1100.68359375 -244.09014892578125 -179.9999542236328
v 1100.68359375 -244.09017944335938 -579.9999389648438
v 1100.68359375 -144.09019470214844 -579.9999389648438
v 1100.68359375 -244.09014892578125 -179.9999542236328
v 1100.68359375 -144.0901641845703 -179.9999542236328
v 1100.68359375 -144.09019470214844 -579.9999389648438
v 1000.68359375 -144.09019470214844 -579.9999389648438
v 1100.68359375 -144.0901641845703 -179.9999542236328
v 1000.68359375 -144.0901641845703 -179.99996948242188
v 990.68603515625 -254.0877685546875 -179.99996948242188
v 1000.68359375 -244.09014892578125 -179.99996948242188
v 1110.68115234375 -254.0877685546875 -179.9999542236328
v 1000.68359375 -144.0901641845703 -179.99996948242188
v 990.68603515625 -134.08645629882812 -179.99996948242188
v 1100.68359375 -144.0901641845703 -179.9999542236328
v 1110.68115234375 -134.08645629882812 -179.9999542236328
v 1100.68359375 -244.09014892578125 -179.9999542236328
v 990.68603515625 -134.08645629882812 -179.99996948242188
v 990.68603515625 -254.0877685546875 -179.99996948242188
v 990.68603515625 -134.08645629882812 -159.9999542236328
v 990.68603515625 -254.0877685546875 -159.9999542236328
v 990.68603515625 -254.0877685546875 -179.99996948242188
v 1110.68115234375 -254.0877685546875 -179.9999542236328
v 990.68603515625 -254.0877685546875 -159.9999542236328
v 1110.68115234375 -254.0877685546875 -159.99993896484375
v 1110.68115234375 -254.0877685546875 -179.9999542236328
v 1110.68115234375 -134.08645629882812 -179.9999542236328
v 1110.68115234375 -254.0877685546875 -159.99993896484375
v 1110.68115234375 -134.08645629882812 -159.99993896484375
v 1110.68115234375 -134.08645629882812 -179.9999542236328
v 990.68603515625 -134.08645629882812 -179.99996948242188
v 1110.68115234375 -134.08645629882812 -159.99993896484375
v 990.68603515625 -134.08645629882812 -159.9999542236328
v 980.682373046875 -264.09136962890625 -159.9999542236328
v 990.68603515625 -254.0877685546875 -159.9999542236328
v 1120.684814453125 -264.09136962890625 -159.99993896484375
v 990.68603515625 -134.08645629882812 -159.9999542236328
v 980.682373046875 -124.08895111083984 -159.9999542236328
v 1110.68115234375 -134.08645629882812 -159.99993896484375
v 1120.684814453125 -124.08894348144531 -159.99993896484375
v 1110.68115234375 -254.0877685546875 -159.99993896484375
v 980.682373046875 -264.09136962890625 -159.9999542236328
v 1120.684814453125 -264.09136962890625 -159.99993896484375
v 980.682373046875 -264.09136962890625 -139.9999542236328
v 1120.684814453125 -264.0913391113281 -139.99993896484375
v 1120.684814453125 -264.09136962890625 -159.99993896484375
v 1120.684814453125 -124.08894348144531 -159.99993896484375
v 1120.684814453125 -264.0913391113281 -139.99993896484375
v 1120.684814453125 -124.08894348144531 -139.99993896484375
v 1120.684814453125 -124.08894348144531 -159.99993896484375
v 980.682373046875 -124.08895111083984 -159.9999542236328
v 1120.684814453125 -124.08894348144531 -139.99993896484375
v 980.682373046875 -124.08894348144531 -139.9999542236328
v 980.682373046875 -124.08895111083984 -159.9999542236328
v 980.682373046875 -264.09136962890625 -159.9999542236328
v 980.682373046875 -124.08894348144531 -139.9999542236328
v 980.682373046875 -264.09136962890625 -139.9999542236328
v -2449.0478515625 -264.09161376953125 -1240.0001220703125
v -2379.315185546875 -264.09161376953125 -1240.0001220703125
v -2449.0478515625 -264.09161376953125 -1220.0001220703125
v -2379.315185546875 -264.09161376953125 -1220.0001220703125
v -2379.315185546875 -264.09161376953125 -1240.0001220703125
v -2379.315185546875 -124.08918762207031 -1240.0001220703125
v -2379.315185546875 -264.09161376953125 -1220.0001220703125
v -2379.315185546875 -124.08918762207031 -1220.0001220703125
v -2379.315185546875 -124.08918762207031 -1240.0001220703125
v -2449.0478515625 -124.08919525146484 -1240.0001220703125
v -2379.315185546875 -124.08918762207031 -1220.0001220703125
v -2449.0478515625 -124.08919525146484 -1220.0001220703125
v -2449.0478515625 -254.0880126953125 -1220.0001220703125
v -2449.0478515625 -264.09161376953125 -1220.0001220703125
v -2379.315185546875 -264.09161376953125 -1220.0001220703125
v -2379.315185546875 -124.08918762207031 -1220.0001220703125
v -2449.0478515625 -124.08919525146484 -1220.0001220703125
v -2389.31884765625 -134.08670043945312 -1220.0001220703125
v -2389.31884765625 -254.0880126953125 -1220.0001220703125
v -2449.0478515625 -134.08670043945312 -1220.0001220703125
v -2449.0478515625 -254.0880126953125 -1220.0001220703125
v -2389.31884765625 -254.0880126953125 -1220.0001220703125
v -2449.0478515625 -254.0880126953125 -1200.000244140625
v -2389.31884765625 -254.0880126953125 -1200.000244140625
v -2389.31884765625 -254.0880126953125 -1220.0001220703125
v -2389.31884765625 -134.08670043945312 -1220.0001220703125
v -2389.31884765625 -254.0880126953125 -1200.000244140625
v -2389.31884765625 -134.08670043945312 -1200.000244140625
v -2389.31884765625 -134.08670043945312 -1220.0001220703125
v -2449.0478515625 -134.08670043945312 -1220.0001220703125
v -2389.31884765625 -134.08670043945312 -1200.000244140625
v -2449.0478515625 -134.08670043945312 -1200.000244140625
v -2449.0478515625 -134.08670043945312 -1200.000244140625
v -2449.0478515625 -144.0904083251953 -1200.000244140625
v -2399.31640625 -144.09039306640625 -1200.000244140625
v -2399.31640625 -244.09039306640625 -1200.000244140625
v -2449.0478515625 -244.09039306640625 -1200.000244140625
v -2389.31884765625 -254.0880126953125 -1200.000244140625
v -2389.31884765625 -134.08670043945312 -1200.000244140625
v -2449.0478515625 -254.0880126953125 -1200.000244140625
v -2449.0478515625 -244.09039306640625 -1200.000244140625
v -2399.31640625 -244.09039306640625 -1200.000244140625
v -2449.0478515625 -244.09036254882812 -800.0001831054688
v -2399.31640625 -244.09036254882812 -800.0001220703125
v -2399.31640625 -244.09039306640625 -1200.000244140625
v -2399.31640625 -144.09039306640625 -1200.000244140625
v -2399.31640625 -244.09036254882812 -800.0001220703125
v -2399.31640625 -144.09036254882812 -800.0001831054688
v -2399.31640625 -144.09039306640625 -1200.000244140625
v -2449.0478515625 -144.0904083251953 -1200.000244140625
v -2399.31640625 -144.09036254882812 -800.0001831054688
v -2449.0478515625 -144.09036254882812 -800.0001831054688
v -2449.0478515625 -134.086669921875 -800.0001831054688
v -2399.31640625 -144.09036254882812 -800.0001831054688
v -2449.0478515625 -144.09036254882812 -800.0001831054688
v -2399.31640625 -244.09036254882812 -800.0001220703125
v -2389.31884765625 -254.0879669189453 -800.0001220703125
v -2449.0478515625 -244.09036254882812 -800.0001831054688
v -2389.31884765625 -134.086669921875 -800.0001831054688
v -2449.0478515625 -254.08798217773438 -800.0001831054688
v -2449.0478515625 -254.08798217773438 -800.0001831054688
v -2389.31884765625 -254.0879669189453 -800.0001220703125
v -2449.0478515625 -254.0879669189453 -780.0001831054688
v -2389.31884765625 -254.08795166015625 -780.0001220703125
v -2389.31884765625 -254.0879669189453 -800.0001220703125
v -2389.31884765625 -134.086669921875 -800.0001831054688
v -2389.31884765625 -254.08795166015625 -780.0001220703125
v -2389.31884765625 -134.086669921875 -780.0001831054688
v -2389.31884765625 -134.086669921875 -800.0001831054688
v -2449.0478515625 -134.086669921875 -800.0001831054688
v -2389.31884765625 -134.086669921875 -780.0001831054688
v -2449.0478515625 -134.086669921875 -780.0001831054688
v -2449.0478515625 -254.0879669189453 -780.0001831054688
v -2379.315185546875 -264.091552734375 -780.0001220703125
v -2449.0478515625 -264.091552734375 -780.0001831054688
v -2379.315185546875 -124.08914947509766 -780.0001831054688
v -2389.31884765625 -134.086669921875 -780.0001831054688
v -2449.0478515625 -124.08915710449219 -780.0001831054688
v -2389.31884765625 -254.08795166015625 -780.0001220703125
v -2449.0478515625 -134.086669921875 -780.0001831054688
v -2449.0478515625 -264.091552734375 -780.0001831054688
v -2379.315185546875 -264.091552734375 -780.0001220703125
v -2449.0478515625 -264.091552734375 -760.000244140625
v -2379.315185546875 -264.091552734375 -760.0001831054688
v -2379.315185546875 -264.091552734375 -780.0001220703125
v -2379.315185546875 -124.08914947509766 -780.0001831054688
v -2379.315185546875 -264.091552734375 -760.0001831054688
v -2379.315185546875 -124.08914947509766 -760.000244140625
v -2379.315185546875 -124.08914947509766 -780.0001831054688
v -2449.0478515625 -124.08915710449219 -780.0001831054688
v -2379.315185546875 -124.08914947509766 -760.000244140625
v -2449.0478515625 -124.08914947509766 -760.000244140625
v -2449.0478515625 355.9096374511719 -760.000244140625
v -2379.315185546875 -124.08914947509766 -760.000244140625
v -2449.0478515625 -124.08914947509766 -760.000244140625
v -2379.315185546875 -264.091552734375 -760.0001831054688
v 2454.046875 -304.0938415527344 -760.0
v -2449.0478515625 -264.091552734375 -760.000244140625
v 2454.046875 355.90985107421875 -760.0000610351562
v -2449.0478515625 -304.08795166015625 -760.000244140625
v -2449.0478515625 -304.08795166015625 -760.000244140625
v 2454.046875 -304.0938720703125 -760.0
v -2449.0478515625 -304.08795166015625 -740.000244140625
v 2454.046875 -304.0938720703125 -740.0
v -2449.0478515625 -284.0927734375 -740.000244140625
v -2449.0478515625 -304.08795166015625 -740.000244140625
v 2454.046875 -304.0938720703125 -740.0
v 2454.046875 -284.092529296875 -740.0
v -2449.0478515625 -284.0927734375 -740.000244140625
v 2454.046875 -284.092529296875 -740.0
v -2449.0478515625 -284.0927429199219 -640.000244140625
v 2454.046875 -284.092529296875 -640.0
v -2449.0478515625 -284.0927429199219 -640.000244140625
v 2466.25390625 -304.09075927734375 -640.0
v -2449.0478515625 -304.08795166015625 -640.000244140625
v 2466.25390625 355.9129638671875 -640.0
v 2454.046875 -284.092529296875 -640.0
v 2454.046875 355.90985107421875 -640.0000610351562
v -2449.0478515625 -304.08795166015625 -640.000244140625
v 2466.25390625 -304.09075927734375 -640.0
v -2449.0478515625 -304.08795166015625 -620.000244140625
v 2466.25390625 -304.09075927734375 -620.0
v -2449.0478515625 -304.08795166015625 -620.000244140625
v 2466.25390625 -304.09075927734375 -620.0
v 1684.04541015625 -264.0914001464844 -620.0000610351562
v -2400.9521484375 -224.08912658691406 -620.000244140625
v -2400.9521484375 -184.09274291992188 -620.000244140625
v 1684.04541015625 -184.09255981445312 -620.0000610351562
v 1684.04541015625 -124.08899688720703 -620.0000610351562
v 2384.04541015625 -124.0889663696289 -620.0
v 2454.046875 -124.08895874023438 -620.0
v -2449.0478515625 355.9096374511719 -620.000244140625
v 1824.0478515625 -124.0889892578125 -620.0000610351562
v 2466.25390625 355.9129638671875 -620.0
v 1824.0478515625 -264.09136962890625 -620.0
v 2454.046875 -264.09136962890625 -620.0
v 2384.04541015625 -264.09136962890625 -620.0
v 1824.0478515625 -184.09255981445312 -620.0
v 2384.04541015625 -184.092529296875 -620.0
v 2384.04541015625 -224.08892822265625 -620.0
v 1824.0478515625 -224.0889434814453 -620.0
v 1684.04541015625 -224.08895874023438 -620.0000610351562
v -2400.9521484375 -224.08912658691406 -620.000244140625
v 2404.046875 -224.08892822265625 -620.0
v -2400.9521484375 -224.089111328125 -610.0003051757812
v 2404.046875 -224.0889129638672 -610.0000610351562
v 2404.046875 -224.08892822265625 -620.0
v 2404.046875 -184.09251403808594 -620.0
v 2404.046875 -224.0889129638672 -610.0000610351562
v 2404.046875 -184.09251403808594 -610.0000610351562
v 2404.046875 -184.09251403808594 -620.0
v -2400.9521484375 -184.0927276611328 -620.000244140625
v 2404.046875 -184.09251403808594 -610.0000610351562
v -2400.9521484375 -184.0927276611328 -610.0003051757812
v -2400.9521484375 -184.0927276611328 -620.000244140625
v -2400.9521484375 -224.08912658691406 -620.000244140625
v -2400.9521484375 -184.0927276611328 -610.0003051757812
v -2400.9521484375 -224.089111328125 -610.0003051757812
v -2400.9521484375 -224.089111328125 -510.0002746582031
v 2404.046875 -224.08889770507812 -510.0000305175781
v 2404.046875 -224.08889770507812 -510.0000305175781
v 2404.046875 -184.09251403808594 -510.0000305175781
v 2404.046875 -184.09251403808594 -510.0000305175781
v -2400.9521484375 -184.09271240234375 -510.0002746582031
v -2400.9521484375 -184.09271240234375 -510.0002746582031
v -2400.9521484375 -224.089111328125 -510.0002746582031
v -2400.9521484375 -224.089111328125 -500.0002746582031
v 2404.046875 -224.08889770507812 -500.0000305175781
v 2404.046875 -224.08889770507812 -500.0000305175781
v 2404.046875 -184.09249877929688 -500.0000305175781
v 2404.046875 -184.09249877929688 -500.0000305175781
v -2400.9521484375 -184.09271240234375 -500.0002746582031
v -2400.9521484375 -184.09271240234375 -500.0002746582031
v -2400.9521484375 -224.089111328125 -500.0002746582031
v -2400.9521484375 -184.09271240234375 -500.0002746582031
v -2400.9521484375 -224.089111328125 -500.0002746582031
v 2404.046875 -224.08889770507812 -500.0000305175781
v 2404.046875 -184.09249877929688 -500.0000305175781
v 1684.04541015625 -264.0914001464844 -620.0000610351562
v 1824.0478515625 -264.09136962890625 -620.0
v 1684.04541015625 -264.09136962890625 -600.0001220703125
v 1824.0478515625 -264.09136962890625 -600.0000610351562
v 1824.0478515625 -264.09136962890625 -620.0
v 1824.0478515625 -124.08897399902344 -620.0000610351562
v 1824.0478515625 -264.09136962890625 -600.0000610351562
v 1824.0478515625 -124.08897399902344 -600.0001220703125
v 1824.0478515625 -124.08897399902344 -620.0000610351562
v 1684.04541015625 -124.08898162841797 -620.0000610351562
v 1824.0478515625 -124.08897399902344 -600.0001220703125
v 1684.04541015625 -124.08898162841797 -600.0001220703125
v 1684.04541015625 -124.08898162841797 -620.0000610351562
v 1684.04541015625 -264.0914001464844 -620.0000610351562
v 1684.04541015625 -124.08898162841797 -600.0001220703125
v 1684.04541015625 -264.09136962890625 -600.0001220703125
v 1684.04541015625 -264.09136962890625 -600.0001220703125
v 1824.0478515625 -264.09136962890625 -600.0000610351562
v 1694.048828125 -254.08779907226562 -600.0001220703125
v 1694.048828125 -134.08648681640625 -600.0001220703125
v 1814.0439453125 -134.08648681640625 -600.0001220703125
v 1684.04541015625 -124.08898162841797 -600.0001220703125
v 1824.0478515625 -124.08897399902344 -600.0001220703125
v 1814.0439453125 -254.08778381347656 -600.0000610351562
v 1694.048828125 -134.08648681640625 -600.0001220703125
v 1694.048828125 -254.08779907226562 -600.0001220703125
v 1694.048828125 -134.08648681640625 -580.0001220703125
v 1694.048828125 -254.08779907226562 -580.0001220703125
v 1694.048828125 -254.08779907226562 -600.0001220703125
v 1814.0439453125 -254.08778381347656 -600.0000610351562
v 1694.048828125 -254.08779907226562 -580.0001220703125
v 1814.0439453125 -254.08778381347656 -580.0000610351562
v 1814.0439453125 -254.08778381347656 -600.0000610351562
v 1814.0439453125 -134.08648681640625 -600.0001220703125
v 1814.0439453125 -254.08778381347656 -580.0000610351562
v 1814.0439453125 -134.08648681640625 -580.0001220703125
v 1814.0439453125 -134.08648681640625 -600.0001220703125
v 1694.048828125 -134.08648681640625 -600.0001220703125
v 1814.0439453125 -134.08648681640625 -580.0001220703125
v 1694.048828125 -134.08648681640625 -580.0001220703125
v 1694.048828125 -254.08779907226562 -580.0001220703125
v 1814.0439453125 -254.08778381347656 -580.0000610351562
v 1704.046875 -244.09017944335938 -580.0001220703125
v 1704.046875 -144.09019470214844 -580.0001220703125
v 1804.046875 -144.09017944335938 -580.0001220703125
v 1694.048828125 -134.08648681640625 -580.0001220703125
v 1814.0439453125 -134.08648681640625 -580.0001220703125
v 1804.046875 -244.09017944335938 -580.0000610351562
v 1704.046875 -144.09019470214844 -580.0001220703125
v 1704.046875 -244.09017944335938 -580.0001220703125
v 1704.046875 -144.09014892578125 -180.0001220703125
v 1704.046875 -244.09014892578125 -180.0001220703125
v 1704.046875 -244.09017944335938 -580.0001220703125
v 1804.046875 -244.09017944335938 -580.0000610351562
v 1704.046875 -244.09014892578125 -180.0001220703125
v 1804.046875 -244.09014892578125 -180.00010681152344
v 1804.046875 -244.09017944335938 -580.0000610351562
v 1804.046875 -144.09017944335938 -580.0001220703125
v 1804.046875 -244.09014892578125 -180.00010681152344
v 1804.046875 -144.09014892578125 -180.00010681152344
v 1804.046875 -144.09017944335938 -580.0001220703125
v 1704.046875 -144.09019470214844 -580.0001220703125
v 1804.046875 -144.09014892578125 -180.00010681152344
v 1704.046875 -144.09014892578125 -180.0001220703125
v 1689.0439453125 -254.08775329589844 -180.0001220703125
v 1704.046875 -244.09014892578125 -180.0001220703125
v 1809.04541015625 -254.08775329589844 -180.00010681152344
v 1704.046875 -144.09014892578125 -180.0001220703125
v 1689.0439453125 -134.08645629882812 -180.0001220703125
v 1804.046875 -144.09014892578125 -180.00010681152344
v 1809.04541015625 -134.08645629882812 -180.00010681152344
v 1804.046875 -244.09014892578125 -180.00010681152344
v 1689.0439453125 -134.08645629882812 -180.0001220703125
v 1689.0439453125 -254.08775329589844 -180.0001220703125
v 1689.0439453125 -134.08645629882812 -160.0001220703125
v 1689.0439453125 -254.08775329589844 -160.0001220703125
v 1689.0439453125 -254.08775329589844 -180.0001220703125
v 1809.04541015625 -254.08775329589844 -180.00010681152344
v 1689.0439453125 -254.08775329589844 -160.0001220703125
v 1809.04541015625 -254.08775329589844 -160.00010681152344
v 1809.04541015625 -254.08775329589844 -180.00010681152344
v 1809.04541015625 -134.08645629882812 -180.00010681152344
v 1809.04541015625 -254.08775329589844 -160.00010681152344
v 1809.04541015625 -134.08645629882812 -160.00010681152344
v 1809.04541015625 -134.08645629882812 -180.00010681152344
v 1689.0439453125 -134.08645629882812 -180.0001220703125
v 1809.04541015625 -134.08645629882812 -160.00010681152344
v 1689.0439453125 -134.08645629882812 -160.0001220703125
v 1679.046875 -264.0913391113281 -160.0001220703125
v 1689.0439453125 -254.08775329589844 -160.0001220703125
v 1819.048828125 -264.0913391113281 -160.00010681152344
v 1689.0439453125 -134.08645629882812 -160.0001220703125
v 1679.046875 -124.08894348144531 -160.0001220703125
v 1809.04541015625 -134.08645629882812 -160.00010681152344
v 1819.048828125 -124.08893585205078 -160.00010681152344
v 1809.04541015625 -254.08775329589844 -160.00010681152344
v 1679.046875 -264.0913391113281 -160.0001220703125
v 1819.048828125 -264.0913391113281 -160.00010681152344
v 1679.046875 -264.0913391113281 -140.00010681152344
v 1819.048828125 -264.0913391113281 -140.00009155273438
v 1819.048828125 -264.0913391113281 -160.00010681152344
v 1819.048828125 -124.08893585205078 -160.00010681152344
v 1819.048828125 -264.0913391113281 -140.00009155273438
v 1819.048828125 -124.08893585205078 -140.00009155273438
v 1819.048828125 -124.08893585205078 -160.00010681152344
v 1679.046875 -124.08894348144531 -160.0001220703125
v 1819.048828125 -124.08893585205078 -140.00009155273438
v 1679.046875 -124.08894348144531 -140.00010681152344
v 1679.046875 -124.08894348144531 -160.0001220703125
v 1679.046875 -264.0913391113281 -160.0001220703125
v 1679.046875 -124.08894348144531 -140.00010681152344
v 1679.046875 -264.0913391113281 -140.00010681152344
v 2384.04541015625 -264.09136962890625 -620.0
v 2454.046875 -264.09136962890625 -620.0
v 2384.04541015625 -264.09136962890625 -600.0000610351562
v 2454.046875 -264.0913391113281 -600.0000610351562
v 2454.046875 -124.08895111083984 -620.0
v 2384.04541015625 -124.08895111083984 -620.0
v 2454.046875 -124.08895111083984 -600.0000610351562
v 2384.04541015625 -124.08895111083984 -600.0000610351562
v 2384.04541015625 -124.08895111083984 -620.0
v 2384.04541015625 -264.09136962890625 -620.0
v 2384.04541015625 -124.08895111083984 -600.0000610351562
v 2384.04541015625 -264.09136962890625 -600.0000610351562
v 2384.04541015625 -264.09136962890625 -600.0000610351562
v 2454.046875 -264.0913391113281 -600.0000610351562
v 2394.048828125 -254.0877685546875 -600.0000610351562
v 2394.048828125 -134.08645629882812 -600.0000610351562
v 2454.046875 -134.08645629882812 -600.0000610351562
v 2384.04541015625 -124.08895111083984 -600.0000610351562
v 2454.046875 -254.08775329589844 -600.0000610351562
v 2454.046875 -124.08895111083984 -600.0000610351562
v 2394.048828125 -134.08645629882812 -600.0000610351562
v 2394.048828125 -254.0877685546875 -600.0000610351562
v 2394.048828125 -134.08645629882812 -580.0000610351562
v 2394.048828125 -254.0877685546875 -580.0000610351562
v 2394.048828125 -254.0877685546875 -600.0000610351562
v 2454.046875 -254.08775329589844 -600.0000610351562
v 2394.048828125 -254.0877685546875 -580.0000610351562
v 2454.046875 -254.08775329589844 -580.0000610351562
v 2454.046875 -134.08645629882812 -600.0000610351562
v 2394.048828125 -134.08645629882812 -600.0000610351562
v 2454.046875 -134.08645629882812 -580.0000610351562
v 2394.048828125 -134.08645629882812 -580.0000610351562
v 2394.048828125 -254.0877685546875 -580.0000610351562
v 2454.046875 -254.08775329589844 -580.0000610351562
v 2404.046875 -244.09014892578125 -580.0000610351562
v 2404.046875 -144.0901641845703 -580.0000610351562
v 2454.046875 -144.0901641845703 -580.0000610351562
v 2394.048828125 -134.08645629882812 -580.0000610351562
v 2454.046875 -244.09014892578125 -580.0000610351562
v 2454.046875 -134.08645629882812 -580.0000610351562
v 2404.046875 -144.0901641845703 -580.0000610351562
v 2404.046875 -244.09014892578125 -580.0000610351562
v 2404.046875 -144.09011840820312 -180.00009155273438
v 2404.046875 -244.09011840820312 -180.00009155273438
v 2404.046875 -244.09014892578125 -580.0000610351562
v 2454.046875 -244.09014892578125 -580.0000610351562
v 2404.046875 -244.09011840820312 -180.00009155273438
v 2454.046875 -244.09011840820312 -180.0000762939453
v 2454.046875 -144.0901641845703 -580.0000610351562
v 2404.046875 -144.0901641845703 -580.0000610351562
v 2454.046875 -144.09011840820312 -180.00009155273438
v 2404.046875 -144.09011840820312 -180.00009155273438
v 2394.048828125 -254.0877227783203 -180.00009155273438
v 2404.046875 -244.09011840820312 -180.00009155273438
v 2454.046875 -254.0877227783203 -180.0000762939453
v 2404.046875 -144.09011840820312 -180.00009155273438
v 2394.048828125 -134.08642578125 -180.00009155273438
v 2454.046875 -144.09011840820312 -180.00009155273438
v 2454.046875 -244.09011840820312 -180.0000762939453
v 2454.046875 -134.08642578125 -180.00009155273438
v 2394.048828125 -134.08642578125 -180.00009155273438
v 2394.048828125 -254.0877227783203 -180.00009155273438
v 2394.048828125 -134.08642578125 -160.00009155273438
v 2394.048828125 -254.0877227783203 -160.00009155273438
v 2394.048828125 -254.0877227783203 -180.00009155273438
v 2454.046875 -254.0877227783203 -180.0000762939453
v 2394.048828125 -254.0877227783203 -160.00009155273438
v 2454.046875 -254.0877227783203 -160.0000762939453
v 2454.046875 -134.08642578125 -180.00009155273438
v 2394.048828125 -134.08642578125 -180.00009155273438
v 2454.046875 -134.08642578125 -160.00009155273438
v 2394.048828125 -134.08642578125 -160.00009155273438
v 2384.04541015625 -264.09130859375 -160.00009155273438
v 2394.048828125 -254.0877227783203 -160.00009155273438
v 2454.046875 -264.09130859375 -160.0000762939453
v 2394.048828125 -134.08642578125 -160.00009155273438
v 2384.04541015625 -124.08891296386719 -160.00009155273438
v 2454.046875 -134.08642578125 -160.00009155273438
v 2454.046875 -254.0877227783203 -160.0000762939453
v 2454.046875 -124.08891296386719 -160.00009155273438
v 2384.04541015625 -264.09130859375 -160.00009155273438
v 2454.046875 -264.09130859375 -160.0000762939453
v 2384.04541015625 -264.09130859375 -140.0000762939453
v 2454.046875 -264.09130859375 -140.00006103515625
v 2454.046875 -124.08891296386719 -160.00009155273438
v 2384.04541015625 -124.08891296386719 -160.00009155273438
v 2454.046875 -124.08890533447266 -140.0000762939453
v 2384.04541015625 -124.08891296386719 -140.0000762939453
v 2384.04541015625 -124.08891296386719 -160.00009155273438
v 2384.04541015625 -264.09130859375 -160.00009155273438
v 2384.04541015625 -124.08891296386719 -140.0000762939453
v 2384.04541015625 -264.09130859375 -140.0000762939453
v -1819.317626953125 -264.0915832519531 -1240.0001220703125
v -1679.315185546875 -264.091552734375 -1240.0001220703125
v -1819.317626953125 -264.0915832519531 -1220.0001220703125
v -1679.315185546875 -264.091552734375 -1220.0001220703125
v -1679.315185546875 -264.091552734375 -1240.0001220703125
v -1679.315185546875 -124.08915710449219 -1240.0001220703125
v -1679.315185546875 -264.091552734375 -1220.0001220703125
v -1679.315185546875 -124.08915710449219 -1220.0001220703125
v -1679.315185546875 -124.08915710449219 -1240.0001220703125
v -1819.317626953125 -124.08916473388672 -1240.0001220703125
v -1679.315185546875 -124.08915710449219 -1220.0001220703125
v -1819.317626953125 -124.08916473388672 -1220.0001220703125
v -1819.317626953125 -124.08916473388672 -1240.0001220703125
v -1819.317626953125 -264.0915832519531 -1240.0001220703125
v -1819.317626953125 -124.08916473388672 -1220.0001220703125
v -1819.317626953125 -264.0915832519531 -1220.0001220703125
v -1819.317626953125 -264.0915832519531 -1220.0001220703125
v -1679.315185546875 -264.091552734375 -1220.0001220703125
v -1809.31396484375 -254.08798217773438 -1220.0001220703125
v -1809.31396484375 -134.086669921875 -1220.0001220703125
v -1689.31884765625 -134.086669921875 -1220.0001220703125
v -1819.317626953125 -124.08916473388672 -1220.0001220703125
v -1679.315185546875 -124.08915710449219 -1220.0001220703125
v -1689.31884765625 -254.08798217773438 -1220.0001220703125
v -1809.31396484375 -134.086669921875 -1220.0001220703125
v -1809.31396484375 -254.08798217773438 -1220.0001220703125
v -1809.31396484375 -134.086669921875 -1200.000244140625
v -1809.31396484375 -254.08798217773438 -1200.000244140625
v -1809.31396484375 -254.08798217773438 -1220.0001220703125
v -1689.31884765625 -254.08798217773438 -1220.0001220703125
v -1809.31396484375 -254.08798217773438 -1200.000244140625
v -1689.31884765625 -254.08798217773438 -1200.000244140625
v -1689.31884765625 -254.08798217773438 -1220.0001220703125
v -1689.31884765625 -134.086669921875 -1220.0001220703125
v -1689.31884765625 -254.08798217773438 -1200.000244140625
v -1689.31884765625 -134.086669921875 -1200.000244140625
v -1689.31884765625 -134.086669921875 -1220.0001220703125
v -1809.31396484375 -134.086669921875 -1220.0001220703125
v -1689.31884765625 -134.086669921875 -1200.000244140625
v -1809.31396484375 -134.086669921875 -1200.000244140625
v -1809.31396484375 -254.08798217773438 -1200.000244140625
v -1689.31884765625 -254.08798217773438 -1200.000244140625
v -1799.31640625 -244.09036254882812 -1200.000244140625
v -1799.31640625 -144.0903778076172 -1200.000244140625
v -1699.31640625 -144.09036254882812 -1200.000244140625
v -1809.31396484375 -134.086669921875 -1200.000244140625
v -1689.31884765625 -134.086669921875 -1200.000244140625
v -1699.31640625 -244.09036254882812 -1200.000244140625
v -1799.31640625 -144.0903778076172 -1200.000244140625
v -1799.31640625 -244.09036254882812 -1200.000244140625
v -1799.31640625 -144.09033203125 -800.0001220703125
v -1799.31640625 -244.09033203125 -800.0001220703125
v -1799.31640625 -244.09036254882812 -1200.000244140625
v -1699.31640625 -244.09036254882812 -1200.000244140625
v -1799.31640625 -244.09033203125 -800.0001220703125
v -1699.31640625 -244.09033203125 -800.0001220703125
v -1699.31640625 -244.09036254882812 -1200.000244140625
v -1699.31640625 -144.09036254882812 -1200.000244140625
v -1699.31640625 -244.09033203125 -800.0001220703125
v -1699.31640625 -144.09033203125 -800.0001220703125
v -1699.31640625 -144.09036254882812 -1200.000244140625
v -1799.31640625 -144.0903778076172 -1200.000244140625
v -1699.31640625 -144.09033203125 -800.0001220703125
v -1799.31640625 -144.09033203125 -800.0001220703125
v -1809.31396484375 -254.08795166015625 -800.0001220703125
v -1799.31640625 -244.09033203125 -800.0001220703125
v -1689.31884765625 -254.0879364013672 -800.0001220703125
v -1799.31640625 -144.09033203125 -800.0001220703125
v -1809.31396484375 -134.08663940429688 -800.0001220703125
v -1699.31640625 -144.09033203125 -800.0001220703125
v -1689.31884765625 -134.08663940429688 -800.0001220703125
v -1699.31640625 -244.09033203125 -800.0001220703125
v -1809.31396484375 -134.08663940429688 -800.0001220703125
v -1809.31396484375 -254.08795166015625 -800.0001220703125
v -1809.31396484375 -134.08663940429688 -780.0001220703125
v -1809.31396484375 -254.0879364013672 -780.0001220703125
v -1809.31396484375 -254.08795166015625 -800.0001220703125
v -1689.31884765625 -254.0879364013672 -800.0001220703125
v -1809.31396484375 -254.0879364013672 -780.0001220703125
v -1689.31884765625 -254.08792114257812 -780.0001220703125
v -1689.31884765625 -254.0879364013672 -800.0001220703125
v -1689.31884765625 -134.08663940429688 -800.0001220703125
v -1689.31884765625 -254.08792114257812 -780.0001220703125
v -1689.31884765625 -134.08663940429688 -780.0001220703125
v -1689.31884765625 -134.08663940429688 -800.0001220703125
v -1809.31396484375 -134.08663940429688 -800.0001220703125
v -1689.31884765625 -134.08663940429688 -780.0001220703125
v -1809.31396484375 -134.08663940429688 -780.0001220703125
v -1819.317626953125 -264.0915222167969 -780.0001220703125
v -1809.31396484375 -254.0879364013672 -780.0001220703125
v -1679.315185546875 -264.0915222167969 -780.0001220703125
v -1809.31396484375 -134.08663940429688 -780.0001220703125
v -1819.317626953125 -124.08912658691406 -780.0001220703125
v -1689.31884765625 -134.08663940429688 -780.0001220703125
v -1679.315185546875 -124.08911895751953 -780.0001220703125
v -1689.31884765625 -254.08792114257812 -780.0001220703125
v -1819.317626953125 -264.0915222167969 -780.0001220703125
v -1679.315185546875 -264.0915222167969 -780.0001220703125
v -1819.317626953125 -264.0915222167969 -760.0001831054688
v -1679.315185546875 -264.0915222167969 -760.0001831054688
v -1679.315185546875 -264.0915222167969 -780.0001220703125
v -1679.315185546875 -124.08911895751953 -780.0001220703125
v -1679.315185546875 -264.0915222167969 -760.0001831054688
v -1679.315185546875 -124.08911895751953 -760.0001831054688
v -1679.315185546875 -124.08911895751953 -780.0001220703125
v -1819.317626953125 -124.08912658691406 -780.0001220703125
v -1679.315185546875 -124.08911895751953 -760.0001831054688
v -1819.317626953125 -124.08912658691406 -760.0001831054688
v -1819.317626953125 -124.08912658691406 -780.0001220703125
v -1819.317626953125 -264.0915222167969 -780.0001220703125
v -1819.317626953125 -124.08912658691406 -760.0001831054688
v -1819.317626953125 -264.0915222167969 -760.0001831054688
v -1819.317626953125 -124.08912658691406 -760.0001831054688
v -1819.317626953125 -264.0915222167969 -760.0001831054688
v -1679.315185546875 -264.0915222167969 -760.0001831054688
v -1679.315185546875 -124.08911895751953 -760.0001831054688
v -1119.317626953125 -264.091552734375 -1240.0
v -979.315185546875 -264.091552734375 -1240.0
v -1119.317626953125 -264.091552734375 -1220.0
v -979.315185546875 -264.091552734375 -1220.0
v -979.315185546875 -264.091552734375 -1240.0
v -979.315185546875 -124.08912658691406 -1240.0
v -979.315185546875 -264.091552734375 -1220.0
v -979.315185546875 -124.08912658691406 -1220.0
v -979.315185546875 -124.08912658691406 -1240.0
v -1119.317626953125 -124.0891342163086 -1240.0
v -979.315185546875 -124.08912658691406 -1220.0
v -1119.317626953125 -124.0891342163086 -1220.0
v -1119.317626953125 -124.0891342163086 -1240.0
v -1119.317626953125 -264.091552734375 -1240.0
v -1119.317626953125 -124.0891342163086 -1220.0
v -1119.317626953125 -264.091552734375 -1220.0
v -1119.317626953125 -264.091552734375 -1220.0
v -979.315185546875 -264.091552734375 -1220.0
v -1109.31396484375 -254.08795166015625 -1220.0
v -1109.31396484375 -134.08663940429688 -1220.0
v -989.31884765625 -134.08663940429688 -1220.0
v -1119.317626953125 -124.0891342163086 -1220.0
v -979.315185546875 -124.08912658691406 -1220.0
v -989.31884765625 -254.08795166015625 -1220.0
v -1109.31396484375 -134.08663940429688 -1220.0
v -1109.31396484375 -254.08795166015625 -1220.0
v -1109.31396484375 -134.08663940429688 -1200.0001220703125
v -1109.31396484375 -254.08795166015625 -1200.0001220703125
v -1109.31396484375 -254.08795166015625 -1220.0
v -989.31884765625 -254.08795166015625 -1220.0
v -1109.31396484375 -254.08795166015625 -1200.0001220703125
v -989.31884765625 -254.08795166015625 -1200.0001220703125
v -989.31884765625 -254.08795166015625 -1220.0
v -989.31884765625 -134.08663940429688 -1220.0
v -989.31884765625 -254.08795166015625 -1200.0001220703125
v -989.31884765625 -134.08663940429688 -1200.0001220703125
v -989.31884765625 -134.08663940429688 -1220.0
v -1109.31396484375 -134.08663940429688 -1220.0
v -989.31884765625 -134.08663940429688 -1200.0001220703125
v -1109.31396484375 -134.08663940429688 -1200.0001220703125
v -1109.31396484375 -254.08795166015625 -1200.0001220703125
v -989.31884765625 -254.08795166015625 -1200.0001220703125
v -1099.31640625 -244.09033203125 -1200.0001220703125
v -1099.31640625 -144.09034729003906 -1200.0001220703125
v -999.31640625 -144.09033203125 -1200.0001220703125
v -1109.31396484375 -134.08663940429688 -1200.0001220703125
v -989.31884765625 -134.08663940429688 -1200.0001220703125
v -999.31640625 -244.09033203125 -1200.0001220703125
v -1099.31640625 -144.09034729003906 -1200.0001220703125
v -1099.31640625 -244.09033203125 -1200.0001220703125
v -1099.31640625 -144.09030151367188 -800.0001220703125
v -1099.31640625 -244.09030151367188 -800.0001220703125
v -1099.31640625 -244.09033203125 -1200.0001220703125
v -999.31640625 -244.09033203125 -1200.0001220703125
v -1099.31640625 -244.09030151367188 -800.0001220703125
v -999.31640625 -244.09030151367188 -800.0000610351562
v -999.31640625 -244.09033203125 -1200.0001220703125
v -999.31640625 -144.09033203125 -1200.0001220703125
v -999.31640625 -244.09030151367188 -800.0000610351562
v -999.31640625 -144.09030151367188 -800.0001220703125
v -999.31640625 -144.09033203125 -1200.0001220703125
v -1099.31640625 -144.09034729003906 -1200.0001220703125
v -999.31640625 -144.09030151367188 -800.0001220703125
v -1099.31640625 -144.09030151367188 -800.0001220703125
v -1109.31396484375 -254.08792114257812 -800.0001220703125
v -1099.31640625 -244.09030151367188 -800.0001220703125
v -989.31884765625 -254.08790588378906 -800.0000610351562
v -1099.31640625 -144.09030151367188 -800.0001220703125
v -1109.31396484375 -134.08660888671875 -800.0001220703125
v -999.31640625 -144.09030151367188 -800.0001220703125
v -989.31884765625 -134.08660888671875 -800.0001220703125
v -999.31640625 -244.09030151367188 -800.0000610351562
v -1109.31396484375 -134.08660888671875 -800.0001220703125
v -1109.31396484375 -254.08792114257812 -800.0001220703125
v -1109.31396484375 -134.08660888671875 -780.0001220703125
v -1109.31396484375 -254.08790588378906 -780.0001220703125
v -1109.31396484375 -254.08792114257812 -800.0001220703125
v -989.31884765625 -254.08790588378906 -800.0000610351562
v -1109.31396484375 -254.08790588378906 -780.0001220703125
v -989.31884765625 -254.087890625 -780.0000610351562
v -989.31884765625 -254.08790588378906 -800.0000610351562
v -989.31884765625 -134.08660888671875 -800.0001220703125
v -989.31884765625 -254.087890625 -780.0000610351562
v -989.31884765625 -134.08660888671875 -780.0001220703125
v -989.31884765625 -134.08660888671875 -800.0001220703125
v -1109.31396484375 -134.08660888671875 -800.0001220703125
v -989.31884765625 -134.08660888671875 -780.0001220703125
v -1109.31396484375 -134.08660888671875 -780.0001220703125
v -1119.317626953125 -264.09149169921875 -780.0001220703125
v -1109.31396484375 -254.08790588378906 -780.0001220703125
v -979.315185546875 -264.09149169921875 -780.0000610351562
v -1109.31396484375 -134.08660888671875 -780.0001220703125
v -1119.317626953125 -124.08909606933594 -780.0001220703125
v -989.31884765625 -134.08660888671875 -780.0001220703125
v -979.315185546875 -124.0890884399414 -780.0001220703125
v -989.31884765625 -254.087890625 -780.0000610351562
v -1119.317626953125 -264.09149169921875 -780.0001220703125
v -979.315185546875 -264.09149169921875 -780.0000610351562
v -1119.317626953125 -264.09149169921875 -760.0001831054688
v -979.315185546875 -264.09149169921875 -760.0001220703125
v -979.315185546875 -264.09149169921875 -780.0000610351562
v -979.315185546875 -124.0890884399414 -780.0001220703125
v -979.315185546875 -264.09149169921875 -760.0001220703125
v -979.315185546875 -124.0890884399414 -760.0001831054688
v -979.315185546875 -124.0890884399414 -780.0001220703125
v -1119.317626953125 -124.08909606933594 -780.0001220703125
v -979.315185546875 -124.0890884399414 -760.0001831054688
v -1119.317626953125 -124.08909606933594 -760.0001831054688
v -1119.317626953125 -124.08909606933594 -780.0001220703125
v -1119.317626953125 -264.09149169921875 -780.0001220703125
v -1119.317626953125 -124.08909606933594 -760.0001831054688
v -1119.317626953125 -264.09149169921875 -760.0001831054688
v -1119.317626953125 -124.08909606933594 -760.0001831054688
v -1119.317626953125 -264.09149169921875 -760.0001831054688
v -979.315185546875 -264.09149169921875 -760.0001220703125
v -979.315185546875 -124.0890884399414 -760.0001831054688
v -419.3173828125 -264.0915222167969 -1240.0001220703125
v -279.31494140625 -264.09149169921875 -1240.0
v -419.3173828125 -264.09149169921875 -1220.0001220703125
v -279.31494140625 -264.09149169921875 -1220.0
v -279.31494140625 -264.09149169921875 -1240.0
v -279.31494140625 -124.08909606933594 -1240.0001220703125
v -279.31494140625 -264.09149169921875 -1220.0
v -279.31494140625 -124.08909606933594 -1220.0001220703125
v -279.31494140625 -124.08909606933594 -1240.0001220703125
v -419.3173828125 -124.08910369873047 -1240.0001220703125
v -279.31494140625 -124.08909606933594 -1220.0001220703125
v -419.3173828125 -124.08910369873047 -1220.0001220703125
v -419.3173828125 -124.08910369873047 -1240.0001220703125
v -419.3173828125 -264.0915222167969 -1240.0001220703125
v -419.3173828125 -124.08910369873047 -1220.0001220703125
v -419.3173828125 -264.09149169921875 -1220.0001220703125
v -419.3173828125 -264.09149169921875 -1220.0001220703125
v -279.31494140625 -264.09149169921875 -1220.0
v -409.316650390625 -254.08792114257812 -1220.0001220703125
v -409.316650390625 -134.08660888671875 -1220.0001220703125
v -289.315673828125 -134.08660888671875 -1220.0001220703125
v -419.3173828125 -124.08910369873047 -1220.0001220703125
v -279.31494140625 -124.08909606933594 -1220.0001220703125
v -289.315673828125 -254.08792114257812 -1220.0
v -409.316650390625 -134.08660888671875 -1220.0001220703125
v -409.316650390625 -254.08792114257812 -1220.0001220703125
v -409.316650390625 -134.08660888671875 -1200.000244140625
v -409.316650390625 -254.08792114257812 -1200.000244140625
v -409.316650390625 -254.08792114257812 -1220.0001220703125
v -289.315673828125 -254.08792114257812 -1220.0
v -409.316650390625 -254.08792114257812 -1200.000244140625
v -289.315673828125 -254.08792114257812 -1200.0001220703125
v -289.315673828125 -254.08792114257812 -1220.0
v -289.315673828125 -134.08660888671875 -1220.0001220703125
v -289.315673828125 -254.08792114257812 -1200.0001220703125
v -289.315673828125 -134.08660888671875 -1200.000244140625
v -289.315673828125 -134.08660888671875 -1220.0001220703125
v -409.316650390625 -134.08660888671875 -1220.0001220703125
v -289.315673828125 -134.08660888671875 -1200.000244140625
v -409.316650390625 -134.08660888671875 -1200.000244140625
v -409.316650390625 -254.08792114257812 -1200.000244140625
v -289.315673828125 -254.08792114257812 -1200.0001220703125
v -399.316162109375 -244.09030151367188 -1200.000244140625
v -399.316162109375 -144.09031677246094 -1200.000244140625
v -299.316162109375 -144.09030151367188 -1200.000244140625
v -409.316650390625 -134.08660888671875 -1200.000244140625
v -289.315673828125 -134.08660888671875 -1200.000244140625
v -299.316162109375 -244.09030151367188 -1200.0001220703125
v -399.316162109375 -144.09031677246094 -1200.000244140625
v -399.316162109375 -244.09030151367188 -1200.000244140625
v -399.31640625 -144.09027099609375 -800.0000610351562
v -399.31640625 -244.09027099609375 -800.0000610351562
v -399.316162109375 -244.09030151367188 -1200.000244140625
v -299.316162109375 -244.09030151367188 -1200.0001220703125
v -399.31640625 -244.09027099609375 -800.0000610351562
v -299.31640625 -244.09027099609375 -800.0000610351562
v -299.316162109375 -244.09030151367188 -1200.0001220703125
v -299.316162109375 -144.09030151367188 -1200.000244140625
v -299.31640625 -244.09027099609375 -800.0000610351562
v -299.31640625 -144.09027099609375 -800.0000610351562
v -299.316162109375 -144.09030151367188 -1200.000244140625
v -399.316162109375 -144.09031677246094 -1200.000244140625
v -299.31640625 -144.09027099609375 -800.0000610351562
v -399.31640625 -144.09027099609375 -800.0000610351562
v -409.31689453125 -254.087890625 -800.0000610351562
v -399.31640625 -244.09027099609375 -800.0000610351562
v -289.31591796875 -254.08787536621094 -800.0000610351562
v -399.31640625 -144.09027099609375 -800.0000610351562
v -409.31689453125 -134.08657836914062 -800.0000610351562
v -299.31640625 -144.09027099609375 -800.0000610351562
v -289.31591796875 -134.08657836914062 -800.0000610351562
v -299.31640625 -244.09027099609375 -800.0000610351562
v -409.31689453125 -134.08657836914062 -800.0000610351562
v -409.31689453125 -254.087890625 -800.0000610351562
v -409.31689453125 -134.08657836914062 -780.0000610351562
v -409.31689453125 -254.08787536621094 -780.0000610351562
v -409.31689453125 -254.087890625 -800.0000610351562
v -289.31591796875 -254.08787536621094 -800.0000610351562
v -409.31689453125 -254.08787536621094 -780.0000610351562
v -289.31591796875 -254.08786010742188 -780.0000610351562
v -289.31591796875 -254.08787536621094 -800.0000610351562
v -289.31591796875 -134.08657836914062 -800.0000610351562
v -289.31591796875 -254.08786010742188 -780.0000610351562
v -289.31591796875 -134.08657836914062 -780.0000610351562
v -289.31591796875 -134.08657836914062 -800.0000610351562
v -409.31689453125 -134.08657836914062 -800.0000610351562
v -289.31591796875 -134.08657836914062 -780.0000610351562
v -409.31689453125 -134.08657836914062 -780.0000610351562
v -419.317626953125 -264.0914611816406 -780.0000610351562
v -409.31689453125 -254.08787536621094 -780.0000610351562
v -279.315185546875 -264.0914611816406 -780.0000610351562
v -409.31689453125 -134.08657836914062 -780.0000610351562
v -419.317626953125 -124.08906555175781 -780.0000610351562
v -289.31591796875 -134.08657836914062 -780.0000610351562
v -279.315185546875 -124.08905792236328 -780.0000610351562
v -289.31591796875 -254.08786010742188 -780.0000610351562
v -419.317626953125 -264.0914611816406 -780.0000610351562
v -279.315185546875 -264.0914611816406 -780.0000610351562
v -419.317626953125 -264.0914611816406 -760.0001220703125
v -279.315185546875 -264.0914611816406 -760.0001220703125
v -279.315185546875 -264.0914611816406 -780.0000610351562
v -279.315185546875 -124.08905792236328 -780.0000610351562
v -279.315185546875 -264.0914611816406 -760.0001220703125
v -279.315185546875 -124.08905792236328 -760.0001220703125
v -279.315185546875 -124.08905792236328 -780.0000610351562
v -419.317626953125 -124.08906555175781 -780.0000610351562
v -279.315185546875 -124.08905792236328 -760.0001220703125
v -419.317626953125 -124.08906555175781 -760.0001220703125
v -419.317626953125 -124.08906555175781 -780.0000610351562
v -419.317626953125 -264.0914611816406 -780.0000610351562
v -419.317626953125 -124.08906555175781 -760.0001220703125
v -419.317626953125 -264.0914611816406 -760.0001220703125
v -419.317626953125 -124.08906555175781 -760.0001220703125
v -419.317626953125 -264.0914611816406 -760.0001220703125
v -279.315185546875 -264.0914611816406 -760.0001220703125
v -279.315185546875 -124.08905792236328 -760.0001220703125
v 280.6826171875 -264.09149169921875 -1240.0
v 420.68505859375 -264.09149169921875 -1240.0
v 280.6826171875 -264.09149169921875 -1220.0
v 420.68505859375 -264.09149169921875 -1220.0
v 420.68505859375 -264.09149169921875 -1240.0
v 420.68505859375 -124.08906555175781 -1240.0
v 420.68505859375 -264.09149169921875 -1220.0
v 420.68505859375 -124.08906555175781 -1220.0
v 420.68505859375 -124.08906555175781 -1240.0
v 280.6826171875 -124.08907318115234 -1240.0
v 420.68505859375 -124.08906555175781 -1220.0
v 280.6826171875 -124.08907318115234 -1220.0
v 280.6826171875 -124.08907318115234 -1240.0
v 280.6826171875 -264.09149169921875 -1240.0
v 280.6826171875 -124.08907318115234 -1220.0
v 280.6826171875 -264.09149169921875 -1220.0
v 280.6826171875 -264.09149169921875 -1220.0
v 420.68505859375 -264.09149169921875 -1220.0
v 290.683349609375 -254.087890625 -1220.0
v 290.683349609375 -134.08657836914062 -1220.0
v 410.684326171875 -134.08657836914062 -1220.0
v 280.6826171875 -124.08907318115234 -1220.0
v 420.68505859375 -124.08906555175781 -1220.0
v 410.684326171875 -254.087890625 -1220.0
v 290.683349609375 -134.08657836914062 -1220.0
v 290.683349609375 -254.087890625 -1220.0
v 290.683349609375 -134.08657836914062 -1200.0001220703125
v 290.683349609375 -254.087890625 -1200.0001220703125
v 290.683349609375 -254.087890625 -1220.0
v 410.684326171875 -254.087890625 -1220.0
v 290.683349609375 -254.087890625 -1200.0001220703125
v 410.684326171875 -254.087890625 -1200.0001220703125
v 410.684326171875 -254.087890625 -1220.0
v 410.684326171875 -134.08657836914062 -1220.0
v 410.684326171875 -254.087890625 -1200.0001220703125
v 410.684326171875 -134.08657836914062 -1200.0001220703125
v 410.684326171875 -134.08657836914062 -1220.0
v 290.683349609375 -134.08657836914062 -1220.0
v 410.684326171875 -134.08657836914062 -1200.0001220703125
v 290.683349609375 -134.08657836914062 -1200.0001220703125
v 290.683349609375 -254.087890625 -1200.0001220703125
v 410.684326171875 -254.087890625 -1200.0001220703125
v 300.683837890625 -244.09027099609375 -1200.0001220703125
v 300.683837890625 -144.0902862548828 -1200.0001220703125
v 400.683837890625 -144.09027099609375 -1200.0001220703125
v 290.683349609375 -134.08657836914062 -1200.0001220703125
v 410.684326171875 -134.08657836914062 -1200.0001220703125
v 400.683837890625 -244.09027099609375 -1200.0001220703125
v 300.683837890625 -144.0902862548828 -1200.0001220703125
v 300.683837890625 -244.09027099609375 -1200.0001220703125
v 300.68359375 -144.09024047851562 -800.0000610351562
v 300.68359375 -244.09024047851562 -800.0000610351562
v 300.683837890625 -244.09027099609375 -1200.0001220703125
v 400.683837890625 -244.09027099609375 -1200.0001220703125
v 300.68359375 -244.09024047851562 -800.0000610351562
v 400.68359375 -244.09024047851562 -800.0
v 400.683837890625 -244.09027099609375 -1200.0001220703125
v 400.683837890625 -144.09027099609375 -1200.0001220703125
v 400.68359375 -244.09024047851562 -800.0
v 400.68359375 -144.09024047851562 -800.0000610351562
v 400.683837890625 -144.09027099609375 -1200.0001220703125
v 300.683837890625 -144.0902862548828 -1200.0001220703125
v 400.68359375 -144.09024047851562 -800.0000610351562
v 300.68359375 -144.09024047851562 -800.0000610351562
v 290.68310546875 -254.08786010742188 -800.0000610351562
v 300.68359375 -244.09024047851562 -800.0000610351562
v 410.68408203125 -254.0878448486328 -800.0
v 300.68359375 -144.09024047851562 -800.0000610351562
v 290.68310546875 -134.0865478515625 -800.0000610351562
v 400.68359375 -144.09024047851562 -800.0000610351562
v 410.68408203125 -134.0865478515625 -800.0000610351562
v 400.68359375 -244.09024047851562 -800.0
v 290.68310546875 -134.0865478515625 -800.0000610351562
v 290.68310546875 -254.08786010742188 -800.0000610351562
v 290.68310546875 -134.0865478515625 -780.0000610351562
v 290.68310546875 -254.0878448486328 -780.0000610351562
v 290.68310546875 -254.08786010742188 -800.0000610351562
v 410.68408203125 -254.0878448486328 -800.0
v 290.68310546875 -254.0878448486328 -780.0000610351562
v 410.68408203125 -254.08782958984375 -780.0
v 410.68408203125 -254.0878448486328 -800.0
v 410.68408203125 -134.0865478515625 -800.0000610351562
v 410.68408203125 -254.08782958984375 -780.0
v 410.68408203125 -134.0865478515625 -780.0000610351562
v 410.68408203125 -134.0865478515625 -800.0000610351562
v 290.68310546875 -134.0865478515625 -800.0000610351562
v 410.68408203125 -134.0865478515625 -780.0000610351562
v 290.68310546875 -134.0865478515625 -780.0000610351562
v 280.682373046875 -264.0914306640625 -780.0000610351562
v 290.68310546875 -254.0878448486328 -780.0000610351562
v 420.684814453125 -264.0914306640625 -780.0
v 290.68310546875 -134.0865478515625 -780.0000610351562
v 280.682373046875 -124.08903503417969 -780.0000610351562
v 410.68408203125 -134.0865478515625 -780.0000610351562
v 420.684814453125 -124.08902740478516 -780.0000610351562
v 410.68408203125 -254.08782958984375 -780.0
v 280.682373046875 -264.0914306640625 -780.0000610351562
v 420.684814453125 -264.0914306640625 -780.0
v 280.682373046875 -264.0914306640625 -760.0001220703125
v 420.684814453125 -264.0914306640625 -760.0000610351562
v 420.684814453125 -264.0914306640625 -780.0
v 420.684814453125 -124.08902740478516 -780.0000610351562
v 420.684814453125 -264.0914306640625 -760.0000610351562
v 420.684814453125 -124.08902740478516 -760.0001220703125
v 420.684814453125 -124.08902740478516 -780.0000610351562
v 280.682373046875 -124.08903503417969 -780.0000610351562
v 420.684814453125 -124.08902740478516 -760.0001220703125
v 280.682373046875 -124.08903503417969 -760.0001220703125
v 280.682373046875 -124.08903503417969 -780.0000610351562
v 280.682373046875 -264.0914306640625 -780.0000610351562
v 280.682373046875 -124.08903503417969 -760.0001220703125
v 280.682373046875 -264.0914306640625 -760.0001220703125
v 280.682373046875 -124.08903503417969 -760.0001220703125
v 280.682373046875 -264.0914306640625 -760.0001220703125
v 420.684814453125 -264.0914306640625 -760.0000610351562
v 420.684814453125 -124.08902740478516 -760.0001220703125
v 984.045654296875 -264.0914611816406 -1240.0
v 1124.048095703125 -264.0914306640625 -1240.0
v 984.045654296875 -264.0914306640625 -1220.0
v 1124.048095703125 -264.0914306640625 -1220.0
v 1124.048095703125 -264.0914306640625 -1240.0
v 1124.048095703125 -124.08903503417969 -1240.0
v 1124.048095703125 -264.0914306640625 -1220.0
v 1124.048095703125 -124.08903503417969 -1220.0
v 1124.048095703125 -124.08903503417969 -1240.0
v 984.045654296875 -124.08904266357422 -1240.0
v 1124.048095703125 -124.08903503417969 -1220.0
v 984.045654296875 -124.08904266357422 -1220.0
v 984.045654296875 -124.08904266357422 -1240.0
v 984.045654296875 -264.0914611816406 -1240.0
v 984.045654296875 -124.08904266357422 -1220.0
v 984.045654296875 -264.0914306640625 -1220.0
v 984.045654296875 -264.0914306640625 -1220.0
v 1124.048095703125 -264.0914306640625 -1220.0
v 994.04931640625 -254.08786010742188 -1220.0
v 994.04931640625 -134.0865478515625 -1220.0
v 1114.04443359375 -134.0865478515625 -1220.0
v 984.045654296875 -124.08904266357422 -1220.0
v 1124.048095703125 -124.08903503417969 -1220.0
v 1114.04443359375 -254.08786010742188 -1220.0
v 994.04931640625 -134.0865478515625 -1220.0
v 994.04931640625 -254.08786010742188 -1220.0
v 994.04931640625 -134.0865478515625 -1200.0001220703125
v 994.04931640625 -254.08786010742188 -1200.0001220703125
v 994.04931640625 -254.08786010742188 -1220.0
v 1114.04443359375 -254.08786010742188 -1220.0
v 994.04931640625 -254.08786010742188 -1200.0001220703125
v 1114.04443359375 -254.08786010742188 -1200.0001220703125
v 1114.04443359375 -254.08786010742188 -1220.0
v 1114.04443359375 -134.0865478515625 -1220.0
v 1114.04443359375 -254.08786010742188 -1200.0001220703125
v 1114.04443359375 -134.0865478515625 -1200.0001220703125
v 1114.04443359375 -134.0865478515625 -1220.0
v 994.04931640625 -134.0865478515625 -1220.0
v 1114.04443359375 -134.0865478515625 -1200.0001220703125
v 994.04931640625 -134.0865478515625 -1200.0001220703125
v 994.04931640625 -254.08786010742188 -1200.0001220703125
v 1114.04443359375 -254.08786010742188 -1200.0001220703125
v 1004.046875 -244.09024047851562 -1200.0001220703125
v 1004.046875 -144.0902557373047 -1200.0001220703125
v 1104.046875 -144.09024047851562 -1200.0001220703125
v 994.04931640625 -134.0865478515625 -1200.0001220703125
v 1114.04443359375 -134.0865478515625 -1200.0001220703125
v 1104.046875 -244.09024047851562 -1200.0001220703125
v 1004.046875 -144.0902557373047 -1200.0001220703125
v 1004.046875 -244.09024047851562 -1200.0001220703125
v 1004.046630859375 -144.0902099609375 -800.0
v 1004.046630859375 -244.0902099609375 -800.0
v 1004.046875 -244.09024047851562 -1200.0001220703125
v 1104.046875 -244.09024047851562 -1200.0001220703125
v 1004.046630859375 -244.0902099609375 -800.0
v 1104.046630859375 -244.0902099609375 -800.0
v 1104.046875 -244.09024047851562 -1200.0001220703125
v 1104.046875 -144.09024047851562 -1200.0001220703125
v 1104.046630859375 -244.0902099609375 -800.0
v 1104.046630859375 -144.0902099609375 -800.0
v 1104.046875 -144.09024047851562 -1200.0001220703125
v 1004.046875 -144.0902557373047 -1200.0001220703125
v 1104.046630859375 -144.0902099609375 -800.0
v 1004.046630859375 -144.0902099609375 -800.0
v 994.049072265625 -254.08782958984375 -800.0
v 1004.046630859375 -244.0902099609375 -800.0
v 1114.044189453125 -254.0878143310547 -800.0
v 1004.046630859375 -144.0902099609375 -800.0
v 994.049072265625 -134.08651733398438 -800.0
v 1104.046630859375 -144.0902099609375 -800.0
v 1114.044189453125 -134.08651733398438 -800.0
v 1104.046630859375 -244.0902099609375 -800.0
v 994.049072265625 -134.08651733398438 -800.0
v 994.049072265625 -254.08782958984375 -800.0
v 994.049072265625 -134.08651733398438 -780.0
v 994.049072265625 -254.0878143310547 -780.0
v 994.049072265625 -254.08782958984375 -800.0
v 1114.044189453125 -254.0878143310547 -800.0
v 994.049072265625 -254.0878143310547 -780.0
v 1114.044189453125 -254.08779907226562 -780.0
v 1114.044189453125 -254.0878143310547 -800.0
v 1114.044189453125 -134.08651733398438 -800.0
v 1114.044189453125 -254.08779907226562 -780.0
v 1114.044189453125 -134.08651733398438 -780.0
v 1114.044189453125 -134.08651733398438 -800.0
v 994.049072265625 -134.08651733398438 -800.0
v 1114.044189453125 -134.08651733398438 -780.0
v 994.049072265625 -134.08651733398438 -780.0
v 984.04541015625 -264.0914001464844 -780.0
v 994.049072265625 -254.0878143310547 -780.0
v 1124.0478515625 -264.0914001464844 -780.0
v 994.049072265625 -134.08651733398438 -780.0
v 984.04541015625 -124.08900451660156 -780.0
v 1114.044189453125 -134.08651733398438 -780.0
v 1124.0478515625 -124.08899688720703 -780.0
v 1114.044189453125 -254.08779907226562 -780.0
v 984.04541015625 -264.0914001464844 -780.0
v 1124.0478515625 -264.0914001464844 -780.0
v 984.04541015625 -264.0914001464844 -760.0000610351562
v 1124.0478515625 -264.0914001464844 -760.0000610351562
v 1124.0478515625 -264.0914001464844 -780.0
v 1124.0478515625 -124.08899688720703 -780.0
v 1124.0478515625 -264.0914001464844 -760.0000610351562
v 1124.0478515625 -124.08899688720703 -760.0000610351562
v 1124.0478515625 -124.08899688720703 -780.0
v 984.04541015625 -124.08900451660156 -780.0
v 1124.0478515625 -124.08899688720703 -760.0000610351562
v 984.04541015625 -124.08900451660156 -760.0000610351562
v 984.04541015625 -124.08900451660156 -780.0
v 984.04541015625 -264.0914001464844 -780.0
v 984.04541015625 -124.08900451660156 -760.0000610351562
v 984.04541015625 -264.0914001464844 -760.0000610351562
v 984.04541015625 -124.08900451660156 -760.0000610351562
v 984.04541015625 -264.0914001464844 -760.0000610351562
v 1124.0478515625 -264.0914001464844 -760.0000610351562
v 1124.0478515625 -124.08899688720703 -760.0000610351562
v 1684.0146484375 -124.08901977539062 -1239.9998779296875
v 1684.0146484375 -264.0914306640625 -1239.9998779296875
v 1684.0146484375 -124.08901977539062 -1219.9998779296875
v 1684.0146484375 -264.0914306640625 -1219.9998779296875
v 1684.0146484375 -264.0914306640625 -1239.9998779296875
v 1824.017578125 -264.0914306640625 -1239.9998779296875
v 1684.0146484375 -264.0914306640625 -1219.9998779296875
v 1824.017578125 -264.0914306640625 -1219.9998779296875
v 1824.017578125 -264.0914306640625 -1239.9998779296875
v 1824.017578125 -124.08901977539062 -1239.9998779296875
v 1824.017578125 -264.0914306640625 -1219.9998779296875
v 1824.017578125 -124.08901977539062 -1219.9998779296875
v 1824.017578125 -124.08901977539062 -1239.9998779296875
v 1684.0146484375 -124.08901977539062 -1239.9998779296875
v 1824.017578125 -124.08901977539062 -1219.9998779296875
v 1684.0146484375 -124.08901977539062 -1219.9998779296875
v 1684.0146484375 -264.0914306640625 -1219.9998779296875
v 1824.017578125 -264.0914306640625 -1219.9998779296875
v 1694.0185546875 -254.09381103515625 -1219.9998779296875
v 1694.0185546875 -134.09262084960938 -1219.9998779296875
v 1814.013671875 -134.09262084960938 -1219.9998779296875
v 1684.0146484375 -124.08901977539062 -1219.9998779296875
v 1824.017578125 -124.08901977539062 -1219.9998779296875
v 1814.013671875 -254.09381103515625 -1219.9998779296875
v 1814.013671875 -134.09262084960938 -1219.9998779296875
v 1694.0185546875 -134.09262084960938 -1219.9998779296875
v 1814.013671875 -134.09262084960938 -1200.0
v 1694.0185546875 -134.09262084960938 -1200.0
v 1694.0185546875 -134.09262084960938 -1219.9998779296875
v 1694.0185546875 -254.09381103515625 -1219.9998779296875
v 1694.0185546875 -134.09262084960938 -1200.0
v 1694.0185546875 -254.09381103515625 -1200.0
v 1694.0185546875 -254.09381103515625 -1219.9998779296875
v 1814.013671875 -254.09381103515625 -1219.9998779296875
v 1694.0185546875 -254.09381103515625 -1200.0
v 1814.013671875 -254.09381103515625 -1200.0
v 1814.013671875 -254.09381103515625 -1219.9998779296875
v 1814.013671875 -134.09262084960938 -1219.9998779296875
v 1814.013671875 -254.09381103515625 -1200.0
v 1814.013671875 -134.09262084960938 -1200.0
v 1814.013671875 -134.09262084960938 -1200.0
v 1694.0185546875 -134.09262084960938 -1200.0
v 1804.01611328125 -144.0902099609375 -1200.0
v 1804.01611328125 -244.09024047851562 -1200.0
v 1704.01611328125 -244.09024047851562 -1200.0
v 1814.013671875 -254.09381103515625 -1200.0
v 1694.0185546875 -254.09381103515625 -1200.0
v 1704.01611328125 -144.09022521972656 -1200.0
v 1804.01611328125 -144.0902099609375 -1200.0
v 1704.01611328125 -144.09022521972656 -1200.0
v 1804.01611328125 -144.09017944335938 -800.0
v 1704.01611328125 -144.09017944335938 -800.0
v 1704.01611328125 -144.09022521972656 -1200.0
v 1704.01611328125 -244.0902099609375 -1200.0
v 1704.01611328125 -144.09017944335938 -800.0
v 1704.01611328125 -244.09017944335938 -800.0
v 1704.01611328125 -244.0902099609375 -1200.0
v 1804.01611328125 -244.0902099609375 -1200.0
v 1704.01611328125 -244.09017944335938 -800.0
v 1804.01611328125 -244.09017944335938 -799.9999389648438
v 1804.01611328125 -244.0902099609375 -1200.0
v 1804.01611328125 -144.0902099609375 -1200.0
v 1804.01611328125 -244.09017944335938 -799.9999389648438
v 1804.01611328125 -144.09017944335938 -800.0
v 1814.013671875 -134.0925750732422 -800.0
v 1804.01611328125 -144.09017944335938 -800.0
v 1694.0185546875 -134.09259033203125 -800.0
v 1804.01611328125 -244.09017944335938 -799.9999389648438
v 1814.013671875 -254.09378051757812 -799.9999389648438
v 1704.01611328125 -244.09017944335938 -800.0
v 1694.0185546875 -254.09378051757812 -800.0
v 1704.01611328125 -144.09017944335938 -800.0
v 1814.013671875 -134.0925750732422 -800.0
v 1694.0185546875 -134.09259033203125 -800.0
v 1814.013671875 -134.0925750732422 -780.0
v 1694.0185546875 -134.09259033203125 -780.0
v 1694.0185546875 -134.09259033203125 -800.0
v 1694.0185546875 -254.09378051757812 -800.0
v 1694.0185546875 -134.09259033203125 -780.0
v 1694.0185546875 -254.09378051757812 -780.0
v 1694.0185546875 -254.09378051757812 -800.0
v 1814.013671875 -254.09378051757812 -799.9999389648438
v 1694.0185546875 -254.09378051757812 -780.0
v 1814.013671875 -254.09378051757812 -779.9999389648438
v 1814.013671875 -254.09378051757812 -799.9999389648438
v 1814.013671875 -134.0925750732422 -800.0
v 1814.013671875 -254.09378051757812 -779.9999389648438
v 1814.013671875 -134.0925750732422 -780.0
v 1684.0146484375 -264.09136962890625 -780.0
v 1694.0185546875 -254.09378051757812 -780.0
v 1824.017578125 -264.09136962890625 -779.9999389648438
v 1694.0185546875 -134.09259033203125 -780.0
v 1684.0146484375 -124.08898162841797 -780.0
v 1814.013671875 -134.0925750732422 -780.0
v 1824.017578125 -124.08897399902344 -780.0
v 1814.013671875 -254.09378051757812 -779.9999389648438
v 1684.0146484375 -124.08898162841797 -780.0
v 1684.0146484375 -264.09136962890625 -780.0
v 1684.0146484375 -124.08898162841797 -760.0000610351562
v 1684.0146484375 -264.09136962890625 -760.0000610351562
v 1684.0146484375 -264.09136962890625 -780.0
v 1824.017578125 -264.09136962890625 -779.9999389648438
v 1684.0146484375 -264.09136962890625 -760.0000610351562
v 1824.017578125 -264.09136962890625 -760.0
v 1824.017578125 -264.09136962890625 -779.9999389648438
v 1824.017578125 -124.08897399902344 -780.0
v 1824.017578125 -264.09136962890625 -760.0
v 1824.017578125 -124.08897399902344 -760.0000610351562
v 1824.017578125 -124.08897399902344 -780.0
v 1684.0146484375 -124.08898162841797 -780.0
v 1824.017578125 -124.08897399902344 -760.0000610351562
v 1684.0146484375 -124.08898162841797 -760.0000610351562
v 1684.0146484375 -124.08898162841797 -760.0000610351562
v 1684.0146484375 -264.09136962890625 -760.0000610351562
v 1824.017578125 -264.09136962890625 -760.0
v 1824.017578125 -124.08897399902344 -760.0000610351562
v 1740.8203125 -174.08291625976562 -1239.9998779296875
v 404.04443359375 -174.0853729248047 -1240.0
v 1740.8203125 -174.08291625976562 -1229.9998779296875
v 404.04443359375 -174.0853729248047 -1230.0
v 404.04443359375 -174.0853729248047 -1240.0
v 404.04443359375 -214.0816650390625 -1240.0
v 404.04443359375 -174.0853729248047 -1230.0
v 404.04443359375 -214.0816650390625 -1230.0
v 404.04443359375 -214.0816650390625 -1240.0
v 1740.8203125 -214.0792236328125 -1239.9998779296875
v 404.04443359375 -214.0816650390625 -1230.0
v 1740.8203125 -214.0792236328125 -1229.9998779296875
v 1740.8203125 -214.0792236328125 -1239.9998779296875
v 1740.8203125 -174.08291625976562 -1239.9998779296875
v 1740.8203125 -214.0792236328125 -1229.9998779296875
v 1740.8203125 -174.08291625976562 -1229.9998779296875
v 404.04443359375 -174.08607482910156 -1230.0
v 404.04443359375 -214.0816650390625 -1230.0
v 400.683837890625 -174.08607482910156 -1230.0
v 400.683837890625 -214.08238220214844 -1230.0
v 400.683837890625 -174.08607482910156 -1230.0
v 1740.8203125 -174.08291625976562 -1129.9998779296875
v 400.683837890625 -174.08607482910156 -1130.0
v 400.683837890625 -174.08607482910156 -1230.0
v 400.683837890625 -214.08238220214844 -1230.0
v 400.683837890625 -174.08607482910156 -1130.0
v 400.683837890625 -214.08236694335938 -1130.0
v 400.683837890625 -214.08238220214844 -1230.0
v 400.683837890625 -214.08236694335938 -1130.0
v 1740.8203125 -214.07920837402344 -1129.9998779296875
v 1740.8203125 -214.07920837402344 -1129.9998779296875
v 1740.8203125 -174.08291625976562 -1129.9998779296875
v 1740.8203125 -174.08291625976562 -1119.9998779296875
v 400.683837890625 -174.08607482910156 -1120.0
v 400.683837890625 -174.08607482910156 -1120.0
v 400.683837890625 -214.08236694335938 -1120.0
v 400.683837890625 -214.08236694335938 -1120.0
v 1740.8203125 -214.07920837402344 -1119.9998779296875
v 1740.8203125 -214.07920837402344 -1119.9998779296875
v 1740.8203125 -174.08291625976562 -1119.9998779296875
v 1740.8203125 -174.08291625976562 -1119.9998779296875
v 400.683837890625 -174.08607482910156 -1120.0
v 1740.8203125 -214.07920837402344 -1119.9998779296875
v 400.683837890625 -214.08236694335938 -1120.0
v -395.953125 -174.076904296875 -1240.0001220703125
v -1706.988525390625 -174.08306884765625 -1240.0001220703125
v -395.953125 -174.076904296875 -1230.0001220703125
v -1706.988525390625 -174.08306884765625 -1230.0001220703125
v -1706.988525390625 -174.08306884765625 -1240.0001220703125
v -1706.988525390625 -214.07937622070312 -1240.0001220703125
v -1706.988525390625 -174.08306884765625 -1230.0001220703125
v -1706.988525390625 -214.07937622070312 -1230.0001220703125
v -1706.988525390625 -214.07937622070312 -1240.0001220703125
v -395.953125 -214.07330322265625 -1240.0001220703125
v -1706.988525390625 -214.07937622070312 -1230.0001220703125
v -395.953125 -214.07330322265625 -1230.0001220703125
v -395.953125 -214.07330322265625 -1240.0001220703125
v -395.953125 -174.076904296875 -1240.0001220703125
v -395.953125 -214.07330322265625 -1230.0001220703125
v -395.953125 -174.076904296875 -1230.0001220703125
v -1706.988525390625 -174.08306884765625 -1230.0001220703125
v -1706.988525390625 -214.07936096191406 -1230.0001220703125
v -1708.050537109375 -174.08306884765625 -1230.0001220703125
v -1708.050537109375 -214.07937622070312 -1230.0001220703125
v -1708.050537109375 -174.08306884765625 -1230.0001220703125
v -395.953125 -174.076904296875 -1130.0001220703125
v -1708.050537109375 -174.0830535888672 -1130.0001220703125
v -1708.050537109375 -174.08306884765625 -1230.0001220703125
v -1708.050537109375 -214.07937622070312 -1230.0001220703125
v -1708.050537109375 -174.0830535888672 -1130.0001220703125
v -1708.050537109375 -214.079345703125 -1130.0001220703125
v -1708.050537109375 -214.07937622070312 -1230.0001220703125
v -1708.050537109375 -214.079345703125 -1130.0001220703125
v -395.953125 -214.07330322265625 -1130.0001220703125
v -395.953125 -214.07330322265625 -1130.0001220703125
v -395.953125 -174.076904296875 -1130.0001220703125
v -395.953125 -174.076904296875 -1120.0001220703125
v -1708.050537109375 -174.0830535888672 -1120.0001220703125
v -1708.050537109375 -174.0830535888672 -1120.0001220703125
v -1708.050537109375 -214.079345703125 -1120.0001220703125
v -1708.050537109375 -214.079345703125 -1120.0001220703125
v -395.953125 -214.07330322265625 -1120.0001220703125
v -395.953125 -214.07330322265625 -1120.0001220703125
v -395.953125 -174.076904296875 -1120.0001220703125
v -395.953125 -174.076904296875 -1120.0001220703125
v -1708.050537109375 -174.0830535888672 -1120.0001220703125
v -395.953125 -214.07330322265625 -1120.0001220703125
v -1708.050537109375 -214.079345703125 -1120.0001220703125
v 2451.361328125 248.50344848632812 1060.427001953125
v 2451.361328125 248.50341796875 1020.4271850585938
v 2451.361328125 -393.9893493652344 654.8131713867188
v 2451.361328125 -393.9893493652344 614.8131713867188
v 2451.361328125 -393.9893493652344 614.8131713867188
v 2453.1923828125 -393.9893493652344 614.8131713867188
v 2451.361328125 -393.9893493652344 654.8131713867188
v 2453.1923828125 -393.9893493652344 654.8131713867188
v 2453.1923828125 248.50341796875 1020.4271850585938
v 2451.361328125 248.50341796875 1020.4271850585938
v 2453.1923828125 248.50344848632812 1060.427001953125
v 2451.361328125 248.50344848632812 1060.427001953125
v 2451.361328125 248.50344848632812 1060.427001953125
v 2451.361328125 -393.9893493652344 654.8131713867188
v 2453.1923828125 -393.9893493652344 654.8131713867188
v 2453.1923828125 248.50344848632812 1060.427001953125
v -2474.0478515625 394.0901794433594 -0.0004415735602378845
v -2474.0478515625 344.0901794433594 -0.00043720242683775723
v -2474.0478515625 394.0902404785156 599.9996337890625
v -2474.0478515625 344.0902404785156 599.9996337890625
v -2474.0478515625 344.0901794433594 -0.00043720242683775723
v -2454.046630859375 344.0901794433594 -0.00043632814777083695
v -2474.0478515625 344.0902404785156 599.9996337890625
v -2454.046630859375 344.0902404785156 599.9996337890625
v -2454.046630859375 344.0901794433594 -0.00043632814777083695
v -2454.046630859375 394.0901794433594 -0.00044069928117096424
v -2454.046630859375 344.0902404785156 599.9996337890625
v -2454.046630859375 394.0902404785156 599.9996337890625
v -2454.046630859375 394.0901794433594 -0.00044069928117096424
v -2474.0478515625 394.0901794433594 -0.0004415735602378845
v -2454.046630859375 394.0902404785156 599.9996337890625
v -2474.0478515625 394.0902404785156 599.9996337890625
v -2474.0478515625 394.0902404785156 599.9996337890625
v -2474.0478515625 344.0902404785156 599.9996337890625
v -2454.046630859375 394.0902404785156 599.9996337890625
v -2454.046630859375 344.0902404785156 599.9996337890625
v -2474.038818359375 -115.910400390625 -0.0003969875106122345
v -2474.038818359375 -165.910400390625 -0.0003926163481082767
v -2474.038818359375 -115.91033935546875 599.9996337890625
v -2474.038818359375 -165.91033935546875 599.9996337890625
v -2474.038818359375 -165.910400390625 -0.0003926163481082767
v -2464.047119140625 -165.910400390625 -0.000392179616028443
v -2474.038818359375 -165.91033935546875 599.9996337890625
v -2464.04736328125 -165.91033935546875 599.9996337890625
v -2464.047119140625 -165.910400390625 -0.000392179616028443
v -2464.047119140625 -115.910400390625 -0.00039655074942857027
v -2464.04736328125 -165.91033935546875 599.9996337890625
v -2464.04736328125 -115.91033935546875 599.9996337890625
v -2464.047119140625 -115.910400390625 -0.00039655074942857027
v -2474.038818359375 -115.910400390625 -0.0003969875106122345
v -2464.04736328125 -115.91033935546875 599.9996337890625
v -2474.038818359375 -115.91033935546875 599.9996337890625
v -2474.038818359375 -115.91033935546875 599.9996337890625
v -2474.038818359375 -165.91033935546875 599.9996337890625
v -2464.04736328125 -115.91033935546875 599.9996337890625
v -2464.04736328125 -165.91033935546875 599.9996337890625
f 2 1 3
f 4 2 3
f 142 141 143
f 144 142 143
f 138 137 139
f 140 138 139
f 134 133 135
f 136 134 135
f 118 117 119
f 120 118 119
f 102 101 103
f 104 102 103
f 90 89 91
f 92 90 91
f 86 85 87
f 88 86 87
f 82 81 83
f 84 82 83
f 70 69 71
f 72 70 71
f 66 65 67
f 68 66 67
f 62 61 63
f 64 62 63
f 30 29 31
f 32 30 31
f 26 25 27
f 28 26 27
f 22 21 23
f 24 22 23
f 10 9 11
f 12 10 11
f 6 5 7
f 8 6 7
f 2764 2763 2765
f 2766 2764 2765
f 2760 2759 2761
f 2762 2760 2761
f 2756 2755 2757
f 2758 2756 2757
f 2752 2751 2753
f 2754 2752 2753
f 2740 2739 2741
f 2742 2740 2741
f 2736 2735 2737
f 2738 2736 2737
f 2732 2731 2733
f 2734 2732 2733
f 2728 2727 2729
f 2730 2728 2729
f 2692 2691 2693
f 2694 2692 2693
f 2688 2687 2689
f 2690 2688 2689
f 2684 2683 2685
f 2686 2684 2685
f 2680 2679 2681
f 2682 2680 2681
f 2668 2667 2669
f 2670 2668 2669
f 2664 2663 2665
f 2666 2664 2665
f 2660 2659 2661
f 2662 2660 2661
f 2656 2655 2657
f 2658 2656 2657
f 2648 2647 2649
f 2650 2648 2649
f 2644 2643 2645
f 2646 2644 2645
f 2640 2639 2641
f 2642 2640 2641
f 2636 2635 2637
f 2638 2636 2637
f 2624 2623 2625
f 2626 2624 2625
f 2620 2619 2621
f 2622 2620 2621
f 2616 2615 2617
f 2618 2616 2617
f 2612 2611 2613
f 2614 2612 2613
f 2576 2575 2577
f 2578 2576 2577
f 2572 2571 2573
f 2574 2572 2573
f 2568 2567 2569
f 2570 2568 2569
f 2564 2563 2565
f 2566 2564 2565
f 2552 2551 2553
f 2554 2552 2553
f 2548 2547 2549
f 2550 2548 2549
f 2544 2543 2545
f 2546 2544 2545
f 2540 2539 2541
f 2542 2540 2541
f 2532 2531 2533
f 2534 2532 2533
f 2528 2527 2529
f 2530 2528 2529
f 2524 2523 2525
f 2526 2524 2525
f 2520 2519 2521
f 2522 2520 2521
f 2508 2507 2509
f 2510 2508 2509
f 2504 2503 2505
f 2506 2504 2505
f 2500 2499 2501
f 2502 2500 2501
f 2496 2495 2497
f 2498 2496 2497
f 2460 2459 2461
f 2462 2460 2461
f 2456 2455 2457
f 2458 2456 2457
f 2452 2451 2453
f 2454 2452 2453
f 2448 2447 2449
f 2450 2448 2449
f 2436 2435 2437
f 2438 2436 2437
f 2432 2431 2433
f 2434 2432 2433
f 2428 2427 2429
f 2430 2428 2429
f 2424 2423 2425
f 2426 2424 2425
f 2416 2415 2417
f 2418 2416 2417
f 2412 2411 2413
f 2414 2412 2413
f 2408 2407 2409
f 2410 2408 2409
f 2404 2403 2405
f 2406 2404 2405
f 2392 2391 2393
f 2394 2392 2393
f 2388 2387 2389
f 2390 2388 2389
f 2384 2383 2385
f 2386 2384 2385
f 2380 2379 2381
f 2382 2380 2381
f 2344 2343 2345
f 2346 2344 2345
f 2340 2339 2341
f 2342 2340 2341
f 2336 2335 2337
f 2338 2336 2337
f 2332 2331 2333
f 2334 2332 2333
f 2320 2319 2321
f 2322 2320 2321
f 2316 2315 2317
f 2318 2316 2317
f 2312 2311 2313
f 2314 2312 2313
f 2308 2307 2309
f 2310 2308 2309
f 2300 2299 2301
f 2302 2300 2301
f 2296 2295 2297
f 2298 2296 2297
f 2292 2291 2293
f 2294 2292 2293
f 2288 2287 2289
f 2290 2288 2289
f 2276 2275 2277
f 2278 2276 2277
f 2272 2271 2273
f 2274 2272 2273
f 2268 2267 2269
f 2270 2268 2269
f 2264 2263 2265
f 2266 2264 2265
f 2228 2227 2229
f 2230 2228 2229
f 2224 2223 2225
f 2226 2224 2225
f 2220 2219 2221
f 2222 2220 2221
f 2216 2215 2217
f 2218 2216 2217
f 2204 2203 2205
f 2206 2204 2205
f 2200 2199 2201
f 2202 2200 2201
f 2196 2195 2197
f 2198 2196 2197
f 2192 2191 2193
f 2194 2192 2193
f 2184 2183 2185
f 2186 2184 2185
f 2180 2179 2181
f 2182 2180 2181
f 2176 2175 2177
f 2178 2176 2177
f 2172 2171 2173
f 2174 2172 2173
f 2160 2159 2161
f 2162 2160 2161
f 2156 2155 2157
f 2158 2156 2157
f 2152 2151 2153
f 2154 2152 2153
f 2148 2147 2149
f 2150 2148 2149
f 2112 2111 2113
f 2114 2112 2113
f 2108 2107 2109
f 2110 2108 2109
f 2104 2103 2105
f 2106 2104 2105
f 2100 2099 2101
f 2102 2100 2101
f 2088 2087 2089
f 2090 2088 2089
f 2084 2083 2085
f 2086 2084 2085
f 2080 2079 2081
f 2082 2080 2081
f 2076 2075 2077
f 2078 2076 2077
f 2072 2071 2073
f 2074 2072 2073
f 2068 2067 2069
f 2070 2068 2069
f 2064 2063 2065
f 2066 2064 2065
f 2052 2051 2053
f 2054 2052 2053
f 2048 2047 2049
f 2050 2048 2049
f 2044 2043 2045
f 2046 2044 2045
f 2012 2011 2013
f 2014 2012 2013
f 2008 2007 2009
f 2010 2008 2009
f 2004 2003 2005
f 2006 2004 2005
f 1992 1991 1993
f 1994 1992 1993
f 1988 1987 1989
f 1990 1988 1989
f 1984 1983 1985
f 1986 1984 1985
f 1980 1979 1981
f 1982 1980 1981
f 1976 1975 1977
f 1978 1976 1977
f 1972 1971 1973
f 1974 1972 1973
f 1968 1967 1969
f 1970 1968 1969
f 1956 1955 1957
f 1958 1956 1957
f 1952 1951 1953
f 1954 1952 1953
f 1948 1947 1949
f 1950 1948 1949
f 1944 1943 1945
f 1946 1944 1945
f 1908 1907 1909
f 1910 1908 1909
f 1904 1903 1905
f 1906 1904 1905
f 1900 1899 1901
f 1902 1900 1901
f 1896 1895 1897
f 1898 1896 1897
f 1884 1883 1885
f 1886 1884 1885
f 1880 1879 1881
f 1882 1880 1881
f 1876 1875 1877
f 1878 1876 1877
f 1872 1871 1873
f 1874 1872 1873
f 1796 1795 1797
f 1798 1796 1797
f 1778 1777 1779
f 1780 1778 1779
f 1766 1765 1767
f 1768 1766 1767
f 1762 1761 1763
f 1764 1762 1763
f 1758 1757 1759
f 1760 1758 1759
f 1746 1745 1747
f 1748 1746 1747
f 1742 1741 1743
f 1744 1742 1743
f 1738 1737 1739
f 1740 1738 1739
f 1706 1705 1707
f 1708 1706 1707
f 1702 1701 1703
f 1704 1702 1703
f 1698 1697 1699
f 1700 1698 1699
f 1686 1685 1687
f 1688 1686 1687
f 1682 1681 1683
f 1684 1682 1683
f 1678 1677 1679
f 1680 1678 1679
f 1674 1673 1675
f 1676 1674 1675
f 1670 1669 1671
f 1672 1670 1671
f 1666 1665 1667
f 1668 1666 1667
f 1662 1661 1663
f 1664 1662 1663
f 1650 1649 1651
f 1652 1650 1651
f 1646 1645 1647
f 1648 1646 1647
f 1642 1641 1643
f 1644 1642 1643
f 1638 1637 1639
f 1640 1638 1639
f 1602 1601 1603
f 1604 1602 1603
f 1598 1597 1599
f 1600 1598 1599
f 1594 1593 1595
f 1596 1594 1595
f 1590 1589 1591
f 1592 1590 1591
f 1578 1577 1579
f 1580 1578 1579
f 1574 1573 1575
f 1576 1574 1575
f 1570 1569 1571
f 1572 1570 1571
f 1566 1565 1567
f 1568 1566 1567
f 1562 1561 1563
f 1564 1562 1563
f 1558 1557 1559
f 1560 1558 1559
f 1554 1553 1555
f 1556 1554 1555
f 1550 1549 1551
f 1552 1550 1551
f 1538 1537 1539
f 1540 1538 1539
f 1534 1533 1535
f 1536 1534 1535
f 1530 1529 1531
f 1532 1530 1531
f 1526 1525 1527
f 1528 1526 1527
f 1490 1489 1491
f 1492 1490 1491
f 1486 1485 1487
f 1488 1486 1487
f 1482 1481 1483
f 1484 1482 1483
f 1478 1477 1479
f 1480 1478 1479
f 1466 1465 1467
f 1468 1466 1467
f 1462 1461 1463
f 1464 1462 1463
f 1458 1457 1459
f 1460 1458 1459
f 1454 1453 1455
f 1456 1454 1455
f 1450 1449 1451
f 1452 1450 1451
f 1446 1445 1447
f 1448 1446 1447
f 1442 1441 1443
f 1444 1442 1443
f 1438 1437 1439
f 1440 1438 1439
f 1426 1425 1427
f 1428 1426 1427
f 1422 1421 1423
f 1424 1422 1423
f 1418 1417 1419
f 1420 1418 1419
f 1414 1413 1415
f 1416 1414 1415
f 1378 1377 1379
f 1380 1378 1379
f 1374 1373 1375
f 1376 1374 1375
f 1370 1369 1371
f 1372 1370 1371
f 1366 1365 1367
f 1368 1366 1367
f 1354 1353 1355
f 1356 1354 1355
f 1350 1349 1351
f 1352 1350 1351
f 1346 1345 1347
f 1348 1346 1347
f 1342 1341 1343
f 1344 1342 1343
f 1338 1337 1339
f 1340 1338 1339
f 1334 1333 1335
f 1336 1334 1335
f 1330 1329 1331
f 1332 1330 1331
f 1326 1325 1327
f 1328 1326 1327
f 1314 1313 1315
f 1316 1314 1315
f 1310 1309 1311
f 1312 1310 1311
f 1306 1305 1307
f 1308 1306 1307
f 1302 1301 1303
f 1304 1302 1303
f 1266 1265 1267
f 1268 1266 1267
f 1262 1261 1263
f 1264 1262 1263
f 1258 1257 1259
f 1260 1258 1259
f 1254 1253 1255
f 1256 1254 1255
f 1242 1241 1243
f 1244 1242 1243
f 1238 1237 1239
f 1240 1238 1239
f 1234 1233 1235
f 1236 1234 1235
f 1230 1229 1231
f 1232 1230 1231
f 1226 1225 1227
f 1228 1226 1227
f 1222 1221 1223
f 1224 1222 1223
f 1218 1217 1219
f 1220 1218 1219
f 1214 1213 1215
f 1216 1214 1215
f 1202 1201 1203
f 1204 1202 1203
f 1198 1197 1199
f 1200 1198 1199
f 1194 1193 1195
f 1196 1194 1195
f 1190 1189 1191
f 1192 1190 1191
f 1154 1153 1155
f 1156 1154 1155
f 1150 1149 1151
f 1152 1150 1151
f 1146 1145 1147
f 1148 1146 1147
f 1142 1141 1143
f 1144 1142 1143
f 1130 1129 1131
f 1132 1130 1131
f 1126 1125 1127
f 1128 1126 1127
f 1122 1121 1123
f 1124 1122 1123
f 1118 1117 1119
f 1120 1118 1119
f 1114 1113 1115
f 1116 1114 1115
f 1110 1109 1111
f 1112 1110 1111
f 1106 1105 1107
f 1108 1106 1107
f 1094 1093 1095
f 1096 1094 1095
f 1090 1089 1091
f 1092 1090 1091
f 1086 1085 1087
f 1088 1086 1087
f 1054 1053 1055
f 1056 1054 1055
f 1050 1049 1051
f 1052 1050 1051
f 1046 1045 1047
f 1048 1046 1047
f 1034 1033 1035
f 1036 1034 1035
f 1030 1029 1031
f 1032 1030 1031
f 1026 1025 1027
f 1028 1026 1027
f 1022 1021 1023
f 1024 1022 1023
f 1018 1017 1019
f 1020 1018 1019
f 1014 1013 1015
f 1016 1014 1015
f 1010 1009 1011
f 1012 1010 1011
f 998 997 999
f 1000 998 999
f 994 993 995
f 996 994 995
f 990 989 991
f 992 990 991
f 986 985 987
f 988 986 987
f 950 949 951
f 952 950 951
f 946 945 947
f 948 946 947
f 942 941 943
f 944 942 943
f 938 937 939
f 940 938 939
f 926 925 927
f 928 926 927
f 922 921 923
f 924 922 923
f 918 917 919
f 920 918 919
f 914 913 915
f 916 914 915
f 838 837 839
f 840 838 839
f 822 821 823
f 824 822 823
f 810 809 811
f 812 810 811
f 806 805 807
f 808 806 807
f 802 801 803
f 804 802 803
f 790 789 791
f 792 790 791
f 786 785 787
f 788 786 787
f 782 781 783
f 784 782 783
f 746 745 747
f 748 746 747
f 742 741 743
f 744 742 743
f 738 737 739
f 740 738 739
f 722 721 723
f 724 722 723
f 718 717 719
f 720 718 719
f 714 713 715
f 716 714 715
f 690 689 691
f 692 690 691
f 686 685 687
f 688 686 687
f 682 681 683
f 684 682 683
f 678 677 679
f 680 678 679
f 666 665 667
f 668 666 667
f 662 661 663
f 664 662 663
f 658 657 659
f 660 658 659
f 654 653 655
f 656 654 655
f 618 617 619
f 620 618 619
f 614 613 615
f 616 614 615
f 610 609 611
f 612 610 611
f 606 605 607
f 608 606 607
f 594 593 595
f 596 594 595
f 590 589 591
f 592 590 591
f 586 585 587
f 588 586 587
f 582 581 583
f 584 582 583
f 578 577 579
f 580 578 579
f 574 573 575
f 576 574 575
f 570 569 571
f 572 570 571
f 566 565 567
f 568 566 567
f 554 553 555
f 556 554 555
f 550 549 551
f 552 550 551
f 546 545 547
f 548 546 547
f 542 541 543
f 544 542 543
f 506 505 507
f 508 506 507
f 502 501 503
f 504 502 503
f 498 497 499
f 500 498 499
f 494 493 495
f 496 494 495
f 482 481 483
f 484 482 483
f 478 477 479
f 480 478 479
f 474 473 475
f 476 474 475
f 470 469 471
f 472 470 471
f 466 465 467
f 468 466 467
f 462 461 463
f 464 462 463
f 458 457 459
f 460 458 459
f 454 453 455
f 456 454 455
f 442 441 443
f 444 442 443
f 438 437 439
f 440 438 439
f 434 433 435
f 436 434 435
f 430 429 431
f 432 430 431
f 394 393 395
f 396 394 395
f 390 389 391
f 392 390 391
f 386 385 387
f 388 386 387
f 382 381 383
f 384 382 383
f 370 369 371
f 372 370 371
f 366 365 367
f 368 366 367
f 362 361 363
f 364 362 363
f 358 357 359
f 360 358 359
f 354 353 355
f 356 354 355
f 350 349 351
f 352 350 351
f 346 345 347
f 348 346 347
f 342 341 343
f 344 342 343
f 330 329 331
f 332 330 331
f 326 325 327
f 328 326 327
f 322 321 323
f 324 322 323
f 318 317 319
f 320 318 319
f 282 281 283
f 284 282 283
f 278 277 279
f 280 278 279
f 274 273 275
f 276 274 275
f 270 269 271
f 272 270 271
f 258 257 259
f 260 258 259
f 254 253 255
f 256 254 255
f 250 249 251
f 252 250 251
f 246 245 247
f 248 246 247
f 242 241 243
f 244 242 243
f 238 237 239
f 240 238 239
f 234 233 235
f 236 234 235
f 230 229 231
f 232 230 231
f 218 217 219
f 220 218 219
f 214 213 215
f 216 214 215
f 210 209 211
f 212 210 211
f 206 205 207
f 208 206 207
f 170 169 171
f 172 170 171
f 166 165 167
f 168 166 167
f 162 161 163
f 164 162 163
f 158 157 159
f 160 158 159
f 148 146 147
f 146 145 147
f 734 736 733
f 734 733 735
f 1860 1859 1861
f 1862 1860 1861
f 1856 1855 1857
f 1858 1856 1857
f 1852 1851 1853
f 1854 1852 1853
f 1832 1831 1833
f 1834 1832 1833
f 1828 1827 1829
f 1830 1828 1829
f 1824 1823 1825
f 1826 1824 1825
f 1820 1819 1821
f 1822 1820 1821
f 1802 1818 1801
f 1817 1816 1813
f 1811 1817 1813
f 1811 1813 1800
f 1801 1811 1800
f 1800 1799 1801
f 1801 1799 1802
f 1802 1799 1803
f 1803 1799 1808
f 1805 1803 1808
f 1809 1805 1808
f 1806 1809 1808
f 1809 1806 1815
f 1814 1809 1815
f 1804 1803 1805
f 1807 1806 1808
f 1808 1810 1807
f 1807 1810 1812
f 1812 1810 1800
f 1813 1812 1800
f 978 977 979
f 979 984 978
f 979 983 984
f 984 983 982
f 982 983 981
f 981 980 982
f 981 977 980
f 980 977 978
f 954 953 955
f 955 960 954
f 960 959 954
f 957 959 960
f 958 959 957
f 957 956 958
f 956 953 958
f 955 953 956
f 910 909 911
f 909 912 911
f 130 129 131
f 129 132 131
f 122 121 123
f 121 124 123
f 106 105 107
f 105 108 107
f 34 33 35
f 33 39 35
f 35 39 38
f 36 35 38
f 37 36 38
f 40 37 38
f 14 13 15
f 13 19 15
f 19 16 15
f 18 16 19
f 17 16 18
f 20 17 18
f 2768 2767 2769
f 2767 2770 2769
f 2652 2651 2653
f 2651 2654 2653
f 2536 2535 2537
f 2535 2538 2537
f 2420 2419 2421
f 2419 2422 2421
f 2304 2303 2305
f 2303 2306 2305
f 2188 2187 2189
f 2187 2190 2189
f 2017 2021 2016
f 2016 2015 2017
f 2017 2015 2018
f 2018 2015 2020
f 2019 2018 2020
f 2020 2022 2019
f 1997 2001 1996
f 1996 1995 1997
f 1997 1995 1998
f 1998 1995 2000
f 1999 1998 2000
f 2000 2002 1999
f 1868 1867 1869
f 1867 1870 1869
f 1782 1781 1783
f 1781 1784 1783
f 826 825 827
f 825 828 827
f 750 749 751
f 749 755 751
f 751 755 754
f 752 751 754
f 753 752 754
f 756 753 754
f 1710 1709 1711
f 1709 1715 1711
f 1711 1715 1714
f 1712 1711 1714
f 1713 1712 1714
f 1716 1713 1714
f 1690 1689 1691
f 1689 1695 1691
f 1695 1692 1691
f 1694 1692 1695
f 1693 1692 1694
f 1696 1693 1694
f 1059 1063 1058
f 1058 1057 1059
f 1059 1057 1060
f 1060 1057 1062
f 1061 1060 1062
f 1062 1064 1061
f 1039 1043 1038
f 1038 1037 1039
f 1039 1037 1040
f 1040 1037 1042
f 1041 1040 1042
f 1042 1044 1041
f 726 725 727
f 725 731 727
f 731 728 727
f 730 728 731
f 729 728 730
f 732 729 730
f 1320 1317 1318
f 1318 1317 1319
f 1319 1324 1318
f 1319 1323 1324
f 1324 1323 1322
f 1322 1323 1321
f 1321 1320 1322
f 1321 1317 1320
f 310 309 311
f 311 316 310
f 311 315 316
f 316 315 314
f 314 315 313
f 313 312 314
f 313 309 312
f 312 309 310
f 151 156 150
f 150 149 151
f 151 149 152
f 152 149 154
f 153 152 154
f 154 155 153
f 153 155 156
f 156 155 150
f 930 929 931
f 931 936 930
f 936 935 930
f 933 935 936
f 934 935 933
f 933 932 934
f 932 929 934
f 931 929 932
f 174 173 175
f 175 180 174
f 180 179 174
f 177 179 180
f 178 179 177
f 177 176 178
f 176 173 178
f 175 173 176
f 906 905 907
f 908 906 907
f 902 901 903
f 904 902 903
f 898 897 899
f 900 898 899
f 894 893 895
f 896 894 895
f 874 873 875
f 876 874 875
f 870 869 871
f 872 870 871
f 866 865 867
f 868 866 867
f 862 861 863
f 864 862 863
f 844 857 843
f 856 855 853
f 852 856 853
f 852 853 842
f 843 852 842
f 842 841 843
f 843 841 844
f 844 841 845
f 845 841 850
f 847 845 850
f 851 847 850
f 848 851 850
f 851 848 859
f 858 851 859
f 846 845 847
f 849 848 850
f 850 860 849
f 853 854 842
f 198 197 199
f 199 204 198
f 199 203 204
f 204 203 202
f 202 203 201
f 201 200 202
f 201 197 200
f 200 197 198
f 222 221 223
f 223 228 222
f 223 227 228
f 228 227 226
f 226 227 225
f 225 224 226
f 225 221 224
f 224 221 222
f 262 261 263
f 263 268 262
f 268 267 262
f 265 267 268
f 266 267 265
f 265 264 266
f 264 261 266
f 263 261 264
f 114 116 113
f 114 113 115
f 97 98 100
f 97 96 98
f 97 94 96
f 97 99 94
f 94 99 93
f 94 93 95
f 286 285 287
f 287 292 286
f 292 291 286
f 289 291 292
f 290 291 289
f 289 288 290
f 288 285 290
f 287 285 288
f 77 78 80
f 77 76 78
f 79 76 77
f 74 76 79
f 74 79 73
f 74 73 75
f 334 333 335
f 335 340 334
f 335 339 340
f 340 339 338
f 338 339 337
f 337 336 338
f 337 333 336
f 336 333 334
f 374 373 375
f 375 380 374
f 380 379 374
f 377 379 380
f 378 379 377
f 377 376 378
f 376 373 378
f 375 373 376
f 57 58 60
f 57 56 58
f 57 54 56
f 57 59 54
f 54 59 53
f 54 53 55
f 398 397 399
f 399 404 398
f 404 403 398
f 401 403 404
f 402 403 401
f 401 400 402
f 400 397 402
f 399 397 400
f 2880 2879 2881
f 2882 2880 2881
f 2876 2875 2877
f 2878 2876 2877
f 2872 2871 2873
f 2874 2872 2873
f 2868 2867 2869
f 2870 2868 2869
f 2864 2863 2865
f 2866 2864 2865
f 2844 2843 2845
f 2844 2845 2846
f 2840 2839 2841
f 2842 2840 2841
f 2836 2835 2837
f 2838 2836 2837
f 2832 2831 2833
f 2834 2832 2833
f 2828 2827 2829
f 2830 2828 2829
f 2824 2823 2825
f 2826 2824 2825
f 2820 2819 2821
f 2822 2820 2821
f 2816 2815 2817
f 2818 2816 2817
f 2812 2811 2813
f 2814 2812 2813
f 2808 2807 2809
f 2810 2808 2809
f 2788 2787 2789
f 2788 2789 2790
f 2784 2783 2785
f 2786 2784 2785
f 2780 2779 2781
f 2782 2780 2781
f 2776 2775 2777
f 2778 2776 2777
f 2772 2771 2773
f 2774 2772 2773
f 2720 2719 2721
f 2721 2726 2720
f 2721 2725 2726
f 2726 2725 2724
f 2724 2725 2723
f 2723 2722 2724
f 2723 2719 2722
f 2722 2719 2720
f 2696 2695 2697
f 2697 2702 2696
f 2702 2701 2696
f 2699 2701 2702
f 2700 2701 2699
f 2699 2698 2700
f 2698 2695 2700
f 2697 2695 2698
f 422 421 423
f 423 428 422
f 423 427 428
f 428 427 426
f 426 427 425
f 425 424 426
f 425 421 424
f 424 421 422
f 446 445 447
f 447 452 446
f 447 451 452
f 452 451 450
f 450 451 449
f 449 448 450
f 449 445 448
f 448 445 446
f 486 485 487
f 487 492 486
f 492 491 486
f 489 491 492
f 490 491 489
f 489 488 490
f 488 485 490
f 487 485 488
f 2672 2671 2673
f 2673 2678 2672
f 2678 2677 2672
f 2675 2677 2678
f 2676 2677 2675
f 2675 2674 2676
f 2674 2671 2676
f 2673 2671 2674
f 510 509 511
f 511 516 510
f 516 515 510
f 513 515 516
f 514 515 513
f 513 512 514
f 512 509 514
f 511 509 512
f 2628 2627 2629
f 2629 2634 2628
f 2629 2633 2634
f 2634 2633 2632
f 2632 2633 2631
f 2631 2630 2632
f 2631 2627 2630
f 2630 2627 2628
f 2604 2603 2605
f 2605 2610 2604
f 2605 2609 2610
f 2610 2609 2608
f 2608 2609 2607
f 2607 2606 2608
f 2607 2603 2606
f 2606 2603 2604
f 2580 2579 2581
f 2581 2586 2580
f 2586 2585 2580
f 2583 2585 2586
f 2584 2585 2583
f 2583 2582 2584
f 2582 2579 2584
f 2581 2579 2582
f 534 533 535
f 535 540 534
f 535 539 540
f 540 539 538
f 538 539 537
f 537 536 538
f 537 533 536
f 536 533 534
f 558 557 559
f 559 564 558
f 559 563 564
f 564 563 562
f 562 563 561
f 561 560 562
f 561 557 560
f 560 557 558
f 598 597 599
f 599 604 598
f 604 603 598
f 601 603 604
f 602 603 601
f 601 600 602
f 600 597 602
f 599 597 600
f 2556 2555 2557
f 2557 2562 2556
f 2562 2561 2556
f 2559 2561 2562
f 2560 2561 2559
f 2559 2558 2560
f 2558 2555 2560
f 2557 2555 2558
f 622 621 623
f 623 628 622
f 628 627 622
f 625 627 628
f 626 627 625
f 625 624 626
f 624 621 626
f 623 621 624
f 2440 2439 2441
f 2441 2446 2440
f 2446 2445 2440
f 2443 2445 2446
f 2444 2445 2443
f 2443 2442 2444
f 2442 2439 2444
f 2441 2439 2442
f 646 645 647
f 647 652 646
f 647 651 652
f 652 651 650
f 650 651 649
f 649 648 650
f 649 645 648
f 648 645 646
f 670 669 671
f 671 676 670
f 671 675 676
f 676 675 674
f 674 675 673
f 673 672 674
f 673 669 672
f 672 669 670
f 1006 1007 1005
f 1005 1004 1006
f 1005 1001 1004
f 1004 1001 1002
f 1002 1001 1003
f 1003 1008 1002
f 1003 1007 1008
f 1008 1007 1006
f 1358 1357 1359
f 1359 1364 1358
f 1364 1363 1358
f 1361 1363 1364
f 1362 1363 1361
f 1361 1360 1362
f 1360 1357 1362
f 1359 1357 1360
f 2396 2395 2397
f 2397 2402 2396
f 2397 2401 2402
f 2402 2401 2400
f 2400 2401 2399
f 2399 2398 2400
f 2399 2395 2398
f 2398 2395 2396
f 2372 2371 2373
f 2373 2378 2372
f 2373 2377 2378
f 2378 2377 2376
f 2376 2377 2375
f 2375 2374 2376
f 2375 2371 2374
f 2374 2371 2372
f 2348 2347 2349
f 2349 2354 2348
f 2354 2353 2348
f 2351 2353 2354
f 2352 2353 2351
f 2351 2350 2352
f 2350 2347 2352
f 2349 2347 2350
f 1382 1381 1383
f 1383 1388 1382
f 1388 1387 1382
f 1385 1387 1388
f 1386 1387 1385
f 1385 1384 1386
f 1384 1381 1386
f 1383 1381 1384
f 2324 2323 2325
f 2325 2330 2324
f 2330 2329 2324
f 2327 2329 2330
f 2328 2329 2327
f 2327 2326 2328
f 2326 2323 2328
f 2325 2323 2326
f 1406 1405 1407
f 1407 1412 1406
f 1407 1411 1412
f 1412 1411 1410
f 1410 1411 1409
f 1409 1408 1410
f 1409 1405 1408
f 1408 1405 1406
f 1430 1429 1431
f 1431 1436 1430
f 1431 1435 1436
f 1436 1435 1434
f 1434 1435 1433
f 1433 1432 1434
f 1433 1429 1432
f 1432 1429 1430
f 1470 1469 1471
f 1471 1476 1470
f 1476 1475 1470
f 1473 1475 1476
f 1474 1475 1473
f 1473 1472 1474
f 1472 1469 1474
f 1471 1469 1472
f 2280 2279 2281
f 2281 2286 2280
f 2281 2285 2286
f 2286 2285 2284
f 2284 2285 2283
f 2283 2282 2284
f 2283 2279 2282
f 2282 2279 2280
f 2256 2255 2257
f 2257 2262 2256
f 2257 2261 2262
f 2262 2261 2260
f 2260 2261 2259
f 2259 2258 2260
f 2259 2255 2258
f 2258 2255 2256
f 2232 2231 2233
f 2233 2238 2232
f 2238 2237 2232
f 2235 2237 2238
f 2236 2237 2235
f 2235 2234 2236
f 2234 2231 2236
f 2233 2231 2234
f 1494 1493 1495
f 1495 1500 1494
f 1500 1499 1494
f 1497 1499 1500
f 1498 1499 1497
f 1497 1496 1498
f 1496 1493 1498
f 1495 1493 1496
f 2208 2207 2209
f 2209 2214 2208
f 2214 2213 2208
f 2211 2213 2214
f 2212 2213 2211
f 2211 2210 2212
f 2210 2207 2212
f 2209 2207 2210
f 1518 1517 1519
f 1519 1524 1518
f 1519 1523 1524
f 1524 1523 1522
f 1522 1523 1521
f 1521 1520 1522
f 1521 1517 1520
f 1520 1517 1518
f 1542 1541 1543
f 1543 1548 1542
f 1543 1547 1548
f 1548 1547 1546
f 1546 1547 1545
f 1545 1544 1546
f 1545 1541 1544
f 1544 1541 1542
f 1582 1581 1583
f 1583 1588 1582
f 1588 1587 1582
f 1585 1587 1588
f 1586 1587 1585
f 1585 1584 1586
f 1584 1581 1586
f 1583 1581 1584
f 2140 2139 2141
f 2141 2146 2140
f 2141 2145 2146
f 2146 2145 2144
f 2144 2145 2143
f 2143 2142 2144
f 2143 2139 2142
f 2142 2139 2140
f 2116 2115 2117
f 2117 2122 2116
f 2122 2121 2116
f 2119 2121 2122
f 2120 2121 2119
f 2119 2118 2120
f 2118 2115 2120
f 2117 2115 2118
f 1606 1605 1607
f 1607 1612 1606
f 1612 1611 1606
f 1609 1611 1612
f 1610 1611 1609
f 1609 1608 1610
f 1608 1605 1610
f 1607 1605 1608
f 2092 2091 2093
f 2093 2098 2092
f 2098 2097 2092
f 2095 2097 2098
f 2096 2097 2095
f 2095 2094 2096
f 2094 2091 2096
f 2093 2091 2094
f 1630 1629 1631
f 1631 1636 1630
f 1631 1635 1636
f 1636 1635 1634
f 1634 1635 1633
f 1633 1632 1634
f 1633 1629 1632
f 1632 1629 1630
f 1654 1653 1655
f 1655 1660 1654
f 1655 1659 1660
f 1660 1659 1658
f 1658 1659 1657
f 1657 1656 1658
f 1657 1653 1656
f 1656 1653 1654
f 2167 2163 2166
f 2167 2166 2168
f 2168 2169 2167
f 2170 2169 2168
f 2165 2169 2170
f 2165 2170 2164
f 2164 2163 2165
f 2166 2163 2164
f 2060 2062 2059
f 2059 2058 2060
f 2059 2055 2058
f 2058 2055 2056
f 2056 2055 2057
f 2057 2061 2056
f 2040 2042 2039
f 2039 2038 2040
f 2039 2035 2038
f 2038 2035 2036
f 2036 2035 2037
f 2037 2041 2036
f 1960 1959 1961
f 1961 1966 1960
f 1961 1965 1966
f 1966 1965 1964
f 1964 1965 1963
f 1963 1962 1964
f 1963 1959 1962
f 1962 1959 1960
f 1936 1935 1937
f 1937 1942 1936
f 1937 1941 1942
f 1942 1941 1940
f 1940 1941 1939
f 1939 1938 1940
f 1939 1935 1938
f 1938 1935 1936
f 1912 1911 1913
f 1913 1918 1912
f 1918 1917 1912
f 1915 1917 1918
f 1916 1917 1915
f 1915 1914 1916
f 1914 1911 1916
f 1913 1911 1914
f 2466 2463 2468
f 2467 2466 2468
f 2468 2469 2467
f 2467 2469 2470
f 2470 2469 2464
f 2465 2470 2464
f 2464 2463 2465
f 2465 2463 2466
f 2488 2487 2489
f 2489 2494 2488
f 2489 2493 2494
f 2494 2493 2492
f 2492 2493 2491
f 2491 2490 2492
f 2491 2487 2490
f 2490 2487 2488
f 2512 2511 2513
f 2513 2518 2512
f 2513 2517 2518
f 2518 2517 2516
f 2516 2517 2515
f 2515 2514 2516
f 2515 2511 2514
f 2514 2511 2512
f 2745 2750 2744
f 2744 2743 2745
f 2746 2743 2744
f 2747 2743 2746
f 2747 2746 2748
f 2748 2749 2747
f 2750 2749 2748
f 2745 2749 2750
f 774 773 775
f 774 779 773
f 777 779 774
f 777 774 776
f 777 776 778
f 777 778 780
f 797 798 800
f 797 796 798
f 799 796 797
f 794 796 799
f 794 799 793
f 794 793 795
f 1888 1887 1889
f 1889 1894 1888
f 1894 1893 1888
f 1891 1893 1894
f 1892 1893 1891
f 1891 1890 1892
f 1890 1887 1892
f 1889 1887 1890
f 814 813 815
f 815 820 814
f 815 819 820
f 820 819 818
f 818 819 817
f 817 816 818
f 817 813 816
f 816 813 814
f 1082 1084 1081
f 1081 1080 1082
f 1081 1077 1080
f 1080 1077 1078
f 1078 1077 1079
f 1079 1083 1078
f 1102 1104 1101
f 1101 1100 1102
f 1101 1097 1100
f 1100 1097 1098
f 1098 1097 1099
f 1099 1103 1098
f 1134 1133 1135
f 1135 1140 1134
f 1140 1139 1134
f 1137 1139 1140
f 1138 1139 1137
f 1137 1136 1138
f 1136 1133 1138
f 1135 1133 1136
f 1864 1863 1865
f 1866 1864 1865
f 1793 1792 1794
f 1790 1792 1793
f 1790 2939 1789
f 1790 1789 1791
f 1158 1157 1159
f 1159 1164 1158
f 1164 1163 1158
f 1161 1163 1164
f 1162 1163 1161
f 1161 1160 1162
f 1160 1157 1162
f 1159 1157 1160
f 834 836 833
f 834 833 835
f 758 760 757
f 758 757 759
f 1773 1774 1776
f 1773 1772 1774
f 1773 1770 1772
f 1773 1775 1770
f 1770 1775 1769
f 1770 1769 1771
f 1182 1181 1183
f 1183 1188 1182
f 1183 1187 1188
f 1188 1187 1186
f 1186 1187 1185
f 1185 1184 1186
f 1185 1181 1184
f 1184 1181 1182
f 1206 1205 1207
f 1207 1212 1206
f 1207 1211 1212
f 1212 1211 1210
f 1210 1211 1209
f 1209 1208 1210
f 1209 1205 1208
f 1208 1205 1206
f 1246 1245 1247
f 1247 1252 1246
f 1252 1251 1246
f 1249 1251 1252
f 1250 1251 1249
f 1249 1248 1250
f 1248 1245 1250
f 1247 1245 1248
f 1753 1754 1756
f 1753 1752 1754
f 1755 1752 1753
f 1750 1752 1755
f 1750 1755 1749
f 1750 1749 1751
f 1270 1269 1271
f 1271 1276 1270
f 1276 1275 1270
f 1273 1275 1276
f 1274 1275 1273
f 1273 1272 1274
f 1272 1269 1274
f 1271 1269 1272
f 1733 1734 1736
f 1733 1732 1734
f 1733 1730 1732
f 1733 1735 1730
f 1730 1735 1729
f 1730 1729 1731
f 1294 1293 1295
f 1295 1300 1294
f 1295 1299 1300
f 1300 1299 1298
f 1298 1299 1297
f 1297 1296 1298
f 1297 1293 1296
f 1296 1293 1294
f 42 41 43
f 44 42 43
f 182 181 183
f 184 182 183
f 110 109 111
f 112 110 111
f 50 49 51
f 52 50 51
f 46 45 47
f 48 46 47
f 2936 2935 2937
f 2938 2936 2937
f 2932 2931 2933
f 2934 2932 2933
f 2928 2927 2929
f 2930 2928 2929
f 2924 2923 2925
f 2926 2924 2925
f 2920 2919 2921
f 2922 2920 2921
f 2916 2915 2917
f 2918 2916 2917
f 2912 2911 2913
f 2914 2912 2913
f 2908 2907 2909
f 2910 2908 2909
f 2904 2903 2905
f 2906 2904 2905
f 2900 2899 2901
f 2902 2900 2901
f 2860 2859 2861
f 2862 2860 2861
f 2856 2855 2857
f 2858 2856 2857
f 2852 2851 2853
f 2854 2852 2853
f 2848 2847 2849
f 2850 2848 2849
f 2804 2803 2805
f 2806 2804 2805
f 2800 2799 2801
f 2802 2800 2801
f 2796 2795 2797
f 2798 2796 2797
f 2792 2791 2793
f 2794 2792 2793
f 2716 2715 2717
f 2718 2716 2717
f 2712 2711 2713
f 2714 2712 2713
f 2708 2707 2709
f 2710 2708 2709
f 2704 2703 2705
f 2706 2704 2705
f 2600 2599 2601
f 2602 2600 2601
f 2596 2595 2597
f 2598 2596 2597
f 2592 2591 2593
f 2594 2592 2593
f 2588 2587 2589
f 2590 2588 2589
f 2484 2483 2485
f 2486 2484 2485
f 2480 2479 2481
f 2482 2480 2481
f 2476 2475 2477
f 2478 2476 2477
f 2472 2471 2473
f 2474 2472 2473
f 2368 2367 2369
f 2370 2368 2369
f 2364 2363 2365
f 2366 2364 2365
f 2360 2359 2361
f 2362 2360 2361
f 2356 2355 2357
f 2358 2356 2357
f 2252 2251 2253
f 2254 2252 2253
f 2248 2247 2249
f 2250 2248 2249
f 2244 2243 2245
f 2246 2244 2245
f 2240 2239 2241
f 2242 2240 2241
f 2136 2135 2137
f 2138 2136 2137
f 2132 2131 2133
f 2134 2132 2133
f 2128 2127 2129
f 2130 2128 2129
f 2124 2123 2125
f 2126 2124 2125
f 2032 2031 2033
f 2034 2032 2033
f 2028 2027 2029
f 2030 2028 2029
f 2024 2023 2025
f 2026 2024 2025
f 1932 1931 1933
f 1934 1932 1933
f 1928 1927 1929
f 1930 1928 1929
f 1924 1923 1925
f 1926 1924 1925
f 1920 1919 1921
f 1922 1920 1921
f 1848 1847 1849
f 1850 1848 1849
f 1844 1843 1845
f 1846 1844 1845
f 1840 1839 1841
f 1842 1840 1841
f 1836 1835 1837
f 1838 1836 1837
f 1786 1785 1787
f 1788 1786 1787
f 1726 1725 1727
f 1728 1726 1727
f 1722 1721 1723
f 1724 1722 1723
f 1718 1717 1719
f 1720 1718 1719
f 1626 1625 1627
f 1628 1626 1627
f 1622 1621 1623
f 1624 1622 1623
f 1618 1617 1619
f 1620 1618 1619
f 1614 1613 1615
f 1616 1614 1615
f 1514 1513 1515
f 1516 1514 1515
f 1510 1509 1511
f 1512 1510 1511
f 1506 1505 1507
f 1508 1506 1507
f 1502 1501 1503
f 1504 1502 1503
f 1402 1401 1403
f 1404 1402 1403
f 1398 1397 1399
f 1400 1398 1399
f 1394 1393 1395
f 1396 1394 1395
f 1390 1389 1391
f 1392 1390 1391
f 1290 1289 1291
f 1292 1290 1291
f 1286 1285 1287
f 1288 1286 1287
f 1282 1281 1283
f 1284 1282 1283
f 1278 1277 1279
f 1280 1278 1279
f 1178 1177 1179
f 1180 1178 1179
f 1174 1173 1175
f 1176 1174 1175
f 1170 1169 1171
f 1172 1170 1171
f 1166 1165 1167
f 1168 1166 1167
f 1074 1073 1075
f 1076 1074 1075
f 1070 1069 1071
f 1072 1070 1071
f 1066 1065 1067
f 1068 1066 1067
f 974 973 975
f 976 974 975
f 970 969 971
f 972 970 971
f 966 965 967
f 968 966 967
f 962 961 963
f 964 962 963
f 890 889 891
f 892 890 891
f 886 885 887
f 888 886 887
f 882 881 883
f 884 882 883
f 878 877 879
f 880 878 879
f 830 829 831
f 832 830 831
f 770 769 771
f 772 770 771
f 766 765 767
f 768 766 767
f 762 761 763
f 764 762 763
f 642 641 643
f 644 642 643
f 638 637 639
f 640 638 639
f 634 633 635
f 636 634 635
f 630 629 631
f 632 630 631
f 530 529 531
f 532 530 531
f 526 525 527
f 528 526 527
f 522 521 523
f 524 522 523
f 518 517 519
f 520 518 519
f 418 417 419
f 420 418 419
f 414 413 415
f 416 414 415
f 410 409 411
f 412 410 411
f 406 405 407
f 408 406 407
f 306 305 307
f 308 306 307
f 302 301 303
f 304 302 303
f 298 297 299
f 300 298 299
f 294 293 295
f 296 294 295
f 194 193 195
f 196 194 195
f 190 189 191
f 192 190 191
f 188 186 187
f 186 185 187
f 126 125 127
f 128 126 127
f 2884 2883 2885
f 2885 2886 2884
f 2892 2891 2893
f 2894 2892 2893
f 2888 2887 2889
f 2890 2888 2889
f 2896 2895 2897
f 2895 2898 2897
f 694 693 695
f 696 694 695
f 706 705 707
f 708 706 707
f 702 701 703
f 704 702 703
f 698 697 699
f 700 698 699
f 709 710 712
f 710 709 711
