# from AsylumDistrict_NorthFace_Generic_0013_LOD_0.pskx
v -553.6870727539062 -471.92010498046875 1.289500232815044e-05
v -473.6882629394531 -471.92010498046875 1.6391859389841557e-05
v -553.6870727539062 -471.9200744628906 500.0
v -473.68829345703125 -471.9200744628906 500.0
v -473.6882629394531 -471.92010498046875 1.6391859389841557e-05
v -473.68829345703125 445.5816650390625 -6.381870480254292e-05
v -473.68829345703125 -471.9200744628906 500.0
v -473.6883239746094 445.58172607421875 499.9999084472656
v -553.6870727539062 -476.95343017578125 1.333502950728871e-05
v -468.6549377441406 -476.95343017578125 12.566717147827148
v -553.6870727539062 -476.95343017578125 12.5667142868042
v -468.6549377441406 -476.95343017578125 1.7051901522791013e-05
v -553.6870727539062 -476.95343017578125 12.5667142868042
v -470.98828125 -474.6201171875 14.900016784667969
v -553.6870727539062 -474.6201171875 14.90001392364502
v -468.6549377441406 -476.95343017578125 12.566717147827148
v -553.6870727539062 -474.6201171875 14.90001392364502
v -473.6882629394531 -471.92010498046875 14.900017738342285
v -553.6870727539062 -471.92010498046875 14.90001392364502
v -470.98828125 -474.6201171875 14.900016784667969
v -468.6549377441406 -476.95343017578125 1.7051901522791013e-05
v -468.65496826171875 445.5816650390625 12.56663703918457
v -468.6549377441406 -476.95343017578125 12.566717147827148
v -468.65496826171875 445.5816650390625 -6.359867984429002e-05
v -468.6549377441406 -476.95343017578125 12.566717147827148
v -470.98828125 445.5816650390625 14.89993667602539
v -470.98828125 -474.6201171875 14.900016784667969
v -468.65496826171875 445.5816650390625 12.56663703918457
v -473.68829345703125 445.5816650390625 14.899937629699707
v -470.98828125 445.5816650390625 14.89993667602539
v -553.6870727539062 -476.95343017578125 1.333502950728871e-05
v -553.6870727539062 -476.95343017578125 12.5667142868042
v -553.6870727539062 -471.92010498046875 14.90001392364502
v -553.6870727539062 -474.6201171875 14.90001392364502
v -473.68829345703125 445.5816650390625 14.899937629699707
v -468.65496826171875 445.5816650390625 12.56663703918457
v -468.65496826171875 445.5816650390625 -6.359867984429002e-05
v -470.98828125 445.5816650390625 14.89993667602539
v -553.6870727539062 -461.85516357421875 505.02972412109375
v -483.73516845703125 -461.8731689453125 490.0271301269531
v -553.6870727539062 -461.8731689453125 490.0271301269531
v -483.753173828125 -461.85516357421875 505.02972412109375
v -553.6870727539062 -461.8731689453125 490.0271301269531
v -471.4061279296875 -474.2022399902344 490.0271301269531
v -553.6870727539062 -474.2022399902344 490.0271301269531
v -483.73516845703125 -461.8731689453125 490.0271301269531
v -553.6870727539062 -474.2022399902344 490.0271301269531
v -468.65496826171875 -476.9533996582031 492.76922607421875
v -553.6870727539062 -476.9533996582031 492.76922607421875
v -471.4061279296875 -474.2022399902344 490.0271301269531
v -553.6870727539062 -476.9533996582031 492.76922607421875
v -468.65496826171875 -476.9533996582031 502.56671142578125
v -553.6870727539062 -476.9533996582031 502.56671142578125
v -468.65496826171875 -476.9533996582031 492.76922607421875
v -553.6870727539062 -476.9533996582031 502.56671142578125
v -471.05316162109375 -474.5552062988281 505.02972412109375
v -553.6870727539062 -474.5552062988281 505.02972412109375
v -468.65496826171875 -476.9533996582031 502.56671142578125
v -553.6870727539062 -474.5552062988281 505.02972412109375
v -483.753173828125 -461.85516357421875 505.02972412109375
v -553.6870727539062 -461.85516357421875 505.02972412109375
v -471.05316162109375 -474.5552062988281 505.02972412109375
v -483.753173828125 -461.85516357421875 505.02972412109375
v -483.7352294921875 445.58172607421875 490.02703857421875
v -483.73516845703125 -461.8731689453125 490.0271301269531
v -483.75323486328125 445.58172607421875 505.0296325683594
v -471.4061584472656 445.58172607421875 490.02703857421875
v -483.7352294921875 445.58172607421875 490.02703857421875
v -471.4061279296875 -474.2022399902344 490.0271301269531
v -468.6549987792969 445.58172607421875 492.7691345214844
v -468.65496826171875 -476.9533996582031 492.76922607421875
v -471.4061584472656 445.58172607421875 490.02703857421875
v -468.65496826171875 -476.9533996582031 492.76922607421875
v -468.6549987792969 445.58172607421875 502.5666198730469
v -468.65496826171875 -476.9533996582031 502.56671142578125
v -468.6549987792969 445.58172607421875 492.7691345214844
v -468.65496826171875 -476.9533996582031 502.56671142578125
v -471.05316162109375 445.58172607421875 505.0296325683594
v -471.05316162109375 -474.5552062988281 505.02972412109375
v -468.6549987792969 445.58172607421875 502.5666198730469
v -483.75323486328125 445.58172607421875 505.0296325683594
v -471.05316162109375 445.58172607421875 505.0296325683594
v -553.6870727539062 -461.8731689453125 490.0271301269531
v -553.6870727539062 -474.2022399902344 490.0271301269531
v -553.6870727539062 -476.9533996582031 492.76922607421875
v -553.6870727539062 -476.9533996582031 502.56671142578125
v -553.6870727539062 -461.85516357421875 505.02972412109375
v -553.6870727539062 -474.5552062988281 505.02972412109375
v -468.6549987792969 445.58172607421875 492.7691345214844
v -471.4061584472656 445.58172607421875 490.02703857421875
v -483.7352294921875 445.58172607421875 490.02703857421875
v -468.6549987792969 445.58172607421875 502.5666198730469
v -483.75323486328125 445.58172607421875 505.0296325683594
v -471.05316162109375 445.58172607421875 505.0296325683594
v -481.9534912109375 444.45458984375 -40.000064849853516
v -481.95355224609375 1389.4527587890625 4.99977970123291
v -481.9535217285156 444.45465087890625 499.99981689453125
v -481.9535217285156 1389.45263671875 -535.0001831054688
v -492.0184326171875 444.45465087890625 510.02960205078125
v -492.00042724609375 1389.4527587890625 0.026898471638560295
v -492.00042724609375 444.45465087890625 495.0270080566406
v -492.0184326171875 1389.4527587890625 15.0294828414917
v -492.00042724609375 444.45465087890625 495.0270080566406
v -479.67138671875 1389.4527587890625 0.026899011805653572
v -479.6713562011719 444.45465087890625 495.0270080566406
v -492.00042724609375 1389.4527587890625 0.026898471638560295
v -479.6713562011719 444.45465087890625 495.0270080566406
v -476.92022705078125 1389.4527587890625 2.7689990997314453
v -476.9201965332031 444.45465087890625 497.7691345214844
v -479.67138671875 1389.4527587890625 0.026899011805653572
v -476.9201965332031 444.45465087890625 497.7691345214844
v -476.92022705078125 1389.4527587890625 12.566476821899414
v -476.9201965332031 444.45465087890625 507.56658935546875
v -476.92022705078125 1389.4527587890625 2.7689990997314453
v -476.9201965332031 444.45465087890625 507.56658935546875
v -479.3183898925781 1389.4527587890625 15.0294828414917
v -479.318359375 444.45465087890625 510.02960205078125
v -476.92022705078125 1389.4527587890625 12.566476821899414
v -479.318359375 444.45465087890625 510.02960205078125
v -492.0184326171875 1389.4527587890625 15.0294828414917
v -492.0184326171875 444.45465087890625 510.02960205078125
v -479.3183898925781 1389.4527587890625 15.0294828414917
v -492.00042724609375 444.45465087890625 495.0270080566406
v -479.6713562011719 444.45465087890625 495.0270080566406
v -476.9201965332031 444.45465087890625 497.7691345214844
v -476.9201965332031 444.45465087890625 507.56658935546875
v -492.0184326171875 444.45465087890625 510.02960205078125
v -479.318359375 444.45465087890625 510.02960205078125
v -476.92022705078125 1389.4527587890625 2.7689990997314453
v -479.67138671875 1389.4527587890625 0.026899011805653572
v -492.00042724609375 1389.4527587890625 0.026898471638560295
v -476.92022705078125 1389.4527587890625 12.566476821899414
v -492.0184326171875 1389.4527587890625 15.0294828414917
v -479.3183898925781 1389.4527587890625 15.0294828414917
v -1.955810546875 1390.593017578125 9.99986457824707
v -1.95587158203125 458.09197998046875 499.9999694824219
v -484.45404052734375 1390.593017578125 9.99984359741211
v -484.4529113769531 458.09295654296875 499.9999084472656
v -3.68804931640625 1389.45263671875 -535.0001831054688
v -3.6881103515625 444.45458984375 -40.00013732910156
v -3.6881103515625 1389.4527587890625 4.999711990356445
v -3.68817138671875 444.45465087890625 499.9997253417969
v 6.37677001953125 1389.4527587890625 15.029504776000977
v 6.35870361328125 444.45465087890625 495.0270690917969
v 6.3587646484375 1389.4527587890625 0.0269202571362257
v 6.376708984375 444.45465087890625 510.0296630859375
v 6.3587646484375 1389.4527587890625 0.0269202571362257
v -5.9703369140625 444.45465087890625 495.0270690917969
v -5.97027587890625 1389.4527587890625 0.026919716969132423
v 6.35870361328125 444.45465087890625 495.0270690917969
v -5.97027587890625 1389.4527587890625 0.026919716969132423
v -8.72149658203125 444.45465087890625 497.7691955566406
v -8.721435546875 1389.4527587890625 2.769019603729248
v -5.9703369140625 444.45465087890625 495.0270690917969
v -8.721435546875 1389.4527587890625 2.769019603729248
v -8.72149658203125 444.45465087890625 507.566650390625
v -8.721435546875 1389.4527587890625 12.566495895385742
v -8.72149658203125 444.45465087890625 497.7691955566406
v -8.721435546875 1389.4527587890625 12.566495895385742
v -6.32330322265625 444.45465087890625 510.0296630859375
v -6.3232421875 1389.4527587890625 15.02950382232666
v -8.72149658203125 444.45465087890625 507.566650390625
v -6.3232421875 1389.4527587890625 15.02950382232666
v 6.376708984375 444.45465087890625 510.0296630859375
v 6.37677001953125 1389.4527587890625 15.029504776000977
v -6.32330322265625 444.45465087890625 510.0296630859375
v 6.3587646484375 1389.4527587890625 0.0269202571362257
v -5.97027587890625 1389.4527587890625 0.026919716969132423
v -8.721435546875 1389.4527587890625 2.769019603729248
v -8.721435546875 1389.4527587890625 12.566495895385742
v 6.37677001953125 1389.4527587890625 15.029504776000977
v -6.3232421875 1389.4527587890625 15.02950382232666
v -8.72149658203125 444.45465087890625 497.7691955566406
v -5.9703369140625 444.45465087890625 495.0270690917969
v 6.35870361328125 444.45465087890625 495.0270690917969
v -8.72149658203125 444.45465087890625 507.566650390625
v 6.376708984375 444.45465087890625 510.0296630859375
v -6.32330322265625 444.45465087890625 510.0296630859375
v 26.313720703125 204.4552001953125 -2.0882973331026733e-05
v 531.3125610351562 204.45526123046875 120.0000991821289
v 26.31365966796875 204.45526123046875 400.0
v 531.3125610351562 204.45526123046875 520.0000610351562
v 26.31072998046875 204.4522705078125 390.0
v 456.31256103515625 204.4522705078125 500.0
v 26.31072998046875 -310.5471496582031 390.0000305175781
v 456.31256103515625 -310.547119140625 500.0000305175781
v 456.31256103515625 194.38739013671875 513.0297241210938
v 26.31072998046875 194.40533447265625 388.0271301269531
v 456.31256103515625 194.40533447265625 498.0271301269531
v 26.31072998046875 194.38739013671875 403.02972412109375
v 456.31256103515625 194.40533447265625 498.0271301269531
v 26.31072998046875 206.73443603515625 388.0271301269531
v 456.31256103515625 206.73443603515625 498.0271301269531
v 26.31072998046875 194.40533447265625 388.0271301269531
v 456.31256103515625 206.73443603515625 498.0271301269531
v 26.31072998046875 209.485595703125 390.7692565917969
v 456.31256103515625 209.485595703125 500.76922607421875
v 26.31072998046875 206.73443603515625 388.0271301269531
v 456.31256103515625 209.485595703125 500.76922607421875
v 26.31072998046875 209.485595703125 400.56671142578125
v 456.31256103515625 209.485595703125 510.56671142578125
v 26.31072998046875 209.485595703125 390.7692565917969
v 456.31256103515625 209.485595703125 510.56671142578125
v 26.31072998046875 207.08740234375 403.02972412109375
v 456.31256103515625 207.08740234375 513.0297241210938
v 26.31072998046875 209.485595703125 400.56671142578125
v 456.31256103515625 207.08740234375 513.0297241210938
v 26.31072998046875 194.38739013671875 403.02972412109375
v 456.31256103515625 194.38739013671875 513.0297241210938
v 26.31072998046875 207.08740234375 403.02972412109375
v 26.31072998046875 -300.48223876953125 403.0297546386719
v 456.31256103515625 -300.5002136230469 498.02716064453125
v 26.31072998046875 -300.500244140625 388.02716064453125
v 456.31256103515625 -300.4822082519531 513.02978515625
v 26.31072998046875 -300.500244140625 388.02716064453125
v 456.31256103515625 -312.82928466796875 498.02716064453125
v 26.31072998046875 -312.8293151855469 388.02716064453125
v 456.31256103515625 -300.5002136230469 498.02716064453125
v 26.31072998046875 -312.8293151855469 388.02716064453125
v 456.31256103515625 -315.5804443359375 500.7692565917969
v 26.31072998046875 -315.5804748535156 390.769287109375
v 456.31256103515625 -312.82928466796875 498.02716064453125
v 26.31072998046875 -315.5804748535156 390.769287109375
v 456.31256103515625 -315.5804443359375 510.5667419433594
v 26.31072998046875 -315.5804748535156 400.5667419433594
v 456.31256103515625 -315.5804443359375 500.7692565917969
v 26.31072998046875 -315.5804748535156 400.5667419433594
v 456.31256103515625 -313.1822509765625 513.02978515625
v 26.31072998046875 -313.1822814941406 403.0297546386719
v 456.31256103515625 -315.5804443359375 510.5667419433594
v 26.31072998046875 -313.1822814941406 403.0297546386719
v 456.31256103515625 -300.4822082519531 513.02978515625
v 26.31072998046875 -300.48223876953125 403.0297546386719
v 456.31256103515625 -313.1822509765625 513.02978515625
v 456.31256103515625 194.40533447265625 498.0271301269531
v 456.31256103515625 206.73443603515625 498.0271301269531
v 456.31256103515625 209.485595703125 500.76922607421875
v 456.31256103515625 209.485595703125 510.56671142578125
v 456.31256103515625 194.38739013671875 513.0297241210938
v 456.31256103515625 207.08740234375 513.0297241210938
v 26.31072998046875 209.485595703125 390.7692565917969
v 26.31072998046875 206.73443603515625 388.0271301269531
v 26.31072998046875 194.40533447265625 388.0271301269531
v 26.31072998046875 209.485595703125 400.56671142578125
v 26.31072998046875 194.38739013671875 403.02972412109375
v 26.31072998046875 207.08740234375 403.02972412109375
v 26.31072998046875 -300.500244140625 388.02716064453125
v 26.31072998046875 -312.8293151855469 388.02716064453125
v 26.31072998046875 -315.5804748535156 390.769287109375
v 26.31072998046875 -315.5804748535156 400.5667419433594
v 26.31072998046875 -300.48223876953125 403.0297546386719
v 26.31072998046875 -313.1822814941406 403.0297546386719
v 456.31256103515625 -315.5804443359375 500.7692565917969
v 456.31256103515625 -312.82928466796875 498.02716064453125
v 456.31256103515625 -300.5002136230469 498.02716064453125
v 456.31256103515625 -315.5804443359375 510.5667419433594
v 456.31256103515625 -300.4822082519531 513.02978515625
v 456.31256103515625 -313.1822509765625 513.02978515625
v 531.3125610351562 -310.5471496582031 120.0001449584961
v 26.31365966796875 -310.5471496582031 400.0000305175781
v 531.3125610351562 -310.547119140625 520.0001220703125
v 26.313720703125 -310.54718017578125 2.413997208350338e-05
v -3.69720458984375 204.4522705078125 400.0
v -3.68499755859375 -310.5471496582031 400.0000305175781
v -3.69720458984375 204.4522705078125 500.0
v -3.68499755859375 -310.5471496582031 500.0000305175781
v -3.69720458984375 204.4522705078125 400.0
v 26.30145263671875 204.4522705078125 400.0
v -3.68499755859375 -310.5471496582031 400.0000305175781
v 26.31378173828125 -310.5471496582031 400.0000305175781
v 6.36767578125 204.4525146484375 505.0296630859375
v 6.36187744140625 -310.5469055175781 490.02716064453125
v 6.34967041015625 204.4525146484375 490.0271301269531
v 6.3798828125 -310.5469055175781 505.0296936035156
v 6.34967041015625 204.4525146484375 490.0271301269531
v -5.96722412109375 -310.5472106933594 490.02716064453125
v -5.97943115234375 204.45220947265625 490.0271301269531
v 6.36187744140625 -310.5469055175781 490.02716064453125
v -5.97943115234375 204.45220947265625 490.0271301269531
v -8.7183837890625 -310.5472717285156 492.7692565917969
v -8.7305908203125 204.45208740234375 492.76922607421875
v -5.96722412109375 -310.5472106933594 490.02716064453125
v -8.7305908203125 204.45208740234375 492.76922607421875
v -8.7183837890625 -310.5472717285156 502.5667419433594
v -8.7305908203125 204.45208740234375 502.56671142578125
v -8.7183837890625 -310.5472717285156 492.7692565917969
v -8.7305908203125 204.45208740234375 502.56671142578125
v -6.32012939453125 -310.5472106933594 505.0296936035156
v -6.33233642578125 204.45220947265625 505.0296630859375
v -8.7183837890625 -310.5472717285156 502.5667419433594
v -6.33233642578125 204.45220947265625 505.0296630859375
v 6.3798828125 -310.5469055175781 505.0296936035156
v 6.36767578125 204.4525146484375 505.0296630859375
v -6.32012939453125 -310.5472106933594 505.0296936035156
v 6.34967041015625 204.4525146484375 490.0271301269531
v -5.97943115234375 204.45220947265625 490.0271301269531
v -8.7305908203125 204.45208740234375 492.76922607421875
v -8.7305908203125 204.45208740234375 502.56671142578125
v 6.36767578125 204.4525146484375 505.0296630859375
v -6.33233642578125 204.45220947265625 505.0296630859375
v -8.7183837890625 -310.5472717285156 492.7692565917969
v -5.96722412109375 -310.5472106933594 490.02716064453125
v 6.36187744140625 -310.5469055175781 490.02716064453125
v -8.7183837890625 -310.5472717285156 502.5667419433594
v 6.3798828125 -310.5469055175781 505.0296936035156
v -6.32012939453125 -310.5472106933594 505.0296936035156
v -3.6881103515625 204.4522705078125 390.0
v 26.31365966796875 204.4522705078125 390.0
v -3.6881103515625 -310.5471496582031 390.0000305175781
v 26.31365966796875 -310.5471496582031 390.0000305175781
v 26.31365966796875 194.38739013671875 403.02972412109375
v 6.3587646484375 194.40533447265625 388.0271301269531
v 26.31365966796875 194.40533447265625 388.0271301269531
v 6.37677001953125 194.38739013671875 403.02972412109375
v 26.31365966796875 194.40533447265625 388.0271301269531
v -5.97027587890625 206.73443603515625 388.0271301269531
v 26.31365966796875 206.73443603515625 388.0271301269531
v 6.3587646484375 194.40533447265625 388.0271301269531
v 26.31365966796875 206.73443603515625 388.0271301269531
v -8.721435546875 209.485595703125 390.7692565917969
v 26.31365966796875 209.485595703125 390.7692565917969
v -5.97027587890625 206.73443603515625 388.0271301269531
v 26.31365966796875 209.485595703125 390.7692565917969
v -8.721435546875 209.485595703125 400.56671142578125
v 26.31365966796875 209.485595703125 400.56671142578125
v -8.721435546875 209.485595703125 390.7692565917969
v 26.31365966796875 209.485595703125 400.56671142578125
v -6.3232421875 207.08740234375 403.02972412109375
v 26.31365966796875 207.08740234375 403.02972412109375
v -8.721435546875 209.485595703125 400.56671142578125
v 26.31365966796875 207.08740234375 403.02972412109375
v 6.37677001953125 194.38739013671875 403.02972412109375
v 26.31365966796875 194.38739013671875 403.02972412109375
v -6.3232421875 207.08740234375 403.02972412109375
v 6.37677001953125 194.38739013671875 403.02972412109375
v 6.3587646484375 -300.500244140625 388.02716064453125
v 6.3587646484375 194.40533447265625 388.0271301269531
v 6.37677001953125 -300.48223876953125 403.0297546386719
v -5.97027587890625 -312.8293151855469 388.02716064453125
v 6.3587646484375 -300.500244140625 388.02716064453125
v -5.97027587890625 206.73443603515625 388.0271301269531
v -8.721435546875 -315.5804748535156 390.769287109375
v -8.721435546875 209.485595703125 390.7692565917969
v -5.97027587890625 -312.8293151855469 388.02716064453125
v -8.721435546875 209.485595703125 390.7692565917969
v -8.721435546875 -315.5804748535156 400.5667419433594
v -8.721435546875 209.485595703125 400.56671142578125
v -8.721435546875 -315.5804748535156 390.769287109375
v -8.721435546875 209.485595703125 400.56671142578125
v -6.3232421875 -313.1822814941406 403.0297546386719
v -6.3232421875 207.08740234375 403.02972412109375
v -8.721435546875 -315.5804748535156 400.5667419433594
v 6.37677001953125 -300.48223876953125 403.0297546386719
v -6.3232421875 -313.1822814941406 403.0297546386719
v 6.37677001953125 -300.48223876953125 403.0297546386719
v 26.31365966796875 -300.500244140625 388.02716064453125
v 6.3587646484375 -300.500244140625 388.02716064453125
v 26.31365966796875 -300.48223876953125 403.0297546386719
v 26.31365966796875 -312.8293151855469 388.02716064453125
v 26.31365966796875 -300.500244140625 388.02716064453125
v -5.97027587890625 -312.8293151855469 388.02716064453125
v 26.31365966796875 -315.5804748535156 390.769287109375
v -8.721435546875 -315.5804748535156 390.769287109375
v 26.31365966796875 -312.8293151855469 388.02716064453125
v -8.721435546875 -315.5804748535156 390.769287109375
v 26.31365966796875 -315.5804748535156 400.5667419433594
v -8.721435546875 -315.5804748535156 400.5667419433594
v 26.31365966796875 -315.5804748535156 390.769287109375
v -8.721435546875 -315.5804748535156 400.5667419433594
v 26.31365966796875 -313.1822814941406 403.0297546386719
v -6.3232421875 -313.1822814941406 403.0297546386719
v 26.31365966796875 -315.5804748535156 400.5667419433594
v 26.31365966796875 -300.48223876953125 403.0297546386719
v 26.31365966796875 -313.1822814941406 403.0297546386719
v 26.31365966796875 194.40533447265625 388.0271301269531
v 26.31365966796875 206.73443603515625 388.0271301269531
v 26.31365966796875 209.485595703125 390.7692565917969
v 26.31365966796875 209.485595703125 400.56671142578125
v 26.31365966796875 194.38739013671875 403.02972412109375
v 26.31365966796875 207.08740234375 403.02972412109375
v 26.31365966796875 -315.5804748535156 390.769287109375
v 26.31365966796875 -312.8293151855469 388.02716064453125
v 26.31365966796875 -300.500244140625 388.02716064453125
v 26.31365966796875 -315.5804748535156 400.5667419433594
v 26.31365966796875 -300.48223876953125 403.0297546386719
v 26.31365966796875 -313.1822814941406 403.0297546386719
v -389.0622863769531 414.22247314453125 0.0001426219241693616
v -406.5671691894531 414.22247314453125 0.0001418567553628236
v -389.06231689453125 414.2225341796875 310.0001220703125
v -406.56719970703125 414.2225341796875 310.0001220703125
v -406.5671691894531 414.22247314453125 0.0001418567553628236
v -406.5671691894531 395.0147705078125 0.00014353595906868577
v -406.56719970703125 414.2225341796875 310.0001220703125
v -406.56719970703125 395.01483154296875 310.0001220703125
v -406.5671691894531 379.2188720703125 0.00014491687761619687
v -406.56719970703125 379.21893310546875 310.0001525878906
v -406.5671691894531 379.2188720703125 0.00014491687761619687
v -389.0622863769531 379.2188720703125 0.0001456820173189044
v -406.56719970703125 379.21893310546875 310.0001525878906
v -389.06231689453125 379.21893310546875 310.0001525878906
v -389.0622863769531 379.2188720703125 0.0001456820173189044
v -389.0622863769531 399.2017822265625 0.0001439350744476542
v -389.06231689453125 379.21893310546875 310.0001525878906
v -389.06231689453125 399.20184326171875 310.0001220703125
v -389.0622863769531 414.22247314453125 0.0001426219241693616
v -389.06231689453125 414.2225341796875 310.0001220703125
v -389.06231689453125 414.2225341796875 310.0001220703125
v -406.56719970703125 414.2225341796875 310.0001220703125
v -406.56719970703125 395.01483154296875 310.0001220703125
v -406.56719970703125 379.21893310546875 310.0001525878906
v -389.06231689453125 399.20184326171875 310.0001220703125
v -389.06231689453125 379.21893310546875 310.0001525878906
v -74.06610107421875 414.22259521484375 0.00015639082994312048
v -94.06121826171875 414.22259521484375 0.0001555168128106743
v -74.06610107421875 414.22265625 310.0001525878906
v -94.06121826171875 414.22265625 310.0001220703125
v -94.06121826171875 414.22259521484375 0.0001555168128106743
v -94.06121826171875 396.14398193359375 0.00015709731087554246
v -94.06121826171875 414.22265625 310.00006103515625
v -94.06121826171875 396.14404296875 310.00006103515625
v -94.06121826171875 379.2188720703125 0.00015857696416787803
v -94.06121826171875 396.14404296875 310.0001220703125
v -94.06121826171875 379.21893310546875 310.0001220703125
v -94.06121826171875 379.2188720703125 0.00015857696416787803
v -74.06610107421875 379.2188720703125 0.0001594509813003242
v -94.06121826171875 379.21893310546875 310.0001220703125
v -74.06610107421875 379.21893310546875 310.0001525878906
v -74.06610107421875 379.2188720703125 0.0001594509813003242
v -74.06610107421875 400.85589599609375 0.00015755940694361925
v -74.06610107421875 379.21893310546875 310.0001525878906
v -74.06610107421875 400.85595703125 310.0001525878906
v -74.06610107421875 414.22259521484375 0.00015639082994312048
v -74.06610107421875 400.85595703125 310.0000915527344
v -74.06610107421875 414.22265625 310.0000915527344
v -74.06610107421875 414.22265625 310.0001525878906
v -94.06121826171875 414.22265625 310.0001220703125
v -94.06121826171875 396.14404296875 310.0001220703125
v -94.06121826171875 379.21893310546875 310.0001220703125
v -74.06610107421875 400.85595703125 310.0001525878906
v -74.06610107421875 379.21893310546875 310.0001525878906
v -394.059814453125 386.721435546875 310.0003662109375
v -86.564697265625 386.721435546875 310.0003662109375
v -394.059814453125 386.721435546875 495.0003662109375
v -86.56475830078125 386.721435546875 495.0003662109375
v -86.564697265625 446.72515869140625 310.0003662109375
v -394.059814453125 446.72515869140625 310.0003356933594
v -86.56475830078125 446.72515869140625 495.0003662109375
v -394.059814453125 446.72515869140625 495.0003356933594
v -394.059814453125 446.72515869140625 310.0003356933594
v -86.564697265625 446.72515869140625 310.0003662109375
v -394.059814453125 386.721435546875 310.0003662109375
v -86.564697265625 386.721435546875 310.0003662109375
v -394.059814453125 391.786376953125 320.030029296875
v -86.564697265625 391.76837158203125 305.0274963378906
v -394.059814453125 391.76837158203125 305.0274658203125
v -86.564697265625 391.786376953125 320.0300598144531
v -394.059814453125 391.76837158203125 305.0274658203125
v -86.564697265625 379.43927001953125 305.0274963378906
v -394.059814453125 379.43927001953125 305.0274963378906
v -86.564697265625 391.76837158203125 305.0274963378906
v -394.059814453125 379.43927001953125 305.0274963378906
v -86.564697265625 376.6881103515625 307.76959228515625
v -394.059814453125 376.6881103515625 307.76959228515625
v -86.564697265625 379.43927001953125 305.0274963378906
v -394.059814453125 376.6881103515625 307.76959228515625
v -86.564697265625 376.6881103515625 317.56707763671875
v -394.059814453125 376.6881103515625 317.56707763671875
v -86.564697265625 376.6881103515625 307.76959228515625
v -394.059814453125 376.6881103515625 317.56707763671875
v -86.564697265625 379.0863037109375 320.0300598144531
v -394.059814453125 379.0863037109375 320.0300598144531
v -86.564697265625 376.6881103515625 317.56707763671875
v -394.059814453125 379.0863037109375 320.0300598144531
v -86.564697265625 391.786376953125 320.0300598144531
v -394.059814453125 391.786376953125 320.030029296875
v -86.564697265625 379.0863037109375 320.0300598144531
v -86.564697265625 441.66021728515625 320.0300598144531
v -394.059814453125 441.67828369140625 305.0274658203125
v -86.564697265625 441.67828369140625 305.0274963378906
v -394.059814453125 441.66021728515625 320.030029296875
v -86.564697265625 441.67828369140625 305.0274963378906
v -394.059814453125 454.00732421875 305.0274658203125
v -86.564697265625 454.00732421875 305.0274963378906
v -394.059814453125 441.67828369140625 305.0274658203125
v -86.564697265625 454.00732421875 305.0274963378906
v -394.059814453125 456.75848388671875 307.7695617675781
v -86.564697265625 456.75848388671875 307.76959228515625
v -394.059814453125 454.00732421875 305.0274658203125
v -86.564697265625 456.75848388671875 307.76959228515625
v -394.059814453125 456.75848388671875 317.5670471191406
v -86.564697265625 456.75848388671875 317.56707763671875
v -394.059814453125 456.75848388671875 307.7695617675781
v -86.564697265625 456.75848388671875 317.56707763671875
v -394.059814453125 454.36029052734375 320.030029296875
v -86.564697265625 454.36029052734375 320.0300598144531
v -394.059814453125 456.75848388671875 317.5670471191406
v -86.564697265625 454.36029052734375 320.0300598144531
v -394.059814453125 441.66021728515625 320.030029296875
v -86.564697265625 441.66021728515625 320.0300598144531
v -394.059814453125 454.36029052734375 320.030029296875
v -394.059814453125 391.76837158203125 305.0274658203125
v -394.059814453125 379.43927001953125 305.0274963378906
v -394.059814453125 376.6881103515625 307.76959228515625
v -394.059814453125 376.6881103515625 317.56707763671875
v -394.059814453125 391.786376953125 320.030029296875
v -394.059814453125 379.0863037109375 320.0300598144531
v -86.564697265625 376.6881103515625 307.76959228515625
v -86.564697265625 379.43927001953125 305.0274963378906
v -86.564697265625 391.76837158203125 305.0274963378906
v -86.564697265625 376.6881103515625 317.56707763671875
v -86.564697265625 391.786376953125 320.0300598144531
v -86.564697265625 379.0863037109375 320.0300598144531
v -86.564697265625 441.67828369140625 305.0274963378906
v -86.564697265625 454.00732421875 305.0274963378906
v -86.564697265625 456.75848388671875 307.76959228515625
v -86.564697265625 456.75848388671875 317.56707763671875
v -86.564697265625 441.66021728515625 320.0300598144531
v -86.564697265625 454.36029052734375 320.0300598144531
v -394.059814453125 456.75848388671875 307.7695617675781
v -394.059814453125 454.00732421875 305.0274658203125
v -394.059814453125 441.67828369140625 305.0274658203125
v -394.059814453125 456.75848388671875 317.5670471191406
v -394.059814453125 441.66021728515625 320.030029296875
v -394.059814453125 454.36029052734375 320.030029296875
v -394.059814453125 381.72265625 312.4997863769531
v -391.5574035644531 381.72265625 312.4997863769531
v -394.059814453125 381.72265625 492.4997863769531
v -391.55743408203125 381.72265625 492.4997863769531
v -391.557373046875 381.72265625 312.4997863769531
v -389.06097412109375 384.21905517578125 312.4997863769531
v -391.5574035644531 381.72265625 492.4997863769531
v -389.0610046386719 384.21905517578125 492.4997863769531
v -389.06097412109375 384.21905517578125 312.4997863769531
v -389.06097412109375 386.721435546875 312.499755859375
v -389.0610046386719 384.21905517578125 492.4997863769531
v -389.0610046386719 386.721435546875 492.499755859375
v -394.059814453125 386.721435546875 492.4997863769531
v -394.059814453125 381.72265625 492.4997863769531
v -391.55743408203125 381.72265625 492.4997863769531
v -389.0610046386719 386.721435546875 492.499755859375
v -389.0610046386719 384.21905517578125 492.4997863769531
v -91.56353759765625 386.721435546875 312.499755859375
v -91.56353759765625 384.21905517578125 312.499755859375
v -91.5635986328125 386.721435546875 492.499755859375
v -91.5635986328125 384.21905517578125 492.499755859375
v -91.56353759765625 384.21905517578125 312.499755859375
v -89.0611572265625 381.72265625 312.4997863769531
v -91.5635986328125 384.21905517578125 492.499755859375
v -89.06121826171875 381.72265625 492.4997863769531
v -89.0611572265625 381.72265625 312.4997863769531
v -86.56475830078125 381.72265625 312.4997863769531
v -89.06121826171875 381.72265625 492.4997863769531
v -86.5648193359375 381.72265625 492.4997863769531
v -91.5635986328125 386.721435546875 492.499755859375
v -91.5635986328125 384.21905517578125 492.499755859375
v -89.06121826171875 381.72265625 492.4997863769531
v -86.5648193359375 386.721435546875 492.4997863769531
v -86.5648193359375 381.72265625 492.4997863769531
v -491.1893005371094 369.459716796875 0.00014207109052222222
v -399.48828125 369.458251953125 0.00014607960474677384
v -491.1893310546875 369.45977783203125 495.0001220703125
v -399.4883117675781 369.45831298828125 495.0001525878906
v -399.48828125 369.458251953125 0.00014607960474677384
v -394.0743713378906 374.45709228515625 0.00014587922487407923
v -399.4883117675781 369.45831298828125 495.0001525878906
v -394.07440185546875 374.4571533203125 495.0001525878906
v -394.0743713378906 374.45709228515625 0.00014587922487407923
v -394.0750732421875 407.796875 0.00014296456356532872
v -394.07440185546875 374.4571533203125 495.0000305175781
v -394.07513427734375 407.79693603515625 495.0
v -394.0743713378906 454.46197509765625 0.00013888496323488653
v -394.07513427734375 407.79693603515625 495.0001220703125
v -394.07440185546875 454.4620361328125 495.0001220703125
v -394.0743713378906 454.46197509765625 0.00013888496323488653
v -491.1893005371094 454.46331787109375 0.00013463982031680644
v -394.07440185546875 454.4620361328125 495.0001220703125
v -491.1893310546875 454.46337890625 495.0000915527344
v -491.1893615722656 364.42633056640625 0.00014251114043872803
v -397.51995849609375 364.4249267578125 12.56684684753418
v -491.1893615722656 364.42633056640625 12.566843032836914
v -397.51995849609375 364.4249267578125 0.00014660567103419453
v -491.1893615722656 364.42633056640625 12.566843032836914
v -398.43243408203125 366.75823974609375 14.900146484375
v -491.1893310546875 366.75970458984375 14.900141716003418
v -397.51995849609375 364.4249267578125 12.56684684753418
v -491.1893310546875 366.75970458984375 14.900141716003418
v -399.48828125 369.458251953125 14.900146484375
v -491.1893005371094 369.459716796875 14.900141716003418
v -398.43243408203125 366.75823974609375 14.900146484375
v -397.51995849609375 364.4249267578125 0.00014660567103419453
v -389.041015625 372.2537841796875 12.56684684753418
v -397.51995849609375 364.4249267578125 12.56684684753418
v -389.041015625 372.2537841796875 0.0001462918589822948
v -397.51995849609375 364.4249267578125 12.56684684753418
v -391.3743896484375 373.275146484375 14.900145530700684
v -398.43243408203125 366.75823974609375 14.900146484375
v -389.041015625 372.2537841796875 12.56684684753418
v -394.0743713378906 374.45709228515625 14.900145530700684
v -391.3743896484375 373.275146484375 14.900145530700684
v -389.041015625 372.2537841796875 0.0001462918589822948
v -389.041748046875 407.796875 12.56684398651123
v -389.041015625 372.2537841796875 12.56684684753418
v -389.041748046875 407.796875 0.00014318454486783594
v -389.041015625 372.2537841796875 12.56684684753418
v -391.3750915527344 407.796875 14.900142669677734
v -391.3743896484375 373.275146484375 14.900145530700684
v -389.041748046875 407.796875 12.56684398651123
v -394.0750732421875 407.796875 14.900142669677734
v -391.3750915527344 407.796875 14.900142669677734
v -389.0409851074219 459.49530029296875 12.566839218139648
v -389.0409851074219 459.49530029296875 0.00013866499648429453
v -391.37432861328125 457.16192626953125 14.900137901306152
v -389.0409851074219 459.49530029296875 12.566839218139648
v -394.0743713378906 454.46197509765625 14.900138854980469
v -391.37432861328125 457.16192626953125 14.900137901306152
v -389.0409851074219 459.49530029296875 0.00013866499648429453
v -491.1892395019531 459.49658203125 12.56683349609375
v -389.0409851074219 459.49530029296875 12.566839218139648
v -491.1892395019531 459.49658203125 0.00013419982860796154
v -389.0409851074219 459.49530029296875 12.566839218139648
v -491.18927001953125 457.16326904296875 14.900134086608887
v -391.37432861328125 457.16192626953125 14.900137901306152
v -491.1892395019531 459.49658203125 12.56683349609375
v -491.1893005371094 454.46331787109375 14.900134086608887
v -491.18927001953125 457.16326904296875 14.900134086608887
v -491.1893615722656 364.42633056640625 0.00014251114043872803
v -491.1893615722656 364.42633056640625 12.566843032836914
v -491.1893005371094 369.459716796875 14.900141716003418
v -491.1893310546875 366.75970458984375 14.900141716003418
v -491.1893005371094 454.46331787109375 14.900134086608887
v -491.1892395019531 459.49658203125 12.56683349609375
v -491.1892395019531 459.49658203125 0.00013419982860796154
v -491.18927001953125 457.16326904296875 14.900134086608887
v -86.5426025390625 454.46197509765625 0.00015232762962114066
v -86.5433349609375 410.00030517578125 0.00015621456259395927
v -86.54266357421875 454.4620361328125 495.0001525878906
v -86.54339599609375 410.0003662109375 495.0001525878906
v -86.542724609375 374.45709228515625 0.00015932187670841813
v -86.54278564453125 374.4571533203125 495.0001525878906
v -86.542724609375 374.45709228515625 0.00015932187670841813
v -81.57440185546875 369.458251953125 0.00015997605805750936
v -86.54278564453125 374.4571533203125 495.0000305175781
v -81.574462890625 369.45831298828125 495.0000305175781
v -81.57440185546875 369.458251953125 0.00015997605805750936
v 8.81378173828125 369.45361328125 0.0001639274414628744
v -81.574462890625 369.45831298828125 495.0001525878906
v 8.813720703125 369.45367431640625 495.0001525878906
v 7.56256103515625 454.457275390625 0.00015644151426386088
v -86.5426025390625 454.46197509765625 0.00015232762962114066
v 7.5625 454.45733642578125 495.0001525878906
v -86.54266357421875 454.4620361328125 495.0001525878906
v -91.57586669921875 459.49554443359375 0.00015166755474638194
v -91.57666015625 410.00030517578125 12.566856384277344
v -91.57586669921875 459.49554443359375 12.566851615905762
v -91.57666015625 410.00030517578125 0.0001559945521876216
v -91.57586669921875 459.49554443359375 12.566851615905762
v -89.24334716796875 410.00030517578125 14.900156021118164
v -89.2425537109375 457.162109375 14.900151252746582
v -91.57666015625 410.00030517578125 12.566856384277344
v -89.2425537109375 457.162109375 14.900151252746582
v -86.5433349609375 410.00030517578125 14.900156021118164
v -86.5426025390625 454.46197509765625 14.900152206420898
v -89.24334716796875 410.00030517578125 14.900156021118164
v -91.57598876953125 372.38116455078125 12.566859245300293
v -91.57598876953125 372.38116455078125 0.00015928334323689342
v -89.24273681640625 373.343505859375 14.900158882141113
v -91.57598876953125 372.38116455078125 12.566859245300293
v -86.542724609375 374.45709228515625 14.900158882141113
v -89.24273681640625 373.343505859375 14.900158882141113
v -91.57598876953125 372.38116455078125 0.00015928334323689342
v -83.66845703125 364.425048828125 12.566861152648926
v -91.57598876953125 372.38116455078125 12.566859245300293
v -83.66845703125 364.425048828125 0.00016032456187531352
v -91.57598876953125 372.38116455078125 12.566859245300293
v -82.69769287109375 366.75830078125 14.90015983581543
v -89.24273681640625 373.343505859375 14.900158882141113
v -83.66845703125 364.425048828125 12.566861152648926
v -81.57440185546875 369.458251953125 14.90015983581543
v -82.69769287109375 366.75830078125 14.90015983581543
v -83.66845703125 364.425048828125 0.00016032456187531352
v 8.81353759765625 364.42022705078125 12.566864967346191
v -83.66845703125 364.425048828125 12.566861152648926
v 8.81353759765625 364.42022705078125 0.00016436749137938023
v -83.66845703125 364.425048828125 12.566861152648926
v 8.8135986328125 366.75360107421875 14.900163650512695
v -82.69769287109375 366.75830078125 14.90015983581543
v 8.81353759765625 364.42022705078125 12.566864967346191
v 8.81378173828125 369.45361328125 14.900163650512695
v 8.8135986328125 366.75360107421875 14.900163650512695
v 7.56280517578125 459.4906005859375 0.00015600150800310075
v -91.57586669921875 459.49554443359375 12.566851615905762
v 7.56280517578125 459.4906005859375 12.566856384277344
v -91.57586669921875 459.49554443359375 0.00015166755474638194
v 7.56280517578125 459.4906005859375 12.566856384277344
v -89.2425537109375 457.162109375 14.900151252746582
v 7.562744140625 457.1572265625 14.900156021118164
v -91.57586669921875 459.49554443359375 12.566851615905762
v 7.562744140625 457.1572265625 14.900156021118164
v 7.56256103515625 454.457275390625 14.900156021118164
v 8.81378173828125 369.45361328125 14.900163650512695
v 8.81353759765625 364.42022705078125 12.566864967346191
v 8.81353759765625 364.42022705078125 0.00016436749137938023
v 8.8135986328125 366.75360107421875 14.900163650512695
v 7.56280517578125 459.4906005859375 0.00015600150800310075
v 7.56280517578125 459.4906005859375 12.566856384277344
v 7.56256103515625 454.457275390625 14.900156021118164
v 7.562744140625 457.1572265625 14.900156021118164
v -488.6867980957031 364.4609375 495.000244140625
v -488.68682861328125 454.45733642578125 495.0002136230469
v 11.309814453125 364.46099853515625 495.0002746582031
v 2.56182861328125 454.45831298828125 495.0002746582031
v -488.6867980957031 374.52581787109375 505.0299377441406
v 11.309814453125 374.5079345703125 490.02740478515625
v -488.6867980957031 374.5078125 490.0273742675781
v 11.309814453125 374.52593994140625 505.02996826171875
v -488.6867980957031 374.5078125 490.0273742675781
v 11.309814453125 362.1788330078125 490.02740478515625
v -488.6867980957031 362.1787109375 490.0273742675781
v 11.309814453125 374.5079345703125 490.02740478515625
v -488.6867980957031 362.1787109375 490.0273742675781
v 11.309814453125 359.42767333984375 492.7695007324219
v -488.6867980957031 359.42755126953125 492.76947021484375
v 11.309814453125 362.1788330078125 490.02740478515625
v -488.6867980957031 359.42755126953125 492.76947021484375
v 11.309814453125 359.42767333984375 502.5669860839844
v -488.6867980957031 359.42755126953125 502.56695556640625
v 11.309814453125 359.42767333984375 492.7695007324219
v -488.6867980957031 359.42755126953125 502.56695556640625
v 11.309814453125 361.82586669921875 505.02996826171875
v -488.6867980957031 361.8258056640625 505.0299377441406
v 11.309814453125 359.42767333984375 502.5669860839844
v -488.6867980957031 361.8258056640625 505.0299377441406
v 11.309814453125 374.52593994140625 505.02996826171875
v -488.6867980957031 374.52581787109375 505.0299377441406
v 11.309814453125 361.82586669921875 505.02996826171875
v 2.56182861328125 444.3934326171875 505.02996826171875
v -488.6867980957031 444.410400390625 490.02734375
v 2.56182861328125 444.411376953125 490.02740478515625
v -488.6867980957031 444.39239501953125 505.0299072265625
v 2.56182861328125 444.411376953125 490.02740478515625
v -488.68682861328125 456.739501953125 490.02734375
v 2.56182861328125 456.740478515625 490.02740478515625
v -488.6867980957031 444.410400390625 490.02734375
v 2.56182861328125 456.740478515625 490.02740478515625
v -488.68682861328125 459.49066162109375 492.7694396972656
v 2.56182861328125 459.49163818359375 492.7695007324219
v -488.68682861328125 456.739501953125 490.02734375
v 2.56182861328125 459.49163818359375 492.7695007324219
v -488.68682861328125 459.49066162109375 502.5669250488281
v 2.56182861328125 459.49163818359375 502.5669860839844
v -488.68682861328125 459.49066162109375 492.7694396972656
v 2.56182861328125 459.49163818359375 502.5669860839844
v -488.68682861328125 457.09246826171875 505.0299072265625
v 2.56182861328125 457.0933837890625 505.02996826171875
v -488.68682861328125 459.49066162109375 502.5669250488281
v 2.56182861328125 457.0933837890625 505.02996826171875
v -488.6867980957031 444.39239501953125 505.0299072265625
v 2.56182861328125 444.3934326171875 505.02996826171875
v -488.68682861328125 457.09246826171875 505.0299072265625
v -488.6867980957031 374.5078125 490.0273742675781
v -488.6867980957031 362.1787109375 490.0273742675781
v -488.6867980957031 359.42755126953125 492.76947021484375
v -488.6867980957031 359.42755126953125 502.56695556640625
v -488.6867980957031 374.52581787109375 505.0299377441406
v -488.6867980957031 361.8258056640625 505.0299377441406
v 11.309814453125 359.42767333984375 492.7695007324219
v 11.309814453125 362.1788330078125 490.02740478515625
v 11.309814453125 374.5079345703125 490.02740478515625
v 11.309814453125 359.42767333984375 502.5669860839844
v 11.309814453125 374.52593994140625 505.02996826171875
v 11.309814453125 361.82586669921875 505.02996826171875
v 2.56182861328125 444.411376953125 490.02740478515625
v 2.56182861328125 456.740478515625 490.02740478515625
v 2.56182861328125 459.49163818359375 492.7695007324219
v 2.56182861328125 459.49163818359375 502.5669860839844
v 2.56182861328125 444.3934326171875 505.02996826171875
v 2.56182861328125 457.0933837890625 505.02996826171875
v -488.68682861328125 459.49066162109375 492.7694396972656
v -488.68682861328125 456.739501953125 490.02734375
v -488.6867980957031 444.410400390625 490.02734375
v -488.68682861328125 459.49066162109375 502.5669250488281
v -488.6867980957031 444.39239501953125 505.0299072265625
v -488.68682861328125 457.09246826171875 505.0299072265625
v 130.16998291015625 1380.5828857421875 -495.0000305175781
v 112.6650390625 1380.5828857421875 -495.0
v 130.169921875 1380.5830078125 -185.00001525878906
v 112.66497802734375 1380.5830078125 -185.00001525878906
v 112.6650390625 1380.5828857421875 -495.0
v 112.6650390625 1361.3751220703125 -495.0
v 112.66497802734375 1380.5830078125 -185.00001525878906
v 112.66497802734375 1361.375244140625 -185.00001525878906
v 112.6650390625 1345.5792236328125 -495.0
v 112.66497802734375 1345.579345703125 -185.00001525878906
v 112.6650390625 1345.5792236328125 -495.0
v 130.16998291015625 1345.5792236328125 -495.0
v 112.66497802734375 1345.579345703125 -185.00001525878906
v 130.169921875 1345.579345703125 -185.00001525878906
v 130.16998291015625 1345.5792236328125 -495.0
v 130.16998291015625 1365.5621337890625 -495.0
v 130.169921875 1345.579345703125 -185.00001525878906
v 130.169921875 1365.562255859375 -185.00001525878906
v 130.16998291015625 1380.5828857421875 -495.0000305175781
v 130.169921875 1380.5830078125 -185.00001525878906
v 130.169921875 1380.5830078125 -185.00001525878906
v 112.66497802734375 1380.5830078125 -185.00001525878906
v 112.66497802734375 1361.375244140625 -185.00001525878906
v 112.66497802734375 1345.579345703125 -185.00001525878906
v 130.169921875 1365.562255859375 -185.00001525878906
v 130.169921875 1345.579345703125 -185.00001525878906
v 445.16607666015625 1380.5830078125 -495.0
v 425.17095947265625 1380.5830078125 -495.0
v 445.16607666015625 1380.5830078125 -185.0
v 425.17095947265625 1380.5830078125 -185.0
v 425.17095947265625 1380.5830078125 -495.0
v 425.17095947265625 1362.504638671875 -495.0
v 425.17095947265625 1380.5830078125 -185.0000457763672
v 425.17095947265625 1362.504638671875 -185.0000457763672
v 425.17095947265625 1345.579345703125 -495.0
v 425.17095947265625 1362.504638671875 -185.0
v 425.17095947265625 1345.579345703125 -185.0
v 425.17095947265625 1345.579345703125 -495.0
v 445.16607666015625 1345.579345703125 -495.0
v 425.17095947265625 1345.579345703125 -185.0
v 445.16607666015625 1345.579345703125 -185.0
v 445.16607666015625 1345.579345703125 -495.0
v 445.16607666015625 1367.21630859375 -495.0
v 445.16607666015625 1345.579345703125 -185.0
v 445.16607666015625 1367.21630859375 -185.0
v 445.16607666015625 1380.5830078125 -495.0
v 445.16607666015625 1367.21630859375 -185.0000457763672
v 445.16607666015625 1380.5830078125 -185.0000457763672
v 445.16607666015625 1380.5830078125 -185.0
v 425.17095947265625 1380.5830078125 -185.0
v 425.17095947265625 1362.504638671875 -185.0
v 425.17095947265625 1345.579345703125 -185.0
v 445.16607666015625 1367.21630859375 -185.0
v 445.16607666015625 1345.579345703125 -185.0
v 125.17236328125 1353.0819091796875 -184.9998321533203
v 432.66741943359375 1353.0819091796875 -184.99981689453125
v 125.17236328125 1353.0819091796875 -94.99983215332031
v 432.66741943359375 1353.0819091796875 -94.99980926513672
v 432.66741943359375 1413.0855712890625 -184.99981689453125
v 125.17236328125 1413.0855712890625 -184.9998321533203
v 432.66741943359375 1413.0855712890625 -94.99981689453125
v 125.17236328125 1413.0855712890625 -94.99983978271484
v 125.17236328125 1413.0855712890625 -184.9998321533203
v 432.66741943359375 1413.0855712890625 -184.99981689453125
v 125.17236328125 1353.0819091796875 -184.9998321533203
v 432.66741943359375 1353.0819091796875 -184.99981689453125
v 125.17236328125 1358.146728515625 -174.97012329101562
v 432.66741943359375 1358.1287841796875 -189.97267150878906
v 125.17236328125 1358.1287841796875 -189.97268676757812
v 432.66741943359375 1358.146728515625 -174.97010803222656
v 125.17236328125 1358.1287841796875 -189.97268676757812
v 432.66741943359375 1345.7996826171875 -189.97267150878906
v 125.17236328125 1345.7996826171875 -189.97268676757812
v 432.66741943359375 1358.1287841796875 -189.97267150878906
v 125.17236328125 1345.7996826171875 -189.97268676757812
v 432.66741943359375 1343.0484619140625 -187.2305908203125
v 125.17236328125 1343.0484619140625 -187.23060607910156
v 432.66741943359375 1345.7996826171875 -189.97267150878906
v 125.17236328125 1343.0484619140625 -187.23060607910156
v 432.66741943359375 1343.0484619140625 -177.43310546875
v 125.17236328125 1343.0484619140625 -177.43312072753906
v 432.66741943359375 1343.0484619140625 -187.2305908203125
v 125.17236328125 1343.0484619140625 -177.43312072753906
v 432.66741943359375 1345.44677734375 -174.97010803222656
v 125.17236328125 1345.44677734375 -174.97012329101562
v 432.66741943359375 1343.0484619140625 -177.43310546875
v 125.17236328125 1345.44677734375 -174.97012329101562
v 432.66741943359375 1358.146728515625 -174.97010803222656
v 125.17236328125 1358.146728515625 -174.97012329101562
v 432.66741943359375 1345.44677734375 -174.97010803222656
v 432.66741943359375 1408.0206298828125 -174.97010803222656
v 125.17236328125 1408.0386962890625 -189.97268676757812
v 432.66741943359375 1408.0386962890625 -189.97267150878906
v 125.17236328125 1408.0206298828125 -174.97012329101562
v 432.66741943359375 1408.0386962890625 -189.97267150878906
v 125.17236328125 1420.3677978515625 -189.97268676757812
v 432.66741943359375 1420.3677978515625 -189.97267150878906
v 125.17236328125 1408.0386962890625 -189.97268676757812
v 432.66741943359375 1420.3677978515625 -189.97267150878906
v 125.17236328125 1423.1190185546875 -187.23060607910156
v 432.66741943359375 1423.1190185546875 -187.2305908203125
v 125.17236328125 1420.3677978515625 -189.97268676757812
v 432.66741943359375 1423.1190185546875 -187.2305908203125
v 125.17236328125 1423.1190185546875 -177.43312072753906
v 432.66741943359375 1423.1190185546875 -177.43310546875
v 125.17236328125 1423.1190185546875 -187.23060607910156
v 432.66741943359375 1423.1190185546875 -177.43310546875
v 125.17236328125 1420.720703125 -174.97012329101562
v 432.66741943359375 1420.720703125 -174.97010803222656
v 125.17236328125 1423.1190185546875 -177.43312072753906
v 432.66741943359375 1420.720703125 -174.97010803222656
v 125.17236328125 1408.0206298828125 -174.97012329101562
v 432.66741943359375 1408.0206298828125 -174.97010803222656
v 125.17236328125 1420.720703125 -174.97012329101562
v 125.17236328125 1358.1287841796875 -189.97268676757812
v 125.17236328125 1345.7996826171875 -189.97268676757812
v 125.17236328125 1343.0484619140625 -187.23060607910156
v 125.17236328125 1343.0484619140625 -177.43312072753906
v 125.17236328125 1358.146728515625 -174.97012329101562
v 125.17236328125 1345.44677734375 -174.97012329101562
v 432.66741943359375 1343.0484619140625 -187.2305908203125
v 432.66741943359375 1345.7996826171875 -189.97267150878906
v 432.66741943359375 1358.1287841796875 -189.97267150878906
v 432.66741943359375 1343.0484619140625 -177.43310546875
v 432.66741943359375 1358.146728515625 -174.97010803222656
v 432.66741943359375 1345.44677734375 -174.97010803222656
v 432.66741943359375 1408.0386962890625 -189.97267150878906
v 432.66741943359375 1420.3677978515625 -189.97267150878906
v 432.66741943359375 1423.1190185546875 -187.2305908203125
v 432.66741943359375 1423.1190185546875 -177.43310546875
v 432.66741943359375 1408.0206298828125 -174.97010803222656
v 432.66741943359375 1420.720703125 -174.97010803222656
v 125.17236328125 1423.1190185546875 -187.23060607910156
v 125.17236328125 1420.3677978515625 -189.97268676757812
v 125.17236328125 1408.0386962890625 -189.97268676757812
v 125.17236328125 1423.1190185546875 -177.43312072753906
v 125.17236328125 1408.0206298828125 -174.97012329101562
v 125.17236328125 1420.720703125 -174.97012329101562
v 125.17236328125 1358.146728515625 -89.97013092041016
v 432.66741943359375 1358.1287841796875 -104.9726791381836
v 125.17236328125 1358.1287841796875 -104.97270202636719
v 432.66741943359375 1358.146728515625 -89.97010803222656
v 125.17236328125 1358.1287841796875 -104.97270202636719
v 432.66741943359375 1345.7996826171875 -104.9726791381836
v 125.17236328125 1345.7996826171875 -104.97269439697266
v 432.66741943359375 1358.1287841796875 -104.9726791381836
v 125.17236328125 1345.7996826171875 -104.97269439697266
v 432.66741943359375 1343.0484619140625 -102.23057556152344
v 125.17236328125 1343.0484619140625 -102.2305908203125
v 432.66741943359375 1345.7996826171875 -104.9726791381836
v 125.17236328125 1343.0484619140625 -102.2305908203125
v 432.66741943359375 1343.0484619140625 -92.43311309814453
v 125.17236328125 1343.0484619140625 -92.4331283569336
v 432.66741943359375 1343.0484619140625 -102.23057556152344
v 125.17236328125 1343.0484619140625 -92.4331283569336
v 432.66741943359375 1345.44677734375 -89.97010803222656
v 125.17236328125 1345.44677734375 -89.97012329101562
v 432.66741943359375 1343.0484619140625 -92.43311309814453
v 125.17236328125 1345.44677734375 -89.97012329101562
v 432.66741943359375 1358.146728515625 -89.97010803222656
v 125.17236328125 1358.146728515625 -89.97013092041016
v 432.66741943359375 1345.44677734375 -89.97010803222656
v 432.66741943359375 1408.0206298828125 -89.9701156616211
v 125.17236328125 1408.0386962890625 -104.97270965576172
v 432.66741943359375 1408.0386962890625 -104.97268676757812
v 125.17236328125 1408.0206298828125 -89.97013854980469
v 432.66741943359375 1408.0386962890625 -104.97268676757812
v 125.17236328125 1420.3677978515625 -104.97270965576172
v 432.66741943359375 1420.3677978515625 -104.97268676757812
v 125.17236328125 1408.0386962890625 -104.97270965576172
v 432.66741943359375 1420.3677978515625 -104.97268676757812
v 125.17236328125 1423.1190185546875 -102.23060607910156
v 432.66741943359375 1423.1190185546875 -102.2305908203125
v 125.17236328125 1420.3677978515625 -104.97270965576172
v 432.66741943359375 1423.1190185546875 -102.2305908203125
v 125.17236328125 1423.1190185546875 -92.43314361572266
v 432.66741943359375 1423.1190185546875 -92.4331283569336
v 125.17236328125 1423.1190185546875 -102.23060607910156
v 432.66741943359375 1423.1190185546875 -92.4331283569336
v 125.17236328125 1420.720703125 -89.97013854980469
v 432.66741943359375 1420.720703125 -89.97012329101562
v 125.17236328125 1423.1190185546875 -92.43314361572266
v 432.66741943359375 1420.720703125 -89.97012329101562
v 125.17236328125 1408.0206298828125 -89.97013854980469
v 432.66741943359375 1408.0206298828125 -89.9701156616211
v 125.17236328125 1420.720703125 -89.97013854980469
v 125.17236328125 1358.1287841796875 -104.97270202636719
v 125.17236328125 1345.7996826171875 -104.97269439697266
v 125.17236328125 1343.0484619140625 -102.2305908203125
v 125.17236328125 1343.0484619140625 -92.4331283569336
v 125.17236328125 1358.146728515625 -89.97013092041016
v 125.17236328125 1345.44677734375 -89.97012329101562
v 432.66741943359375 1343.0484619140625 -102.23057556152344
v 432.66741943359375 1345.7996826171875 -104.9726791381836
v 432.66741943359375 1358.1287841796875 -104.9726791381836
v 432.66741943359375 1343.0484619140625 -92.43311309814453
v 432.66741943359375 1358.146728515625 -89.97010803222656
v 432.66741943359375 1345.44677734375 -89.97010803222656
v 432.66741943359375 1408.0386962890625 -104.97268676757812
v 432.66741943359375 1420.3677978515625 -104.97268676757812
v 432.66741943359375 1423.1190185546875 -102.2305908203125
v 432.66741943359375 1423.1190185546875 -92.4331283569336
v 432.66741943359375 1408.0206298828125 -89.9701156616211
v 432.66741943359375 1420.720703125 -89.97012329101562
v 125.17236328125 1423.1190185546875 -102.23060607910156
v 125.17236328125 1420.3677978515625 -104.97270965576172
v 125.17236328125 1408.0386962890625 -104.97270965576172
v 125.17236328125 1423.1190185546875 -92.43314361572266
v 125.17236328125 1408.0206298828125 -89.97013854980469
v 125.17236328125 1420.720703125 -89.97013854980469
v 125.17236328125 1348.0831298828125 -179.99981689453125
v 127.67474365234375 1348.0831298828125 -179.99981689453125
v 125.17236328125 1348.0831298828125 -99.99980926513672
v 127.67474365234375 1348.0831298828125 -99.99981689453125
v 127.67474365234375 1348.0831298828125 -179.99981689453125
v 130.171142578125 1350.5794677734375 -179.99981689453125
v 127.67474365234375 1348.0831298828125 -99.99981689453125
v 130.171142578125 1350.5794677734375 -99.99980926513672
v 130.171142578125 1350.5794677734375 -179.99981689453125
v 130.171142578125 1353.0819091796875 -179.99981689453125
v 130.171142578125 1350.5794677734375 -99.99980926513672
v 130.171142578125 1353.0819091796875 -99.99980926513672
v 125.17236328125 1353.0819091796875 -99.99981689453125
v 125.17236328125 1348.0831298828125 -99.99980926513672
v 127.67474365234375 1348.0831298828125 -99.99981689453125
v 130.171142578125 1353.0819091796875 -99.99980926513672
v 130.171142578125 1350.5794677734375 -99.99980926513672
v 427.66864013671875 1353.0819091796875 -179.9998016357422
v 427.66864013671875 1350.5794677734375 -179.9998016357422
v 427.66864013671875 1353.0819091796875 -99.99979400634766
v 427.66864013671875 1350.5794677734375 -99.99979400634766
v 427.66864013671875 1350.5794677734375 -179.9998016357422
v 430.17108154296875 1348.0831298828125 -179.9998016357422
v 427.66864013671875 1350.5794677734375 -99.99979400634766
v 430.17108154296875 1348.0831298828125 -99.99979400634766
v 430.17108154296875 1348.0831298828125 -179.9998016357422
v 432.66741943359375 1348.0831298828125 -179.9998016357422
v 430.17108154296875 1348.0831298828125 -99.99979400634766
v 432.66741943359375 1348.0831298828125 -99.99979400634766
v 427.66864013671875 1353.0819091796875 -99.99979400634766
v 427.66864013671875 1350.5794677734375 -99.99979400634766
v 430.17108154296875 1348.0831298828125 -99.99979400634766
v 432.66741943359375 1353.0819091796875 -99.99979400634766
v 432.66741943359375 1348.0831298828125 -99.99979400634766
v -8.94012451171875 1335.0672607421875 -495.0
v 119.74395751953125 1335.818603515625 -495.0
v -8.940185546875 1335.0673828125 -95.00000762939453
v 119.743896484375 1335.8187255859375 -95.0
v 119.743896484375 1335.818603515625 -495.0
v 125.15777587890625 1340.8173828125 -495.0
v 119.74383544921875 1335.8187255859375 -95.0
v 125.15771484375 1340.8175048828125 -95.0
v 125.1578369140625 1340.8173828125 -495.0
v 125.15716552734375 1374.1572265625 -495.0
v 125.15777587890625 1340.8175048828125 -95.0
v 125.1571044921875 1374.1573486328125 -95.00000762939453
v 125.1578369140625 1420.8223876953125 -495.0
v 125.15777587890625 1420.822509765625 -95.00001525878906
v 125.1578369140625 1420.8223876953125 -495.0
v -10.67352294921875 1420.0709228515625 -494.9999694824219
v 125.15777587890625 1420.822509765625 -95.00001525878906
v -10.673583984375 1420.071044921875 -95.00001525878906
v -10.67352294921875 1420.0709228515625 -494.9999694824219
v -8.94012451171875 1335.0672607421875 -495.0
v -10.673583984375 1420.071044921875 -95.00001525878906
v -8.940185546875 1335.0673828125 -95.00000762939453
v -13.87127685546875 1330.0050048828125 -495.0
v 121.72467041015625 1330.7967529296875 -482.43328857421875
v -13.87127685546875 1330.0050048828125 -482.43328857421875
v 121.72467041015625 1330.7967529296875 -495.0
v -13.87127685546875 1330.0050048828125 -482.43328857421875
v 120.8065185546875 1333.124755859375 -480.0999755859375
v -11.5853271484375 1332.351806640625 -480.0999755859375
v 121.72467041015625 1330.7967529296875 -482.43328857421875
v -11.5853271484375 1332.351806640625 -480.0999755859375
v 119.74395751953125 1335.818603515625 -480.0999755859375
v -8.94012451171875 1335.0672607421875 -480.0999755859375
v 120.8065185546875 1333.124755859375 -480.0999755859375
v 121.72467041015625 1330.7967529296875 -495.0
v 130.19122314453125 1338.6141357421875 -482.43328857421875
v 121.72467041015625 1330.7967529296875 -482.43328857421875
v 130.19122314453125 1338.6141357421875 -495.0
v 121.72467041015625 1330.7967529296875 -482.43328857421875
v 127.85784912109375 1339.635498046875 -480.0999755859375
v 120.8065185546875 1333.124755859375 -480.0999755859375
v 130.19122314453125 1338.6141357421875 -482.43328857421875
v 125.1578369140625 1340.8173828125 -480.0999755859375
v 127.85784912109375 1339.635498046875 -480.0999755859375
v 130.19122314453125 1338.6141357421875 -495.0
v 130.19049072265625 1374.1572265625 -482.43328857421875
v 130.19122314453125 1338.6141357421875 -482.43328857421875
v 130.19049072265625 1374.1572265625 -495.0
v 130.19122314453125 1338.6141357421875 -482.43328857421875
v 127.857177734375 1374.1572265625 -480.0999755859375
v 127.85784912109375 1339.635498046875 -480.0999755859375
v 130.19049072265625 1374.1572265625 -482.43328857421875
v 125.15716552734375 1374.1572265625 -480.0999755859375
v 127.857177734375 1374.1572265625 -480.0999755859375
v 130.1912841796875 1425.883544921875 -482.43328857421875
v 130.1912841796875 1425.883544921875 -495.0
v 127.85784912109375 1423.537353515625 -480.0999755859375
v 130.1912841796875 1425.883544921875 -482.43328857421875
v 125.1578369140625 1420.8223876953125 -480.0999755859375
v 127.85784912109375 1423.537353515625 -480.0999755859375
v 130.1912841796875 1425.883544921875 -495.0
v -15.8099365234375 1425.0760498046875 -482.43328857421875
v 130.1912841796875 1425.883544921875 -482.43328857421875
v -15.8099365234375 1425.0760498046875 -495.0
v 130.1912841796875 1425.883544921875 -482.43328857421875
v -13.42889404296875 1422.7557373046875 -480.0999450683594
v 127.85784912109375 1423.537353515625 -480.0999755859375
v -15.8099365234375 1425.0760498046875 -482.43328857421875
v -10.67352294921875 1420.0709228515625 -480.0999450683594
v -13.42889404296875 1422.7557373046875 -480.0999450683594
v -15.8099365234375 1425.0760498046875 -495.0
v -13.87127685546875 1330.0050048828125 -482.43328857421875
v -15.8099365234375 1425.0760498046875 -482.43328857421875
v -13.87127685546875 1330.0050048828125 -495.0
v -15.8099365234375 1425.0760498046875 -482.43328857421875
v -11.5853271484375 1332.351806640625 -480.0999755859375
v -13.42889404296875 1422.7557373046875 -480.0999450683594
v -13.87127685546875 1330.0050048828125 -482.43328857421875
v -3.9781494140625 1340.161376953125 -89.97028350830078
v 117.7578125 1340.8541259765625 -104.97286224365234
v -3.99578857421875 1340.1431884765625 -104.97286987304688
v 117.75067138671875 1340.8720703125 -89.97027587890625
v -3.99578857421875 1340.1431884765625 -104.97286987304688
v 122.609619140625 1328.55322265625 -104.97286224365234
v -16.07452392578125 1327.743408203125 -104.97286224365234
v 117.7578125 1340.8541259765625 -104.97286224365234
v -16.07452392578125 1327.743408203125 -104.97286224365234
v 123.6923828125 1325.808349609375 -102.23075866699219
v -18.76983642578125 1324.976318359375 -102.23075866699219
v 122.609619140625 1328.55322265625 -104.97286224365234
v -18.76983642578125 1324.976318359375 -102.23075866699219
v 123.6923828125 1325.808349609375 -92.43328094482422
v -18.76983642578125 1324.976318359375 -92.43328094482422
v 123.6923828125 1325.808349609375 -102.23075866699219
v -18.76983642578125 1324.976318359375 -92.43328094482422
v 122.74853515625 1328.200927734375 -89.97027587890625
v -16.42034912109375 1327.388427734375 -89.97027587890625
v 123.6923828125 1325.808349609375 -92.43328094482422
v -16.42034912109375 1327.388427734375 -89.97027587890625
v 117.75067138671875 1340.8720703125 -89.97027587890625
v -3.9781494140625 1340.161376953125 -89.97028350830078
v 122.74853515625 1328.200927734375 -89.97027587890625
v 117.75067138671875 1340.8720703125 -89.97027587890625
v 120.11083984375 1343.0267333984375 -104.97286224365234
v 117.7578125 1340.8541259765625 -104.97286224365234
v 120.09283447265625 1343.0347900390625 -89.97027587890625
v 132.44000244140625 1337.6298828125 -104.97285461425781
v 120.11083984375 1343.0267333984375 -104.97286224365234
v 122.609619140625 1328.55322265625 -104.97286224365234
v 135.191162109375 1336.4256591796875 -102.23075103759766
v 123.6923828125 1325.808349609375 -102.23075866699219
v 132.44000244140625 1337.6298828125 -104.97285461425781
v 123.6923828125 1325.808349609375 -102.23075866699219
v 135.191162109375 1336.4256591796875 -92.43327331542969
v 123.6923828125 1325.808349609375 -92.43328094482422
v 135.191162109375 1336.4256591796875 -102.23075103759766
v 123.6923828125 1325.808349609375 -92.43328094482422
v 132.79296875 1337.4754638671875 -89.97026824951172
v 122.74853515625 1328.200927734375 -89.97027587890625
v 135.191162109375 1336.4256591796875 -92.43327331542969
v 120.09283447265625 1343.0347900390625 -89.97027587890625
v 132.79296875 1337.4754638671875 -89.97026824951172
v 120.09283447265625 1343.0347900390625 -89.97027587890625
v 120.11016845703125 1374.1573486328125 -104.97286987304688
v 120.11083984375 1343.0267333984375 -104.97286224365234
v 120.0921630859375 1374.1573486328125 -89.97028350830078
v 132.43927001953125 1374.1573486328125 -104.97286224365234
v 120.11016845703125 1374.1573486328125 -104.97286987304688
v 132.44000244140625 1337.6298828125 -104.97285461425781
v 135.1904296875 1374.1573486328125 -102.23075866699219
v 135.191162109375 1336.4256591796875 -102.23075103759766
v 132.43927001953125 1374.1573486328125 -104.97286224365234
v 135.191162109375 1336.4256591796875 -102.23075103759766
v 135.1904296875 1374.1573486328125 -92.43328094482422
v 135.191162109375 1336.4256591796875 -92.43327331542969
v 135.1904296875 1374.1573486328125 -102.23075866699219
v 135.191162109375 1336.4256591796875 -92.43327331542969
v 132.792236328125 1374.1573486328125 -89.97027587890625
v 132.79296875 1337.4754638671875 -89.97026824951172
v 135.1904296875 1374.1573486328125 -92.43328094482422
v 120.0921630859375 1374.1573486328125 -89.97028350830078
v 132.792236328125 1374.1573486328125 -89.97027587890625
v 120.11083984375 1415.7474365234375 -104.9728775024414
v 120.09283447265625 1415.7294921875 -89.97029113769531
v 132.4400634765625 1428.14501953125 -104.97286987304688
v 120.11083984375 1415.7474365234375 -104.9728775024414
v 135.1912841796875 1430.9114990234375 -102.23076629638672
v 132.4400634765625 1428.14501953125 -104.97286987304688
v 135.1912841796875 1430.9114990234375 -92.43328857421875
v 135.1912841796875 1430.9114990234375 -102.23076629638672
v 132.7930908203125 1428.5 -89.97028350830078
v 135.1912841796875 1430.9114990234375 -92.43328857421875
v 120.09283447265625 1415.7294921875 -89.97029113769531
v 132.7930908203125 1428.5 -89.97028350830078
v 120.09283447265625 1415.7294921875 -89.97029113769531
v -5.5233154296875 1415.0526123046875 -104.9728775024414
v 120.11083984375 1415.7474365234375 -104.9728775024414
v -5.50494384765625 1415.03466796875 -89.97029113769531
v -18.10491943359375 1427.312255859375 -104.9728775024414
v -5.5233154296875 1415.0526123046875 -104.9728775024414
v 132.4400634765625 1428.14501953125 -104.97286987304688
v -20.9124755859375 1430.0478515625 -102.23077392578125
v 135.1912841796875 1430.9114990234375 -102.23076629638672
v -18.10491943359375 1427.312255859375 -104.9728775024414
v 135.1912841796875 1430.9114990234375 -102.23076629638672
v -20.9124755859375 1430.0478515625 -92.43329620361328
v 135.1912841796875 1430.9114990234375 -92.43328857421875
v -20.9124755859375 1430.0478515625 -102.23077392578125
v 135.1912841796875 1430.9114990234375 -92.43328857421875
v -18.46514892578125 1427.6632080078125 -89.97029113769531
v 132.7930908203125 1428.5 -89.97028350830078
v -20.9124755859375 1430.0478515625 -92.43329620361328
v -5.50494384765625 1415.03466796875 -89.97029113769531
v -18.46514892578125 1427.6632080078125 -89.97029113769531
v -5.50494384765625 1415.03466796875 -89.97029113769531
v -3.99578857421875 1340.1431884765625 -104.97286987304688
v -5.5233154296875 1415.0526123046875 -104.9728775024414
v -3.9781494140625 1340.161376953125 -89.97028350830078
v -18.10491943359375 1427.312255859375 -104.9728775024414
v -18.76983642578125 1324.976318359375 -102.23075866699219
v -20.9124755859375 1430.0478515625 -102.23077392578125
v -16.07452392578125 1327.743408203125 -104.97286224365234
v -20.9124755859375 1430.0478515625 -102.23077392578125
v -18.76983642578125 1324.976318359375 -92.43328094482422
v -20.9124755859375 1430.0478515625 -92.43329620361328
v -18.76983642578125 1324.976318359375 -102.23075866699219
v -20.9124755859375 1430.0478515625 -92.43329620361328
v -16.42034912109375 1327.388427734375 -89.97027587890625
v -18.46514892578125 1427.6632080078125 -89.97029113769531
v -18.76983642578125 1324.976318359375 -92.43328094482422
v 432.68939208984375 1420.822509765625 -494.9999694824219
v 432.68878173828125 1376.3607177734375 -495.0
v 432.68939208984375 1420.822509765625 -95.0
v 432.68878173828125 1376.3607177734375 -94.99999237060547
v 432.68939208984375 1340.8175048828125 -495.0
v 432.68939208984375 1340.8175048828125 -94.99998474121094
v 432.68939208984375 1340.8175048828125 -495.0
v 437.65765380859375 1335.8187255859375 -495.0
v 432.68939208984375 1340.8175048828125 -94.99998474121094
v 437.65765380859375 1335.8187255859375 -94.99998474121094
v 437.65765380859375 1335.8187255859375 -495.0
v 528.0459594726562 1335.8140869140625 -495.0
v 437.65765380859375 1335.8187255859375 -95.00003051757812
v 528.0459594726562 1335.8140869140625 -95.00003051757812
v 528.0459594726562 1335.8140869140625 -495.0
v 526.7947387695312 1420.8177490234375 -494.9999694824219
v 528.0459594726562 1335.8140869140625 -94.99998474121094
v 526.7947387695312 1420.8177490234375 -94.99999237060547
v 526.7947387695312 1420.8177490234375 -494.9999694824219
v 432.68939208984375 1420.822509765625 -494.9999694824219
v 526.7947387695312 1420.8177490234375 -94.99999237060547
v 432.68939208984375 1420.822509765625 -95.0
v 427.65618896484375 1425.8560791015625 -494.9999694824219
v 427.65545654296875 1376.3607177734375 -482.43328857421875
v 427.65618896484375 1425.8560791015625 -482.4332580566406
v 427.65545654296875 1376.3607177734375 -495.0
v 427.65618896484375 1425.8560791015625 -482.4332580566406
v 429.98883056640625 1376.3607177734375 -480.0999755859375
v 429.98944091796875 1423.5225830078125 -480.0999450683594
v 427.65545654296875 1376.3607177734375 -482.43328857421875
v 429.98944091796875 1423.5225830078125 -480.0999450683594
v 432.68878173828125 1376.3607177734375 -480.0999755859375
v 432.68939208984375 1420.822509765625 -480.0999450683594
v 429.98883056640625 1376.3607177734375 -480.0999755859375
v 427.65606689453125 1338.74169921875 -482.43328857421875
v 427.65606689453125 1338.74169921875 -495.0
v 429.98944091796875 1339.7039794921875 -480.0999755859375
v 427.65606689453125 1338.74169921875 -482.43328857421875
v 432.68939208984375 1340.8175048828125 -480.0999755859375
v 429.98944091796875 1339.7039794921875 -480.0999755859375
v 427.65606689453125 1338.74169921875 -495.0
v 435.56378173828125 1330.7855224609375 -482.43328857421875
v 427.65606689453125 1338.74169921875 -482.43328857421875
v 435.56378173828125 1330.7855224609375 -495.0
v 427.65606689453125 1338.74169921875 -482.43328857421875
v 436.53436279296875 1333.1187744140625 -480.0999755859375
v 429.98944091796875 1339.7039794921875 -480.0999755859375
v 435.56378173828125 1330.7855224609375 -482.43328857421875
v 437.65765380859375 1335.8187255859375 -480.0999755859375
v 436.53436279296875 1333.1187744140625 -480.0999755859375
v 435.56378173828125 1330.7855224609375 -495.0
v 533.1538696289062 1330.7803955078125 -482.43328857421875
v 435.56378173828125 1330.7855224609375 -482.43328857421875
v 533.1538696289062 1330.7803955078125 -495.0
v 435.56378173828125 1330.7855224609375 -482.43328857421875
v 530.7859497070312 1333.1138916015625 -480.0999755859375
v 436.53436279296875 1333.1187744140625 -480.0999755859375
v 533.1538696289062 1330.7803955078125 -482.43328857421875
v 528.0459594726562 1335.8140869140625 -480.0999755859375
v 530.7859497070312 1333.1138916015625 -480.0999755859375
v 533.1538696289062 1330.7803955078125 -495.0
v 531.7544555664062 1425.850830078125 -482.4332580566406
v 533.1538696289062 1330.7803955078125 -482.43328857421875
v 531.7544555664062 1425.850830078125 -494.9999694824219
v 533.1538696289062 1330.7803955078125 -482.43328857421875
v 529.4552612304688 1423.517578125 -480.0999450683594
v 530.7859497070312 1333.1138916015625 -480.0999755859375
v 531.7544555664062 1425.850830078125 -482.4332580566406
v 526.7947387695312 1420.8177490234375 -480.0999450683594
v 529.4552612304688 1423.517578125 -480.0999450683594
v 531.7544555664062 1425.850830078125 -494.9999694824219
v 427.65618896484375 1425.8560791015625 -482.4332580566406
v 531.7544555664062 1425.850830078125 -482.4332580566406
v 427.65618896484375 1425.8560791015625 -494.9999694824219
v 531.7544555664062 1425.850830078125 -482.4332580566406
v 429.98944091796875 1423.5225830078125 -480.0999450683594
v 529.4552612304688 1423.517578125 -480.0999450683594
v 427.65618896484375 1425.8560791015625 -482.4332580566406
v 437.75433349609375 1415.7574462890625 -89.97026824951172
v 437.73577880859375 1376.3607177734375 -104.97285461425781
v 437.73626708984375 1415.7752685546875 -104.97285461425781
v 437.75360107421875 1376.3607177734375 -89.97026824951172
v 437.73626708984375 1415.7752685546875 -104.97285461425781
v 425.40667724609375 1376.3607177734375 -104.97285461425781
v 425.40753173828125 1428.10498046875 -104.97286224365234
v 437.73577880859375 1376.3607177734375 -104.97285461425781
v 425.40753173828125 1428.10498046875 -104.97286224365234
v 422.65545654296875 1376.3607177734375 -102.23075103759766
v 422.65631103515625 1430.8563232421875 -102.23075866699219
v 425.40667724609375 1376.3607177734375 -104.97285461425781
v 422.65631103515625 1430.8563232421875 -102.23075866699219
v 422.65545654296875 1376.3607177734375 -92.43327331542969
v 422.65631103515625 1430.8563232421875 -92.43328094482422
v 422.65545654296875 1376.3607177734375 -102.23075103759766
v 422.65631103515625 1430.8563232421875 -92.43328094482422
v 425.05364990234375 1376.3607177734375 -89.97026824951172
v 425.05438232421875 1428.4580078125 -89.97027587890625
v 422.65545654296875 1376.3607177734375 -92.43327331542969
v 425.05438232421875 1428.4580078125 -89.97027587890625
v 437.75360107421875 1376.3607177734375 -89.97026824951172
v 437.75433349609375 1415.7574462890625 -89.97026824951172
v 425.05364990234375 1376.3607177734375 -89.97026824951172
v 437.73626708984375 1342.89892578125 -104.97284698486328
v 437.75421142578125 1342.9063720703125 -89.97026062011719
v 425.40728759765625 1337.814208984375 -104.97284698486328
v 437.73626708984375 1342.89892578125 -104.97284698486328
v 422.65618896484375 1336.679443359375 -102.23074340820312
v 425.40728759765625 1337.814208984375 -104.97284698486328
v 422.65618896484375 1336.679443359375 -92.43326568603516
v 422.65618896484375 1336.679443359375 -102.23074340820312
v 425.05438232421875 1337.6685791015625 -89.97026062011719
v 422.65618896484375 1336.679443359375 -92.43326568603516
v 437.75421142578125 1342.9063720703125 -89.97026062011719
v 425.05438232421875 1337.6685791015625 -89.97026062011719
v 437.75421142578125 1342.9063720703125 -89.97026062011719
v 439.75726318359375 1340.865478515625 -104.97284698486328
v 437.73626708984375 1342.89892578125 -104.97284698486328
v 439.76483154296875 1340.8834228515625 -89.97026062011719
v 434.62811279296875 1328.536865234375 -104.97284698486328
v 439.75726318359375 1340.865478515625 -104.97284698486328
v 425.40728759765625 1337.814208984375 -104.97284698486328
v 433.48358154296875 1325.78564453125 -102.23074340820312
v 422.65618896484375 1336.679443359375 -102.23074340820312
v 434.62811279296875 1328.536865234375 -104.97284698486328
v 422.65618896484375 1336.679443359375 -102.23074340820312
v 433.48358154296875 1325.78564453125 -92.43326568603516
v 422.65618896484375 1336.679443359375 -92.43326568603516
v 433.48358154296875 1325.78564453125 -102.23074340820312
v 422.65618896484375 1336.679443359375 -92.43326568603516
v 434.48126220703125 1328.1837158203125 -89.97026062011719
v 425.05438232421875 1337.6685791015625 -89.97026062011719
v 433.48358154296875 1325.78564453125 -92.43326568603516
v 439.76483154296875 1340.8834228515625 -89.97026062011719
v 434.48126220703125 1328.1837158203125 -89.97026062011719
v 439.76483154296875 1340.8834228515625 -89.97026062011719
v 522.9241333007812 1340.8612060546875 -104.97284698486328
v 439.75726318359375 1340.865478515625 -104.97284698486328
v 522.9059448242188 1340.8792724609375 -89.97026062011719
v 535.4359741210938 1328.531494140625 -104.97284698486328
v 522.9241333007812 1340.8612060546875 -104.97284698486328
v 434.62811279296875 1328.536865234375 -104.97284698486328
v 538.2279663085938 1325.7801513671875 -102.2307357788086
v 433.48358154296875 1325.78564453125 -102.23074340820312
v 535.4359741210938 1328.531494140625 -104.97284698486328
v 433.48358154296875 1325.78564453125 -102.23074340820312
v 538.2279663085938 1325.7801513671875 -92.43325805664062
v 433.48358154296875 1325.78564453125 -92.43326568603516
v 538.2279663085938 1325.7801513671875 -102.2307357788086
v 433.48358154296875 1325.78564453125 -92.43326568603516
v 535.7942504882812 1328.178466796875 -89.97026062011719
v 434.48126220703125 1328.1837158203125 -89.97026062011719
v 538.2279663085938 1325.7801513671875 -92.43325805664062
v 522.9059448242188 1340.8792724609375 -89.97026062011719
v 535.7942504882812 1328.178466796875 -89.97026062011719
v 522.9059448242188 1340.8792724609375 -89.97026062011719
v 521.8215942382812 1415.7711181640625 -104.97285461425781
v 522.9241333007812 1340.8612060546875 -104.97284698486328
v 521.8037719726562 1415.753173828125 -89.97026824951172
v 533.9705200195312 1428.099609375 -104.97285461425781
v 521.8215942382812 1415.7711181640625 -104.97285461425781
v 535.4359741210938 1328.531494140625 -104.97284698486328
v 536.6814575195312 1430.8505859375 -102.23075103759766
v 538.2279663085938 1325.7801513671875 -102.2307357788086
v 533.9705200195312 1428.099609375 -104.97285461425781
v 538.2279663085938 1325.7801513671875 -102.2307357788086
v 536.6814575195312 1430.8505859375 -92.43327331542969
v 538.2279663085938 1325.7801513671875 -92.43325805664062
v 536.6814575195312 1430.8505859375 -102.23075103759766
v 538.2279663085938 1325.7801513671875 -92.43325805664062
v 534.3182983398438 1428.4525146484375 -89.97026824951172
v 535.7942504882812 1328.178466796875 -89.97026062011719
v 536.6814575195312 1430.8505859375 -92.43327331542969
v 521.8037719726562 1415.753173828125 -89.97026824951172
v 534.3182983398438 1428.4525146484375 -89.97026824951172
v 521.8037719726562 1415.753173828125 -89.97026824951172
v 437.73626708984375 1415.7752685546875 -104.97285461425781
v 521.8215942382812 1415.7711181640625 -104.97285461425781
v 437.75433349609375 1415.7574462890625 -89.97026824951172
v 533.9705200195312 1428.099609375 -104.97285461425781
v 422.65631103515625 1430.8563232421875 -102.23075866699219
v 536.6814575195312 1430.8505859375 -102.23075103759766
v 425.40753173828125 1428.10498046875 -104.97286224365234
v 536.6814575195312 1430.8505859375 -102.23075103759766
v 422.65631103515625 1430.8563232421875 -92.43328094482422
v 536.6814575195312 1430.8505859375 -92.43327331542969
v 422.65631103515625 1430.8563232421875 -102.23075866699219
v 536.6814575195312 1430.8505859375 -92.43327331542969
v 425.05438232421875 1428.4580078125 -89.97027587890625
v 534.3182983398438 1428.4525146484375 -89.97026824951172
v 422.65631103515625 1430.8563232421875 -92.43328094482422
v 521.6770629882812 100.96600341796875 -494.9998779296875
v 521.6770629882812 118.47088623046875 -494.9998779296875
v 521.6770629882812 100.96603393554688 -184.9998779296875
v 521.6770629882812 118.47091674804688 -184.9998779296875
v 521.6770629882812 118.47088623046875 -494.9998779296875
v 502.46942138671875 118.47088623046875 -494.9998779296875
v 521.6770629882812 118.47091674804688 -184.9998779296875
v 502.46942138671875 118.47091674804688 -184.99989318847656
v 486.67352294921875 118.47088623046875 -494.9998779296875
v 486.67352294921875 118.47091674804688 -184.99989318847656
v 486.67352294921875 118.47088623046875 -494.9998779296875
v 486.67352294921875 100.96600341796875 -494.9998779296875
v 486.67352294921875 118.47091674804688 -184.99989318847656
v 486.67352294921875 100.96603393554688 -184.99989318847656
v 486.67352294921875 100.96600341796875 -494.9998779296875
v 506.65643310546875 100.96600341796875 -494.9998779296875
v 486.67352294921875 100.96603393554688 -184.99989318847656
v 506.65643310546875 100.96603393554688 -184.99989318847656
v 521.6770629882812 100.96600341796875 -494.9998779296875
v 521.6770629882812 100.96603393554688 -184.9998779296875
v 521.6770629882812 100.96603393554688 -184.9998779296875
v 521.6770629882812 118.47091674804688 -184.9998779296875
v 502.46942138671875 118.47091674804688 -184.99989318847656
v 486.67352294921875 118.47091674804688 -184.99989318847656
v 506.65643310546875 100.96603393554688 -184.99989318847656
v 486.67352294921875 100.96603393554688 -184.99989318847656
v 521.6769409179688 -214.02789306640625 -494.9998474121094
v 521.6769409179688 -194.03280639648438 -494.9998474121094
v 521.6769409179688 -214.0278778076172 -184.99984741210938
v 521.6769409179688 -194.0327911376953 -184.99986267089844
v 521.6769409179688 -194.03280639648438 -494.9998474121094
v 503.59832763671875 -194.03280639648438 -494.9998474121094
v 521.6769409179688 -194.0327911376953 -184.99990844726562
v 503.59832763671875 -194.0327911376953 -184.9999237060547
v 486.67327880859375 -194.03280639648438 -494.9998474121094
v 503.59832763671875 -194.0327911376953 -184.9998779296875
v 486.67327880859375 -194.0327911376953 -184.9998779296875
v 486.67327880859375 -194.03280639648438 -494.9998474121094
v 486.67327880859375 -214.02789306640625 -494.9998474121094
v 486.67327880859375 -194.0327911376953 -184.9998779296875
v 486.67327880859375 -214.0278778076172 -184.99986267089844
v 486.67327880859375 -214.02789306640625 -494.9998474121094
v 508.31024169921875 -214.02789306640625 -494.9998474121094
v 486.67327880859375 -214.0278778076172 -184.99986267089844
v 508.31024169921875 -214.0278778076172 -184.99986267089844
v 521.6769409179688 -214.02789306640625 -494.9998474121094
v 508.31024169921875 -214.0278778076172 -184.99990844726562
v 521.6769409179688 -214.0278778076172 -184.99989318847656
v 521.6769409179688 -214.0278778076172 -184.99984741210938
v 521.6769409179688 -194.0327911376953 -184.99986267089844
v 503.59832763671875 -194.0327911376953 -184.9998779296875
v 486.67327880859375 -194.0327911376953 -184.9998779296875
v 508.31024169921875 -214.0278778076172 -184.99986267089844
v 486.67327880859375 -214.0278778076172 -184.99986267089844
v 494.17462158203125 105.96481323242188 -184.9997100830078
v 494.17572021484375 -201.529296875 -184.9996795654297
v 494.17462158203125 105.96484375 -19.999696731567383
v 494.17572021484375 -201.52928161621094 -19.999670028686523
v 554.1793823242188 -201.529296875 -184.9996795654297
v 554.1784057617188 105.96481323242188 -184.99969482421875
v 554.1793823242188 -201.52928161621094 -19.999666213989258
v 554.1784057617188 105.96484375 -19.999692916870117
v 554.1784057617188 105.96481323242188 -184.99969482421875
v 554.1793823242188 -201.529296875 -184.9996795654297
v 494.17462158203125 105.96481323242188 -184.9997100830078
v 494.17572021484375 -201.529296875 -184.9996795654297
v 499.23956298828125 105.96481323242188 -174.97000122070312
v 499.22259521484375 -201.52926635742188 -189.97256469726562
v 499.22161865234375 105.96481323242188 -189.9725799560547
v 499.24053955078125 -201.52926635742188 -174.96998596191406
v 499.22161865234375 105.96481323242188 -189.9725799560547
v 486.89361572265625 -201.52931213378906 -189.97254943847656
v 486.89251708984375 105.96481323242188 -189.9725799560547
v 499.22259521484375 -201.52926635742188 -189.97256469726562
v 486.89251708984375 105.96481323242188 -189.9725799560547
v 484.14227294921875 -201.52931213378906 -187.23045349121094
v 484.14129638671875 105.96475219726562 -187.23048400878906
v 486.89361572265625 -201.52931213378906 -189.97254943847656
v 484.14129638671875 105.96475219726562 -187.23048400878906
v 484.14227294921875 -201.52931213378906 -177.4329833984375
v 484.14129638671875 105.96475219726562 -177.43301391601562
v 484.14227294921875 -201.52931213378906 -187.23045349121094
v 484.14129638671875 105.96475219726562 -177.43301391601562
v 486.54046630859375 -201.52931213378906 -174.969970703125
v 486.53961181640625 105.96481323242188 -174.97000122070312
v 484.14227294921875 -201.52931213378906 -177.4329833984375
v 486.53961181640625 105.96481323242188 -174.97000122070312
v 499.24053955078125 -201.52926635742188 -174.96998596191406
v 499.23956298828125 105.96481323242188 -174.97000122070312
v 486.54046630859375 -201.52931213378906 -174.969970703125
v 549.1145629882812 -201.52931213378906 -174.969970703125
v 549.1315307617188 105.96481323242188 -189.97256469726562
v 549.1323852539062 -201.52931213378906 -189.97254943847656
v 549.1134643554688 105.96481323242188 -174.96998596191406
v 549.1323852539062 -201.52931213378906 -189.97254943847656
v 561.4606323242188 105.96484375 -189.97256469726562
v 561.4614868164062 -201.52926635742188 -189.97254943847656
v 549.1315307617188 105.96481323242188 -189.97256469726562
v 561.4614868164062 -201.52926635742188 -189.97254943847656
v 564.2117309570312 105.96484375 -187.23046875
v 564.2127075195312 -201.52926635742188 -187.23045349121094
v 561.4606323242188 105.96484375 -189.97256469726562
v 564.2127075195312 -201.52926635742188 -187.23045349121094
v 564.2117309570312 105.96484375 -177.43299865722656
v 564.2127075195312 -201.52926635742188 -177.4329833984375
v 564.2117309570312 105.96484375 -187.23046875
v 564.2127075195312 -201.52926635742188 -177.4329833984375
v 561.8135375976562 105.96484375 -174.96998596191406
v 561.8145141601562 -201.52926635742188 -174.969970703125
v 564.2117309570312 105.96484375 -177.43299865722656
v 561.8145141601562 -201.52926635742188 -174.969970703125
v 549.1134643554688 105.96481323242188 -174.96998596191406
v 549.1145629882812 -201.52931213378906 -174.969970703125
v 561.8135375976562 105.96484375 -174.96998596191406
v 499.22161865234375 105.96481323242188 -189.9725799560547
v 486.89251708984375 105.96481323242188 -189.9725799560547
v 484.14129638671875 105.96475219726562 -187.23048400878906
v 484.14129638671875 105.96475219726562 -177.43301391601562
v 499.23956298828125 105.96481323242188 -174.97000122070312
v 486.53961181640625 105.96481323242188 -174.97000122070312
v 484.14227294921875 -201.52931213378906 -187.23045349121094
v 486.89361572265625 -201.52931213378906 -189.97254943847656
v 499.22259521484375 -201.52926635742188 -189.97256469726562
v 484.14227294921875 -201.52931213378906 -177.4329833984375
v 499.24053955078125 -201.52926635742188 -174.96998596191406
v 486.54046630859375 -201.52931213378906 -174.969970703125
v 549.1323852539062 -201.52931213378906 -189.97254943847656
v 561.4614868164062 -201.52926635742188 -189.97254943847656
v 564.2127075195312 -201.52926635742188 -187.23045349121094
v 564.2127075195312 -201.52926635742188 -177.4329833984375
v 549.1145629882812 -201.52931213378906 -174.969970703125
v 561.8145141601562 -201.52926635742188 -174.969970703125
v 564.2117309570312 105.96484375 -187.23046875
v 561.4606323242188 105.96484375 -189.97256469726562
v 549.1315307617188 105.96481323242188 -189.97256469726562
v 564.2117309570312 105.96484375 -177.43299865722656
v 549.1134643554688 105.96481323242188 -174.96998596191406
v 561.8135375976562 105.96484375 -174.96998596191406
v 489.17584228515625 105.96481323242188 -182.50030517578125
v 489.17584228515625 103.46240234375 -182.50030517578125
v 489.17584228515625 105.96484375 -102.50028228759766
v 489.17584228515625 103.46243286132812 -102.50028228759766
v 489.17584228515625 103.46240234375 -182.50030517578125
v 491.67218017578125 100.96603393554688 -182.50030517578125
v 489.17584228515625 103.46243286132812 -102.50028228759766
v 491.67218017578125 100.966064453125 -102.50028228759766
v 491.67218017578125 100.96603393554688 -182.50030517578125
v 494.17474365234375 100.96603393554688 -182.50030517578125
v 491.67218017578125 100.966064453125 -102.50028228759766
v 494.17474365234375 100.966064453125 -102.50028228759766
v 494.17474365234375 105.96484375 -102.50028228759766
v 489.17584228515625 105.96484375 -102.50028228759766
v 489.17584228515625 103.46243286132812 -102.50028228759766
v 494.17474365234375 100.966064453125 -102.50028228759766
v 491.67218017578125 100.966064453125 -102.50028228759766
v 494.17572021484375 -196.5304718017578 -182.5002899169922
v 491.67327880859375 -196.5304718017578 -182.5002899169922
v 494.17572021484375 -196.5304718017578 -102.50025939941406
v 491.67327880859375 -196.5304718017578 -102.50025939941406
v 491.67327880859375 -196.53050231933594 -182.5002899169922
v 489.17694091796875 -199.03286743164062 -182.50027465820312
v 491.67327880859375 -196.53050231933594 -102.50025939941406
v 489.17694091796875 -199.03286743164062 -102.50025939941406
v 489.17694091796875 -199.0328826904297 -182.50027465820312
v 489.17694091796875 -201.52928161621094 -182.50027465820312
v 489.17694091796875 -199.0328826904297 -102.50025939941406
v 489.17694091796875 -201.52928161621094 -102.50025939941406
v 494.17572021484375 -196.5304718017578 -102.50025939941406
v 491.67327880859375 -196.5304718017578 -102.50025939941406
v 489.17694091796875 -199.0328826904297 -102.50025939941406
v 494.17572021484375 -201.52928161621094 -102.50025939941406
v 489.17694091796875 -201.52928161621094 -102.50025939941406
v 476.91387939453125 210.5943603515625 -494.9998779296875
v 476.91082763671875 111.39389038085938 -494.9998779296875
v 476.91387939453125 210.59442138671875 -99.99979400634766
v 476.91082763671875 111.39395141601562 -99.9997787475586
v 476.91082763671875 111.39389038085938 -494.9998779296875
v 481.90960693359375 105.98007202148438 -494.9998779296875
v 476.91082763671875 111.39395141601562 -99.9997787475586
v 481.90960693359375 105.98013305664062 -99.99977111816406
v 481.90960693359375 105.98007202148438 -494.9998779296875
v 515.2501831054688 105.98007202148438 -494.9998779296875
v 481.90960693359375 105.98013305664062 -99.99977111816406
v 515.2501831054688 105.98013305664062 -99.99977111816406
v 561.9144897460938 105.98007202148438 -494.9998779296875
v 561.9144897460938 105.98013305664062 -99.9997787475586
v 561.9144897460938 105.98007202148438 -494.9998779296875
v 561.9175415039062 210.5943603515625 -494.9998779296875
v 561.9144897460938 105.98013305664062 -99.9997787475586
v 561.9175415039062 210.59442138671875 -99.99978637695312
v 561.9175415039062 210.5943603515625 -494.9998779296875
v 476.91387939453125 210.5943603515625 -494.9998779296875
v 561.9175415039062 210.59442138671875 -99.99978637695312
v 476.91387939453125 210.59442138671875 -99.99979400634766
v 471.88079833984375 215.62774658203125 -494.9998779296875
v 471.87750244140625 109.42556762695312 -482.43316650390625
v 471.88079833984375 215.62774658203125 -482.43316650390625
v 471.87750244140625 109.42556762695312 -494.9998779296875
v 471.88079833984375 215.62774658203125 -482.43316650390625
v 474.21087646484375 110.33804321289062 -480.099853515625
v 474.21405029296875 213.29437255859375 -480.099853515625
v 471.87750244140625 109.42556762695312 -482.43316650390625
v 474.21405029296875 213.29437255859375 -480.099853515625
v 476.91082763671875 111.39389038085938 -480.099853515625
v 476.91387939453125 210.5943603515625 -480.099853515625
v 474.21087646484375 110.33804321289062 -480.099853515625
v 471.87750244140625 109.42556762695312 -494.9998779296875
v 479.70635986328125 100.94677734375 -482.43316650390625
v 471.87750244140625 109.42556762695312 -482.43316650390625
v 479.70635986328125 100.94677734375 -494.9998779296875
v 471.87750244140625 109.42556762695312 -482.43316650390625
v 480.72772216796875 103.28009033203125 -480.099853515625
v 474.21087646484375 110.33804321289062 -480.099853515625
v 479.70635986328125 100.94677734375 -482.43316650390625
v 481.90960693359375 105.98007202148438 -480.099853515625
v 480.72772216796875 103.28009033203125 -480.099853515625
v 479.70635986328125 100.94677734375 -494.9998779296875
v 515.2501831054688 100.94677734375 -482.43316650390625
v 479.70635986328125 100.94677734375 -482.43316650390625
v 515.2501831054688 100.94677734375 -494.9998779296875
v 479.70635986328125 100.94677734375 -482.43316650390625
v 515.2501831054688 103.28009033203125 -480.099853515625
v 480.72772216796875 103.28009033203125 -480.099853515625
v 515.2501831054688 100.94677734375 -482.43316650390625
v 515.2501831054688 105.98007202148438 -480.099853515625
v 515.2501831054688 103.28009033203125 -480.099853515625
v 566.9476928710938 100.94677734375 -482.43316650390625
v 566.9476928710938 100.94677734375 -494.9998779296875
v 564.6144409179688 103.28009033203125 -480.099853515625
v 566.9476928710938 100.94677734375 -482.43316650390625
v 561.9144897460938 105.98007202148438 -480.099853515625
v 564.6144409179688 103.28009033203125 -480.099853515625
v 566.9476928710938 100.94677734375 -494.9998779296875
v 566.9509887695312 215.62774658203125 -482.43316650390625
v 566.9476928710938 100.94677734375 -482.43316650390625
v 566.9509887695312 215.62774658203125 -494.9998779296875
v 566.9476928710938 100.94677734375 -482.43316650390625
v 564.6176147460938 213.29437255859375 -480.099853515625
v 564.6144409179688 103.28009033203125 -480.099853515625
v 566.9509887695312 215.62774658203125 -482.43316650390625
v 561.9175415039062 210.5943603515625 -480.099853515625
v 564.6176147460938 213.29437255859375 -480.099853515625
v 566.9509887695312 215.62774658203125 -494.9998779296875
v 471.88079833984375 215.62774658203125 -482.43316650390625
v 566.9509887695312 215.62774658203125 -482.43316650390625
v 471.88079833984375 215.62774658203125 -494.9998779296875
v 566.9509887695312 215.62774658203125 -482.43316650390625
v 474.21405029296875 213.29437255859375 -480.099853515625
v 564.6176147460938 213.29437255859375 -480.099853515625
v 471.88079833984375 215.62774658203125 -482.43316650390625
v 561.9161987304688 -201.55140686035156 -494.9998474121094
v 517.4545288085938 -201.5507049560547 -494.9998474121094
v 561.9161987304688 -201.55137634277344 -99.99974822998047
v 517.4545288085938 -201.55067443847656 -99.99974822998047
v 481.91131591796875 -201.55130004882812 -494.9998474121094
v 481.91131591796875 -201.55128479003906 -99.99974822998047
v 481.91131591796875 -201.55130004882812 -494.9998474121094
v 476.91253662109375 -206.51959228515625 -494.9998474121094
v 481.91131591796875 -201.55128479003906 -99.99974822998047
v 476.91253662109375 -206.5195770263672 -99.999755859375
v 476.91253662109375 -206.51959228515625 -494.9998474121094
v 476.90777587890625 -296.9078063964844 -494.9998474121094
v 476.91253662109375 -206.5195770263672 -99.999755859375
v 476.90777587890625 -296.90777587890625 -99.99974822998047
v 561.9115600585938 -295.6566162109375 -494.9998474121094
v 561.9161987304688 -201.55140686035156 -494.9998474121094
v 561.9115600585938 -295.65655517578125 -99.99974822998047
v 561.9161987304688 -201.55137634277344 -99.99974822998047
v 566.9498901367188 -196.51815795898438 -494.9998474121094
v 517.4545288085938 -196.51736450195312 -482.4331359863281
v 566.9498901367188 -196.51815795898438 -482.4331359863281
v 517.4545288085938 -196.51736450195312 -494.9998474121094
v 566.9498901367188 -196.51815795898438 -482.4331359863281
v 517.4545288085938 -198.85069274902344 -480.0998229980469
v 564.6163940429688 -198.8514404296875 -480.0998229980469
v 517.4545288085938 -196.51736450195312 -482.4331359863281
v 564.6163940429688 -198.8514404296875 -480.0998229980469
v 517.4545288085938 -201.5507049560547 -480.0998229980469
v 561.9161987304688 -201.55140686035156 -480.0998229980469
v 517.4545288085938 -198.85069274902344 -480.0998229980469
v 479.83551025390625 -196.51800537109375 -482.4331359863281
v 479.83551025390625 -196.51800537109375 -494.9998474121094
v 480.79779052734375 -198.851318359375 -480.0998229980469
v 479.83551025390625 -196.51800537109375 -482.4331359863281
v 481.91131591796875 -201.55130004882812 -480.0998229980469
v 480.79779052734375 -198.851318359375 -480.0998229980469
v 479.83551025390625 -196.51800537109375 -494.9998474121094
v 471.87933349609375 -204.42559814453125 -482.4331359863281
v 479.83551025390625 -196.51800537109375 -482.4331359863281
v 471.87933349609375 -204.4255828857422 -494.9998474121094
v 479.83551025390625 -196.51800537109375 -482.4331359863281
v 474.21270751953125 -205.39633178710938 -480.0998229980469
v 480.79779052734375 -198.851318359375 -480.0998229980469
v 471.87933349609375 -204.42559814453125 -482.4331359863281
v 476.91253662109375 -206.5196075439453 -480.0998229980469
v 474.21270751953125 -205.39633178710938 -480.0998229980469
v 471.87933349609375 -204.4255828857422 -494.9998474121094
v 471.87457275390625 -296.9075622558594 -482.4331359863281
v 471.87933349609375 -204.42559814453125 -482.4331359863281
v 471.87457275390625 -296.9075622558594 -494.9998474121094
v 471.87933349609375 -204.42559814453125 -482.4331359863281
v 474.20782470703125 -296.90765380859375 -480.0998229980469
v 474.21270751953125 -205.39633178710938 -480.0998229980469
v 471.87457275390625 -296.9075622558594 -482.4331359863281
v 476.90777587890625 -296.9078063964844 -480.0998229980469
v 474.20782470703125 -296.90765380859375 -480.0998229980469
v 566.9448852539062 -295.6568603515625 -494.9998474121094
v 566.9498901367188 -196.51815795898438 -482.4331359863281
v 566.9448852539062 -295.6568603515625 -482.4331359863281
v 566.9498901367188 -196.51815795898438 -494.9998474121094
v 566.9448852539062 -295.6568603515625 -482.4331359863281
v 564.6163940429688 -198.8514404296875 -480.0998229980469
v 564.6115112304688 -295.65673828125 -480.0998229980469
v 566.9498901367188 -196.51815795898438 -482.4331359863281
v 564.6115112304688 -295.65673828125 -480.0998229980469
v 561.9115600585938 -295.6566162109375 -480.0998229980469
v 476.90777587890625 -296.9078063964844 -480.0998229980469
v 471.87457275390625 -296.9075622558594 -482.4331359863281
v 471.87457275390625 -296.9075622558594 -494.9998474121094
v 474.20782470703125 -296.90765380859375 -480.0998229980469
v 566.9448852539062 -295.6568603515625 -494.9998474121094
v 566.9448852539062 -295.6568603515625 -482.4331359863281
v 561.9115600585938 -295.6566162109375 -480.0998229980469
v 564.6115112304688 -295.65673828125 -480.0998229980469
v 561.9144897460938 208.09197998046875 -99.99978637695312
v 476.91082763671875 203.1236572265625 -99.99979400634766
v 561.9144897460938 208.09197998046875 -29.999784469604492
v 476.91082763671875 203.1236572265625 -29.999786376953125
v 476.91082763671875 203.1236572265625 -99.99979400634766
v 476.90777587890625 -296.9077453613281 -99.99974822998047
v 476.91082763671875 203.1236572265625 -29.999797821044922
v 476.90777587890625 -296.9077453613281 -29.999755859375
v 561.9144897460938 208.09185791015625 -99.99978637695312
v 561.9115600585938 -295.65655517578125 -29.999740600585938
v 561.9144897460938 208.09185791015625 -29.999784469604492
v 471.91412353515625 213.0958251953125 -107.49990844726562
v 561.9105834960938 213.0958251953125 -107.4999008178711
v 471.91424560546875 -299.40484619140625 -107.49986267089844
v 561.9114379882812 -290.6568908691406 -107.49986267089844
v 551.8456420898438 203.03094482421875 -97.47019958496094
v 481.96099853515625 203.0489501953125 -112.47276306152344
v 551.8635864257812 203.0489501953125 -112.47276306152344
v 481.97894287109375 203.03094482421875 -97.47019958496094
v 551.8635864257812 203.0489501953125 -112.47276306152344
v 469.63189697265625 215.3780517578125 -112.47277069091797
v 564.1926879882812 215.3780517578125 -112.47277069091797
v 481.96099853515625 203.0489501953125 -112.47276306152344
v 564.1926879882812 215.3780517578125 -112.47277069091797
v 466.88079833984375 218.12921142578125 -109.73068237304688
v 566.9437866210938 218.12921142578125 -109.73067474365234
v 469.63189697265625 215.3780517578125 -112.47277069091797
v 566.9437866210938 218.12921142578125 -109.73067474365234
v 466.88079833984375 218.12921142578125 -99.9332046508789
v 566.9437866210938 218.12921142578125 -99.93319702148438
v 466.88079833984375 218.12921142578125 -109.73068237304688
v 566.9437866210938 218.12921142578125 -99.93319702148438
v 469.27886962890625 215.73095703125 -97.47020721435547
v 564.5455932617188 215.73095703125 -97.47019958496094
v 466.88079833984375 218.12921142578125 -99.9332046508789
v 564.5455932617188 215.73095703125 -97.47019958496094
v 481.97894287109375 203.03094482421875 -97.47019958496094
v 551.8456420898438 203.03094482421875 -97.47019958496094
v 469.27886962890625 215.73095703125 -97.47020721435547
v 481.97894287109375 203.03094482421875 -97.47019958496094
v 481.96099853515625 -299.40484619140625 -112.47271728515625
v 481.96099853515625 203.0489501953125 -112.47276306152344
v 481.97906494140625 -299.40484619140625 -97.47015380859375
v 469.63201904296875 -299.40484619140625 -112.47272491455078
v 481.96099853515625 -299.40484619140625 -112.47271728515625
v 469.63189697265625 215.3780517578125 -112.47277069091797
v 466.88092041015625 -299.40484619140625 -109.73063659667969
v 466.88079833984375 218.12921142578125 -109.73068237304688
v 469.63201904296875 -299.40484619140625 -112.47272491455078
v 466.88079833984375 218.12921142578125 -109.73068237304688
v 466.88092041015625 -299.40484619140625 -99.93315887451172
v 466.88079833984375 218.12921142578125 -99.9332046508789
v 466.88092041015625 -299.40484619140625 -109.73063659667969
v 466.88079833984375 218.12921142578125 -99.9332046508789
v 469.27911376953125 -299.40484619140625 -97.47016143798828
v 469.27886962890625 215.73095703125 -97.47020721435547
v 466.88092041015625 -299.40484619140625 -99.93315887451172
v 481.97906494140625 -299.40484619140625 -97.47015380859375
v 469.27911376953125 -299.40484619140625 -97.47016143798828
v 551.8466186523438 -290.6568908691406 -97.47016143798828
v 551.8635864257812 203.0489501953125 -112.47276306152344
v 551.8645629882812 -290.6568908691406 -112.47272491455078
v 551.8456420898438 203.03094482421875 -97.47019958496094
v 551.8645629882812 -290.6568908691406 -112.47272491455078
v 564.1936645507812 -290.6568908691406 -112.47272491455078
v 564.1936645507812 -290.6568908691406 -112.47272491455078
v 566.9437866210938 218.12921142578125 -109.73067474365234
v 566.9447631835938 -290.6568908691406 -109.73062896728516
v 564.1926879882812 215.3780517578125 -112.47277069091797
v 566.9447631835938 -290.6568908691406 -109.73062896728516
v 566.9437866210938 218.12921142578125 -99.93319702148438
v 566.9447631835938 -290.6568908691406 -99.93315124511719
v 566.9437866210938 218.12921142578125 -109.73067474365234
v 566.9447631835938 -290.6568908691406 -99.93315124511719
v 564.5455932617188 215.73095703125 -97.47019958496094
v 564.5465698242188 -290.6568908691406 -97.47015380859375
v 566.9437866210938 218.12921142578125 -99.93319702148438
v 564.5465698242188 -290.6568908691406 -97.47015380859375
v 551.8466186523438 -290.6568908691406 -97.47016143798828
v 466.88092041015625 -299.40484619140625 -109.73063659667969
v 469.63201904296875 -299.40484619140625 -112.47272491455078
v 481.96099853515625 -299.40484619140625 -112.47271728515625
v 466.88092041015625 -299.40484619140625 -99.93315887451172
v 481.97906494140625 -299.40484619140625 -97.47015380859375
v 469.27911376953125 -299.40484619140625 -97.47016143798828
v 551.8645629882812 -290.6568908691406 -112.47272491455078
v 564.1936645507812 -290.6568908691406 -112.47272491455078
v 566.9447631835938 -290.6568908691406 -109.73062896728516
v 566.9447631835938 -290.6568908691406 -99.93315124511719
v 551.8466186523438 -290.6568908691406 -97.47016143798828
v 564.5465698242188 -290.6568908691406 -97.47015380859375
v -518.3274536132812 1324.453369140625 -104.99983215332031
v -3.32806396484375 1324.465576171875 -104.99980926513672
v -518.3274536132812 1324.453369140625 46.00015640258789
v -3.32806396484375 1324.465576171875 46.000179290771484
v -518.3274536132812 1324.453369140625 -104.99983215332031
v -518.3263549804688 1389.4415283203125 -104.99984741210938
v -3.32806396484375 1324.465576171875 -104.99980926513672
v -3.32696533203125 1389.4537353515625 -104.99981689453125
v -518.3276977539062 1334.518310546875 51.02985763549805
v -3.32830810546875 1334.5123291015625 36.02730941772461
v -518.3276977539062 1334.5003662109375 36.027286529541016
v -3.32830810546875 1334.530517578125 51.02988052368164
v -518.3276977539062 1334.5003662109375 36.027286529541016
v -3.3280029296875 1322.1834716796875 36.02730941772461
v -518.327392578125 1322.1712646484375 36.027286529541016
v -3.32830810546875 1334.5123291015625 36.02730941772461
v -518.327392578125 1322.1712646484375 36.027286529541016
v -3.327880859375 1319.4322509765625 38.7694091796875
v -518.3273315429688 1319.4200439453125 38.769386291503906
v -3.3280029296875 1322.1834716796875 36.02730941772461
v -518.3273315429688 1319.4200439453125 38.769386291503906
v -3.327880859375 1319.4322509765625 48.56687545776367
v -518.3273315429688 1319.4200439453125 48.56685256958008
v -3.327880859375 1319.4322509765625 38.7694091796875
v -518.3273315429688 1319.4200439453125 48.56685256958008
v -3.3280029296875 1321.8304443359375 51.02988052368164
v -518.327392578125 1321.8182373046875 51.02985763549805
v -3.327880859375 1319.4322509765625 48.56687545776367
v -518.327392578125 1321.8182373046875 51.02985763549805
v -3.32830810546875 1334.530517578125 51.02988052368164
v -518.3276977539062 1334.518310546875 51.02985763549805
v -3.3280029296875 1321.8304443359375 51.02988052368164
v -3.32672119140625 1379.3887939453125 51.029876708984375
v -518.3261108398438 1379.39453125 36.02728271484375
v -3.32672119140625 1379.40673828125 36.027305603027344
v -518.3261108398438 1379.3765869140625 51.02985382080078
v -3.32672119140625 1379.40673828125 36.027305603027344
v -518.326416015625 1391.7236328125 36.02728271484375
v -3.3270263671875 1391.73583984375 36.027305603027344
v -518.3261108398438 1379.39453125 36.02728271484375
v -3.3270263671875 1391.73583984375 36.027305603027344
v -518.3264770507812 1394.474853515625 38.76938247680664
v -3.3270263671875 1394.487060546875 38.769405364990234
v -518.326416015625 1391.7236328125 36.02728271484375
v -3.3270263671875 1394.487060546875 38.769405364990234
v -518.3265380859375 1394.474853515625 48.56684875488281
v -3.3270263671875 1394.487060546875 48.566871643066406
v -518.3264770507812 1394.474853515625 38.76938247680664
v -3.3270263671875 1394.487060546875 48.566871643066406
v -518.326416015625 1392.07666015625 51.02985382080078
v -3.3270263671875 1392.0888671875 51.029876708984375
v -518.3265380859375 1394.474853515625 48.56684875488281
v -3.3270263671875 1392.0888671875 51.029876708984375
v -518.3261108398438 1379.3765869140625 51.02985382080078
v -3.32672119140625 1379.3887939453125 51.029876708984375
v -518.326416015625 1392.07666015625 51.02985382080078
v -518.3276977539062 1334.5003662109375 36.027286529541016
v -518.327392578125 1322.1712646484375 36.027286529541016
v -518.3273315429688 1319.4200439453125 38.769386291503906
v -518.3273315429688 1319.4200439453125 48.56685256958008
v -518.3276977539062 1334.518310546875 51.02985763549805
v -518.327392578125 1321.8182373046875 51.02985763549805
v -3.327880859375 1319.4322509765625 38.7694091796875
v -3.3280029296875 1322.1834716796875 36.02730941772461
v -3.32830810546875 1334.5123291015625 36.02730941772461
v -3.327880859375 1319.4322509765625 48.56687545776367
v -3.32830810546875 1334.530517578125 51.02988052368164
v -3.3280029296875 1321.8304443359375 51.02988052368164
v -3.32672119140625 1379.40673828125 36.027305603027344
v -3.3270263671875 1391.73583984375 36.027305603027344
v -3.3270263671875 1394.487060546875 38.769405364990234
v -3.3270263671875 1394.487060546875 48.566871643066406
v -3.32672119140625 1379.3887939453125 51.029876708984375
v -3.3270263671875 1392.0888671875 51.029876708984375
v -518.3264770507812 1394.474853515625 38.76938247680664
v -518.326416015625 1391.7236328125 36.02728271484375
v -518.3261108398438 1379.39453125 36.02728271484375
v -518.3265380859375 1394.474853515625 48.56684875488281
v -518.3261108398438 1379.3765869140625 51.02985382080078
v -518.326416015625 1392.07666015625 51.02985382080078
v -518.3276977539062 1334.518310546875 -91.97013854980469
v -3.32830810546875 1334.5123291015625 -106.97268676757812
v -518.3276977539062 1334.5003662109375 -106.97270965576172
v -3.32830810546875 1334.530517578125 -91.9701156616211
v -518.3276977539062 1334.5003662109375 -106.97270965576172
v -3.3280029296875 1322.1834716796875 -106.9726791381836
v -518.327392578125 1322.1712646484375 -106.97270202636719
v -3.32830810546875 1334.5123291015625 -106.97268676757812
v -518.327392578125 1322.1712646484375 -106.97270202636719
v -3.327880859375 1319.4322509765625 -104.23057556152344
v -518.3273315429688 1319.4200439453125 -104.23059844970703
v -3.3280029296875 1322.1834716796875 -106.9726791381836
v -518.3273315429688 1319.4200439453125 -104.23059844970703
v -3.327880859375 1319.4322509765625 -94.43311309814453
v -518.3273315429688 1319.4200439453125 -94.43313598632812
v -3.327880859375 1319.4322509765625 -104.23057556152344
v -518.3273315429688 1319.4200439453125 -94.43313598632812
v -3.3280029296875 1321.8304443359375 -91.97010803222656
v -518.327392578125 1321.8182373046875 -91.97013092041016
v -3.327880859375 1319.4322509765625 -94.43311309814453
v -518.327392578125 1321.8182373046875 -91.97013092041016
v -3.32830810546875 1334.530517578125 -91.9701156616211
v -518.3276977539062 1334.518310546875 -91.97013854980469
v -3.3280029296875 1321.8304443359375 -91.97010803222656
v -3.32672119140625 1379.3887939453125 -91.9701156616211
v -518.3261108398438 1379.39453125 -106.97270965576172
v -3.32672119140625 1379.40673828125 -106.97268676757812
v -518.3261108398438 1379.3765869140625 -91.97013854980469
v -3.32672119140625 1379.40673828125 -106.97268676757812
v -518.326416015625 1391.7236328125 -106.97271728515625
v -3.3270263671875 1391.73583984375 -106.97269439697266
v -518.3261108398438 1379.39453125 -106.97270965576172
v -3.3270263671875 1391.73583984375 -106.97269439697266
v -518.3264770507812 1394.474853515625 -104.2306137084961
v -3.3270263671875 1394.487060546875 -104.2305908203125
v -518.326416015625 1391.7236328125 -106.97271728515625
v -3.3270263671875 1394.487060546875 -104.2305908203125
v -518.3264770507812 1394.474853515625 -94.43315124511719
v -3.3270263671875 1394.487060546875 -94.4331283569336
v -518.3264770507812 1394.474853515625 -104.2306137084961
v -3.3270263671875 1394.487060546875 -94.4331283569336
v -518.326416015625 1392.07666015625 -91.97014617919922
v -3.3270263671875 1392.0888671875 -91.97012329101562
v -518.3264770507812 1394.474853515625 -94.43315124511719
v -3.3270263671875 1392.0888671875 -91.97012329101562
v -518.3261108398438 1379.3765869140625 -91.97013854980469
v -3.32672119140625 1379.3887939453125 -91.9701156616211
v -518.326416015625 1392.07666015625 -91.97014617919922
v -518.3276977539062 1334.5003662109375 -106.97270965576172
v -518.327392578125 1322.1712646484375 -106.97270202636719
v -518.3273315429688 1319.4200439453125 -104.23059844970703
v -518.3273315429688 1319.4200439453125 -94.43313598632812
v -518.3276977539062 1334.518310546875 -91.97013854980469
v -518.327392578125 1321.8182373046875 -91.97013092041016
v -3.327880859375 1319.4322509765625 -104.23057556152344
v -3.3280029296875 1322.1834716796875 -106.9726791381836
v -3.32830810546875 1334.5123291015625 -106.97268676757812
v -3.327880859375 1319.4322509765625 -94.43311309814453
v -3.32830810546875 1334.530517578125 -91.9701156616211
v -3.3280029296875 1321.8304443359375 -91.97010803222656
v -3.32672119140625 1379.40673828125 -106.97268676757812
v -3.3270263671875 1391.73583984375 -106.97269439697266
v -3.3270263671875 1394.487060546875 -104.2305908203125
v -3.3270263671875 1394.487060546875 -94.4331283569336
v -3.32672119140625 1379.3887939453125 -91.9701156616211
v -3.3270263671875 1392.0888671875 -91.97012329101562
v -518.3264770507812 1394.474853515625 -104.2306137084961
v -518.326416015625 1391.7236328125 -106.97271728515625
v -518.3261108398438 1379.39453125 -106.97270965576172
v -518.3264770507812 1394.474853515625 -94.43315124511719
v -518.3261108398438 1379.3765869140625 -91.97013854980469
v -518.326416015625 1392.07666015625 -91.97014617919922
v 533.8119506835938 -309.56756591796875 120.0001449584961
v 533.8119506835938 -229.56875610351562 120.00013732910156
v 533.8119506835938 -309.5675354003906 420.0000915527344
v 533.8119506835938 -229.5687255859375 420.0000915527344
v 533.8119506835938 208.09002685546875 420.00006103515625
v 533.8119506835938 -309.5675048828125 600.0001831054688
v 533.8119506835938 208.0899658203125 600.0001220703125
v 533.8119506835938 102.93243408203125 120.00011444091797
v 533.8119506835938 208.08990478515625 120.0000991821289
v 533.8119506835938 102.93246459960938 420.00006103515625
v 533.8119506835938 208.0899658203125 420.00006103515625
v 497.60284423828125 102.93246459960938 420.00006103515625
v 533.8119506835938 102.93246459960938 420.00006103515625
v 533.8119506835938 208.0899658203125 420.00006103515625
v 497.60284423828125 208.08990478515625 420.00006103515625
v 507.60040283203125 -237.06692504882812 420.0000915527344
v 546.3088989257812 -237.06692504882812 420.0000915527344
v 507.60040283203125 -237.06692504882812 448.0001220703125
v 546.3088989257812 -237.06692504882812 448.0001220703125
v 546.3088989257812 -237.06692504882812 420.0000915527344
v 546.3088989257812 112.93307495117188 420.00006103515625
v 546.3088989257812 -237.06692504882812 448.0001220703125
v 546.3088989257812 112.93307495117188 448.0000915527344
v 546.3088989257812 112.93307495117188 420.00006103515625
v 507.60040283203125 112.93307495117188 420.00006103515625
v 546.3088989257812 112.93307495117188 448.0000915527344
v 507.60040283203125 112.93307495117188 448.0000915527344
v 507.60040283203125 112.93307495117188 420.00006103515625
v 507.60040283203125 -237.06692504882812 420.0000915527344
v 507.60040283203125 112.93307495117188 448.0000915527344
v 507.60040283203125 -237.06692504882812 448.0001220703125
v 507.60040283203125 -237.06692504882812 420.0000915527344
v 546.3088989257812 112.93307495117188 420.00006103515625
v 546.3088989257812 -237.06692504882812 420.0000915527344
v 507.60040283203125 112.93307495117188 420.00006103515625
v 507.60040283203125 -237.06692504882812 448.0001220703125
v 546.3088989257812 -237.06692504882812 448.0001220703125
v 546.3088989257812 112.93307495117188 448.0000915527344
v 507.60040283203125 112.93307495117188 448.0000915527344
v 420.22247314453125 260.42156982421875 120.0000991821289
v 420.22003173828125 95.84262084960938 120.00010681152344
v 420.22247314453125 260.42156982421875 495.00006103515625
v 420.22003173828125 95.8426513671875 495.0000915527344
v 420.22003173828125 95.84262084960938 120.00010681152344
v 425.21881103515625 90.4287109375 120.00010681152344
v 420.22003173828125 95.8426513671875 495.0000915527344
v 425.21881103515625 90.42874145507812 495.0000915527344
v 425.21881103515625 90.4287109375 120.00010681152344
v 505.22369384765625 90.4287109375 120.00011444091797
v 425.21881103515625 90.42874145507812 495.0000915527344
v 505.22369384765625 90.42874145507812 495.00006103515625
v 415.18914794921875 260.42156982421875 -54.999908447265625
v 415.18670654296875 93.87432861328125 -42.43319320678711
v 415.18914794921875 260.42156982421875 -42.43320846557617
v 415.18670654296875 93.87432861328125 -54.99989318847656
v 415.18914794921875 260.42156982421875 -42.43320846557617
v 417.52008056640625 94.78680419921875 -40.09988784790039
v 417.52239990234375 260.42156982421875 -40.09990310668945
v 415.18670654296875 93.87432861328125 -42.43319320678711
v 417.52239990234375 260.42156982421875 -40.09990310668945
v 420.22003173828125 95.84262084960938 -40.09988784790039
v 420.22247314453125 260.42156982421875 -40.09990310668945
v 417.52008056640625 94.78680419921875 -40.09988784790039
v 415.18670654296875 93.87432861328125 -54.99989318847656
v 423.01544189453125 85.39541625976562 -42.43319320678711
v 415.18670654296875 93.87432861328125 -42.43319320678711
v 423.01544189453125 85.39541625976562 -54.99989318847656
v 415.18670654296875 93.87432861328125 -42.43319320678711
v 424.03692626953125 87.728759765625 -40.09988784790039
v 417.52008056640625 94.78680419921875 -40.09988784790039
v 423.01544189453125 85.39541625976562 -42.43319320678711
v 425.21881103515625 90.4287109375 -40.09988784790039
v 424.03692626953125 87.728759765625 -40.09988784790039
v 423.01544189453125 85.39541625976562 -54.99989318847656
v 505.22369384765625 85.39541625976562 -42.433189392089844
v 423.01544189453125 85.39541625976562 -42.43319320678711
v 505.22369384765625 85.39541625976562 -54.9998893737793
v 423.01544189453125 85.39541625976562 -42.43319320678711
v 505.22369384765625 87.728759765625 -40.099884033203125
v 424.03692626953125 87.728759765625 -40.09988784790039
v 505.22369384765625 85.39541625976562 -42.433189392089844
v 505.22369384765625 90.4287109375 -40.099884033203125
v 505.22369384765625 87.728759765625 -40.099884033203125
v 415.18914794921875 260.42156982421875 -54.999908447265625
v 415.18914794921875 260.42156982421875 -42.43320846557617
v 420.22247314453125 260.42156982421875 -40.09990310668945
v 417.52239990234375 260.42156982421875 -40.09990310668945
v 505.22369384765625 90.4287109375 -40.099884033203125
v 505.22369384765625 85.39541625976562 -42.433189392089844
v 505.22369384765625 85.39541625976562 -54.9998893737793
v 505.22369384765625 87.728759765625 -40.099884033203125
v 505.22613525390625 -212.0760498046875 120.00013732910156
v 425.22125244140625 -212.0760498046875 120.00013732910156
v 505.22613525390625 -212.07601928710938 495.0000915527344
v 425.22125244140625 -212.07601928710938 495.0000915527344
v 425.22125244140625 -212.0760498046875 120.00013732910156
v 420.22247314453125 -217.04434204101562 120.00013732910156
v 425.22125244140625 -212.07601928710938 495.0000915527344
v 420.22247314453125 -217.0443115234375 495.0000915527344
v 420.22247314453125 -217.04434204101562 120.00013732910156
v 420.22003173828125 -369.56884765625 120.0001449584961
v 420.22247314453125 -217.0443115234375 495.0000915527344
v 420.22003173828125 -369.5688171386719 495.0001220703125
v 505.22613525390625 -207.042724609375 -54.99986267089844
v 423.14544677734375 -207.042724609375 -42.43316650390625
v 505.22613525390625 -207.042724609375 -42.433162689208984
v 423.14544677734375 -207.042724609375 -54.9998664855957
v 505.22613525390625 -207.042724609375 -42.433162689208984
v 424.10772705078125 -209.3760528564453 -40.09986114501953
v 505.22613525390625 -209.3760528564453 -40.099857330322266
v 423.14544677734375 -207.042724609375 -42.43316650390625
v 505.22613525390625 -209.3760528564453 -40.099857330322266
v 425.22125244140625 -212.07606506347656 -40.09986114501953
v 505.22613525390625 -212.07606506347656 -40.099857330322266
v 424.10772705078125 -209.3760528564453 -40.09986114501953
v 423.14544677734375 -207.042724609375 -54.9998664855957
v 415.18914794921875 -214.95042419433594 -42.43316650390625
v 423.14544677734375 -207.042724609375 -42.43316650390625
v 415.18914794921875 -214.95042419433594 -54.9998664855957
v 423.14544677734375 -207.042724609375 -42.43316650390625
v 417.52239990234375 -215.92112731933594 -40.09986114501953
v 424.10772705078125 -209.3760528564453 -40.09986114501953
v 415.18914794921875 -214.95042419433594 -42.43316650390625
v 420.22247314453125 -217.0443572998047 -40.09986114501953
v 417.52239990234375 -215.92112731933594 -40.09986114501953
v 415.18914794921875 -214.95042419433594 -54.9998664855957
v 415.18670654296875 -369.56878662109375 -42.43315124511719
v 415.18914794921875 -214.95042419433594 -42.43316650390625
v 415.18670654296875 -369.56878662109375 -54.99985122680664
v 415.18914794921875 -214.95042419433594 -42.43316650390625
v 417.52008056640625 -369.5688171386719 -40.09984588623047
v 417.52239990234375 -215.92112731933594 -40.09986114501953
v 415.18670654296875 -369.56878662109375 -42.43315124511719
v 420.22003173828125 -369.5688781738281 -40.09984588623047
v 417.52008056640625 -369.5688171386719 -40.09984588623047
v 505.22613525390625 -207.042724609375 -54.99986267089844
v 505.22613525390625 -207.042724609375 -42.433162689208984
v 505.22613525390625 -212.07606506347656 -40.099857330322266
v 505.22613525390625 -209.3760528564453 -40.099857330322266
v 420.22003173828125 -369.5688781738281 -40.09984588623047
v 415.18670654296875 -369.56878662109375 -42.43315124511719
v 415.18670654296875 -369.56878662109375 -54.99985122680664
v 417.52008056640625 -369.5688171386719 -40.09984588623047
v 415.22357177734375 260.42156982421875 670.0
v 415.22113037109375 -369.5686950683594 670.0000610351562
v 410.2236328125 260.42156982421875 675.0
v 410.2210693359375 -369.5686950683594 675.0001220703125
v 415.22357177734375 260.42156982421875 670.0
v 505.21990966796875 260.42156982421875 670.0000610351562
v 415.22113037109375 -369.5686950683594 670.0000610351562
v 505.21759033203125 -369.5686950683594 670.0001220703125
v 410.2247314453125 260.42156982421875 675.0000610351562
v 410.2186279296875 -369.5711364746094 675.0001220703125
v 410.2247314453125 260.42156982421875 690.0000610351562
v 410.2186279296875 -369.5711364746094 690.0001220703125
v 410.2247314453125 260.42156982421875 675.0000610351562
v 505.21990966796875 260.42156982421875 675.0001220703125
v 410.2186279296875 -369.5711364746094 675.0001220703125
v 505.21759033203125 -369.5686950683594 675.0001831054688
v 541.3101196289062 85.41534423828125 120.00011444091797
v 541.3101196289062 102.92022705078125 120.00011444091797
v 541.3101196289062 85.41537475585938 430.0001220703125
v 541.3101196289062 102.92025756835938 430.0001220703125
v 541.3101196289062 102.92022705078125 120.00011444091797
v 513.3944702148438 102.92156982421875 120.00011444091797
v 541.3101196289062 102.92025756835938 430.0001220703125
v 513.3944702148438 102.92160034179688 430.0001220703125
v 497.59857177734375 102.92156982421875 120.00011444091797
v 497.59857177734375 85.4166259765625 120.00011444091797
v 497.59857177734375 102.92160034179688 430.0001220703125
v 497.59857177734375 85.41665649414062 430.0001525878906
v 497.59857177734375 85.4166259765625 120.00011444091797
v 517.5813598632812 85.4166259765625 120.00011444091797
v 497.59857177734375 85.41665649414062 430.0001525878906
v 517.5813598632812 85.41665649414062 430.0001220703125
v 541.3101196289062 85.41534423828125 120.00011444091797
v 541.3101196289062 85.41537475585938 430.0001220703125
v 541.3101196289062 -229.58103942871094 120.00013732910156
v 541.3101196289062 -209.58584594726562 120.00013732910156
v 541.3101196289062 -229.58102416992188 430.0001525878906
v 541.3101196289062 -209.5858154296875 430.0001525878906
v 541.3101196289062 -209.58584594726562 120.00013732910156
v 514.5236206054688 -209.58453369140625 120.00013732910156
v 541.3101196289062 -209.5858154296875 430.0001525878906
v 514.5236206054688 -209.58450317382812 430.0001525878906
v 497.59857177734375 -209.58453369140625 120.00013732910156
v 497.59857177734375 -209.58450317382812 430.0001525878906
v 497.59857177734375 -209.58453369140625 120.00013732910156
v 497.59857177734375 -229.57965087890625 120.00013732910156
v 497.59857177734375 -209.58450317382812 430.0001525878906
v 497.59857177734375 -229.57962036132812 430.0001525878906
v 519.2355346679688 -229.57965087890625 120.00013732910156
v 541.3101196289062 -229.58103942871094 120.00013732910156
v 519.2355346679688 -229.57962036132812 430.0001525878906
v 541.3101196289062 -229.58102416992188 430.0001525878906
v 437.48321533203125 90.41421508789062 417.5003356933594
v 437.48321533203125 -217.0808868408203 417.5003356933594
v 437.48321533203125 90.41421508789062 497.5003662109375
v 437.48321533203125 -217.0808868408203 497.5003662109375
v 509.98687744140625 90.41421508789062 417.50030517578125
v 509.98687744140625 -217.0808868408203 417.5003356933594
v 437.48321533203125 90.41421508789062 417.5003356933594
v 437.48321533203125 -217.0808868408203 417.5003356933594
v 442.54803466796875 90.41421508789062 502.530029296875
v 442.53009033203125 -217.0808868408203 487.5274963378906
v 442.53009033203125 90.41421508789062 487.5274963378906
v 442.54803466796875 -217.0808868408203 502.530029296875
v 442.53009033203125 90.41421508789062 487.5274963378906
v 430.20111083984375 -217.0808868408203 487.5274353027344
v 430.20111083984375 90.41421508789062 487.5274353027344
v 442.53009033203125 -217.0808868408203 487.5274963378906
v 430.20111083984375 90.41421508789062 487.5274353027344
v 427.44976806640625 -217.0808868408203 490.2695617675781
v 427.44976806640625 90.41421508789062 490.2695617675781
v 430.20111083984375 -217.0808868408203 487.5274353027344
v 427.44976806640625 90.41421508789062 490.2695617675781
v 427.44976806640625 -217.0808868408203 500.0670166015625
v 427.44976806640625 90.41421508789062 500.0670166015625
v 427.44976806640625 -217.0808868408203 490.2695617675781
v 427.44976806640625 90.41421508789062 500.0670166015625
v 429.84796142578125 -217.0808868408203 502.530029296875
v 429.84796142578125 90.41421508789062 502.530029296875
v 427.44976806640625 -217.0808868408203 500.0670166015625
v 429.84796142578125 90.41421508789062 502.530029296875
v 442.54803466796875 -217.0808868408203 502.530029296875
v 442.54803466796875 90.41421508789062 502.530029296875
v 429.84796142578125 -217.0808868408203 502.530029296875
v 442.53009033203125 90.41421508789062 487.5274963378906
v 430.20111083984375 90.41421508789062 487.5274353027344
v 427.44976806640625 90.41421508789062 490.2695617675781
v 427.44976806640625 90.41421508789062 500.0670166015625
v 442.54803466796875 90.41421508789062 502.530029296875
v 429.84796142578125 90.41421508789062 502.530029296875
v 427.44976806640625 -217.0808868408203 490.2695617675781
v 430.20111083984375 -217.0808868408203 487.5274353027344
v 442.53009033203125 -217.0808868408203 487.5274963378906
v 427.44976806640625 -217.0808868408203 500.0670166015625
v 442.54803466796875 -217.0808868408203 502.530029296875
v 429.84796142578125 -217.0808868408203 502.530029296875
v 442.54803466796875 90.41421508789062 427.530029296875
v 442.53009033203125 -217.0808868408203 412.5274353027344
v 442.53009033203125 90.41421508789062 412.5274353027344
v 442.54803466796875 -217.0808868408203 427.530029296875
v 442.53009033203125 90.41421508789062 412.5274353027344
v 430.20111083984375 -217.0808868408203 412.5274353027344
v 430.20111083984375 90.41421508789062 412.5274353027344
v 442.53009033203125 -217.0808868408203 412.5274353027344
v 430.20111083984375 90.41421508789062 412.5274353027344
v 427.44976806640625 -217.0808868408203 415.2695617675781
v 427.44976806640625 90.41421508789062 415.2695617675781
v 430.20111083984375 -217.0808868408203 412.5274353027344
v 427.44976806640625 90.41421508789062 415.2695617675781
v 427.44976806640625 -217.0808868408203 425.0670166015625
v 427.44976806640625 90.41421508789062 425.0670166015625
v 427.44976806640625 -217.0808868408203 415.2695617675781
v 427.44976806640625 90.41421508789062 425.0670166015625
v 429.84796142578125 -217.0808868408203 427.530029296875
v 429.84796142578125 90.41421508789062 427.530029296875
v 427.44976806640625 -217.0808868408203 425.0670166015625
v 429.84796142578125 90.41421508789062 427.530029296875
v 442.54803466796875 -217.0808868408203 427.530029296875
v 442.54803466796875 90.41421508789062 427.530029296875
v 429.84796142578125 -217.0808868408203 427.530029296875
v 442.53009033203125 90.41421508789062 412.5274353027344
v 430.20111083984375 90.41421508789062 412.5274353027344
v 427.44976806640625 90.41421508789062 415.2695617675781
v 427.44976806640625 90.41421508789062 425.0670166015625
v 442.54803466796875 90.41421508789062 427.530029296875
v 429.84796142578125 90.41421508789062 427.530029296875
v 427.44976806640625 -217.0808868408203 415.2695617675781
v 430.20111083984375 -217.0808868408203 412.5274353027344
v 442.53009033203125 -217.0808868408203 412.5274353027344
v 427.44976806640625 -217.0808868408203 425.0670166015625
v 442.54803466796875 -217.0808868408203 427.530029296875
v 429.84796142578125 -217.0808868408203 427.530029296875
v 432.48443603515625 90.41421508789062 427.500244140625
v 432.48443603515625 87.91180419921875 427.500244140625
v 432.48443603515625 90.41421508789062 487.5002136230469
v 432.48443603515625 87.91180419921875 487.5002136230469
v 432.48443603515625 87.91180419921875 427.500244140625
v 434.98077392578125 85.41543579101562 427.500244140625
v 432.48443603515625 87.91180419921875 487.5002136230469
v 434.98077392578125 85.41543579101562 487.5002136230469
v 434.98077392578125 85.41543579101562 427.500244140625
v 437.48321533203125 85.41543579101562 427.500244140625
v 434.98077392578125 85.41543579101562 487.5002136230469
v 437.48321533203125 85.41543579101562 487.5002136230469
v 437.48321533203125 90.41421508789062 487.5002136230469
v 432.48443603515625 90.41421508789062 487.5002136230469
v 432.48443603515625 87.91180419921875 487.5002136230469
v 437.48321533203125 85.41543579101562 487.5002136230469
v 434.98077392578125 85.41543579101562 487.5002136230469
v 437.48321533203125 -207.07733154296875 427.500244140625
v 434.98077392578125 -207.07733154296875 427.500244140625
v 437.48321533203125 -207.07733154296875 487.5002136230469
v 434.98077392578125 -207.07733154296875 487.5002136230469
v 434.98077392578125 -207.0773468017578 427.500244140625
v 432.48443603515625 -209.5797119140625 427.500244140625
v 434.98077392578125 -207.0773468017578 487.5002136230469
v 432.48443603515625 -209.5797119140625 487.5002136230469
v 432.48443603515625 -209.57972717285156 427.500244140625
v 432.48443603515625 -212.0761260986328 427.500244140625
v 432.48443603515625 -209.57972717285156 487.5002136230469
v 432.48443603515625 -212.0761260986328 487.5002136230469
v 437.48321533203125 -207.07733154296875 487.5002136230469
v 434.98077392578125 -207.07733154296875 487.5002136230469
v 432.48443603515625 -209.57972717285156 487.5002136230469
v 437.48321533203125 -212.0761260986328 487.5002136230469
v 432.48443603515625 -212.0761260986328 487.5002136230469
v -476.9516296386719 1884.4539794921875 -500.0000305175781
v -556.9534301757812 1884.4539794921875 -500.0000305175781
v -476.95166015625 1884.4539794921875 -90.0
v -556.9534301757812 1884.4539794921875 -90.00000762939453
v -556.9534301757812 1884.4539794921875 -500.0000305175781
v -556.9534301757812 1809.4539794921875 -500.0
v -556.9534912109375 1884.4539794921875 -90.00000762939453
v -556.9534301757812 1809.4539794921875 -90.00000762939453
v -556.9534301757812 1809.4539794921875 -500.0
v -476.9516296386719 1809.4539794921875 -500.0
v -556.9534301757812 1809.4539794921875 -90.00000762939453
v -476.95166015625 1809.4539794921875 -90.0
v -476.9516296386719 1809.4539794921875 -500.0
v -476.9516296386719 1884.4539794921875 -500.0000305175781
v -476.95166015625 1809.4539794921875 -90.0
v -476.95166015625 1884.4539794921875 -90.0
v -471.9183044433594 1889.4871826171875 -495.00006103515625
v -561.9867553710938 1889.4871826171875 -482.433349609375
v -471.9183044433594 1889.4871826171875 -482.433349609375
v -561.9867553710938 1889.4871826171875 -495.00006103515625
v -471.9183044433594 1889.4871826171875 -482.433349609375
v -559.6534423828125 1887.1539306640625 -480.10003662109375
v -474.25164794921875 1887.1539306640625 -480.10003662109375
v -561.9867553710938 1889.4871826171875 -482.433349609375
v -474.25164794921875 1887.1539306640625 -480.10003662109375
v -556.9534301757812 1884.4539794921875 -480.10003662109375
v -476.9516296386719 1884.4539794921875 -480.10003662109375
v -559.6534423828125 1887.1539306640625 -480.10003662109375
v -561.9867553710938 1889.4871826171875 -495.00006103515625
v -561.9867553710938 1804.4207763671875 -482.4333190917969
v -561.9867553710938 1889.4871826171875 -482.433349609375
v -561.9867553710938 1804.4207763671875 -495.0000305175781
v -561.9867553710938 1889.4871826171875 -482.433349609375
v -559.6534423828125 1806.7540283203125 -480.1000061035156
v -559.6534423828125 1887.1539306640625 -480.10003662109375
v -561.9867553710938 1804.4207763671875 -482.4333190917969
v -556.9534301757812 1809.4539794921875 -480.1000061035156
v -559.6534423828125 1806.7540283203125 -480.1000061035156
v -561.9867553710938 1804.4207763671875 -495.0000305175781
v -471.9183044433594 1804.4207763671875 -482.4333190917969
v -561.9867553710938 1804.4207763671875 -482.4333190917969
v -471.9183044433594 1804.4207763671875 -495.0000305175781
v -561.9867553710938 1804.4207763671875 -482.4333190917969
v -474.25164794921875 1806.7540283203125 -480.1000061035156
v -559.6534423828125 1806.7540283203125 -480.1000061035156
v -471.9183044433594 1804.4207763671875 -482.4333190917969
v -476.9516296386719 1809.4539794921875 -480.1000061035156
v -474.25164794921875 1806.7540283203125 -480.1000061035156
v -471.9183044433594 1804.4207763671875 -495.0000305175781
v -471.9183044433594 1889.4871826171875 -482.433349609375
v -471.9183044433594 1804.4207763671875 -482.4333190917969
v -471.9183044433594 1889.4871826171875 -495.00006103515625
v -471.9183044433594 1804.4207763671875 -482.4333190917969
v -474.25164794921875 1887.1539306640625 -480.10003662109375
v -474.25164794921875 1806.7540283203125 -480.1000061035156
v -471.9183044433594 1889.4871826171875 -482.433349609375
v -487.0165710449219 1874.3890380859375 -89.97029876708984
v -546.9065551757812 1874.4071044921875 -104.97288513183594
v -486.9985656738281 1874.4071044921875 -104.97288513183594
v -546.8885498046875 1874.3890380859375 -89.97029876708984
v -486.9985656738281 1874.4071044921875 -104.97288513183594
v -559.2356567382812 1886.7362060546875 -104.97288513183594
v -474.66949462890625 1886.7362060546875 -104.9728775024414
v -546.9065551757812 1874.4071044921875 -104.97288513183594
v -474.66949462890625 1886.7362060546875 -104.9728775024414
v -561.98681640625 1889.4871826171875 -102.23078918457031
v -471.9183349609375 1889.4871826171875 -102.23078155517578
v -559.2356567382812 1886.7362060546875 -104.97288513183594
v -471.9183349609375 1889.4871826171875 -102.23078155517578
v -561.98681640625 1889.4871826171875 -92.43331146240234
v -471.9183349609375 1889.4871826171875 -92.43330383300781
v -561.98681640625 1889.4871826171875 -102.23078918457031
v -471.9183349609375 1889.4871826171875 -92.43330383300781
v -559.588623046875 1887.0892333984375 -89.97029876708984
v -474.3164978027344 1887.0892333984375 -89.97029113769531
v -561.98681640625 1889.4871826171875 -92.43331146240234
v -474.3164978027344 1887.0892333984375 -89.97029113769531
v -546.8885498046875 1874.3890380859375 -89.97029876708984
v -487.0165710449219 1874.3890380859375 -89.97029876708984
v -559.588623046875 1887.0892333984375 -89.97029876708984
v -546.8885498046875 1874.3890380859375 -89.97029876708984
v -546.9065551757812 1819.5008544921875 -104.97288513183594
v -546.9065551757812 1874.4071044921875 -104.97288513183594
v -546.8885498046875 1819.5189208984375 -89.97029876708984
v -559.2356567382812 1807.1717529296875 -104.9728775024414
v -546.9065551757812 1819.5008544921875 -104.97288513183594
v -559.2356567382812 1886.7362060546875 -104.97288513183594
v -561.98681640625 1804.4207763671875 -102.23078155517578
v -561.98681640625 1889.4871826171875 -102.23078918457031
v -559.2356567382812 1807.1717529296875 -104.9728775024414
v -561.98681640625 1889.4871826171875 -102.23078918457031
v -561.98681640625 1804.4207763671875 -92.43330383300781
v -561.98681640625 1889.4871826171875 -92.43331146240234
v -561.98681640625 1804.4207763671875 -102.23078155517578
v -561.98681640625 1889.4871826171875 -92.43331146240234
v -559.588623046875 1806.8187255859375 -89.97029113769531
v -559.588623046875 1887.0892333984375 -89.97029876708984
v -561.98681640625 1804.4207763671875 -92.43330383300781
v -546.8885498046875 1819.5189208984375 -89.97029876708984
v -559.588623046875 1806.8187255859375 -89.97029113769531
v -546.8885498046875 1819.5189208984375 -89.97029876708984
v -486.99853515625 1819.5008544921875 -104.97288513183594
v -546.9065551757812 1819.5008544921875 -104.97288513183594
v -487.01654052734375 1819.5189208984375 -89.97029876708984
v -474.66949462890625 1807.1717529296875 -104.9728775024414
v -486.99853515625 1819.5008544921875 -104.97288513183594
v -559.2356567382812 1807.1717529296875 -104.9728775024414
v -471.9183349609375 1804.4207763671875 -102.23078155517578
v -561.98681640625 1804.4207763671875 -102.23078155517578
v -474.66949462890625 1807.1717529296875 -104.9728775024414
v -561.98681640625 1804.4207763671875 -102.23078155517578
v -471.9183349609375 1804.4207763671875 -92.43330383300781
v -561.98681640625 1804.4207763671875 -92.43330383300781
v -471.9183349609375 1804.4207763671875 -102.23078155517578
v -561.98681640625 1804.4207763671875 -92.43330383300781
v -474.3164978027344 1806.8187255859375 -89.97029113769531
v -559.588623046875 1806.8187255859375 -89.97029113769531
v -471.9183349609375 1804.4207763671875 -92.43330383300781
v -487.01654052734375 1819.5189208984375 -89.97029876708984
v -474.3164978027344 1806.8187255859375 -89.97029113769531
v -487.01654052734375 1819.5189208984375 -89.97029876708984
v -486.9985656738281 1874.4071044921875 -104.97288513183594
v -486.99853515625 1819.5008544921875 -104.97288513183594
v -487.0165710449219 1874.3890380859375 -89.97029876708984
v -474.66949462890625 1807.1717529296875 -104.9728775024414
v -471.9183349609375 1889.4871826171875 -102.23078155517578
v -471.9183349609375 1804.4207763671875 -102.23078155517578
v -474.66949462890625 1886.7362060546875 -104.9728775024414
v -471.9183349609375 1804.4207763671875 -102.23078155517578
v -471.9183349609375 1889.4871826171875 -92.43330383300781
v -471.9183349609375 1804.4207763671875 -92.43330383300781
v -471.9183349609375 1889.4871826171875 -102.23078155517578
v -471.9183349609375 1804.4207763671875 -92.43330383300781
v -474.3164978027344 1887.0892333984375 -89.97029113769531
v -474.3164978027344 1806.8187255859375 -89.97029113769531
v -471.9183349609375 1889.4871826171875 -92.43330383300781
v -556.9534912109375 1884.4539794921875 -90.00000762939453
v -556.9534301757812 1809.4539794921875 -90.00000762939453
v -476.95166015625 1884.4539794921875 -90.0
v -476.95166015625 1809.4539794921875 -90.0
v -476.95159912109375 1404.4520263671875 -499.9999694824219
v -556.9534301757812 1404.4520263671875 -499.9999694824219
v -476.95166015625 1404.4521484375 40.00004959106445
v -556.9534301757812 1404.4521484375 40.00004577636719
v -556.9534301757812 1404.4520263671875 -499.9999694824219
v -556.9534301757812 1329.4520263671875 -499.9999694824219
v -556.9534301757812 1404.4521484375 40.00004577636719
v -556.9534301757812 1329.4521484375 40.00004959106445
v -556.9534301757812 1329.4520263671875 -499.9999694824219
v -476.95159912109375 1329.4520263671875 -499.9999694824219
v -556.9534301757812 1329.4521484375 40.00004959106445
v -476.95166015625 1329.4521484375 40.000057220458984
v -476.95159912109375 1329.4520263671875 -499.9999694824219
v -476.95159912109375 1404.4520263671875 -499.9999694824219
v -476.95166015625 1329.4521484375 40.000057220458984
v -476.95166015625 1404.4521484375 40.00004959106445
v -471.91827392578125 1409.4853515625 -494.99993896484375
v -561.9867553710938 1409.4853515625 -482.4332275390625
v -471.91827392578125 1409.4853515625 -482.4332275390625
v -561.9867553710938 1409.4853515625 -494.99993896484375
v -471.91827392578125 1409.4853515625 -482.4332275390625
v -559.6534423828125 1407.152099609375 -480.09991455078125
v -474.2516174316406 1407.152099609375 -480.09991455078125
v -561.9867553710938 1409.4853515625 -482.4332275390625
v -474.2516174316406 1407.152099609375 -480.09991455078125
v -556.9534301757812 1404.4520263671875 -480.09991455078125
v -476.95159912109375 1404.4520263671875 -480.09991455078125
v -559.6534423828125 1407.152099609375 -480.09991455078125
v -561.9867553710938 1409.4853515625 -494.99993896484375
v -561.9867553710938 1324.418701171875 -482.4332275390625
v -561.9867553710938 1409.4853515625 -482.4332275390625
v -561.9867553710938 1324.418701171875 -494.99993896484375
v -561.9867553710938 1409.4853515625 -482.4332275390625
v -559.6534423828125 1326.751953125 -480.09991455078125
v -559.6534423828125 1407.152099609375 -480.09991455078125
v -561.9867553710938 1324.418701171875 -482.4332275390625
v -556.9534301757812 1329.4520263671875 -480.09991455078125
v -559.6534423828125 1326.751953125 -480.09991455078125
v -561.9867553710938 1324.418701171875 -494.99993896484375
v -471.91827392578125 1324.418701171875 -482.4332275390625
v -561.9867553710938 1324.418701171875 -482.4332275390625
v -471.91827392578125 1324.418701171875 -494.99993896484375
v -561.9867553710938 1324.418701171875 -482.4332275390625
v -474.2516174316406 1326.751953125 -480.09991455078125
v -559.6534423828125 1326.751953125 -480.09991455078125
v -471.91827392578125 1324.418701171875 -482.4332275390625
v -476.95159912109375 1329.4520263671875 -480.09991455078125
v -474.2516174316406 1326.751953125 -480.09991455078125
v -471.91827392578125 1324.418701171875 -494.99993896484375
v -471.91827392578125 1409.4853515625 -482.4332275390625
v -471.91827392578125 1324.418701171875 -482.4332275390625
v -471.91827392578125 1409.4853515625 -494.99993896484375
v -471.91827392578125 1324.418701171875 -482.4332275390625
v -474.2516174316406 1407.152099609375 -480.09991455078125
v -474.2516174316406 1326.751953125 -480.09991455078125
v -471.91827392578125 1409.4853515625 -482.4332275390625
v -487.01654052734375 1394.38720703125 -89.97026062011719
v -546.9065551757812 1394.4051513671875 -104.97281646728516
v -486.99853515625 1394.4051513671875 -104.97282409667969
v -546.8885498046875 1394.38720703125 -89.97025299072266
v -486.99853515625 1394.4051513671875 -104.97282409667969
v -559.235595703125 1406.7342529296875 -104.97282409667969
v -474.6694641113281 1406.7342529296875 -104.97281646728516
v -546.9065551757812 1394.4051513671875 -104.97281646728516
v -474.6694641113281 1406.7342529296875 -104.97281646728516
v -561.9867553710938 1409.4854736328125 -102.23072814941406
v -471.9183044433594 1409.4854736328125 -102.23072052001953
v -559.235595703125 1406.7342529296875 -104.97282409667969
v -471.9183044433594 1409.4854736328125 -102.23072052001953
v -561.9867553710938 1409.4854736328125 -92.43327331542969
v -471.9183044433594 1409.4854736328125 -92.43326568603516
v -561.9867553710938 1409.4854736328125 -102.23072814941406
v -471.9183044433594 1409.4854736328125 -92.43326568603516
v -559.5885620117188 1407.0872802734375 -89.97026062011719
v -474.31646728515625 1407.0872802734375 -89.97025299072266
v -561.9867553710938 1409.4854736328125 -92.43327331542969
v -474.31646728515625 1407.0872802734375 -89.97025299072266
v -546.8885498046875 1394.38720703125 -89.97025299072266
v -487.01654052734375 1394.38720703125 -89.97026062011719
v -559.5885620117188 1407.0872802734375 -89.97026062011719
v -546.8885498046875 1394.38720703125 -89.97025299072266
v -546.9065551757812 1339.4991455078125 -104.97280883789062
v -546.9065551757812 1394.4051513671875 -104.97281646728516
v -546.8885498046875 1339.51708984375 -89.97024536132812
v -559.235595703125 1327.1700439453125 -104.97280883789062
v -546.9065551757812 1339.4991455078125 -104.97280883789062
v -559.235595703125 1406.7342529296875 -104.97282409667969
v -561.9867553710938 1324.4188232421875 -102.230712890625
v -561.9867553710938 1409.4854736328125 -102.23072814941406
v -559.235595703125 1327.1700439453125 -104.97280883789062
v -561.9867553710938 1409.4854736328125 -102.23072814941406
v -561.9867553710938 1324.4188232421875 -92.43325805664062
v -561.9867553710938 1409.4854736328125 -92.43327331542969
v -561.9867553710938 1324.4188232421875 -102.230712890625
v -561.9867553710938 1409.4854736328125 -92.43327331542969
v -559.5885620117188 1326.8170166015625 -89.97024536132812
v -559.5885620117188 1407.0872802734375 -89.97026062011719
v -561.9867553710938 1324.4188232421875 -92.43325805664062
v -546.8885498046875 1339.51708984375 -89.97024536132812
v -559.5885620117188 1326.8170166015625 -89.97024536132812
v -546.8885498046875 1339.51708984375 -89.97024536132812
v -486.99853515625 1339.4991455078125 -104.97281646728516
v -546.9065551757812 1339.4991455078125 -104.97280883789062
v -487.01654052734375 1339.51708984375 -89.97025299072266
v -474.6694641113281 1327.1700439453125 -104.97280883789062
v -486.99853515625 1339.4991455078125 -104.97281646728516
v -559.235595703125 1327.1700439453125 -104.97280883789062
v -471.9183044433594 1324.4188232421875 -102.230712890625
v -561.9867553710938 1324.4188232421875 -102.230712890625
v -474.6694641113281 1327.1700439453125 -104.97280883789062
v -561.9867553710938 1324.4188232421875 -102.230712890625
v -471.9183044433594 1324.4188232421875 -92.43325805664062
v -561.9867553710938 1324.4188232421875 -92.43325805664062
v -471.9183044433594 1324.4188232421875 -102.230712890625
v -561.9867553710938 1324.4188232421875 -92.43325805664062
v -474.31646728515625 1326.8170166015625 -89.97024536132812
v -559.5885620117188 1326.8170166015625 -89.97024536132812
v -471.9183044433594 1324.4188232421875 -92.43325805664062
v -487.01654052734375 1339.51708984375 -89.97025299072266
v -474.31646728515625 1326.8170166015625 -89.97024536132812
v -487.01654052734375 1339.51708984375 -89.97025299072266
v -486.99853515625 1394.4051513671875 -104.97282409667969
v -486.99853515625 1339.4991455078125 -104.97281646728516
v -487.01654052734375 1394.38720703125 -89.97026062011719
v -474.6694641113281 1327.1700439453125 -104.97280883789062
v -471.9183044433594 1409.4854736328125 -102.23072052001953
v -471.9183044433594 1324.4188232421875 -102.230712890625
v -474.6694641113281 1406.7342529296875 -104.97281646728516
v -471.9183044433594 1324.4188232421875 -102.230712890625
v -471.9183044433594 1409.4854736328125 -92.43326568603516
v -471.9183044433594 1324.4188232421875 -92.43325805664062
v -471.9183044433594 1409.4854736328125 -102.23072052001953
v -471.9183044433594 1324.4188232421875 -92.43325805664062
v -474.31646728515625 1407.0872802734375 -89.97025299072266
v -474.31646728515625 1326.8170166015625 -89.97024536132812
v -471.9183044433594 1409.4854736328125 -92.43326568603516
v -556.9534301757812 1404.4521484375 40.00004577636719
v -556.9534301757812 1329.4521484375 40.00004959106445
v -476.95166015625 1404.4521484375 40.00004959106445
v -476.95166015625 1329.4521484375 40.000057220458984
v -551.9515991210938 1334.4385986328125 -490.0001525878906
v -561.9522094726562 1334.4385986328125 -490.0001525878906
v -551.9515991210938 1334.438720703125 -90.0001449584961
v -561.9522094726562 1334.438720703125 -90.0001449584961
v -561.9522094726562 1334.4385986328125 -490.0001525878906
v -566.9510498046875 1329.436767578125 -490.0001525878906
v -561.9522094726562 1334.438720703125 -90.0001449584961
v -566.9510498046875 1329.4368896484375 -90.0001449584961
v -566.9509887695312 1329.436767578125 -490.0001525878906
v -566.9509887695312 1324.43798828125 -490.0001525878906
v -566.9510498046875 1329.4368896484375 -90.0001449584961
v -566.9510498046875 1324.4381103515625 -90.0001449584961
v -566.9509887695312 1324.43798828125 -490.0001525878906
v -561.9522094726562 1319.439208984375 -490.0001525878906
v -566.9510498046875 1324.4381103515625 -90.0001449584961
v -561.9522094726562 1319.4393310546875 -90.0001449584961
v -561.9522094726562 1319.439208984375 -490.0001525878906
v -551.9515991210938 1319.439208984375 -490.0001525878906
v -561.9522094726562 1319.4393310546875 -90.0001449584961
v -551.9515991210938 1319.4393310546875 -90.0001449584961
v -551.9515991210938 1319.439208984375 -490.0001525878906
v -551.9515991210938 1334.4385986328125 -490.0001525878906
v -551.9515991210938 1319.4393310546875 -90.0001449584961
v -551.9515991210938 1334.438720703125 -90.0001449584961
v -561.9522094726562 1334.438720703125 -90.0001449584961
v -561.9522094726562 1319.4393310546875 -90.0001449584961
v -551.9515991210938 1334.438720703125 -90.0001449584961
v -566.9510498046875 1329.4368896484375 -90.0001449584961
v -566.9510498046875 1324.4381103515625 -90.0001449584961
v -551.9515991210938 1319.4393310546875 -90.0001449584961
v -476.95166015625 2379.4521484375 -100.0000228881836
v -556.9534912109375 2379.4521484375 -100.0000228881836
v -476.95166015625 2379.4521484375 -90.0000228881836
v -556.9534912109375 2379.4521484375 -90.0000228881836
v -556.9534912109375 2379.4521484375 -100.0000228881836
v -556.9534301757812 1404.4552001953125 -99.99994659423828
v -556.9534912109375 2379.4521484375 -90.0000228881836
v -556.9534301757812 1404.4552001953125 -89.99994659423828
v -556.9534301757812 1404.4552001953125 -99.99994659423828
v -476.9516296386719 1404.4552001953125 -99.99993896484375
v -556.9534301757812 1404.4552001953125 -89.99994659423828
v -476.9516296386719 1404.4552001953125 -89.99993896484375
v -476.9516296386719 1404.4552001953125 -99.99993896484375
v -476.95166015625 2379.4521484375 -100.0000228881836
v -476.9516296386719 1404.4552001953125 -89.99993896484375
v -476.95166015625 2379.4521484375 -90.0000228881836
v -556.9534912109375 2379.4521484375 -100.0000228881836
v -476.95166015625 2379.4521484375 -100.0000228881836
v -556.9534301757812 1404.4552001953125 -99.99994659423828
v -476.9516296386719 1404.4552001953125 -99.99993896484375
v -476.95166015625 2409.4384765625 -500.00006103515625
v -556.9534912109375 2409.4384765625 -500.00006103515625
v -476.95166015625 2409.4384765625 -100.00008392333984
v -556.9534912109375 2409.4384765625 -100.00009155273438
v -556.9534912109375 2409.4384765625 -500.00006103515625
v -556.9534912109375 2334.4384765625 -500.00006103515625
v -556.9534912109375 2409.4384765625 -100.00004577636719
v -556.9534912109375 2334.4384765625 -100.00004577636719
v -556.9534912109375 2334.4384765625 -500.00006103515625
v -476.95166015625 2334.4384765625 -500.00006103515625
v -556.9534912109375 2334.4384765625 -100.00009155273438
v -476.95166015625 2334.4384765625 -100.00008392333984
v -476.95166015625 2334.4384765625 -500.00006103515625
v -476.95166015625 2409.4384765625 -500.00006103515625
v -476.95166015625 2334.4384765625 -100.00003814697266
v -476.95166015625 2409.4384765625 -100.00003814697266
v -471.9183349609375 2414.47216796875 -495.0001220703125
v -561.98681640625 2414.47216796875 -482.4334716796875
v -471.9183349609375 2414.47216796875 -482.4334716796875
v -561.98681640625 2414.47216796875 -495.0001220703125
v -471.9183349609375 2414.47216796875 -482.4334716796875
v -559.6534423828125 2412.138671875 -480.10015869140625
v -474.25164794921875 2412.138671875 -480.10015869140625
v -561.98681640625 2414.47216796875 -482.4334716796875
v -474.25164794921875 2412.138671875 -480.10015869140625
v -556.9534912109375 2409.4384765625 -480.10015869140625
v -476.95166015625 2409.4384765625 -480.10015869140625
v -559.6534423828125 2412.138671875 -480.10015869140625
v -561.98681640625 2414.47216796875 -495.0001220703125
v -561.98681640625 2329.4052734375 -482.4334716796875
v -561.98681640625 2414.47216796875 -482.4334716796875
v -561.98681640625 2329.4052734375 -495.0001220703125
v -561.98681640625 2414.47216796875 -482.4334716796875
v -559.6534423828125 2331.73876953125 -480.10015869140625
v -559.6534423828125 2412.138671875 -480.10015869140625
v -561.98681640625 2329.4052734375 -482.4334716796875
v -556.9534912109375 2334.4384765625 -480.10015869140625
v -559.6534423828125 2331.73876953125 -480.10015869140625
v -561.98681640625 2329.4052734375 -495.0001220703125
v -471.9183349609375 2329.4052734375 -482.4334716796875
v -561.98681640625 2329.4052734375 -482.4334716796875
v -471.9183349609375 2329.4052734375 -495.0001220703125
v -561.98681640625 2329.4052734375 -482.4334716796875
v -474.25164794921875 2331.73876953125 -480.10015869140625
v -559.6534423828125 2331.73876953125 -480.10015869140625
v -471.9183349609375 2329.4052734375 -482.4334716796875
v -476.95166015625 2334.4384765625 -480.10015869140625
v -474.25164794921875 2331.73876953125 -480.10015869140625
v -471.9183349609375 2329.4052734375 -495.0001220703125
v -471.9183349609375 2414.47216796875 -482.4334716796875
v -471.9183349609375 2329.4052734375 -482.4334716796875
v -471.9183349609375 2414.47216796875 -495.0001220703125
v -471.9183349609375 2329.4052734375 -482.4334716796875
v -474.25164794921875 2412.138671875 -480.10015869140625
v -474.25164794921875 2331.73876953125 -480.10015869140625
v -471.9183349609375 2414.47216796875 -482.4334716796875
v -487.0166015625 2399.3740234375 -89.97034454345703
v -546.9066162109375 2399.3916015625 -104.97290802001953
v -486.99859619140625 2399.3916015625 -104.97290802001953
v -546.8886108398438 2399.3740234375 -89.97034454345703
v -486.99859619140625 2399.3916015625 -104.97290802001953
v -559.2356567382812 2411.720703125 -104.97290802001953
v -474.66949462890625 2411.720703125 -104.972900390625
v -546.9066162109375 2399.3916015625 -104.97290802001953
v -474.66949462890625 2411.720703125 -104.972900390625
v -561.98681640625 2414.47216796875 -102.2308120727539
v -471.9183349609375 2414.47216796875 -102.23080444335938
v -559.2356567382812 2411.720703125 -104.97290802001953
v -471.9183349609375 2414.47216796875 -102.23080444335938
v -561.98681640625 2414.47216796875 -92.43335723876953
v -471.9183349609375 2414.47216796875 -92.433349609375
v -561.98681640625 2414.47216796875 -102.2308120727539
v -471.9183349609375 2414.47216796875 -92.433349609375
v -559.588623046875 2412.07373046875 -89.97034454345703
v -474.3165283203125 2412.07373046875 -89.9703369140625
v -561.98681640625 2414.47216796875 -92.43335723876953
v -474.3165283203125 2412.07373046875 -89.9703369140625
v -546.8886108398438 2399.3740234375 -89.97034454345703
v -487.0166015625 2399.3740234375 -89.97034454345703
v -559.588623046875 2412.07373046875 -89.97034454345703
v -546.8886108398438 2399.3740234375 -89.97034454345703
v -546.9065551757812 2344.48583984375 -104.97290802001953
v -546.9066162109375 2399.3916015625 -104.97290802001953
v -546.8885498046875 2344.50341796875 -89.97034454345703
v -559.2356567382812 2332.15673828125 -104.972900390625
v -546.9065551757812 2344.48583984375 -104.97290802001953
v -559.2356567382812 2411.720703125 -104.97290802001953
v -561.98681640625 2329.4052734375 -102.23080444335938
v -561.98681640625 2414.47216796875 -102.2308120727539
v -559.2356567382812 2332.15673828125 -104.972900390625
v -561.98681640625 2414.47216796875 -102.2308120727539
v -561.98681640625 2329.4052734375 -92.433349609375
v -561.98681640625 2414.47216796875 -92.43335723876953
v -561.98681640625 2329.4052734375 -102.23080444335938
v -561.98681640625 2414.47216796875 -92.43335723876953
v -559.588623046875 2331.8037109375 -89.9703369140625
v -559.588623046875 2412.07373046875 -89.97034454345703
v -561.98681640625 2329.4052734375 -92.433349609375
v -546.8885498046875 2344.50341796875 -89.97034454345703
v -559.588623046875 2331.8037109375 -89.9703369140625
v -546.8885498046875 2344.50341796875 -89.97034454345703
v -486.9985656738281 2344.48583984375 -104.97290802001953
v -546.9065551757812 2344.48583984375 -104.97290802001953
v -487.0165710449219 2344.50341796875 -89.97034454345703
v -474.66949462890625 2332.15673828125 -104.972900390625
v -486.9985656738281 2344.48583984375 -104.97290802001953
v -559.2356567382812 2332.15673828125 -104.972900390625
v -471.9183349609375 2329.4052734375 -102.23080444335938
v -561.98681640625 2329.4052734375 -102.23080444335938
v -474.66949462890625 2332.15673828125 -104.972900390625
v -561.98681640625 2329.4052734375 -102.23080444335938
v -471.9183349609375 2329.4052734375 -92.433349609375
v -561.98681640625 2329.4052734375 -92.433349609375
v -471.9183349609375 2329.4052734375 -102.23080444335938
v -561.98681640625 2329.4052734375 -92.433349609375
v -474.3165283203125 2331.8037109375 -89.9703369140625
v -559.588623046875 2331.8037109375 -89.9703369140625
v -471.9183349609375 2329.4052734375 -92.433349609375
v -487.0165710449219 2344.50341796875 -89.97034454345703
v -474.3165283203125 2331.8037109375 -89.9703369140625
v -487.0165710449219 2344.50341796875 -89.97034454345703
v -486.99859619140625 2399.3916015625 -104.97290802001953
v -486.9985656738281 2344.48583984375 -104.97290802001953
v -487.0166015625 2399.3740234375 -89.97034454345703
v -474.66949462890625 2332.15673828125 -104.972900390625
v -471.9183349609375 2414.47216796875 -102.23080444335938
v -471.9183349609375 2329.4052734375 -102.23080444335938
v -474.66949462890625 2411.720703125 -104.972900390625
v -471.9183349609375 2329.4052734375 -102.23080444335938
v -471.9183349609375 2414.47216796875 -92.433349609375
v -471.9183349609375 2329.4052734375 -92.433349609375
v -471.9183349609375 2414.47216796875 -102.23080444335938
v -471.9183349609375 2329.4052734375 -92.433349609375
v -474.3165283203125 2412.07373046875 -89.9703369140625
v -474.3165283203125 2331.8037109375 -89.9703369140625
v -471.9183349609375 2414.47216796875 -92.433349609375
v -556.9534912109375 2409.4384765625 -100.00004577636719
v -556.9534912109375 2334.4384765625 -100.00004577636719
v -476.95166015625 2409.4384765625 -100.00003814697266
v -476.95166015625 2334.4384765625 -100.00003814697266
v 71.31207275390625 -320.5478210449219 -494.9998474121094
v 518.8462524414062 -320.54779052734375 -494.9998474121094
v 518.8461303710938 1349.453369140625 -495.0
v 71.31201171875 1349.4532470703125 -495.0
v 76.310791015625 -345.5478210449219 -495.0000305175781
v 76.31072998046875 1409.453857421875 -495.00018310546875
v 76.31072998046875 -345.54779052734375 -95.00004577636719
v 76.3106689453125 1409.4539794921875 -95.00019836425781
v 81.3441162109375 -345.5478210449219 -495.0000305175781
v 81.34405517578125 1409.453857421875 -482.4335021972656
v 81.3441162109375 -345.5478210449219 -482.433349609375
v 81.34405517578125 1409.453857421875 -495.00018310546875
v 81.3441162109375 -345.5478210449219 -482.433349609375
v 79.0107421875 1409.453857421875 -480.1001892089844
v 79.01080322265625 -345.5478210449219 -480.10003662109375
v 81.34405517578125 1409.453857421875 -482.4335021972656
v 79.01080322265625 -345.5478210449219 -480.10003662109375
v 76.31072998046875 1409.453857421875 -480.1001892089844
v 76.310791015625 -345.5478210449219 -480.10003662109375
v 79.0107421875 1409.453857421875 -480.1001892089844
v 81.3441162109375 -345.5478210449219 -495.0000305175781
v 81.3441162109375 -345.5478210449219 -482.433349609375
v 76.310791015625 -345.5478210449219 -480.10003662109375
v 79.01080322265625 -345.5478210449219 -480.10003662109375
v 76.31072998046875 1409.453857421875 -480.1001892089844
v 81.34405517578125 1409.453857421875 -482.4335021972656
v 81.34405517578125 1409.453857421875 -495.00018310546875
v 79.0107421875 1409.453857421875 -480.1001892089844
v 66.245849609375 -345.54779052734375 -89.97032165527344
v 66.26373291015625 1409.4539794921875 -104.97305297851562
v 66.2637939453125 -345.54779052734375 -104.972900390625
v 66.24578857421875 1409.4539794921875 -89.97047424316406
v 66.2637939453125 -345.54779052734375 -104.972900390625
v 78.59283447265625 1409.4539794921875 -104.97305297851562
v 78.5928955078125 -345.54779052734375 -104.972900390625
v 66.26373291015625 1409.4539794921875 -104.97305297851562
v 78.5928955078125 -345.54779052734375 -104.972900390625
v 81.343994140625 1409.4539794921875 -102.23095703125
v 81.34405517578125 -345.54779052734375 -102.23080444335938
v 78.59283447265625 1409.4539794921875 -104.97305297851562
v 81.34405517578125 -345.54779052734375 -102.23080444335938
v 81.343994140625 1409.4539794921875 -92.43347930908203
v 81.34405517578125 -345.54779052734375 -92.4333267211914
v 81.343994140625 1409.4539794921875 -102.23095703125
v 81.34405517578125 -345.54779052734375 -92.4333267211914
v 78.94580078125 1409.4539794921875 -89.97047424316406
v 78.94586181640625 -345.54779052734375 -89.97032165527344
v 81.343994140625 1409.4539794921875 -92.43347930908203
v 78.94586181640625 -345.54779052734375 -89.97032165527344
v 66.24578857421875 1409.4539794921875 -89.97047424316406
v 66.245849609375 -345.54779052734375 -89.97032165527344
v 78.94580078125 1409.4539794921875 -89.97047424316406
v 66.2637939453125 -345.54779052734375 -104.972900390625
v 78.5928955078125 -345.54779052734375 -104.972900390625
v 81.34405517578125 -345.54779052734375 -102.23080444335938
v 81.34405517578125 -345.54779052734375 -92.4333267211914
v 66.245849609375 -345.54779052734375 -89.97032165527344
v 78.94586181640625 -345.54779052734375 -89.97032165527344
v 81.343994140625 1409.4539794921875 -102.23095703125
v 78.59283447265625 1409.4539794921875 -104.97305297851562
v 66.26373291015625 1409.4539794921875 -104.97305297851562
v 81.343994140625 1409.4539794921875 -92.43347930908203
v 66.24578857421875 1409.4539794921875 -89.97047424316406
v 78.94580078125 1409.4539794921875 -89.97047424316406
v -3.6881103515625 444.45458984375 -4.317579441703856e-05
v -3.68804931640625 204.45220947265625 -2.2194129996933043e-05
v -3.68817138671875 444.45465087890625 499.9999694824219
v -3.6881103515625 204.4522705078125 500.0
v -3.68804931640625 204.45220947265625 -2.2194129996933043e-05
v -3.6881103515625 204.4522705078125 499.9999084472656
v 26.3106689453125 204.4522705078125 499.9999084472656
v -8.721435546875 444.45458984375 -4.339581209933385e-05
v -8.72137451171875 199.4188232421875 12.566678047180176
v -8.721435546875 444.45458984375 12.566657066345215
v -8.72137451171875 199.4188232421875 -2.1974105038680136e-05
v -8.721435546875 444.45458984375 12.566657066345215
v -6.38812255859375 201.752197265625 14.899978637695312
v -6.38818359375 444.45458984375 14.899957656860352
v -8.72137451171875 199.4188232421875 12.566678047180176
v -6.38818359375 444.45458984375 14.899957656860352
v -3.68804931640625 204.45220947265625 14.899978637695312
v -3.6881103515625 444.45458984375 14.899957656860352
v -6.38812255859375 201.752197265625 14.899978637695312
v -8.72137451171875 199.4188232421875 -2.1974105038680136e-05
v 26.31072998046875 199.4188232421875 12.566680908203125
v -8.72137451171875 199.4188232421875 12.566678047180176
v 26.31072998046875 199.4188232421875 -2.0442799723241478e-05
v -8.72137451171875 199.4188232421875 12.566678047180176
v 26.31072998046875 201.752197265625 14.899979591369629
v -6.38812255859375 201.752197265625 14.899978637695312
v 26.31072998046875 199.4188232421875 12.566680908203125
v 26.31072998046875 204.45220947265625 14.899980545043945
v 26.31072998046875 201.752197265625 14.899979591369629
v -8.721435546875 444.45458984375 -4.339581209933385e-05
v -8.721435546875 444.45458984375 12.566657066345215
v -3.6881103515625 444.45458984375 14.899957656860352
v -6.38818359375 444.45458984375 14.899957656860352
v 26.31072998046875 204.45220947265625 14.899980545043945
v 26.31072998046875 199.4188232421875 12.566680908203125
v 26.31072998046875 199.4188232421875 -2.0442799723241478e-05
v 26.31072998046875 201.752197265625 14.899979591369629
v 6.376708984375 444.45465087890625 505.0296936035156
v 6.3587646484375 214.4991455078125 490.0271301269531
v 6.35870361328125 444.45465087890625 490.027099609375
v 6.37677001953125 214.51715087890625 505.02972412109375
v 6.35870361328125 444.45465087890625 490.027099609375
v -5.97027587890625 202.1700439453125 490.0271301269531
v -5.9703369140625 444.45465087890625 490.027099609375
v 6.3587646484375 214.4991455078125 490.0271301269531
v -5.9703369140625 444.45465087890625 490.027099609375
v -8.721435546875 199.41888427734375 492.76922607421875
v -8.72149658203125 444.45465087890625 492.7691955566406
v -5.97027587890625 202.1700439453125 490.0271301269531
v -8.72149658203125 444.45465087890625 492.7691955566406
v -8.721435546875 199.41888427734375 502.56671142578125
v -8.72149658203125 444.45465087890625 502.5666809082031
v -8.721435546875 199.41888427734375 492.76922607421875
v -8.72149658203125 444.45465087890625 502.5666809082031
v -6.3232421875 201.817138671875 505.02972412109375
v -6.32330322265625 444.45465087890625 505.0296936035156
v -8.721435546875 199.41888427734375 502.56671142578125
v -6.32330322265625 444.45465087890625 505.0296936035156
v 6.37677001953125 214.51715087890625 505.02972412109375
v 6.376708984375 444.45465087890625 505.0296936035156
v -6.3232421875 201.817138671875 505.02972412109375
v 6.37677001953125 214.51715087890625 505.02972412109375
v 26.3106689453125 214.4991455078125 490.0271301269531
v 6.3587646484375 214.4991455078125 490.0271301269531
v 26.3106689453125 214.51715087890625 505.02972412109375
v 26.3106689453125 202.1700439453125 490.0271301269531
v 26.3106689453125 214.4991455078125 490.0271301269531
v -5.97027587890625 202.1700439453125 490.0271301269531
v 26.3106689453125 199.41888427734375 492.76922607421875
v -8.721435546875 199.41888427734375 492.76922607421875
v 26.3106689453125 202.1700439453125 490.0271301269531
v -8.721435546875 199.41888427734375 492.76922607421875
v 26.3106689453125 199.41888427734375 502.56671142578125
v -8.721435546875 199.41888427734375 502.56671142578125
v 26.3106689453125 199.41888427734375 492.76922607421875
v -8.721435546875 199.41888427734375 502.56671142578125
v 26.3106689453125 201.817138671875 505.02972412109375
v -6.3232421875 201.817138671875 505.02972412109375
v 26.3106689453125 199.41888427734375 502.56671142578125
v 26.3106689453125 214.51715087890625 505.02972412109375
v 26.3106689453125 201.817138671875 505.02972412109375
v 6.35870361328125 444.45465087890625 490.027099609375
v -5.9703369140625 444.45465087890625 490.027099609375
v -8.72149658203125 444.45465087890625 492.7691955566406
v -8.72149658203125 444.45465087890625 502.5666809082031
v 6.376708984375 444.45465087890625 505.0296936035156
v -6.32330322265625 444.45465087890625 505.0296936035156
v 26.3106689453125 199.41888427734375 492.76922607421875
v 26.3106689453125 202.1700439453125 490.0271301269531
v 26.3106689453125 214.4991455078125 490.0271301269531
v 26.3106689453125 199.41888427734375 502.56671142578125
v 26.3106689453125 214.51715087890625 505.02972412109375
v 26.3106689453125 201.817138671875 505.02972412109375
v 78.04718017578125 -320.54779052734375 -99.9999771118164
v 518.8461303710938 1354.4521484375 -100.0000991821289
v 518.8462524414062 -320.5477600097656 -99.99995422363281
v 78.047119140625 1354.4521484375 -100.00011444091797
v -473.66790771484375 -464.4045715332031 500.0
v -473.66485595703125 -1619.406494140625 500.0000915527344
v -473.6678466796875 -974.4050903320312 500.0000305175781
v -3.669921875 430.59979248046875 499.9999694824219
v -473.6710205078125 430.59979248046875 499.9999084472656
v -523.6953735351562 -464.4045715332031 500.0
v -523.6953735351562 -974.4050903320312 500.00006103515625
v -3.6636962890625 -1619.406494140625 500.0001525878906
v -3.68804931640625 -310.5472106933594 2.2828557121101767e-05
v 26.3106689453125 -310.54718017578125 499.99993896484375
v -3.6881103515625 -310.54718017578125 499.99993896484375
v -3.68804931640625 -310.5472106933594 2.2828557121101767e-05
v -3.68798828125 -1865.5460205078125 0.00015877088299021125
v -3.68804931640625 -1865.5458984375 500.00018310546875
v -3.68798828125 -1865.5460205078125 0.00015877088299021125
v 26.310791015625 -1865.5460205078125 0.00016008217062335461
v -3.68804931640625 -1865.5458984375 500.0000915527344
v 26.31072998046875 -1865.5458984375 500.0000915527344
v 26.310791015625 -1865.5460205078125 0.00016008217062335461
v 26.310791015625 -1834.4058837890625 0.00015735981287434697
v 26.31072998046875 -1865.5458984375 500.00018310546875
v 26.31072998046875 -1834.40576171875 500.0001525878906
v 26.31072998046875 -305.513916015625 2.3699823941569775e-05
v -8.72137451171875 -305.513916015625 12.566722869873047
v 26.31072998046875 -305.513916015625 12.56672477722168
v -8.72137451171875 -305.513916015625 2.2168511350173503e-05
v 26.31072998046875 -305.513916015625 12.56672477722168
v -6.38812255859375 -307.84716796875 14.900023460388184
v 26.31072998046875 -307.84716796875 14.9000244140625
v -8.72137451171875 -305.513916015625 12.566722869873047
v 26.31072998046875 -307.84716796875 14.9000244140625
v -3.68804931640625 -310.5472106933594 14.900023460388184
v 26.31072998046875 -310.5472106933594 14.900025367736816
v -6.38812255859375 -307.84716796875 14.900023460388184
v -8.72137451171875 -305.513916015625 2.2168511350173503e-05
v -8.7213134765625 -1870.579345703125 12.56686019897461
v -8.72137451171875 -305.513916015625 12.566722869873047
v -8.7213134765625 -1870.579345703125 0.0001589908788446337
v -8.72137451171875 -305.513916015625 12.566722869873047
v -6.3880615234375 -1868.24609375 14.90015983581543
v -6.38812255859375 -307.84716796875 14.900023460388184
v -8.7213134765625 -1870.579345703125 12.56686019897461
v -3.68798828125 -1865.5460205078125 14.90015983581543
v -6.3880615234375 -1868.24609375 14.90015983581543
v -8.7213134765625 -1870.579345703125 0.0001589908788446337
v 31.3441162109375 -1870.579345703125 12.566862106323242
v -8.7213134765625 -1870.579345703125 12.56686019897461
v 31.3441162109375 -1870.579345703125 0.00016074220184236765
v -8.7213134765625 -1870.579345703125 12.56686019897461
v 29.01080322265625 -1868.24609375 14.900161743164062
v -6.3880615234375 -1868.24609375 14.90015983581543
v 31.3441162109375 -1870.579345703125 12.566862106323242
v 26.310791015625 -1865.5460205078125 14.900160789489746
v 29.01080322265625 -1868.24609375 14.900161743164062
v 31.3441162109375 -1870.579345703125 0.00016074220184236765
v 31.3441162109375 -1834.4058837890625 12.566858291625977
v 31.3441162109375 -1870.579345703125 12.566862106323242
v 31.3441162109375 -1834.4058837890625 0.00015757980872876942
v 31.3441162109375 -1870.579345703125 12.566862106323242
v 29.01080322265625 -1834.4058837890625 14.900157928466797
v 29.01080322265625 -1868.24609375 14.900161743164062
v 31.3441162109375 -1834.4058837890625 12.566858291625977
v 26.310791015625 -1834.4058837890625 14.900157928466797
v 29.01080322265625 -1834.4058837890625 14.900157928466797
v 26.31072998046875 -305.513916015625 2.3699823941569775e-05
v 26.31072998046875 -305.513916015625 12.56672477722168
v 26.31072998046875 -310.5472106933594 14.900025367736816
v 26.31072998046875 -307.84716796875 14.9000244140625
v 26.310791015625 -1834.4058837890625 14.900157928466797
v 31.3441162109375 -1834.4058837890625 12.566858291625977
v 31.3441162109375 -1834.4058837890625 0.00015757980872876942
v 29.01080322265625 -1834.4058837890625 14.900157928466797
v 26.3106689453125 -320.612060546875 505.0297546386719
v 6.3587646484375 -320.5941162109375 490.02716064453125
v 26.3106689453125 -320.5941162109375 490.02716064453125
v 6.37677001953125 -320.612060546875 505.0297546386719
v 26.3106689453125 -320.5941162109375 490.02716064453125
v -5.97027587890625 -308.2650146484375 490.02716064453125
v 26.3106689453125 -308.2650146484375 490.02716064453125
v 6.3587646484375 -320.5941162109375 490.02716064453125
v 26.3106689453125 -308.2650146484375 490.02716064453125
v -8.721435546875 -305.51385498046875 492.7692565917969
v 26.3106689453125 -305.51385498046875 492.7692565917969
v -5.97027587890625 -308.2650146484375 490.02716064453125
v 26.3106689453125 -305.51385498046875 492.7692565917969
v -8.721435546875 -305.51385498046875 502.5667419433594
v 26.3106689453125 -305.51385498046875 502.5667419433594
v -8.721435546875 -305.51385498046875 492.7692565917969
v 26.3106689453125 -305.51385498046875 502.5667419433594
v -6.3232421875 -307.9119873046875 505.0297546386719
v 26.3106689453125 -307.9119873046875 505.0297546386719
v -8.721435546875 -305.51385498046875 502.5667419433594
v 26.3106689453125 -307.9119873046875 505.0297546386719
v 6.37677001953125 -320.612060546875 505.0297546386719
v 26.3106689453125 -320.612060546875 505.0297546386719
v -6.3232421875 -307.9119873046875 505.0297546386719
v 6.37677001953125 -320.612060546875 505.0297546386719
v 6.35882568359375 -1855.4990234375 490.0273132324219
v 6.3587646484375 -320.5941162109375 490.02716064453125
v 6.3768310546875 -1855.48095703125 505.0299072265625
v -5.97021484375 -1867.8280029296875 490.0273132324219
v 6.35882568359375 -1855.4990234375 490.0273132324219
v -5.97027587890625 -308.2650146484375 490.02716064453125
v -8.72137451171875 -1870.5792236328125 492.7694091796875
v -8.721435546875 -305.51385498046875 492.7692565917969
v -5.97021484375 -1867.8280029296875 490.0273132324219
v -8.721435546875 -305.51385498046875 492.7692565917969
v -8.72137451171875 -1870.5792236328125 502.56689453125
v -8.721435546875 -305.51385498046875 502.5667419433594
v -8.72137451171875 -1870.5792236328125 492.7694091796875
v -8.721435546875 -305.51385498046875 502.5667419433594
v -6.32318115234375 -1868.18115234375 505.0299072265625
v -6.3232421875 -307.9119873046875 505.0297546386719
v -8.72137451171875 -1870.5792236328125 502.56689453125
v 6.3768310546875 -1855.48095703125 505.0299072265625
v -6.32318115234375 -1868.18115234375 505.0299072265625
v 6.3768310546875 -1855.48095703125 505.0299072265625
v 16.2637939453125 -1855.4990234375 490.0273132324219
v 6.35882568359375 -1855.4990234375 490.0273132324219
v 16.245849609375 -1855.48095703125 505.0299072265625
v 28.5928955078125 -1867.8280029296875 490.0273132324219
v 16.2637939453125 -1855.4990234375 490.0273132324219
v -5.97021484375 -1867.8280029296875 490.0273132324219
v 31.34405517578125 -1870.5792236328125 492.7694091796875
v -8.72137451171875 -1870.5792236328125 492.7694091796875
v 28.5928955078125 -1867.8280029296875 490.0273132324219
v -8.72137451171875 -1870.5792236328125 492.7694091796875
v 31.34405517578125 -1870.5792236328125 502.56689453125
v -8.72137451171875 -1870.5792236328125 502.56689453125
v 31.34405517578125 -1870.5792236328125 492.7694091796875
v -8.72137451171875 -1870.5792236328125 502.56689453125
v 28.94586181640625 -1868.18115234375 505.0299072265625
v -6.32318115234375 -1868.18115234375 505.0299072265625
v 31.34405517578125 -1870.5792236328125 502.56689453125
v 16.245849609375 -1855.48095703125 505.0299072265625
v 28.94586181640625 -1868.18115234375 505.0299072265625
v 16.245849609375 -1855.48095703125 505.0299072265625
v 16.2637939453125 -1834.40576171875 490.02728271484375
v 16.2637939453125 -1855.4990234375 490.0273132324219
v 16.245849609375 -1834.40576171875 505.0298767089844
v 28.5928955078125 -1834.40576171875 490.02728271484375
v 16.2637939453125 -1834.40576171875 490.02728271484375
v 28.5928955078125 -1867.8280029296875 490.0273132324219
v 31.34405517578125 -1834.40576171875 492.7693786621094
v 31.34405517578125 -1870.5792236328125 492.7694091796875
v 28.5928955078125 -1834.40576171875 490.02728271484375
v 31.34405517578125 -1870.5792236328125 492.7694091796875
v 31.34405517578125 -1834.40576171875 502.5668640136719
v 31.34405517578125 -1870.5792236328125 502.56689453125
v 31.34405517578125 -1834.40576171875 492.7693786621094
v 31.34405517578125 -1870.5792236328125 502.56689453125
v 28.94586181640625 -1834.40576171875 505.0298767089844
v 28.94586181640625 -1868.18115234375 505.0299072265625
v 31.34405517578125 -1834.40576171875 502.5668640136719
v 16.245849609375 -1834.40576171875 505.0298767089844
v 28.94586181640625 -1834.40576171875 505.0298767089844
v 26.3106689453125 -320.5941162109375 490.02716064453125
v 26.3106689453125 -308.2650146484375 490.02716064453125
v 26.3106689453125 -305.51385498046875 492.7692565917969
v 26.3106689453125 -305.51385498046875 502.5667419433594
v 26.3106689453125 -320.612060546875 505.0297546386719
v 26.3106689453125 -307.9119873046875 505.0297546386719
v 31.34405517578125 -1834.40576171875 492.7693786621094
v 28.5928955078125 -1834.40576171875 490.02728271484375
v 16.2637939453125 -1834.40576171875 490.02728271484375
v 31.34405517578125 -1834.40576171875 502.5668640136719
v 16.245849609375 -1834.40576171875 505.0298767089844
v 28.94586181640625 -1834.40576171875 505.0298767089844
v -103.31442260742188 -1655.5501708984375 0.00033605765202082694
v -85.80950927734375 -1655.5501708984375 0.00033682279172353446
v -103.314453125 -1655.5501708984375 310.00030517578125
v -85.80950927734375 -1655.5501708984375 310.0003356933594
v -85.80950927734375 -1655.5501708984375 0.00033682279172353446
v -85.80950927734375 -1636.342529296875 0.00033514361712150276
v -85.80950927734375 -1655.5501708984375 310.0003356933594
v -85.80950927734375 -1636.342529296875 310.0003356933594
v -85.80950927734375 -1620.546630859375 0.0003337626694701612
v -85.80950927734375 -1620.546630859375 310.0003356933594
v -85.80950927734375 -1620.546630859375 0.0003337626694701612
v -103.31442260742188 -1620.546630859375 0.00033299752976745367
v -85.80950927734375 -1620.546630859375 310.0003356933594
v -103.314453125 -1620.546630859375 310.00030517578125
v -103.31442260742188 -1620.546630859375 0.00033299752976745367
v -103.31442260742188 -1640.5294189453125 0.00033474451629444957
v -103.314453125 -1620.546630859375 310.00030517578125
v -103.314453125 -1640.5294189453125 310.00030517578125
v -103.31442260742188 -1655.5501708984375 0.00033605765202082694
v -103.314453125 -1655.5501708984375 310.00030517578125
v -103.314453125 -1655.5501708984375 310.00030517578125
v -85.80950927734375 -1655.5501708984375 310.0003356933594
v -85.80950927734375 -1636.342529296875 310.0003356933594
v -85.80950927734375 -1620.546630859375 310.0003356933594
v -103.314453125 -1640.5294189453125 310.00030517578125
v -103.314453125 -1620.546630859375 310.00030517578125
v -418.31060791015625 -1655.55029296875 0.0003222887171432376
v -398.31549072265625 -1655.55029296875 0.0003231627633795142
v -418.31060791015625 -1655.55029296875 310.00030517578125
v -398.3155212402344 -1655.55029296875 310.00030517578125
v -398.31549072265625 -1655.55029296875 0.0003231627633795142
v -398.31549072265625 -1637.4716796875 0.00032158225076273084
v -398.3155212402344 -1655.55029296875 310.000244140625
v -398.3155212402344 -1637.4716796875 310.000244140625
v -398.31549072265625 -1620.546630859375 0.0003201026120223105
v -398.3155212402344 -1637.4716796875 310.00030517578125
v -398.3155212402344 -1620.546630859375 310.00030517578125
v -398.31549072265625 -1620.546630859375 0.0003201026120223105
v -418.31060791015625 -1620.546630859375 0.0003192286239936948
v -398.3155212402344 -1620.546630859375 310.00030517578125
v -418.31060791015625 -1620.546630859375 310.00030517578125
v -418.31060791015625 -1620.546630859375 0.0003192286239936948
v -418.31060791015625 -1642.18359375 0.0003211201692465693
v -418.31060791015625 -1620.546630859375 310.00030517578125
v -418.31060791015625 -1642.18359375 310.00030517578125
v -418.31060791015625 -1655.55029296875 0.0003222887171432376
v -418.31060791015625 -1642.18359375 310.000244140625
v -418.31060791015625 -1655.55029296875 310.000244140625
v -418.31060791015625 -1655.55029296875 310.00030517578125
v -398.3155212402344 -1655.55029296875 310.00030517578125
v -398.3155212402344 -1637.4716796875 310.00030517578125
v -398.3155212402344 -1620.546630859375 310.00030517578125
v -418.31060791015625 -1642.18359375 310.00030517578125
v -418.31060791015625 -1620.546630859375 310.00030517578125
v -98.31689453125 -1628.049072265625 310.0005187988281
v -405.81201171875 -1628.049072265625 310.0005187988281
v -98.31695556640625 -1628.0489501953125 495.0005187988281
v -405.81201171875 -1628.0489501953125 495.0005187988281
v -405.81201171875 -1688.052734375 310.0005187988281
v -98.31689453125 -1688.052734375 310.0005187988281
v -405.81201171875 -1688.0526123046875 495.0005187988281
v -98.31695556640625 -1688.0526123046875 495.0005187988281
v -98.31689453125 -1688.052734375 310.0005187988281
v -405.81201171875 -1688.052734375 310.0005187988281
v -98.31689453125 -1628.049072265625 310.0005187988281
v -405.81201171875 -1628.049072265625 310.0005187988281
v -98.31689453125 -1633.1138916015625 320.03021240234375
v -405.81201171875 -1633.095947265625 305.02764892578125
v -98.31689453125 -1633.095947265625 305.02764892578125
v -405.81201171875 -1633.1138916015625 320.03021240234375
v -98.31689453125 -1633.095947265625 305.02764892578125
v -405.81201171875 -1620.7669677734375 305.02764892578125
v -98.31689453125 -1620.7669677734375 305.02764892578125
v -405.81201171875 -1633.095947265625 305.02764892578125
v -98.31689453125 -1620.7669677734375 305.02764892578125
v -405.81201171875 -1618.015625 307.7697448730469
v -98.31689453125 -1618.015625 307.7697448730469
v -405.81201171875 -1620.7669677734375 305.02764892578125
v -98.31689453125 -1618.015625 307.7697448730469
v -405.81201171875 -1618.015625 317.5672302246094
v -98.31689453125 -1618.015625 317.5672302246094
v -405.81201171875 -1618.015625 307.7697448730469
v -98.31689453125 -1618.015625 317.5672302246094
v -405.81201171875 -1620.413818359375 320.03021240234375
v -98.31689453125 -1620.413818359375 320.03021240234375
v -405.81201171875 -1618.015625 317.5672302246094
v -98.31689453125 -1620.413818359375 320.03021240234375
v -405.81201171875 -1633.1138916015625 320.03021240234375
v -98.31689453125 -1633.1138916015625 320.03021240234375
v -405.81201171875 -1620.413818359375 320.03021240234375
v -405.81201171875 -1682.9879150390625 320.03021240234375
v -98.31689453125 -1683.0057373046875 305.02764892578125
v -405.81201171875 -1683.0057373046875 305.02764892578125
v -98.31689453125 -1682.9879150390625 320.03021240234375
v -405.81201171875 -1683.0057373046875 305.02764892578125
v -98.31689453125 -1695.3348388671875 305.02764892578125
v -405.81201171875 -1695.3348388671875 305.02764892578125
v -98.31689453125 -1683.0057373046875 305.02764892578125
v -405.81201171875 -1695.3348388671875 305.02764892578125
v -98.31689453125 -1698.0860595703125 307.7697448730469
v -405.81201171875 -1698.0860595703125 307.7697448730469
v -98.31689453125 -1695.3348388671875 305.02764892578125
v -405.81201171875 -1698.0860595703125 307.7697448730469
v -98.31689453125 -1698.0860595703125 317.5672302246094
v -405.81201171875 -1698.0860595703125 317.5672302246094
v -98.31689453125 -1698.0860595703125 307.7697448730469
v -405.81201171875 -1698.0860595703125 317.5672302246094
v -98.31689453125 -1695.6878662109375 320.03021240234375
v -405.81201171875 -1695.6878662109375 320.03021240234375
v -98.31689453125 -1698.0860595703125 317.5672302246094
v -405.81201171875 -1695.6878662109375 320.03021240234375
v -98.31689453125 -1682.9879150390625 320.03021240234375
v -405.81201171875 -1682.9879150390625 320.03021240234375
v -98.31689453125 -1695.6878662109375 320.03021240234375
v -98.31689453125 -1633.095947265625 305.02764892578125
v -98.31689453125 -1620.7669677734375 305.02764892578125
v -98.31689453125 -1618.015625 307.7697448730469
v -98.31689453125 -1618.015625 317.5672302246094
v -98.31689453125 -1633.1138916015625 320.03021240234375
v -98.31689453125 -1620.413818359375 320.03021240234375
v -405.81201171875 -1618.015625 307.7697448730469
v -405.81201171875 -1620.7669677734375 305.02764892578125
v -405.81201171875 -1633.095947265625 305.02764892578125
v -405.81201171875 -1618.015625 317.5672302246094
v -405.81201171875 -1633.1138916015625 320.03021240234375
v -405.81201171875 -1620.413818359375 320.03021240234375
v -405.81201171875 -1683.0057373046875 305.02764892578125
v -405.81201171875 -1695.3348388671875 305.02764892578125
v -405.81201171875 -1698.0860595703125 307.7697448730469
v -405.81201171875 -1698.0860595703125 317.5672302246094
v -405.81201171875 -1682.9879150390625 320.03021240234375
v -405.81201171875 -1695.6878662109375 320.03021240234375
v -98.31689453125 -1698.0860595703125 307.7697448730469
v -98.31689453125 -1695.3348388671875 305.02764892578125
v -98.31689453125 -1683.0057373046875 305.02764892578125
v -98.31689453125 -1698.0860595703125 317.5672302246094
v -98.31689453125 -1682.9879150390625 320.03021240234375
v -98.31689453125 -1695.6878662109375 320.03021240234375
v -98.31689453125 -1623.05029296875 312.49993896484375
v -100.81927490234375 -1623.05029296875 312.49993896484375
v -98.31695556640625 -1623.0501708984375 492.49993896484375
v -100.8193359375 -1623.0501708984375 492.49993896484375
v -100.81927490234375 -1623.05029296875 312.49993896484375
v -103.31570434570312 -1625.546630859375 312.49993896484375
v -100.8193359375 -1623.0501708984375 492.49993896484375
v -103.315673828125 -1625.5465087890625 492.49993896484375
v -103.31570434570312 -1625.546630859375 312.49993896484375
v -103.31570434570312 -1628.049072265625 312.49993896484375
v -103.315673828125 -1625.5465087890625 492.49993896484375
v -103.315673828125 -1628.0489501953125 492.49993896484375
v -98.31695556640625 -1628.0489501953125 492.49993896484375
v -98.31695556640625 -1623.0501708984375 492.49993896484375
v -100.8193359375 -1623.0501708984375 492.49993896484375
v -103.315673828125 -1628.0489501953125 492.49993896484375
v -103.315673828125 -1625.5465087890625 492.49993896484375
v -400.813232421875 -1628.049072265625 312.49993896484375
v -400.813232421875 -1625.546630859375 312.49993896484375
v -400.813232421875 -1628.0489501953125 492.49993896484375
v -400.813232421875 -1625.5465087890625 492.49993896484375
v -400.813232421875 -1625.546630859375 312.49993896484375
v -403.31561279296875 -1623.05029296875 312.49993896484375
v -400.8132629394531 -1625.5465087890625 492.49993896484375
v -403.31561279296875 -1623.0501708984375 492.49993896484375
v -403.31561279296875 -1623.05029296875 312.49993896484375
v -405.81201171875 -1623.05029296875 312.49993896484375
v -403.31561279296875 -1623.0501708984375 492.49993896484375
v -405.8120422363281 -1623.0501708984375 492.49993896484375
v -400.813232421875 -1628.0489501953125 492.49993896484375
v -400.813232421875 -1625.5465087890625 492.49993896484375
v -403.31561279296875 -1623.0501708984375 492.49993896484375
v -405.8120422363281 -1628.0489501953125 492.49993896484375
v -405.8120422363281 -1623.0501708984375 492.49993896484375
v -1.1873779296875 -1610.7872314453125 0.0003366084420122206
v -92.88836669921875 -1610.785888671875 0.0003325999714434147
v -1.18743896484375 -1610.787109375 495.0003356933594
v -92.888427734375 -1610.7857666015625 495.00030517578125
v -92.88836669921875 -1610.785888671875 0.0003325999714434147
v -98.30230712890625 -1615.78466796875 0.0003328002931084484
v -92.888427734375 -1610.7857666015625 495.00030517578125
v -98.3023681640625 -1615.7845458984375 495.00030517578125
v -98.30230712890625 -1615.78466796875 0.0003328002931084484
v -98.30157470703125 -1649.12451171875 0.0003357150126248598
v -98.3023681640625 -1615.7845458984375 495.00018310546875
v -98.3016357421875 -1649.1243896484375 495.00018310546875
v -98.30230712890625 -1695.78955078125 0.0003397945547476411
v -98.3016357421875 -1649.1243896484375 495.00030517578125
v -98.3023681640625 -1695.7894287109375 495.00030517578125
v -98.30230712890625 -1695.78955078125 0.0003397945547476411
v -1.1873779296875 -1695.7908935546875 0.0003440396976657212
v -98.3023681640625 -1695.7894287109375 495.00030517578125
v -1.18743896484375 -1695.790771484375 495.0003356933594
v -1.18731689453125 -1605.7540283203125 0.00033616842119954526
v -94.856689453125 -1605.7525634765625 12.567032814025879
v -1.18731689453125 -1605.7540283203125 12.567036628723145
v -94.856689453125 -1605.7525634765625 0.00033207389060407877
v -1.18731689453125 -1605.7540283203125 12.567036628723145
v -93.9442138671875 -1608.0859375 14.900333404541016
v -1.1873779296875 -1608.0872802734375 14.900336265563965
v -94.856689453125 -1605.7525634765625 12.567032814025879
v -1.1873779296875 -1608.0872802734375 14.900336265563965
v -92.88836669921875 -1610.785888671875 14.9003324508667
v -1.1873779296875 -1610.7872314453125 14.900336265563965
v -93.9442138671875 -1608.0859375 14.900333404541016
v -94.856689453125 -1605.7525634765625 0.00033207389060407877
v -103.33566284179688 -1613.5814208984375 12.567032814025879
v -94.856689453125 -1605.7525634765625 12.567032814025879
v -103.33566284179688 -1613.5814208984375 0.00033238768810406327
v -94.856689453125 -1605.7525634765625 12.567032814025879
v -101.0023193359375 -1614.602783203125 14.9003324508667
v -93.9442138671875 -1608.0859375 14.900333404541016
v -103.33566284179688 -1613.5814208984375 12.567032814025879
v -98.30230712890625 -1615.78466796875 14.9003324508667
v -101.0023193359375 -1614.602783203125 14.9003324508667
v -103.33566284179688 -1613.5814208984375 0.00033238768810406327
v -103.33489990234375 -1649.12451171875 12.567036628723145
v -103.33566284179688 -1613.5814208984375 12.567032814025879
v -103.33489990234375 -1649.12451171875 0.0003354949876666069
v -103.33566284179688 -1613.5814208984375 12.567032814025879
v -101.0015869140625 -1649.12451171875 14.900336265563965
v -101.0023193359375 -1614.602783203125 14.9003324508667
v -103.33489990234375 -1649.12451171875 12.567036628723145
v -98.30157470703125 -1649.12451171875 14.900335311889648
v -101.0015869140625 -1649.12451171875 14.900336265563965
v -103.335693359375 -1700.8228759765625 12.56704044342041
v -103.335693359375 -1700.8228759765625 0.000340014579705894
v -101.0023193359375 -1698.489501953125 14.900339126586914
v -103.335693359375 -1700.8228759765625 12.56704044342041
v -98.30230712890625 -1695.78955078125 14.90034008026123
v -101.0023193359375 -1698.489501953125 14.900339126586914
v -103.335693359375 -1700.8228759765625 0.000340014579705894
v -1.18743896484375 -1700.82421875 12.567044258117676
v -103.335693359375 -1700.8228759765625 12.56704044342041
v -1.18743896484375 -1700.82421875 0.000344479747582227
v -103.335693359375 -1700.8228759765625 12.56704044342041
v -1.1873779296875 -1698.4908447265625 14.900343894958496
v -101.0023193359375 -1698.489501953125 14.900339126586914
v -1.18743896484375 -1700.82421875 12.567044258117676
v -1.1873779296875 -1695.7908935546875 14.900343894958496
v -1.1873779296875 -1698.4908447265625 14.900343894958496
v -1.18731689453125 -1605.7540283203125 0.00033616842119954526
v -1.18731689453125 -1605.7540283203125 12.567036628723145
v -1.1873779296875 -1610.7872314453125 14.900336265563965
v -1.1873779296875 -1608.0872802734375 14.900336265563965
v -1.1873779296875 -1695.7908935546875 14.900343894958496
v -1.18743896484375 -1700.82421875 12.567044258117676
v -1.18743896484375 -1700.82421875 0.000344479747582227
v -1.1873779296875 -1698.4908447265625 14.900343894958496
v -405.8341064453125 -1695.78955078125 0.00032635193201713264
v -405.8334045410156 -1651.327880859375 0.000322464999044314
v -405.8341064453125 -1695.7894287109375 495.00030517578125
v -405.83343505859375 -1651.3277587890625 495.00030517578125
v -405.833984375 -1615.78466796875 0.00031935767037793994
v -405.83404541015625 -1615.7845458984375 495.00030517578125
v -405.833984375 -1615.78466796875 0.00031935767037793994
v -410.8022766113281 -1610.785888671875 0.0003187034744769335
v -405.83404541015625 -1615.7845458984375 495.00018310546875
v -410.80230712890625 -1610.7857666015625 495.00018310546875
v -410.80230712890625 -1610.785888671875 0.0003187034744769335
v -501.19049072265625 -1610.7811279296875 0.0003147520765196532
v -410.8023376464844 -1610.7857666015625 495.00030517578125
v -501.1905212402344 -1610.781005859375 495.0002746582031
v -499.9393005371094 -1695.784912109375 0.0003222380473744124
v -405.8341064453125 -1695.78955078125 0.00032635193201713264
v -499.9393310546875 -1695.7847900390625 495.00030517578125
v -405.8341064453125 -1695.7894287109375 495.00030517578125
v -400.80084228515625 -1700.8232421875 0.00032701200689189136
v -400.8000793457031 -1651.327880859375 12.567024230957031
v -400.80084228515625 -1700.8232421875 12.56702709197998
v -400.8000793457031 -1651.327880859375 0.0003226849948987365
v -400.80084228515625 -1700.8232421875 12.56702709197998
v -403.1334228515625 -1651.327880859375 14.900322914123535
v -403.1341552734375 -1698.48974609375 14.900325775146484
v -400.8000793457031 -1651.327880859375 12.567024230957031
v -403.1341552734375 -1698.48974609375 14.900325775146484
v -405.8334045410156 -1651.327880859375 14.900322914123535
v -405.8341064453125 -1695.78955078125 14.9003267288208
v -403.1334228515625 -1651.327880859375 14.900322914123535
v -400.8006896972656 -1613.7088623046875 12.56701946258545
v -400.8006896972656 -1613.7088623046875 0.00031939620384946465
v -403.134033203125 -1614.671142578125 14.90031909942627
v -400.8006896972656 -1613.7088623046875 12.56701946258545
v -405.833984375 -1615.78466796875 14.90031909942627
v -403.134033203125 -1614.671142578125 14.90031909942627
v -400.8006896972656 -1613.7088623046875 0.00031939620384946465
v -408.70831298828125 -1605.752685546875 12.56701946258545
v -400.8006896972656 -1613.7088623046875 12.56701946258545
v -408.70831298828125 -1605.752685546875 0.00031835498521104455
v -400.8006896972656 -1613.7088623046875 12.56701946258545
v -409.67901611328125 -1608.0860595703125 14.90031909942627
v -403.134033203125 -1614.671142578125 14.90031909942627
v -408.70831298828125 -1605.752685546875 12.56701946258545
v -410.80230712890625 -1610.785888671875 14.900318145751953
v -409.67901611328125 -1608.0860595703125 14.90031909942627
v -408.70831298828125 -1605.752685546875 0.00031835498521104455
v -501.19024658203125 -1605.7479248046875 12.567014694213867
v -408.70831298828125 -1605.752685546875 12.56701946258545
v -501.19024658203125 -1605.7479248046875 0.00031431211391463876
v -408.70831298828125 -1605.752685546875 12.56701946258545
v -501.19036865234375 -1608.0811767578125 14.900314331054688
v -409.67901611328125 -1608.0860595703125 14.90031909942627
v -501.19024658203125 -1605.7479248046875 12.567014694213867
v -501.19049072265625 -1610.7811279296875 14.900314331054688
v -501.19036865234375 -1608.0811767578125 14.900314331054688
v -499.9395446777344 -1700.8182373046875 0.0003226780681870878
v -400.80084228515625 -1700.8232421875 12.56702709197998
v -499.9395446777344 -1700.8182373046875 12.567022323608398
v -400.80084228515625 -1700.8232421875 0.00032701200689189136
v -499.9395446777344 -1700.8182373046875 12.567022323608398
v -403.1341552734375 -1698.48974609375 14.900325775146484
v -499.9394226074219 -1698.48486328125 14.900321960449219
v -400.80084228515625 -1700.8232421875 12.56702709197998
v -499.9394226074219 -1698.48486328125 14.900321960449219
v -499.9393005371094 -1695.784912109375 14.900321960449219
v -501.19049072265625 -1610.7811279296875 14.900314331054688
v -501.19024658203125 -1605.7479248046875 12.567014694213867
v -501.19024658203125 -1605.7479248046875 0.00031431211391463876
v -501.19036865234375 -1608.0811767578125 14.900314331054688
v -499.9395446777344 -1700.8182373046875 0.0003226780681870878
v -499.9395446777344 -1700.8182373046875 12.567022323608398
v -499.9393005371094 -1695.784912109375 14.900321960449219
v -499.9394226074219 -1698.48486328125 14.900321960449219
v -3.68994140625 -1605.788330078125 495.0004577636719
v -3.68994140625 -1695.7847900390625 495.0004577636719
v -503.68658447265625 -1605.7884521484375 495.0003967285156
v -494.9386291503906 -1695.7857666015625 495.00042724609375
v -3.68994140625 -1615.853271484375 505.0301513671875
v -503.68658447265625 -1615.8353271484375 490.02752685546875
v -3.68994140625 -1615.835205078125 490.027587890625
v -503.68658447265625 -1615.8533935546875 505.03009033203125
v -3.68994140625 -1615.835205078125 490.027587890625
v -503.68658447265625 -1603.50634765625 490.02752685546875
v -3.68994140625 -1603.5062255859375 490.0275573730469
v -503.68658447265625 -1615.8353271484375 490.02752685546875
v -3.68994140625 -1603.5062255859375 490.0275573730469
v -503.68658447265625 -1600.755126953125 492.7696228027344
v -3.68994140625 -1600.755126953125 492.7696533203125
v -503.68658447265625 -1603.50634765625 490.02752685546875
v -3.68994140625 -1600.755126953125 492.7696533203125
v -503.68658447265625 -1600.755126953125 502.5671081542969
v -3.68994140625 -1600.755126953125 502.567138671875
v -503.68658447265625 -1600.755126953125 492.7696228027344
v -3.68994140625 -1600.755126953125 502.567138671875
v -503.68658447265625 -1603.1533203125 505.03009033203125
v -3.68994140625 -1603.1531982421875 505.0301208496094
v -503.68658447265625 -1600.755126953125 502.5671081542969
v -3.68994140625 -1603.1531982421875 505.0301208496094
v -503.68658447265625 -1615.8533935546875 505.03009033203125
v -3.68994140625 -1615.853271484375 505.0301513671875
v -503.68658447265625 -1603.1533203125 505.03009033203125
v -494.9386291503906 -1685.7208251953125 505.0301208496094
v -3.68994140625 -1685.73779296875 490.027587890625
v -494.9386291503906 -1685.7388916015625 490.0275573730469
v -3.68994140625 -1685.7198486328125 505.0301513671875
v -494.9386291503906 -1685.7388916015625 490.0275573730469
v -3.68994140625 -1698.06689453125 490.027587890625
v -494.9386291503906 -1698.06787109375 490.0275573730469
v -3.68994140625 -1685.73779296875 490.027587890625
v -494.9386291503906 -1698.06787109375 490.0275573730469
v -3.68988037109375 -1700.818115234375 492.7696838378906
v -494.9386291503906 -1700.819091796875 492.7696533203125
v -3.68994140625 -1698.06689453125 490.027587890625
v -494.9386291503906 -1700.819091796875 492.7696533203125
v -3.68988037109375 -1700.818115234375 502.5671691894531
v -494.9386291503906 -1700.819091796875 502.567138671875
v -3.68988037109375 -1700.818115234375 492.7696838378906
v -494.9386291503906 -1700.819091796875 502.567138671875
v -3.68994140625 -1698.419921875 505.0301513671875
v -494.9386291503906 -1698.4208984375 505.0301208496094
v -3.68988037109375 -1700.818115234375 502.5671691894531
v -494.9386291503906 -1698.4208984375 505.0301208496094
v -3.68994140625 -1685.7198486328125 505.0301513671875
v -494.9386291503906 -1685.7208251953125 505.0301208496094
v -3.68994140625 -1698.419921875 505.0301513671875
v -3.68994140625 -1615.835205078125 490.027587890625
v -3.68994140625 -1603.5062255859375 490.0275573730469
v -3.68994140625 -1600.755126953125 492.7696533203125
v -3.68994140625 -1600.755126953125 502.567138671875
v -3.68994140625 -1615.853271484375 505.0301513671875
v -3.68994140625 -1603.1531982421875 505.0301208496094
v -503.68658447265625 -1600.755126953125 492.7696228027344
v -503.68658447265625 -1603.50634765625 490.02752685546875
v -503.68658447265625 -1615.8353271484375 490.02752685546875
v -503.68658447265625 -1600.755126953125 502.5671081542969
v -503.68658447265625 -1615.8533935546875 505.03009033203125
v -503.68658447265625 -1603.1533203125 505.03009033203125
v -494.9386291503906 -1685.7388916015625 490.0275573730469
v -494.9386291503906 -1698.06787109375 490.0275573730469
v -494.9386291503906 -1700.819091796875 492.7696533203125
v -494.9386291503906 -1700.819091796875 502.567138671875
v -494.9386291503906 -1685.7208251953125 505.0301208496094
v -494.9386291503906 -1698.4208984375 505.0301208496094
v -3.68988037109375 -1700.818115234375 492.7696838378906
v -3.68994140625 -1698.06689453125 490.027587890625
v -3.68994140625 -1685.73779296875 490.027587890625
v -3.68988037109375 -1700.818115234375 502.5671691894531
v -3.68994140625 -1685.7198486328125 505.0301513671875
v -3.68994140625 -1698.419921875 505.0301513671875
v 6.37884521484375 -1667.3114013671875 505.0298156738281
v 6.3619384765625 -2399.42041015625 490.0273132324219
v 6.36083984375 -1667.3114013671875 490.0272521972656
v 6.37994384765625 -2399.42041015625 505.0298767089844
v 6.36083984375 -1667.3114013671875 490.0272521972656
v -5.9671630859375 -2399.42041015625 490.0273132324219
v -5.96826171875 -1667.3114013671875 490.0272521972656
v 6.3619384765625 -2399.42041015625 490.0273132324219
v -5.96826171875 -1667.3114013671875 490.0272521972656
v -8.71832275390625 -2399.42041015625 492.7694091796875
v -8.71942138671875 -1667.3114013671875 492.76934814453125
v -5.9671630859375 -2399.42041015625 490.0273132324219
v -8.71942138671875 -1667.3114013671875 492.76934814453125
v -8.71832275390625 -2399.42041015625 502.56689453125
v -8.71942138671875 -1667.3114013671875 502.56683349609375
v -8.71832275390625 -2399.42041015625 492.7694091796875
v -8.71942138671875 -1667.3114013671875 502.56683349609375
v -6.320068359375 -2399.42041015625 505.0298767089844
v -6.3211669921875 -1667.3114013671875 505.0298156738281
v -8.71832275390625 -2399.42041015625 502.56689453125
v -6.3211669921875 -1667.3114013671875 505.0298156738281
v 6.37994384765625 -2399.42041015625 505.0298767089844
v 6.37884521484375 -1667.3114013671875 505.0298156738281
v -6.320068359375 -2399.42041015625 505.0298767089844
v 6.36083984375 -1667.3114013671875 490.0272521972656
v -5.96826171875 -1667.3114013671875 490.0272521972656
v -8.71942138671875 -1667.3114013671875 492.76934814453125
v -8.71942138671875 -1667.3114013671875 502.56683349609375
v 6.37884521484375 -1667.3114013671875 505.0298156738281
v -6.3211669921875 -1667.3114013671875 505.0298156738281
v -8.71832275390625 -2399.42041015625 492.7694091796875
v -5.9671630859375 -2399.42041015625 490.0273132324219
v 6.3619384765625 -2399.42041015625 490.0273132324219
v -8.71832275390625 -2399.42041015625 502.56689453125
v 6.37994384765625 -2399.42041015625 505.0298767089844
v -6.320068359375 -2399.42041015625 505.0298767089844
v 26.3089599609375 -1835.5491943359375 0.00015745966811664402
v 286.30950927734375 -1835.5400390625 0.0001688238698989153
v 26.30889892578125 -1835.5491943359375 400.0001525878906
v 286.3094482421875 -1835.5400390625 400.00018310546875
v 26.3084716796875 -1825.484375 400.02984619140625
v 286.30902099609375 -1825.4932861328125 385.0273132324219
v 26.3084716796875 -1825.5023193359375 385.02728271484375
v 286.30902099609375 -1825.4752197265625 400.0298767089844
v 26.3084716796875 -1825.5023193359375 385.02728271484375
v 286.30950927734375 -1837.822265625 385.0273132324219
v 26.30889892578125 -1837.8314208984375 385.02728271484375
v 286.30902099609375 -1825.4932861328125 385.0273132324219
v 26.30889892578125 -1837.8314208984375 385.02728271484375
v 286.30963134765625 -1840.5733642578125 387.7694091796875
v 26.30902099609375 -1840.5826416015625 387.7693786621094
v 286.30950927734375 -1837.822265625 385.0273132324219
v 26.30902099609375 -1840.5826416015625 387.7693786621094
v 286.30963134765625 -1840.5733642578125 397.56689453125
v 26.30902099609375 -1840.5826416015625 397.5668640136719
v 286.30963134765625 -1840.5733642578125 387.7694091796875
v 26.30902099609375 -1840.5826416015625 397.5668640136719
v 286.30950927734375 -1838.1751708984375 400.0298767089844
v 26.3089599609375 -1838.1844482421875 400.02984619140625
v 286.30963134765625 -1840.5733642578125 397.56689453125
v 26.3089599609375 -1838.1844482421875 400.02984619140625
v 286.30902099609375 -1825.4752197265625 400.0298767089844
v 26.3084716796875 -1825.484375 400.02984619140625
v 286.30950927734375 -1838.1751708984375 400.0298767089844
v 26.3084716796875 -1825.5023193359375 385.02728271484375
v 26.30889892578125 -1837.8314208984375 385.02728271484375
v 26.30902099609375 -1840.5826416015625 387.7693786621094
v 26.30902099609375 -1840.5826416015625 397.5668640136719
v 26.3084716796875 -1825.484375 400.02984619140625
v 26.3089599609375 -1838.1844482421875 400.02984619140625
v 286.30963134765625 -1840.5733642578125 387.7694091796875
v 286.30950927734375 -1837.822265625 385.0273132324219
v 286.30902099609375 -1825.4932861328125 385.0273132324219
v 286.30963134765625 -1840.5733642578125 397.56689453125
v 286.30902099609375 -1825.4752197265625 400.0298767089844
v 286.30950927734375 -1838.1751708984375 400.0298767089844
v 26.30908203125 -1840.5826416015625 0.00015789973258506507
v 286.3096923828125 -1840.5733642578125 12.56687068939209
v 26.30908203125 -1840.5826416015625 12.566859245300293
v 286.3096923828125 -1840.5733642578125 0.00016926389071159065
v 26.30908203125 -1840.5826416015625 12.566859245300293
v 286.3095703125 -1838.2401123046875 14.90017032623291
v 26.30902099609375 -1838.249267578125 14.900158882141113
v 286.3096923828125 -1840.5733642578125 12.56687068939209
v 26.30902099609375 -1838.249267578125 14.900158882141113
v 286.30950927734375 -1835.5400390625 14.900169372558594
v 26.3089599609375 -1835.5491943359375 14.900157928466797
v 286.3095703125 -1838.2401123046875 14.90017032623291
v 26.30908203125 -1840.5826416015625 0.00015789973258506507
v 26.30908203125 -1840.5826416015625 12.566859245300293
v 26.3089599609375 -1835.5491943359375 14.900157928466797
v 26.30902099609375 -1838.249267578125 14.900158882141113
v 286.30950927734375 -1835.5400390625 14.900169372558594
v 286.3096923828125 -1840.5733642578125 12.56687068939209
v 286.3096923828125 -1840.5733642578125 0.00016926389071159065
v 286.3095703125 -1838.2401123046875 14.90017032623291
v 286.3104248046875 -1815.551025390625 0.00016707641771063209
v 286.31243896484375 -1974.4215087890625 0.00018096540588885546
v 286.31036376953125 -1815.551025390625 400.00018310546875
v 286.3123779296875 -1974.4215087890625 400.0002136230469
v 286.31243896484375 -1976.0577392578125 0.0001811084512155503
v 286.31243896484375 -1976.0577392578125 250.0001678466797
v 286.31854248046875 -2274.4091796875 250.0001983642578
v 286.3184814453125 -2274.4091796875 400.0002136230469
v 286.31854248046875 -2276.05810546875 250.0001678466797
v 286.31854248046875 -2276.05810546875 0.0002073355863103643
v 286.32159423828125 -2410.54833984375 0.0002190932136727497
v 286.321533203125 -2410.54833984375 400.00018310546875
v 281.27716064453125 -1815.551025390625 0.00016685639275237918
v 281.2791748046875 -1974.421630859375 12.566882133483887
v 281.27716064453125 -1815.551025390625 12.56686782836914
v 281.2791748046875 -1974.421630859375 0.00018074539548251778
v 281.27716064453125 -1815.551025390625 12.56686782836914
v 283.6124267578125 -1974.4215087890625 14.900181770324707
v 283.61041259765625 -1815.551025390625 14.900167465209961
v 281.2791748046875 -1974.421630859375 12.566882133483887
v 283.61041259765625 -1815.551025390625 14.900167465209961
v 286.31243896484375 -1974.4215087890625 14.900182723999023
v 286.3104248046875 -1815.551025390625 14.900168418884277
v 283.6124267578125 -1974.4215087890625 14.900181770324707
v 281.28515625 -2274.409423828125 0.00020697142463177443
v 281.288330078125 -2410.54833984375 12.566920280456543
v 281.28515625 -2274.409423828125 12.56690788269043
v 281.288330078125 -2410.54833984375 0.00021887321781832725
v 281.28515625 -2274.409423828125 12.56690788269043
v 283.62164306640625 -2410.54833984375 14.900219917297363
v 283.6185302734375 -2274.4091796875 14.90020751953125
v 281.288330078125 -2410.54833984375 12.566920280456543
v 283.6185302734375 -2274.4091796875 14.90020751953125
v 286.32159423828125 -2410.54833984375 14.900219917297363
v 286.31854248046875 -2274.4091796875 14.900208473205566
v 283.62164306640625 -2410.54833984375 14.900219917297363
v 281.27716064453125 -1815.551025390625 0.00016685639275237918
v 281.27716064453125 -1815.551025390625 12.56686782836914
v 286.3104248046875 -1815.551025390625 14.900168418884277
v 283.61041259765625 -1815.551025390625 14.900167465209961
v 286.31243896484375 -1974.4215087890625 14.900182723999023
v 281.2791748046875 -1974.421630859375 12.566882133483887
v 281.2791748046875 -1974.421630859375 0.00018074539548251778
v 283.6124267578125 -1974.4215087890625 14.900181770324707
v 281.28515625 -2274.409423828125 0.00020697142463177443
v 281.28515625 -2274.409423828125 12.56690788269043
v 286.31854248046875 -2274.4091796875 14.900208473205566
v 283.6185302734375 -2274.4091796875 14.90020751953125
v 286.32159423828125 -2410.54833984375 14.900219917297363
v 281.288330078125 -2410.54833984375 12.566920280456543
v 281.288330078125 -2410.54833984375 0.00021887321781832725
v 283.62164306640625 -2410.54833984375 14.900219917297363
v 286.3114013671875 -2404.4072265625 0.00021855588420294225
v 21.31201171875 -2404.4072265625 0.0002069723850581795
v 286.31134033203125 -2404.4072265625 400.000244140625
v 21.31195068359375 -2404.4072265625 400.0002136230469
v 286.31134033203125 -2414.47216796875 400.0299377441406
v 21.31195068359375 -2414.4541015625 385.02734375
v 286.31134033203125 -2414.4541015625 385.0273742675781
v 21.31195068359375 -2414.47216796875 400.0299072265625
v 286.31134033203125 -2414.4541015625 385.0273742675781
v 21.31195068359375 -2402.125 385.02734375
v 286.31134033203125 -2402.125 385.0273742675781
v 21.31195068359375 -2414.4541015625 385.02734375
v 286.31134033203125 -2402.125 385.0273742675781
v 21.31195068359375 -2399.373779296875 387.7694396972656
v 286.31134033203125 -2399.373779296875 387.7694396972656
v 21.31195068359375 -2402.125 385.02734375
v 286.31134033203125 -2399.373779296875 387.7694396972656
v 21.31195068359375 -2399.373779296875 397.5669250488281
v 286.31134033203125 -2399.373779296875 397.5669250488281
v 21.31195068359375 -2399.373779296875 387.7694396972656
v 286.31134033203125 -2399.373779296875 397.5669250488281
v 21.31195068359375 -2401.77197265625 400.0299072265625
v 286.31134033203125 -2401.77197265625 400.0299377441406
v 21.31195068359375 -2399.373779296875 397.5669250488281
v 286.31134033203125 -2401.77197265625 400.0299377441406
v 21.31195068359375 -2414.47216796875 400.0299072265625
v 286.31134033203125 -2414.47216796875 400.0299377441406
v 21.31195068359375 -2401.77197265625 400.0299072265625
v 286.31134033203125 -2414.4541015625 385.0273742675781
v 286.31134033203125 -2402.125 385.0273742675781
v 286.31134033203125 -2399.373779296875 387.7694396972656
v 286.31134033203125 -2399.373779296875 397.5669250488281
v 286.31134033203125 -2414.47216796875 400.0299377441406
v 286.31134033203125 -2401.77197265625 400.0299377441406
v 21.31195068359375 -2399.373779296875 387.7694396972656
v 21.31195068359375 -2402.125 385.02734375
v 21.31195068359375 -2414.4541015625 385.02734375
v 21.31195068359375 -2399.373779296875 397.5669250488281
v 21.31195068359375 -2414.47216796875 400.0299072265625
v 21.31195068359375 -2401.77197265625 400.0299072265625
v 286.3114013671875 -2399.373779296875 0.00021811587794218212
v 21.31201171875 -2399.373779296875 12.566906929016113
v 286.3114013671875 -2399.373779296875 12.566919326782227
v 21.31201171875 -2399.373779296875 0.00020653237879741937
v 286.3114013671875 -2399.373779296875 12.566919326782227
v 21.31201171875 -2401.70703125 14.900206565856934
v 286.3114013671875 -2401.70703125 14.900218963623047
v 21.31201171875 -2399.373779296875 12.566906929016113
v 286.3114013671875 -2401.70703125 14.900218963623047
v 21.31201171875 -2404.4072265625 14.90020751953125
v 286.3114013671875 -2404.4072265625 14.900219917297363
v 21.31201171875 -2401.70703125 14.900206565856934
v 286.3114013671875 -2399.373779296875 0.00021811587794218212
v 286.3114013671875 -2399.373779296875 12.566919326782227
v 286.3114013671875 -2404.4072265625 14.900219917297363
v 286.3114013671875 -2401.70703125 14.900218963623047
v 21.31201171875 -2404.4072265625 14.90020751953125
v 21.31201171875 -2399.373779296875 12.566906929016113
v 21.31201171875 -2399.373779296875 0.00020653237879741937
v 21.31201171875 -2401.70703125 14.900206565856934
v 21.31195068359375 -2409.40576171875 400.0002136230469
v 286.31134033203125 -2409.40576171875 400.000244140625
v 286.31134033203125 -2404.4072265625 400.000244140625
v 21.31195068359375 -2404.4072265625 400.0002136230469
v -3.68798828125 -1815.536865234375 0.00015439893468283117
v -3.67578125 -2410.53515625 0.00020641586161218584
v 286.30224609375 -1815.54296875 0.0001670753408689052
v 286.3145751953125 -2410.541015625 0.00021909228235017508
v 266.31011962890625 -1834.421142578125 387.50018310546875
v 266.31011962890625 -2404.41943359375 387.500244140625
v 266.31011962890625 -1834.421142578125 407.5001525878906
v 266.31011962890625 -2404.41943359375 407.5002136230469
v 266.31011962890625 -1834.421142578125 387.50018310546875
v 286.31134033203125 -1834.421142578125 387.50018310546875
v 266.31011962890625 -2404.41943359375 387.500244140625
v 286.31134033203125 -2404.41943359375 387.500244140625
v 276.375 -1834.421142578125 400.0298767089844
v 276.3570556640625 -2404.41943359375 385.02740478515625
v 276.3570556640625 -1834.421142578125 385.02734375
v 276.375 -2404.41943359375 400.0299377441406
v 276.3570556640625 -1834.421142578125 385.02734375
v 264.0279541015625 -2404.41943359375 385.02740478515625
v 264.0279541015625 -1834.421142578125 385.02734375
v 276.3570556640625 -2404.41943359375 385.02740478515625
v 264.0279541015625 -1834.421142578125 385.02734375
v 261.27679443359375 -2404.41943359375 387.76947021484375
v 261.27679443359375 -1834.421142578125 387.7694091796875
v 264.0279541015625 -2404.41943359375 385.02740478515625
v 261.27679443359375 -1834.421142578125 387.7694091796875
v 261.27679443359375 -2404.41943359375 397.56695556640625
v 261.27679443359375 -1834.421142578125 397.56689453125
v 261.27679443359375 -2404.41943359375 387.76947021484375
v 261.27679443359375 -1834.421142578125 397.56689453125
v 263.675048828125 -2404.41943359375 400.0299377441406
v 263.675048828125 -1834.421142578125 400.0298767089844
v 261.27679443359375 -2404.41943359375 397.56695556640625
v 263.675048828125 -1834.421142578125 400.0298767089844
v 276.375 -2404.41943359375 400.0299377441406
v 276.375 -1834.421142578125 400.0298767089844
v 263.675048828125 -2404.41943359375 400.0299377441406
v 276.3570556640625 -1834.421142578125 385.02734375
v 264.0279541015625 -1834.421142578125 385.02734375
v 261.27679443359375 -1834.421142578125 387.7694091796875
v 261.27679443359375 -1834.421142578125 397.56689453125
v 276.375 -1834.421142578125 400.0298767089844
v 263.675048828125 -1834.421142578125 400.0298767089844
v 261.27679443359375 -2404.41943359375 387.76947021484375
v 264.0279541015625 -2404.41943359375 385.02740478515625
v 276.3570556640625 -2404.41943359375 385.02740478515625
v 261.27679443359375 -2404.41943359375 397.56695556640625
v 276.375 -2404.41943359375 400.0299377441406
v 263.675048828125 -2404.41943359375 400.0299377441406
v 21.31195068359375 -1815.536865234375 395.0000915527344
v 286.30218505859375 -1815.54296875 395.0001220703125
v 21.32415771484375 -2410.53515625 395.0001525878906
v 286.31451416015625 -2410.541015625 395.00018310546875
v -3.6971435546875 -1865.5460205078125 400.00018310546875
v -3.6849365234375 -2400.546630859375 400.0002136230469
v -3.6971435546875 -1865.5458984375 500.00018310546875
v -3.6849365234375 -2400.54638671875 500.0002136230469
v -3.6971435546875 -1865.5460205078125 400.00018310546875
v 26.301513671875 -1865.5460205078125 400.00018310546875
v -3.6849365234375 -2400.546630859375 400.0002136230469
v 26.3138427734375 -2400.546630859375 400.0002136230469
v 31.30035400390625 -1865.5460205078125 390.00018310546875
v -8.6868896484375 -1865.5399169921875 390.00018310546875
v 31.30035400390625 -1865.5460205078125 410.00018310546875
v -8.6868896484375 -1865.5399169921875 410.00018310546875
v -8.6868896484375 -1865.5399169921875 390.00018310546875
v -8.6746826171875 -2400.54052734375 390.0002136230469
v -8.6868896484375 -1865.5399169921875 410.00018310546875
v -8.6746826171875 -2400.54052734375 410.0002136230469
v -8.6746826171875 -2400.54052734375 390.0002136230469
v 31.3125 -2400.546630859375 390.0002136230469
v -8.6746826171875 -2400.54052734375 410.0002136230469
v 31.3125 -2400.546630859375 410.0002136230469
v 31.3125 -2400.546630859375 390.0002136230469
v 31.30035400390625 -1865.5460205078125 390.00018310546875
v 31.3125 -2400.546630859375 410.0002136230469
v 31.30035400390625 -1865.5460205078125 410.00018310546875
v -8.6868896484375 -1865.5399169921875 390.00018310546875
v 31.30035400390625 -1865.5460205078125 390.00018310546875
v -8.6746826171875 -2400.54052734375 390.0002136230469
v 31.3125 -2400.546630859375 390.0002136230469
v -8.6868896484375 -1865.5399169921875 410.00018310546875
v -8.6746826171875 -2400.54052734375 410.0002136230469
v 31.30035400390625 -1865.5460205078125 410.00018310546875
v 31.3125 -2400.546630859375 410.0002136230469
v 471.91510009765625 213.09686279296875 -27.500001907348633
v 561.9115600585938 213.09686279296875 -27.499998092651367
v 471.91522216796875 -299.4038391113281 -27.499958038330078
v 561.9125366210938 -290.6558837890625 -27.499954223632812
v 551.8475952148438 -290.6558837890625 -17.470256805419922
v 551.8645629882812 213.09686279296875 -32.472862243652344
v 551.8656616210938 -290.6558837890625 -32.47282028198242
v 551.8466186523438 213.09686279296875 -17.470300674438477
v 551.8656616210938 -290.6558837890625 -32.47282028198242
v 564.1936645507812 213.09686279296875 -32.472862243652344
v 564.1946411132812 -290.6558837890625 -32.47282028198242
v 551.8645629882812 213.09686279296875 -32.472862243652344
v 564.1946411132812 -290.6558837890625 -32.47282028198242
v 566.9448852539062 213.09686279296875 -29.73076820373535
v 566.9458618164062 -290.6558837890625 -29.730724334716797
v 564.1936645507812 213.09686279296875 -32.472862243652344
v 566.9458618164062 -290.6558837890625 -29.730724334716797
v 566.9448852539062 213.09686279296875 -19.933300018310547
v 566.9458618164062 -290.6558837890625 -19.933256149291992
v 566.9448852539062 213.09686279296875 -29.73076820373535
v 566.9458618164062 -290.6558837890625 -19.933256149291992
v 564.5466918945312 213.09686279296875 -17.470298767089844
v 564.5476684570312 -290.6558837890625 -17.47025489807129
v 566.9448852539062 213.09686279296875 -19.933300018310547
v 564.5476684570312 -290.6558837890625 -17.47025489807129
v 551.8466186523438 213.09686279296875 -17.470300674438477
v 551.8475952148438 -290.6558837890625 -17.470256805419922
v 564.5466918945312 213.09686279296875 -17.470298767089844
v 551.8656616210938 -290.6558837890625 -32.47282028198242
v 564.1946411132812 -290.6558837890625 -32.47282028198242
v 566.9458618164062 -290.6558837890625 -29.730724334716797
v 566.9458618164062 -290.6558837890625 -19.933256149291992
v 551.8475952148438 -290.6558837890625 -17.470256805419922
v 564.5476684570312 -290.6558837890625 -17.47025489807129
v 566.9448852539062 213.09686279296875 -29.73076820373535
v 564.1936645507812 213.09686279296875 -32.472862243652344
v 551.8645629882812 213.09686279296875 -32.472862243652344
v 566.9448852539062 213.09686279296875 -19.933300018310547
v 551.8466186523438 213.09686279296875 -17.470300674438477
v 564.5466918945312 213.09686279296875 -17.470298767089844
f 187 188 186
f 186 185 187
f 185 3043 3044
f 3045 185 3044
f 6 5 7
f 8 6 7
f 2 1 3
f 4 2 3
f 4015 4014 4016
f 4016 4017 4015
f 4011 4010 4012
f 4013 4011 4012
f 3895 3894 3896
f 3897 3895 3896
f 3843 3842 3844
f 3845 3843 3844
f 3852 3851 3850
f 3850 3853 3852
f 3849 3853 3850
f 3850 3848 3849
f 3849 3848 3845
f 3848 3847 3845
f 3847 3843 3845
f 3846 3843 3847
f 3955 3954 3956
f 3954 3957 3956
f 265 266 268
f 266 265 267
f 3150 268 3151
f 3152 3150 3151
f 270 269 271
f 272 270 271
f 3154 3153 272
f 3155 3154 272
f 274 273 275
f 275 276 274
f 462 461 463
f 464 462 463
f 580 579 581
f 582 580 581
f 584 583 585
f 586 584 585
f 588 587 589
f 590 588 589
f 666 665 667
f 668 666 667
f 670 669 671
f 672 670 671
f 674 673 675
f 676 674 675
f 1570 1569 1571
f 1572 1570 1571
f 1688 1687 1689
f 1690 1688 1689
f 1692 1691 1693
f 1694 1692 1693
f 1696 1695 1697
f 1698 1696 1697
f 1708 1707 1709
f 1710 1708 1709
f 1782 1781 1783
f 1784 1782 1783
f 1786 1785 1787
f 1788 1786 1787
f 1790 1789 1791
f 1792 1790 1791
f 1864 1863 1865
f 1866 1864 1865
f 2152 2151 2153
f 2154 2152 2153
f 2156 2155 2157
f 2158 2156 2157
f 2160 2159 2161
f 2162 2160 2161
f 2208 2207 2209
f 2210 2208 2209
f 2212 2211 2213
f 2214 2212 2213
f 2216 2215 2217
f 2218 2216 2217
f 2320 2319 2321
f 2322 2320 2321
f 2324 2323 2325
f 2324 2325 2326
f 3040 3039 3041
f 3042 3040 3041
f 3157 3156 3158
f 3159 3157 3158
f 3161 3160 3162
f 3163 3161 3162
f 3389 3388 3390
f 3391 3389 3390
f 3393 3392 3394
f 3395 3393 3394
f 3397 3396 3398
f 3397 3398 3399
f 3507 3506 3508
f 3509 3507 3508
f 3511 3510 3512
f 3513 3511 3512
f 3515 3514 3516
f 3517 3515 3516
f 3519 3518 3520
f 3521 3519 3520
f 3523 3522 3524
f 3525 3523 3524
f 3589 3588 3590
f 3591 3589 3590
f 3593 3592 3594
f 3595 3593 3594
f 3597 3596 3598
f 3599 3597 3598
f 3601 3600 3602
f 3603 3601 3602
f 3605 3604 3606
f 3607 3605 3606
f 3783 3782 3784
f 3785 3783 3784
f 546 545 547
f 548 546 547
f 34 33 35
f 36 34 35
f 30 32 29
f 30 29 31
f 26 28 25
f 4083 4082 27
f 22 24 21
f 22 21 23
f 18 20 17
f 18 17 19
f 14 16 13
f 4084 13 15
f 10 12 9
f 10 9 11
f 3947 3946 3948
f 3949 3947 3948
f 3943 3945 3942
f 3943 3942 3944
f 3939 3941 3938
f 3939 3938 3940
f 3935 3937 3934
f 3935 3934 3936
f 3887 3886 3888
f 3889 3887 3888
f 3879 3878 3880
f 3881 3879 3880
f 3875 3877 3874
f 3875 3874 3876
f 3871 3873 3870
f 3871 3870 3872
f 3867 3869 3866
f 3867 3866 3868
f 3863 3865 3862
f 3863 3862 3864
f 3859 3861 3858
f 3859 3858 3860
f 3855 3857 3854
f 3855 3854 3856
f 3835 3834 3836
f 3837 3835 3836
f 3831 3833 3830
f 3831 3830 3832
f 3827 3829 3826
f 3827 3826 3828
f 3823 3825 3822
f 3823 3822 3824
f 3667 3666 3668
f 3669 3667 3668
f 3659 3661 3658
f 3659 3658 3660
f 3655 3657 3654
f 3655 3654 3656
f 3651 3653 3650
f 3651 3650 3652
f 3647 3649 3646
f 3647 3646 3648
f 3643 3645 3642
f 3643 3642 3644
f 3639 3641 3638
f 3639 3638 3640
f 3635 3637 3634
f 3635 3634 3636
f 3631 3633 3630
f 3631 3630 3632
f 3627 3629 3626
f 3627 3626 3628
f 3624 3625 3619
f 3624 3619 3617
f 3617 3619 3616
f 3617 3616 3618
f 242 241 243
f 243 241 244
f 244 241 245
f 246 244 245
f 3622 3623 3615
f 3622 3615 3613
f 3613 3615 3612
f 3613 3612 3614
f 180 179 181
f 179 182 181
f 182 183 181
f 184 183 182
f 174 173 175
f 175 173 176
f 176 173 177
f 178 176 177
f 3620 3621 3611
f 3620 3611 3609
f 3609 3611 3608
f 3609 3608 3610
f 136 135 137
f 135 138 137
f 138 139 137
f 140 139 138
f 130 129 131
f 131 129 132
f 132 129 133
f 134 132 133
f 3581 3580 3582
f 3583 3581 3582
f 3577 3579 3576
f 3577 3576 3578
f 3573 3575 3572
f 3573 3572 3574
f 3569 3571 3568
f 3569 3568 3570
f 3566 3567 3561
f 3566 3561 3559
f 3559 3561 3558
f 3559 3558 3560
f 96 95 97
f 95 98 97
f 98 99 97
f 100 99 98
f 90 89 91
f 91 89 92
f 92 89 93
f 94 92 93
f 3564 3565 3557
f 3564 3557 3555
f 3555 3557 3554
f 3555 3554 3556
f 40 37 38
f 38 37 39
f 4077 4076 4078
f 4076 4079 4078
f 4079 4080 4078
f 4081 4080 4079
f 4071 4070 4072
f 4072 4070 4073
f 4073 4070 4074
f 4075 4073 4074
f 3562 3563 3553
f 3562 3553 3551
f 3551 3553 3550
f 3551 3550 3552
f 4001 4000 4002
f 4000 4003 4002
f 4003 4004 4002
f 4005 4004 4003
f 3995 3994 3996
f 3996 3994 3997
f 3997 3994 3998
f 3999 3997 3998
f 3547 3549 3546
f 3547 3546 3548
f 3543 3545 3542
f 3543 3542 3544
f 3539 3541 3538
f 3539 3538 3540
f 3535 3537 3534
f 3535 3534 3536
f 3531 3533 3530
f 3531 3530 3532
f 3527 3529 3526
f 3527 3526 3528
f 3498 3497 3499
f 3500 3498 3499
f 3494 3493 3495
f 3496 3494 3495
f 3490 3489 3491
f 3492 3490 3491
f 3481 3480 3482
f 3483 3481 3482
f 3477 3476 3478
f 3479 3477 3478
f 3473 3472 3474
f 3475 3473 3474
f 3213 3212 3214
f 3215 3213 3214
f 3209 3211 3208
f 3209 3208 3210
f 3205 3207 3204
f 4085 3204 3206
f 3201 3203 3200
f 3201 3200 3202
f 3197 3199 3196
f 3197 3196 3198
f 3193 3195 3192
f 3193 3192 3194
f 3189 3191 3188
f 3189 3188 3190
f 3185 3187 3184
f 3185 3184 3186
f 3181 3183 3180
f 3181 3180 3182
f 3177 3179 3176
f 3177 3176 3178
f 3173 3175 3172
f 3173 3172 3174
f 3169 3171 3168
f 3169 3168 3170
f 3165 3167 3164
f 3165 3164 3166
f 3071 3070 3072
f 3073 3071 3072
f 3067 3069 3066
f 3067 3066 3068
f 3063 3065 3062
f 4086 3062 3064
f 3059 3061 3058
f 3059 3058 3060
f 3055 3057 3054
f 3055 3054 3056
f 3051 3053 3050
f 3051 3050 3052
f 3047 3049 3046
f 3047 3046 3048
f 2996 2995 2997
f 2998 2996 2997
f 2992 2994 2991
f 2992 2991 2993
f 2988 2990 2987
f 2988 2987 2989
f 2984 2986 2983
f 2984 2983 2985
f 2872 2874 2871
f 2872 2871 2873
f 2868 2870 2867
f 2868 2867 2869
f 2864 2866 2863
f 2864 2863 2865
f 2860 2862 2859
f 2860 2859 2861
f 2856 2858 2855
f 2856 2855 2857
f 2852 2854 2851
f 2852 2851 2853
f 2848 2850 2847
f 2848 2847 2849
f 2844 2846 2843
f 2844 2843 2845
f 2840 2842 2839
f 2840 2839 2841
f 2836 2838 2835
f 2836 2835 2837
f 2832 2834 2831
f 2832 2831 2833
f 2828 2830 2827
f 2828 2827 2829
f 2658 2660 2657
f 2658 2657 2659
f 2654 2656 2653
f 2654 2653 2655
f 2650 2652 2649
f 2650 2649 2651
f 2646 2648 2645
f 2646 2645 2647
f 2642 2644 2641
f 2642 2641 2643
f 2638 2640 2637
f 2638 2637 2639
f 2634 2636 2633
f 2634 2633 2635
f 2630 2632 2629
f 2630 2629 2631
f 2626 2628 2625
f 2626 2625 2627
f 2622 2624 2621
f 2622 2621 2623
f 2618 2620 2617
f 2618 2617 2619
f 2614 2616 2613
f 2614 2613 2615
f 2494 2496 2493
f 2494 2493 2495
f 2490 2492 2489
f 2490 2489 2491
f 2486 2488 2485
f 2486 2485 2487
f 2482 2484 2481
f 2482 2481 2483
f 2478 2480 2477
f 2478 2477 2479
f 2474 2476 2473
f 2474 2473 2475
f 2470 2472 2469
f 2470 2469 2471
f 2466 2468 2465
f 2466 2465 2467
f 2462 2464 2461
f 2462 2461 2463
f 2458 2460 2457
f 2458 2457 2459
f 2454 2456 2453
f 2454 2453 2455
f 2450 2452 2449
f 2450 2449 2451
f 2425 2424 2426
f 2427 2425 2426
f 2421 2420 2422
f 2423 2421 2422
f 2417 2416 2418
f 2419 2417 2418
f 2408 2407 2409
f 2410 2408 2409
f 2404 2403 2405
f 2406 2404 2405
f 2400 2399 2401
f 2402 2400 2401
f 2276 2275 2277
f 2276 2277 2278
f 2272 2271 2273
f 2274 2272 2273
f 2268 2267 2269
f 2268 2269 2270
f 2264 2263 2265
f 2266 2264 2265
f 2256 2255 2257
f 2258 2256 2257
f 2252 2254 2251
f 2252 2251 2253
f 2248 2250 2247
f 4088 4087 2249
f 2244 2246 2243
f 2244 2243 2245
f 2240 2242 2239
f 2240 2239 2241
f 2236 2238 2235
f 4089 2235 2237
f 2232 2234 2231
f 2232 2231 2233
f 2228 2230 2227
f 2228 2227 2229
f 2224 2226 2223
f 4090 2223 2225
f 2220 2222 2219
f 2220 2219 2221
f 2200 2199 2201
f 2202 2200 2201
f 2196 2198 2195
f 2196 2195 2197
f 2192 2194 2191
f 4092 4091 2193
f 2188 2190 2187
f 2188 2187 2189
f 2184 2186 2183
f 2184 2183 2185
f 2180 2182 2179
f 4093 2179 2181
f 2176 2178 2175
f 2176 2175 2177
f 2172 2174 2171
f 2172 2171 2173
f 2168 2170 2167
f 4095 4094 2169
f 2164 2166 2163
f 2164 2163 2165
f 1856 1855 1857
f 1858 1856 1857
f 1848 1850 1847
f 1848 1847 1849
f 1844 1846 1843
f 1844 1843 1845
f 1840 1842 1839
f 1840 1839 1841
f 1836 1838 1835
f 1836 1835 1837
f 1832 1834 1831
f 1832 1831 1833
f 1828 1830 1827
f 1828 1827 1829
f 1824 1826 1823
f 1824 1823 1825
f 1820 1822 1819
f 1820 1819 1821
f 1816 1818 1815
f 1816 1815 1817
f 1813 1814 1808
f 1813 1808 1806
f 1806 1808 1805
f 1806 1805 1807
f 3953 3950 3951
f 3951 3950 3952
f 3929 3928 3930
f 3928 3931 3930
f 3931 3932 3930
f 3933 3932 3931
f 3923 3922 3924
f 3924 3922 3925
f 3925 3922 3926
f 3927 3925 3926
f 1811 1812 1804
f 1811 1804 1802
f 1802 1804 1801
f 1802 1801 1803
f 3893 3890 3891
f 3891 3890 3892
f 3885 3882 3883
f 3883 3882 3884
f 3841 3838 3839
f 3839 3838 3840
f 3817 3816 3818
f 3816 3819 3818
f 3819 3820 3818
f 3821 3820 3819
f 3811 3810 3812
f 3812 3810 3813
f 3813 3810 3814
f 3815 3813 3814
f 1809 1810 1800
f 1809 1800 1798
f 1798 1800 1797
f 1798 1797 1799
f 3777 3776 3778
f 3776 3779 3778
f 3779 3780 3778
f 3781 3780 3779
f 3771 3770 3772
f 3772 3770 3773
f 3773 3770 3774
f 3775 3773 3774
f 1774 1776 1773
f 1774 1773 1775
f 1770 1772 1769
f 1770 1769 1771
f 1766 1768 1765
f 1766 1765 1767
f 1762 1764 1761
f 1762 1761 1763
f 1758 1760 1757
f 1758 1757 1759
f 1754 1756 1753
f 1754 1753 1755
f 1751 1752 1746
f 1751 1746 1744
f 1744 1746 1743
f 1744 1743 1745
f 3741 3740 3742
f 3740 3743 3742
f 3743 3744 3742
f 3745 3744 3743
f 3735 3734 3736
f 3736 3734 3737
f 3737 3734 3738
f 3739 3737 3738
f 1749 1750 1742
f 1749 1742 1740
f 1740 1742 1739
f 1740 1739 1741
f 3729 3728 3730
f 3728 3731 3730
f 3731 3732 3730
f 3733 3732 3731
f 3723 3722 3724
f 3724 3722 3725
f 3725 3722 3726
f 3727 3725 3726
f 1747 1748 1738
f 1747 1738 1736
f 1736 1738 1735
f 1736 1735 1737
f 3665 3662 3663
f 3663 3662 3664
f 3587 3584 3585
f 3585 3584 3586
f 3502 3501 3503
f 3503 3501 3504
f 3505 3503 3504
f 1732 1734 1731
f 1732 1731 1733
f 1728 1730 1727
f 1728 1727 1729
f 1724 1726 1723
f 1724 1723 1725
f 1720 1722 1719
f 1720 1719 1721
f 1716 1718 1715
f 1716 1715 1717
f 1712 1714 1711
f 1712 1711 1713
f 1679 1678 1680
f 1681 1679 1680
f 1675 1674 1676
f 1677 1675 1676
f 1671 1670 1672
f 1673 1671 1672
f 1662 1661 1663
f 1664 1662 1663
f 1658 1657 1659
f 1660 1658 1659
f 1654 1653 1655
f 1656 1654 1655
f 1374 1376 1373
f 1374 1373 1375
f 1370 1372 1369
f 1370 1369 1371
f 1366 1368 1365
f 1366 1365 1367
f 1362 1364 1361
f 1362 1361 1363
f 1358 1360 1357
f 1358 1357 1359
f 1354 1356 1353
f 1354 1353 1355
f 1350 1352 1349
f 1350 1349 1351
f 1346 1348 1345
f 1346 1345 1347
f 1342 1344 1341
f 1342 1341 1343
f 1338 1340 1337
f 1338 1337 1339
f 1334 1336 1333
f 1334 1333 1335
f 1330 1332 1329
f 1330 1329 1331
f 1327 1328 1322
f 1327 1322 1320
f 1320 1322 1319
f 1320 1319 1321
f 3485 3484 3486
f 3486 3484 3487
f 3488 3486 3487
f 1325 1326 1318
f 1325 1318 1316
f 1316 1318 1315
f 1316 1315 1317
f 3467 3466 3468
f 3466 3469 3468
f 3469 3470 3468
f 3471 3470 3469
f 3461 3460 3462
f 3462 3460 3463
f 3463 3460 3464
f 3465 3463 3464
f 1323 1324 1314
f 1323 1314 1312
f 1312 1314 1311
f 1312 1311 1313
f 3455 3454 3456
f 3454 3457 3456
f 3457 3458 3456
f 3459 3458 3457
f 3449 3448 3450
f 3450 3448 3451
f 3451 3448 3452
f 3453 3451 3452
f 1154 1156 1153
f 1154 1153 1155
f 1150 1152 1149
f 1150 1149 1151
f 1146 1148 1145
f 1146 1145 1147
f 1142 1144 1141
f 1142 1141 1143
f 1138 1140 1137
f 1138 1137 1139
f 1134 1136 1133
f 1134 1133 1135
f 1131 1132 1126
f 1131 1126 1124
f 1124 1126 1123
f 1124 1123 1125
f 3323 3322 3324
f 3322 3325 3324
f 3325 3326 3324
f 3327 3326 3325
f 3317 3316 3318
f 3318 3316 3319
f 3319 3316 3320
f 3321 3319 3320
f 1129 1130 1122
f 1129 1122 1120
f 1120 1122 1119
f 1120 1119 1121
f 3219 3216 3217
f 3217 3216 3218
f 3133 3132 3134
f 3132 3135 3134
f 3135 3136 3134
f 3137 3136 3135
f 3127 3126 3128
f 3128 3126 3129
f 3129 3126 3130
f 3131 3129 3130
f 1127 1128 1118
f 1127 1118 1116
f 1116 1118 1115
f 1116 1115 1117
f 3077 3074 3075
f 3075 3074 3076
f 3034 3033 3035
f 3033 3036 3035
f 3036 3037 3035
f 3038 3037 3036
f 3028 3027 3029
f 3029 3027 3030
f 3030 3027 3031
f 3032 3030 3031
f 1112 1114 1111
f 1112 1111 1113
f 1108 1110 1107
f 1108 1107 1109
f 1104 1106 1103
f 1104 1103 1105
f 1100 1102 1099
f 1100 1099 1101
f 1096 1098 1095
f 1096 1095 1097
f 1092 1094 1091
f 1092 1091 1093
f 1061 1060 1062
f 1063 1061 1062
f 1057 1056 1058
f 1059 1057 1058
f 1053 1052 1054
f 1055 1053 1054
f 1044 1043 1045
f 1046 1044 1045
f 1040 1039 1041
f 1042 1040 1041
f 1036 1035 1037
f 1038 1036 1037
f 740 739 741
f 742 740 741
f 732 734 731
f 732 731 733
f 728 730 727
f 728 727 729
f 724 726 723
f 724 723 725
f 720 722 719
f 720 719 721
f 716 718 715
f 716 715 717
f 712 714 711
f 712 711 713
f 708 710 707
f 708 707 709
f 704 706 703
f 704 703 705
f 700 702 699
f 700 699 701
f 697 698 692
f 697 692 690
f 690 692 689
f 690 689 691
f 3002 2999 3000
f 3000 2999 3001
f 2429 2428 2430
f 2430 2428 2431
f 2432 2430 2431
f 695 696 688
f 695 688 686
f 686 688 685
f 686 685 687
f 2412 2411 2413
f 2413 2411 2414
f 2415 2413 2414
f 693 694 684
f 693 684 682
f 682 684 681
f 682 681 683
f 2394 2393 2395
f 2393 2396 2395
f 2396 2397 2395
f 2398 2397 2396
f 2388 2387 2389
f 2389 2387 2390
f 2390 2387 2391
f 2392 2390 2391
f 654 653 655
f 656 654 655
f 650 652 649
f 650 649 651
f 646 648 645
f 646 645 647
f 642 644 641
f 642 641 643
f 639 640 634
f 639 634 632
f 632 634 631
f 632 631 633
f 2358 2357 2359
f 2357 2360 2359
f 2360 2361 2359
f 2362 2361 2360
f 2352 2351 2353
f 2353 2351 2354
f 2354 2351 2355
f 2356 2354 2355
f 637 638 630
f 637 630 628
f 628 630 627
f 628 627 629
f 2262 2259 2260
f 2260 2259 2261
f 2206 2203 2204
f 2204 2203 2205
f 2106 2105 2107
f 2105 2108 2107
f 2108 2109 2107
f 2110 2109 2108
f 2100 2099 2101
f 2101 2099 2102
f 2102 2099 2103
f 2104 2102 2103
f 635 636 626
f 635 626 624
f 624 626 623
f 624 623 625
f 2094 2093 2095
f 2093 2096 2095
f 2096 2097 2095
f 2098 2097 2096
f 2088 2087 2089
f 2089 2087 2090
f 2090 2087 2091
f 2092 2090 2091
f 620 622 619
f 620 619 621
f 616 618 615
f 616 615 617
f 612 614 611
f 612 611 613
f 608 610 607
f 608 607 609
f 604 606 603
f 604 603 605
f 600 602 599
f 600 599 601
f 571 570 572
f 573 571 572
f 567 566 568
f 569 567 568
f 563 562 564
f 565 563 564
f 554 553 555
f 556 554 555
f 550 549 551
f 552 550 551
f 800 798 799
f 798 795 799
f 797 795 798
f 796 795 797
f 2034 2033 2035
f 2033 2036 2035
f 2036 2037 2035
f 2038 2037 2036
f 2028 2027 2029
f 2029 2027 2030
f 2030 2027 2031
f 2032 2030 2031
f 248 247 249
f 247 250 249
f 250 251 249
f 252 251 250
f 254 253 255
f 255 253 256
f 256 253 257
f 258 256 257
f 2022 2021 2023
f 2021 2024 2023
f 2024 2025 2023
f 2026 2025 2024
f 2016 2015 2017
f 2017 2015 2018
f 2018 2015 2019
f 2020 2018 2019
f 260 259 261
f 259 262 261
f 262 263 261
f 264 263 262
f 302 301 303
f 303 301 304
f 304 301 305
f 306 304 305
f 1954 1953 1955
f 1955 1953 1956
f 1956 1953 1957
f 1958 1956 1957
f 308 307 309
f 307 310 309
f 310 311 309
f 312 311 310
f 390 389 391
f 391 389 392
f 392 389 393
f 394 392 393
f 1948 1947 1949
f 1947 1950 1949
f 1950 1951 1949
f 1952 1951 1950
f 1854 1851 1852
f 1852 1851 1853
f 1683 1682 1684
f 1684 1682 1685
f 1686 1684 1685
f 396 395 397
f 395 398 397
f 398 399 397
f 400 399 398
f 522 521 523
f 523 521 524
f 524 521 525
f 526 524 525
f 1666 1665 1667
f 1667 1665 1668
f 1669 1667 1668
f 528 527 529
f 527 530 529
f 530 531 529
f 532 531 530
f 534 533 535
f 535 533 536
f 536 533 537
f 538 536 537
f 1648 1647 1649
f 1647 1650 1649
f 1650 1651 1649
f 1652 1651 1650
f 1642 1641 1643
f 1643 1641 1644
f 1644 1641 1645
f 1646 1644 1645
f 540 539 541
f 539 542 541
f 542 543 541
f 544 543 542
f 558 557 559
f 559 557 560
f 561 559 560
f 1636 1635 1637
f 1635 1638 1637
f 1638 1639 1637
f 1640 1639 1638
f 1630 1629 1631
f 1631 1629 1632
f 1632 1629 1633
f 1634 1632 1633
f 575 574 576
f 576 574 577
f 578 576 577
f 1065 1064 1066
f 1066 1064 1067
f 1068 1066 1067
f 660 657 658
f 658 657 659
f 738 735 736
f 736 735 737
f 802 801 803
f 801 804 803
f 804 805 803
f 806 805 804
f 808 807 809
f 809 807 810
f 810 807 811
f 812 810 811
f 1048 1047 1049
f 1049 1047 1050
f 1051 1049 1050
f 814 813 815
f 813 816 815
f 816 817 815
f 818 817 816
f 940 939 941
f 941 939 942
f 942 939 943
f 944 942 943
f 1030 1029 1031
f 1029 1032 1031
f 1032 1033 1031
f 1034 1033 1032
f 1024 1023 1025
f 1025 1023 1026
f 1026 1023 1027
f 1028 1026 1027
f 946 945 947
f 945 948 947
f 948 949 947
f 950 949 948
f 952 951 953
f 953 951 954
f 954 951 955
f 956 954 955
f 1018 1017 1019
f 1017 1020 1019
f 1020 1021 1019
f 1022 1021 1020
f 1012 1011 1013
f 1013 1011 1014
f 1014 1011 1015
f 1016 1014 1015
f 958 957 959
f 957 960 959
f 960 961 959
f 962 961 960
f 162 164 161
f 162 161 163
f 3293 3295 3292
f 3293 3292 3294
f 3289 3291 3288
f 3289 3288 3290
f 3285 3287 3284
f 3285 3284 3286
f 3281 3283 3280
f 3281 3280 3282
f 3277 3279 3276
f 3277 3276 3278
f 3273 3275 3272
f 3273 3272 3274
f 3269 3271 3268
f 3269 3268 3270
f 3265 3267 3264
f 3265 3264 3266
f 3261 3263 3260
f 3261 3260 3262
f 3257 3259 3256
f 3257 3256 3258
f 3253 3255 3252
f 3253 3252 3254
f 3249 3251 3248
f 3249 3248 3250
f 3245 3247 3244
f 3245 3244 3246
f 3241 3243 3240
f 3241 3240 3242
f 3237 3239 3236
f 3237 3236 3238
f 3233 3235 3232
f 3233 3232 3234
f 3229 3231 3228
f 3229 3228 3230
f 3225 3227 3224
f 3225 3224 3226
f 3221 3223 3220
f 3221 3220 3222
f 3145 3143 3149
f 3145 3146 3142
f 3145 3142 3143
f 3143 3142 3144
f 3142 3148 3144
f 3142 3147 3148
f 158 160 157
f 158 157 159
f 154 156 153
f 154 153 155
f 150 152 149
f 150 149 151
f 142 141 143
f 142 143 144
f 126 128 125
f 126 125 127
f 122 124 121
f 122 121 123
f 118 120 117
f 118 117 119
f 114 116 113
f 114 113 115
f 110 112 109
f 110 109 111
f 106 108 105
f 106 105 107
f 86 88 85
f 86 85 87
f 82 84 81
f 82 81 83
f 78 80 77
f 78 77 79
f 74 76 73
f 74 73 75
f 70 72 69
f 70 69 71
f 66 68 65
f 66 65 67
f 62 64 61
f 62 61 63
f 58 60 57
f 58 57 59
f 54 56 53
f 54 53 55
f 50 52 49
f 50 49 51
f 46 48 45
f 46 45 47
f 42 44 41
f 42 41 43
f 4067 4069 4066
f 4067 4066 4068
f 4063 4065 4062
f 4063 4062 4064
f 4059 4061 4058
f 4059 4058 4060
f 4055 4057 4054
f 4055 4054 4056
f 4051 4053 4050
f 4051 4050 4052
f 4047 4049 4046
f 4047 4046 4048
f 4039 4038 4040
f 4040 4041 4039
f 4035 4034 4036
f 4036 4037 4035
f 4031 4030 4032
f 4033 4031 4032
f 4027 4026 4028
f 4029 4027 4028
f 4023 4022 4024
f 4025 4023 4024
f 4019 4018 4020
f 4021 4019 4020
f 4007 4006 4008
f 4008 4009 4007
f 3991 3993 3990
f 3991 3990 3992
f 3987 3989 3986
f 3987 3986 3988
f 3983 3985 3982
f 3983 3982 3984
f 3979 3981 3978
f 3979 3978 3980
f 3975 3977 3974
f 3975 3974 3976
f 3971 3973 3970
f 3971 3970 3972
f 3967 3966 3968
f 3967 3968 3969
f 3963 3962 3964
f 3965 3963 3964
f 3919 3921 3918
f 3919 3918 3920
f 3915 3917 3914
f 3915 3914 3916
f 3911 3913 3910
f 3911 3910 3912
f 3907 3909 3906
f 3907 3906 3908
f 3903 3905 3902
f 3903 3902 3904
f 3899 3901 3898
f 3899 3898 3900
f 3807 3809 3806
f 3807 3806 3808
f 3803 3805 3802
f 3803 3802 3804
f 3799 3801 3798
f 3799 3798 3800
f 3795 3797 3794
f 3795 3794 3796
f 3791 3793 3790
f 3791 3790 3792
f 3787 3789 3786
f 3787 3786 3788
f 3767 3769 3766
f 3767 3766 3768
f 3763 3765 3762
f 3763 3762 3764
f 3759 3761 3758
f 3759 3758 3760
f 3755 3757 3754
f 3755 3754 3756
f 3751 3753 3750
f 3751 3750 3752
f 3747 3749 3746
f 3747 3746 3748
f 3719 3721 3718
f 3719 3718 3720
f 3715 3717 3714
f 3715 3714 3716
f 3711 3713 3710
f 3711 3710 3712
f 3707 3709 3706
f 3707 3706 3708
f 3703 3705 3702
f 3703 3702 3704
f 3699 3701 3698
f 3699 3698 3700
f 3695 3697 3694
f 3695 3694 3696
f 3691 3693 3690
f 3691 3690 3692
f 3687 3689 3686
f 3687 3686 3688
f 3683 3685 3682
f 3683 3682 3684
f 3679 3681 3678
f 3679 3678 3680
f 3675 3677 3674
f 3675 3674 3676
f 3445 3447 3444
f 3445 3444 3446
f 3441 3443 3440
f 3441 3440 3442
f 3437 3439 3436
f 3437 3436 3438
f 3433 3435 3432
f 3433 3432 3434
f 3429 3431 3428
f 3429 3428 3430
f 3425 3427 3424
f 3425 3424 3426
f 3421 3423 3420
f 3421 3420 3422
f 3417 3419 3416
f 3417 3416 3418
f 3413 3415 3412
f 3413 3412 3414
f 3409 3411 3408
f 3409 3408 3410
f 3405 3407 3404
f 3405 3404 3406
f 3401 3403 3400
f 3401 3400 3402
f 3313 3315 3312
f 3313 3312 3314
f 3309 3311 3308
f 3309 3308 3310
f 3305 3307 3304
f 3305 3304 3306
f 3301 3303 3300
f 3301 3300 3302
f 3297 3299 3296
f 3297 3296 3298
f 3123 3125 3122
f 3123 3122 3124
f 3119 3121 3118
f 3119 3118 3120
f 3115 3117 3114
f 3115 3114 3116
f 3111 3113 3110
f 3111 3110 3112
f 3107 3109 3106
f 3107 3106 3108
f 3103 3105 3102
f 3103 3102 3104
f 3099 3101 3098
f 3099 3098 3100
f 3095 3097 3094
f 3095 3094 3096
f 3091 3093 3090
f 3091 3090 3092
f 3087 3089 3086
f 3087 3086 3088
f 3083 3085 3082
f 3083 3082 3084
f 3079 3081 3078
f 3079 3078 3080
f 3024 3026 3023
f 3024 3023 3025
f 3020 3022 3019
f 3020 3019 3021
f 3016 3018 3015
f 3016 3015 3017
f 3012 3014 3011
f 3012 3011 3013
f 3008 3010 3007
f 3008 3007 3009
f 3004 3006 3003
f 3004 3003 3005
f 2968 2970 2967
f 2968 2967 2969
f 2964 2966 2963
f 2964 2963 2965
f 2960 2962 2959
f 2960 2959 2961
f 2956 2958 2955
f 2956 2955 2957
f 2952 2954 2951
f 2952 2951 2953
f 2948 2950 2947
f 2948 2947 2949
f 2944 2946 2943
f 2944 2943 2945
f 2940 2942 2939
f 2940 2939 2941
f 2936 2938 2935
f 2936 2935 2937
f 2932 2934 2931
f 2932 2931 2933
f 2928 2930 2927
f 2928 2927 2929
f 2924 2926 2923
f 2924 2923 2925
f 2920 2922 2919
f 2920 2919 2921
f 2916 2918 2915
f 2916 2915 2917
f 2912 2914 2911
f 2912 2911 2913
f 2908 2910 2907
f 2908 2907 2909
f 2904 2906 2903
f 2904 2903 2905
f 2900 2902 2899
f 2900 2899 2901
f 2896 2898 2895
f 2896 2895 2897
f 2892 2894 2891
f 2892 2891 2893
f 2888 2890 2887
f 2888 2887 2889
f 2884 2886 2883
f 2884 2883 2885
f 2880 2882 2879
f 2880 2879 2881
f 2876 2878 2875
f 2876 2875 2877
f 2808 2807 2809
f 2808 2809 2810
f 2804 2803 2805
f 2806 2804 2805
f 2800 2799 2801
f 2802 2800 2801
f 2796 2795 2797
f 2798 2796 2797
f 2792 2791 2793
f 2794 2792 2793
f 2789 2788 2785
f 2786 2789 2785
f 2786 2785 2787
f 2790 2786 2787
f 2782 2781 2783
f 2784 2782 2783
f 2778 2777 2779
f 2780 2778 2779
f 2774 2773 2775
f 2776 2774 2775
f 2770 2769 2771
f 2772 2770 2771
f 2766 2765 2767
f 2768 2766 2767
f 2762 2761 2763
f 2764 2762 2763
f 2754 2756 2753
f 2754 2753 2755
f 2750 2752 2749
f 2750 2749 2751
f 2746 2748 2745
f 2746 2745 2747
f 2742 2744 2741
f 2742 2741 2743
f 2738 2740 2737
f 2738 2737 2739
f 2734 2736 2733
f 2734 2733 2735
f 2730 2732 2729
f 2730 2729 2731
f 2726 2728 2725
f 2726 2725 2727
f 2722 2724 2721
f 2722 2721 2723
f 2718 2720 2717
f 2718 2717 2719
f 2714 2716 2713
f 2714 2713 2715
f 2710 2712 2709
f 2710 2709 2711
f 2706 2708 2705
f 2706 2705 2707
f 2702 2704 2701
f 2702 2701 2703
f 2698 2700 2697
f 2698 2697 2699
f 2694 2696 2693
f 2694 2693 2695
f 2690 2692 2689
f 2690 2689 2691
f 2686 2688 2685
f 2686 2685 2687
f 2682 2684 2681
f 2682 2681 2683
f 2678 2680 2677
f 2678 2677 2679
f 2674 2676 2673
f 2674 2673 2675
f 2670 2672 2669
f 2670 2669 2671
f 2666 2668 2665
f 2666 2665 2667
f 2662 2664 2661
f 2662 2661 2663
f 2590 2592 2589
f 2590 2589 2591
f 2586 2588 2585
f 2586 2585 2587
f 2582 2584 2581
f 2582 2581 2583
f 2578 2580 2577
f 2578 2577 2579
f 2574 2576 2573
f 2574 2573 2575
f 2570 2572 2569
f 2570 2569 2571
f 2566 2568 2565
f 2566 2565 2567
f 2562 2564 2561
f 2562 2561 2563
f 2558 2560 2557
f 2558 2557 2559
f 2554 2556 2553
f 2554 2553 2555
f 2550 2552 2549
f 2550 2549 2551
f 2546 2548 2545
f 2546 2545 2547
f 2542 2544 2541
f 2542 2541 2543
f 2538 2540 2537
f 2538 2537 2539
f 2534 2536 2533
f 2534 2533 2535
f 2530 2532 2529
f 2530 2529 2531
f 2526 2528 2525
f 2526 2525 2527
f 2522 2524 2521
f 2522 2521 2523
f 2518 2520 2517
f 2518 2517 2519
f 2514 2516 2513
f 2514 2513 2515
f 2510 2512 2509
f 2510 2509 2511
f 2506 2508 2505
f 2506 2505 2507
f 2502 2504 2501
f 2502 2501 2503
f 2498 2500 2497
f 2498 2497 2499
f 2384 2386 2383
f 2384 2383 2385
f 2380 2382 2379
f 2380 2379 2381
f 2376 2378 2375
f 2376 2375 2377
f 2372 2374 2371
f 2372 2371 2373
f 2368 2370 2367
f 2368 2367 2369
f 2364 2366 2363
f 2364 2363 2365
f 2348 2350 2347
f 2348 2347 2349
f 2344 2346 2343
f 2344 2343 2345
f 2340 2342 2339
f 2340 2339 2341
f 2336 2338 2335
f 2336 2335 2337
f 2332 2334 2331
f 2332 2331 2333
f 2328 2330 2327
f 2328 2327 2329
f 2084 2086 2083
f 2084 2083 2085
f 2080 2082 2079
f 2080 2079 2081
f 2076 2078 2075
f 2076 2075 2077
f 2072 2074 2071
f 2072 2071 2073
f 2068 2070 2067
f 2068 2067 2069
f 2064 2066 2063
f 2064 2063 2065
f 2060 2062 2059
f 2060 2059 2061
f 2056 2058 2055
f 2056 2055 2057
f 2052 2054 2051
f 2052 2051 2053
f 2048 2050 2047
f 2048 2047 2049
f 2044 2046 2043
f 2044 2043 2045
f 2040 2042 2039
f 2040 2039 2041
f 2012 2014 2011
f 2012 2011 2013
f 2008 2010 2007
f 2008 2007 2009
f 2004 2006 2003
f 2004 2003 2005
f 2000 2002 1999
f 2000 1999 2001
f 1996 1998 1995
f 1996 1995 1997
f 1992 1994 1991
f 1992 1991 1993
f 1988 1990 1987
f 1988 1987 1989
f 1984 1986 1983
f 1984 1983 1985
f 1980 1982 1979
f 1980 1979 1981
f 1976 1978 1975
f 1976 1975 1977
f 1972 1974 1971
f 1972 1971 1973
f 1968 1970 1967
f 1968 1967 1969
f 1964 1963 1965
f 1965 1966 1964
f 1960 1959 1961
f 1962 1960 1961
f 1944 1946 1943
f 1944 1943 1945
f 1940 1942 1939
f 1940 1939 1941
f 1936 1938 1935
f 1936 1935 1937
f 1932 1934 1931
f 1932 1931 1933
f 1928 1930 1927
f 1928 1927 1929
f 1924 1926 1923
f 1924 1923 1925
f 1920 1922 1919
f 1920 1919 1921
f 1916 1918 1915
f 1916 1915 1917
f 1912 1914 1911
f 1912 1911 1913
f 1908 1910 1907
f 1908 1907 1909
f 1904 1906 1903
f 1904 1903 1905
f 1900 1902 1899
f 1900 1899 1901
f 1896 1898 1895
f 1896 1895 1897
f 1892 1894 1891
f 1892 1891 1893
f 1888 1890 1887
f 1888 1887 1889
f 1884 1886 1883
f 1884 1883 1885
f 1880 1882 1879
f 1880 1879 1881
f 1876 1878 1875
f 1876 1875 1877
f 1626 1628 1625
f 1626 1625 1627
f 1622 1624 1621
f 1622 1621 1623
f 1618 1620 1617
f 1618 1617 1619
f 1614 1616 1613
f 1614 1613 1615
f 1610 1612 1609
f 1610 1609 1611
f 1606 1608 1605
f 1606 1605 1607
f 1602 1604 1601
f 1602 1601 1603
f 1598 1600 1597
f 1598 1597 1599
f 1594 1596 1593
f 1594 1593 1595
f 1590 1592 1589
f 1590 1589 1591
f 1586 1588 1585
f 1586 1585 1587
f 1582 1584 1581
f 1582 1581 1583
f 1506 1508 1505
f 1506 1505 1507
f 1502 1504 1501
f 1502 1501 1503
f 1498 1500 1497
f 1498 1497 1499
f 1494 1496 1493
f 1494 1493 1495
f 1490 1492 1489
f 1490 1489 1491
f 1486 1488 1485
f 1486 1485 1487
f 1482 1484 1481
f 1482 1481 1483
f 1478 1480 1477
f 1478 1477 1479
f 1474 1476 1473
f 1474 1473 1475
f 1470 1472 1469
f 1470 1469 1471
f 1466 1468 1465
f 1466 1465 1467
f 1462 1464 1461
f 1462 1461 1463
f 1458 1460 1457
f 1458 1457 1459
f 1454 1456 1453
f 1454 1453 1455
f 1450 1452 1449
f 1450 1449 1451
f 1446 1448 1445
f 1446 1445 1447
f 1442 1444 1441
f 1442 1441 1443
f 1438 1440 1437
f 1438 1437 1439
f 1434 1436 1433
f 1434 1433 1435
f 1430 1432 1429
f 1430 1429 1431
f 1426 1428 1425
f 1426 1425 1427
f 1422 1424 1421
f 1422 1421 1423
f 1418 1420 1417
f 1418 1417 1419
f 1414 1416 1413
f 1414 1413 1415
f 1403 1404 1384
f 1403 1384 1382
f 1382 1384 1381
f 1382 1381 1383
f 1405 1406 1388
f 1405 1388 1386
f 1386 1388 1385
f 1386 1385 1387
f 1407 1408 1392
f 1407 1392 1390
f 1390 1392 1389
f 1390 1389 1391
f 1409 1410 1396
f 1409 1396 1394
f 1394 1396 1393
f 1394 1393 1395
f 1411 1412 1400
f 1411 1400 1398
f 1398 1400 1397
f 1398 1397 1399
f 166 168 165
f 166 165 167
f 170 172 169
f 170 169 171
f 190 189 191
f 190 191 192
f 194 196 193
f 194 193 195
f 198 200 197
f 198 197 199
f 202 204 201
f 202 201 203
f 206 208 205
f 206 205 207
f 210 212 209
f 210 209 211
f 214 216 213
f 214 213 215
f 218 220 217
f 218 217 219
f 222 224 221
f 222 221 223
f 226 228 225
f 226 225 227
f 230 232 229
f 230 229 231
f 234 236 233
f 234 233 235
f 238 240 237
f 238 237 239
f 278 280 277
f 278 277 279
f 282 284 281
f 282 281 283
f 286 288 285
f 286 285 287
f 290 292 289
f 290 289 291
f 294 296 293
f 294 293 295
f 298 300 297
f 298 297 299
f 314 313 315
f 314 315 316
f 318 320 317
f 318 317 319
f 322 324 321
f 322 321 323
f 326 328 325
f 326 325 327
f 330 332 329
f 330 329 331
f 334 336 333
f 334 333 335
f 338 340 337
f 338 337 339
f 342 344 341
f 342 341 343
f 346 348 345
f 346 345 347
f 350 352 349
f 350 349 351
f 354 356 353
f 354 353 355
f 358 360 357
f 358 357 359
f 362 364 361
f 362 361 363
f 366 368 365
f 366 365 367
f 370 372 369
f 370 369 371
f 374 376 373
f 374 373 375
f 378 380 377
f 378 377 379
f 382 384 381
f 382 381 383
f 386 388 385
f 386 385 387
f 474 476 473
f 474 473 475
f 478 480 477
f 478 477 479
f 482 484 481
f 482 481 483
f 486 488 485
f 486 485 487
f 490 492 489
f 490 489 491
f 494 496 493
f 494 493 495
f 498 500 497
f 498 497 499
f 502 504 501
f 502 501 503
f 506 508 505
f 506 505 507
f 510 512 509
f 510 509 511
f 514 516 513
f 514 513 515
f 518 520 517
f 518 517 519
f 748 750 747
f 748 747 749
f 752 754 751
f 752 751 753
f 756 758 755
f 756 755 757
f 760 762 759
f 760 759 761
f 764 766 763
f 764 763 765
f 768 770 767
f 768 767 769
f 772 774 771
f 772 771 773
f 776 778 775
f 776 775 777
f 780 782 779
f 780 779 781
f 784 786 783
f 784 783 785
f 788 790 787
f 788 787 789
f 792 794 791
f 792 791 793
f 892 894 891
f 892 891 893
f 896 898 895
f 896 895 897
f 900 902 899
f 900 899 901
f 904 906 903
f 904 903 905
f 908 910 907
f 908 907 909
f 912 914 911
f 912 911 913
f 916 918 915
f 916 915 917
f 920 922 919
f 920 919 921
f 924 926 923
f 924 923 925
f 928 930 927
f 928 927 929
f 932 934 931
f 932 931 933
f 936 938 935
f 936 935 937
f 964 966 963
f 964 963 965
f 968 970 967
f 968 967 969
f 972 974 971
f 972 971 973
f 976 978 975
f 976 975 977
f 980 982 979
f 980 979 981
f 984 986 983
f 984 983 985
f 988 990 987
f 988 987 989
f 992 994 991
f 992 991 993
f 996 998 995
f 996 995 997
f 1000 1002 999
f 1000 999 1001
f 1004 1006 1003
f 1004 1003 1005
f 1008 1010 1007
f 1008 1007 1009
f 1158 1160 1157
f 1158 1157 1159
f 1162 1164 1161
f 1162 1161 1163
f 1166 1168 1165
f 1166 1165 1167
f 1170 1172 1169
f 1170 1169 1171
f 1174 1176 1173
f 1174 1173 1175
f 1178 1180 1177
f 1178 1177 1179
f 1182 1184 1181
f 1182 1181 1183
f 1186 1188 1185
f 1186 1185 1187
f 1190 1192 1189
f 1190 1189 1191
f 1194 1196 1193
f 1194 1193 1195
f 1198 1200 1197
f 1198 1197 1199
f 1202 1204 1201
f 1202 1201 1203
f 1229 1230 1208
f 1229 1208 1206
f 1206 1208 1205
f 1206 1205 1207
f 1401 1402 1380
f 1401 1380 1378
f 1378 1380 1377
f 1378 1377 1379
f 1231 1232 1212
f 1231 1212 1210
f 1210 1212 1209
f 1210 1209 1211
f 1286 1288 1285
f 1286 1285 1287
f 1282 1284 1281
f 1282 1281 1283
f 1278 1280 1277
f 1278 1277 1279
f 1274 1276 1273
f 1274 1273 1275
f 1270 1272 1269
f 1270 1269 1271
f 1266 1268 1265
f 1266 1265 1267
f 1262 1264 1261
f 1262 1261 1263
f 1258 1260 1257
f 1258 1257 1259
f 1254 1256 1253
f 1254 1253 1255
f 1250 1252 1249
f 1250 1249 1251
f 1246 1248 1245
f 1246 1245 1247
f 1242 1244 1241
f 1242 1241 1243
f 1239 1240 1228
f 1239 1228 1226
f 1226 1228 1225
f 1226 1225 1227
f 1233 1234 1216
f 1233 1216 1214
f 1214 1216 1213
f 1214 1213 1215
f 1237 1238 1224
f 1237 1224 1222
f 1222 1224 1221
f 1222 1221 1223
f 1235 1236 1220
f 1235 1220 1218
f 1218 1220 1217
f 1218 1217 1219
f 101 102 104
f 102 101 103
f 146 145 147
f 147 148 146
f 2980 2979 2981
f 2982 2980 2981
f 2972 2971 2973
f 2974 2972 2973
f 2824 2823 2825
f 2826 2824 2825
f 2820 2819 2821
f 2822 2820 2821
f 2816 2815 2817
f 2818 2816 2817
f 2812 2811 2813
f 2814 2812 2813
f 2758 2757 2759
f 2760 2758 2759
f 2610 2609 2611
f 2612 2610 2611
f 2606 2605 2607
f 2608 2606 2607
f 2602 2601 2603
f 2604 2602 2603
f 2598 2597 2599
f 2600 2598 2599
f 2594 2593 2595
f 2596 2594 2595
f 2446 2445 2447
f 2448 2446 2447
f 2442 2441 2443
f 2444 2442 2443
f 2438 2437 2439
f 2440 2438 2439
f 2434 2433 2435
f 2436 2434 2435
f 1860 1859 1861
f 1862 1860 1861
f 1578 1577 1579
f 1578 1579 1580
f 1308 1307 1309
f 1310 1308 1309
f 1304 1303 1305
f 1306 1304 1305
f 1300 1299 1301
f 1302 1300 1301
f 1296 1295 1297
f 1298 1296 1297
f 1088 1087 1089
f 1090 1088 1089
f 1084 1083 1085
f 1086 1084 1085
f 1074 1073 1075
f 1076 1074 1075
f 1070 1069 1071
f 1072 1070 1071
f 888 887 889
f 888 889 890
f 884 883 885
f 886 884 885
f 880 879 881
f 882 880 881
f 678 677 679
f 680 678 679
f 662 661 663
f 664 662 663
f 596 595 597
f 598 596 597
f 592 591 593
f 594 592 593
f 470 469 471
f 470 471 472
f 466 465 467
f 468 466 467
f 1082 1081 1080
f 1081 1078 1080
f 1080 1078 1079
f 1078 1077 1079
f 1294 1293 1292
f 1293 1290 1292
f 1292 1290 1291
f 1290 1289 1291
f 402 401 403
f 404 402 403
f 3379 3378 3380
f 3381 3379 3380
f 3363 3362 3364
f 3365 3363 3364
f 3359 3358 3360
f 3361 3359 3360
f 3349 3348 3350
f 3351 3349 3350
f 3333 3332 3334
f 3335 3333 3334
f 3329 3328 3330
f 3331 3329 3330
f 2316 2315 2317
f 2318 2316 2317
f 2304 2303 2305
f 2306 2304 2305
f 2300 2299 2301
f 2302 2300 2301
f 2296 2295 2297
f 2298 2296 2297
f 2284 2283 2285
f 2286 2284 2285
f 2280 2279 2281
f 2282 2280 2281
f 1560 1559 1561
f 1562 1560 1561
f 1544 1543 1545
f 1546 1544 1545
f 1540 1539 1541
f 1542 1540 1541
f 1530 1529 1531
f 1532 1530 1531
f 1514 1513 1515
f 1516 1514 1515
f 1510 1509 1511
f 1512 1510 1511
f 870 869 871
f 872 870 871
f 854 853 855
f 856 854 855
f 850 849 851
f 852 850 851
f 840 839 841
f 842 840 841
f 824 823 825
f 826 824 825
f 820 819 821
f 822 820 821
f 452 451 453
f 454 452 453
f 436 435 437
f 438 436 437
f 432 431 433
f 434 432 433
f 422 421 423
f 424 422 423
f 406 405 407
f 408 406 407
f 418 417 419
f 420 418 419
f 414 413 415
f 416 414 415
f 410 409 411
f 412 410 411
f 4043 4042 4044
f 4043 4044 4045
f 3671 3670 3672
f 3671 3672 3673
f 3375 3374 3376
f 3377 3375 3376
f 3371 3370 3372
f 3373 3371 3372
f 3367 3366 3368
f 3369 3367 3368
f 3345 3344 3346
f 3347 3345 3346
f 3341 3340 3342
f 3343 3341 3342
f 3337 3336 3338
f 3339 3337 3338
f 2312 2311 2313
f 2314 2312 2313
f 2308 2307 2309
f 2310 2308 2309
f 2292 2291 2293
f 2294 2292 2293
f 2288 2287 2289
f 2290 2288 2289
f 1872 1871 1873
f 1872 1873 1874
f 1556 1555 1557
f 1558 1556 1557
f 1552 1551 1553
f 1554 1552 1553
f 1548 1547 1549
f 1550 1548 1549
f 1526 1525 1527
f 1528 1526 1527
f 1522 1521 1523
f 1524 1522 1523
f 1518 1517 1519
f 1520 1518 1519
f 866 865 867
f 868 866 867
f 862 861 863
f 864 862 863
f 858 857 859
f 860 858 859
f 836 835 837
f 838 836 837
f 832 831 833
f 834 832 833
f 828 827 829
f 830 828 829
f 744 743 745
f 744 745 746
f 448 447 449
f 450 448 449
f 444 443 445
f 446 444 445
f 440 439 441
f 442 440 441
f 3383 3382 3384
f 3384 3382 3385
f 3382 3386 3385
f 3386 3387 3385
f 3353 3352 3354
f 3354 3352 3355
f 3352 3356 3355
f 3356 3357 3355
f 1567 1568 1566
f 1563 1567 1566
f 1565 1563 1566
f 1564 1563 1565
f 429 430 428
f 425 429 428
f 427 425 428
f 426 425 427
f 456 455 457
f 457 455 458
f 455 459 458
f 459 460 458
f 1534 1533 1535
f 1535 1533 1536
f 1533 1537 1536
f 1537 1538 1536
f 844 843 845
f 845 843 846
f 843 847 846
f 847 848 846
f 874 873 875
f 875 873 876
f 873 877 876
f 877 878 876
f 1574 1573 1575
f 1576 1574 1575
f 2120 2119 2121
f 2122 2120 2121
f 2116 2115 2117
f 2118 2116 2117
f 2112 2111 2113
f 2114 2112 2113
f 1868 1867 1869
f 1870 1868 1869
f 1794 1793 1795
f 1796 1794 1795
f 1778 1777 1779
f 1780 1778 1779
f 1704 1703 1705
f 1706 1704 1705
f 1700 1699 1701
f 1702 1700 1701
f 2124 2123 2125
f 2123 2126 2125
f 2128 2127 2129
f 2130 2128 2129
f 2140 2139 2141
f 2142 2140 2141
f 2136 2135 2137
f 2138 2136 2137
f 2132 2131 2133
f 2134 2132 2133
f 2144 2146 2143
f 2144 2143 2145
f 2148 2147 2149
f 2147 2150 2149
f 2976 2975 2977
f 2975 2978 2977
f 3139 3141 3138
f 3139 3138 3140
f 3959 3958 3960
f 3960 3961 3959
