# from AsylumDistrict_NorthFace_Generic_0020_LOD_0.pskx
v -737.4984741210938 1155.0059814453125 3.4967231385962805e-06
v -977.5009155273438 1155.0059814453125 -6.9941170295351185e-06
v -737.4984741210938 1155.0059814453125 10.000003814697266
v -977.5009155273438 1155.0059814453125 9.999993324279785
v -977.5009765625 1155.0059814453125 -6.994119758019224e-06
v -977.5009765625 915.0035400390625 1.3987566489959136e-05
v -977.5009765625 1155.0059814453125 9.999993324279785
v -977.5009765625 915.0035400390625 10.000014305114746
v -977.5009765625 915.0035400390625 1.3987566489959136e-05
v -737.49853515625 915.0035400390625 2.4478405975969508e-05
v -977.5009765625 915.0035400390625 10.000014305114746
v -737.49853515625 915.0035400390625 10.000024795532227
v -737.4984741210938 915.0035400390625 2.4478409613948315e-05
v -737.4984741210938 1155.0059814453125 3.4967222291015787e-06
v -737.4984741210938 915.0035400390625 10.000024795532227
v -737.4984741210938 1155.0059814453125 10.000003814697266
v -977.5009765625 1155.0059814453125 9.999993324279785
v -977.5009765625 915.0035400390625 10.000014305114746
v -737.4984741210938 1155.0059814453125 10.000003814697266
v -737.4984741210938 915.0035400390625 10.000024795532227
v -747.4992065429688 1145.0023193359375 10.000003814697266
v -967.5003662109375 1145.0023193359375 9.999994277954102
v -747.4992065429688 1145.0023193359375 90.0
v -967.5003662109375 1145.0023193359375 89.99998474121094
v -967.5003662109375 1145.0023193359375 9.999994277954102
v -967.5003662109375 925.0010986328125 10.00001335144043
v -967.5003662109375 1145.0023193359375 89.99998474121094
v -967.5003662109375 925.0011596679688 90.00000762939453
v -967.5003662109375 925.0010986328125 10.00001335144043
v -747.4992065429688 925.0010986328125 10.000022888183594
v -967.5003662109375 925.0011596679688 90.00000762939453
v -747.4992065429688 925.0011596679688 90.0000228881836
v -747.4991455078125 925.0010986328125 10.000022888183594
v -747.4992065429688 1145.0023193359375 10.000003814697266
v -747.4991455078125 925.0011596679688 90.0000228881836
v -747.4992065429688 1145.0023193359375 90.0
v -977.5009765625 1155.0059814453125 89.99999237060547
v -967.5003662109375 1145.0023193359375 89.99999237060547
v -977.5009765625 915.0035400390625 90.00001525878906
v -747.4992065429688 1145.0023193359375 90.00000762939453
v -737.4984741210938 1155.0059814453125 90.00000762939453
v -747.4991455078125 925.0011596679688 90.00003051757812
v -737.4984741210938 915.0035400390625 90.00003051757812
v -967.5003662109375 925.0011596679688 90.00001525878906
v -737.4984741210938 1155.0059814453125 90.00000762939453
v -977.5009155273438 1155.0059814453125 89.99999237060547
v -737.4984741210938 1155.0059814453125 100.00000762939453
v -977.5009155273438 1155.0059814453125 99.99999237060547
v -977.5009765625 1155.0059814453125 89.99999237060547
v -977.5009765625 915.0035400390625 90.00001525878906
v -977.5009765625 1155.0059814453125 99.99999237060547
v -977.5009765625 915.0035400390625 100.00001525878906
v -977.5009765625 915.0035400390625 90.00001525878906
v -737.49853515625 915.0035400390625 90.00003051757812
v -977.5009765625 915.0035400390625 100.00001525878906
v -737.49853515625 915.0035400390625 100.00003051757812
v -737.4984741210938 915.0035400390625 90.00003051757812
v -737.4984741210938 1155.0059814453125 90.00000762939453
v -737.4984741210938 915.0035400390625 100.00003051757812
v -737.4984741210938 1155.006103515625 100.00000762939453
v -977.5009765625 1155.0059814453125 99.99999237060547
v -977.5009765625 915.0035400390625 100.00001525878906
v -967.5003662109375 1145.0023193359375 99.99999237060547
v -747.4992065429688 1145.0023193359375 100.00000762939453
v -747.4991455078125 925.0011596679688 100.00003051757812
v -737.4984741210938 1155.0059814453125 100.00000762939453
v -737.4984741210938 915.0035400390625 100.00003051757812
v -967.5003662109375 925.0011596679688 100.00001525878906
v -747.4992065429688 1145.0023193359375 100.00000762939453
v -967.5003662109375 1145.0023193359375 99.99999237060547
v -755.8060913085938 1145.0023193359375 103.43509674072266
v -892.3966674804688 1145.0023193359375 159.13510131835938
v -957.7966918945312 1145.0023193359375 159.13510131835938
v -747.4992065429688 1145.0023193359375 160.0
v -755.8060913085938 1145.0023193359375 159.13510131835938
v -889.3945922851562 1145.0023193359375 159.13510131835938
v -823.9945678710938 1145.0023193359375 159.13510131835938
v -821.2061157226562 1145.0023193359375 159.13510131835938
v -967.5003662109375 1145.0023193359375 160.0
v -821.2061157226562 1145.0023193359375 103.43509674072266
v -957.7966918945312 1145.0023193359375 103.43508911132812
v -823.9945678710938 1145.0023193359375 103.43509674072266
v -889.3945922851562 1145.0023193359375 103.43509674072266
v -892.3966674804688 1145.0023193359375 103.43509674072266
v -967.5003662109375 1145.0023193359375 99.99999237060547
v -967.5003662109375 925.0011596679688 100.00001525878906
v -967.5003662109375 1136.6954345703125 103.43508911132812
v -967.5003662109375 1000.1048583984375 159.13511657714844
v -967.5003662109375 934.704833984375 159.13511657714844
v -967.5003662109375 1145.0023193359375 160.0
v -967.5003662109375 1136.6954345703125 159.13510131835938
v -967.5003662109375 1003.10693359375 159.13511657714844
v -967.5003662109375 1068.5069580078125 159.13510131835938
v -967.5003662109375 1071.29541015625 159.13510131835938
v -967.5003662109375 925.0011596679688 160.00001525878906
v -967.5003662109375 1071.29541015625 103.43509674072266
v -967.5003662109375 934.704833984375 103.43510437011719
v -967.5003662109375 1068.5069580078125 103.43509674072266
v -967.5003662109375 1003.10693359375 103.43510437011719
v -967.5003662109375 1000.1048583984375 103.43510437011719
v -967.5003662109375 925.0011596679688 100.00001525878906
v -747.4992065429688 925.0011596679688 100.00003051757812
v -959.1934814453125 925.0011596679688 103.43511199951172
v -822.6029052734375 925.0011596679688 159.13511657714844
v -757.202880859375 925.0011596679688 159.13511657714844
v -967.5003662109375 925.0011596679688 160.00001525878906
v -959.1934814453125 925.0011596679688 159.13511657714844
v -825.60498046875 925.0011596679688 159.13511657714844
v -891.0050048828125 925.0011596679688 159.13511657714844
v -893.79345703125 925.0011596679688 159.13511657714844
v -747.4992065429688 925.0011596679688 160.00001525878906
v -893.79345703125 925.0011596679688 103.43511962890625
v -757.202880859375 925.0011596679688 103.43511962890625
v -891.0050048828125 925.0011596679688 103.43511962890625
v -825.60498046875 925.0011596679688 103.43511962890625
v -822.6029052734375 925.0011596679688 103.43511962890625
v -747.4991455078125 925.0011596679688 100.00003051757812
v -747.4992065429688 1145.0023193359375 100.00000762939453
v -747.4991455078125 933.3080444335938 103.43511962890625
v -747.4992065429688 1069.898681640625 159.13510131835938
v -747.4992065429688 1135.298583984375 159.13510131835938
v -747.4992065429688 925.0011596679688 160.00001525878906
v -747.4992065429688 933.3080444335938 159.13511657714844
v -747.4992065429688 1066.896484375 159.13510131835938
v -747.4992065429688 1001.4965209960938 159.13511657714844
v -747.4992065429688 998.7080078125 159.13511657714844
v -747.4992065429688 1145.0023193359375 160.0
v -747.4992065429688 998.7080078125 103.43511962890625
v -747.4992065429688 1135.298583984375 103.43510437011719
v -747.4992065429688 1001.4965209960938 103.43511962890625
v -747.4992065429688 1066.896484375 103.43511199951172
v -747.4992065429688 1069.898681640625 103.43511199951172
v -821.2061157226562 1139.21923828125 159.13510131835938
v -755.8060913085938 1145.0023193359375 159.13510131835938
v -755.8060913085938 1139.21923828125 159.13510131835938
v -821.2061157226562 1145.0023193359375 159.13510131835938
v -821.2061157226562 1139.21923828125 103.43509674072266
v -755.8060913085938 1139.21923828125 103.43509674072266
v -755.8060913085938 1145.0023193359375 103.43509674072266
v -821.2061157226562 1145.0023193359375 103.43509674072266
v -755.8060913085938 1139.21923828125 159.13510131835938
v -755.8060913085938 1145.0023193359375 103.43509674072266
v -755.8060913085938 1139.21923828125 103.43509674072266
v -755.8060913085938 1145.0023193359375 159.13510131835938
v -821.2061157226562 1139.21923828125 159.13510131835938
v -821.2061157226562 1139.21923828125 103.43509674072266
v -821.2061157226562 1145.0023193359375 103.43509674072266
v -821.2061157226562 1145.0023193359375 159.13510131835938
v -889.3945922851562 1139.21923828125 159.13510131835938
v -823.9945678710938 1145.0023193359375 159.13510131835938
v -823.9945678710938 1139.21923828125 159.13510131835938
v -889.3945922851562 1145.0023193359375 159.13510131835938
v -889.3945922851562 1139.21923828125 103.43509674072266
v -823.9945678710938 1139.21923828125 103.43509674072266
v -823.9945678710938 1145.0023193359375 103.43509674072266
v -889.3945922851562 1145.0023193359375 103.43509674072266
v -823.9945678710938 1139.21923828125 159.13510131835938
v -823.9945678710938 1145.0023193359375 103.43509674072266
v -823.9945678710938 1139.21923828125 103.43509674072266
v -823.9945678710938 1145.0023193359375 159.13510131835938
v -889.3945922851562 1139.21923828125 159.13510131835938
v -889.3945922851562 1139.21923828125 103.43509674072266
v -889.3945922851562 1145.0023193359375 103.43509674072266
v -889.3945922851562 1145.0023193359375 159.13510131835938
v -957.7966918945312 1139.21923828125 159.13510131835938
v -892.3966674804688 1145.0023193359375 159.13510131835938
v -892.3966674804688 1139.21923828125 159.13510131835938
v -957.7966918945312 1145.0023193359375 159.13510131835938
v -957.7966918945312 1139.21923828125 103.43508911132812
v -892.3966674804688 1139.21923828125 103.43509674072266
v -892.3966674804688 1145.0023193359375 103.43509674072266
v -957.7966918945312 1145.0023193359375 103.43508911132812
v -892.3966674804688 1139.21923828125 159.13510131835938
v -892.3966674804688 1145.0023193359375 103.43509674072266
v -892.3966674804688 1139.21923828125 103.43509674072266
v -892.3966674804688 1145.0023193359375 159.13510131835938
v -957.7966918945312 1139.21923828125 159.13510131835938
v -957.7966918945312 1139.21923828125 103.43508911132812
v -957.7966918945312 1145.0023193359375 103.43508911132812
v -957.7966918945312 1145.0023193359375 159.13510131835938
v -967.5003662109375 1136.6954345703125 159.13510131835938
v -961.71728515625 1136.6954345703125 159.13510131835938
v -967.5003662109375 1071.29541015625 159.13510131835938
v -961.71728515625 1071.29541015625 159.13510131835938
v -967.5003662109375 1136.6954345703125 103.43508911132812
v -967.5003662109375 1071.29541015625 103.43509674072266
v -961.71728515625 1136.6954345703125 103.43508911132812
v -961.71728515625 1071.29541015625 103.43509674072266
v -961.71728515625 1136.6954345703125 159.13510131835938
v -967.5003662109375 1136.6954345703125 103.43508911132812
v -961.71728515625 1136.6954345703125 103.43508911132812
v -967.5003662109375 1136.6954345703125 159.13510131835938
v -961.71728515625 1071.29541015625 159.13510131835938
v -961.71728515625 1071.29541015625 103.43509674072266
v -967.5003662109375 1071.29541015625 103.43509674072266
v -967.5003662109375 1071.29541015625 159.13510131835938
v -967.5003662109375 1068.5069580078125 159.13510131835938
v -961.71728515625 1068.5069580078125 159.13510131835938
v -967.5003662109375 1003.10693359375 159.13511657714844
v -961.71728515625 1003.10693359375 159.13511657714844
v -967.5003662109375 1068.5069580078125 103.43509674072266
v -967.5003662109375 1003.10693359375 103.43510437011719
v -961.71728515625 1068.5069580078125 103.43509674072266
v -961.71728515625 1003.10693359375 103.43510437011719
v -961.71728515625 1068.5069580078125 159.13510131835938
v -967.5003662109375 1068.5069580078125 103.43509674072266
v -961.71728515625 1068.5069580078125 103.43509674072266
v -967.5003662109375 1068.5069580078125 159.13510131835938
v -961.71728515625 1003.10693359375 159.13511657714844
v -961.71728515625 1003.10693359375 103.43510437011719
v -967.5003662109375 1003.10693359375 103.43510437011719
v -967.5003662109375 1003.10693359375 159.13511657714844
v -967.5003662109375 1000.1048583984375 159.13511657714844
v -961.71728515625 1000.1048583984375 159.13511657714844
v -967.5003662109375 934.704833984375 159.13511657714844
v -961.71728515625 934.704833984375 159.13511657714844
v -967.5003662109375 1000.1048583984375 103.43510437011719
v -967.5003662109375 934.704833984375 103.43510437011719
v -961.71728515625 1000.1048583984375 103.43510437011719
v -961.71728515625 934.704833984375 103.43510437011719
v -961.71728515625 1000.1048583984375 159.13511657714844
v -967.5003662109375 1000.1048583984375 103.43510437011719
v -961.71728515625 1000.1048583984375 103.43510437011719
v -967.5003662109375 1000.1048583984375 159.13511657714844
v -961.71728515625 934.704833984375 159.13511657714844
v -961.71728515625 934.704833984375 103.43510437011719
v -967.5003662109375 934.704833984375 103.43510437011719
v -967.5003662109375 934.704833984375 159.13511657714844
v -959.1934814453125 930.7842407226562 159.13511657714844
v -893.79345703125 930.7842407226562 159.13511657714844
v -959.1934814453125 925.0011596679688 159.13511657714844
v -893.79345703125 925.0011596679688 159.13511657714844
v -959.1934814453125 930.7842407226562 103.43510437011719
v -959.1934814453125 925.0011596679688 103.43511199951172
v -893.79345703125 930.7842407226562 103.43511199951172
v -893.79345703125 925.0011596679688 103.43511962890625
v -959.1934814453125 930.7842407226562 159.13511657714844
v -959.1934814453125 925.0011596679688 103.43511199951172
v -959.1934814453125 930.7842407226562 103.43510437011719
v -959.1934814453125 925.0011596679688 159.13511657714844
v -893.79345703125 930.7842407226562 159.13511657714844
v -893.79345703125 930.7842407226562 103.43511199951172
v -893.79345703125 925.0011596679688 103.43511962890625
v -893.79345703125 925.0011596679688 159.13511657714844
v -891.0050048828125 930.7842407226562 159.13511657714844
v -825.60498046875 930.7842407226562 159.13511657714844
v -891.0050048828125 925.0011596679688 159.13511657714844
v -825.60498046875 925.0011596679688 159.13511657714844
v -891.0050048828125 930.7842407226562 103.43511199951172
v -891.0050048828125 925.0011596679688 103.43511962890625
v -825.60498046875 930.7842407226562 103.43511199951172
v -825.60498046875 925.0011596679688 103.43511962890625
v -891.0050048828125 930.7842407226562 159.13511657714844
v -891.0050048828125 925.0011596679688 103.43511962890625
v -891.0050048828125 930.7842407226562 103.43511199951172
v -891.0050048828125 925.0011596679688 159.13511657714844
v -825.60498046875 930.7842407226562 159.13511657714844
v -825.60498046875 930.7842407226562 103.43511199951172
v -825.60498046875 925.0011596679688 103.43511962890625
v -825.60498046875 925.0011596679688 159.13511657714844
v -822.6029052734375 930.7842407226562 159.13511657714844
v -757.202880859375 930.7842407226562 159.13511657714844
v -822.6029052734375 925.0011596679688 159.13511657714844
v -757.202880859375 925.0011596679688 159.13511657714844
v -822.6029052734375 930.7842407226562 103.43511199951172
v -822.6029052734375 925.0011596679688 103.43511962890625
v -757.202880859375 930.7842407226562 103.43511199951172
v -757.202880859375 925.0011596679688 103.43511962890625
v -822.6029052734375 930.7842407226562 159.13511657714844
v -822.6029052734375 925.0011596679688 103.43511962890625
v -822.6029052734375 930.7842407226562 103.43511199951172
v -822.6029052734375 925.0011596679688 159.13511657714844
v -757.202880859375 930.7842407226562 159.13511657714844
v -757.202880859375 930.7842407226562 103.43511199951172
v -757.202880859375 925.0011596679688 103.43511962890625
v -757.202880859375 925.0011596679688 159.13511657714844
v -753.2822875976562 933.3080444335938 159.13511657714844
v -747.4992065429688 998.7080078125 159.13511657714844
v -747.4992065429688 933.3080444335938 159.13511657714844
v -753.2822875976562 998.7080078125 159.13511657714844
v -753.2822875976562 933.3080444335938 103.43511199951172
v -747.4991455078125 933.3080444335938 103.43511962890625
v -747.4992065429688 998.7080078125 103.43511962890625
v -753.2822875976562 998.7080078125 103.43511199951172
v -753.2822875976562 933.3080444335938 159.13511657714844
v -747.4991455078125 933.3080444335938 103.43511962890625
v -753.2822875976562 933.3080444335938 103.43511199951172
v -747.4992065429688 933.3080444335938 159.13511657714844
v -753.2822875976562 998.7080078125 159.13511657714844
v -753.2822875976562 998.7080078125 103.43511199951172
v -747.4992065429688 998.7080078125 103.43511962890625
v -747.4992065429688 998.7080078125 159.13511657714844
v -753.2822875976562 1001.4965209960938 159.13511657714844
v -747.4992065429688 1066.896484375 159.13510131835938
v -747.4992065429688 1001.4965209960938 159.13511657714844
v -753.2822875976562 1066.896484375 159.13510131835938
v -753.2822875976562 1001.4965209960938 103.43511199951172
v -747.4992065429688 1001.4965209960938 103.43511962890625
v -747.4992065429688 1066.896484375 103.43511199951172
v -753.2822875976562 1066.896484375 103.43510437011719
v -753.2822875976562 1001.4965209960938 159.13511657714844
v -747.4992065429688 1001.4965209960938 103.43511962890625
v -753.2822875976562 1001.4965209960938 103.43511199951172
v -747.4992065429688 1001.4965209960938 159.13511657714844
v -753.2822875976562 1066.896484375 159.13510131835938
v -753.2822875976562 1066.896484375 103.43510437011719
v -747.4992065429688 1066.896484375 103.43511199951172
v -747.4992065429688 1066.896484375 159.13510131835938
v -753.2822875976562 1069.898681640625 159.13510131835938
v -747.4992065429688 1135.298583984375 159.13510131835938
v -747.4992065429688 1069.898681640625 159.13510131835938
v -753.2822875976562 1135.298583984375 159.13510131835938
v -753.2822875976562 1069.898681640625 103.43510437011719
v -747.4992065429688 1069.898681640625 103.43511199951172
v -747.4992065429688 1135.298583984375 103.43510437011719
v -753.2822875976562 1135.298583984375 103.43509674072266
v -753.2822875976562 1069.898681640625 159.13510131835938
v -747.4992065429688 1069.898681640625 103.43511199951172
v -753.2822875976562 1069.898681640625 103.43510437011719
v -747.4992065429688 1069.898681640625 159.13510131835938
v -753.2822875976562 1135.298583984375 159.13510131835938
v -753.2822875976562 1135.298583984375 103.43509674072266
v -747.4992065429688 1135.298583984375 103.43510437011719
v -747.4992065429688 1135.298583984375 159.13510131835938
v -977.5009765625 1155.0059814453125 160.0
v -967.5003662109375 1145.0023193359375 160.0
v -977.5009765625 915.0035400390625 160.00001525878906
v -747.4992065429688 1145.0023193359375 160.0
v -737.4984741210938 1155.0059814453125 160.0
v -747.4992065429688 925.0011596679688 160.00001525878906
v -737.4984741210938 915.0035400390625 160.00001525878906
v -967.5003662109375 925.0011596679688 160.00001525878906
v -737.4984741210938 1155.0059814453125 160.0
v -977.5009155273438 1155.0059814453125 160.0
v -737.4984741210938 1155.0059814453125 170.0
v -977.5009765625 1155.0059814453125 170.0
v -977.5009765625 1155.0059814453125 160.0
v -977.5009765625 915.0035400390625 160.00001525878906
v -977.5009765625 1155.0059814453125 170.0
v -977.5009765625 915.0035400390625 170.00001525878906
v -977.5009765625 915.0035400390625 160.00001525878906
v -737.49853515625 915.0035400390625 160.00001525878906
v -977.5009765625 915.0035400390625 170.00001525878906
v -737.49853515625 915.0035400390625 170.00001525878906
v -737.4984741210938 915.0035400390625 160.00001525878906
v -737.4984741210938 1155.006103515625 160.0
v -737.4984741210938 915.0035400390625 170.00001525878906
v -737.4984741210938 1155.006103515625 170.0
v -737.4984741210938 1155.0059814453125 170.0
v -977.5009765625 1155.0059814453125 170.0
v -851.39794921875 1041.10205078125 190.00001525878906
v -863.6009521484375 1041.10205078125 190.00001525878906
v -977.5009765625 1155.0059814453125 170.0
v -977.5009765625 915.0035400390625 170.00001525878906
v -863.6010131835938 1041.10205078125 190.00001525878906
v -863.6010131835938 1028.8985595703125 190.00001525878906
v -977.5009765625 915.0035400390625 170.00001525878906
v -737.49853515625 915.0035400390625 170.00001525878906
v -863.6010131835938 1028.8985595703125 190.00003051757812
v -851.3980102539062 1028.8985595703125 190.00003051757812
v -737.4984741210938 915.0035400390625 170.00001525878906
v -737.4984741210938 1155.006103515625 170.0
v -851.3980102539062 1028.8985595703125 190.00003051757812
v -851.3980102539062 1041.10205078125 190.00003051757812
v -863.6010131835938 1041.10205078125 190.00003051757812
v -863.6010131835938 1028.8985595703125 190.00003051757812
v -851.3980102539062 1041.10205078125 190.00003051757812
v -851.3980102539062 1028.8985595703125 190.00003051757812
v -807.502685546875 -874.9927978515625 99.99996948242188
v -1047.505126953125 -874.9927978515625 99.99996185302734
v -807.502685546875 -874.9927978515625 109.9999771118164
v -1047.505126953125 -874.9927978515625 109.99996948242188
v -1047.5052490234375 -874.9927978515625 99.99996185302734
v -1047.5052490234375 -1114.9952392578125 99.99998474121094
v -1047.5052490234375 -874.9927978515625 109.99996948242188
v -1047.5052490234375 -1114.9952392578125 109.99999237060547
v -1047.5052490234375 -1114.9952392578125 99.99998474121094
v -807.5027465820312 -1114.9952392578125 99.99999237060547
v -1047.5052490234375 -1114.9952392578125 109.99999237060547
v -807.5027465820312 -1114.9952392578125 110.0
v -807.502685546875 -1114.9952392578125 99.99999237060547
v -807.502685546875 -874.9927978515625 99.99996948242188
v -807.502685546875 -1114.9952392578125 110.0
v -807.502685546875 -874.9927978515625 109.9999771118164
v -1047.5052490234375 -874.9927978515625 109.99996948242188
v -1047.5052490234375 -1114.9952392578125 109.99999237060547
v -807.502685546875 -874.9927978515625 109.9999771118164
v -807.502685546875 -1114.9952392578125 110.0
v -817.50341796875 -884.9964599609375 109.9999771118164
v -1037.504638671875 -884.9964599609375 109.99996948242188
v -817.50341796875 -884.9964599609375 189.99996948242188
v -1037.504638671875 -884.9964599609375 189.9999542236328
v -1037.504638671875 -884.9964599609375 109.99996948242188
v -1037.504638671875 -1104.9976806640625 109.99999237060547
v -1037.504638671875 -884.9964599609375 189.9999542236328
v -1037.504638671875 -1104.9976806640625 189.99996948242188
v -1037.504638671875 -1104.9976806640625 109.99999237060547
v -817.50341796875 -1104.9976806640625 110.0
v -1037.504638671875 -1104.9976806640625 189.99996948242188
v -817.50341796875 -1104.9976806640625 189.99998474121094
v -817.50341796875 -1104.9976806640625 110.0
v -817.50341796875 -884.9964599609375 109.9999771118164
v -817.50341796875 -1104.9976806640625 189.99998474121094
v -817.50341796875 -884.9964599609375 189.99996948242188
v -1047.5052490234375 -874.9927978515625 189.99996948242188
v -1037.504638671875 -884.9964599609375 189.99996948242188
v -1047.5052490234375 -1114.9952392578125 189.99998474121094
v -817.50341796875 -884.9964599609375 189.99998474121094
v -807.502685546875 -874.9927978515625 189.99998474121094
v -817.50341796875 -1104.9976806640625 190.0
v -807.502685546875 -1114.9952392578125 190.0
v -1037.504638671875 -1104.9976806640625 189.99998474121094
v -807.502685546875 -874.9927978515625 189.99998474121094
v -1047.505126953125 -874.9927978515625 189.99996948242188
v -807.502685546875 -874.9927978515625 199.99998474121094
v -1047.505126953125 -874.9927978515625 199.99996948242188
v -1047.5052490234375 -874.9927978515625 189.99996948242188
v -1047.5052490234375 -1114.9952392578125 189.99998474121094
v -1047.5052490234375 -874.9927978515625 199.99996948242188
v -1047.5052490234375 -1114.9952392578125 199.99998474121094
v -1047.5052490234375 -1114.9952392578125 189.99998474121094
v -807.5027465820312 -1114.9952392578125 190.0
v -1047.5052490234375 -1114.9952392578125 199.99998474121094
v -807.5027465820312 -1114.9952392578125 200.0
v -807.502685546875 -1114.9952392578125 190.0
v -807.502685546875 -874.9927978515625 189.99998474121094
v -807.502685546875 -1114.9952392578125 200.0
v -807.502685546875 -874.9927978515625 199.99998474121094
v -1047.5052490234375 -874.9927978515625 199.99996948242188
v -1047.5052490234375 -1114.9952392578125 199.99998474121094
v -1037.504638671875 -884.9964599609375 199.99996948242188
v -817.50341796875 -884.9964599609375 199.99998474121094
v -817.50341796875 -1104.9976806640625 200.0
v -807.502685546875 -874.9927978515625 199.99998474121094
v -807.502685546875 -1114.9952392578125 200.0
v -1037.504638671875 -1104.9976806640625 199.99998474121094
v -817.50341796875 -884.9964599609375 199.99998474121094
v -1037.504638671875 -884.9964599609375 199.99996948242188
v -825.810302734375 -884.9964599609375 203.43507385253906
v -962.40087890625 -884.9964599609375 259.13507080078125
v -1027.8009033203125 -884.9964599609375 259.13507080078125
v -817.50341796875 -884.9964599609375 259.9999694824219
v -825.810302734375 -884.9964599609375 259.13507080078125
v -959.3988037109375 -884.9964599609375 259.13507080078125
v -893.998779296875 -884.9964599609375 259.13507080078125
v -891.2103271484375 -884.9964599609375 259.13507080078125
v -1037.504638671875 -884.9964599609375 259.9999694824219
v -891.2103271484375 -884.9964599609375 203.43507385253906
v -1027.8009033203125 -884.9964599609375 203.43505859375
v -893.998779296875 -884.9964599609375 203.43507385253906
v -959.3988037109375 -884.9964599609375 203.43507385253906
v -962.40087890625 -884.9964599609375 203.43507385253906
v -1037.504638671875 -884.9964599609375 199.99996948242188
v -1037.504638671875 -1104.9976806640625 199.99998474121094
v -1037.504638671875 -893.3033447265625 203.43505859375
v -1037.504638671875 -1029.8939208984375 259.13507080078125
v -1037.504638671875 -1095.2938232421875 259.13507080078125
v -1037.504638671875 -884.9964599609375 259.9999694824219
v -1037.504638671875 -893.3033447265625 259.13507080078125
v -1037.504638671875 -1026.8917236328125 259.13507080078125
v -1037.504638671875 -961.4918212890625 259.13507080078125
v -1037.504638671875 -958.7032470703125 259.13507080078125
v -1037.504638671875 -1104.9976806640625 259.9999694824219
v -1037.504638671875 -958.7032470703125 203.43505859375
v -1037.504638671875 -1095.2938232421875 203.43507385253906
v -1037.504638671875 -961.4918212890625 203.43505859375
v -1037.504638671875 -1026.8917236328125 203.43505859375
v -1037.504638671875 -1029.8939208984375 203.43505859375
v -1037.504638671875 -1104.9976806640625 199.99998474121094
v -817.50341796875 -1104.9976806640625 200.0
v -1029.19775390625 -1104.9976806640625 203.43507385253906
v -892.6071166992188 -1104.9976806640625 259.13507080078125
v -827.2070922851562 -1104.9976806640625 259.13507080078125
v -1037.504638671875 -1104.9976806640625 259.9999694824219
v -1029.19775390625 -1104.9976806640625 259.13507080078125
v -895.6091918945312 -1104.9976806640625 259.13507080078125
v -961.0092163085938 -1104.9976806640625 259.13507080078125
v -963.7977294921875 -1104.9976806640625 259.13507080078125
v -817.50341796875 -1104.9976806640625 259.9999694824219
v -963.7977294921875 -1104.9976806640625 203.43508911132812
v -827.2070922851562 -1104.9976806640625 203.43508911132812
v -961.0092163085938 -1104.9976806640625 203.43508911132812
v -895.6091918945312 -1104.9976806640625 203.43508911132812
v -892.6071166992188 -1104.9976806640625 203.43508911132812
v -817.50341796875 -1104.9976806640625 200.0
v -817.50341796875 -884.9964599609375 199.99998474121094
v -817.50341796875 -1096.6907958984375 203.43508911132812
v -817.50341796875 -960.1002197265625 259.13507080078125
v -817.50341796875 -894.7000732421875 259.13507080078125
v -817.50341796875 -1104.9976806640625 259.9999694824219
v -817.50341796875 -1096.6907958984375 259.13507080078125
v -817.50341796875 -963.1021728515625 259.13507080078125
v -817.50341796875 -1028.5023193359375 259.13507080078125
v -817.50341796875 -1031.2906494140625 259.13507080078125
v -817.50341796875 -884.9964599609375 259.9999694824219
v -817.50341796875 -1031.2906494140625 203.43507385253906
v -817.50341796875 -894.7000732421875 203.43507385253906
v -817.50341796875 -1028.5023193359375 203.43507385253906
v -817.50341796875 -963.1021728515625 203.43507385253906
v -817.50341796875 -960.1002197265625 203.43507385253906
v -891.2103271484375 -890.779541015625 259.13507080078125
v -825.810302734375 -884.9964599609375 259.13507080078125
v -825.810302734375 -890.779541015625 259.13507080078125
v -891.2103271484375 -884.9964599609375 259.13507080078125
v -891.2103271484375 -890.779541015625 203.43507385253906
v -825.810302734375 -890.779541015625 203.43507385253906
v -825.810302734375 -884.9964599609375 203.43507385253906
v -891.2103271484375 -884.9964599609375 203.43507385253906
v -825.810302734375 -890.779541015625 259.13507080078125
v -825.810302734375 -884.9964599609375 203.43507385253906
v -825.810302734375 -890.779541015625 203.43507385253906
v -825.810302734375 -884.9964599609375 259.13507080078125
v -891.2103271484375 -890.779541015625 259.13507080078125
v -891.2103271484375 -890.779541015625 203.43507385253906
v -891.2103271484375 -884.9964599609375 203.43507385253906
v -891.2103271484375 -884.9964599609375 259.13507080078125
v -959.3988037109375 -890.779541015625 259.13507080078125
v -893.998779296875 -884.9964599609375 259.13507080078125
v -893.998779296875 -890.779541015625 259.13507080078125
v -959.3988037109375 -884.9964599609375 259.13507080078125
v -959.3988037109375 -890.779541015625 203.43507385253906
v -893.998779296875 -890.779541015625 203.43507385253906
v -893.998779296875 -884.9964599609375 203.43507385253906
v -959.3988037109375 -884.9964599609375 203.43507385253906
v -893.998779296875 -890.779541015625 259.13507080078125
v -893.998779296875 -884.9964599609375 203.43507385253906
v -893.998779296875 -890.779541015625 203.43507385253906
v -893.998779296875 -884.9964599609375 259.13507080078125
v -959.3988037109375 -890.779541015625 259.13507080078125
v -959.3988037109375 -890.779541015625 203.43507385253906
v -959.3988037109375 -884.9964599609375 203.43507385253906
v -959.3988037109375 -884.9964599609375 259.13507080078125
v -1027.8009033203125 -890.779541015625 259.13507080078125
v -962.40087890625 -884.9964599609375 259.13507080078125
v -962.40087890625 -890.779541015625 259.13507080078125
v -1027.8009033203125 -884.9964599609375 259.13507080078125
v -1027.8009033203125 -890.779541015625 203.43505859375
v -962.40087890625 -890.779541015625 203.43507385253906
v -962.40087890625 -884.9964599609375 203.43507385253906
v -1027.8009033203125 -884.9964599609375 203.43505859375
v -962.40087890625 -890.779541015625 259.13507080078125
v -962.40087890625 -884.9964599609375 203.43507385253906
v -962.40087890625 -890.779541015625 203.43507385253906
v -962.40087890625 -884.9964599609375 259.13507080078125
v -1027.8009033203125 -890.779541015625 259.13507080078125
v -1027.8009033203125 -890.779541015625 203.43505859375
v -1027.8009033203125 -884.9964599609375 203.43505859375
v -1027.8009033203125 -884.9964599609375 259.13507080078125
v -1037.504638671875 -893.3033447265625 259.13507080078125
v -1031.7215576171875 -893.3033447265625 259.13507080078125
v -1037.504638671875 -958.7032470703125 259.13507080078125
v -1031.7215576171875 -958.7032470703125 259.13507080078125
v -1037.504638671875 -893.3033447265625 203.43505859375
v -1037.504638671875 -958.7032470703125 203.43505859375
v -1031.7215576171875 -893.3033447265625 203.43505859375
v -1031.7215576171875 -958.7032470703125 203.43505859375
v -1031.7215576171875 -893.3033447265625 259.13507080078125
v -1037.504638671875 -893.3033447265625 203.43505859375
v -1031.7215576171875 -893.3033447265625 203.43505859375
v -1037.504638671875 -893.3033447265625 259.13507080078125
v -1031.7215576171875 -958.7032470703125 259.13507080078125
v -1031.7215576171875 -958.7032470703125 203.43505859375
v -1037.504638671875 -958.7032470703125 203.43505859375
v -1037.504638671875 -958.7032470703125 259.13507080078125
v -1037.504638671875 -961.4918212890625 259.13507080078125
v -1031.7215576171875 -961.4918212890625 259.13507080078125
v -1037.504638671875 -1026.8917236328125 259.13507080078125
v -1031.7215576171875 -1026.8917236328125 259.13507080078125
v -1037.504638671875 -961.4918212890625 203.43505859375
v -1037.504638671875 -1026.8917236328125 203.43505859375
v -1031.7215576171875 -961.4918212890625 203.43505859375
v -1031.721435546875 -1026.8917236328125 203.43505859375
v -1031.7215576171875 -961.4918212890625 259.13507080078125
v -1037.504638671875 -961.4918212890625 203.43505859375
v -1031.7215576171875 -961.4918212890625 203.43505859375
v -1037.504638671875 -961.4918212890625 259.13507080078125
v -1031.7215576171875 -1026.8917236328125 259.13507080078125
v -1031.721435546875 -1026.8917236328125 203.43505859375
v -1037.504638671875 -1026.8917236328125 203.43505859375
v -1037.504638671875 -1026.8917236328125 259.13507080078125
v -1037.504638671875 -1029.8939208984375 259.13507080078125
v -1031.7215576171875 -1029.8939208984375 259.13507080078125
v -1037.504638671875 -1095.2938232421875 259.13507080078125
v -1031.721435546875 -1095.2938232421875 259.13507080078125
v -1037.504638671875 -1029.8939208984375 203.43505859375
v -1037.504638671875 -1095.2938232421875 203.43507385253906
v -1031.721435546875 -1029.8939208984375 203.43505859375
v -1031.721435546875 -1095.2938232421875 203.43507385253906
v -1031.7215576171875 -1029.8939208984375 259.13507080078125
v -1037.504638671875 -1029.8939208984375 203.43505859375
v -1031.721435546875 -1029.8939208984375 203.43505859375
v -1037.504638671875 -1029.8939208984375 259.13507080078125
v -1031.721435546875 -1095.2938232421875 259.13507080078125
v -1031.721435546875 -1095.2938232421875 203.43507385253906
v -1037.504638671875 -1095.2938232421875 203.43507385253906
v -1037.504638671875 -1095.2938232421875 259.13507080078125
v -1029.19775390625 -1099.2144775390625 259.13507080078125
v -963.7977294921875 -1099.2144775390625 259.13507080078125
v -1029.19775390625 -1104.9976806640625 259.13507080078125
v -963.7977294921875 -1104.9976806640625 259.13507080078125
v -1029.19775390625 -1099.2144775390625 203.43507385253906
v -1029.19775390625 -1104.9976806640625 203.43507385253906
v -963.7977294921875 -1099.2144775390625 203.43508911132812
v -963.7977294921875 -1104.9976806640625 203.43508911132812
v -1029.19775390625 -1099.2144775390625 259.13507080078125
v -1029.19775390625 -1104.9976806640625 203.43507385253906
v -1029.19775390625 -1099.2144775390625 203.43507385253906
v -1029.19775390625 -1104.9976806640625 259.13507080078125
v -963.7977294921875 -1099.2144775390625 259.13507080078125
v -963.7977294921875 -1099.2144775390625 203.43508911132812
v -963.7977294921875 -1104.9976806640625 203.43508911132812
v -963.7977294921875 -1104.9976806640625 259.13507080078125
v -961.0092163085938 -1099.2144775390625 259.13507080078125
v -895.6091918945312 -1099.2144775390625 259.13507080078125
v -961.0092163085938 -1104.9976806640625 259.13507080078125
v -895.6091918945312 -1104.9976806640625 259.13507080078125
v -961.0092163085938 -1099.2144775390625 203.43508911132812
v -961.0092163085938 -1104.9976806640625 203.43508911132812
v -895.6091918945312 -1099.2144775390625 203.43508911132812
v -895.6091918945312 -1104.9976806640625 203.43508911132812
v -961.0092163085938 -1099.2144775390625 259.13507080078125
v -961.0092163085938 -1104.9976806640625 203.43508911132812
v -961.0092163085938 -1099.2144775390625 203.43508911132812
v -961.0092163085938 -1104.9976806640625 259.13507080078125
v -895.6091918945312 -1099.2144775390625 259.13507080078125
v -895.6091918945312 -1099.2144775390625 203.43508911132812
v -895.6091918945312 -1104.9976806640625 203.43508911132812
v -895.6091918945312 -1104.9976806640625 259.13507080078125
v -892.6071166992188 -1099.2144775390625 259.13507080078125
v -827.2070922851562 -1099.2144775390625 259.13507080078125
v -892.6071166992188 -1104.9976806640625 259.13507080078125
v -827.2070922851562 -1104.9976806640625 259.13507080078125
v -892.6071166992188 -1099.2144775390625 203.43508911132812
v -892.6071166992188 -1104.9976806640625 203.43508911132812
v -827.2070922851562 -1099.2144775390625 203.43508911132812
v -827.2070922851562 -1104.9976806640625 203.43508911132812
v -892.6071166992188 -1099.2144775390625 259.13507080078125
v -892.6071166992188 -1104.9976806640625 203.43508911132812
v -892.6071166992188 -1099.2144775390625 203.43508911132812
v -892.6071166992188 -1104.9976806640625 259.13507080078125
v -827.2070922851562 -1099.2144775390625 259.13507080078125
v -827.2070922851562 -1099.2144775390625 203.43508911132812
v -827.2070922851562 -1104.9976806640625 203.43508911132812
v -827.2070922851562 -1104.9976806640625 259.13507080078125
v -823.2864990234375 -1096.6907958984375 259.13507080078125
v -817.50341796875 -1031.2906494140625 259.13507080078125
v -817.50341796875 -1096.6907958984375 259.13507080078125
v -823.2864990234375 -1031.2906494140625 259.13507080078125
v -823.2864990234375 -1096.6907958984375 203.43508911132812
v -817.50341796875 -1096.6907958984375 203.43508911132812
v -817.50341796875 -1031.2906494140625 203.43507385253906
v -823.2864990234375 -1031.2906494140625 203.43507385253906
v -823.2864990234375 -1096.6907958984375 259.13507080078125
v -817.50341796875 -1096.6907958984375 203.43508911132812
v -823.2864990234375 -1096.6907958984375 203.43508911132812
v -817.50341796875 -1096.6907958984375 259.13507080078125
v -823.2864990234375 -1031.2906494140625 259.13507080078125
v -823.2864990234375 -1031.2906494140625 203.43507385253906
v -817.50341796875 -1031.2906494140625 203.43507385253906
v -817.50341796875 -1031.2906494140625 259.13507080078125
v -823.2864990234375 -1028.5023193359375 259.13507080078125
v -817.50341796875 -963.1021728515625 259.13507080078125
v -817.50341796875 -1028.5023193359375 259.13507080078125
v -823.2864990234375 -963.1021728515625 259.13507080078125
v -823.2864990234375 -1028.5023193359375 203.43507385253906
v -817.50341796875 -1028.5023193359375 203.43507385253906
v -817.50341796875 -963.1021728515625 203.43507385253906
v -823.2864990234375 -963.1021728515625 203.43507385253906
v -823.2864990234375 -1028.5023193359375 259.13507080078125
v -817.50341796875 -1028.5023193359375 203.43507385253906
v -823.2864990234375 -1028.5023193359375 203.43507385253906
v -817.50341796875 -1028.5023193359375 259.13507080078125
v -823.2864990234375 -963.1021728515625 259.13507080078125
v -823.2864990234375 -963.1021728515625 203.43507385253906
v -817.50341796875 -963.1021728515625 203.43507385253906
v -817.50341796875 -963.1021728515625 259.13507080078125
v -823.2864990234375 -960.1002197265625 259.13507080078125
v -817.50341796875 -894.7000732421875 259.13507080078125
v -817.50341796875 -960.1002197265625 259.13507080078125
v -823.2864990234375 -894.7000732421875 259.13507080078125
v -823.2864990234375 -960.1002197265625 203.43507385253906
v -817.50341796875 -960.1002197265625 203.43507385253906
v -817.50341796875 -894.7000732421875 203.43507385253906
v -823.2864990234375 -894.7000732421875 203.43507385253906
v -823.2864990234375 -960.1002197265625 259.13507080078125
v -817.50341796875 -960.1002197265625 203.43507385253906
v -823.2864990234375 -960.1002197265625 203.43507385253906
v -817.50341796875 -960.1002197265625 259.13507080078125
v -823.2864990234375 -894.7000732421875 259.13507080078125
v -823.2864990234375 -894.7000732421875 203.43507385253906
v -817.50341796875 -894.7000732421875 203.43507385253906
v -817.50341796875 -894.7000732421875 259.13507080078125
v -1047.5052490234375 -874.9927978515625 259.9999694824219
v -1037.504638671875 -884.9964599609375 259.9999694824219
v -1047.5052490234375 -1114.9952392578125 259.9999694824219
v -817.50341796875 -884.9964599609375 259.9999694824219
v -807.502685546875 -874.9927978515625 259.9999694824219
v -817.50341796875 -1104.9976806640625 259.9999694824219
v -807.502685546875 -1114.9952392578125 259.9999694824219
v -1037.504638671875 -1104.9976806640625 259.9999694824219
v -807.502685546875 -874.9927978515625 259.9999694824219
v -1047.505126953125 -874.9927978515625 259.9999694824219
v -807.502685546875 -874.9927978515625 269.9999694824219
v -1047.505126953125 -874.9927978515625 269.9999694824219
v -1047.5052490234375 -874.9927978515625 259.9999694824219
v -1047.5052490234375 -1114.9952392578125 259.9999694824219
v -1047.5052490234375 -874.9927978515625 269.9999694824219
v -1047.5052490234375 -1114.9952392578125 269.9999694824219
v -1047.5052490234375 -1114.9952392578125 259.9999694824219
v -807.5027465820312 -1114.9952392578125 259.9999694824219
v -1047.5052490234375 -1114.9952392578125 269.9999694824219
v -807.5027465820312 -1114.9952392578125 269.9999694824219
v -807.502685546875 -1114.9952392578125 259.9999694824219
v -807.502685546875 -874.9927978515625 259.9999694824219
v -807.502685546875 -1114.9952392578125 269.9999694824219
v -807.502685546875 -874.9927978515625 269.9999694824219
v -807.502685546875 -874.9927978515625 269.9999694824219
v -1047.505126953125 -874.9927978515625 269.9999694824219
v -921.4021606445312 -988.8968505859375 289.9999694824219
v -933.6051635742188 -988.8968505859375 289.9999694824219
v -1047.5052490234375 -874.9927978515625 269.9999694824219
v -1047.5052490234375 -1114.9952392578125 269.9999694824219
v -933.605224609375 -988.8968505859375 289.9999694824219
v -933.605224609375 -1001.1002197265625 289.9999694824219
v -1047.5052490234375 -1114.9952392578125 269.9999694824219
v -807.5027465820312 -1114.9952392578125 269.9999694824219
v -933.605224609375 -1001.1002197265625 289.9999694824219
v -921.4022216796875 -1001.1002197265625 289.9999694824219
v -807.502685546875 -1114.9952392578125 269.9999694824219
v -807.502685546875 -874.9927978515625 269.9999694824219
v -921.4022216796875 -1001.1002197265625 289.9999694824219
v -921.4022216796875 -988.8968505859375 289.9999694824219
v -933.605224609375 -988.8968505859375 289.9999694824219
v -933.605224609375 -1001.1002197265625 289.9999694824219
v -921.4022216796875 -988.8968505859375 289.9999694824219
v -921.4022216796875 -1001.1002197265625 289.9999694824219
v -1377.497802734375 1135.0045166015625 -1510.0
v -1377.497802734375 -264.995361328125 -1509.9998779296875
v -1377.497802734375 1135.004638671875 -1210.0
v -1377.497802734375 -264.995361328125 -1209.9998779296875
v -1377.497802734375 -264.995361328125 -1509.9998779296875
v -1347.4990234375 -264.995361328125 -1509.9998779296875
v -1377.497802734375 -264.995361328125 -1209.9998779296875
v -1347.4990234375 -264.995361328125 -1209.9998779296875
v -1347.4990234375 -264.995361328125 -1509.9998779296875
v -1347.4990234375 1135.0045166015625 -1510.0
v -1347.4990234375 -264.995361328125 -1209.9998779296875
v -1347.4990234375 1135.004638671875 -1210.0
v -1377.497802734375 -264.9921875 -1209.9998779296875
v -1377.497802734375 1135.004638671875 -1010.0000610351562
v -1377.497802734375 -264.9921875 -1009.9999389648438
v -1377.497802734375 -264.9921875 -1209.9998779296875
v -1347.4990234375 -264.9921875 -1209.9998779296875
v -1377.497802734375 -264.9921875 -1009.9999389648438
v -1347.4990234375 -264.9921875 -1009.9999389648438
v -1347.4990234375 -264.9921875 -1209.9998779296875
v -1347.4990234375 -264.9921875 -1009.9999389648438
v -1347.4990234375 1135.004638671875 -1010.0000610351562
v -1377.4976806640625 -1454.9947509765625 -1009.9998168945312
v -1377.497802734375 1135.004638671875 -550.0001220703125
v -1377.497802734375 -1454.9947509765625 -549.9998779296875
v -1377.4976806640625 -1454.9947509765625 -1009.9998168945312
v -1347.4989013671875 -1454.9947509765625 -1009.9998168945312
v -1377.497802734375 -1454.9947509765625 -549.9998168945312
v -1347.4989013671875 -1454.9947509765625 -549.9998168945312
v -1377.497802734375 -1454.9947509765625 -549.9998168945312
v -1347.4989013671875 -1454.9947509765625 -549.9998168945312
v -1377.4976806640625 -1855.0006103515625 -549.9998168945312
v -1347.4989013671875 -1855.0006103515625 -549.9998168945312
v -1377.4976806640625 -1855.0006103515625 -549.9998168945312
v -1377.497802734375 1135.004638671875 -50.00006866455078
v -1377.497802734375 -1855.0006103515625 -49.99980545043945
v -1377.497802734375 1135.004638671875 -7.041368371574208e-05
v -1377.497802734375 -1855.0006103515625 0.00019098087796010077
v -1377.497802734375 1135.004638671875 -7.041368371574208e-05
v -1377.497802734375 -1855.0006103515625 0.00019098087796010077
v -207.5057373046875 -639.998291015625 0.00013590397429652512
v 432.4996337890625 1135.001708984375 8.704089850652963e-06
v 432.4967041015625 -1855.0006103515625 0.0002700982440728694
v 432.4967041015625 -1370.0001220703125 0.0002276981686009094
v -207.50567626953125 -1370.0001220703125 0.00019972276641055942
v 432.499755859375 -639.998291015625 0.00016387950745411217
v -1377.5009765625 1925.0008544921875 -1510.0001220703125
v -1377.5009765625 1135.00146484375 -1510.0
v -1377.5009765625 1925.0009765625 -50.000282287597656
v -1377.5009765625 1135.0015869140625 -50.000213623046875
v 432.4996337890625 1925.0009765625 -50.0000114440918
v -1377.5009765625 1925.0009765625 -50.000091552734375
v 432.4996337890625 1925.0009765625 -1.8636595996213146e-05
v -1377.5009765625 1925.0009765625 -9.775423677638173e-05
v -1377.5009765625 1925.0009765625 -50.000091552734375
v -1377.5009765625 1135.001708984375 -50.000022888183594
v -1377.5009765625 1925.0009765625 -9.179377229884267e-05
v -1377.5009765625 1135.001708984375 -2.2729842385160737e-05
v -1377.5009765625 1925.0009765625 -9.179377229884267e-05
v 432.4996337890625 1925.0009765625 -1.2676131518674083e-05
v -1377.497802734375 1735.004638671875 -1430.0
v -1527.497802734375 1735.004638671875 -1430.0
v -1377.497802734375 1735.004638671875 -310.0001220703125
v -1527.497802734375 1735.004638671875 -310.0001220703125
v -1527.497802734375 1735.004638671875 -1430.0
v -1527.497802734375 1262.4276123046875 -1430.0
v -1527.497802734375 1606.8612060546875 -1309.568603515625
v -1527.497802734375 1606.8612060546875 -1263.5687255859375
v -1527.497802734375 1396.861328125 -1263.5687255859375
v -1527.497802734375 1262.427734375 -1250.0
v -1527.497802734375 1138.9276123046875 -1250.0
v -1527.497802734375 1244.08349609375 -1215.2279052734375
v -1527.497802734375 1244.0836181640625 -1149.52783203125
v -1527.497802734375 1178.68359375 -1149.52783203125
v -1527.497802734375 1605.429931640625 -967.688720703125
v -1527.497802734375 1605.4300537109375 -830.688720703125
v -1527.497802734375 1479.4300537109375 -830.6886596679688
v -1527.497802734375 1582.181640625 -576.5953979492188
v -1527.497802734375 1582.1817626953125 -352.59539794921875
v -1527.497802734375 1162.1817626953125 -352.5953674316406
v -1527.497802734375 1735.004638671875 -310.0001220703125
v -1527.497802734375 1396.861328125 -1309.568603515625
v -1527.497802734375 1138.9276123046875 -1430.0
v -1527.497802734375 985.0045776367188 -1430.0
v -1527.497802734375 985.004638671875 -310.00006103515625
v -1527.497802734375 1162.1817626953125 -576.5953369140625
v -1527.497802734375 1479.429931640625 -967.6886596679688
v -1527.497802734375 1178.68359375 -1215.2279052734375
v -1527.497802734375 985.0045776367188 -1430.0
v -1377.497802734375 985.0045776367188 -1430.0
v -1527.497802734375 985.004638671875 -310.00006103515625
v -1377.497802734375 985.004638671875 -310.00006103515625
v -1527.497802734375 1582.1817626953125 -352.59539794921875
v -1517.497802734375 1582.1817626953125 -352.59539794921875
v -1527.497802734375 1162.1817626953125 -352.5953674316406
v -1517.497802734375 1162.1817626953125 -352.5953674316406
v -1527.497802734375 1582.181640625 -576.5953979492188
v -1527.497802734375 1162.1817626953125 -576.5953369140625
v -1517.497802734375 1582.181640625 -576.5953979492188
v -1517.497802734375 1162.1817626953125 -576.5953369140625
v -1517.497802734375 1582.1817626953125 -352.59539794921875
v -1527.497802734375 1582.181640625 -576.5953979492188
v -1517.497802734375 1582.181640625 -576.5953979492188
v -1527.497802734375 1582.1817626953125 -352.59539794921875
v -1517.497802734375 1162.1817626953125 -352.5953674316406
v -1517.497802734375 1162.1817626953125 -576.5953369140625
v -1527.497802734375 1162.1817626953125 -576.5953369140625
v -1527.497802734375 1162.1817626953125 -352.5953674316406
v -1527.497802734375 1605.4300537109375 -830.688720703125
v -1513.496337890625 1605.4300537109375 -830.688720703125
v -1527.497802734375 1479.4300537109375 -830.6886596679688
v -1513.496337890625 1479.4300537109375 -830.6886596679688
v -1527.497802734375 1605.429931640625 -967.688720703125
v -1527.497802734375 1479.429931640625 -967.6886596679688
v -1513.496337890625 1605.429931640625 -967.688720703125
v -1513.496337890625 1479.429931640625 -967.6886596679688
v -1513.496337890625 1605.4300537109375 -830.688720703125
v -1527.497802734375 1605.429931640625 -967.688720703125
v -1513.496337890625 1605.429931640625 -967.688720703125
v -1527.497802734375 1605.4300537109375 -830.688720703125
v -1513.496337890625 1479.4300537109375 -830.6886596679688
v -1513.496337890625 1479.429931640625 -967.6886596679688
v -1527.497802734375 1479.429931640625 -967.6886596679688
v -1527.497802734375 1479.4300537109375 -830.6886596679688
v -1527.497802734375 1262.427734375 -1250.0
v -1517.4971923828125 1262.427734375 -1250.0
v -1527.497802734375 1138.9276123046875 -1250.0
v -1517.4971923828125 1138.9276123046875 -1250.0
v -1527.497802734375 1262.4276123046875 -1505.0
v -1527.497802734375 1138.9276123046875 -1505.0
v -1517.4971923828125 1262.4276123046875 -1505.0
v -1517.4971923828125 1138.9276123046875 -1505.0
v -1517.4971923828125 1262.427734375 -1250.0
v -1527.497802734375 1262.4276123046875 -1505.0
v -1517.4971923828125 1262.4276123046875 -1505.0
v -1527.497802734375 1262.427734375 -1250.0
v -1517.4971923828125 1138.9276123046875 -1250.0
v -1517.4971923828125 1138.9276123046875 -1505.0
v -1527.497802734375 1138.9276123046875 -1505.0
v -1527.497802734375 1138.9276123046875 -1250.0
v -1527.497802734375 1606.8612060546875 -1263.5687255859375
v -1513.497802734375 1606.8612060546875 -1263.5687255859375
v -1527.497802734375 1396.861328125 -1263.5687255859375
v -1513.497802734375 1396.861328125 -1263.5687255859375
v -1527.497802734375 1606.8612060546875 -1309.568603515625
v -1527.497802734375 1396.861328125 -1309.568603515625
v -1513.497802734375 1606.8612060546875 -1309.568603515625
v -1513.497802734375 1396.861328125 -1309.568603515625
v -1513.497802734375 1606.8612060546875 -1263.5687255859375
v -1527.497802734375 1606.8612060546875 -1309.568603515625
v -1513.497802734375 1606.8612060546875 -1309.568603515625
v -1527.497802734375 1606.8612060546875 -1263.5687255859375
v -1513.497802734375 1396.861328125 -1263.5687255859375
v -1513.497802734375 1396.861328125 -1309.568603515625
v -1527.497802734375 1396.861328125 -1309.568603515625
v -1527.497802734375 1396.861328125 -1263.5687255859375
v -1377.497802734375 1735.004638671875 -1510.0
v -1527.497802734375 1735.004638671875 -1510.0
v -1527.497802734375 1735.004638671875 -1510.0
v -1527.497802734375 985.0045166015625 -1510.0
v -1527.497802734375 1262.4276123046875 -1505.0
v -1527.497802734375 1138.9276123046875 -1505.0
v -1527.497802734375 985.0045166015625 -1510.0
v -1377.497802734375 985.0045166015625 -1510.0
v -1377.497802734375 1735.004638671875 -290.0001220703125
v -1527.497802734375 1735.004638671875 -290.0001220703125
v -1527.497802734375 1735.004638671875 -290.0001220703125
v -1527.497802734375 985.004638671875 -290.00006103515625
v -1527.497802734375 985.004638671875 -290.00006103515625
v -1377.497802734375 985.004638671875 -290.00006103515625
v -1527.497802734375 1735.004638671875 -290.0001220703125
v -1527.497802734375 985.004638671875 -290.00006103515625
v -1377.497802734375 1735.004638671875 -290.0001220703125
v -1377.497802734375 985.004638671875 -290.00006103515625
v -1417.500244140625 -154.99169921875 -1509.9998779296875
v -1417.500244140625 -264.995361328125 -1509.9998779296875
v -1417.500244140625 -154.99169921875 -1109.9998779296875
v -1417.500244140625 -264.995361328125 -1109.9998779296875
v -1417.500244140625 -264.995361328125 -1509.9998779296875
v -1377.5008544921875 -264.995361328125 -1509.9998779296875
v -1417.500244140625 -264.995361328125 -1109.9998779296875
v -1377.5008544921875 -264.995361328125 -1109.9998779296875
v -1377.5008544921875 -264.995361328125 -1509.9998779296875
v -1377.5008544921875 -154.99169921875 -1509.9998779296875
v -1377.5008544921875 -264.995361328125 -1109.9998779296875
v -1377.5008544921875 -154.99169921875 -1109.9998779296875
v -1377.5008544921875 -154.99169921875 -1509.9998779296875
v -1417.500244140625 -154.99169921875 -1509.9998779296875
v -1377.5008544921875 -154.99169921875 -1109.9998779296875
v -1417.500244140625 -154.99169921875 -1109.9998779296875
v -1417.500244140625 -264.995361328125 -1109.9998779296875
v -1377.5008544921875 -264.995361328125 -1109.9998779296875
v -1417.500244140625 -924.9927978515625 -1109.9998779296875
v -1357.4996337890625 -924.9927978515625 -1109.9998779296875
v -1357.4996337890625 -154.99169921875 -1109.9998779296875
v -1377.5008544921875 -154.99169921875 -1109.9998779296875
v -1417.500244140625 -924.9927978515625 -1109.9998779296875
v -1417.500244140625 -154.9915771484375 -49.99991226196289
v -1417.500244140625 -924.9927978515625 -49.999847412109375
v -1417.500244140625 -924.9927978515625 -1109.9998779296875
v -1357.4996337890625 -924.9927978515625 -1109.9998779296875
v -1417.500244140625 -924.9927978515625 -50.000038146972656
v -1357.4996337890625 -924.9927978515625 -50.00003433227539
v -1357.4996337890625 -154.99169921875 -1109.9998779296875
v -1357.499755859375 -154.9915771484375 -50.000099182128906
v -1417.500244140625 -154.9915771484375 -50.00010299682617
v -1377.5008544921875 -924.9927978515625 -49.99984359741211
v -1357.4996337890625 -924.9927978515625 -49.99984359741211
v -1357.499755859375 -154.9915771484375 -49.999908447265625
v -1377.5009765625 -154.9915771484375 -49.999908447265625
v -1417.500244140625 -154.9915771484375 8.829652506392449e-05
v -1417.500244140625 -924.9927978515625 0.0001556121715111658
v -1417.500244140625 -924.9927978515625 -49.999847412109375
v -1377.5008544921875 -924.9927978515625 -49.99984359741211
v -1417.500244140625 -924.9927978515625 0.0001556121715111658
v -1377.5009765625 -924.9927978515625 0.0001573605986777693
v -1377.5009765625 -154.9915771484375 -49.999908447265625
v -1417.500244140625 -154.9915771484375 -49.99991226196289
v -1377.5009765625 -154.9915771484375 9.0044952230528e-05
v -1417.500244140625 -154.9915771484375 8.829652506392449e-05
v -1417.500244140625 -154.9915771484375 8.829652506392449e-05
v -1417.500244140625 -924.9927978515625 0.0001556121715111658
v -1377.5009765625 -154.9915771484375 9.0044952230528e-05
v -1377.5009765625 -924.9927978515625 0.0001573605986777693
v -1417.500244140625 -814.9923095703125 -1509.9998779296875
v -1417.500244140625 -924.9930419921875 -1509.9998779296875
v -1417.500244140625 -814.9923095703125 -1109.9998779296875
v -1417.500244140625 -924.9930419921875 -1509.9998779296875
v -1377.500732421875 -924.9930419921875 -1509.9998779296875
v -1377.5008544921875 -924.9927978515625 -1109.9998779296875
v -1377.500732421875 -924.9930419921875 -1509.9998779296875
v -1377.5008544921875 -814.9923095703125 -1509.9998779296875
v -1377.5008544921875 -924.9927978515625 -1109.9998779296875
v -1377.5008544921875 -814.9923095703125 -1109.9998779296875
v -1377.5008544921875 -814.9923095703125 -1509.9998779296875
v -1417.500244140625 -814.9923095703125 -1509.9998779296875
v -1377.5008544921875 -814.9923095703125 -1109.9998779296875
v -1417.500244140625 -814.9923095703125 -1109.9998779296875
v -1417.500244140625 -814.9923095703125 -1109.9998779296875
v -1417.500244140625 -924.9927978515625 -1109.9998779296875
v -1377.5008544921875 -814.9923095703125 -1109.9998779296875
v -1377.5008544921875 -924.9927978515625 -1109.9998779296875
v -1427.500732421875 -230.107666015625 -1149.9998779296875
v -1427.500732421875 -860.869384765625 -1149.9998779296875
v -1427.500732421875 -249.9288330078125 -1143.5328369140625
v -1427.500732421875 -249.9288330078125 -1138.5328369140625
v -1427.500732421875 -839.928955078125 -1138.5328369140625
v -1427.500732421875 -230.107666015625 -1099.9998779296875
v -1427.500732421875 -860.869384765625 -1099.9998779296875
v -1427.500732421875 -839.928955078125 -1143.5328369140625
v -1427.500732421875 -860.869384765625 -1149.9998779296875
v -1341.1329345703125 -860.869384765625 -1149.9998779296875
v -1427.500732421875 -860.869384765625 -1099.9998779296875
v -1341.1329345703125 -860.869384765625 -1099.9998779296875
v -1341.1329345703125 -860.869384765625 -1149.9998779296875
v -1341.1329345703125 -230.107666015625 -1149.9998779296875
v -1341.1329345703125 -860.869384765625 -1099.9998779296875
v -1341.1329345703125 -230.107666015625 -1099.9998779296875
v -1341.1329345703125 -230.107666015625 -1149.9998779296875
v -1427.500732421875 -230.107666015625 -1149.9998779296875
v -1341.1329345703125 -230.107666015625 -1099.9998779296875
v -1427.500732421875 -230.107666015625 -1099.9998779296875
v -1427.500732421875 -230.107666015625 -1149.9998779296875
v -1341.1329345703125 -230.107666015625 -1149.9998779296875
v -1427.500732421875 -860.869384765625 -1149.9998779296875
v -1341.1329345703125 -860.869384765625 -1149.9998779296875
v -1427.500732421875 -249.9288330078125 -1138.5328369140625
v -1422.501953125 -249.9288330078125 -1138.5328369140625
v -1427.500732421875 -839.928955078125 -1138.5328369140625
v -1422.501953125 -839.928955078125 -1138.5328369140625
v -1427.500732421875 -249.9288330078125 -1143.5328369140625
v -1427.500732421875 -839.928955078125 -1143.5328369140625
v -1422.501953125 -249.9288330078125 -1143.5328369140625
v -1422.501953125 -839.928955078125 -1143.5328369140625
v -1422.501953125 -249.9288330078125 -1138.5328369140625
v -1427.500732421875 -249.9288330078125 -1143.5328369140625
v -1422.501953125 -249.9288330078125 -1143.5328369140625
v -1427.500732421875 -249.9288330078125 -1138.5328369140625
v -1422.501953125 -839.928955078125 -1138.5328369140625
v -1422.501953125 -839.928955078125 -1143.5328369140625
v -1427.500732421875 -839.928955078125 -1143.5328369140625
v -1427.500732421875 -839.928955078125 -1138.5328369140625
v -1427.500732421875 -230.107666015625 -1099.9998779296875
v -1427.500732421875 -860.869384765625 -1099.9998779296875
v -1341.1329345703125 -230.107666015625 -1099.9998779296875
v -1341.1329345703125 -860.869384765625 -1099.9998779296875
v -1377.500732421875 -814.995361328125 -1509.9998779296875
v -1377.500732421875 -1454.9949951171875 -1509.999755859375
v -1377.500732421875 -814.995361328125 -1009.9998779296875
v -1377.500732421875 -1454.9947509765625 -1009.9998168945312
v -1347.5020751953125 -1134.9935302734375 -1509.999755859375
v -1347.5020751953125 -814.995361328125 -1509.9998779296875
v -1347.5020751953125 -1134.9932861328125 -1009.9998779296875
v -1347.5020751953125 -814.995361328125 -1009.9998779296875
v -1347.5020751953125 -814.995361328125 -1509.9998779296875
v -1377.500732421875 -814.995361328125 -1509.9998779296875
v -1347.5020751953125 -814.995361328125 -1009.9998779296875
v -1377.500732421875 -814.995361328125 -1009.9998779296875
v -1347.4990234375 945.0051879882812 -1500.0
v -1347.4989013671875 -1134.9967041015625 -1499.999755859375
v 362.501708984375 945.0052490234375 -1500.0
v 792.5003662109375 -1134.9967041015625 -1499.9996337890625
v 792.5003662109375 545.0052490234375 -1499.9998779296875
v 362.501708984375 545.0052490234375 -1500.0
v -625.2303466796875 -1116.6707763671875 -1509.999755859375
v -685.2279052734375 -1116.6707763671875 -1509.999755859375
v -625.2303466796875 -1116.6705322265625 -1039.9998779296875
v -685.2279663085938 -1116.6705322265625 -1039.9998779296875
v -685.2279052734375 -1116.6707763671875 -1509.999755859375
v -685.2279052734375 -1146.6727294921875 -1509.999755859375
v -685.2279663085938 -1116.6705322265625 -1039.9998779296875
v -685.2279663085938 -1146.6724853515625 -1039.9998779296875
v -625.2303466796875 -1146.6727294921875 -1509.999755859375
v -625.2303466796875 -1116.6707763671875 -1509.999755859375
v -625.2303466796875 -1146.6724853515625 -1039.9998779296875
v -625.2303466796875 -1116.6705322265625 -1039.9998779296875
v -685.2279663085938 -1116.6705322265625 -1039.999755859375
v -685.2279663085938 -1146.6724853515625 -1039.999755859375
v -625.2303466796875 -1116.6705322265625 -1039.999755859375
v -625.2303466796875 -1146.6724853515625 -1039.999755859375
v -685.22802734375 961.7013549804688 -1510.0
v -685.22802734375 923.33154296875 -1510.0
v -685.22802734375 961.701416015625 -1040.0
v -685.22802734375 923.3316040039062 -1040.0
v -685.22802734375 923.33154296875 -1510.0
v -625.2304077148438 923.3316040039062 -1510.0
v -685.22802734375 923.3316040039062 -1040.0001220703125
v -625.23046875 923.3316650390625 -1040.0001220703125
v -625.2304077148438 923.3316040039062 -1510.0
v -625.2304077148438 961.701416015625 -1510.0
v -625.23046875 923.3316650390625 -1040.0
v -625.23046875 961.701416015625 -1040.0
v -685.22802734375 923.3316040039062 -1040.0
v -625.23046875 923.3316650390625 -1040.0
v -685.2279663085938 -1146.6695556640625 -1039.999755859375
v -625.2303466796875 -1146.6695556640625 -1039.999755859375
v -685.2279663085938 -1146.6695556640625 -1039.999755859375
v -685.22802734375 941.8802490234375 -1033.532958984375
v -685.22802734375 941.8802490234375 -1023.532958984375
v -685.2279663085938 -1128.1197509765625 -1023.5327758789062
v -685.22802734375 961.701416015625 -1010.0000610351562
v -685.2279663085938 -1146.6695556640625 -1009.9998779296875
v -685.2279663085938 -1128.1197509765625 -1033.53271484375
v -625.2303466796875 -1146.6695556640625 -1039.999755859375
v -625.2303466796875 -1126.8482666015625 -1033.53271484375
v -625.2303466796875 -1126.8482666015625 -1023.5327758789062
v -625.23046875 943.1517333984375 -1023.532958984375
v -625.2303466796875 -1146.6695556640625 -1009.9998779296875
v -625.23046875 961.701416015625 -1010.0000610351562
v -625.23046875 943.1517333984375 -1033.532958984375
v -685.22802734375 941.8802490234375 -1023.532958984375
v -680.229248046875 941.8802490234375 -1023.532958984375
v -685.2279663085938 -1128.1197509765625 -1023.5327758789062
v -680.2291259765625 -1128.1197509765625 -1023.5327758789062
v -685.22802734375 941.8802490234375 -1033.532958984375
v -685.2279663085938 -1128.1197509765625 -1033.53271484375
v -680.229248046875 941.8802490234375 -1033.532958984375
v -680.2291259765625 -1128.1197509765625 -1033.53271484375
v -680.229248046875 941.8802490234375 -1023.532958984375
v -685.22802734375 941.8802490234375 -1033.532958984375
v -680.229248046875 941.8802490234375 -1033.532958984375
v -685.22802734375 941.8802490234375 -1023.532958984375
v -680.2291259765625 -1128.1197509765625 -1023.5327758789062
v -680.2291259765625 -1128.1197509765625 -1033.53271484375
v -685.2279663085938 -1128.1197509765625 -1033.53271484375
v -685.2279663085938 -1128.1197509765625 -1023.5327758789062
v -630.2291259765625 -1126.8482666015625 -1023.5327758789062
v -625.23046875 943.1517333984375 -1023.532958984375
v -625.2303466796875 -1126.8482666015625 -1023.5327758789062
v -630.229248046875 943.1517333984375 -1023.532958984375
v -630.2291259765625 -1126.8482666015625 -1033.53271484375
v -625.2303466796875 -1126.8482666015625 -1033.53271484375
v -625.23046875 943.1517333984375 -1033.532958984375
v -630.229248046875 943.1517333984375 -1033.532958984375
v -630.2291259765625 -1126.8482666015625 -1023.5327758789062
v -625.2303466796875 -1126.8482666015625 -1033.53271484375
v -630.2291259765625 -1126.8482666015625 -1033.53271484375
v -625.2303466796875 -1126.8482666015625 -1023.5327758789062
v -630.229248046875 943.1517333984375 -1023.532958984375
v -630.229248046875 943.1517333984375 -1033.532958984375
v -625.23046875 943.1517333984375 -1033.532958984375
v -625.23046875 943.1517333984375 -1023.532958984375
v 124.23565673828125 -1116.6707763671875 -1509.999755859375
v 64.23809814453125 -1116.6707763671875 -1509.999755859375
v 124.235595703125 -1116.6705322265625 -1039.9998779296875
v 64.238037109375 -1116.6705322265625 -1039.9998779296875
v 64.23809814453125 -1116.6707763671875 -1509.999755859375
v 64.23809814453125 -1146.6727294921875 -1509.999755859375
v 64.238037109375 -1116.6705322265625 -1039.9998779296875
v 64.238037109375 -1146.6724853515625 -1039.9998779296875
v 124.23565673828125 -1146.6727294921875 -1509.999755859375
v 124.23565673828125 -1116.6707763671875 -1509.999755859375
v 124.235595703125 -1146.6724853515625 -1039.9998779296875
v 124.235595703125 -1116.6705322265625 -1039.9998779296875
v 64.238037109375 -1116.6705322265625 -1039.999755859375
v 64.238037109375 -1146.6724853515625 -1039.999755859375
v 124.235595703125 -1116.6705322265625 -1039.999755859375
v 124.235595703125 -1146.6724853515625 -1039.999755859375
v 124.23553466796875 993.8638916015625 -1510.0
v 64.23797607421875 993.8638916015625 -1510.0
v 124.23553466796875 993.8639526367188 -1040.0001220703125
v 64.23797607421875 993.8639526367188 -1040.0001220703125
v 64.23797607421875 993.8638916015625 -1510.0
v 64.23797607421875 923.3316040039062 -1510.0
v 64.23797607421875 993.8639526367188 -1040.0
v 64.23797607421875 923.3316650390625 -1040.0
v 64.23797607421875 923.3316040039062 -1510.0
v 124.23553466796875 923.3316040039062 -1510.0
v 64.23797607421875 923.3316650390625 -1040.0001220703125
v 124.23553466796875 923.3316650390625 -1040.0001220703125
v 124.23553466796875 923.3316040039062 -1510.0
v 124.23553466796875 993.8638916015625 -1510.0
v 124.23553466796875 923.3316650390625 -1040.0
v 124.23553466796875 993.8639526367188 -1040.0
v 64.23797607421875 923.3316650390625 -1040.0
v 124.23553466796875 923.3316650390625 -1040.0
v 64.238037109375 -1146.6695556640625 -1039.999755859375
v 124.235595703125 -1146.6695556640625 -1039.999755859375
v 124.23553466796875 993.8639526367188 -1040.0
v 64.23797607421875 993.8639526367188 -1040.0
v 124.23553466796875 993.8639526367188 -1010.0
v 64.23797607421875 993.8639526367188 -1010.0
v 64.238037109375 -1146.6695556640625 -1039.999755859375
v 64.23797607421875 974.0427856445312 -1033.532958984375
v 64.23797607421875 974.0427856445312 -1023.5328979492188
v 64.238037109375 -1095.9571533203125 -1023.53271484375
v 64.23797607421875 993.8639526367188 -1010.0
v 64.238037109375 -1146.6695556640625 -1009.9998168945312
v 64.238037109375 -1095.9571533203125 -1033.53271484375
v 124.235595703125 -1146.6695556640625 -1039.999755859375
v 124.235595703125 -1126.8482666015625 -1033.53271484375
v 124.235595703125 -1126.8482666015625 -1023.53271484375
v 124.23553466796875 943.1517333984375 -1023.5328979492188
v 124.235595703125 -1146.6695556640625 -1009.9998168945312
v 124.23553466796875 993.8639526367188 -1010.0
v 124.23553466796875 943.1517333984375 -1033.532958984375
v 64.23797607421875 974.0427856445312 -1023.5328979492188
v 69.23675537109375 974.0427856445312 -1023.5328979492188
v 64.238037109375 -1095.9571533203125 -1023.53271484375
v 69.23681640625 -1095.9571533203125 -1023.53271484375
v 64.23797607421875 974.0427856445312 -1033.532958984375
v 64.238037109375 -1095.9571533203125 -1033.53271484375
v 69.23675537109375 974.0427856445312 -1033.532958984375
v 69.23681640625 -1095.9571533203125 -1033.53271484375
v 69.23675537109375 974.0427856445312 -1023.5328979492188
v 64.23797607421875 974.0427856445312 -1033.532958984375
v 69.23675537109375 974.0427856445312 -1033.532958984375
v 64.23797607421875 974.0427856445312 -1023.5328979492188
v 69.23681640625 -1095.9571533203125 -1023.53271484375
v 69.23681640625 -1095.9571533203125 -1033.53271484375
v 64.238037109375 -1095.9571533203125 -1033.53271484375
v 64.238037109375 -1095.9571533203125 -1023.53271484375
v 119.23681640625 -1126.8482666015625 -1023.53271484375
v 124.23553466796875 943.1517333984375 -1023.5328979492188
v 124.235595703125 -1126.8482666015625 -1023.53271484375
v 119.23675537109375 943.1517333984375 -1023.5328979492188
v 119.23681640625 -1126.8482666015625 -1033.53271484375
v 124.235595703125 -1126.8482666015625 -1033.53271484375
v 124.23553466796875 943.1517333984375 -1033.532958984375
v 119.23675537109375 943.1517333984375 -1033.532958984375
v 119.23681640625 -1126.8482666015625 -1023.53271484375
v 124.235595703125 -1126.8482666015625 -1033.53271484375
v 119.23681640625 -1126.8482666015625 -1033.53271484375
v 124.235595703125 -1126.8482666015625 -1023.53271484375
v 119.23675537109375 943.1517333984375 -1023.5328979492188
v 119.23675537109375 943.1517333984375 -1033.532958984375
v 124.23553466796875 943.1517333984375 -1033.532958984375
v 124.23553466796875 943.1517333984375 -1023.5328979492188
v 792.729248046875 -1116.6707763671875 -1509.9996337890625
v 732.731689453125 -1116.6707763671875 -1509.9996337890625
v 792.729248046875 -1116.6705322265625 -1039.999755859375
v 732.731689453125 -1116.6705322265625 -1039.999755859375
v 732.731689453125 -1116.6707763671875 -1509.9996337890625
v 732.731689453125 -1146.6727294921875 -1509.9996337890625
v 732.731689453125 -1116.6705322265625 -1039.999755859375
v 732.731689453125 -1146.6724853515625 -1039.999755859375
v 732.731689453125 -1116.6705322265625 -1039.9996337890625
v 732.731689453125 -1146.6724853515625 -1039.9996337890625
v 792.729248046875 -1116.6705322265625 -1039.9996337890625
v 792.729248046875 -1146.6724853515625 -1039.9996337890625
v 792.729248046875 542.6677856445312 -1509.9998779296875
v 732.731689453125 542.6677856445312 -1509.9998779296875
v 792.729248046875 542.6678466796875 -1040.0
v 732.731689453125 542.6678466796875 -1040.0
v 732.731689453125 542.6677856445312 -1509.9998779296875
v 732.731689453125 456.77593994140625 -1509.9998779296875
v 732.731689453125 542.6678466796875 -1039.9998779296875
v 732.731689453125 456.7760009765625 -1039.9998779296875
v 732.731689453125 456.77593994140625 -1509.9998779296875
v 792.729248046875 456.77593994140625 -1509.9998779296875
v 732.731689453125 456.7760009765625 -1040.0
v 792.729248046875 456.7760009765625 -1040.0
v 732.731689453125 456.7760009765625 -1039.9998779296875
v 792.729248046875 456.7760009765625 -1039.9998779296875
v 732.731689453125 -1146.6695556640625 -1039.9996337890625
v 792.729248046875 -1146.6695556640625 -1039.9996337890625
v -1287.26953125 542.6677856445312 -1020.0
v 732.731689453125 542.6678466796875 -1019.9999389648438
v -1287.26953125 456.77593994140625 -1020.0
v 732.731689453125 456.7760009765625 -1019.9999389648438
v -1287.26953125 -77.3338623046875 -1019.9999389648438
v 732.731689453125 -77.333740234375 -1019.9998779296875
v -1287.26953125 -157.3323974609375 -1019.9999389648438
v 732.731689453125 -157.332275390625 -1019.9998779296875
v -1287.26953125 -687.3311767578125 -1019.9998779296875
v 732.731689453125 -687.3310546875 -1019.9998168945312
v -1287.26953125 -767.3330078125 -1019.9998779296875
v 732.731689453125 -767.3328857421875 -1019.9998168945312
v -1287.26953125 -1107.3321533203125 -1019.9998779296875
v 732.731689453125 -1107.3321533203125 -1019.9998168945312
v -1287.26953125 -1187.3311767578125 -1019.9998779296875
v 732.731689453125 -1187.3311767578125 -1019.9998168945312
v -1287.26953125 984.8094482421875 -1020.0000610351562
v 382.3348388671875 984.8095092773438 -1020.0
v -1287.26953125 904.8106689453125 -1020.0000610351562
v 382.3348388671875 904.8106689453125 -1020.0
v 792.729248046875 542.6678466796875 -1039.9998779296875
v 732.731689453125 542.6678466796875 -1039.9998779296875
v 792.729248046875 542.6678466796875 -1009.9999389648438
v 732.731689453125 542.6678466796875 -1009.9999389648438
v 732.731689453125 -1146.6695556640625 -1039.9996337890625
v 732.731689453125 522.8466186523438 -1033.5328369140625
v 732.731689453125 522.8466186523438 -1023.5328369140625
v 732.731689453125 -1127.1534423828125 -1023.53271484375
v 732.731689453125 542.6678466796875 -1009.9999389648438
v 732.731689453125 -1146.6695556640625 -1009.9998168945312
v 732.731689453125 -1127.1534423828125 -1033.5325927734375
v 732.731689453125 522.8466186523438 -1023.5328369140625
v 737.73046875 522.8466186523438 -1023.5328369140625
v 732.731689453125 -1127.1534423828125 -1023.53271484375
v 737.73046875 -1127.1534423828125 -1023.53271484375
v 732.731689453125 522.8466186523438 -1033.5328369140625
v 732.731689453125 -1127.1534423828125 -1033.5325927734375
v 737.73046875 522.8466186523438 -1033.5328369140625
v 737.73046875 -1127.1534423828125 -1033.5325927734375
v 737.73046875 522.8466186523438 -1023.5328369140625
v 732.731689453125 522.8466186523438 -1033.5328369140625
v 737.73046875 522.8466186523438 -1033.5328369140625
v 732.731689453125 522.8466186523438 -1023.5328369140625
v 737.73046875 -1127.1534423828125 -1023.53271484375
v 737.73046875 -1127.1534423828125 -1033.5325927734375
v 732.731689453125 -1127.1534423828125 -1033.5325927734375
v 732.731689453125 -1127.1534423828125 -1023.53271484375
v 732.731689453125 542.6678466796875 -1019.9999389648438
v -1287.26953125 542.6677856445312 -1020.0
v -1287.26953125 542.6677856445312 -1010.0
v -1287.26953125 542.6677856445312 -1020.0
v -1287.26953125 456.77593994140625 -1020.0
v -1287.26953125 542.6677856445312 -1010.0
v -1287.26953125 456.77593994140625 -1010.0
v -1287.26953125 456.77593994140625 -1020.0
v 732.731689453125 456.7760009765625 -1019.9999389648438
v -1287.26953125 456.77593994140625 -1010.0
v 732.731689453125 456.7760009765625 -1009.9999389648438
v 732.731689453125 456.7760009765625 -1019.9999389648438
v 732.731689453125 542.6678466796875 -1019.9999389648438
v 732.731689453125 456.7760009765625 -1009.9999389648438
v 732.731689453125 542.6678466796875 -1009.9999389648438
v 732.731689453125 -77.333740234375 -1019.9998779296875
v -1287.26953125 -77.3338623046875 -1019.9999389648438
v 732.731689453125 -77.333740234375 -1009.9998779296875
v -1287.26953125 -77.3338623046875 -1009.9999389648438
v -1287.26953125 -77.3338623046875 -1019.9999389648438
v -1287.26953125 -157.3323974609375 -1019.9999389648438
v -1287.26953125 -77.3338623046875 -1009.9999389648438
v -1287.26953125 -157.3323974609375 -1009.9999389648438
v -1287.26953125 -157.3323974609375 -1019.9999389648438
v 732.731689453125 -157.332275390625 -1019.9998779296875
v -1287.26953125 -157.3323974609375 -1009.9999389648438
v 732.731689453125 -157.332275390625 -1009.9998779296875
v 732.731689453125 -157.332275390625 -1019.9998779296875
v 732.731689453125 -77.333740234375 -1019.9998779296875
v 732.731689453125 -157.332275390625 -1009.9998779296875
v 732.731689453125 -77.333740234375 -1009.9998779296875
v 732.731689453125 -687.3310546875 -1019.9998168945312
v -1287.26953125 -687.3311767578125 -1019.9998779296875
v 732.731689453125 -687.3310546875 -1009.9998168945312
v -1287.26953125 -687.3311767578125 -1009.9998779296875
v -1287.26953125 -687.3311767578125 -1019.9998779296875
v -1287.26953125 -767.3330078125 -1019.9998779296875
v -1287.26953125 -687.3311767578125 -1009.9998779296875
v -1287.26953125 -767.3330078125 -1009.9998779296875
v -1287.26953125 -767.3330078125 -1019.9998779296875
v 732.731689453125 -767.3328857421875 -1019.9998168945312
v -1287.26953125 -767.3330078125 -1009.9998779296875
v 732.731689453125 -767.3328857421875 -1009.9998168945312
v 732.731689453125 -767.3328857421875 -1019.9998168945312
v 732.731689453125 -687.3310546875 -1019.9998168945312
v 732.731689453125 -767.3328857421875 -1009.9998168945312
v 732.731689453125 -687.3310546875 -1009.9998168945312
v 732.731689453125 -1107.3321533203125 -1019.9998168945312
v -1287.26953125 -1107.3321533203125 -1019.9998779296875
v 732.731689453125 -1107.3321533203125 -1009.9998168945312
v -1287.26953125 -1107.3321533203125 -1009.9998779296875
v -1287.26953125 -1107.3321533203125 -1019.9998779296875
v -1287.26953125 -1187.3311767578125 -1019.9998779296875
v -1287.26953125 -1107.3321533203125 -1009.9998779296875
v -1287.26953125 -1187.3311767578125 -1009.9998779296875
v 732.731689453125 -1187.3311767578125 -1019.9998168945312
v 732.731689453125 -1107.3321533203125 -1019.9998168945312
v 732.731689453125 -1187.3311767578125 -1009.9998168945312
v 732.731689453125 -1107.3321533203125 -1009.9998168945312
v -1287.26953125 984.8094482421875 -1020.0000610351562
v -1287.26953125 904.8106689453125 -1020.0000610351562
v -1287.26953125 984.8094482421875 -1010.0000610351562
v -1287.26953125 904.8106689453125 -1010.0000610351562
v -1287.26953125 904.8106689453125 -1020.0000610351562
v 382.3348388671875 904.8106689453125 -1020.0
v -1287.26953125 904.8106689453125 -1010.0000610351562
v 382.3348388671875 904.8106689453125 -1010.0
v 382.3348388671875 904.8106689453125 -1020.0
v 382.3348388671875 984.8095092773438 -1020.0
v 382.3348388671875 904.8106689453125 -1010.0
v 382.3348388671875 984.8095092773438 -1010.0
v -1286.8056640625 -1116.6707763671875 -1509.999755859375
v -1346.80322265625 -1116.6707763671875 -1509.999755859375
v -1286.8056640625 -1116.6705322265625 -1039.9998779296875
v -1346.80322265625 -1116.6705322265625 -1039.9998779296875
v -1346.80322265625 -1116.6707763671875 -1509.999755859375
v -1346.80322265625 -1146.6727294921875 -1509.999755859375
v -1346.80322265625 -1116.6705322265625 -1039.9998779296875
v -1346.80322265625 -1146.6724853515625 -1039.9998779296875
v -1286.8056640625 -1146.6727294921875 -1509.999755859375
v -1286.8056640625 -1116.6707763671875 -1509.999755859375
v -1286.8056640625 -1146.6724853515625 -1039.9998779296875
v -1286.8056640625 -1116.6705322265625 -1039.9998779296875
v -1346.80322265625 -1116.6705322265625 -1039.999755859375
v -1346.80322265625 -1146.6724853515625 -1039.999755859375
v -1286.8056640625 -1116.6705322265625 -1039.999755859375
v -1286.8056640625 -1146.6724853515625 -1039.999755859375
v -1346.8033447265625 961.7013549804688 -1510.0
v -1346.8033447265625 923.33154296875 -1510.0
v -1346.8033447265625 961.701416015625 -1040.0
v -1346.8033447265625 923.3316040039062 -1040.0
v -1346.8033447265625 923.33154296875 -1510.0
v -1286.8056640625 923.33154296875 -1510.0
v -1346.8033447265625 923.3316040039062 -1040.0001220703125
v -1286.8056640625 923.3316040039062 -1040.0001220703125
v -1286.8056640625 923.33154296875 -1510.0
v -1286.8056640625 961.7013549804688 -1510.0
v -1286.8056640625 923.3316040039062 -1040.0
v -1286.8056640625 961.701416015625 -1040.0
v -1367.500244140625 961.701416015625 -1040.0
v -1346.8033447265625 961.701416015625 -1040.0
v -1367.500244140625 -1146.6695556640625 -1039.999755859375
v -1286.8056640625 -1146.6695556640625 -1039.999755859375
v -1346.8033447265625 923.3316040039062 -1040.0
v -1286.8056640625 923.3316040039062 -1040.0
v -1367.500244140625 961.701416015625 -1040.0
v -1367.500244140625 -1146.6695556640625 -1039.999755859375
v -1367.500244140625 961.701416015625 -1010.0000610351562
v -1367.500244140625 -1146.6695556640625 -1009.9998779296875
v -1286.8056640625 -1146.6695556640625 -1039.999755859375
v -1286.8056640625 -1126.8482666015625 -1033.53271484375
v -1286.8056640625 -1126.8482666015625 -1023.5327758789062
v -1286.8056640625 943.1516723632812 -1023.532958984375
v -1286.8056640625 -1146.6695556640625 -1009.9998779296875
v -1286.8056640625 961.701416015625 -1010.0000610351562
v -1286.8056640625 943.1516723632812 -1033.532958984375
v -1291.804443359375 -1126.8482666015625 -1023.5327758789062
v -1286.8056640625 943.1516723632812 -1023.532958984375
v -1286.8056640625 -1126.8482666015625 -1023.5327758789062
v -1291.804443359375 943.1516723632812 -1023.532958984375
v -1291.804443359375 -1126.8482666015625 -1033.53271484375
v -1286.8056640625 -1126.8482666015625 -1033.53271484375
v -1286.8056640625 943.1516723632812 -1033.532958984375
v -1291.804443359375 943.1516723632812 -1033.532958984375
v -1291.804443359375 -1126.8482666015625 -1023.5327758789062
v -1286.8056640625 -1126.8482666015625 -1033.53271484375
v -1291.804443359375 -1126.8482666015625 -1033.53271484375
v -1286.8056640625 -1126.8482666015625 -1023.5327758789062
v -1291.804443359375 943.1516723632812 -1023.532958984375
v -1291.804443359375 943.1516723632812 -1033.532958984375
v -1286.8056640625 943.1516723632812 -1033.532958984375
v -1286.8056640625 943.1516723632812 -1023.532958984375
v 792.5003662109375 185.00469970703125 -1509.999755859375
v 792.5003662109375 -1164.9954833984375 -1509.9996337890625
v 792.5003662109375 35.0047607421875 -1499.999755859375
v 792.5003662109375 -367.9310302734375 -1249.999755859375
v 792.5003662109375 -667.9310302734375 -1249.999755859375
v 792.5003662109375 185.0047607421875 -1009.9999389648438
v 792.5003662109375 35.0047607421875 -1249.999755859375
v 792.5003662109375 -264.9952392578125 -1249.999755859375
v 792.5003662109375 -1164.9952392578125 -1009.9998168945312
v 792.5003662109375 -264.9952392578125 -1499.999755859375
v 792.5003662109375 -667.9310302734375 -1499.999755859375
v 792.5003662109375 -367.9310302734375 -1499.999755859375
v 792.5003662109375 545.0053100585938 -1009.9999389648438
v 392.5003662109375 545.0053100585938 -1009.9999389648438
v 792.5003662109375 545.0053100585938 -989.9999389648438
v 392.5003662109375 545.0053100585938 -989.9999389648438
v 392.5003662109375 545.0053100585938 -1009.9999389648438
v 392.500244140625 945.0053100585938 -1010.0
v 392.5003662109375 545.0053100585938 -989.9999389648438
v 392.500244140625 945.0053100585938 -990.0
v -1347.4990234375 945.0052490234375 -1010.0000610351562
v 392.500244140625 945.0053100585938 -1010.0
v -1347.4990234375 -1134.9964599609375 -1009.9998779296875
v 792.5003662109375 -1134.9964599609375 -1009.9998168945312
v 392.5003662109375 545.0053100585938 -1009.9999389648438
v 792.5003662109375 545.0053100585938 -1009.9999389648438
v 792.5003662109375 -1134.9967041015625 -1509.9996337890625
v -1347.4990234375 -1134.9967041015625 -1509.999755859375
v 792.5003662109375 -1134.9964599609375 -1009.9998168945312
v -1347.4990234375 -1134.9964599609375 -1009.9998779296875
v -1417.500244140625 -264.995361328125 -1509.9998779296875
v -1417.500244140625 -814.995361328125 -1509.9998779296875
v -1347.4990234375 -264.995361328125 -1499.9998779296875
v -1347.4990234375 -814.995361328125 -1499.9998779296875
v 362.501708984375 945.0052490234375 -1510.0
v 362.501708984375 515.0034790039062 -1510.0
v 362.5015869140625 945.0052490234375 -1020.0
v 362.501708984375 515.0035400390625 -1019.9999389648438
v 362.501708984375 515.0034790039062 -1510.0
v 392.50048828125 515.0034790039062 -1510.0
v 362.501708984375 515.0035400390625 -1019.9999389648438
v 392.50048828125 515.0035400390625 -1019.9999389648438
v 392.50048828125 515.0034790039062 -1510.0
v 392.50048828125 945.0052490234375 -1510.0
v 392.50048828125 515.0035400390625 -1019.9999389648438
v 392.5003662109375 945.0053100585938 -1020.0
v 362.5015869140625 945.0052490234375 -1010.0
v 362.501708984375 515.0035400390625 -1009.9999389648438
v 362.501708984375 515.0035400390625 -1009.9999389648438
v 392.50048828125 515.0035400390625 -1009.9999389648438
v 392.50048828125 515.0035400390625 -1009.9999389648438
v 392.5003662109375 945.0053100585938 -1010.0
v 362.5015869140625 945.0052490234375 -1010.0
v 362.501708984375 515.0035400390625 -1009.9999389648438
v 392.5003662109375 945.0053100585938 -1010.0
v 392.50048828125 515.0035400390625 -1009.9999389648438
v 64.23504638671875 975.0070190429688 -1510.0
v -1347.4990234375 975.0069580078125 -1510.0
v 64.23504638671875 975.007080078125 -1010.0
v -1347.4990234375 975.0070190429688 -1010.0000610351562
v -1347.4990234375 975.0069580078125 -1510.0
v -1347.4990234375 945.0051879882812 -1510.0
v -1347.4990234375 975.0070190429688 -1010.0000610351562
v -1347.4990234375 945.0052490234375 -1010.0000610351562
v -1347.4990234375 945.0051879882812 -1510.0
v 64.23504638671875 945.0052490234375 -1510.0
v -1347.4990234375 945.0052490234375 -1010.0000610351562
v 64.23504638671875 945.0052490234375 -1010.0
v -317.50030517578125 1925.0008544921875 -1510.0001220703125
v -1377.5009765625 1925.0008544921875 -1510.0001220703125
v -317.5003662109375 1925.0009765625 -510.00006103515625
v -1377.5009765625 1925.0009765625 -510.0001220703125
v -317.5003662109375 1895.002197265625 -510.00006103515625
v 432.4996337890625 1925.0009765625 -510.0000305175781
v 432.4996337890625 1895.0023193359375 -510.0000305175781
v -317.5003662109375 1925.0009765625 -510.00006103515625
v 432.4996337890625 1925.0009765625 -510.0000305175781
v 432.4996337890625 1925.0009765625 -50.000057220458984
v -1377.5009765625 1925.0009765625 -50.00013732910156
v 1527.4979248046875 945.00537109375 -1509.9998779296875
v 792.5003662109375 945.0053100585938 -1509.9998779296875
v 1527.4979248046875 945.00537109375 -1010.0
v 792.500244140625 945.00537109375 -1010.0000610351562
v 792.5003662109375 945.0053100585938 -1509.9998779296875
v 792.500244140625 945.00537109375 -1010.0
v 1527.4979248046875 945.00537109375 -1009.9999389648438
v 792.500244140625 945.00537109375 -1010.0
v 1527.4979248046875 945.0054321289062 -510.0
v 792.500244140625 945.00537109375 -510.0000305175781
v 362.5015869140625 1375.0040283203125 -1510.0
v 362.5015869140625 1375.004150390625 -799.9999389648438
v 362.5015869140625 945.0053100585938 -799.9999389648438
v 362.501708984375 945.0052490234375 -1510.0
v 392.50048828125 945.0052490234375 -1510.0
v 362.5015869140625 945.0053100585938 -799.9999389648438
v 392.5003662109375 945.0053100585938 -799.9999389648438
v 392.5003662109375 1375.0040283203125 -1510.0
v 392.5003662109375 945.0053100585938 -799.9999389648438
v 392.5003662109375 1375.004150390625 -799.9999389648438
v 392.50048828125 545.0053100585938 -989.9998168945312
v 392.5003662109375 945.0022583007812 -989.9998779296875
v 392.5003662109375 869.733642578125 -799.9998779296875
v 392.5003662109375 945.0022583007812 -799.9998779296875
v 792.500244140625 945.0023193359375 -1010.0
v 792.5003662109375 495.00531005859375 -1009.9999389648438
v 792.500244140625 945.0023193359375 -790.0
v 792.500244140625 889.98779296875 -790.0
v -1417.50341796875 -831.4840087890625 -1109.9998779296875
v -1357.502685546875 -831.4840087890625 -1109.9998779296875
v -1417.50341796875 -831.4840087890625 -1009.9998779296875
v -1357.502685546875 -831.4840087890625 -1009.9998779296875
v -1357.502685546875 -831.4840087890625 -1109.9998779296875
v -1357.502685546875 -250.7864990234375 -1109.9998779296875
v -1357.502685546875 -831.4840087890625 -1009.9998779296875
v -1357.502685546875 -250.7864990234375 -1009.9999389648438
v -1357.502685546875 -250.786376953125 -1109.9998779296875
v -1417.50341796875 -250.786376953125 -1109.9998779296875
v -1357.502685546875 -250.786376953125 -1009.9999389648438
v -1417.50341796875 -250.786376953125 -1009.9999389648438
v 62.49737548828125 1884.99755859375 -10.797525405883789
v 62.49737548828125 1914.996337890625 -10.797528266906738
v 62.49737548828125 1884.99755859375 89.20247650146484
v 62.49737548828125 1914.996337890625 89.20246887207031
v 62.49737548828125 1914.996337890625 -10.797528266906738
v -1367.500244140625 1914.997314453125 -10.797590255737305
v 62.49737548828125 1914.996337890625 89.20246887207031
v -1367.500244140625 1914.997314453125 89.20240783691406
v -1367.50048828125 1914.997314453125 -10.797590255737305
v -1367.5009765625 -2864.99853515625 -10.797171592712402
v -1367.50048828125 1914.997314453125 89.20240783691406
v -1367.5009765625 -2864.99853515625 89.20282745361328
v -1367.5009765625 -2864.99951171875 -10.797171592712402
v -1337.502197265625 -2864.99951171875 -10.797170639038086
v -1367.5009765625 -2864.99951171875 89.20282745361328
v -1337.502197265625 -2864.99951171875 89.20282745361328
v -1337.502197265625 -2864.99951171875 -10.797170639038086
v -1337.5015869140625 1884.99853515625 -10.797586441040039
v -1337.502197265625 -2864.99951171875 89.20282745361328
v -1337.5015869140625 1884.99853515625 89.2024154663086
v -1337.5015869140625 1884.99853515625 -10.797586441040039
v 62.49737548828125 1884.99755859375 -10.797525405883789
v -1337.5015869140625 1884.99853515625 89.2024154663086
v 62.49737548828125 1884.99755859375 89.20247650146484
v 62.49737548828125 1914.996337890625 89.20246887207031
v -1367.50048828125 1914.997314453125 89.20240783691406
v 62.49737548828125 1884.99755859375 89.20247650146484
v -1367.5009765625 -2864.99951171875 89.20282745361328
v -1337.502197265625 -2864.99951171875 89.20282745361328
v -1337.5015869140625 1884.99853515625 89.2024154663086
v 62.49737548828125 1879.995849609375 89.20247650146484
v 62.49737548828125 1919.9981689453125 89.20246887207031
v 62.49737548828125 1879.995849609375 99.20247650146484
v 62.49737548828125 1919.9981689453125 99.20246887207031
v 62.49737548828125 1919.9981689453125 89.20246887207031
v -1372.4990234375 1919.999267578125 89.20240783691406
v 62.49737548828125 1919.9981689453125 99.20246887207031
v -1372.4990234375 1919.999267578125 99.20240783691406
v -1372.499267578125 1919.999267578125 89.20240783691406
v -1372.499755859375 -2864.99951171875 89.20282745361328
v -1372.499267578125 1919.999267578125 99.20240783691406
v -1372.499755859375 -2864.99951171875 99.20282745361328
v -1372.499755859375 -2864.99951171875 89.20282745361328
v -1332.50341796875 -2864.99951171875 89.20282745361328
v -1372.499755859375 -2864.99951171875 99.20282745361328
v -1332.50341796875 -2864.99951171875 99.20282745361328
v -1332.50341796875 -2864.99951171875 89.20282745361328
v -1332.5028076171875 1879.996826171875 89.2024154663086
v -1332.50341796875 -2864.99951171875 99.20282745361328
v -1332.5028076171875 1879.996826171875 99.2024154663086
v -1332.5028076171875 1879.996826171875 89.2024154663086
v 62.49737548828125 1879.995849609375 89.20247650146484
v -1332.5028076171875 1879.996826171875 99.2024154663086
v 62.49737548828125 1879.995849609375 99.20247650146484
v 62.49737548828125 1919.9981689453125 89.20246887207031
v 62.49737548828125 1879.995849609375 89.20247650146484
v -1372.499267578125 1919.999267578125 89.20240783691406
v -1372.499755859375 -2864.99951171875 89.20282745361328
v -1332.5028076171875 1879.996826171875 89.2024154663086
v -1332.50341796875 -2864.99951171875 89.20282745361328
v 62.49737548828125 1919.9981689453125 99.20246887207031
v -1372.499267578125 1919.999267578125 99.20240783691406
v 62.49737548828125 1879.995849609375 99.20247650146484
v -1372.499755859375 -2864.99951171875 99.20282745361328
v -1332.50341796875 -2864.99951171875 99.20282745361328
v -1332.5028076171875 1879.996826171875 99.2024154663086
v -1377.501708984375 -1065.0025634765625 0.0001696005929261446
v -1377.501708984375 -1215.0025634765625 0.0001827140076784417
v -1377.5018310546875 -1065.0025634765625 150.0001678466797
v -1377.501708984375 -1215.0025634765625 150.00018310546875
v -1377.501708984375 -1215.0025634765625 0.0001827140076784417
v -1327.5018310546875 -1215.0025634765625 0.00018489957437850535
v -1377.501708984375 -1215.0025634765625 150.00018310546875
v -1327.5018310546875 -1215.0025634765625 150.0001983642578
v -1327.5018310546875 -1215.0025634765625 0.00018489957437850535
v -1327.5018310546875 -1065.0025634765625 0.00017178617417812347
v -1327.5018310546875 -1215.0025634765625 150.0001983642578
v -1327.5018310546875 -1065.0025634765625 150.00018310546875
v -1327.5018310546875 -1065.0025634765625 0.00017178617417812347
v -1377.501708984375 -1065.0025634765625 0.0001696005929261446
v -1327.5018310546875 -1065.0025634765625 150.00018310546875
v -1377.5018310546875 -1065.0025634765625 150.0001678466797
v -1377.5018310546875 -1065.0025634765625 160.0001678466797
v -1377.501708984375 -1215.0025634765625 160.00018310546875
v -1377.501708984375 -1215.0025634765625 160.00018310546875
v -1327.5018310546875 -1215.0025634765625 160.0001983642578
v -1327.5018310546875 -1215.0025634765625 160.0001983642578
v -1327.5018310546875 -1065.0025634765625 160.00018310546875
v -1327.5018310546875 -1065.0025634765625 160.00018310546875
v -1377.5018310546875 -1065.0025634765625 160.0001678466797
v -1377.5018310546875 -1065.0025634765625 160.0001678466797
v -1377.501708984375 -1215.0025634765625 160.00018310546875
v -1327.5018310546875 -1065.0025634765625 160.00018310546875
v -1327.5018310546875 -1215.0025634765625 160.0001983642578
v -1377.5018310546875 -765.00244140625 0.0001433737634215504
v -1377.5018310546875 -915.0025634765625 0.0001564871781738475
v -1377.5018310546875 -765.00244140625 150.00013732910156
v -1377.5018310546875 -915.0025634765625 150.00015258789062
v -1377.5018310546875 -915.0025634765625 0.0001564871781738475
v -1327.5018310546875 -915.0025634765625 0.00015867274487391114
v -1377.5018310546875 -915.0025634765625 150.00015258789062
v -1327.5018310546875 -915.0025634765625 150.0001678466797
v -1327.5018310546875 -915.0025634765625 0.00015867274487391114
v -1327.5018310546875 -765.00244140625 0.00014555934467352927
v -1327.5018310546875 -915.0025634765625 150.0001678466797
v -1327.5018310546875 -765.00244140625 150.00015258789062
v -1327.5018310546875 -765.00244140625 0.00014555934467352927
v -1377.5018310546875 -765.00244140625 0.0001433737634215504
v -1327.5018310546875 -765.00244140625 150.00015258789062
v -1377.5018310546875 -765.00244140625 150.00013732910156
v -1377.5018310546875 -765.00244140625 160.00013732910156
v -1377.5018310546875 -915.0025634765625 160.00015258789062
v -1377.5018310546875 -915.0025634765625 160.00015258789062
v -1327.5018310546875 -915.0025634765625 160.0001678466797
v -1327.5018310546875 -915.0025634765625 160.0001678466797
v -1327.5018310546875 -765.00244140625 160.00015258789062
v -1327.5018310546875 -765.00244140625 160.00015258789062
v -1377.5018310546875 -765.00244140625 160.00013732910156
v -1377.5018310546875 -765.00244140625 160.00013732910156
v -1377.5018310546875 -915.0025634765625 160.00015258789062
v -1327.5018310546875 -765.00244140625 160.00015258789062
v -1327.5018310546875 -915.0025634765625 160.0001678466797
v -1377.5018310546875 -465.00244140625 0.00011714691936504096
v -1377.5018310546875 -615.00244140625 0.00013026033411733806
v -1377.5018310546875 -465.00244140625 150.00010681152344
v -1377.5018310546875 -615.00244140625 150.0001220703125
v -1377.5018310546875 -615.00244140625 0.00013026033411733806
v -1327.5018310546875 -615.00244140625 0.00013244591536931694
v -1377.5018310546875 -615.00244140625 150.0001220703125
v -1327.5018310546875 -615.00244140625 150.00013732910156
v -1327.5018310546875 -615.00244140625 0.00013244591536931694
v -1327.5018310546875 -465.00244140625 0.00011933249334106222
v -1327.5018310546875 -615.00244140625 150.00013732910156
v -1327.5018310546875 -465.00244140625 150.0001220703125
v -1327.5018310546875 -465.00244140625 0.00011933249334106222
v -1377.5018310546875 -465.00244140625 0.00011714691936504096
v -1327.5018310546875 -465.00244140625 150.0001220703125
v -1377.5018310546875 -465.00244140625 150.00010681152344
v -1377.5018310546875 -465.00244140625 160.00010681152344
v -1377.5018310546875 -615.00244140625 160.0001220703125
v -1377.5018310546875 -615.00244140625 160.0001220703125
v -1327.5018310546875 -615.00244140625 160.00013732910156
v -1327.5018310546875 -615.00244140625 160.00013732910156
v -1327.5018310546875 -465.00244140625 160.0001220703125
v -1327.5018310546875 -465.00244140625 160.0001220703125
v -1377.5018310546875 -465.00244140625 160.00010681152344
v -1377.5018310546875 -465.00244140625 160.00010681152344
v -1377.5018310546875 -615.00244140625 160.0001220703125
v -1327.5018310546875 -465.00244140625 160.0001220703125
v -1327.5018310546875 -615.00244140625 160.00013732910156
v -1377.5018310546875 -165.00244140625 9.092008986044675e-05
v -1377.5018310546875 -315.00244140625 0.00010403350461274385
v -1377.5018310546875 -165.00244140625 150.00009155273438
v -1377.5018310546875 -315.00244140625 150.00009155273438
v -1377.5018310546875 -315.00244140625 0.00010403350461274385
v -1327.5018310546875 -315.00244140625 0.00010621907858876511
v -1377.5018310546875 -315.00244140625 150.00009155273438
v -1327.5018310546875 -315.00244140625 150.00010681152344
v -1327.5018310546875 -315.00244140625 0.00010621907858876511
v -1327.5018310546875 -165.00244140625 9.31056565605104e-05
v -1327.5018310546875 -315.00244140625 150.00010681152344
v -1327.5018310546875 -165.00244140625 150.00010681152344
v -1327.5018310546875 -165.00244140625 9.31056565605104e-05
v -1377.5018310546875 -165.00244140625 9.092008986044675e-05
v -1327.5018310546875 -165.00244140625 150.00010681152344
v -1377.5018310546875 -165.00244140625 150.00009155273438
v -1377.5018310546875 -165.00244140625 160.00009155273438
v -1377.5018310546875 -315.00244140625 160.00009155273438
v -1377.5018310546875 -315.00244140625 160.00009155273438
v -1327.5018310546875 -315.00244140625 160.00010681152344
v -1327.5018310546875 -315.00244140625 160.00010681152344
v -1327.5018310546875 -165.00244140625 160.00010681152344
v -1327.5018310546875 -165.00244140625 160.00010681152344
v -1377.5018310546875 -165.00244140625 160.00009155273438
v -1377.5018310546875 -165.00244140625 160.00009155273438
v -1377.5018310546875 -315.00244140625 160.00009155273438
v -1327.5018310546875 -165.00244140625 160.00010681152344
v -1327.5018310546875 -315.00244140625 160.00010681152344
v -1377.5018310546875 134.99761962890625 6.469326035585254e-05
v -1377.5018310546875 -15.00244140625 7.780667510814965e-05
v -1377.5018310546875 134.99761962890625 150.00006103515625
v -1377.5018310546875 -15.00244140625 150.0000762939453
v -1377.5018310546875 -15.00244140625 7.780667510814965e-05
v -1327.5018310546875 -15.00244140625 7.99922418082133e-05
v -1377.5018310546875 -15.00244140625 150.0000762939453
v -1327.5018310546875 -15.00244140625 150.00009155273438
v -1327.5018310546875 -15.00244140625 7.99922418082133e-05
v -1327.5018310546875 134.99761962890625 6.687882705591619e-05
v -1327.5018310546875 -15.00244140625 150.00009155273438
v -1327.5018310546875 134.99761962890625 150.0000762939453
v -1327.5018310546875 134.99761962890625 6.687882705591619e-05
v -1377.5018310546875 134.99761962890625 6.469326035585254e-05
v -1327.5018310546875 134.99761962890625 150.0000762939453
v -1377.5018310546875 134.99761962890625 150.00006103515625
v -1377.5018310546875 134.99761962890625 160.00006103515625
v -1377.5018310546875 -15.00244140625 160.0000762939453
v -1377.5018310546875 -15.00244140625 160.0000762939453
v -1327.5018310546875 -15.00244140625 160.00009155273438
v -1327.5018310546875 -15.00244140625 160.00009155273438
v -1327.5018310546875 134.99761962890625 160.0000762939453
v -1327.5018310546875 134.99761962890625 160.0000762939453
v -1377.5018310546875 134.99761962890625 160.00006103515625
v -1377.5018310546875 134.99761962890625 160.00006103515625
v -1377.5018310546875 -15.00244140625 160.0000762939453
v -1327.5018310546875 134.99761962890625 160.0000762939453
v -1327.5018310546875 -15.00244140625 160.00009155273438
v -1377.5018310546875 434.99749755859375 3.846642721327953e-05
v -1377.5018310546875 284.99749755859375 5.1579841965576634e-05
v -1377.501953125 434.99749755859375 150.00003051757812
v -1377.5018310546875 284.99749755859375 150.0000457763672
v -1377.5018310546875 284.99749755859375 5.1579841965576634e-05
v -1327.5018310546875 284.99749755859375 5.376541230361909e-05
v -1377.5018310546875 284.99749755859375 150.0000457763672
v -1327.5018310546875 284.99749755859375 150.00006103515625
v -1327.5018310546875 284.99749755859375 5.376541230361909e-05
v -1327.5018310546875 434.99749755859375 4.065199755132198e-05
v -1327.5018310546875 284.99749755859375 150.00006103515625
v -1327.5018310546875 434.99749755859375 150.0000457763672
v -1327.5018310546875 434.99749755859375 4.065199755132198e-05
v -1377.5018310546875 434.99749755859375 3.846642721327953e-05
v -1327.5018310546875 434.99749755859375 150.0000457763672
v -1377.501953125 434.99749755859375 150.00003051757812
v -1377.501953125 434.99749755859375 160.00003051757812
v -1377.5018310546875 284.99749755859375 160.0000457763672
v -1377.5018310546875 284.99749755859375 160.0000457763672
v -1327.5018310546875 284.99749755859375 160.00006103515625
v -1327.5018310546875 284.99749755859375 160.00006103515625
v -1327.5018310546875 434.99749755859375 160.0000457763672
v -1327.5018310546875 434.99749755859375 160.0000457763672
v -1377.501953125 434.99749755859375 160.00003051757812
v -1377.501953125 434.99749755859375 160.00003051757812
v -1377.5018310546875 284.99749755859375 160.0000457763672
v -1327.5018310546875 434.99749755859375 160.0000457763672
v -1327.5018310546875 284.99749755859375 160.00006103515625
v -1377.501953125 734.9974365234375 1.2239593161211815e-05
v -1377.501953125 584.9974975585938 2.5353010641993023e-05
v -1377.501953125 734.9974365234375 150.0
v -1377.501953125 584.9974975585938 150.00001525878906
v -1377.501953125 584.9974975585938 2.5353010641993023e-05
v -1327.5018310546875 584.9974975585938 2.7538580980035476e-05
v -1377.501953125 584.9974975585938 150.00001525878906
v -1327.5018310546875 584.9974975585938 150.00003051757812
v -1327.5018310546875 584.9974975585938 2.7538580980035476e-05
v -1327.5018310546875 734.9974365234375 1.4425163499254268e-05
v -1327.5018310546875 584.9974975585938 150.00003051757812
v -1327.501953125 734.9974365234375 150.00001525878906
v -1327.5018310546875 734.9974365234375 1.4425163499254268e-05
v -1377.501953125 734.9974365234375 1.2239593161211815e-05
v -1327.501953125 734.9974365234375 150.00001525878906
v -1377.501953125 734.9974365234375 150.0
v -1377.501953125 734.9974365234375 160.0
v -1377.501953125 584.9974975585938 160.00001525878906
v -1377.501953125 584.9974975585938 160.00001525878906
v -1327.5018310546875 584.9974975585938 160.00003051757812
v -1327.5018310546875 584.9974975585938 160.00003051757812
v -1327.501953125 734.9974365234375 160.00001525878906
v -1327.501953125 734.9974365234375 160.00001525878906
v -1377.501953125 734.9974365234375 160.0
v -1377.501953125 734.9974365234375 160.0
v -1377.501953125 584.9974975585938 160.00001525878906
v -1327.501953125 734.9974365234375 160.00001525878906
v -1327.5018310546875 584.9974975585938 160.00003051757812
v -1377.501953125 1034.99755859375 -1.3987239071866497e-05
v -1377.501953125 884.9974365234375 -8.738211931813566e-07
v -1377.501953125 1034.99755859375 149.99998474121094
v -1377.501953125 884.9974365234375 149.99998474121094
v -1377.501953125 884.9974365234375 -8.738211931813566e-07
v -1327.501953125 884.9974365234375 1.3117492017045151e-06
v -1377.501953125 884.9974365234375 149.99998474121094
v -1327.501953125 884.9974365234375 150.0
v -1327.501953125 884.9974365234375 1.3117492017045151e-06
v -1327.501953125 1034.99755859375 -1.1801668733824044e-05
v -1327.501953125 884.9974365234375 150.0
v -1327.501953125 1034.99755859375 150.0
v -1327.501953125 1034.99755859375 -1.1801668733824044e-05
v -1377.501953125 1034.99755859375 -1.3987239071866497e-05
v -1327.501953125 1034.99755859375 150.0
v -1377.501953125 1034.99755859375 149.99998474121094
v -1377.501953125 1034.99755859375 159.99998474121094
v -1377.501953125 884.9974365234375 159.99998474121094
v -1377.501953125 884.9974365234375 159.99998474121094
v -1327.501953125 884.9974365234375 160.0
v -1327.501953125 884.9974365234375 160.0
v -1327.501953125 1034.99755859375 160.0
v -1327.501953125 1034.99755859375 160.0
v -1377.501953125 1034.99755859375 159.99998474121094
v -1377.501953125 1034.99755859375 159.99998474121094
v -1377.501953125 884.9974365234375 159.99998474121094
v -1327.501953125 1034.99755859375 160.0
v -1327.501953125 884.9974365234375 160.0
v -1377.501953125 1334.994384765625 -4.021379936602898e-05
v -1377.501953125 1184.994384765625 -2.7100382794742472e-05
v -1377.501953125 1334.994384765625 149.9999542236328
v -1377.501953125 1184.994384765625 149.99996948242188
v -1377.501953125 1184.994384765625 -2.7100382794742472e-05
v -1327.501953125 1184.994384765625 -2.491481245670002e-05
v -1377.501953125 1184.994384765625 149.99996948242188
v -1327.501953125 1184.994384765625 149.99998474121094
v -1327.501953125 1184.994384765625 -2.491481245670002e-05
v -1327.501953125 1334.994384765625 -3.8028229027986526e-05
v -1327.501953125 1184.994384765625 149.99998474121094
v -1327.501953125 1334.994384765625 149.99996948242188
v -1327.501953125 1334.994384765625 -3.8028229027986526e-05
v -1377.501953125 1334.994384765625 -4.021379936602898e-05
v -1327.501953125 1334.994384765625 149.99996948242188
v -1377.501953125 1334.994384765625 149.9999542236328
v -1377.501953125 1334.994384765625 159.9999542236328
v -1377.501953125 1184.994384765625 159.99996948242188
v -1377.501953125 1184.994384765625 159.99996948242188
v -1327.501953125 1184.994384765625 159.99998474121094
v -1327.501953125 1184.994384765625 159.99998474121094
v -1327.501953125 1334.994384765625 159.99996948242188
v -1327.501953125 1334.994384765625 159.99996948242188
v -1377.501953125 1334.994384765625 159.9999542236328
v -1377.501953125 1334.994384765625 159.9999542236328
v -1377.501953125 1184.994384765625 159.99996948242188
v -1327.501953125 1334.994384765625 159.99996948242188
v -1327.501953125 1184.994384765625 159.99998474121094
v -1377.501953125 1634.994384765625 -6.6440632508602e-05
v -1377.501953125 1484.994384765625 -5.332721775630489e-05
v -1377.501953125 1634.994384765625 149.9999237060547
v -1377.501953125 1484.994384765625 149.99993896484375
v -1377.501953125 1484.994384765625 -5.332721775630489e-05
v -1327.501953125 1484.994384765625 -5.114164378028363e-05
v -1377.501953125 1484.994384765625 149.99993896484375
v -1327.501953125 1484.994384765625 149.9999542236328
v -1327.501953125 1484.994384765625 -5.114164378028363e-05
v -1327.501953125 1634.994384765625 -6.425505853258073e-05
v -1327.501953125 1484.994384765625 149.9999542236328
v -1327.501953125 1634.994384765625 149.99993896484375
v -1327.501953125 1634.994384765625 -6.425505853258073e-05
v -1377.501953125 1634.994384765625 -6.6440632508602e-05
v -1327.501953125 1634.994384765625 149.99993896484375
v -1377.501953125 1634.994384765625 149.9999237060547
v -1377.501953125 1634.994384765625 159.9999237060547
v -1377.501953125 1484.994384765625 159.99993896484375
v -1377.501953125 1484.994384765625 159.99993896484375
v -1327.501953125 1484.994384765625 159.9999542236328
v -1327.501953125 1484.994384765625 159.9999542236328
v -1327.501953125 1634.994384765625 159.99993896484375
v -1327.501953125 1634.994384765625 159.99993896484375
v -1377.501953125 1634.994384765625 159.9999237060547
v -1377.501953125 1634.994384765625 159.9999237060547
v -1377.501953125 1484.994384765625 159.99993896484375
v -1327.501953125 1634.994384765625 159.99993896484375
v -1327.501953125 1484.994384765625 159.9999542236328
v -1287.502685546875 1924.9998779296875 -8.78597202245146e-05
v -1377.505126953125 1924.9998779296875 -9.179385233437642e-05
v -1287.502685546875 1924.9998779296875 149.9999237060547
v -1377.505126953125 1924.9998779296875 149.99990844726562
v -1327.5050048828125 1874.9998779296875 -8.523714495822787e-05
v -1287.502685546875 1874.9998779296875 -8.348858682438731e-05
v -1327.5050048828125 1874.9998779296875 149.9999237060547
v -1287.502685546875 1874.9998779296875 149.9999237060547
v -1287.502685546875 1874.9998779296875 -8.348858682438731e-05
v -1287.502685546875 1924.9998779296875 -8.78597202245146e-05
v -1287.502685546875 1874.9998779296875 149.9999237060547
v -1287.502685546875 1924.9998779296875 149.9999237060547
v -1287.502685546875 1924.9998779296875 159.9999237060547
v -1377.505126953125 1924.9998779296875 159.99990844726562
v -1327.5050048828125 1874.9998779296875 159.9999237060547
v -1287.502685546875 1874.9998779296875 159.9999237060547
v -1287.502685546875 1874.9998779296875 159.9999237060547
v -1287.502685546875 1924.9998779296875 159.9999237060547
v -1287.502685546875 1924.9998779296875 159.9999237060547
v -1377.505126953125 1924.9998779296875 159.99990844726562
v -1287.502685546875 1874.9998779296875 159.9999237060547
v -1327.5050048828125 1874.9998779296875 159.9999237060547
v -1327.5028076171875 1784.996337890625 -7.736868428764865e-05
v -1327.5030517578125 1875.00048828125 -8.52371085784398e-05
v -1327.5028076171875 1784.996337890625 149.9999237060547
v -1327.5030517578125 1875.00048828125 149.9999237060547
v -1377.5048828125 1924.9998779296875 -9.179384505841881e-05
v -1377.5028076171875 1784.996337890625 -7.95542509877123e-05
v -1377.5048828125 1924.9998779296875 149.99990844726562
v -1377.5029296875 1784.996337890625 149.99990844726562
v -1377.5028076171875 1784.996337890625 -7.95542509877123e-05
v -1327.5028076171875 1784.996337890625 -7.736868428764865e-05
v -1377.5029296875 1784.996337890625 149.99990844726562
v -1327.5028076171875 1784.996337890625 149.9999237060547
v -1327.5028076171875 1784.996337890625 159.9999237060547
v -1327.5030517578125 1875.00048828125 159.9999237060547
v -1377.5048828125 1924.9998779296875 159.99990844726562
v -1377.5029296875 1784.996337890625 159.99990844726562
v -1377.5029296875 1784.996337890625 159.99990844726562
v -1327.5028076171875 1784.996337890625 159.9999237060547
v -1327.5028076171875 1784.996337890625 159.9999237060547
v -1327.5030517578125 1875.00048828125 159.9999237060547
v -1377.5029296875 1784.996337890625 159.99990844726562
v -1377.5048828125 1924.9998779296875 159.99990844726562
v -987.5026245117188 1924.9998779296875 -7.47463054722175e-05
v -1137.502685546875 1924.9998779296875 -8.130301284836605e-05
v -987.5026245117188 1924.9998779296875 149.99993896484375
v -1137.502685546875 1924.9998779296875 149.9999237060547
v -1137.502685546875 1924.9998779296875 -8.130301284836605e-05
v -1137.502685546875 1874.9998779296875 -7.693187217228115e-05
v -1137.502685546875 1924.9998779296875 149.9999237060547
v -1137.502685546875 1874.9998779296875 149.9999237060547
v -1137.502685546875 1874.9998779296875 -7.693187217228115e-05
v -987.5026245117188 1874.9998779296875 -7.03751647961326e-05
v -1137.502685546875 1874.9998779296875 149.9999237060547
v -987.5026245117188 1874.9998779296875 149.99993896484375
v -987.5026245117188 1874.9998779296875 -7.03751647961326e-05
v -987.5026245117188 1924.9998779296875 -7.47463054722175e-05
v -987.5026245117188 1874.9998779296875 149.99993896484375
v -987.5026245117188 1924.9998779296875 149.99993896484375
v -987.5026245117188 1924.9998779296875 159.99993896484375
v -1137.502685546875 1924.9998779296875 159.9999237060547
v -1137.502685546875 1924.9998779296875 159.9999237060547
v -1137.502685546875 1874.9998779296875 159.9999237060547
v -1137.502685546875 1874.9998779296875 159.9999237060547
v -987.5026245117188 1874.9998779296875 159.99993896484375
v -987.5026245117188 1874.9998779296875 159.99993896484375
v -987.5026245117188 1924.9998779296875 159.99993896484375
v -987.5026245117188 1924.9998779296875 159.99993896484375
v -1137.502685546875 1924.9998779296875 159.9999237060547
v -987.5026245117188 1874.9998779296875 159.99993896484375
v -1137.502685546875 1874.9998779296875 159.9999237060547
v -687.5026245117188 1924.9998779296875 -6.16328907199204e-05
v -837.5026245117188 1924.9998779296875 -6.818959809606895e-05
v -687.5026245117188 1924.9998779296875 149.99993896484375
v -837.5026245117188 1924.9998779296875 149.99993896484375
v -837.5026245117188 1924.9998779296875 -6.818959809606895e-05
v -837.5026245117188 1874.9998779296875 -6.381845741998404e-05
v -837.5026245117188 1924.9998779296875 149.99993896484375
v -837.5026245117188 1874.9998779296875 149.99993896484375
v -837.5026245117188 1874.9998779296875 -6.381845741998404e-05
v -687.5026245117188 1874.9998779296875 -5.726175004383549e-05
v -837.5026245117188 1874.9998779296875 149.99993896484375
v -687.5026245117188 1874.9998779296875 149.99993896484375
v -687.5026245117188 1874.9998779296875 -5.726175004383549e-05
v -687.5026245117188 1924.9998779296875 -6.16328907199204e-05
v -687.5026245117188 1874.9998779296875 149.99993896484375
v -687.5026245117188 1924.9998779296875 149.99993896484375
v -687.5026245117188 1924.9998779296875 159.99993896484375
v -837.5026245117188 1924.9998779296875 159.99993896484375
v -837.5026245117188 1924.9998779296875 159.99993896484375
v -837.5026245117188 1874.9998779296875 159.99993896484375
v -837.5026245117188 1874.9998779296875 159.99993896484375
v -687.5026245117188 1874.9998779296875 159.99993896484375
v -687.5026245117188 1874.9998779296875 159.99993896484375
v -687.5026245117188 1924.9998779296875 159.99993896484375
v -687.5026245117188 1924.9998779296875 159.99993896484375
v -837.5026245117188 1924.9998779296875 159.99993896484375
v -687.5026245117188 1874.9998779296875 159.99993896484375
v -837.5026245117188 1874.9998779296875 159.99993896484375
v -387.50262451171875 1924.9998779296875 -4.8519475967623293e-05
v -537.5026245117188 1924.9998779296875 -5.5076183343771845e-05
v -387.50262451171875 1924.9998779296875 149.9999542236328
v -537.5026245117188 1924.9998779296875 149.9999542236328
v -537.5026245117188 1924.9998779296875 -5.5076183343771845e-05
v -537.5026245117188 1874.9998779296875 -5.070504266768694e-05
v -537.5026245117188 1924.9998779296875 149.9999542236328
v -537.5026245117188 1874.9998779296875 149.9999542236328
v -537.5026245117188 1874.9998779296875 -5.070504266768694e-05
v -387.50262451171875 1874.9998779296875 -4.414833529153839e-05
v -537.5026245117188 1874.9998779296875 149.9999542236328
v -387.50262451171875 1874.9998779296875 149.9999542236328
v -387.50262451171875 1874.9998779296875 -4.414833529153839e-05
v -387.50262451171875 1924.9998779296875 -4.8519475967623293e-05
v -387.50262451171875 1874.9998779296875 149.9999542236328
v -387.50262451171875 1924.9998779296875 149.9999542236328
v -387.50262451171875 1924.9998779296875 159.9999542236328
v -537.5026245117188 1924.9998779296875 159.9999542236328
v -537.5026245117188 1924.9998779296875 159.9999542236328
v -537.5026245117188 1874.9998779296875 159.9999542236328
v -537.5026245117188 1874.9998779296875 159.9999542236328
v -387.50262451171875 1874.9998779296875 159.9999542236328
v -387.50262451171875 1874.9998779296875 159.9999542236328
v -387.50262451171875 1924.9998779296875 159.9999542236328
v -387.50262451171875 1924.9998779296875 159.9999542236328
v -537.5026245117188 1924.9998779296875 159.9999542236328
v -387.50262451171875 1874.9998779296875 159.9999542236328
v -537.5026245117188 1874.9998779296875 159.9999542236328
v -87.50262451171875 1925.0 -3.540605757734738e-05
v -237.50262451171875 1924.9998779296875 -4.1962764953495935e-05
v -87.50262451171875 1925.0 149.99996948242188
v -237.50262451171875 1924.9998779296875 149.99996948242188
v -237.50262451171875 1924.9998779296875 -4.1962764953495935e-05
v -237.50262451171875 1874.9998779296875 -3.759162427741103e-05
v -237.50262451171875 1924.9998779296875 149.99996948242188
v -237.50262451171875 1874.9998779296875 149.99996948242188
v -237.50262451171875 1874.9998779296875 -3.759162427741103e-05
v -87.50262451171875 1875.0 -3.103491690126248e-05
v -237.50262451171875 1874.9998779296875 149.99996948242188
v -87.50262451171875 1875.0 149.99996948242188
v -87.50262451171875 1875.0 -3.103491690126248e-05
v -87.50262451171875 1925.0 -3.540605757734738e-05
v -87.50262451171875 1875.0 149.99996948242188
v -87.50262451171875 1925.0 149.99996948242188
v -87.50262451171875 1925.0 159.99996948242188
v -237.50262451171875 1924.9998779296875 159.99996948242188
v -237.50262451171875 1924.9998779296875 159.99996948242188
v -237.50262451171875 1874.9998779296875 159.99996948242188
v -237.50262451171875 1874.9998779296875 159.99996948242188
v -87.50262451171875 1875.0 159.99996948242188
v -87.50262451171875 1875.0 159.99996948242188
v -87.50262451171875 1925.0 159.99996948242188
v -87.50262451171875 1925.0 159.99996948242188
v -237.50262451171875 1924.9998779296875 159.99996948242188
v -87.50262451171875 1875.0 159.99996948242188
v -237.50262451171875 1874.9998779296875 159.99996948242188
v 112.49737548828125 1925.0 -2.6663774406188168e-05
v 62.49737548828125 1925.0 -2.884934474423062e-05
v 112.49737548828125 1925.0 149.99998474121094
v 62.49737548828125 1925.0 149.99998474121094
v 62.49737548828125 1925.0 -2.884934474423062e-05
v 62.49737548828125 1875.0 -2.4478204068145715e-05
v 62.49737548828125 1925.0 149.99998474121094
v 62.49737548828125 1875.0 149.99998474121094
v 62.49737548828125 1875.0 -2.4478204068145715e-05
v 112.49737548828125 1875.0 -2.2292633730103262e-05
v 62.49737548828125 1875.0 149.99998474121094
v 112.49737548828125 1875.0 149.99998474121094
v 112.49737548828125 1875.0 -2.2292633730103262e-05
v 112.49737548828125 1925.0 -2.6663774406188168e-05
v 112.49737548828125 1875.0 149.99998474121094
v 112.49737548828125 1925.0 149.99998474121094
v 112.49737548828125 1925.0 159.99998474121094
v 62.49737548828125 1925.0 159.99998474121094
v 62.49737548828125 1925.0 159.99998474121094
v 62.49737548828125 1875.0 159.99998474121094
v 62.49737548828125 1875.0 159.99998474121094
v 112.49737548828125 1875.0 159.99998474121094
v 112.49737548828125 1875.0 159.99998474121094
v 112.49737548828125 1925.0 159.99998474121094
v 112.49737548828125 1925.0 159.99998474121094
v 62.49737548828125 1925.0 159.99998474121094
v 112.49737548828125 1875.0 159.99998474121094
v 62.49737548828125 1875.0 159.99998474121094
v 102.49676513671875 2864.99951171875 -500.0001220703125
v 77.49676513671875 2864.99951171875 -500.0001220703125
v 102.49676513671875 2864.99951171875 -355.0001220703125
v 77.49676513671875 2864.99951171875 -355.0001220703125
v 77.49676513671875 2864.99951171875 -500.0001220703125
v 77.496826171875 2164.999267578125 -500.00006103515625
v 77.49676513671875 2864.99951171875 -355.0001220703125
v 77.496826171875 2164.999267578125 -355.00006103515625
v 77.496826171875 2164.999267578125 -500.00006103515625
v 102.496826171875 2164.999267578125 -500.00006103515625
v 77.496826171875 2164.999267578125 -355.00006103515625
v 102.496826171875 2164.999267578125 -355.00006103515625
v 102.496826171875 2164.999267578125 -500.00006103515625
v 102.49676513671875 2864.99951171875 -500.0001220703125
v 102.496826171875 2164.999267578125 -355.00006103515625
v 102.49676513671875 2864.99951171875 -355.0001220703125
v 102.49676513671875 2864.99951171875 -355.0001220703125
v 77.49676513671875 2864.99951171875 -355.0001220703125
v 102.49676513671875 2165.46484375 100.00001525878906
v 77.49676513671875 2165.46484375 100.00001525878906
v 77.49676513671875 2165.46484375 99.99996948242188
v 77.49676513671875 2164.99951171875 99.99996948242188
v 77.49676513671875 2164.99951171875 99.99996948242188
v 102.49676513671875 2164.99951171875 99.99996948242188
v 102.49676513671875 2164.99951171875 99.99996948242188
v 102.49676513671875 2165.46484375 99.99996948242188
v 102.49676513671875 2165.46484375 99.99996948242188
v 77.49676513671875 2165.46484375 99.99996948242188
v 102.49676513671875 2164.99951171875 99.99996948242188
v 77.49676513671875 2164.99951171875 99.99996948242188
v 102.496826171875 2164.999267578125 -500.00006103515625
v 77.496826171875 2164.999267578125 -500.00006103515625
v 102.49676513671875 2164.99951171875 99.99994659423828
v 77.49676513671875 2164.99951171875 99.99994659423828
v 77.496826171875 1925.0 -500.0000305175781
v 77.49676513671875 1925.0 99.99996948242188
v 77.496826171875 1925.0 -500.0000305175781
v 102.496826171875 1925.0 -500.0000305175781
v 77.49676513671875 1925.0 99.99996948242188
v 102.49676513671875 1925.0 99.99996948242188
v 102.496826171875 1925.0 -500.0000305175781
v 102.49676513671875 1925.0 99.99996948242188
v 102.49676513671875 2164.99951171875 99.99994659423828
v 102.49676513671875 2164.99951171875 99.99994659423828
v 77.49676513671875 2164.99951171875 99.99994659423828
v 102.49676513671875 1925.0 99.99996948242188
v 77.49676513671875 1925.0 99.99996948242188
v 107.49554443359375 2864.99951171875 -355.000244140625
v 72.49798583984375 2864.99951171875 -355.000244140625
v 107.49554443359375 2864.99951171875 -345.000244140625
v 72.49798583984375 2864.99951171875 -345.000244140625
v 72.49798583984375 2164.99951171875 99.99994659423828
v 72.49798583984375 2864.99951171875 -345.000244140625
v 72.49798583984375 2864.99951171875 -355.000244140625
v 72.49798583984375 2164.99951171875 109.99993896484375
v 72.49798583984375 2164.99951171875 99.99994659423828
v 107.49554443359375 2164.99951171875 99.99994659423828
v 72.49798583984375 2164.99951171875 109.99994659423828
v 107.49554443359375 2164.99951171875 109.99994659423828
v 107.49554443359375 2164.99951171875 109.99994659423828
v 107.49554443359375 2164.99951171875 99.99994659423828
v 107.49554443359375 2864.99951171875 -345.0001525878906
v 107.49554443359375 2864.99951171875 -355.0001525878906
v 107.49554443359375 2864.99951171875 -355.000244140625
v 107.49554443359375 2164.99951171875 99.99994659423828
v 72.49798583984375 2864.99951171875 -355.000244140625
v 72.49798583984375 2164.99951171875 99.99994659423828
v 107.49554443359375 2864.99951171875 -345.000244140625
v 72.49798583984375 2864.99951171875 -345.000244140625
v 107.49554443359375 2164.99951171875 109.99994659423828
v 72.49798583984375 2164.99951171875 109.99994659423828
v 107.49554443359375 2164.99951171875 99.99994659423828
v 72.49798583984375 2164.99951171875 99.99994659423828
v 107.49554443359375 2164.99951171875 109.99994659423828
v 72.49798583984375 2164.99951171875 109.99994659423828
v 72.49798583984375 1929.998779296875 99.99996948242188
v 72.49798583984375 2164.99951171875 109.99994659423828
v 72.49798583984375 1929.998779296875 109.99996948242188
v 72.49798583984375 1929.998779296875 99.99996948242188
v 107.49554443359375 1929.998779296875 99.99996948242188
v 72.49798583984375 1929.998779296875 109.99996948242188
v 107.49554443359375 1929.998779296875 109.99996948242188
v 107.49554443359375 1929.998779296875 99.99996948242188
v 107.49554443359375 1929.998779296875 109.99996948242188
v 107.49554443359375 1929.998779296875 99.99996948242188
v 72.49798583984375 1929.998779296875 99.99996948242188
v 107.49554443359375 1929.998779296875 109.99996948242188
v 72.49798583984375 1929.998779296875 109.99996948242188
v 402.4998779296875 2864.99951171875 -500.0000915527344
v 347.498046875 2864.99951171875 -500.0000915527344
v 402.4998779296875 2864.99951171875 -355.0000915527344
v 347.498046875 2864.99951171875 -355.0000915527344
v 347.498046875 2864.99951171875 -500.0000915527344
v 347.498046875 2164.999267578125 -500.0000305175781
v 347.498046875 2864.99951171875 -355.0000915527344
v 347.498046875 2164.999267578125 -355.0000305175781
v 347.498046875 2164.999267578125 -500.0000305175781
v 402.4998779296875 2164.999267578125 -500.0000305175781
v 347.498046875 2164.999267578125 -355.0000305175781
v 402.4998779296875 2164.999267578125 -355.0000305175781
v 402.4998779296875 2164.999267578125 -500.0000305175781
v 402.4998779296875 2864.99951171875 -500.0000915527344
v 402.4998779296875 2164.999267578125 -355.0000305175781
v 402.4998779296875 2864.99951171875 -355.0000915527344
v 402.4998779296875 2864.99951171875 -355.0000915527344
v 347.498046875 2864.99951171875 -355.0000915527344
v 402.4998779296875 2165.465087890625 100.00008392333984
v 347.498046875 2165.465087890625 100.00008392333984
v 347.498046875 2165.46533203125 99.99998474121094
v 347.498046875 2164.99951171875 99.99998474121094
v 347.498046875 2164.99951171875 99.99998474121094
v 402.4998779296875 2164.99951171875 99.99998474121094
v 402.4998779296875 2164.99951171875 99.99998474121094
v 402.4998779296875 2165.46533203125 99.99998474121094
v 402.4998779296875 2165.46533203125 99.99998474121094
v 347.498046875 2165.46533203125 99.99998474121094
v 402.4998779296875 2164.99951171875 99.99998474121094
v 347.498046875 2164.99951171875 99.99998474121094
v 372.498046875 2164.999267578125 -500.0000305175781
v 347.498046875 2164.999267578125 -500.0000305175781
v 372.498046875 2164.99951171875 99.99996185302734
v 347.498046875 2164.99951171875 99.99996185302734
v 347.498046875 2100.0 -500.0000305175781
v 347.498046875 2100.0 99.99996948242188
v 347.498046875 2100.0 -500.0000305175781
v 372.498046875 2100.0 -500.0000305175781
v 347.498046875 2100.0 99.99996948242188
v 372.498046875 2100.0 99.99996948242188
v 372.498046875 2100.0 -500.0000305175781
v 372.498046875 2164.999267578125 -500.0000305175781
v 372.498046875 2100.0 99.99996948242188
v 372.498046875 2164.99951171875 99.99996185302734
v 372.498046875 2164.99951171875 99.99996185302734
v 347.498046875 2164.99951171875 99.99996185302734
v 372.498046875 2100.0 99.99996948242188
v 347.498046875 2100.0 99.99996948242188
v 407.4986572265625 2864.99951171875 -355.0002136230469
v 342.499267578125 2864.99951171875 -355.0002136230469
v 407.4986572265625 2864.99951171875 -345.0002136230469
v 342.499267578125 2864.99951171875 -345.0002136230469
v 342.499267578125 2164.99951171875 99.99996185302734
v 342.499267578125 2864.99951171875 -345.0002136230469
v 342.499267578125 2864.99951171875 -355.0002136230469
v 342.499267578125 2164.99951171875 109.99995422363281
v 342.499267578125 2164.99951171875 99.99996185302734
v 407.4986572265625 2164.99951171875 99.99996185302734
v 342.499267578125 2164.99951171875 109.99996185302734
v 407.4986572265625 2164.99951171875 109.99996185302734
v 407.4986572265625 2164.99951171875 109.99996185302734
v 407.4986572265625 2164.99951171875 99.99996185302734
v 407.4986572265625 2864.99951171875 -345.0001220703125
v 407.4986572265625 2864.99951171875 -355.0001220703125
v 407.4986572265625 2864.99951171875 -355.0002136230469
v 407.4986572265625 2164.99951171875 99.99996185302734
v 342.499267578125 2864.99951171875 -355.0002136230469
v 342.499267578125 2164.99951171875 99.99996185302734
v 407.4986572265625 2864.99951171875 -345.0002136230469
v 342.499267578125 2864.99951171875 -345.0002136230469
v 407.4986572265625 2164.99951171875 109.99996185302734
v 342.499267578125 2164.99951171875 109.99996185302734
v 402.496826171875 2164.99951171875 99.99996185302734
v 342.499267578125 2164.99951171875 99.99996185302734
v 402.496826171875 2164.99951171875 109.99996185302734
v 342.499267578125 2164.99951171875 109.99996185302734
v 342.499267578125 2104.998779296875 99.99996948242188
v 342.499267578125 2164.99951171875 109.99996185302734
v 342.499267578125 2104.998779296875 109.99996948242188
v 342.499267578125 2104.998779296875 99.99996948242188
v 402.496826171875 2104.998779296875 99.99996948242188
v 342.499267578125 2104.998779296875 109.99996948242188
v 402.496826171875 2104.998779296875 109.99996948242188
v 402.496826171875 2104.998779296875 99.99996948242188
v 402.496826171875 2164.99951171875 99.99996185302734
v 402.496826171875 2104.998779296875 109.99996948242188
v 402.496826171875 2164.99951171875 109.99996185302734
v 402.496826171875 2164.99951171875 99.99996185302734
v 402.496826171875 2104.998779296875 99.99996948242188
v 342.499267578125 2104.998779296875 99.99996948242188
v 402.496826171875 2164.99951171875 109.99996185302734
v 402.496826171875 2104.998779296875 109.99996948242188
v 342.499267578125 2104.998779296875 109.99996948242188
v 406.111083984375 2127.286865234375 -500.0002136230469
v 102.497802734375 2127.286865234375 -500.000244140625
v 406.111083984375 2127.286865234375 -0.00022224888380151242
v 102.49774169921875 2127.286865234375 -0.00023552024504169822
v 102.497802734375 2127.286865234375 -500.000244140625
v 102.497802734375 1925.0009765625 -500.0002136230469
v 102.49774169921875 2127.286865234375 -0.00023552024504169822
v 102.49774169921875 1925.0009765625 -0.0002178358263336122
v 102.497802734375 1925.0009765625 -500.0002136230469
v 406.111083984375 1925.0009765625 -500.00018310546875
v 102.49774169921875 1925.0009765625 -0.0002178358263336122
v 406.111083984375 1925.0009765625 -0.0002045644650934264
v 406.111083984375 1925.0009765625 -500.00018310546875
v 406.111083984375 2127.286865234375 -500.0002136230469
v 406.111083984375 1925.0009765625 -0.0002045644650934264
v 406.111083984375 2127.286865234375 -0.00022224888380151242
v 346.1104736328125 2163.786865234375 -0.00022806250490248203
v 102.49774169921875 2127.286865234375 -0.00023552024504169822
v 346.1104736328125 2127.286865234375 -0.0002248715900350362
v 102.49774169921875 2163.786865234375 -0.00023871115990914404
v 346.1104736328125 2163.786865234375 -25.000228881835938
v 102.49774169921875 2163.786865234375 -0.00023871115990914404
v 346.1104736328125 2163.786865234375 -0.00022806250490248203
v 102.49774169921875 2163.786865234375 -25.0002384185791
v 346.1104736328125 2200.28662109375 -25.00023078918457
v 102.49774169921875 2163.786865234375 -25.0002384185791
v 346.1104736328125 2163.786865234375 -25.000228881835938
v 102.49774169921875 2200.28662109375 -25.000240325927734
v 346.1104736328125 2200.28662109375 -50.00022888183594
v 102.49774169921875 2200.28662109375 -25.000240325927734
v 346.1104736328125 2200.28662109375 -25.00023078918457
v 102.49774169921875 2200.28662109375 -50.000240325927734
v 346.1104736328125 2236.78662109375 -50.0002326965332
v 102.49774169921875 2200.28662109375 -50.000240325927734
v 346.1104736328125 2200.28662109375 -50.00022888183594
v 102.49774169921875 2236.78662109375 -50.000244140625
v 346.1104736328125 2236.78662109375 -75.00023651123047
v 102.49774169921875 2236.78662109375 -50.000244140625
v 346.1104736328125 2236.78662109375 -50.0002326965332
v 102.49774169921875 2236.78662109375 -75.00025177001953
v 346.1104736328125 2273.28662109375 -75.00023651123047
v 102.49774169921875 2236.78662109375 -75.00025177001953
v 346.1104736328125 2236.78662109375 -75.00023651123047
v 102.49774169921875 2273.28662109375 -75.00025177001953
v 346.1104736328125 2273.28662109375 -100.00023651123047
v 102.49774169921875 2273.28662109375 -75.00025177001953
v 346.1104736328125 2273.28662109375 -75.00023651123047
v 102.49774169921875 2273.28662109375 -100.00025177001953
v 346.1104736328125 2309.78662109375 -100.00023651123047
v 102.49774169921875 2273.28662109375 -100.00025177001953
v 346.1104736328125 2273.28662109375 -100.00023651123047
v 102.49774169921875 2309.78662109375 -100.00025177001953
v 346.1104736328125 2309.78662109375 -125.00023651123047
v 102.49774169921875 2309.78662109375 -100.00025177001953
v 346.1104736328125 2309.78662109375 -100.00023651123047
v 102.49774169921875 2309.78662109375 -125.00025177001953
v 346.1104736328125 2346.28662109375 -125.000244140625
v 102.49774169921875 2309.78662109375 -125.00025177001953
v 346.1104736328125 2309.78662109375 -125.00023651123047
v 102.49774169921875 2346.28662109375 -125.00025939941406
v 346.1104736328125 2346.28662109375 -150.000244140625
v 102.49774169921875 2346.28662109375 -125.00025939941406
v 346.1104736328125 2346.28662109375 -125.000244140625
v 102.49774169921875 2346.28662109375 -150.000244140625
v 346.1104736328125 2382.786376953125 -150.000244140625
v 102.49774169921875 2346.28662109375 -150.000244140625
v 346.1104736328125 2346.28662109375 -150.000244140625
v 102.49774169921875 2382.786376953125 -150.000244140625
v 346.1104736328125 2382.786376953125 -175.000244140625
v 102.49774169921875 2382.786376953125 -150.000244140625
v 346.1104736328125 2382.786376953125 -150.000244140625
v 102.49774169921875 2382.786376953125 -175.000244140625
v 346.1104736328125 2419.286376953125 -175.000244140625
v 102.49774169921875 2382.786376953125 -175.000244140625
v 346.1104736328125 2382.786376953125 -175.000244140625
v 102.49774169921875 2419.2861328125 -175.000244140625
v 346.1104736328125 2419.286376953125 -200.000244140625
v 102.49774169921875 2419.2861328125 -175.000244140625
v 346.1104736328125 2419.286376953125 -175.000244140625
v 102.49774169921875 2419.2861328125 -200.000244140625
v 346.1104736328125 2455.7861328125 -200.00025939941406
v 102.49774169921875 2419.2861328125 -200.000244140625
v 346.1104736328125 2419.286376953125 -200.000244140625
v 102.49774169921875 2455.7861328125 -200.00025939941406
v 346.1104736328125 2455.7861328125 -225.00025939941406
v 102.49774169921875 2455.7861328125 -200.00025939941406
v 346.1104736328125 2455.7861328125 -200.00025939941406
v 102.49774169921875 2455.7861328125 -225.00025939941406
v 346.1104736328125 2492.2861328125 -225.00025939941406
v 102.49774169921875 2455.7861328125 -225.00025939941406
v 346.1104736328125 2455.7861328125 -225.00025939941406
v 102.49774169921875 2492.2861328125 -225.00025939941406
v 346.1104736328125 2492.2861328125 -250.00025939941406
v 102.49774169921875 2492.2861328125 -225.00025939941406
v 346.1104736328125 2492.2861328125 -225.00025939941406
v 102.49774169921875 2492.2861328125 -250.00025939941406
v 346.1104736328125 2528.7861328125 -250.00025939941406
v 102.49774169921875 2492.2861328125 -250.00025939941406
v 346.1104736328125 2492.2861328125 -250.00025939941406
v 102.49774169921875 2528.7861328125 -250.00025939941406
v 346.1104736328125 2528.7861328125 -275.000244140625
v 102.49774169921875 2528.7861328125 -250.00025939941406
v 346.1104736328125 2528.7861328125 -250.00025939941406
v 102.49774169921875 2528.7861328125 -275.0002746582031
v 346.1104736328125 2565.2861328125 -275.000244140625
v 102.49774169921875 2528.7861328125 -275.0002746582031
v 346.1104736328125 2528.7861328125 -275.000244140625
v 102.49774169921875 2565.2861328125 -275.0002746582031
v 346.1104736328125 2565.2861328125 -300.000244140625
v 102.49774169921875 2565.2861328125 -275.0002746582031
v 346.1104736328125 2565.2861328125 -275.000244140625
v 102.49774169921875 2565.2861328125 -300.0002746582031
v 346.1104736328125 2601.7861328125 -300.000244140625
v 102.49774169921875 2565.2861328125 -300.0002746582031
v 346.1104736328125 2565.2861328125 -300.000244140625
v 102.49774169921875 2601.7861328125 -300.0002746582031
v 346.1104736328125 2601.7861328125 -325.000244140625
v 102.49774169921875 2601.7861328125 -300.0002746582031
v 346.1104736328125 2601.7861328125 -300.000244140625
v 102.49774169921875 2601.7861328125 -325.0002746582031
v 346.1104736328125 2638.2861328125 -325.000244140625
v 102.49774169921875 2601.7861328125 -325.0002746582031
v 346.1104736328125 2601.7861328125 -325.000244140625
v 102.49774169921875 2638.2861328125 -325.0002746582031
v 346.1104736328125 2638.2861328125 -350.000244140625
v 102.49774169921875 2638.2861328125 -325.0002746582031
v 346.1104736328125 2638.2861328125 -325.000244140625
v 102.49774169921875 2638.2861328125 -350.0002746582031
v 346.1104736328125 2674.7861328125 -350.000244140625
v 102.49774169921875 2638.2861328125 -350.0002746582031
v 346.1104736328125 2638.2861328125 -350.000244140625
v 102.49774169921875 2674.7861328125 -350.0002746582031
v 346.1104736328125 2674.7861328125 -375.000244140625
v 102.49774169921875 2674.7861328125 -350.0002746582031
v 346.1104736328125 2674.7861328125 -350.000244140625
v 102.49774169921875 2674.7861328125 -375.0002746582031
v 346.1104736328125 2711.285888671875 -375.000244140625
v 102.49774169921875 2674.7861328125 -375.0002746582031
v 346.1104736328125 2674.7861328125 -375.000244140625
v 102.49774169921875 2711.285888671875 -375.0002746582031
v 346.1104736328125 2711.285888671875 -400.000244140625
v 102.49774169921875 2711.285888671875 -375.0002746582031
v 346.1104736328125 2711.285888671875 -375.000244140625
v 102.49774169921875 2711.285888671875 -400.0002746582031
v 346.1104736328125 2747.785888671875 -400.0002746582031
v 102.49774169921875 2711.285888671875 -400.0002746582031
v 346.1104736328125 2711.285888671875 -400.000244140625
v 102.49774169921875 2747.785888671875 -400.00030517578125
v 346.1104736328125 2747.785888671875 -425.0002746582031
v 102.49774169921875 2747.785888671875 -400.00030517578125
v 346.1104736328125 2747.785888671875 -400.0002746582031
v 102.49774169921875 2747.785888671875 -425.00030517578125
v 346.1104736328125 2784.28564453125 -425.0002746582031
v 102.49774169921875 2747.785888671875 -425.00030517578125
v 346.1104736328125 2747.785888671875 -425.0002746582031
v 102.49774169921875 2784.28564453125 -425.00030517578125
v 346.1104736328125 2784.28564453125 -450.0002746582031
v 102.49774169921875 2784.28564453125 -425.00030517578125
v 346.1104736328125 2784.28564453125 -425.0002746582031
v 102.49774169921875 2784.28564453125 -450.00030517578125
v 346.1104736328125 2820.78564453125 -450.0002746582031
v 102.49774169921875 2784.28564453125 -450.00030517578125
v 346.1104736328125 2784.28564453125 -450.0002746582031
v 102.49774169921875 2820.78564453125 -450.00030517578125
v 346.1104736328125 2820.78564453125 -475.0002746582031
v 102.49774169921875 2820.78564453125 -450.00030517578125
v 346.1104736328125 2820.78564453125 -450.0002746582031
v 102.49774169921875 2820.78564453125 -475.00030517578125
v 346.1104736328125 2857.28564453125 -475.0002746582031
v 102.49774169921875 2820.78564453125 -475.00030517578125
v 346.1104736328125 2820.78564453125 -475.0002746582031
v 102.49774169921875 2857.28564453125 -475.00030517578125
v 346.1104736328125 2857.28564453125 -500.0002746582031
v 102.49774169921875 2857.28564453125 -475.00030517578125
v 346.1104736328125 2857.28564453125 -475.0002746582031
v 102.49774169921875 2857.28564453125 -500.00030517578125
v 102.49774169921875 2857.28564453125 -550.000244140625
v 102.497802734375 2127.286865234375 -550.0001831054688
v 102.49774169921875 2857.28564453125 -500.00030517578125
v 102.49774169921875 2163.786865234375 -0.00023871115990914404
v 102.49774169921875 2163.786865234375 -25.0002384185791
v 102.49774169921875 2200.28662109375 -25.000240325927734
v 102.49774169921875 2200.28662109375 -50.000240325927734
v 102.49774169921875 2236.78662109375 -50.000244140625
v 102.49774169921875 2236.78662109375 -75.00025177001953
v 102.49774169921875 2273.28662109375 -75.00025177001953
v 102.49774169921875 2273.28662109375 -100.00025177001953
v 102.49774169921875 2309.78662109375 -100.00025177001953
v 102.49774169921875 2309.78662109375 -125.00025177001953
v 102.49774169921875 2346.28662109375 -125.00025939941406
v 102.49774169921875 2346.28662109375 -150.000244140625
v 102.49774169921875 2382.786376953125 -150.000244140625
v 102.49774169921875 2382.786376953125 -175.000244140625
v 102.49774169921875 2419.2861328125 -175.000244140625
v 102.49774169921875 2419.2861328125 -200.000244140625
v 102.49774169921875 2455.7861328125 -200.00025939941406
v 102.49774169921875 2455.7861328125 -225.00025939941406
v 102.49774169921875 2492.2861328125 -225.00025939941406
v 102.49774169921875 2492.2861328125 -250.00025939941406
v 102.49774169921875 2528.7861328125 -250.00025939941406
v 102.49774169921875 2528.7861328125 -275.0002746582031
v 102.49774169921875 2565.2861328125 -275.0002746582031
v 102.49774169921875 2565.2861328125 -300.0002746582031
v 102.49774169921875 2601.7861328125 -300.0002746582031
v 102.49774169921875 2601.7861328125 -325.0002746582031
v 102.49774169921875 2638.2861328125 -325.0002746582031
v 102.49774169921875 2638.2861328125 -350.0002746582031
v 102.49774169921875 2674.7861328125 -350.0002746582031
v 102.49774169921875 2674.7861328125 -375.0002746582031
v 102.49774169921875 2711.285888671875 -375.0002746582031
v 102.49774169921875 2711.285888671875 -400.0002746582031
v 102.49774169921875 2747.785888671875 -400.00030517578125
v 102.49774169921875 2747.785888671875 -425.00030517578125
v 102.49774169921875 2784.28564453125 -425.00030517578125
v 102.49774169921875 2784.28564453125 -450.00030517578125
v 102.49774169921875 2820.78564453125 -450.00030517578125
v 102.49774169921875 2820.78564453125 -475.00030517578125
v 102.49774169921875 2857.28564453125 -475.00030517578125
v 346.1104736328125 2857.28564453125 -500.0002746582031
v 346.1104736328125 2857.28564453125 -475.0002746582031
v 346.1104736328125 2820.78564453125 -475.0002746582031
v 346.1104736328125 2820.78564453125 -450.0002746582031
v 346.1104736328125 2784.28564453125 -450.0002746582031
v 346.1104736328125 2784.28564453125 -425.0002746582031
v 346.1104736328125 2747.785888671875 -425.0002746582031
v 346.1104736328125 2747.785888671875 -400.0002746582031
v 346.1104736328125 2711.285888671875 -400.000244140625
v 346.1104736328125 2711.285888671875 -375.000244140625
v 346.1104736328125 2674.7861328125 -375.000244140625
v 346.1104736328125 2674.7861328125 -350.000244140625
v 346.1104736328125 2638.2861328125 -350.000244140625
v 346.1104736328125 2638.2861328125 -325.000244140625
v 346.1104736328125 2601.7861328125 -325.000244140625
v 346.1104736328125 2601.7861328125 -300.000244140625
v 346.1104736328125 2565.2861328125 -300.000244140625
v 346.1104736328125 2565.2861328125 -275.000244140625
v 346.1104736328125 2528.7861328125 -275.000244140625
v 346.1104736328125 2528.7861328125 -250.00025939941406
v 346.1104736328125 2492.2861328125 -250.00025939941406
v 346.1104736328125 2492.2861328125 -225.00025939941406
v 346.1104736328125 2455.7861328125 -225.00025939941406
v 346.1104736328125 2455.7861328125 -200.00025939941406
v 346.1104736328125 2419.286376953125 -200.000244140625
v 346.1104736328125 2419.286376953125 -175.000244140625
v 346.1104736328125 2382.786376953125 -175.000244140625
v 346.1104736328125 2382.786376953125 -150.000244140625
v 346.1104736328125 2346.28662109375 -150.000244140625
v 346.1104736328125 2346.28662109375 -125.000244140625
v 346.1104736328125 2309.78662109375 -125.00023651123047
v 346.1104736328125 2309.78662109375 -100.00023651123047
v 346.1104736328125 2273.28662109375 -100.00023651123047
v 346.1104736328125 2273.28662109375 -75.00023651123047
v 346.1104736328125 2236.78662109375 -75.00023651123047
v 346.1104736328125 2236.78662109375 -50.0002326965332
v 346.1104736328125 2200.28662109375 -50.00022888183594
v 346.1104736328125 2200.28662109375 -25.00023078918457
v 346.1104736328125 2163.786865234375 -25.000228881835938
v 346.1104736328125 2163.786865234375 -0.00022806250490248203
v 346.1104736328125 2127.286865234375 -0.0002248715900350362
v 346.1104736328125 2127.286865234375 -550.0001831054688
v 346.1104736328125 2857.28564453125 -550.000244140625
v 102.49774169921875 2127.286865234375 -0.00023552024504169822
v 102.497802734375 2127.286865234375 -550.0001831054688
v 346.1104736328125 2127.286865234375 -0.0002248715900350362
v 346.1104736328125 2127.286865234375 -550.0001831054688
v 102.49774169921875 2857.28564453125 -550.000244140625
v 346.1104736328125 2857.28564453125 -550.000244140625
v 102.49774169921875 1925.0009765625 -0.0002178358263336122
v 406.111083984375 2127.286865234375 -0.00022224888380151242
v 406.111083984375 1925.0009765625 -0.0002045644650934264
v -437.50152587890625 -554.99462890625 0.00016610301099717617
v -1332.505859375 -554.99462890625 0.0001269811182282865
v -437.50152587890625 -554.99462890625 10.000165939331055
v -1332.505859375 -554.99462890625 10.000126838684082
v -1332.505859375 -1424.9989013671875 0.00020303930796217173
v -437.50152587890625 -1424.9989013671875 0.00024216118617914617
v -1332.505859375 -1424.9989013671875 10.000203132629395
v -437.50152587890625 -1424.9989013671875 10.000242233276367
v -1332.505859375 -554.99462890625 10.000126838684082
v -1332.505859375 -1424.9989013671875 10.000203132629395
v -437.50152587890625 -554.99462890625 10.000165939331055
v -437.50146484375 -1424.9989013671875 10.000242233276367
v -437.504638671875 -564.998291015625 10.000166893005371
v -1332.505615234375 -564.998291015625 10.000127792358398
v -437.504638671875 -564.998291015625 90.00016784667969
v -1332.505615234375 -564.998291015625 90.00012969970703
v -1332.505859375 -1415.0013427734375 10.000202178955078
v -437.5047607421875 -1415.0013427734375 10.00024127960205
v -1332.505859375 -1415.0013427734375 90.00019836425781
v -437.5047607421875 -1415.0013427734375 90.00023651123047
v -1332.505859375 -1424.9989013671875 90.00019836425781
v -437.50457763671875 -1415.0013427734375 90.00023651123047
v -437.50146484375 -1424.9989013671875 90.00023651123047
v -1332.505859375 -1415.0013427734375 90.00019836425781
v -1332.505859375 -564.998291015625 90.00012969970703
v -437.50152587890625 -554.99462890625 90.00016021728516
v -437.504638671875 -564.998291015625 90.00016784667969
v -1332.505859375 -554.99462890625 90.0001220703125
v -437.50152587890625 -554.99462890625 90.00016021728516
v -1332.505859375 -554.99462890625 90.0001220703125
v -437.50152587890625 -554.99462890625 100.00016021728516
v -1332.505859375 -554.99462890625 100.0001220703125
v -1332.505859375 -554.99462890625 90.0001220703125
v -1332.505859375 -1424.9989013671875 90.00019836425781
v -1332.505859375 -554.99462890625 100.0001220703125
v -1332.505859375 -1424.9989013671875 100.00019836425781
v -1332.505859375 -1424.9989013671875 90.00019836425781
v -437.50152587890625 -1424.9989013671875 90.00023651123047
v -1332.505859375 -1424.9989013671875 100.00019836425781
v -437.50152587890625 -1424.9989013671875 100.00023651123047
v -1332.505859375 -554.99462890625 100.0001220703125
v -1332.505859375 -1424.9989013671875 100.00019836425781
v -437.50152587890625 -554.99462890625 100.00016021728516
v -437.50146484375 -1424.9989013671875 100.00023651123047
v -462.4801025390625 -529.884765625 110.00016021728516
v -462.4801025390625 -529.884765625 85.00016021728516
v -462.4801025390625 -384.883544921875 25.000150680541992
v -462.4801025390625 -384.883544921875 0.00015013957454357296
v -462.4801025390625 -384.883544921875 0.00015013957454357296
v -467.48193359375 -384.883544921875 0.00014992094656918198
v -462.4801025390625 -384.883544921875 25.000150680541992
v -467.48193359375 -384.883544921875 25.00014877319336
v -467.48193359375 -529.884765625 85.00016021728516
v -467.48193359375 -384.883544921875 25.00014877319336
v -467.48193359375 -384.883544921875 0.00014992094656918198
v -467.48193359375 -529.884765625 110.00016021728516
v -467.48193359375 -529.884765625 85.00016021728516
v -462.4801025390625 -529.884765625 85.00016021728516
v -467.48193359375 -529.884765625 110.00016021728516
v -462.4801025390625 -529.884765625 110.00016021728516
v -467.48193359375 -529.884765625 85.00016021728516
v -462.4801025390625 -384.883544921875 0.00015013957454357296
v -462.4801025390625 -529.884765625 85.00016021728516
v -467.48193359375 -384.883544921875 0.00014992094656918198
v -467.3629150390625 -554.561279296875 98.75786590576172
v -767.3629150390625 -512.0609130859375 98.75785064697266
v -767.3629150390625 -554.561279296875 98.75785064697266
v -467.3629150390625 -512.0609130859375 98.75786590576172
v -467.3629150390625 -554.561279296875 93.75785827636719
v -767.3629150390625 -554.561279296875 93.75784301757812
v -767.3629150390625 -512.0609130859375 93.75784301757812
v -467.3629150390625 -512.0609130859375 93.75785827636719
v -467.3629150390625 -554.561279296875 98.75786590576172
v -767.3629150390625 -554.561279296875 98.75785064697266
v -767.3629150390625 -554.561279296875 93.75784301757812
v -467.3629150390625 -554.561279296875 93.75785827636719
v -467.3629150390625 -512.0609130859375 98.75786590576172
v -767.3629150390625 -512.0609130859375 93.75784301757812
v -767.3629150390625 -512.0609130859375 98.75785064697266
v -467.3629150390625 -512.0609130859375 93.75785827636719
v -467.3629150390625 -512.0609130859375 73.75786590576172
v -767.3629150390625 -469.5606689453125 73.75785064697266
v -767.3629150390625 -512.0609130859375 73.75785064697266
v -467.3629150390625 -469.5606689453125 73.75786590576172
v -467.3629150390625 -512.0609130859375 68.75785827636719
v -767.3629150390625 -512.0609130859375 68.75784301757812
v -767.3629150390625 -469.5606689453125 68.75784301757812
v -467.3629150390625 -469.5606689453125 68.75785827636719
v -467.3629150390625 -512.0609130859375 73.75786590576172
v -767.3629150390625 -512.0609130859375 73.75785064697266
v -767.3629150390625 -512.0609130859375 68.75784301757812
v -467.3629150390625 -512.0609130859375 68.75785827636719
v -467.3629150390625 -469.5606689453125 73.75786590576172
v -767.3629150390625 -469.5606689453125 68.75784301757812
v -767.3629150390625 -469.5606689453125 73.75785064697266
v -467.3629150390625 -469.5606689453125 68.75785827636719
v -467.3629150390625 -469.5606689453125 48.75785827636719
v -767.3629150390625 -427.0604248046875 48.757843017578125
v -767.3629150390625 -469.5606689453125 48.75784683227539
v -467.3629150390625 -427.0604248046875 48.75785446166992
v -467.3629150390625 -469.5606689453125 43.75785827636719
v -767.3629150390625 -469.5606689453125 43.75784683227539
v -767.3629150390625 -427.0604248046875 43.757843017578125
v -467.3629150390625 -427.0604248046875 43.75785446166992
v -467.3629150390625 -469.5606689453125 48.75785827636719
v -767.3629150390625 -469.5606689453125 48.75784683227539
v -767.3629150390625 -469.5606689453125 43.75784683227539
v -467.3629150390625 -469.5606689453125 43.75785827636719
v -467.3629150390625 -427.0604248046875 48.75785446166992
v -767.3629150390625 -427.0604248046875 43.757843017578125
v -767.3629150390625 -427.0604248046875 48.757843017578125
v -467.3629150390625 -427.0604248046875 43.75785446166992
v -467.3629150390625 -427.0604248046875 23.757854461669922
v -767.3629150390625 -384.56005859375 23.75783920288086
v -767.3629150390625 -427.0604248046875 23.757843017578125
v -467.3629150390625 -384.56005859375 23.757850646972656
v -467.3629150390625 -427.0604248046875 18.757854461669922
v -767.3629150390625 -427.0604248046875 18.757843017578125
v -767.3629150390625 -384.56005859375 18.75783920288086
v -467.3629150390625 -384.56005859375 18.757850646972656
v -467.3629150390625 -427.0604248046875 23.757854461669922
v -767.3629150390625 -427.0604248046875 23.757843017578125
v -767.3629150390625 -427.0604248046875 18.757843017578125
v -467.3629150390625 -427.0604248046875 18.757854461669922
v -467.3629150390625 -384.56005859375 23.757850646972656
v -767.3629150390625 -384.56005859375 18.75783920288086
v -767.3629150390625 -384.56005859375 23.75783920288086
v -467.3629150390625 -384.56005859375 18.757850646972656
v -467.3629150390625 -384.56005859375 23.757850646972656
v -467.3629150390625 -427.0604248046875 23.757854461669922
v -467.3629150390625 -384.56005859375 18.757850646972656
v -467.3629150390625 -427.0604248046875 18.757854461669922
v -767.3629150390625 -384.56005859375 23.75783920288086
v -767.3629150390625 -384.56005859375 18.75783920288086
v -767.3629150390625 -427.0604248046875 23.757843017578125
v -767.3629150390625 -427.0604248046875 18.757843017578125
v -467.3629150390625 -427.0604248046875 48.75785446166992
v -467.3629150390625 -469.5606689453125 48.75785827636719
v -467.3629150390625 -427.0604248046875 43.75785446166992
v -467.3629150390625 -469.5606689453125 43.75785827636719
v -767.3629150390625 -427.0604248046875 48.757843017578125
v -767.3629150390625 -427.0604248046875 43.757843017578125
v -767.3629150390625 -469.5606689453125 48.75784683227539
v -767.3629150390625 -469.5606689453125 43.75784683227539
v -467.3629150390625 -469.5606689453125 73.75786590576172
v -467.3629150390625 -512.0609130859375 73.75786590576172
v -467.3629150390625 -469.5606689453125 68.75785827636719
v -467.3629150390625 -512.0609130859375 68.75785827636719
v -767.3629150390625 -469.5606689453125 73.75785064697266
v -767.3629150390625 -469.5606689453125 68.75784301757812
v -767.3629150390625 -512.0609130859375 73.75785064697266
v -767.3629150390625 -512.0609130859375 68.75784301757812
v -467.3629150390625 -512.0609130859375 98.75786590576172
v -467.3629150390625 -554.561279296875 98.75786590576172
v -467.3629150390625 -512.0609130859375 93.75785827636719
v -467.3629150390625 -554.561279296875 93.75785827636719
v -767.3629150390625 -512.0609130859375 98.75785064697266
v -767.3629150390625 -512.0609130859375 93.75784301757812
v -767.3629150390625 -554.561279296875 98.75785064697266
v -767.3629150390625 -554.561279296875 93.75784301757812
v -467.48193359375 -529.884765625 110.00016021728516
v -462.4801025390625 -529.884765625 110.00016021728516
v -462.4801025390625 -384.883544921875 25.000150680541992
v -467.48193359375 -384.883544921875 25.00014877319336
v -462.4801025390625 -564.8853759765625 85.00016784667969
v -462.4801025390625 -564.8853759765625 110.00016784667969
v -462.4801025390625 -529.884765625 85.00016021728516
v -467.48193359375 -529.884765625 85.00016021728516
v -462.4801025390625 -529.884765625 110.00016021728516
v -467.48193359375 -529.884765625 110.00016021728516
v -467.48193359375 -564.8853759765625 85.00016784667969
v -467.48193359375 -564.8853759765625 110.00016784667969
v -467.48193359375 -564.8853759765625 85.00016784667969
v -462.4801025390625 -564.8853759765625 85.00016784667969
v -467.48193359375 -564.8853759765625 110.00016784667969
v -462.4801025390625 -564.8853759765625 110.00016784667969
v -467.48193359375 -564.8853759765625 85.00016784667969
v -462.4801025390625 -564.8853759765625 85.00016784667969
v -467.48193359375 -564.8853759765625 110.00016784667969
v -462.4801025390625 -564.8853759765625 110.00016784667969
v -459.1263427734375 -529.884765625 196.67056274414062
v -459.1263427734375 -529.884765625 193.6705780029297
v -459.1263427734375 -384.883544921875 111.67056274414062
v -459.1263427734375 -384.883544921875 108.67056274414062
v -459.1263427734375 -384.883544921875 108.6705551147461
v -464.1281433105469 -384.883544921875 108.6705551147461
v -459.1263427734375 -384.883544921875 111.67054748535156
v -464.1281433105469 -384.883544921875 111.67054748535156
v -464.1281433105469 -529.884765625 193.6705780029297
v -464.1281433105469 -384.883544921875 111.67054748535156
v -464.1281433105469 -384.883544921875 108.6705551147461
v -464.1281433105469 -529.884765625 196.67056274414062
v -464.1281433105469 -529.884765625 193.6705780029297
v -459.1263427734375 -529.884765625 193.6705780029297
v -464.1281433105469 -529.884765625 196.67056274414062
v -459.1263427734375 -529.884765625 196.67056274414062
v -464.1281433105469 -529.884765625 193.6705780029297
v -459.1263427734375 -384.883544921875 108.6705551147461
v -459.1263427734375 -529.884765625 193.6705780029297
v -464.1281433105469 -384.883544921875 108.6705551147461
v -464.1281433105469 -529.884765625 196.67056274414062
v -459.1263427734375 -529.884765625 196.67056274414062
v -459.1263427734375 -384.883544921875 111.67054748535156
v -464.1281433105469 -384.883544921875 111.67054748535156
v -459.1263427734375 -564.8853759765625 193.67066955566406
v -459.1263427734375 -529.884765625 193.67066955566406
v -459.1263427734375 -564.8853759765625 196.67066955566406
v -459.1263427734375 -529.884765625 196.67066955566406
v -459.1263427734375 -529.884765625 193.67066955566406
v -464.1281433105469 -529.884765625 193.67066955566406
v -459.1263427734375 -529.884765625 196.67066955566406
v -464.1281433105469 -529.884765625 196.67066955566406
v -464.1281433105469 -529.884765625 193.67066955566406
v -464.1281433105469 -564.8853759765625 193.67066955566406
v -464.1281433105469 -529.884765625 196.67066955566406
v -464.1281433105469 -564.8853759765625 196.67066955566406
v -464.1281433105469 -564.8853759765625 193.67066955566406
v -459.1263427734375 -564.8853759765625 193.67066955566406
v -464.1281433105469 -564.8853759765625 196.67066955566406
v -459.1263427734375 -564.8853759765625 196.67066955566406
v -464.1281433105469 -564.8853759765625 193.67066955566406
v -459.1263427734375 -529.884765625 193.67066955566406
v -459.1263427734375 -564.8853759765625 193.67066955566406
v -464.1281433105469 -529.884765625 193.67066955566406
v -464.1281433105469 -564.8853759765625 196.67066955566406
v -459.1263427734375 -564.8853759765625 196.67066955566406
v -459.1263427734375 -529.884765625 196.67066955566406
v -464.1281433105469 -529.884765625 196.67066955566406
v -461.0367431640625 -392.3389892578125 4.056150913238525
v -462.858642578125 -392.3389892578125 4.056150436401367
v -461.0367431640625 -392.3389892578125 114.05615234375
v -462.858642578125 -392.3389892578125 114.05615234375
v -462.858642578125 -392.3389892578125 4.056150436401367
v -462.858642578125 -397.3408203125 6.949450969696045
v -462.858642578125 -392.3389892578125 114.05615234375
v -462.858642578125 -397.3408203125 116.949462890625
v -462.858642578125 -397.3408203125 6.949450969696045
v -461.0367431640625 -397.3408203125 6.949451446533203
v -462.858642578125 -397.3408203125 116.949462890625
v -461.0367431640625 -397.3408203125 116.949462890625
v -461.0367431640625 -397.3408203125 6.949451446533203
v -461.0367431640625 -392.3389892578125 114.05615234375
v -461.0367431640625 -397.3408203125 116.949462890625
v -461.0367431640625 -392.3389892578125 4.056150913238525
v -462.858642578125 -392.3389892578125 114.05615234375
v -462.858642578125 -397.3408203125 116.949462890625
v -461.0367431640625 -392.3389892578125 114.05615234375
v -461.0367431640625 -397.3408203125 116.949462890625
v -461.0367431640625 -464.0858154296875 46.025856018066406
v -462.858642578125 -464.0858154296875 46.025856018066406
v -461.0367431640625 -464.0858154296875 156.02584838867188
v -462.858642578125 -464.0858154296875 156.02584838867188
v -462.858642578125 -464.0858154296875 46.025856018066406
v -462.858642578125 -469.087646484375 48.77165603637695
v -462.858642578125 -464.0858154296875 156.02584838867188
v -462.858642578125 -469.087646484375 158.77163696289062
v -462.858642578125 -469.087646484375 48.77165603637695
v -461.0367431640625 -469.087646484375 48.77165603637695
v -462.858642578125 -469.087646484375 158.77163696289062
v -461.0367431640625 -469.087646484375 158.77163696289062
v -461.0367431640625 -469.087646484375 48.77165603637695
v -461.0367431640625 -464.0858154296875 156.02584838867188
v -461.0367431640625 -469.087646484375 158.77163696289062
v -461.0367431640625 -464.0858154296875 46.025856018066406
v -462.858642578125 -464.0858154296875 46.025856018066406
v -461.0367431640625 -464.0858154296875 46.025856018066406
v -462.858642578125 -469.087646484375 48.77165603637695
v -461.0367431640625 -469.087646484375 48.77165603637695
v -462.858642578125 -464.0858154296875 156.02584838867188
v -462.858642578125 -469.087646484375 158.77163696289062
v -461.0367431640625 -464.0858154296875 156.02584838867188
v -461.0367431640625 -469.087646484375 158.77163696289062
v -461.0367431640625 -544.8841552734375 85.00016021728516
v -462.858642578125 -544.8841552734375 85.00016021728516
v -461.0367431640625 -544.8841552734375 195.0001678466797
v -462.858642578125 -544.8841552734375 195.0001678466797
v -462.858642578125 -544.8841552734375 85.00016021728516
v -462.858642578125 -549.885986328125 85.00016021728516
v -462.858642578125 -544.8841552734375 195.0001678466797
v -462.858642578125 -549.885986328125 195.0001678466797
v -462.858642578125 -549.885986328125 85.00016021728516
v -461.0367431640625 -549.885986328125 85.00016021728516
v -462.858642578125 -549.885986328125 195.0001678466797
v -461.0367431640625 -549.885986328125 195.0001678466797
v -461.0367431640625 -549.885986328125 85.00016021728516
v -461.0367431640625 -544.8841552734375 85.00016021728516
v -461.0367431640625 -549.885986328125 195.0001678466797
v -461.0367431640625 -544.8841552734375 195.0001678466797
v -462.858642578125 -544.8841552734375 85.00016021728516
v -461.0367431640625 -544.8841552734375 85.00016021728516
v -462.858642578125 -549.885986328125 85.00016021728516
v -461.0367431640625 -549.885986328125 85.00016021728516
v -462.858642578125 -544.8841552734375 195.0001678466797
v -462.858642578125 -549.885986328125 195.0001678466797
v -461.0367431640625 -544.8841552734375 195.0001678466797
v -461.0367431640625 -549.885986328125 195.0001678466797
v -766.010986328125 -529.884765625 110.0001449584961
v -766.010986328125 -529.884765625 85.0001449584961
v -766.010986328125 -384.883544921875 25.000137329101562
v -766.010986328125 -384.883544921875 0.0001368718221783638
v -766.010986328125 -384.883544921875 0.0001368718221783638
v -771.0128173828125 -384.883544921875 0.0001366531796520576
v -766.010986328125 -384.883544921875 25.000137329101562
v -771.0128173828125 -384.883544921875 25.000137329101562
v -771.0128173828125 -529.884765625 85.0001449584961
v -771.0128173828125 -384.883544921875 25.000137329101562
v -771.0128173828125 -384.883544921875 0.0001366531796520576
v -771.0128173828125 -529.884765625 110.0001449584961
v -771.0128173828125 -529.884765625 85.0001449584961
v -766.010986328125 -529.884765625 85.0001449584961
v -771.0128173828125 -529.884765625 110.0001449584961
v -766.010986328125 -529.884765625 110.0001449584961
v -771.0128173828125 -529.884765625 85.0001449584961
v -766.010986328125 -384.883544921875 0.0001368718221783638
v -766.010986328125 -529.884765625 85.0001449584961
v -771.0128173828125 -384.883544921875 0.0001366531796520576
v -771.0128173828125 -529.884765625 110.0001449584961
v -766.010986328125 -529.884765625 110.0001449584961
v -766.010986328125 -384.883544921875 25.000137329101562
v -771.0128173828125 -384.883544921875 25.000137329101562
v -766.010986328125 -564.8853759765625 85.00015258789062
v -766.010986328125 -564.8853759765625 110.00015258789062
v -766.010986328125 -529.884765625 85.0001449584961
v -771.0128173828125 -529.884765625 85.0001449584961
v -766.010986328125 -529.884765625 110.0001449584961
v -771.0128173828125 -529.884765625 110.0001449584961
v -771.0128173828125 -564.8853759765625 85.00015258789062
v -771.0128173828125 -564.8853759765625 110.00015258789062
v -771.0128173828125 -564.8853759765625 85.00015258789062
v -766.010986328125 -564.8853759765625 85.00015258789062
v -771.0128173828125 -564.8853759765625 110.00015258789062
v -766.010986328125 -564.8853759765625 110.00015258789062
v -771.0128173828125 -564.8853759765625 85.00015258789062
v -766.010986328125 -564.8853759765625 85.00015258789062
v -771.0128173828125 -564.8853759765625 110.00015258789062
v -766.010986328125 -564.8853759765625 110.00015258789062
v -769.0994262695312 -529.884765625 196.67054748535156
v -769.0994262695312 -529.884765625 193.67056274414062
v -769.0994262695312 -384.883544921875 111.67054748535156
v -769.0994262695312 -384.883544921875 108.67054748535156
v -769.0994262695312 -384.883544921875 108.67053985595703
v -774.1011962890625 -384.883544921875 108.67053985595703
v -769.0994262695312 -384.883544921875 111.6705322265625
v -774.1011962890625 -384.883544921875 111.6705322265625
v -774.1011962890625 -529.884765625 193.67056274414062
v -774.1011962890625 -384.883544921875 111.6705322265625
v -774.1011962890625 -384.883544921875 108.67053985595703
v -774.1011962890625 -529.884765625 196.67054748535156
v -774.1011962890625 -529.884765625 193.67056274414062
v -769.0994262695312 -529.884765625 193.67056274414062
v -774.1011962890625 -529.884765625 196.67054748535156
v -769.0994262695312 -529.884765625 196.67054748535156
v -774.1011962890625 -529.884765625 193.67056274414062
v -769.0994262695312 -384.883544921875 108.67053985595703
v -769.0994262695312 -529.884765625 193.67056274414062
v -774.1011962890625 -384.883544921875 108.67053985595703
v -774.1011962890625 -529.884765625 196.67054748535156
v -769.0994262695312 -529.884765625 196.67054748535156
v -769.0994262695312 -384.883544921875 111.6705322265625
v -774.1011962890625 -384.883544921875 111.6705322265625
v -769.0994262695312 -564.8853759765625 193.670654296875
v -769.0994262695312 -529.884765625 193.670654296875
v -769.0994262695312 -564.8853759765625 196.670654296875
v -769.0994262695312 -529.884765625 196.670654296875
v -769.0994262695312 -529.884765625 193.670654296875
v -774.1011962890625 -529.884765625 193.670654296875
v -769.0994262695312 -529.884765625 196.670654296875
v -774.1011962890625 -529.884765625 196.670654296875
v -774.1011962890625 -529.884765625 193.670654296875
v -774.1011962890625 -564.8853759765625 193.670654296875
v -774.1011962890625 -529.884765625 196.670654296875
v -774.1011962890625 -564.8853759765625 196.670654296875
v -774.1011962890625 -564.8853759765625 193.670654296875
v -769.0994262695312 -564.8853759765625 193.670654296875
v -774.1011962890625 -564.8853759765625 196.670654296875
v -769.0994262695312 -564.8853759765625 196.670654296875
v -774.1011962890625 -564.8853759765625 193.670654296875
v -769.0994262695312 -529.884765625 193.670654296875
v -769.0994262695312 -564.8853759765625 193.670654296875
v -774.1011962890625 -529.884765625 193.670654296875
v -774.1011962890625 -564.8853759765625 196.670654296875
v -769.0994262695312 -564.8853759765625 196.670654296875
v -769.0994262695312 -529.884765625 196.670654296875
v -774.1011962890625 -529.884765625 196.670654296875
v -771.0098266601562 -392.3389892578125 4.0561370849609375
v -772.8317260742188 -392.3389892578125 4.0561370849609375
v -771.0098266601562 -392.3389892578125 114.05613708496094
v -772.8317260742188 -392.3389892578125 114.05613708496094
v -772.8317260742188 -392.3389892578125 4.0561370849609375
v -772.8317260742188 -397.3408203125 6.949437618255615
v -772.8317260742188 -392.3389892578125 114.05613708496094
v -772.8317260742188 -397.3408203125 116.94944763183594
v -772.8317260742188 -397.3408203125 6.949437618255615
v -771.0098266601562 -397.3408203125 6.949437618255615
v -772.8317260742188 -397.3408203125 116.94944763183594
v -771.0098266601562 -397.3408203125 116.94944763183594
v -771.0098266601562 -397.3408203125 6.949437618255615
v -771.0098266601562 -392.3389892578125 114.05613708496094
v -771.0098266601562 -397.3408203125 116.94944763183594
v -771.0098266601562 -392.3389892578125 4.0561370849609375
v -772.8317260742188 -392.3389892578125 114.05613708496094
v -772.8317260742188 -397.3408203125 116.94944763183594
v -771.0098266601562 -392.3389892578125 114.05613708496094
v -771.0098266601562 -397.3408203125 116.94944763183594
v -771.0098266601562 -464.0858154296875 46.02584457397461
v -772.8317260742188 -464.0858154296875 46.02584457397461
v -771.0098266601562 -464.0858154296875 156.0258331298828
v -772.8317260742188 -464.0858154296875 156.0258331298828
v -772.8317260742188 -464.0858154296875 46.02584457397461
v -772.8317260742188 -469.087646484375 48.771644592285156
v -772.8317260742188 -464.0858154296875 156.0258331298828
v -772.8317260742188 -469.087646484375 158.77162170410156
v -772.8317260742188 -469.087646484375 48.771644592285156
v -771.0098266601562 -469.087646484375 48.771644592285156
v -772.8317260742188 -469.087646484375 158.77162170410156
v -771.0098266601562 -469.087646484375 158.77162170410156
v -771.0098266601562 -469.087646484375 48.771644592285156
v -771.0098266601562 -464.0858154296875 156.0258331298828
v -771.0098266601562 -469.087646484375 158.77162170410156
v -771.0098266601562 -464.0858154296875 46.02584457397461
v -772.8317260742188 -464.0858154296875 46.02584457397461
v -771.0098266601562 -464.0858154296875 46.02584457397461
v -772.8317260742188 -469.087646484375 48.771644592285156
v -771.0098266601562 -469.087646484375 48.771644592285156
v -772.8317260742188 -464.0858154296875 156.0258331298828
v -772.8317260742188 -469.087646484375 158.77162170410156
v -771.0098266601562 -464.0858154296875 156.0258331298828
v -771.0098266601562 -469.087646484375 158.77162170410156
v -771.0098266601562 -544.8841552734375 85.0001449584961
v -772.8317260742188 -544.8841552734375 85.0001449584961
v -771.0098266601562 -544.8841552734375 195.00015258789062
v -772.8317260742188 -544.8841552734375 195.00015258789062
v -772.8317260742188 -544.8841552734375 85.0001449584961
v -772.8317260742188 -549.885986328125 85.0001449584961
v -772.8317260742188 -544.8841552734375 195.00015258789062
v -772.8317260742188 -549.885986328125 195.00015258789062
v -772.8317260742188 -549.885986328125 85.0001449584961
v -771.0098266601562 -549.885986328125 85.0001449584961
v -772.8317260742188 -549.885986328125 195.00015258789062
v -771.0098266601562 -549.885986328125 195.00015258789062
v -771.0098266601562 -549.885986328125 85.0001449584961
v -771.0098266601562 -544.8841552734375 85.0001449584961
v -771.0098266601562 -549.885986328125 195.00015258789062
v -771.0098266601562 -544.8841552734375 195.00015258789062
v -772.8317260742188 -544.8841552734375 85.0001449584961
v -771.0098266601562 -544.8841552734375 85.0001449584961
v -772.8317260742188 -549.885986328125 85.0001449584961
v -771.0098266601562 -549.885986328125 85.0001449584961
v -772.8317260742188 -544.8841552734375 195.00015258789062
v -772.8317260742188 -549.885986328125 195.00015258789062
v -771.0098266601562 -544.8841552734375 195.00015258789062
v -771.0098266601562 -549.885986328125 195.00015258789062
v -756.1965942382812 -1449.9468994140625 110.00022888183594
v -756.1965942382812 -1449.9468994140625 85.00022888183594
v -756.196533203125 -1594.9483642578125 25.000244140625
v -756.196533203125 -1594.9483642578125 0.00024308804131578654
v -756.196533203125 -1594.9483642578125 0.00024308804131578654
v -751.1947631835938 -1594.9483642578125 0.00024330666929017752
v -756.196533203125 -1594.9483642578125 25.000244140625
v -751.1947631835938 -1594.9483642578125 25.000244140625
v -751.1947631835938 -1449.9468994140625 85.00022888183594
v -751.1947631835938 -1594.9483642578125 25.000244140625
v -751.1947631835938 -1594.9483642578125 0.00024330666929017752
v -751.1947631835938 -1449.9468994140625 110.00022888183594
v -751.1947631835938 -1449.9468994140625 85.00022888183594
v -756.1965942382812 -1449.9468994140625 85.00022888183594
v -751.1947631835938 -1449.9468994140625 110.00022888183594
v -756.1965942382812 -1449.9468994140625 110.00022888183594
v -751.1947631835938 -1449.9468994140625 85.00022888183594
v -756.196533203125 -1594.9483642578125 0.00024308804131578654
v -756.1965942382812 -1449.9468994140625 85.00022888183594
v -751.1947631835938 -1594.9483642578125 0.00024330666929017752
v -751.3137817382812 -1425.2706298828125 98.75792694091797
v -451.31378173828125 -1467.7708740234375 98.75794982910156
v -451.31378173828125 -1425.2706298828125 98.75794219970703
v -751.3137817382812 -1467.7708740234375 98.7579345703125
v -751.3137817382812 -1425.2706298828125 93.75791931152344
v -451.31378173828125 -1425.2706298828125 93.7579345703125
v -451.31378173828125 -1467.7708740234375 93.75794219970703
v -751.3137817382812 -1467.7708740234375 93.75792694091797
v -751.3137817382812 -1425.2706298828125 98.75792694091797
v -451.31378173828125 -1425.2706298828125 98.75794219970703
v -451.31378173828125 -1425.2706298828125 93.7579345703125
v -751.3137817382812 -1425.2706298828125 93.75791931152344
v -751.3137817382812 -1467.7708740234375 98.7579345703125
v -451.31378173828125 -1467.7708740234375 93.75794219970703
v -451.31378173828125 -1467.7708740234375 98.75794982910156
v -751.3137817382812 -1467.7708740234375 93.75792694091797
v -751.3137817382812 -1467.7708740234375 73.7579345703125
v -451.31378173828125 -1510.2711181640625 73.75794982910156
v -451.31378173828125 -1467.7708740234375 73.75794982910156
v -751.3137817382812 -1510.2711181640625 73.7579345703125
v -751.3137817382812 -1467.7708740234375 68.75792694091797
v -451.31378173828125 -1467.7708740234375 68.75794219970703
v -451.31378173828125 -1510.2711181640625 68.75794219970703
v -751.3137817382812 -1510.2711181640625 68.75792694091797
v -751.3137817382812 -1467.7708740234375 73.7579345703125
v -451.31378173828125 -1467.7708740234375 73.75794982910156
v -451.31378173828125 -1467.7708740234375 68.75794219970703
v -751.3137817382812 -1467.7708740234375 68.75792694091797
v -751.3137817382812 -1510.2711181640625 73.7579345703125
v -451.31378173828125 -1510.2711181640625 68.75794219970703
v -451.31378173828125 -1510.2711181640625 73.75794982910156
v -751.3137817382812 -1510.2711181640625 68.75792694091797
v -751.3137817382812 -1510.2711181640625 48.757938385009766
v -451.31378173828125 -1552.7713623046875 48.75795364379883
v -451.31378173828125 -1510.2711181640625 48.75794982910156
v -751.3137817382812 -1552.7713623046875 48.75794219970703
v -751.3137817382812 -1510.2711181640625 43.757938385009766
v -451.31378173828125 -1510.2711181640625 43.75794982910156
v -451.31378173828125 -1552.7713623046875 43.75795364379883
v -751.3137817382812 -1552.7713623046875 43.75794219970703
v -751.3137817382812 -1510.2711181640625 48.757938385009766
v -451.31378173828125 -1510.2711181640625 48.75794982910156
v -451.31378173828125 -1510.2711181640625 43.75794982910156
v -751.3137817382812 -1510.2711181640625 43.757938385009766
v -751.3137817382812 -1552.7713623046875 48.75794219970703
v -451.31378173828125 -1552.7713623046875 43.75795364379883
v -451.31378173828125 -1552.7713623046875 48.75795364379883
v -751.3137817382812 -1552.7713623046875 43.75794219970703
v -751.3137817382812 -1552.7713623046875 23.75794219970703
v -451.31378173828125 -1595.2716064453125 23.757959365844727
v -451.31378173828125 -1552.7713623046875 23.75795555114746
v -751.3137817382812 -1595.2716064453125 23.757946014404297
v -751.3137817382812 -1552.7713623046875 18.75794219970703
v -451.31378173828125 -1552.7713623046875 18.75795555114746
v -451.31378173828125 -1595.2716064453125 18.757959365844727
v -751.3137817382812 -1595.2716064453125 18.757946014404297
v -751.3137817382812 -1552.7713623046875 23.75794219970703
v -451.31378173828125 -1552.7713623046875 23.75795555114746
v -451.31378173828125 -1552.7713623046875 18.75795555114746
v -751.3137817382812 -1552.7713623046875 18.75794219970703
v -751.3137817382812 -1595.2716064453125 23.757946014404297
v -451.31378173828125 -1595.2716064453125 18.757959365844727
v -451.31378173828125 -1595.2716064453125 23.757959365844727
v -751.3137817382812 -1595.2716064453125 18.757946014404297
v -751.3137817382812 -1595.2716064453125 23.757946014404297
v -751.3137817382812 -1552.7713623046875 23.75794219970703
v -751.3137817382812 -1595.2716064453125 18.757946014404297
v -751.3137817382812 -1552.7713623046875 18.75794219970703
v -451.31378173828125 -1595.2716064453125 23.757959365844727
v -451.31378173828125 -1595.2716064453125 18.757959365844727
v -451.31378173828125 -1552.7713623046875 23.75795555114746
v -451.31378173828125 -1552.7713623046875 18.75795555114746
v -751.3137817382812 -1552.7713623046875 48.75794219970703
v -751.3137817382812 -1510.2711181640625 48.757938385009766
v -751.3137817382812 -1552.7713623046875 43.75794219970703
v -751.3137817382812 -1510.2711181640625 43.757938385009766
v -451.31378173828125 -1552.7713623046875 48.75795364379883
v -451.31378173828125 -1552.7713623046875 43.75795364379883
v -451.31378173828125 -1510.2711181640625 48.75794982910156
v -451.31378173828125 -1510.2711181640625 43.75794982910156
v -751.3137817382812 -1510.2711181640625 73.7579345703125
v -751.3137817382812 -1467.7708740234375 73.7579345703125
v -751.3137817382812 -1510.2711181640625 68.75792694091797
v -751.3137817382812 -1467.7708740234375 68.75792694091797
v -451.31378173828125 -1510.2711181640625 73.75794982910156
v -451.31378173828125 -1510.2711181640625 68.75794219970703
v -451.31378173828125 -1467.7708740234375 73.75794982910156
v -451.31378173828125 -1467.7708740234375 68.75794219970703
v -751.3137817382812 -1467.7708740234375 98.7579345703125
v -751.3137817382812 -1425.2706298828125 98.75792694091797
v -751.3137817382812 -1467.7708740234375 93.75792694091797
v -751.3137817382812 -1425.2706298828125 93.75791931152344
v -451.31378173828125 -1467.7708740234375 98.75794982910156
v -451.31378173828125 -1467.7708740234375 93.75794219970703
v -451.31378173828125 -1425.2706298828125 98.75794219970703
v -451.31378173828125 -1425.2706298828125 93.7579345703125
v -751.1947631835938 -1449.9468994140625 110.00022888183594
v -756.1965942382812 -1449.9468994140625 110.00022888183594
v -756.196533203125 -1594.9483642578125 25.000244140625
v -751.1947631835938 -1594.9483642578125 25.000244140625
v -756.1965942382812 -1414.9464111328125 85.0002212524414
v -756.1965942382812 -1414.9464111328125 110.0002212524414
v -756.1965942382812 -1449.9468994140625 85.00022888183594
v -751.1947631835938 -1449.9468994140625 85.00022888183594
v -756.1965942382812 -1449.9468994140625 110.00022888183594
v -751.1947631835938 -1449.9468994140625 110.00022888183594
v -751.1947631835938 -1414.9464111328125 85.0002212524414
v -751.1947631835938 -1414.9464111328125 110.0002212524414
v -751.1947631835938 -1414.9464111328125 85.0002212524414
v -756.1965942382812 -1414.9464111328125 85.0002212524414
v -751.1947631835938 -1414.9464111328125 110.0002212524414
v -756.1965942382812 -1414.9464111328125 110.0002212524414
v -751.1947631835938 -1414.9464111328125 85.0002212524414
v -756.1965942382812 -1414.9464111328125 85.0002212524414
v -751.1947631835938 -1414.9464111328125 110.0002212524414
v -756.1965942382812 -1414.9464111328125 110.0002212524414
v -759.5504760742188 -1449.9468994140625 196.67062377929688
v -759.5504760742188 -1449.9468994140625 193.67063903808594
v -759.5504760742188 -1594.9483642578125 111.67064666748047
v -759.5504760742188 -1594.9483642578125 108.67064666748047
v -759.5504760742188 -1594.9483642578125 108.67063903808594
v -754.5486450195312 -1594.9483642578125 108.67063903808594
v -759.5504760742188 -1594.9483642578125 111.6706314086914
v -754.5486450195312 -1594.9483642578125 111.6706314086914
v -754.5487060546875 -1449.9468994140625 193.67063903808594
v -754.5486450195312 -1594.9483642578125 111.6706314086914
v -754.5486450195312 -1594.9483642578125 108.67063903808594
v -754.5487060546875 -1449.9468994140625 196.67062377929688
v -754.5487060546875 -1449.9468994140625 193.67063903808594
v -759.5504760742188 -1449.9468994140625 193.67063903808594
v -754.5487060546875 -1449.9468994140625 196.67062377929688
v -759.5504760742188 -1449.9468994140625 196.67062377929688
v -754.5487060546875 -1449.9468994140625 193.67063903808594
v -759.5504760742188 -1594.9483642578125 108.67063903808594
v -759.5504760742188 -1449.9468994140625 193.67063903808594
v -754.5486450195312 -1594.9483642578125 108.67063903808594
v -754.5487060546875 -1449.9468994140625 196.67062377929688
v -759.5504760742188 -1449.9468994140625 196.67062377929688
v -759.5504760742188 -1594.9483642578125 111.6706314086914
v -754.5486450195312 -1594.9483642578125 111.6706314086914
v -759.5504150390625 -1414.9464111328125 193.6707305908203
v -759.5504150390625 -1449.9468994140625 193.6707305908203
v -759.5504150390625 -1414.9464111328125 196.6707305908203
v -759.5504150390625 -1449.9468994140625 196.6707305908203
v -759.5504150390625 -1449.9468994140625 193.6707305908203
v -754.548583984375 -1449.9468994140625 193.6707305908203
v -759.5504150390625 -1449.9468994140625 196.6707305908203
v -754.548583984375 -1449.9468994140625 196.6707305908203
v -754.548583984375 -1449.9468994140625 193.6707305908203
v -754.548583984375 -1414.9464111328125 193.6707305908203
v -754.548583984375 -1449.9468994140625 196.6707305908203
v -754.548583984375 -1414.9464111328125 196.6707305908203
v -754.548583984375 -1414.9464111328125 193.6707305908203
v -759.5504150390625 -1414.9464111328125 193.6707305908203
v -754.548583984375 -1414.9464111328125 196.6707305908203
v -759.5504150390625 -1414.9464111328125 196.6707305908203
v -754.548583984375 -1414.9464111328125 193.6707305908203
v -759.5504150390625 -1449.9468994140625 193.6707305908203
v -759.5504150390625 -1414.9464111328125 193.6707305908203
v -754.548583984375 -1449.9468994140625 193.6707305908203
v -754.548583984375 -1414.9464111328125 196.6707305908203
v -759.5504150390625 -1414.9464111328125 196.6707305908203
v -759.5504150390625 -1449.9468994140625 196.6707305908203
v -754.548583984375 -1449.9468994140625 196.6707305908203
v -757.6400756835938 -1587.4927978515625 4.056241989135742
v -755.8181762695312 -1587.4927978515625 4.056241989135742
v -757.6400756835938 -1587.4927978515625 114.05623626708984
v -755.8181762695312 -1587.4927978515625 114.05623626708984
v -755.8181762695312 -1587.4927978515625 4.056241989135742
v -755.8181762695312 -1582.4908447265625 6.9495415687561035
v -755.8181762695312 -1587.4927978515625 114.05623626708984
v -755.8181762695312 -1582.4908447265625 116.94954681396484
v -755.8181762695312 -1582.4908447265625 6.9495415687561035
v -757.6400756835938 -1582.4908447265625 6.9495415687561035
v -755.8181762695312 -1582.4908447265625 116.94954681396484
v -757.6400756835938 -1582.4908447265625 116.94954681396484
v -757.6400756835938 -1582.4908447265625 6.9495415687561035
v -757.6400756835938 -1587.4927978515625 114.05623626708984
v -757.6400756835938 -1582.4908447265625 116.94954681396484
v -757.6400756835938 -1587.4927978515625 4.056241989135742
v -755.8181762695312 -1587.4927978515625 114.05623626708984
v -755.8181762695312 -1582.4908447265625 116.94954681396484
v -757.6400756835938 -1587.4927978515625 114.05623626708984
v -757.6400756835938 -1582.4908447265625 116.94954681396484
v -757.6400756835938 -1515.7459716796875 46.025936126708984
v -755.8181762695312 -1515.7459716796875 46.025936126708984
v -757.6400756835938 -1515.7459716796875 156.0259246826172
v -755.8181762695312 -1515.7459716796875 156.0259246826172
v -755.8181762695312 -1515.7459716796875 46.025936126708984
v -755.8181762695312 -1510.7442626953125 48.77173614501953
v -755.8181762695312 -1515.7459716796875 156.0259246826172
v -755.8181762695312 -1510.7442626953125 158.77171325683594
v -755.8181762695312 -1510.7442626953125 48.77173614501953
v -757.6400756835938 -1510.7442626953125 48.77173614501953
v -755.8181762695312 -1510.7442626953125 158.77171325683594
v -757.6400756835938 -1510.7442626953125 158.77171325683594
v -757.6400756835938 -1510.7442626953125 48.77173614501953
v -757.6400756835938 -1515.7459716796875 156.0259246826172
v -757.6400756835938 -1510.7442626953125 158.77171325683594
v -757.6400756835938 -1515.7459716796875 46.025936126708984
v -755.8181762695312 -1515.7459716796875 46.025936126708984
v -757.6400756835938 -1515.7459716796875 46.025936126708984
v -755.8181762695312 -1510.7442626953125 48.77173614501953
v -757.6400756835938 -1510.7442626953125 48.77173614501953
v -755.8181762695312 -1515.7459716796875 156.0259246826172
v -755.8181762695312 -1510.7442626953125 158.77171325683594
v -757.6400756835938 -1515.7459716796875 156.0259246826172
v -757.6400756835938 -1510.7442626953125 158.77171325683594
v -757.6400146484375 -1434.9476318359375 85.00022888183594
v -755.818115234375 -1434.9476318359375 85.00022888183594
v -757.6400146484375 -1434.9476318359375 195.00022888183594
v -755.818115234375 -1434.9476318359375 195.00022888183594
v -755.818115234375 -1434.9476318359375 85.00022888183594
v -755.818115234375 -1429.9459228515625 85.00022888183594
v -755.818115234375 -1434.9476318359375 195.00022888183594
v -755.818115234375 -1429.9459228515625 195.00022888183594
v -755.818115234375 -1429.9459228515625 85.00022888183594
v -757.6400146484375 -1429.9459228515625 85.00022888183594
v -755.818115234375 -1429.9459228515625 195.00022888183594
v -757.6400146484375 -1429.9459228515625 195.00022888183594
v -757.6400146484375 -1429.9459228515625 85.00022888183594
v -757.6400146484375 -1434.9476318359375 85.00022888183594
v -757.6400146484375 -1429.9459228515625 195.00022888183594
v -757.6400146484375 -1434.9476318359375 195.00022888183594
v -755.818115234375 -1434.9476318359375 85.00022888183594
v -757.6400146484375 -1434.9476318359375 85.00022888183594
v -755.818115234375 -1429.9459228515625 85.00022888183594
v -757.6400146484375 -1429.9459228515625 85.00022888183594
v -755.818115234375 -1434.9476318359375 195.00022888183594
v -755.818115234375 -1429.9459228515625 195.00022888183594
v -757.6400146484375 -1434.9476318359375 195.00022888183594
v -757.6400146484375 -1429.9459228515625 195.00022888183594
v -452.6656799316406 -1449.9468994140625 110.000244140625
v -452.6656799316406 -1449.9468994140625 85.000244140625
v -452.6656799316406 -1594.9483642578125 25.00025749206543
v -452.6656799316406 -1594.9483642578125 0.0002563557936809957
v -452.6656799316406 -1594.9483642578125 0.0002563557936809957
v -447.66387939453125 -1594.9483642578125 0.0002565744216553867
v -452.6656799316406 -1594.9483642578125 25.00025749206543
v -447.66387939453125 -1594.9483642578125 25.00025749206543
v -447.66387939453125 -1449.9468994140625 85.000244140625
v -447.66387939453125 -1594.9483642578125 25.00025749206543
v -447.66387939453125 -1594.9483642578125 0.0002565744216553867
v -447.66387939453125 -1449.9468994140625 110.000244140625
v -447.66387939453125 -1449.9468994140625 85.000244140625
v -452.6656799316406 -1449.9468994140625 85.000244140625
v -447.66387939453125 -1449.9468994140625 110.000244140625
v -452.6656799316406 -1449.9468994140625 110.000244140625
v -447.66387939453125 -1449.9468994140625 85.000244140625
v -452.6656799316406 -1594.9483642578125 0.0002563557936809957
v -452.6656799316406 -1449.9468994140625 85.000244140625
v -447.66387939453125 -1594.9483642578125 0.0002565744216553867
v -447.66387939453125 -1449.9468994140625 110.000244140625
v -452.6656799316406 -1449.9468994140625 110.000244140625
v -452.6656799316406 -1594.9483642578125 25.00025749206543
v -447.66387939453125 -1594.9483642578125 25.00025749206543
v -452.6656799316406 -1414.9464111328125 85.00023651123047
v -452.6656799316406 -1414.9464111328125 110.00023651123047
v -452.6656799316406 -1449.9468994140625 85.000244140625
v -447.66387939453125 -1449.9468994140625 85.000244140625
v -452.6656799316406 -1449.9468994140625 110.000244140625
v -447.66387939453125 -1449.9468994140625 110.000244140625
v -447.66387939453125 -1414.9464111328125 85.00023651123047
v -447.66387939453125 -1414.9464111328125 110.00023651123047
v -447.66387939453125 -1414.9464111328125 85.00023651123047
v -452.6656799316406 -1414.9464111328125 85.00023651123047
v -447.66387939453125 -1414.9464111328125 110.00023651123047
v -452.6656799316406 -1414.9464111328125 110.00023651123047
v -447.66387939453125 -1414.9464111328125 85.00023651123047
v -452.6656799316406 -1414.9464111328125 85.00023651123047
v -447.66387939453125 -1414.9464111328125 110.00023651123047
v -452.6656799316406 -1414.9464111328125 110.00023651123047
v -449.5773010253906 -1449.9468994140625 196.67063903808594
v -449.5773010253906 -1449.9468994140625 193.670654296875
v -449.5772705078125 -1594.9483642578125 111.67066192626953
v -449.5772705078125 -1594.9483642578125 108.67066192626953
v -449.5772705078125 -1594.9483642578125 108.670654296875
v -444.5754699707031 -1594.9483642578125 108.670654296875
v -449.5772705078125 -1594.9483642578125 111.67064666748047
v -444.5754699707031 -1594.9483642578125 111.67064666748047
v -444.57550048828125 -1449.9468994140625 193.670654296875
v -444.5754699707031 -1594.9483642578125 111.67064666748047
v -444.5754699707031 -1594.9483642578125 108.670654296875
v -444.57550048828125 -1449.9468994140625 196.67063903808594
v -444.57550048828125 -1449.9468994140625 193.670654296875
v -449.5773010253906 -1449.9468994140625 193.670654296875
v -444.57550048828125 -1449.9468994140625 196.67063903808594
v -449.5773010253906 -1449.9468994140625 196.67063903808594
v -444.57550048828125 -1449.9468994140625 193.670654296875
v -449.5772705078125 -1594.9483642578125 108.670654296875
v -449.5773010253906 -1449.9468994140625 193.670654296875
v -444.5754699707031 -1594.9483642578125 108.670654296875
v -444.57550048828125 -1449.9468994140625 196.67063903808594
v -449.5773010253906 -1449.9468994140625 196.67063903808594
v -449.5772705078125 -1594.9483642578125 111.67064666748047
v -444.5754699707031 -1594.9483642578125 111.67064666748047
v -449.5773010253906 -1414.9464111328125 193.67074584960938
v -449.5773010253906 -1449.9468994140625 193.67074584960938
v -449.5773010253906 -1414.9464111328125 196.67074584960938
v -449.5773010253906 -1449.9468994140625 196.67074584960938
v -449.5773010253906 -1449.9468994140625 193.67074584960938
v -444.57550048828125 -1449.9468994140625 193.67074584960938
v -449.5773010253906 -1449.9468994140625 196.67074584960938
v -444.57550048828125 -1449.9468994140625 196.67074584960938
v -444.57550048828125 -1449.9468994140625 193.67074584960938
v -444.57550048828125 -1414.9464111328125 193.67074584960938
v -444.57550048828125 -1449.9468994140625 196.67074584960938
v -444.57550048828125 -1414.9464111328125 196.67074584960938
v -444.57550048828125 -1414.9464111328125 193.67074584960938
v -449.5773010253906 -1414.9464111328125 193.67074584960938
v -444.57550048828125 -1414.9464111328125 196.67074584960938
v -449.5773010253906 -1414.9464111328125 196.67074584960938
v -444.57550048828125 -1414.9464111328125 193.67074584960938
v -449.5773010253906 -1449.9468994140625 193.67074584960938
v -449.5773010253906 -1414.9464111328125 193.67074584960938
v -444.57550048828125 -1449.9468994140625 193.67074584960938
v -444.57550048828125 -1414.9464111328125 196.67074584960938
v -449.5773010253906 -1414.9464111328125 196.67074584960938
v -449.5773010253906 -1449.9468994140625 196.67074584960938
v -444.57550048828125 -1449.9468994140625 196.67074584960938
v -447.6668701171875 -1587.4927978515625 4.05625581741333
v -445.844970703125 -1587.4927978515625 4.05625581741333
v -447.6668701171875 -1587.4927978515625 114.0562515258789
v -445.844970703125 -1587.4927978515625 114.0562515258789
v -445.844970703125 -1587.4927978515625 4.05625581741333
v -445.844970703125 -1582.4908447265625 6.949555397033691
v -445.844970703125 -1587.4927978515625 114.0562515258789
v -445.844970703125 -1582.4908447265625 116.9495620727539
v -445.844970703125 -1582.4908447265625 6.949555397033691
v -447.6668701171875 -1582.4908447265625 6.949555397033691
v -445.844970703125 -1582.4908447265625 116.9495620727539
v -447.6668701171875 -1582.4908447265625 116.9495620727539
v -447.6668701171875 -1582.4908447265625 6.949555397033691
v -447.6668701171875 -1587.4927978515625 114.0562515258789
v -447.6668701171875 -1582.4908447265625 116.9495620727539
v -447.6668701171875 -1587.4927978515625 4.05625581741333
v -445.844970703125 -1587.4927978515625 114.0562515258789
v -445.844970703125 -1582.4908447265625 116.9495620727539
v -447.6668701171875 -1587.4927978515625 114.0562515258789
v -447.6668701171875 -1582.4908447265625 116.9495620727539
v -447.6668701171875 -1515.7459716796875 46.02594757080078
v -445.844970703125 -1515.7459716796875 46.02594757080078
v -447.6668701171875 -1515.7459716796875 156.02593994140625
v -445.844970703125 -1515.7459716796875 156.02593994140625
v -445.844970703125 -1515.7459716796875 46.02594757080078
v -445.844970703125 -1510.7442626953125 48.77174758911133
v -445.844970703125 -1515.7459716796875 156.02593994140625
v -445.844970703125 -1510.7442626953125 158.771728515625
v -445.844970703125 -1510.7442626953125 48.77174758911133
v -447.6668701171875 -1510.7442626953125 48.77174758911133
v -445.844970703125 -1510.7442626953125 158.771728515625
v -447.6668701171875 -1510.7442626953125 158.771728515625
v -447.6668701171875 -1510.7442626953125 48.77174758911133
v -447.6668701171875 -1515.7459716796875 156.02593994140625
v -447.6668701171875 -1510.7442626953125 158.771728515625
v -447.6668701171875 -1515.7459716796875 46.02594757080078
v -445.844970703125 -1515.7459716796875 46.02594757080078
v -447.6668701171875 -1515.7459716796875 46.02594757080078
v -445.844970703125 -1510.7442626953125 48.77174758911133
v -447.6668701171875 -1510.7442626953125 48.77174758911133
v -445.844970703125 -1515.7459716796875 156.02593994140625
v -445.844970703125 -1510.7442626953125 158.771728515625
v -447.6668701171875 -1515.7459716796875 156.02593994140625
v -447.6668701171875 -1510.7442626953125 158.771728515625
v -447.6668701171875 -1434.9476318359375 85.000244140625
v -445.844970703125 -1434.9476318359375 85.000244140625
v -447.6669006347656 -1434.9476318359375 195.000244140625
v -445.8450012207031 -1434.9476318359375 195.000244140625
v -445.844970703125 -1434.9476318359375 85.000244140625
v -445.844970703125 -1429.9459228515625 85.000244140625
v -445.8450012207031 -1434.9476318359375 195.000244140625
v -445.8450012207031 -1429.9459228515625 195.000244140625
v -445.844970703125 -1429.9459228515625 85.000244140625
v -447.6668701171875 -1429.9459228515625 85.000244140625
v -445.8450012207031 -1429.9459228515625 195.000244140625
v -447.6669006347656 -1429.9459228515625 195.000244140625
v -447.6668701171875 -1429.9459228515625 85.000244140625
v -447.6668701171875 -1434.9476318359375 85.000244140625
v -447.6669006347656 -1429.9459228515625 195.000244140625
v -447.6669006347656 -1434.9476318359375 195.000244140625
v -445.844970703125 -1434.9476318359375 85.000244140625
v -447.6668701171875 -1434.9476318359375 85.000244140625
v -445.844970703125 -1429.9459228515625 85.000244140625
v -447.6668701171875 -1429.9459228515625 85.000244140625
v -445.8450012207031 -1434.9476318359375 195.000244140625
v -445.8450012207031 -1429.9459228515625 195.000244140625
v -447.6669006347656 -1434.9476318359375 195.000244140625
v -447.6669006347656 -1429.9459228515625 195.000244140625
v 352.5009765625 475.0040283203125 -1510.0
v 402.5009765625 475.0040283203125 -1510.0
v 352.5009765625 475.00408935546875 -1009.9999389648438
v 402.5009765625 475.00408935546875 -1009.9999389648438
v 402.5009765625 475.0040283203125 -1510.0
v 402.5009765625 525.0040283203125 -1510.0
v 402.5009765625 475.00408935546875 -1009.9999389648438
v 402.5009765625 525.0040893554688 -1009.9999389648438
v 402.5009765625 525.0040283203125 -1510.0
v 352.5009765625 525.0040283203125 -1510.0
v 402.5009765625 525.0040893554688 -1009.9999389648438
v 352.5009765625 525.0040893554688 -1009.9999389648438
v 352.5009765625 525.0040283203125 -1510.0
v 352.5009765625 475.0040283203125 -1510.0
v 352.5009765625 525.0040893554688 -1009.9999389648438
v 352.5009765625 475.00408935546875 -1009.9999389648438
v 352.5009765625 475.00408935546875 -1009.9999389648438
v 402.5009765625 475.00408935546875 -1009.9999389648438
v 402.5009765625 525.0040893554688 -1009.9999389648438
v 352.5009765625 525.0040893554688 -1009.9999389648438
v -1422.501953125 -249.9288330078125 -1143.5328369140625
v -1422.501953125 -839.928955078125 -1143.5328369140625
v -1422.501953125 -839.928955078125 -1138.5328369140625
v -1422.501953125 -249.9288330078125 -1138.5328369140625
v -680.229248046875 941.8802490234375 -1033.532958984375
v -680.2291259765625 -1128.1197509765625 -1033.53271484375
v -680.2291259765625 -1128.1197509765625 -1023.5327758789062
v -680.229248046875 941.8802490234375 -1023.532958984375
v -630.2291259765625 -1126.8482666015625 -1033.53271484375
v -630.229248046875 943.1517333984375 -1033.532958984375
v -630.229248046875 943.1517333984375 -1023.532958984375
v -630.2291259765625 -1126.8482666015625 -1023.5327758789062
v 69.23675537109375 974.0427856445312 -1033.532958984375
v 69.23681640625 -1095.9571533203125 -1033.53271484375
v 69.23681640625 -1095.9571533203125 -1023.53271484375
v 69.23675537109375 974.0427856445312 -1023.5328979492188
v 119.23681640625 -1126.8482666015625 -1033.53271484375
v 119.23675537109375 943.1517333984375 -1033.532958984375
v 119.23675537109375 943.1517333984375 -1023.5328979492188
v 119.23681640625 -1126.8482666015625 -1023.53271484375
v 737.73046875 522.8466186523438 -1033.5328369140625
v 737.73046875 -1127.1534423828125 -1033.5325927734375
v 737.73046875 -1127.1534423828125 -1023.53271484375
v 737.73046875 522.8466186523438 -1023.5328369140625
v -1291.804443359375 -1126.8482666015625 -1033.53271484375
v -1291.804443359375 943.1516723632812 -1033.532958984375
v -1291.804443359375 943.1516723632812 -1023.532958984375
v -1291.804443359375 -1126.8482666015625 -1023.5327758789062
f 2 1 3
f 4 2 3
f 1609 1608 1610
f 1611 1609 1610
f 1605 1604 1606
f 1607 1605 1606
f 1599 1598 1600
f 1600 1603 1599
f 3653 1601 1599
f 1602 1601 3653
f 2395 2396 2398
f 2396 2395 2397
f 2292 2293 2295
f 2293 2292 2294
f 785 784 786
f 786 784 781
f 782 786 781
f 781 780 782
f 782 780 783
f 783 780 801
f 780 800 801
f 787 782 783
f 981 980 982
f 983 981 982
f 977 976 978
f 979 977 978
f 973 972 974
f 975 973 974
f 969 968 970
f 971 969 970
f 797 796 798
f 799 797 798
f 793 792 794
f 795 793 794
f 38 37 39
f 39 44 38
f 39 43 44
f 44 43 42
f 42 43 41
f 41 40 42
f 41 37 40
f 40 37 38
f 18 17 19
f 20 18 19
f 14 13 15
f 16 14 15
f 10 9 11
f 12 10 11
f 6 5 7
f 8 6 7
f 2754 2753 2755
f 2756 2754 2755
f 2750 2749 2751
f 2752 2750 2751
f 2746 2745 2747
f 2748 2746 2747
f 2742 2741 2743
f 2744 2742 2743
f 2738 2740 2737
f 2738 2737 2739
f 2734 2736 2733
f 2734 2733 2735
f 2722 2721 2723
f 2724 2722 2723
f 2718 2717 2719
f 2720 2718 2719
f 2714 2713 2715
f 2716 2714 2715
f 2710 2709 2711
f 2712 2710 2711
f 2436 2435 2437
f 2438 2436 2437
f 2432 2431 2433
f 2432 2433 2434
f 2428 2427 2429
f 2430 2428 2429
f 2424 2423 2425
f 2426 2424 2425
f 2420 2419 2421
f 2422 2420 2421
f 2416 2415 2417
f 2418 2416 2417
f 2412 2411 2413
f 2414 2412 2413
f 2408 2407 2409
f 2408 2409 2410
f 2404 2403 2405
f 2405 2406 2404
f 2400 2399 2401
f 2402 2400 2401
f 2392 2391 2393
f 2394 2392 2393
f 2333 2332 2334
f 2335 2333 2334
f 2329 2328 2330
f 2329 2330 2331
f 2325 2324 2326
f 2327 2325 2326
f 2321 2320 2322
f 2323 2321 2322
f 2317 2316 2318
f 2319 2317 2318
f 2313 2312 2314
f 2315 2313 2314
f 2309 2308 2310
f 2311 2309 2310
f 2305 2304 2306
f 2305 2306 2307
f 2301 2300 2302
f 2302 2303 2301
f 2297 2296 2298
f 2299 2297 2298
f 2289 2288 2290
f 2291 2289 2290
f 2233 2232 2234
f 2235 2233 2234
f 2229 2228 2230
f 2231 2229 2230
f 2225 2224 2226
f 2227 2225 2226
f 2221 2220 2222
f 2223 2221 2222
f 2217 2216 2218
f 2219 2217 2218
f 2197 2196 2198
f 2199 2197 2198
f 2193 2192 2194
f 2195 2193 2194
f 2189 2188 2190
f 2191 2189 2190
f 2185 2184 2186
f 2187 2185 2186
f 2181 2180 2182
f 2183 2181 2182
f 2161 2160 2162
f 2163 2161 2162
f 2157 2156 2158
f 2159 2157 2158
f 2153 2152 2154
f 2155 2153 2154
f 2149 2148 2150
f 2151 2149 2150
f 2145 2144 2146
f 2147 2145 2146
f 2125 2124 2126
f 2127 2125 2126
f 2121 2120 2122
f 2123 2121 2122
f 2117 2116 2118
f 2119 2117 2118
f 2113 2112 2114
f 2115 2113 2114
f 2109 2108 2110
f 2111 2109 2110
f 2089 2088 2090
f 2091 2089 2090
f 2085 2084 2086
f 2087 2085 2086
f 2081 2080 2082
f 2083 2081 2082
f 2077 2076 2078
f 2079 2077 2078
f 2073 2072 2074
f 2075 2073 2074
f 2053 2052 2054
f 2055 2053 2054
f 2049 2048 2050
f 2051 2049 2050
f 2045 2044 2046
f 2047 2045 2046
f 2041 2040 2042
f 2043 2041 2042
f 2025 2024 2026
f 2027 2025 2026
f 2021 2020 2022
f 2023 2021 2022
f 2017 2016 2018
f 2019 2017 2018
f 2013 2012 2014
f 2015 2013 2014
f 1997 1996 1998
f 1999 1997 1998
f 1993 1992 1994
f 1995 1993 1994
f 1989 1988 1990
f 1991 1989 1990
f 1985 1984 1986
f 1987 1985 1986
f 1981 1980 1982
f 1983 1981 1982
f 1961 1960 1962
f 1963 1961 1962
f 1957 1956 1958
f 1959 1957 1958
f 1953 1952 1954
f 1955 1953 1954
f 1949 1948 1950
f 1951 1949 1950
f 1945 1944 1946
f 1947 1945 1946
f 1925 1924 1926
f 1927 1925 1926
f 1921 1920 1922
f 1923 1921 1922
f 1917 1916 1918
f 1919 1917 1918
f 1913 1912 1914
f 1915 1913 1914
f 1909 1908 1910
f 1911 1909 1910
f 1889 1888 1890
f 1891 1889 1890
f 1885 1884 1886
f 1887 1885 1886
f 1881 1880 1882
f 1883 1881 1882
f 1877 1876 1878
f 1879 1877 1878
f 1873 1872 1874
f 1875 1873 1874
f 1853 1852 1854
f 1855 1853 1854
f 1849 1848 1850
f 1851 1849 1850
f 1845 1844 1846
f 1847 1845 1846
f 1841 1840 1842
f 1843 1841 1842
f 1837 1836 1838
f 1839 1837 1838
f 1817 1816 1818
f 1819 1817 1818
f 1813 1812 1814
f 1815 1813 1814
f 1809 1808 1810
f 1811 1809 1810
f 1805 1804 1806
f 1807 1805 1806
f 1801 1800 1802
f 1803 1801 1802
f 1781 1780 1782
f 1783 1781 1782
f 1777 1776 1778
f 1779 1777 1778
f 1773 1772 1774
f 1775 1773 1774
f 1769 1768 1770
f 1771 1769 1770
f 1765 1764 1766
f 1767 1765 1766
f 1745 1744 1746
f 1747 1745 1746
f 1741 1740 1742
f 1743 1741 1742
f 1737 1736 1738
f 1739 1737 1738
f 1733 1732 1734
f 1735 1733 1734
f 1729 1728 1730
f 1731 1729 1730
f 1709 1708 1710
f 1711 1709 1710
f 1705 1704 1706
f 1707 1705 1706
f 1701 1700 1702
f 1703 1701 1702
f 1697 1696 1698
f 1699 1697 1698
f 1693 1692 1694
f 1695 1693 1694
f 1673 1672 1674
f 1675 1673 1674
f 1669 1668 1670
f 1671 1669 1670
f 1665 1664 1666
f 1667 1665 1666
f 1661 1660 1662
f 1663 1661 1662
f 1657 1656 1658
f 1659 1657 1658
f 1635 1634 1636
f 1636 1639 1635
f 3654 1637 1635
f 1638 1637 3654
f 48 46 47
f 46 45 47
f 50 49 51
f 52 50 51
f 54 53 55
f 56 54 55
f 58 57 59
f 60 58 59
f 62 61 63
f 63 68 62
f 68 67 62
f 65 67 68
f 66 67 65
f 65 64 66
f 64 61 66
f 63 61 64
f 1629 1628 1630
f 1630 1632 1629
f 1630 1631 3655
f 3655 1631 1633
f 1625 1624 1626
f 1627 1625 1626
f 1621 1620 1622
f 1623 1621 1622
f 1617 1616 1618
f 1619 1617 1618
f 1613 1612 1614
f 1615 1613 1614
f 777 776 778
f 779 777 778
f 734 733 735
f 736 734 735
f 730 729 731
f 732 730 731
f 726 725 727
f 728 726 727
f 722 721 723
f 724 722 723
f 718 717 719
f 720 718 719
f 714 713 715
f 716 714 715
f 710 709 711
f 712 710 711
f 706 705 707
f 708 706 707
f 702 701 703
f 704 702 703
f 430 429 431
f 431 436 430
f 436 435 430
f 433 435 436
f 434 435 433
f 433 432 434
f 432 429 434
f 431 429 432
f 334 333 335
f 336 334 335
f 338 337 339
f 340 338 339
f 342 341 343
f 344 342 343
f 346 345 347
f 348 346 347
f 350 349 351
f 352 350 351
f 354 353 355
f 356 354 355
f 358 357 359
f 360 358 359
f 362 361 363
f 364 362 363
f 366 365 367
f 368 366 367
f 370 369 371
f 372 370 371
f 374 373 375
f 376 374 375
f 378 377 379
f 380 378 379
f 382 381 383
f 384 382 383
f 386 385 387
f 388 386 387
f 406 405 407
f 407 412 406
f 407 411 412
f 412 411 410
f 410 411 409
f 409 408 410
f 409 405 408
f 408 405 406
f 414 413 415
f 416 414 415
f 418 417 419
f 420 418 419
f 422 421 423
f 424 422 423
f 426 425 427
f 428 426 427
f 748 746 747
f 746 745 747
f 2700 2699 2658
f 2659 2658 2660
f 2658 2699 2660
f 2660 2699 2662
f 2662 2699 2664
f 2663 2662 2664
f 2661 2660 2662
f 2665 2664 2666
f 2664 2699 2666
f 2666 2699 2668
f 2668 2699 2670
f 2669 2668 2670
f 2667 2666 2668
f 2671 2670 2672
f 2670 2699 2672
f 2672 2699 2674
f 2674 2699 2676
f 2675 2674 2676
f 2673 2672 2674
f 2677 2676 2678
f 2676 2699 2678
f 2678 2699 2680
f 2680 2699 2682
f 2681 2680 2682
f 2679 2678 2680
f 2683 2682 2684
f 2682 2699 2684
f 2684 2699 2686
f 2686 2699 2688
f 2687 2686 2688
f 2685 2684 2686
f 2689 2688 2690
f 2688 2699 2690
f 2690 2699 2692
f 2692 2699 2694
f 2693 2692 2694
f 2691 2690 2692
f 2695 2694 2696
f 2694 2699 2696
f 2696 2699 2698
f 2697 2696 2698
f 2657 2656 2617
f 2655 2654 2656
f 2656 2654 2616
f 2617 2656 2616
f 2616 2615 2617
f 2653 2652 2654
f 2654 2652 2616
f 2651 2650 2652
f 2652 2650 2616
f 2650 2648 2616
f 2648 2646 2616
f 2647 2646 2648
f 2649 2648 2650
f 2645 2644 2646
f 2646 2644 2616
f 2644 2642 2616
f 2642 2640 2616
f 2641 2640 2642
f 2643 2642 2644
f 2639 2638 2640
f 2640 2638 2616
f 2638 2636 2616
f 2636 2634 2616
f 2635 2634 2636
f 2637 2636 2638
f 2633 2632 2634
f 2634 2632 2616
f 2632 2630 2616
f 2630 2628 2616
f 2629 2628 2630
f 2631 2630 2632
f 2627 2626 2628
f 2628 2626 2616
f 2626 2624 2616
f 2624 2622 2616
f 2623 2622 2624
f 2625 2624 2626
f 2621 2620 2622
f 2622 2620 2616
f 2620 2618 2616
f 2619 2618 2620
f 1523 1525 1522
f 1523 1522 1524
f 1519 1518 1520
f 1521 1519 1520
f 1515 1514 1516
f 1517 1515 1516
f 1511 1510 1512
f 1513 1511 1512
f 1507 1506 1508
f 1509 1507 1508
f 1487 1486 1488
f 1489 1487 1488
f 1483 1482 1484
f 1485 1483 1484
f 1479 1478 1480
f 1481 1479 1480
f 1471 1470 1472
f 1473 1471 1472
f 1455 1454 1445
f 1454 1452 1445
f 1448 1452 1454
f 1449 1452 1448
f 1448 1447 1449
f 1447 1451 1449
f 1447 1455 1451
f 1455 1453 1451
f 1453 1455 1445
f 1446 1453 1445
f 1445 1444 1446
f 1446 1444 1450
f 1450 1444 1449
f 1451 1450 1449
f 742 741 743
f 744 742 743
f 738 737 739
f 740 738 739
f 402 401 403
f 404 402 403
f 398 397 399
f 400 398 399
f 394 393 395
f 396 394 395
f 390 389 391
f 392 390 391
f 34 33 35
f 36 34 35
f 30 29 31
f 32 30 31
f 26 25 27
f 28 26 27
f 22 21 23
f 24 22 23
f 2730 2729 2731
f 2732 2730 2731
f 2726 2725 2727
f 2728 2726 2727
f 2702 2701 2703
f 2704 2702 2703
f 2452 2451 2453
f 2454 2452 2453
f 2448 2447 2449
f 2450 2448 2449
f 2444 2443 2445
f 2446 2444 2445
f 2440 2439 2441
f 2442 2440 2441
f 2388 2387 2389
f 2390 2388 2389
f 2384 2383 2385
f 2386 2384 2385
f 2380 2379 2381
f 2382 2380 2381
f 2377 2376 2359
f 2378 2377 2359
f 2357 2356 2358
f 2359 2357 2358
f 2373 2372 2374
f 2375 2373 2374
f 2369 2368 2370
f 2371 2369 2370
f 2365 2364 2366
f 2367 2365 2366
f 2361 2360 2362
f 2363 2361 2362
f 2353 2352 2354
f 2355 2353 2354
f 2349 2348 2350
f 2351 2349 2350
f 2345 2344 2346
f 2347 2345 2346
f 2341 2340 2342
f 2343 2341 2342
f 2337 2336 2338
f 2339 2337 2338
f 2285 2284 2286
f 2287 2285 2286
f 2281 2280 2282
f 2283 2281 2282
f 2277 2276 2278
f 2279 2277 2278
f 2274 2241 2257
f 2275 2274 2257
f 2257 2243 2256
f 2243 2242 2256
f 2243 2241 2242
f 2241 2240 2242
f 2271 2270 2272
f 2273 2271 2272
f 2267 2266 2268
f 2269 2267 2268
f 2263 2262 2264
f 2265 2263 2264
f 2259 2258 2260
f 2261 2259 2260
f 2253 2252 2254
f 2255 2253 2254
f 2249 2248 2250
f 2251 2249 2250
f 2245 2244 2246
f 2247 2245 2246
f 2237 2236 2238
f 2239 2237 2238
f 2213 2212 2214
f 2215 2213 2214
f 2209 2208 2210
f 2211 2209 2210
f 2205 2204 2206
f 2207 2205 2206
f 2201 2200 2202
f 2203 2201 2202
f 2177 2176 2178
f 2179 2177 2178
f 2173 2172 2174
f 2175 2173 2174
f 2169 2168 2170
f 2171 2169 2170
f 2165 2164 2166
f 2167 2165 2166
f 2141 2140 2142
f 2143 2141 2142
f 2137 2136 2138
f 2139 2137 2138
f 2133 2132 2134
f 2135 2133 2134
f 2129 2128 2130
f 2131 2129 2130
f 2105 2104 2106
f 2107 2105 2106
f 2101 2100 2102
f 2103 2101 2102
f 2097 2096 2098
f 2099 2097 2098
f 2093 2092 2094
f 2095 2093 2094
f 2069 2068 2070
f 2071 2069 2070
f 2065 2064 2066
f 2067 2065 2066
f 2061 2060 2062
f 2063 2061 2062
f 2057 2056 2058
f 2059 2057 2058
f 2037 2036 2038
f 2039 2037 2038
f 2033 2032 2034
f 2035 2033 2034
f 2029 2028 2030
f 2031 2029 2030
f 2009 2008 2010
f 2011 2009 2010
f 2005 2004 2006
f 2007 2005 2006
f 2001 2000 2002
f 2003 2001 2002
f 1977 1976 1978
f 1979 1977 1978
f 1973 1972 1974
f 1975 1973 1974
f 1969 1968 1970
f 1971 1969 1970
f 1965 1964 1966
f 1967 1965 1966
f 1941 1940 1942
f 1943 1941 1942
f 1937 1936 1938
f 1939 1937 1938
f 1933 1932 1934
f 1935 1933 1934
f 1929 1928 1930
f 1931 1929 1930
f 1905 1904 1906
f 1907 1905 1906
f 1901 1900 1902
f 1903 1901 1902
f 1897 1896 1898
f 1899 1897 1898
f 1893 1892 1894
f 1895 1893 1894
f 1869 1868 1870
f 1871 1869 1870
f 1865 1864 1866
f 1867 1865 1866
f 1861 1860 1862
f 1863 1861 1862
f 1857 1856 1858
f 1859 1857 1858
f 1833 1832 1834
f 1835 1833 1834
f 1829 1828 1830
f 1831 1829 1830
f 1825 1824 1826
f 1827 1825 1826
f 1821 1820 1822
f 1823 1821 1822
f 1797 1796 1798
f 1799 1797 1798
f 1793 1792 1794
f 1795 1793 1794
f 1789 1788 1790
f 1791 1789 1790
f 1785 1784 1786
f 1787 1785 1786
f 1761 1760 1762
f 1763 1761 1762
f 1757 1756 1758
f 1759 1757 1758
f 1753 1752 1754
f 1755 1753 1754
f 1749 1748 1750
f 1751 1749 1750
f 1725 1724 1726
f 1727 1725 1726
f 1721 1720 1722
f 1723 1721 1722
f 1717 1716 1718
f 1719 1717 1718
f 1713 1712 1714
f 1715 1713 1714
f 1689 1688 1690
f 1691 1689 1690
f 1685 1684 1686
f 1687 1685 1686
f 1681 1680 1682
f 1683 1681 1682
f 1677 1676 1678
f 1679 1677 1678
f 1653 1652 1654
f 1655 1653 1654
f 1649 1648 1650
f 1651 1649 1650
f 1645 1644 1646
f 1647 1645 1646
f 1641 1640 1642
f 1643 1641 1642
f 1595 1594 1596
f 1597 1595 1596
f 1591 1590 1592
f 1593 1591 1592
f 1587 1586 1588
f 1589 1587 1588
f 1583 1582 1584
f 1585 1583 1584
f 1579 1578 1580
f 1581 1579 1580
f 1575 1574 1576
f 1577 1575 1576
f 1571 1570 1572
f 1573 1571 1572
f 1567 1566 1568
f 1569 1567 1568
f 1563 1562 1564
f 1565 1563 1564
f 1559 1558 1560
f 1561 1559 1560
f 1555 1554 1556
f 1557 1555 1556
f 1551 1550 1552
f 1553 1551 1552
f 1547 1546 1548
f 1549 1547 1548
f 1543 1542 1544
f 1545 1543 1544
f 1539 1538 1540
f 1541 1539 1540
f 1535 1534 1536
f 1537 1535 1536
f 1531 1530 1532
f 1533 1531 1532
f 1527 1526 1528
f 1529 1527 1528
f 1057 1056 1058
f 1059 1057 1058
f 1053 1052 1054
f 1055 1053 1054
f 1049 1048 1050
f 1051 1049 1050
f 1001 1000 1002
f 1003 1001 1002
f 997 996 998
f 999 997 998
f 993 992 994
f 995 993 994
f 989 988 990
f 991 989 990
f 985 984 986
f 987 985 986
f 961 960 962
f 963 961 962
f 957 956 958
f 959 957 958
f 953 952 954
f 955 953 954
f 947 946 948
f 948 949 947
f 947 949 950
f 950 951 947
f 943 942 944
f 945 943 944
f 939 938 940
f 941 939 940
f 935 934 936
f 937 935 936
f 931 930 932
f 933 931 932
f 789 788 790
f 791 789 790
f 773 763 774
f 775 773 774
f 762 761 763
f 764 762 763
f 770 769 771
f 770 771 772
f 766 765 767
f 768 766 767
f 758 757 759
f 760 758 759
f 754 753 755
f 756 754 755
f 750 749 751
f 752 750 751
f 965 964 966
f 964 967 966
f 2708 2705 2706
f 2706 2705 2707
f 134 136 133
f 134 133 135
f 116 113 102
f 113 111 102
f 105 111 113
f 106 111 105
f 105 104 106
f 104 108 106
f 104 116 108
f 116 115 108
f 115 116 102
f 114 115 102
f 112 114 102
f 114 112 110
f 109 114 110
f 109 110 106
f 108 109 106
f 103 112 102
f 102 101 103
f 103 101 107
f 107 101 106
f 110 107 106
f 694 693 695
f 695 700 694
f 695 699 700
f 700 699 698
f 698 699 697
f 697 696 698
f 697 693 696
f 696 693 694
f 678 680 677
f 678 677 679
f 662 664 661
f 662 661 663
f 646 648 645
f 646 645 647
f 634 633 635
f 636 634 635
f 630 629 631
f 630 631 632
f 618 617 619
f 620 618 619
f 614 613 615
f 614 615 616
f 602 601 603
f 604 602 603
f 598 597 599
f 598 599 600
f 586 585 587
f 588 586 587
f 582 581 583
f 582 583 584
f 570 569 571
f 572 570 571
f 566 565 567
f 566 567 568
f 554 553 555
f 556 554 555
f 550 549 551
f 550 551 552
f 534 536 533
f 534 533 535
f 518 520 517
f 518 517 519
f 502 504 501
f 502 501 503
f 441 440 442
f 442 447 441
f 441 447 449
f 449 447 438
f 452 449 438
f 440 444 442
f 440 452 444
f 452 451 444
f 451 452 438
f 450 451 438
f 445 450 446
f 450 448 446
f 448 450 438
f 439 448 438
f 438 437 439
f 439 437 443
f 443 437 442
f 446 443 442
f 445 446 442
f 444 445 442
f 71 80 70
f 70 69 71
f 71 69 75
f 75 69 74
f 78 75 74
f 80 82 70
f 82 80 78
f 77 82 78
f 77 78 74
f 76 77 74
f 84 83 76
f 72 84 76
f 72 76 74
f 73 72 74
f 74 79 73
f 73 79 81
f 81 79 70
f 84 81 70
f 83 84 70
f 82 83 70
f 326 325 327
f 327 332 326
f 327 331 332
f 332 331 330
f 330 331 329
f 329 328 330
f 329 325 328
f 328 325 326
f 310 312 309
f 310 309 311
f 294 296 293
f 294 293 295
f 278 280 277
f 278 277 279
f 266 265 267
f 268 266 267
f 262 261 263
f 262 263 264
f 250 249 251
f 252 250 251
f 246 245 247
f 246 247 248
f 234 233 235
f 236 234 235
f 230 229 231
f 230 231 232
f 218 217 219
f 220 218 219
f 214 213 215
f 214 215 216
f 202 201 203
f 204 202 203
f 198 197 199
f 198 199 200
f 186 185 187
f 188 186 187
f 182 181 183
f 182 183 184
f 166 168 165
f 166 165 167
f 150 152 149
f 150 149 151
f 489 488 490
f 490 495 489
f 489 495 497
f 497 495 486
f 500 497 486
f 487 485 491
f 486 485 487
f 487 496 486
f 496 498 486
f 498 496 494
f 493 498 494
f 493 494 490
f 492 493 490
f 488 492 490
f 488 500 492
f 500 499 492
f 499 500 486
f 498 499 486
f 494 491 490
f 491 485 490
f 457 456 458
f 458 463 457
f 457 463 465
f 465 463 454
f 468 465 454
f 455 453 459
f 454 453 455
f 455 464 454
f 464 466 454
f 466 464 462
f 461 466 462
f 461 462 458
f 460 461 458
f 456 460 458
f 456 468 460
f 468 467 460
f 467 468 454
f 466 467 454
f 462 459 458
f 459 453 458
f 121 120 122
f 122 127 121
f 121 127 129
f 129 127 118
f 132 129 118
f 119 117 123
f 118 117 119
f 119 128 118
f 128 130 118
f 130 128 126
f 125 130 126
f 125 126 122
f 124 125 122
f 120 124 122
f 120 132 124
f 132 131 124
f 131 132 118
f 130 131 118
f 126 123 122
f 123 117 122
f 89 88 90
f 90 95 89
f 89 95 97
f 97 95 86
f 100 97 86
f 98 96 94
f 93 98 94
f 93 94 90
f 92 93 90
f 88 92 90
f 88 100 92
f 100 99 92
f 99 100 86
f 98 99 86
f 96 98 86
f 87 96 86
f 86 85 87
f 87 85 91
f 91 85 90
f 94 91 90
f 690 689 691
f 691 689 692
f 688 685 686
f 686 685 687
f 682 681 683
f 681 684 683
f 674 673 675
f 675 673 676
f 672 669 670
f 670 669 671
f 666 665 667
f 665 668 667
f 658 657 659
f 659 657 660
f 656 653 654
f 654 653 655
f 650 649 651
f 649 652 651
f 642 641 643
f 643 641 644
f 640 637 638
f 638 637 639
f 626 625 627
f 627 625 628
f 624 621 622
f 622 621 623
f 610 609 611
f 611 609 612
f 608 605 606
f 606 605 607
f 594 593 595
f 595 593 596
f 592 589 590
f 590 589 591
f 578 577 579
f 579 577 580
f 576 573 574
f 574 573 575
f 562 561 563
f 563 561 564
f 560 557 558
f 558 557 559
f 546 545 547
f 547 545 548
f 544 541 542
f 542 541 543
f 538 537 539
f 537 540 539
f 530 529 531
f 531 529 532
f 528 525 526
f 526 525 527
f 522 521 523
f 521 524 523
f 514 513 515
f 515 513 516
f 512 509 510
f 510 509 511
f 506 505 507
f 505 508 507
f 471 480 470
f 470 469 471
f 471 469 475
f 475 469 474
f 478 475 474
f 480 482 470
f 482 480 478
f 477 482 478
f 477 478 474
f 476 477 474
f 484 481 470
f 481 479 470
f 473 479 481
f 474 479 473
f 473 472 474
f 472 476 474
f 472 484 476
f 484 483 476
f 483 484 470
f 482 483 470
f 322 321 323
f 323 321 324
f 320 317 318
f 318 317 319
f 314 313 315
f 313 316 315
f 306 305 307
f 307 305 308
f 304 301 302
f 302 301 303
f 298 297 299
f 297 300 299
f 290 289 291
f 291 289 292
f 288 285 286
f 286 285 287
f 282 281 283
f 281 284 283
f 274 273 275
f 275 273 276
f 272 269 270
f 270 269 271
f 258 257 259
f 259 257 260
f 256 253 254
f 254 253 255
f 242 241 243
f 243 241 244
f 240 237 238
f 238 237 239
f 226 225 227
f 227 225 228
f 224 221 222
f 222 221 223
f 210 209 211
f 211 209 212
f 208 205 206
f 206 205 207
f 194 193 195
f 195 193 196
f 192 189 190
f 190 189 191
f 178 177 179
f 179 177 180
f 176 173 174
f 174 173 175
f 170 169 171
f 169 172 171
f 162 161 163
f 163 161 164
f 160 157 158
f 158 157 159
f 154 153 155
f 153 156 155
f 146 145 147
f 147 145 148
f 144 141 142
f 142 141 143
f 138 137 139
f 137 140 139
f 831 830 832
f 833 831 832
f 813 809 814
f 813 829 812
f 812 811 813
f 811 809 813
f 810 809 811
f 810 811 823
f 825 824 812
f 812 826 825
f 819 827 818
f 818 817 819
f 819 817 820
f 820 817 822
f 821 820 822
f 822 826 821
f 821 826 827
f 827 826 815
f 815 826 812
f 829 815 812
f 816 806 817
f 817 806 822
f 823 811 807
f 808 823 807
f 807 806 808
f 808 806 809
f 809 806 816
f 814 809 816
f 815 814 816
f 816 828 815
f 828 827 815
f 818 827 828
f 895 894 896
f 896 894 897
f 893 890 891
f 891 890 892
f 879 878 880
f 880 878 881
f 877 874 875
f 875 874 876
f 863 862 864
f 864 862 865
f 861 858 859
f 859 858 860
f 847 846 848
f 848 846 849
f 845 842 843
f 843 842 844
f 835 834 836
f 835 836 837
f 839 838 840
f 841 839 840
f 851 850 852
f 851 852 853
f 855 854 856
f 857 855 856
f 867 866 868
f 867 868 869
f 871 870 872
f 873 871 872
f 883 882 884
f 883 884 885
f 887 886 888
f 889 887 888
f 803 802 804
f 805 803 804
f 899 898 900
f 901 899 900
f 911 910 912
f 913 911 912
f 907 906 908
f 908 906 903
f 904 908 903
f 903 902 904
f 904 902 905
f 909 904 905
f 915 914 916
f 917 915 916
f 927 926 928
f 929 927 928
f 923 922 924
f 925 923 924
f 919 918 920
f 921 919 920
f 1023 1021 1022
f 1021 1020 1022
f 1017 1016 1018
f 1019 1017 1018
f 1013 1012 1014
f 1015 1013 1014
f 1005 1004 1006
f 1006 1011 1005
f 1011 1010 1005
f 1008 1010 1011
f 1009 1010 1008
f 1008 1007 1009
f 1007 1004 1009
f 1006 1004 1007
f 3650 3649 3651
f 3651 3649 3652
f 3646 3645 3647
f 3647 3645 3648
f 3642 3641 3643
f 3643 3641 3644
f 3638 3637 3639
f 3639 3637 3640
f 3634 3633 3635
f 3635 3633 3636
f 3630 3629 3631
f 3631 3629 3632
f 3626 3625 3627
f 3627 3625 3628
f 3622 3621 3623
f 3621 3624 3623
f 1441 1440 1442
f 1442 1440 1443
f 1439 1436 1437
f 1437 1436 1438
f 1433 1432 1434
f 1432 1435 1434
f 1307 1306 1308
f 1308 1306 1309
f 1305 1302 1303
f 1303 1302 1304
f 1231 1230 1232
f 1232 1230 1233
f 1229 1226 1227
f 1227 1226 1228
f 1223 1222 1224
f 1222 1225 1224
f 1215 1214 1216
f 1216 1214 1217
f 1213 1210 1211
f 1211 1210 1212
f 1143 1142 1144
f 1144 1142 1145
f 1141 1138 1139
f 1139 1138 1140
f 1135 1134 1136
f 1134 1137 1136
f 1127 1126 1128
f 1128 1126 1129
f 1125 1122 1123
f 1123 1122 1124
f 1041 1040 1042
f 1042 1040 1043
f 1039 1036 1037
f 1037 1036 1038
f 1108 1113 1107
f 1107 1106 1108
f 3656 1106 1109
f 1109 1106 1111
f 1110 3657 1111
f 1111 1112 1110
f 3658 1112 3659
f 3659 1112 3660
f 3618 3617 3619
f 3620 3618 3619
f 3614 3613 3615
f 3616 3614 3615
f 3610 3609 3611
f 3612 3610 3611
f 3606 3605 3607
f 3608 3606 3607
f 1503 1502 1504
f 1505 1503 1504
f 1499 1498 1500
f 1501 1499 1500
f 1495 1494 1496
f 1497 1495 1496
f 1491 1490 1492
f 1493 1491 1492
f 1465 1464 1466
f 1466 1468 1465
f 1466 1467 1468
f 1468 1467 1469
f 1461 1460 1462
f 1463 1461 1462
f 1457 1456 1458
f 1459 1457 1458
f 1429 1431 1428
f 1429 1428 1430
f 1421 1420 1422
f 1422 1427 1421
f 3661 1426 1421
f 1424 1426 3661
f 1425 1426 3662
f 3662 1423 1425
f 3664 3663 1425
f 3666 3665 3667
f 1189 1186 1191
f 1190 3668 1191
f 1191 1192 1190
f 1190 1192 1193
f 1193 1192 1187
f 1188 1193 1187
f 1187 3669 1188
f 3670 1186 1189
f 1195 1194 1196
f 1196 1201 1195
f 1201 1200 1195
f 1198 1200 1201
f 1199 1200 1198
f 1198 1197 1199
f 3672 3671 3673
f 3675 3674 3676
f 1417 1416 1418
f 1419 1417 1418
f 1411 1410 1412
f 1412 1414 1411
f 1412 1413 1414
f 1414 1413 1415
f 1407 1406 1408
f 1409 1407 1408
f 1403 1402 1404
f 1405 1403 1404
f 1399 1398 1400
f 1401 1399 1400
f 1395 1394 1396
f 1397 1395 1396
f 1391 1390 1392
f 1393 1391 1392
f 1387 1386 1388
f 1389 1387 1388
f 1383 1382 1384
f 1385 1383 1384
f 1379 1378 1380
f 1381 1379 1380
f 1375 1374 1376
f 1377 1375 1376
f 1371 1370 1372
f 1373 1371 1372
f 1367 1366 1368
f 1369 1367 1368
f 1363 1362 1364
f 1365 1363 1364
f 1359 1358 1360
f 1361 1359 1360
f 1355 1354 1356
f 1357 1355 1356
f 1351 1350 1352
f 1353 1351 1352
f 1347 1346 1348
f 1349 1347 1348
f 1343 1342 1344
f 1345 1343 1344
f 1339 1338 1340
f 1341 1339 1340
f 1335 1334 1336
f 1337 1335 1336
f 1331 1330 1332
f 1333 1331 1332
f 1327 1326 1328
f 1329 1327 1328
f 1323 1322 1324
f 1325 1323 1324
f 1319 1318 1320
f 1321 1319 1320
f 1315 1314 1316
f 1317 1315 1316
f 1311 1310 1312
f 1313 1311 1312
f 1299 1298 1300
f 1301 1299 1300
f 1295 1294 1296
f 1295 1296 1297
f 1283 1282 1284
f 1285 1283 1284
f 1279 1278 1280
f 1279 1280 1281
f 1275 1274 1276
f 1275 1276 1277
f 1271 1270 1272
f 1271 1272 1273
f 1267 1266 1268
f 1267 1268 1269
f 1263 1262 1264
f 1263 1264 1265
f 1259 1258 1260
f 1259 1260 1261
f 1255 1254 1256
f 1257 1255 1256
f 1251 1250 1252
f 1253 1251 1252
f 1247 1246 1248
f 1249 1247 1248
f 1243 1242 1244
f 1245 1243 1244
f 1239 1238 1240
f 1241 1239 1240
f 1235 1234 1236
f 1237 1235 1236
f 1219 1221 1218
f 1219 1218 1220
f 1207 1206 1208
f 1209 1207 1208
f 1203 1202 1204
f 1203 1204 1205
f 1183 1182 1184
f 1185 1183 1184
f 1179 1178 1180
f 1179 1180 1181
f 1175 1174 1176
f 1177 1175 1176
f 1171 1170 1172
f 1173 1171 1172
f 1167 1166 1168
f 1169 1167 1168
f 1163 1162 1164
f 1165 1163 1164
f 1159 1158 1160
f 1161 1159 1160
f 1155 1154 1156
f 1157 1155 1156
f 1151 1150 1152
f 1153 1151 1152
f 1147 1146 1148
f 1149 1147 1148
f 1131 1133 1130
f 1131 1130 1132
f 1119 1118 1120
f 1121 1119 1120
f 1115 1114 1116
f 1115 1116 1117
f 1099 1098 1100
f 1100 1105 1099
f 3677 1104 1099
f 1102 1104 3677
f 1103 1104 3678
f 3678 1101 1103
f 3680 3679 1103
f 3682 3681 3683
f 1290 1289 1291
f 1291 1292 1290
f 3684 1292 1293
f 3686 3685 1287
f 1288 3687 3688
f 3688 1286 1288
f 3690 3689 3691
f 3691 3689 3692
f 1095 1094 1096
f 1095 1096 1097
f 1091 1090 1092
f 1093 1091 1092
f 1087 1086 1088
f 1089 1087 1088
f 1083 1082 1084
f 1085 1083 1084
f 1079 1078 1080
f 1081 1079 1080
f 1075 1074 1076
f 1077 1075 1076
f 1071 1070 1072
f 1073 1071 1072
f 1067 1066 1068
f 1069 1067 1068
f 1045 1044 1046
f 1047 1045 1046
f 1033 1032 1034
f 1035 1033 1034
f 1029 1028 1030
f 1029 1030 1031
f 1025 1024 1026
f 1025 1026 1027
f 1475 1474 1476
f 1477 1475 1476
f 1061 1060 1062
f 1062 1065 1061
f 1065 1063 1061
f 1064 1063 1065
f 2458 2455 2456
f 2456 2455 2457
f 2462 2459 2460
f 2460 2459 2461
f 2466 2463 2464
f 2464 2463 2465
f 2470 2467 2468
f 2468 2467 2469
f 2474 2471 2472
f 2472 2471 2473
f 2478 2475 2476
f 2476 2475 2477
f 2482 2479 2480
f 2480 2479 2481
f 2486 2483 2484
f 2484 2483 2485
f 2490 2487 2488
f 2488 2487 2489
f 2494 2491 2492
f 2492 2491 2493
f 2498 2495 2496
f 2496 2495 2497
f 2502 2499 2500
f 2500 2499 2501
f 2506 2503 2504
f 2504 2503 2505
f 2510 2507 2508
f 2508 2507 2509
f 2514 2511 2512
f 2512 2511 2513
f 2518 2515 2516
f 2516 2515 2517
f 2522 2519 2520
f 2520 2519 2521
f 2526 2523 2524
f 2524 2523 2525
f 2530 2527 2528
f 2528 2527 2529
f 2534 2531 2532
f 2532 2531 2533
f 2538 2535 2536
f 2536 2535 2537
f 2542 2539 2540
f 2540 2539 2541
f 2546 2543 2544
f 2544 2543 2545
f 2550 2547 2548
f 2548 2547 2549
f 2554 2551 2552
f 2552 2551 2553
f 2558 2555 2556
f 2556 2555 2557
f 2562 2559 2560
f 2560 2559 2561
f 2566 2563 2564
f 2564 2563 2565
f 2570 2567 2568
f 2568 2567 2569
f 2574 2571 2572
f 2572 2571 2573
f 2578 2575 2576
f 2576 2575 2577
f 2582 2579 2580
f 2580 2579 2581
f 2586 2583 2584
f 2584 2583 2585
f 2590 2587 2588
f 2588 2587 2589
f 2594 2591 2592
f 2592 2591 2593
f 2598 2595 2596
f 2596 2595 2597
f 2602 2599 2600
f 2600 2599 2601
f 2606 2603 2604
f 2604 2603 2605
f 2610 2607 2608
f 2608 2607 2609
f 2614 2611 2612
f 2612 2611 2613
f 2758 2757 2759
f 2759 2760 2758
f 2850 2849 2851
f 2850 2851 2852
f 2846 2845 2847
f 2848 2846 2847
f 2842 2841 2843
f 2842 2843 2844
f 2774 2776 2773
f 2774 2773 2775
f 2770 2769 2771
f 2772 2770 2771
f 2762 2761 2763
f 2764 2762 2763
f 3602 3601 3603
f 3604 3602 3603
f 3598 3597 3599
f 3598 3599 3600
f 3594 3593 3595
f 3596 3594 3595
f 3590 3589 3591
f 3592 3590 3591
f 3586 3585 3587
f 3588 3586 3587
f 3582 3581 3583
f 3584 3582 3583
f 3578 3577 3579
f 3580 3578 3579
f 3574 3573 3575
f 3574 3575 3576
f 3566 3565 3567
f 3568 3566 3567
f 3562 3561 3563
f 3563 3564 3562
f 3558 3557 3559
f 3560 3558 3559
f 3554 3553 3555
f 3556 3554 3555
f 3546 3545 3547
f 3548 3546 3547
f 3542 3541 3543
f 3543 3544 3542
f 3538 3537 3539
f 3540 3538 3539
f 3530 3532 3529
f 3530 3529 3531
f 3526 3525 3527
f 3528 3526 3527
f 3522 3521 3523
f 3524 3522 3523
f 3518 3517 3519
f 3520 3518 3519
f 3514 3513 3515
f 3516 3514 3515
f 3506 3508 3505
f 3506 3505 3507
f 3502 3501 3503
f 3504 3502 3503
f 3494 3493 3495
f 3496 3494 3495
f 3490 3489 3491
f 3491 3492 3490
f 3482 3484 3481
f 3482 3481 3483
f 3478 3477 3479
f 3480 3478 3479
f 3474 3473 3475
f 3476 3474 3475
f 3470 3469 3471
f 3472 3470 3471
f 3466 3465 3467
f 3468 3466 3467
f 3458 3460 3457
f 3458 3457 3459
f 3454 3453 3455
f 3456 3454 3455
f 3446 3445 3447
f 3448 3446 3447
f 3442 3441 3443
f 3443 3444 3442
f 3438 3437 3439
f 3440 3438 3439
f 3434 3433 3435
f 3434 3435 3436
f 3430 3429 3431
f 3432 3430 3431
f 3426 3425 3427
f 3428 3426 3427
f 3422 3421 3423
f 3424 3422 3423
f 3418 3417 3419
f 3420 3418 3419
f 3414 3413 3415
f 3416 3414 3415
f 3410 3409 3411
f 3410 3411 3412
f 3402 3401 3403
f 3404 3402 3403
f 3398 3397 3399
f 3399 3400 3398
f 3394 3393 3395
f 3396 3394 3395
f 3390 3389 3391
f 3392 3390 3391
f 3382 3381 3383
f 3384 3382 3383
f 3378 3377 3379
f 3379 3380 3378
f 3374 3373 3375
f 3376 3374 3375
f 3366 3368 3365
f 3366 3365 3367
f 3362 3361 3363
f 3364 3362 3363
f 3358 3357 3359
f 3360 3358 3359
f 3354 3353 3355
f 3356 3354 3355
f 3350 3349 3351
f 3352 3350 3351
f 3342 3344 3341
f 3342 3341 3343
f 3338 3337 3339
f 3340 3338 3339
f 3330 3329 3331
f 3332 3330 3331
f 3326 3325 3327
f 3327 3328 3326
f 3318 3320 3317
f 3318 3317 3319
f 3314 3313 3315
f 3316 3314 3315
f 3310 3309 3311
f 3312 3310 3311
f 3306 3305 3307
f 3308 3306 3307
f 3302 3301 3303
f 3304 3302 3303
f 3294 3293 3295
f 3296 3294 3295
f 3290 3289 3291
f 3290 3291 3292
f 3286 3285 3287
f 3288 3286 3287
f 3282 3281 3283
f 3282 3283 3284
f 3278 3277 3279
f 3280 3278 3279
f 3274 3273 3275
f 3274 3275 3276
f 3270 3269 3271
f 3272 3270 3271
f 3266 3265 3267
f 3266 3267 3268
f 3198 3200 3197
f 3198 3197 3199
f 3194 3193 3195
f 3196 3194 3195
f 3186 3185 3187
f 3188 3186 3187
f 3182 3181 3183
f 3183 3184 3182
f 3178 3177 3179
f 3180 3178 3179
f 3174 3173 3175
f 3174 3175 3176
f 3170 3169 3171
f 3172 3170 3171
f 3166 3165 3167
f 3168 3166 3167
f 3162 3161 3163
f 3164 3162 3163
f 3158 3157 3159
f 3160 3158 3159
f 3154 3153 3155
f 3156 3154 3155
f 3150 3149 3151
f 3150 3151 3152
f 3142 3141 3143
f 3144 3142 3143
f 3138 3137 3139
f 3139 3140 3138
f 3134 3133 3135
f 3136 3134 3135
f 3130 3129 3131
f 3132 3130 3131
f 3122 3121 3123
f 3124 3122 3123
f 3118 3117 3119
f 3119 3120 3118
f 3114 3113 3115
f 3116 3114 3115
f 3106 3108 3105
f 3106 3105 3107
f 3102 3101 3103
f 3104 3102 3103
f 3098 3097 3099
f 3100 3098 3099
f 3094 3093 3095
f 3096 3094 3095
f 3090 3089 3091
f 3092 3090 3091
f 3082 3084 3081
f 3082 3081 3083
f 3078 3077 3079
f 3080 3078 3079
f 3070 3069 3071
f 3072 3070 3071
f 3066 3065 3067
f 3067 3068 3066
f 3058 3060 3057
f 3058 3057 3059
f 3054 3053 3055
f 3056 3054 3055
f 3050 3049 3051
f 3052 3050 3051
f 3046 3045 3047
f 3048 3046 3047
f 3042 3041 3043
f 3044 3042 3043
f 3034 3036 3033
f 3034 3033 3035
f 3030 3029 3031
f 3032 3030 3031
f 3022 3021 3023
f 3024 3022 3023
f 3018 3017 3019
f 3019 3020 3018
f 3014 3013 3015
f 3016 3014 3015
f 3010 3009 3011
f 3010 3011 3012
f 3006 3005 3007
f 3008 3006 3007
f 3002 3001 3003
f 3004 3002 3003
f 2998 2997 2999
f 3000 2998 2999
f 2994 2993 2995
f 2996 2994 2995
f 2990 2989 2991
f 2992 2990 2991
f 2986 2985 2987
f 2986 2987 2988
f 2978 2977 2979
f 2980 2978 2979
f 2974 2973 2975
f 2975 2976 2974
f 2970 2969 2971
f 2972 2970 2971
f 2966 2965 2967
f 2968 2966 2967
f 2958 2957 2959
f 2960 2958 2959
f 2954 2953 2955
f 2955 2956 2954
f 2950 2949 2951
f 2952 2950 2951
f 2942 2944 2941
f 2942 2941 2943
f 2938 2937 2939
f 2940 2938 2939
f 2934 2933 2935
f 2936 2934 2935
f 2930 2929 2931
f 2932 2930 2931
f 2926 2925 2927
f 2928 2926 2927
f 2918 2920 2917
f 2918 2917 2919
f 2914 2913 2915
f 2916 2914 2915
f 2906 2905 2907
f 2908 2906 2907
f 2902 2901 2903
f 2903 2904 2902
f 2894 2896 2893
f 2894 2893 2895
f 2890 2889 2891
f 2892 2890 2891
f 2886 2885 2887
f 2888 2886 2887
f 2882 2881 2883
f 2884 2882 2883
f 2878 2877 2879
f 2880 2878 2879
f 2870 2869 2871
f 2872 2870 2871
f 2866 2865 2867
f 2866 2867 2868
f 2862 2861 2863
f 2864 2862 2863
f 2858 2857 2859
f 2858 2859 2860
f 2856 2854 2855
f 2854 2853 2855
f 2874 2873 2875
f 2873 2876 2875
f 2898 2897 2899
f 2897 2900 2899
f 2909 2910 2912
f 2910 2909 2911
f 2922 2921 2923
f 2921 2924 2923
f 2946 2945 2947
f 2945 2948 2947
f 2961 2962 2964
f 2962 2961 2963
f 2981 2982 2984
f 2982 2981 2983
f 3025 3026 3028
f 3026 3025 3027
f 3038 3037 3039
f 3037 3040 3039
f 3062 3061 3063
f 3061 3064 3063
f 3073 3074 3076
f 3074 3073 3075
f 3086 3085 3087
f 3085 3088 3087
f 3110 3109 3111
f 3109 3112 3111
f 3125 3126 3128
f 3126 3125 3127
f 3145 3146 3148
f 3146 3145 3147
f 3189 3190 3192
f 3190 3189 3191
f 3298 3297 3299
f 3297 3300 3299
f 3322 3321 3323
f 3321 3324 3323
f 3333 3334 3336
f 3334 3333 3335
f 3346 3345 3347
f 3345 3348 3347
f 3370 3369 3371
f 3369 3372 3371
f 3385 3386 3388
f 3386 3385 3387
f 3405 3406 3408
f 3406 3405 3407
f 3449 3450 3452
f 3450 3449 3451
f 3462 3461 3463
f 3461 3464 3463
f 3486 3485 3487
f 3485 3488 3487
f 3497 3498 3500
f 3498 3497 3499
f 3510 3509 3511
f 3509 3512 3511
f 3534 3533 3535
f 3533 3536 3535
f 3549 3550 3552
f 3550 3549 3551
f 3569 3570 3572
f 3570 3569 3571
f 2765 2766 2768
f 2766 2765 2767
f 2780 2777 2778
f 2778 2777 2779
f 2782 2781 2783
f 2783 2781 2784
f 2786 2785 2787
f 2787 2785 2788
f 2792 2789 2790
f 2790 2789 2791
f 2796 2793 2794
f 2794 2793 2795
f 2798 2797 2799
f 2799 2797 2800
f 2802 2801 2803
f 2803 2801 2804
f 2808 2805 2806
f 2806 2805 2807
f 2812 2809 2810
f 2810 2809 2811
f 2814 2813 2815
f 2815 2813 2816
f 2818 2817 2819
f 2819 2817 2820
f 2824 2821 2822
f 2822 2821 2823
f 2828 2825 2826
f 2826 2825 2827
f 2830 2829 2831
f 2831 2829 2832
f 2834 2833 2835
f 2835 2833 2836
f 2840 2837 2838
f 2838 2837 2839
f 3204 3201 3202
f 3202 3201 3203
f 3206 3205 3207
f 3207 3205 3208
f 3210 3209 3211
f 3211 3209 3212
f 3216 3213 3214
f 3214 3213 3215
f 3220 3217 3218
f 3218 3217 3219
f 3222 3221 3223
f 3223 3221 3224
f 3226 3225 3227
f 3227 3225 3228
f 3232 3229 3230
f 3230 3229 3231
f 3236 3233 3234
f 3234 3233 3235
f 3238 3237 3239
f 3239 3237 3240
f 3242 3241 3243
f 3243 3241 3244
f 3248 3245 3246
f 3246 3245 3247
f 3252 3249 3250
f 3250 3249 3251
f 3254 3253 3255
f 3255 3253 3256
f 3258 3257 3259
f 3259 3257 3260
f 3264 3261 3262
f 3262 3261 3263
