# from AsylumDistrict_Main_Generic_0008_LOD_0.pskx
v -1570.4288330078125 -1182.0025634765625 -240.0001983642578
v -1552.9239501953125 -1182.0025634765625 -240.0001983642578
v -1570.428955078125 -1182.0025634765625 69.99978637695312
v -1552.9239501953125 -1182.0025634765625 69.99978637695312
v -1552.9239501953125 -1182.0025634765625 -240.0001983642578
v -1552.9239501953125 -1162.794921875 -240.0001983642578
v -1552.9239501953125 -1182.0025634765625 69.99978637695312
v -1552.9239501953125 -1162.794921875 69.99978637695312
v -1552.9239501953125 -1146.9990234375 -240.0001983642578
v -1552.9239501953125 -1146.9990234375 69.99978637695312
v -1552.9239501953125 -1146.9990234375 -240.0001983642578
v -1570.4288330078125 -1146.9990234375 -240.0001983642578
v -1552.9239501953125 -1146.9990234375 69.99978637695312
v -1570.428955078125 -1146.9990234375 69.9997787475586
v -1570.4288330078125 -1146.9990234375 -240.0001983642578
v -1570.4288330078125 -1166.98193359375 -240.0001983642578
v -1570.428955078125 -1146.9990234375 69.9997787475586
v -1570.428955078125 -1166.9818115234375 69.99978637695312
v -1570.4288330078125 -1182.0025634765625 -240.0001983642578
v -1570.428955078125 -1182.0025634765625 69.99978637695312
v -1570.428955078125 -1182.0025634765625 69.99978637695312
v -1552.9239501953125 -1182.0025634765625 69.99978637695312
v -1552.9239501953125 -1162.794921875 69.99978637695312
v -1552.9239501953125 -1146.9990234375 69.99978637695312
v -1570.428955078125 -1166.9818115234375 69.99978637695312
v -1570.428955078125 -1146.9990234375 69.9997787475586
v -1885.426513671875 -1182.0040283203125 -240.00021362304688
v -1865.431396484375 -1182.0040283203125 -240.00021362304688
v -1885.426513671875 -1182.0040283203125 69.9997787475586
v -1865.431396484375 -1182.0040283203125 69.9997787475586
v -1865.431396484375 -1182.0040283203125 -240.00021362304688
v -1865.431396484375 -1163.9254150390625 -240.00021362304688
v -1865.431396484375 -1182.0040283203125 69.9997329711914
v -1865.431396484375 -1163.9254150390625 69.99972534179688
v -1865.431396484375 -1147.000244140625 -240.00021362304688
v -1865.431396484375 -1163.9254150390625 69.99977111816406
v -1865.431396484375 -1147.000244140625 69.99977111816406
v -1865.431396484375 -1147.000244140625 -240.00021362304688
v -1885.426513671875 -1147.000244140625 -240.00021362304688
v -1865.431396484375 -1147.000244140625 69.99977111816406
v -1885.426513671875 -1147.000244140625 69.99977111816406
v -1885.426513671875 -1147.000244140625 -240.00021362304688
v -1885.426513671875 -1168.6373291015625 -240.00021362304688
v -1885.426513671875 -1147.000244140625 69.99977111816406
v -1885.426513671875 -1168.6373291015625 69.99977111816406
v -1885.426513671875 -1182.0040283203125 -240.00021362304688
v -1885.426513671875 -1168.6373291015625 69.99972534179688
v -1885.426513671875 -1182.0040283203125 69.9997329711914
v -1885.426513671875 -1182.0040283203125 69.9997787475586
v -1865.431396484375 -1182.0040283203125 69.9997787475586
v -1865.431396484375 -1163.9254150390625 69.99977111816406
v -1865.431396484375 -1147.000244140625 69.99977111816406
v -1885.426513671875 -1168.6373291015625 69.99977111816406
v -1885.426513671875 -1147.000244140625 69.99977111816406
v -339.8896484375 -501.2188720703125 1509.9996337890625
v -1229.8736572265625 -502.62274169921875 1509.99951171875
v -339.8896484375 -501.2188720703125 1559.9996337890625
v -1229.8736572265625 -502.62274169921875 1559.99951171875
v -1229.873779296875 -502.62274169921875 1509.99951171875
v -337.0758056640625 -1175.7489013671875 1509.999755859375
v -1229.861572265625 -1175.7489013671875 1509.9996337890625
v -339.8896484375 -501.2188720703125 1509.9996337890625
v -1282.071044921875 -253.12939453125 939.9996948242188
v -1267.0687255859375 -253.135498046875 939.9996948242188
v -1282.071044921875 -253.12939453125 1499.999755859375
v -1267.0687255859375 -253.135498046875 1499.999755859375
v -1267.0687255859375 -253.135498046875 939.9996948242188
v -1267.0626220703125 -238.133056640625 939.9996948242188
v -1267.0687255859375 -253.135498046875 1499.999755859375
v -1267.0626220703125 -238.133056640625 1499.999755859375
v -1267.0626220703125 -238.133056640625 939.9996948242188
v -1282.058837890625 -238.126953125 939.9996948242188
v -1267.0626220703125 -238.133056640625 1499.999755859375
v -1282.058837890625 -238.126953125 1499.999755859375
v -1282.058837890625 -238.126953125 939.9996948242188
v -1282.071044921875 -253.12939453125 939.9996948242188
v -1282.058837890625 -238.126953125 1499.999755859375
v -1282.071044921875 -253.12939453125 1499.999755859375
v -1267.0687255859375 -253.135498046875 1499.999755859375
v -1267.0626220703125 -238.133056640625 1499.999755859375
v -1282.058837890625 -238.126953125 1499.999755859375
v -1282.071044921875 -253.12939453125 1499.999755859375
v -1282.0771484375 -243.1318359375 1294.999755859375
v -1452.08447265625 -243.04638671875 1294.999755859375
v -1282.0771484375 -243.1318359375 1494.999755859375
v -1452.08447265625 -243.04638671875 1494.999755859375
v -1452.08447265625 -243.04638671875 1294.999755859375
v -1452.08447265625 -248.05126953125 1294.999755859375
v -1452.08447265625 -243.04638671875 1494.999755859375
v -1452.08447265625 -248.05126953125 1494.999755859375
v -1452.08447265625 -248.05126953125 1294.999755859375
v -1282.0771484375 -248.130615234375 1294.999755859375
v -1452.08447265625 -248.05126953125 1494.999755859375
v -1282.0771484375 -248.130615234375 1494.999755859375
v -1282.0771484375 -248.130615234375 1294.999755859375
v -1282.0771484375 -243.1318359375 1294.999755859375
v -1282.0771484375 -248.130615234375 1494.999755859375
v -1282.0771484375 -243.1318359375 1494.999755859375
v -1452.08447265625 -248.05126953125 1494.999755859375
v -1282.0771484375 -243.1318359375 1494.999755859375
v -1452.08447265625 -243.04638671875 1494.999755859375
v -1282.0771484375 -248.130615234375 1494.999755859375
v -1265.347412109375 -234.52587890625 1289.999755859375
v -1827.8533935546875 -234.385498046875 1289.9996337890625
v -1265.347412109375 -234.52587890625 1294.999755859375
v -1827.8533935546875 -234.385498046875 1294.9996337890625
v -1827.853515625 -234.385498046875 1289.9996337890625
v -1827.853515625 -256.88916015625 1289.999755859375
v -1827.853515625 -234.385498046875 1294.9996337890625
v -1827.853515625 -256.88916015625 1294.999755859375
v -1827.853515625 -256.88916015625 1289.999755859375
v -1265.347412109375 -257.0234375 1289.999755859375
v -1827.853515625 -256.88916015625 1294.999755859375
v -1265.347412109375 -257.0234375 1294.999755859375
v -1265.347412109375 -257.0234375 1289.999755859375
v -1265.347412109375 -234.52587890625 1289.999755859375
v -1265.347412109375 -257.0234375 1294.999755859375
v -1265.347412109375 -234.52587890625 1294.999755859375
v -1827.853515625 -256.88916015625 1289.999755859375
v -1827.853515625 -234.385498046875 1289.9996337890625
v -1265.347412109375 -234.52587890625 1289.999755859375
v -1265.347412109375 -257.0234375 1289.999755859375
v -1827.853515625 -256.88916015625 1294.999755859375
v -1265.347412109375 -234.52587890625 1294.999755859375
v -1827.853515625 -234.385498046875 1294.9996337890625
v -1265.347412109375 -257.0234375 1294.999755859375
v -1282.0771484375 -243.1318359375 939.9996948242188
v -1452.08447265625 -243.04638671875 939.9996337890625
v -1282.0771484375 -243.13189697265625 1059.999755859375
v -1452.08447265625 -243.04644775390625 1059.999755859375
v -1452.08447265625 -243.04638671875 939.9996337890625
v -1452.08447265625 -248.05126953125 939.9996948242188
v -1452.08447265625 -243.04644775390625 1059.999755859375
v -1452.08447265625 -248.05133056640625 1059.999755859375
v -1452.08447265625 -248.05126953125 939.9996948242188
v -1282.0771484375 -248.130615234375 939.9996948242188
v -1452.08447265625 -248.05133056640625 1059.999755859375
v -1282.0771484375 -248.13067626953125 1059.999755859375
v -1282.0771484375 -248.130615234375 939.9996948242188
v -1282.0771484375 -243.1318359375 939.9996948242188
v -1282.0771484375 -248.13067626953125 1059.999755859375
v -1282.0771484375 -243.13189697265625 1059.999755859375
v -1452.08447265625 -253.05010986328125 1059.999755859375
v -1452.08447265625 -248.05133056640625 1059.999755859375
v -1282.0771484375 -248.13067626953125 1059.999755859375
v -1282.0771484375 -253.12945556640625 1059.999755859375
v -1282.0771484375 -238.13311767578125 1059.999755859375
v -1282.0771484375 -243.13189697265625 1059.999755859375
v -1452.08447265625 -243.04644775390625 1059.999755859375
v -1452.08447265625 -238.04766845703125 1059.999755859375
v -1282.0771484375 -238.13311767578125 1059.999755859375
v -1452.08447265625 -238.04766845703125 1059.999755859375
v -1282.0771484375 -238.13311767578125 1064.999755859375
v -1452.08447265625 -238.04766845703125 1064.999755859375
v -1452.08447265625 -238.04766845703125 1059.999755859375
v -1452.08447265625 -253.05010986328125 1059.999755859375
v -1452.08447265625 -238.04766845703125 1064.999755859375
v -1452.08447265625 -253.05010986328125 1064.999755859375
v -1452.08447265625 -253.05010986328125 1059.999755859375
v -1282.0771484375 -253.12945556640625 1059.999755859375
v -1452.08447265625 -253.05010986328125 1064.999755859375
v -1282.0771484375 -253.12945556640625 1064.999755859375
v -1282.0771484375 -253.12945556640625 1059.999755859375
v -1282.0771484375 -238.13311767578125 1059.999755859375
v -1282.0771484375 -253.12945556640625 1064.999755859375
v -1282.0771484375 -238.13311767578125 1064.999755859375
v -1282.0771484375 -238.13311767578125 1064.999755859375
v -1452.08447265625 -238.04766845703125 1064.999755859375
v -1282.0771484375 -242.41070556640625 1069.999755859375
v -1452.08447265625 -242.32537841796875 1069.999755859375
v -1452.08447265625 -242.32537841796875 1069.999755859375
v -1452.08447265625 -248.77239990234375 1069.999755859375
v -1452.08447265625 -253.05010986328125 1064.999755859375
v -1282.0771484375 -253.12945556640625 1064.999755859375
v -1452.08447265625 -248.77239990234375 1069.999755859375
v -1282.0771484375 -248.85174560546875 1069.999755859375
v -1282.0771484375 -248.85174560546875 1069.999755859375
v -1282.0771484375 -242.41070556640625 1069.999755859375
v -1452.08447265625 -248.77239990234375 1069.999755859375
v -1282.0771484375 -242.41070556640625 1069.999755859375
v -1452.08447265625 -242.32537841796875 1069.999755859375
v -1282.0771484375 -248.85174560546875 1069.999755859375
v -1467.0869140625 -243.040283203125 1294.999755859375
v -1637.088134765625 -242.954833984375 1294.999755859375
v -1467.0869140625 -243.040283203125 1494.999755859375
v -1637.088134765625 -242.954833984375 1494.999755859375
v -1637.088134765625 -242.954833984375 1294.999755859375
v -1637.088134765625 -247.959716796875 1294.999755859375
v -1637.088134765625 -242.954833984375 1494.999755859375
v -1637.088134765625 -247.959716796875 1494.999755859375
v -1637.088134765625 -247.959716796875 1294.999755859375
v -1467.0869140625 -248.0390625 1294.999755859375
v -1637.088134765625 -247.959716796875 1494.999755859375
v -1467.0869140625 -248.0390625 1494.999755859375
v -1467.0869140625 -248.0390625 1294.999755859375
v -1467.0869140625 -243.040283203125 1294.999755859375
v -1467.0869140625 -248.0390625 1494.999755859375
v -1467.0869140625 -243.040283203125 1494.999755859375
v -1637.088134765625 -247.959716796875 1494.999755859375
v -1467.0869140625 -243.040283203125 1494.999755859375
v -1637.088134765625 -242.954833984375 1494.999755859375
v -1467.0869140625 -248.0390625 1494.999755859375
v -1452.090576171875 -253.0499267578125 939.9996948242188
v -1452.08447265625 -238.0474853515625 939.9996337890625
v -1452.090576171875 -253.0499267578125 1499.999755859375
v -1452.08447265625 -238.0474853515625 1499.999755859375
v -1452.08447265625 -238.0474853515625 939.9996337890625
v -1467.0869140625 -238.0413818359375 939.9996337890625
v -1452.08447265625 -238.0474853515625 1499.999755859375
v -1467.0869140625 -238.0413818359375 1499.999755859375
v -1467.0869140625 -238.0413818359375 939.9996337890625
v -1467.093017578125 -253.0377197265625 939.9996948242188
v -1467.0869140625 -238.0413818359375 1499.999755859375
v -1467.093017578125 -253.0377197265625 1499.999755859375
v -1467.093017578125 -253.0377197265625 939.9996948242188
v -1452.090576171875 -253.0499267578125 939.9996948242188
v -1467.093017578125 -253.0377197265625 1499.999755859375
v -1452.090576171875 -253.0499267578125 1499.999755859375
v -1452.08447265625 -238.0474853515625 1499.999755859375
v -1467.0869140625 -238.0413818359375 1499.999755859375
v -1467.093017578125 -253.0377197265625 1499.999755859375
v -1452.090576171875 -253.0499267578125 1499.999755859375
v -1652.078369140625 -242.94873046875 1294.999755859375
v -1812.075927734375 -242.86328125 1294.9996337890625
v -1652.078369140625 -242.94873046875 1494.999755859375
v -1812.075927734375 -242.86328125 1494.9996337890625
v -1812.075927734375 -242.86328125 1294.9996337890625
v -1812.075927734375 -247.8681640625 1294.9996337890625
v -1812.075927734375 -242.86328125 1494.9996337890625
v -1812.075927734375 -247.8681640625 1494.9996337890625
v -1812.075927734375 -247.8681640625 1294.9996337890625
v -1652.078369140625 -247.947509765625 1294.999755859375
v -1812.075927734375 -247.8681640625 1494.9996337890625
v -1652.078369140625 -247.947509765625 1494.999755859375
v -1652.078369140625 -247.947509765625 1294.999755859375
v -1652.078369140625 -242.94873046875 1294.999755859375
v -1652.078369140625 -247.947509765625 1494.999755859375
v -1652.078369140625 -242.94873046875 1494.999755859375
v -1812.075927734375 -247.8681640625 1494.9996337890625
v -1652.078369140625 -242.94873046875 1494.999755859375
v -1812.075927734375 -242.86328125 1494.9996337890625
v -1652.078369140625 -247.947509765625 1494.999755859375
v -1637.08203125 -252.9583740234375 939.9996337890625
v -1637.075927734375 -237.9559326171875 939.9996337890625
v -1637.0821533203125 -252.9583740234375 1499.999755859375
v -1637.0760498046875 -237.9559326171875 1499.999755859375
v -1637.075927734375 -237.9559326171875 939.9996337890625
v -1652.078369140625 -237.9498291015625 939.9996337890625
v -1637.0760498046875 -237.9559326171875 1499.999755859375
v -1652.078369140625 -237.9498291015625 1499.999755859375
v -1652.078369140625 -237.9498291015625 939.9996337890625
v -1652.08447265625 -252.9461669921875 939.9996337890625
v -1652.078369140625 -237.9498291015625 1499.999755859375
v -1652.08447265625 -252.9461669921875 1499.999755859375
v -1652.08447265625 -252.9461669921875 939.9996337890625
v -1637.08203125 -252.9583740234375 939.9996337890625
v -1652.08447265625 -252.9461669921875 1499.999755859375
v -1637.0821533203125 -252.9583740234375 1499.999755859375
v -1637.0760498046875 -237.9559326171875 1499.999755859375
v -1652.078369140625 -237.9498291015625 1499.999755859375
v -1652.08447265625 -252.9461669921875 1499.999755859375
v -1637.0821533203125 -252.9583740234375 1499.999755859375
v -1652.078369140625 -242.94873046875 939.9996337890625
v -1812.075927734375 -242.86328125 939.9996337890625
v -1652.078369140625 -242.94879150390625 1059.999755859375
v -1812.075927734375 -242.86334228515625 1059.9996337890625
v -1812.075927734375 -242.86328125 939.9996337890625
v -1812.075927734375 -247.8681640625 939.9996337890625
v -1812.075927734375 -242.86334228515625 1059.9996337890625
v -1812.075927734375 -247.86822509765625 1059.9996337890625
v -1812.075927734375 -247.8681640625 939.9996337890625
v -1652.078369140625 -247.947509765625 939.9996337890625
v -1812.075927734375 -247.86822509765625 1059.9996337890625
v -1652.078369140625 -247.94757080078125 1059.999755859375
v -1652.078369140625 -247.947509765625 939.9996337890625
v -1652.078369140625 -242.94873046875 939.9996337890625
v -1652.078369140625 -247.94757080078125 1059.999755859375
v -1652.078369140625 -242.94879150390625 1059.999755859375
v -1812.075927734375 -252.86700439453125 1059.999755859375
v -1812.075927734375 -247.86822509765625 1059.9996337890625
v -1652.078369140625 -247.94757080078125 1059.999755859375
v -1652.078369140625 -252.94635009765625 1059.999755859375
v -1652.078369140625 -237.95001220703125 1059.999755859375
v -1652.078369140625 -242.94879150390625 1059.999755859375
v -1812.075927734375 -242.86334228515625 1059.9996337890625
v -1812.075927734375 -237.86456298828125 1059.9996337890625
v -1652.078369140625 -237.95001220703125 1059.999755859375
v -1812.075927734375 -237.86456298828125 1059.9996337890625
v -1652.078369140625 -237.95001220703125 1064.999755859375
v -1812.075927734375 -237.86456298828125 1064.9996337890625
v -1812.075927734375 -237.86456298828125 1059.9996337890625
v -1812.075927734375 -252.86700439453125 1059.999755859375
v -1812.075927734375 -237.86456298828125 1064.9996337890625
v -1812.075927734375 -252.86700439453125 1064.999755859375
v -1812.075927734375 -252.86700439453125 1059.999755859375
v -1652.078369140625 -252.94635009765625 1059.999755859375
v -1812.075927734375 -252.86700439453125 1064.999755859375
v -1652.078369140625 -252.94635009765625 1064.999755859375
v -1652.078369140625 -252.94635009765625 1059.999755859375
v -1652.078369140625 -237.95001220703125 1059.999755859375
v -1652.078369140625 -252.94635009765625 1064.999755859375
v -1652.078369140625 -237.95001220703125 1064.999755859375
v -1652.078369140625 -237.95001220703125 1064.999755859375
v -1812.075927734375 -237.86456298828125 1064.9996337890625
v -1652.078369140625 -242.22760009765625 1069.999755859375
v -1812.075927734375 -242.14227294921875 1069.9996337890625
v -1812.075927734375 -242.14227294921875 1069.9996337890625
v -1812.075927734375 -248.58929443359375 1069.999755859375
v -1812.075927734375 -252.86700439453125 1064.999755859375
v -1652.078369140625 -252.94635009765625 1064.999755859375
v -1812.075927734375 -248.58929443359375 1069.999755859375
v -1652.078369140625 -248.66864013671875 1069.999755859375
v -1652.078369140625 -248.66864013671875 1069.999755859375
v -1652.078369140625 -242.22760009765625 1069.999755859375
v -1812.075927734375 -248.58929443359375 1069.999755859375
v -1652.078369140625 -242.22760009765625 1069.999755859375
v -1812.075927734375 -242.14227294921875 1069.9996337890625
v -1652.078369140625 -248.66864013671875 1069.999755859375
v -1812.0819091796875 -252.866943359375 939.9996337890625
v -1812.075927734375 -237.864501953125 939.9996337890625
v -1812.08203125 -252.866943359375 1499.999755859375
v -1812.075927734375 -237.864501953125 1499.9996337890625
v -1812.075927734375 -237.864501953125 939.9996337890625
v -1827.078369140625 -237.8583984375 939.9996337890625
v -1812.075927734375 -237.864501953125 1499.9996337890625
v -1827.078369140625 -237.8583984375 1499.9996337890625
v -1827.078369140625 -237.8583984375 939.9996337890625
v -1827.08447265625 -252.854736328125 939.9996337890625
v -1827.078369140625 -237.8583984375 1499.9996337890625
v -1827.08447265625 -252.854736328125 1499.9996337890625
v -1827.08447265625 -252.854736328125 939.9996337890625
v -1812.0819091796875 -252.866943359375 939.9996337890625
v -1827.08447265625 -252.854736328125 1499.9996337890625
v -1812.08203125 -252.866943359375 1499.999755859375
v -1812.075927734375 -237.864501953125 1499.9996337890625
v -1827.078369140625 -237.8583984375 1499.9996337890625
v -1827.08447265625 -252.854736328125 1499.9996337890625
v -1812.08203125 -252.866943359375 1499.999755859375
v -1650.35107421875 -244.47467041015625 1069.999755859375
v -1822.854736328125 -244.45025634765625 1069.9996337890625
v -1650.35107421875 -244.474609375 1289.9996337890625
v -1822.854736328125 -244.4501953125 1289.99951171875
v -1822.854736328125 -246.94659423828125 1069.9996337890625
v -1650.357177734375 -246.97711181640625 1069.999755859375
v -1822.854736328125 -246.946533203125 1289.99951171875
v -1650.357177734375 -246.97705078125 1289.9996337890625
v -1822.854736328125 -246.946533203125 1289.99951171875
v -1650.35107421875 -244.474609375 1289.9996337890625
v -1822.854736328125 -244.4501953125 1289.99951171875
v -1650.357177734375 -246.97705078125 1289.9996337890625
v -1280.3497314453125 -244.52349853515625 1069.999755859375
v -1452.853515625 -244.49908447265625 1069.999755859375
v -1280.3497314453125 -244.5234375 1289.9996337890625
v -1452.853515625 -244.4990234375 1289.9996337890625
v -1452.853515625 -246.99542236328125 1069.999755859375
v -1280.3558349609375 -247.02593994140625 1069.999755859375
v -1452.853515625 -246.995361328125 1289.9996337890625
v -1280.3558349609375 -247.02587890625 1289.9996337890625
v -1452.853515625 -246.995361328125 1289.9996337890625
v -1280.3497314453125 -244.5234375 1289.9996337890625
v -1452.853515625 -244.4990234375 1289.9996337890625
v -1280.3558349609375 -247.02587890625 1289.9996337890625
v -1265.347412109375 -234.52587890625 1494.999755859375
v -1827.853515625 -234.385498046875 1494.9996337890625
v -1265.347412109375 -234.52587890625 1499.999755859375
v -1827.853515625 -234.385498046875 1499.9996337890625
v -1827.853515625 -234.385498046875 1494.9996337890625
v -1827.853515625 -256.88916015625 1494.999755859375
v -1827.853515625 -234.385498046875 1499.9996337890625
v -1827.853515625 -256.88916015625 1499.999755859375
v -1827.853515625 -256.88916015625 1494.999755859375
v -1265.347412109375 -257.0234375 1494.999755859375
v -1827.853515625 -256.88916015625 1499.999755859375
v -1265.347412109375 -257.0234375 1499.999755859375
v -1265.347412109375 -257.0234375 1494.999755859375
v -1265.347412109375 -234.52587890625 1494.999755859375
v -1265.347412109375 -257.0234375 1499.999755859375
v -1265.347412109375 -234.52587890625 1499.999755859375
v -1827.853515625 -256.88916015625 1494.999755859375
v -1827.853515625 -234.385498046875 1494.9996337890625
v -1265.347412109375 -234.52587890625 1494.999755859375
v -1265.347412109375 -257.0234375 1494.999755859375
v 185.427734375 -120.7379150390625 1559.9998779296875
v -1074.56982421875 -120.738037109375 1559.9998779296875
v 185.427734375 -120.7379150390625 1567.4998779296875
v -1074.56982421875 -120.738037109375 1567.4998779296875
v -1074.56982421875 -120.738037109375 1559.9998779296875
v -1074.58203125 -164.6099853515625 1559.9998779296875
v -1074.56982421875 -120.738037109375 1567.4998779296875
v -1074.58203125 -164.6099853515625 1567.4998779296875
v -1074.58203125 -164.6099853515625 1559.9998779296875
v 185.41552734375 -164.60992431640625 1559.9998779296875
v -1074.58203125 -164.6099853515625 1567.4998779296875
v 185.41552734375 -164.60992431640625 1567.4998779296875
v 185.41552734375 -164.60992431640625 1559.9998779296875
v 185.427734375 -120.7379150390625 1559.9998779296875
v 185.41552734375 -164.60992431640625 1567.4998779296875
v 185.427734375 -120.7379150390625 1567.4998779296875
v -1074.56982421875 -120.738037109375 1559.9998779296875
v 185.427734375 -120.7379150390625 1559.9998779296875
v 185.41552734375 -164.60992431640625 1559.9998779296875
v -1074.58203125 -164.6099853515625 1559.9998779296875
v -1074.56982421875 -120.738037109375 1567.4998779296875
v 185.41552734375 -164.60992431640625 1567.4998779296875
v 185.427734375 -120.7379150390625 1567.4998779296875
v -1074.58203125 -164.6099853515625 1567.4998779296875
v -1039.572265625 -155.7354736328125 1559.9998779296875
v -1039.572265625 -125.7366943359375 1559.9998779296875
v -1039.572265625 -155.73541259765625 1679.9998779296875
v -1039.572265625 -125.7366943359375 1679.9998779296875
v -1039.572265625 -125.7366943359375 1559.9998779296875
v -1069.571044921875 -125.7366943359375 1559.9998779296875
v -1039.572265625 -125.7366943359375 1679.9998779296875
v -1069.571044921875 -125.7366943359375 1679.9998779296875
v -1069.571044921875 -125.7366943359375 1559.9998779296875
v -1069.571044921875 -155.7354736328125 1559.9998779296875
v -1069.571044921875 -125.7366943359375 1679.9998779296875
v -1069.571044921875 -155.73541259765625 1679.9998779296875
v -1069.571044921875 -155.7354736328125 1559.9998779296875
v -1039.572265625 -155.7354736328125 1559.9998779296875
v -1069.571044921875 -155.73541259765625 1679.9998779296875
v -1039.572265625 -155.73541259765625 1679.9998779296875
v -1037.0699462890625 -158.23785400390625 1679.9998779296875
v -1039.572265625 -155.73541259765625 1679.9998779296875
v -1037.0699462890625 -123.2403564453125 1679.9998779296875
v -1069.571044921875 -155.73541259765625 1679.9998779296875
v -1072.0673828125 -158.23785400390625 1679.9998779296875
v -1069.571044921875 -125.7366943359375 1679.9998779296875
v -1072.0673828125 -123.2403564453125 1679.9998779296875
v -1039.572265625 -125.7366943359375 1679.9998779296875
v -1037.0699462890625 -158.23785400390625 1679.9998779296875
v -1037.0699462890625 -123.2403564453125 1679.9998779296875
v -1037.0699462890625 -158.23785400390625 1684.9998779296875
v -1037.0699462890625 -123.2403564453125 1684.9998779296875
v -1037.0699462890625 -123.2403564453125 1679.9998779296875
v -1072.0673828125 -123.2403564453125 1679.9998779296875
v -1037.0699462890625 -123.2403564453125 1684.9998779296875
v -1072.0673828125 -123.2403564453125 1684.9998779296875
v -1072.0673828125 -123.2403564453125 1679.9998779296875
v -1072.0673828125 -158.23785400390625 1679.9998779296875
v -1072.0673828125 -123.2403564453125 1684.9998779296875
v -1072.0673828125 -158.23785400390625 1684.9998779296875
v -1072.0673828125 -158.23785400390625 1679.9998779296875
v -1037.0699462890625 -158.23785400390625 1679.9998779296875
v -1072.0673828125 -158.23785400390625 1684.9998779296875
v -1037.0699462890625 -158.23785400390625 1684.9998779296875
v -1037.0699462890625 -158.23785400390625 1684.9998779296875
v -1037.0699462890625 -123.2403564453125 1684.9998779296875
v -1054.05810546875 -141.249755859375 1689.999755859375
v -1054.05810546875 -140.228515625 1689.999755859375
v -1037.0699462890625 -123.2403564453125 1684.9998779296875
v -1072.0673828125 -123.2403564453125 1684.9998779296875
v -1054.05810546875 -140.228515625 1689.999755859375
v -1055.079345703125 -140.228515625 1689.999755859375
v -1072.0673828125 -123.2403564453125 1684.9998779296875
v -1072.0673828125 -158.23785400390625 1684.9998779296875
v -1055.079345703125 -140.228515625 1689.999755859375
v -1055.079345703125 -141.249755859375 1689.999755859375
v -1072.0673828125 -158.23785400390625 1684.9998779296875
v -1037.0699462890625 -158.23785400390625 1684.9998779296875
v -1055.079345703125 -141.249755859375 1689.999755859375
v -1054.05810546875 -141.249755859375 1689.999755859375
v -1055.079345703125 -141.249755859375 1689.999755859375
v -1054.05810546875 -141.249755859375 1689.999755859375
v -1054.05810546875 -140.228515625 1689.999755859375
v -1055.079345703125 -140.228515625 1689.999755859375
v 280.135986328125 -122.5506591796875 1089.999755859375
v -1282.364013671875 -122.886474609375 1089.999755859375
v 280.135986328125 -122.5506591796875 1549.999755859375
v -1282.364013671875 -122.886474609375 1549.999755859375
v -1282.364013671875 -122.886474609375 1089.999755859375
v -1282.364013671875 -155.68072509765625 1089.999755859375
v -1282.364013671875 -122.886474609375 1549.999755859375
v -1282.364013671875 -155.6806640625 1549.999755859375
v -1282.364013671875 -155.68072509765625 1089.999755859375
v 280.300537109375 -155.503662109375 1089.999755859375
v -1282.364013671875 -155.6806640625 1549.999755859375
v 280.300537109375 -155.50360107421875 1549.999755859375
v 280.30078125 -155.503662109375 1089.999755859375
v 280.135986328125 -122.5506591796875 1089.999755859375
v 280.30078125 -155.50360107421875 1549.999755859375
v 280.135986328125 -122.5506591796875 1549.999755859375
v 285.144287109375 -117.516357421875 939.9999389648438
v -1287.397216796875 -117.8543701171875 952.5664672851562
v 285.144287109375 -117.516357421875 952.5665893554688
v -1287.397216796875 -117.8543701171875 939.9998168945312
v 285.144287109375 -117.516357421875 952.5665893554688
v -1285.06396484375 -120.1871337890625 954.8998413085938
v 282.822509765625 -119.8502197265625 954.8999633789062
v -1287.397216796875 -117.8543701171875 952.5664672851562
v 282.822509765625 -119.8502197265625 954.8999633789062
v -1282.364013671875 -122.8865966796875 954.8998413085938
v 280.135986328125 -122.55078125 954.8999633789062
v -1285.06396484375 -120.1871337890625 954.8998413085938
v -1287.397216796875 -117.8543701171875 939.9998168945312
v -1287.397216796875 -160.71453857421875 952.56640625
v -1287.397216796875 -117.8543701171875 952.5664672851562
v -1287.397216796875 -160.71453857421875 939.999755859375
v -1287.397216796875 -117.8543701171875 952.5664672851562
v -1285.06396484375 -158.3809814453125 954.8997802734375
v -1285.06396484375 -120.1871337890625 954.8998413085938
v -1287.397216796875 -160.71453857421875 952.56640625
v -1282.364013671875 -155.6806640625 954.8997802734375
v -1285.06396484375 -158.3809814453125 954.8997802734375
v -1287.397216796875 -160.71453857421875 939.999755859375
v 285.3594970703125 -160.53631591796875 952.5665283203125
v -1287.397216796875 -160.71453857421875 952.56640625
v 285.3594970703125 -160.53631591796875 939.9998779296875
v -1287.397216796875 -160.71453857421875 952.56640625
v 283.014404296875 -158.2032470703125 954.89990234375
v -1285.06396484375 -158.3809814453125 954.8997802734375
v 285.3594970703125 -160.53631591796875 952.5665283203125
v 280.30078125 -155.50360107421875 954.89990234375
v 283.014404296875 -158.2032470703125 954.89990234375
v 285.3594970703125 -160.53631591796875 939.9998779296875
v 285.144287109375 -117.516357421875 952.5665893554688
v 285.3594970703125 -160.53631591796875 952.5665283203125
v 285.144287109375 -117.516357421875 939.9999389648438
v 285.3594970703125 -160.53631591796875 952.5665283203125
v 282.822509765625 -119.8502197265625 954.8999633789062
v 283.014404296875 -158.2032470703125 954.89990234375
v 285.144287109375 -117.516357421875 952.5665893554688
v 270.1212158203125 -132.61767578125 1105.029541015625
v -1272.3170166015625 -132.93115234375 1090.027099609375
v 270.13916015625 -132.5997314453125 1090.027099609375
v -1272.299072265625 -132.94921875 1105.029541015625
v 270.13916015625 -132.5997314453125 1090.027099609375
v -1284.6461181640625 -120.6048583984375 1090.027099609375
v 282.4068603515625 -120.2679443359375 1090.027099609375
v -1272.3170166015625 -132.93115234375 1090.027099609375
v 282.4068603515625 -120.2679443359375 1090.027099609375
v -1287.397216796875 -117.854248046875 1092.76904296875
v 285.144287109375 -117.5162353515625 1092.76904296875
v -1284.6461181640625 -120.6048583984375 1090.027099609375
v 285.144287109375 -117.5162353515625 1092.76904296875
v -1287.397216796875 -117.854248046875 1102.5665283203125
v 285.144287109375 -117.5162353515625 1102.5665283203125
v -1287.397216796875 -117.854248046875 1092.76904296875
v 285.144287109375 -117.5162353515625 1102.5665283203125
v -1284.9991455078125 -120.2518310546875 1105.029541015625
v 282.758056640625 -119.9149169921875 1105.029541015625
v -1287.397216796875 -117.854248046875 1102.5665283203125
v 282.758056640625 -119.9149169921875 1105.029541015625
v -1272.299072265625 -132.94921875 1105.029541015625
v 270.1212158203125 -132.61767578125 1105.029541015625
v -1284.9991455078125 -120.2518310546875 1105.029541015625
v -1272.299072265625 -132.94921875 1105.029541015625
v -1272.3170166015625 -145.6326904296875 1090.027099609375
v -1272.3170166015625 -132.93115234375 1090.027099609375
v -1272.299072265625 -145.6146240234375 1105.029541015625
v -1284.6461181640625 -157.963134765625 1090.027099609375
v -1272.3170166015625 -145.6326904296875 1090.027099609375
v -1284.6461181640625 -120.6048583984375 1090.027099609375
v -1287.397216796875 -160.714599609375 1092.76904296875
v -1287.397216796875 -117.854248046875 1092.76904296875
v -1284.6461181640625 -157.963134765625 1090.027099609375
v -1287.397216796875 -117.854248046875 1092.76904296875
v -1287.397216796875 -160.714599609375 1102.5665283203125
v -1287.397216796875 -117.854248046875 1102.5665283203125
v -1287.397216796875 -160.714599609375 1092.76904296875
v -1287.397216796875 -117.854248046875 1102.5665283203125
v -1284.9991455078125 -158.31610107421875 1105.029541015625
v -1284.9991455078125 -120.2518310546875 1105.029541015625
v -1287.397216796875 -160.714599609375 1102.5665283203125
v -1272.299072265625 -145.6146240234375 1105.029541015625
v -1284.9991455078125 -158.31610107421875 1105.029541015625
v -1272.299072265625 -145.6146240234375 1105.029541015625
v 270.20361328125 -145.457763671875 1090.027099609375
v -1272.3170166015625 -145.6326904296875 1090.027099609375
v 270.185546875 -145.4398193359375 1105.029541015625
v 282.5943603515625 -157.7855224609375 1090.027099609375
v 270.20361328125 -145.457763671875 1090.027099609375
v -1284.6461181640625 -157.963134765625 1090.027099609375
v 285.3594970703125 -160.536376953125 1092.76904296875
v -1287.397216796875 -160.714599609375 1092.76904296875
v 282.5943603515625 -157.7855224609375 1090.027099609375
v -1287.397216796875 -160.714599609375 1092.76904296875
v 285.3594970703125 -160.536376953125 1102.5665283203125
v -1287.397216796875 -160.714599609375 1102.5665283203125
v 285.3594970703125 -160.536376953125 1092.76904296875
v -1287.397216796875 -160.714599609375 1102.5665283203125
v 282.9490966796875 -158.13848876953125 1105.029541015625
v -1284.9991455078125 -158.31610107421875 1105.029541015625
v 285.3594970703125 -160.536376953125 1102.5665283203125
v 270.185546875 -145.4398193359375 1105.029541015625
v 282.9490966796875 -158.13848876953125 1105.029541015625
v 270.185546875 -145.4398193359375 1105.029541015625
v 270.13916015625 -132.5997314453125 1090.027099609375
v 270.20361328125 -145.457763671875 1090.027099609375
v 270.1212158203125 -132.61767578125 1105.029541015625
v 282.5943603515625 -157.7855224609375 1090.027099609375
v 285.144287109375 -117.5162353515625 1092.76904296875
v 285.3594970703125 -160.536376953125 1092.76904296875
v 282.4068603515625 -120.2679443359375 1090.027099609375
v 285.3594970703125 -160.536376953125 1092.76904296875
v 285.144287109375 -117.5162353515625 1102.5665283203125
v 285.3594970703125 -160.536376953125 1102.5665283203125
v 285.144287109375 -117.5162353515625 1092.76904296875
v 285.3594970703125 -160.536376953125 1102.5665283203125
v 282.758056640625 -119.9149169921875 1105.029541015625
v 282.9490966796875 -158.13848876953125 1105.029541015625
v 285.144287109375 -117.5162353515625 1102.5665283203125
v 270.1212158203125 -132.61767578125 1550.0294189453125
v -1272.3170166015625 -132.93115234375 1535.0269775390625
v 270.13916015625 -132.5997314453125 1535.0269775390625
v -1272.299072265625 -132.94921875 1550.0294189453125
v 270.13916015625 -132.5997314453125 1535.0269775390625
v -1284.6461181640625 -120.6048583984375 1535.0269775390625
v 282.4068603515625 -120.2679443359375 1535.0269775390625
v -1272.3170166015625 -132.93115234375 1535.0269775390625
v 282.4068603515625 -120.2679443359375 1535.0269775390625
v -1287.397216796875 -117.854248046875 1537.7689208984375
v 285.144287109375 -117.5162353515625 1537.7689208984375
v -1284.6461181640625 -120.6048583984375 1535.0269775390625
v 285.144287109375 -117.5162353515625 1537.7689208984375
v -1287.397216796875 -117.854248046875 1547.56640625
v 285.144287109375 -117.5162353515625 1547.56640625
v -1287.397216796875 -117.854248046875 1537.7689208984375
v 285.144287109375 -117.5162353515625 1547.56640625
v -1284.9991455078125 -120.2518310546875 1550.0294189453125
v 282.758056640625 -119.9149169921875 1550.0294189453125
v -1287.397216796875 -117.854248046875 1547.56640625
v 282.758056640625 -119.9149169921875 1550.0294189453125
v -1272.299072265625 -132.94921875 1550.0294189453125
v 270.1212158203125 -132.61767578125 1550.0294189453125
v -1284.9991455078125 -120.2518310546875 1550.0294189453125
v -1272.299072265625 -132.94921875 1550.0294189453125
v -1272.3170166015625 -145.6326904296875 1535.0269775390625
v -1272.3170166015625 -132.93115234375 1535.0269775390625
v -1272.299072265625 -145.6146240234375 1550.0294189453125
v -1284.6461181640625 -157.96307373046875 1535.0269775390625
v -1272.3170166015625 -145.6326904296875 1535.0269775390625
v -1284.6461181640625 -120.6048583984375 1535.0269775390625
v -1287.397216796875 -160.71453857421875 1537.7689208984375
v -1287.397216796875 -117.854248046875 1537.7689208984375
v -1284.6461181640625 -157.96307373046875 1535.0269775390625
v -1287.397216796875 -117.854248046875 1537.7689208984375
v -1287.397216796875 -160.71453857421875 1547.56640625
v -1287.397216796875 -117.854248046875 1547.56640625
v -1287.397216796875 -160.71453857421875 1537.7689208984375
v -1287.397216796875 -117.854248046875 1547.56640625
v -1284.9991455078125 -158.3160400390625 1550.0294189453125
v -1284.9991455078125 -120.2518310546875 1550.0294189453125
v -1287.397216796875 -160.71453857421875 1547.56640625
v -1272.299072265625 -145.6146240234375 1550.0294189453125
v -1284.9991455078125 -158.3160400390625 1550.0294189453125
v -1272.299072265625 -145.6146240234375 1550.0294189453125
v 270.20361328125 -145.457763671875 1535.0269775390625
v -1272.3170166015625 -145.6326904296875 1535.0269775390625
v 270.185546875 -145.4398193359375 1550.0294189453125
v 282.5943603515625 -157.78546142578125 1535.0269775390625
v 270.20361328125 -145.457763671875 1535.0269775390625
v -1284.6461181640625 -157.96307373046875 1535.0269775390625
v 285.3594970703125 -160.53631591796875 1537.7689208984375
v -1287.397216796875 -160.71453857421875 1537.7689208984375
v 282.5943603515625 -157.78546142578125 1535.0269775390625
v -1287.397216796875 -160.71453857421875 1537.7689208984375
v 285.3594970703125 -160.53631591796875 1547.56640625
v -1287.397216796875 -160.71453857421875 1547.56640625
v 285.3594970703125 -160.53631591796875 1537.7689208984375
v -1287.397216796875 -160.71453857421875 1547.56640625
v 282.9490966796875 -158.138427734375 1550.0294189453125
v -1284.9991455078125 -158.3160400390625 1550.0294189453125
v 285.3594970703125 -160.53631591796875 1547.56640625
v 270.185546875 -145.4398193359375 1550.0294189453125
v 282.9490966796875 -158.138427734375 1550.0294189453125
v 270.185546875 -145.4398193359375 1550.0294189453125
v 270.13916015625 -132.5997314453125 1535.0269775390625
v 270.20361328125 -145.457763671875 1535.0269775390625
v 270.1212158203125 -132.61767578125 1550.0294189453125
v 282.5943603515625 -157.78546142578125 1535.0269775390625
v 285.144287109375 -117.5162353515625 1537.7689208984375
v 285.3594970703125 -160.53631591796875 1537.7689208984375
v 282.4068603515625 -120.2679443359375 1535.0269775390625
v 285.3594970703125 -160.53631591796875 1537.7689208984375
v 285.144287109375 -117.5162353515625 1547.56640625
v 285.3594970703125 -160.53631591796875 1547.56640625
v 285.144287109375 -117.5162353515625 1537.7689208984375
v 285.3594970703125 -160.53631591796875 1547.56640625
v 282.758056640625 -119.9149169921875 1550.0294189453125
v 282.9490966796875 -158.138427734375 1550.0294189453125
v 285.144287109375 -117.5162353515625 1547.56640625
v 270.1212158203125 -132.61767578125 1501.029541015625
v -1272.3170166015625 -132.93115234375 1486.0269775390625
v 270.13916015625 -132.5997314453125 1486.0269775390625
v -1272.299072265625 -132.94921875 1501.029541015625
v 270.13916015625 -132.5997314453125 1486.0269775390625
v -1284.6461181640625 -120.6048583984375 1486.0269775390625
v 282.4068603515625 -120.2679443359375 1486.0269775390625
v -1272.3170166015625 -132.93115234375 1486.0269775390625
v 282.4068603515625 -120.2679443359375 1486.0269775390625
v -1287.397216796875 -117.854248046875 1488.7689208984375
v 285.144287109375 -117.5162353515625 1488.7689208984375
v -1284.6461181640625 -120.6048583984375 1486.0269775390625
v 285.144287109375 -117.5162353515625 1488.7689208984375
v -1287.397216796875 -117.854248046875 1498.56640625
v 285.144287109375 -117.5162353515625 1498.56640625
v -1287.397216796875 -117.854248046875 1488.7689208984375
v 285.144287109375 -117.5162353515625 1498.56640625
v -1284.9991455078125 -120.2518310546875 1501.029541015625
v 282.758056640625 -119.9149169921875 1501.029541015625
v -1287.397216796875 -117.854248046875 1498.56640625
v 282.758056640625 -119.9149169921875 1501.029541015625
v -1272.299072265625 -132.94921875 1501.029541015625
v 270.1212158203125 -132.61767578125 1501.029541015625
v -1284.9991455078125 -120.2518310546875 1501.029541015625
v -1272.299072265625 -132.94921875 1501.029541015625
v -1272.3170166015625 -145.6326904296875 1486.0269775390625
v -1272.3170166015625 -132.93115234375 1486.0269775390625
v -1272.299072265625 -145.6146240234375 1501.029541015625
v -1284.6461181640625 -157.96307373046875 1486.0269775390625
v -1272.3170166015625 -145.6326904296875 1486.0269775390625
v -1284.6461181640625 -120.6048583984375 1486.0269775390625
v -1287.397216796875 -160.71453857421875 1488.7689208984375
v -1287.397216796875 -117.854248046875 1488.7689208984375
v -1284.6461181640625 -157.96307373046875 1486.0269775390625
v -1287.397216796875 -117.854248046875 1488.7689208984375
v -1287.397216796875 -160.71453857421875 1498.56640625
v -1287.397216796875 -117.854248046875 1498.56640625
v -1287.397216796875 -160.71453857421875 1488.7689208984375
v -1287.397216796875 -117.854248046875 1498.56640625
v -1284.9991455078125 -158.3160400390625 1501.029541015625
v -1284.9991455078125 -120.2518310546875 1501.029541015625
v -1287.397216796875 -160.71453857421875 1498.56640625
v -1272.299072265625 -145.6146240234375 1501.029541015625
v -1284.9991455078125 -158.3160400390625 1501.029541015625
v -1272.299072265625 -145.6146240234375 1501.029541015625
v 270.20361328125 -145.457763671875 1486.0269775390625
v -1272.3170166015625 -145.6326904296875 1486.0269775390625
v 270.185546875 -145.4398193359375 1501.029541015625
v 282.5943603515625 -157.78546142578125 1486.0269775390625
v 270.20361328125 -145.457763671875 1486.0269775390625
v -1284.6461181640625 -157.96307373046875 1486.0269775390625
v 285.3594970703125 -160.53631591796875 1488.7689208984375
v -1287.397216796875 -160.71453857421875 1488.7689208984375
v 282.5943603515625 -157.78546142578125 1486.0269775390625
v -1287.397216796875 -160.71453857421875 1488.7689208984375
v 285.3594970703125 -160.53631591796875 1498.56640625
v -1287.397216796875 -160.71453857421875 1498.56640625
v 285.3594970703125 -160.53631591796875 1488.7689208984375
v -1287.397216796875 -160.71453857421875 1498.56640625
v 282.9490966796875 -158.138427734375 1501.029541015625
v -1284.9991455078125 -158.3160400390625 1501.029541015625
v 285.3594970703125 -160.53631591796875 1498.56640625
v 270.185546875 -145.4398193359375 1501.029541015625
v 282.9490966796875 -158.138427734375 1501.029541015625
v 270.185546875 -145.4398193359375 1501.029541015625
v 270.13916015625 -132.5997314453125 1486.0269775390625
v 270.20361328125 -145.457763671875 1486.0269775390625
v 270.1212158203125 -132.61767578125 1501.029541015625
v 282.5943603515625 -157.78546142578125 1486.0269775390625
v 285.144287109375 -117.5162353515625 1488.7689208984375
v 285.3594970703125 -160.53631591796875 1488.7689208984375
v 282.4068603515625 -120.2679443359375 1486.0269775390625
v 285.3594970703125 -160.53631591796875 1488.7689208984375
v 285.144287109375 -117.5162353515625 1498.56640625
v 285.3594970703125 -160.53631591796875 1498.56640625
v 285.144287109375 -117.5162353515625 1488.7689208984375
v 285.3594970703125 -160.53631591796875 1498.56640625
v 282.758056640625 -119.9149169921875 1501.029541015625
v 282.9490966796875 -158.138427734375 1501.029541015625
v 285.144287109375 -117.5162353515625 1498.56640625
v 280.135986328125 -122.55078125 939.9998168945312
v -1282.364013671875 -122.8865966796875 939.9996948242188
v -1282.364013671875 -122.8865966796875 939.9996948242188
v -1282.364013671875 -155.6806640625 939.9996337890625
v -1282.364013671875 -155.6806640625 939.9996337890625
v 280.300537109375 -155.50360107421875 939.999755859375
v 280.30078125 -155.50360107421875 939.999755859375
v 280.135986328125 -122.55078125 939.9998168945312
v -1267.8155517578125 -133.002197265625 1089.999755859375
v -1267.4774169921875 -960.5816040039062 1089.999755859375
v -1267.8155517578125 -133.002197265625 1549.999755859375
v -1267.4774169921875 -960.58154296875 1549.999755859375
v -1267.4774169921875 -960.5817260742188 1089.999755859375
v -1241.916015625 -960.5817260742188 1089.999755859375
v -1267.4774169921875 -960.5816650390625 1549.999755859375
v -1241.916015625 -960.5816650390625 1549.999755859375
v -1242.0953369140625 -132.83740234375 1089.999755859375
v -1267.8155517578125 -133.002197265625 1089.999755859375
v -1242.0953369140625 -132.83740234375 1549.999755859375
v -1267.8155517578125 -133.002197265625 1549.999755859375
v -1272.848876953125 -133.00439453125 939.999755859375
v -1272.5107421875 -960.583740234375 952.5665283203125
v -1272.848876953125 -133.00439453125 952.56640625
v -1272.5107421875 -960.583740234375 939.9998779296875
v -1272.848876953125 -133.00439453125 952.56640625
v -1270.177490234375 -960.5828247070312 954.89990234375
v -1270.515625 -133.00341796875 954.8997802734375
v -1272.5107421875 -960.583740234375 952.5665283203125
v -1270.515625 -133.00341796875 954.8997802734375
v -1267.4774169921875 -960.5817260742188 954.89990234375
v -1267.8155517578125 -133.0023193359375 954.8997802734375
v -1270.177490234375 -960.5828247070312 954.89990234375
v -1272.848876953125 -133.00439453125 939.999755859375
v -1272.848876953125 -133.00439453125 952.56640625
v -1267.8155517578125 -133.0023193359375 954.8997802734375
v -1270.515625 -133.00341796875 954.8997802734375
v -1267.4774169921875 -960.5817260742188 954.89990234375
v -1272.5107421875 -960.583740234375 952.5665283203125
v -1272.5107421875 -960.583740234375 939.9998779296875
v -1270.177490234375 -960.5828247070312 954.89990234375
v -1257.750732421875 -132.998046875 1105.029541015625
v -1257.4305419921875 -960.57763671875 1090.027099609375
v -1257.7686767578125 -132.998046875 1090.027099609375
v -1257.41259765625 -960.5775756835938 1105.029541015625
v -1257.7686767578125 -132.998046875 1090.027099609375
v -1269.7596435546875 -960.5826416015625 1090.027099609375
v -1270.0977783203125 -133.003173828125 1090.027099609375
v -1257.4305419921875 -960.57763671875 1090.027099609375
v -1270.0977783203125 -133.003173828125 1090.027099609375
v -1272.5107421875 -960.583740234375 1092.76904296875
v -1272.848876953125 -133.0042724609375 1092.76904296875
v -1269.7596435546875 -960.5826416015625 1090.027099609375
v -1272.848876953125 -133.0042724609375 1092.76904296875
v -1272.5107421875 -960.583740234375 1102.5665283203125
v -1272.848876953125 -133.0042724609375 1102.5665283203125
v -1272.5107421875 -960.583740234375 1092.76904296875
v -1272.848876953125 -133.0042724609375 1102.5665283203125
v -1270.112548828125 -960.582763671875 1105.029541015625
v -1270.45068359375 -133.0032958984375 1105.029541015625
v -1272.5107421875 -960.583740234375 1102.5665283203125
v -1270.45068359375 -133.0032958984375 1105.029541015625
v -1257.41259765625 -960.5775756835938 1105.029541015625
v -1257.750732421875 -132.998046875 1105.029541015625
v -1270.112548828125 -960.582763671875 1105.029541015625
v -1257.7686767578125 -132.998046875 1090.027099609375
v -1270.0977783203125 -133.003173828125 1090.027099609375
v -1272.848876953125 -133.0042724609375 1092.76904296875
v -1272.848876953125 -133.0042724609375 1102.5665283203125
v -1257.750732421875 -132.998046875 1105.029541015625
v -1270.45068359375 -133.0032958984375 1105.029541015625
v -1272.5107421875 -960.583740234375 1092.76904296875
v -1269.7596435546875 -960.5826416015625 1090.027099609375
v -1257.4305419921875 -960.57763671875 1090.027099609375
v -1272.5107421875 -960.583740234375 1102.5665283203125
v -1257.41259765625 -960.5775756835938 1105.029541015625
v -1270.112548828125 -960.582763671875 1105.029541015625
v -1257.750732421875 -132.998046875 1550.0294189453125
v -1257.4305419921875 -960.5775756835938 1535.0269775390625
v -1257.7686767578125 -132.998046875 1535.0269775390625
v -1257.41259765625 -960.5775756835938 1550.0294189453125
v -1257.7686767578125 -132.998046875 1535.0269775390625
v -1269.7596435546875 -960.5826416015625 1535.0269775390625
v -1270.0977783203125 -133.003173828125 1535.0269775390625
v -1257.4305419921875 -960.5775756835938 1535.0269775390625
v -1270.0977783203125 -133.003173828125 1535.0269775390625
v -1272.5107421875 -960.583740234375 1537.7689208984375
v -1272.848876953125 -133.0042724609375 1537.7689208984375
v -1269.7596435546875 -960.5826416015625 1535.0269775390625
v -1272.848876953125 -133.0042724609375 1537.7689208984375
v -1272.5107421875 -960.583740234375 1547.56640625
v -1272.848876953125 -133.0042724609375 1547.56640625
v -1272.5107421875 -960.583740234375 1537.7689208984375
v -1272.848876953125 -133.0042724609375 1547.56640625
v -1270.112548828125 -960.582763671875 1550.0294189453125
v -1270.45068359375 -133.0032958984375 1550.0294189453125
v -1272.5107421875 -960.583740234375 1547.56640625
v -1270.45068359375 -133.0032958984375 1550.0294189453125
v -1257.41259765625 -960.5775756835938 1550.0294189453125
v -1257.750732421875 -132.998046875 1550.0294189453125
v -1270.112548828125 -960.582763671875 1550.0294189453125
v -1257.7686767578125 -132.998046875 1535.0269775390625
v -1270.0977783203125 -133.003173828125 1535.0269775390625
v -1272.848876953125 -133.0042724609375 1537.7689208984375
v -1272.848876953125 -133.0042724609375 1547.56640625
v -1257.750732421875 -132.998046875 1550.0294189453125
v -1270.45068359375 -133.0032958984375 1550.0294189453125
v -1272.5107421875 -960.583740234375 1537.7689208984375
v -1269.7596435546875 -960.5826416015625 1535.0269775390625
v -1257.4305419921875 -960.5775756835938 1535.0269775390625
v -1272.5107421875 -960.583740234375 1547.56640625
v -1257.41259765625 -960.5775756835938 1550.0294189453125
v -1270.112548828125 -960.582763671875 1550.0294189453125
v -1257.750732421875 -132.998046875 1501.029541015625
v -1257.4305419921875 -960.5775756835938 1486.0269775390625
v -1257.7686767578125 -132.998046875 1486.0269775390625
v -1257.41259765625 -960.5775756835938 1501.029541015625
v -1257.7686767578125 -132.998046875 1486.0269775390625
v -1269.7596435546875 -960.5826416015625 1486.0269775390625
v -1270.0977783203125 -133.003173828125 1486.0269775390625
v -1257.4305419921875 -960.5775756835938 1486.0269775390625
v -1270.0977783203125 -133.003173828125 1486.0269775390625
v -1272.5107421875 -960.583740234375 1488.7689208984375
v -1272.848876953125 -133.0042724609375 1488.7689208984375
v -1269.7596435546875 -960.5826416015625 1486.0269775390625
v -1272.848876953125 -133.0042724609375 1488.7689208984375
v -1272.5107421875 -960.583740234375 1498.56640625
v -1272.848876953125 -133.0042724609375 1498.56640625
v -1272.5107421875 -960.583740234375 1488.7689208984375
v -1272.848876953125 -133.0042724609375 1498.56640625
v -1270.112548828125 -960.582763671875 1501.029541015625
v -1270.45068359375 -133.0032958984375 1501.029541015625
v -1272.5107421875 -960.583740234375 1498.56640625
v -1270.45068359375 -133.0032958984375 1501.029541015625
v -1257.41259765625 -960.5775756835938 1501.029541015625
v -1257.750732421875 -132.998046875 1501.029541015625
v -1270.112548828125 -960.582763671875 1501.029541015625
v -1257.7686767578125 -132.998046875 1486.0269775390625
v -1270.0977783203125 -133.003173828125 1486.0269775390625
v -1272.848876953125 -133.0042724609375 1488.7689208984375
v -1272.848876953125 -133.0042724609375 1498.56640625
v -1257.750732421875 -132.998046875 1501.029541015625
v -1270.45068359375 -133.0032958984375 1501.029541015625
v -1272.5107421875 -960.583740234375 1488.7689208984375
v -1269.7596435546875 -960.5826416015625 1486.0269775390625
v -1257.4305419921875 -960.5775756835938 1486.0269775390625
v -1272.5107421875 -960.583740234375 1498.56640625
v -1257.41259765625 -960.5775756835938 1501.029541015625
v -1270.112548828125 -960.582763671875 1501.029541015625
v -1267.8155517578125 -133.0023193359375 939.9996337890625
v -1267.4774169921875 -960.5816040039062 939.999755859375
v -1267.4774169921875 -960.5817260742188 939.999755859375
v -1241.916015625 -960.5817260742188 939.999755859375
v -1242.0953369140625 -132.8375244140625 939.9996337890625
v -1267.8155517578125 -133.0023193359375 939.9996337890625
v 182.931396484375 -155.73541259765625 1559.9998779296875
v 182.931396484375 -125.736572265625 1559.9998779296875
v 182.931396484375 -155.7353515625 1679.9998779296875
v 182.931396484375 -125.736572265625 1679.9998779296875
v 182.931396484375 -125.736572265625 1559.9998779296875
v 150.43017578125 -125.736572265625 1559.9998779296875
v 182.931396484375 -125.736572265625 1679.9998779296875
v 150.43017578125 -125.736572265625 1679.9998779296875
v 150.43017578125 -125.736572265625 1559.9998779296875
v 150.43017578125 -155.73541259765625 1559.9998779296875
v 150.43017578125 -125.736572265625 1679.9998779296875
v 150.43017578125 -155.7353515625 1679.9998779296875
v 150.43017578125 -155.73541259765625 1559.9998779296875
v 182.931396484375 -155.73541259765625 1559.9998779296875
v 150.43017578125 -155.7353515625 1679.9998779296875
v 182.931396484375 -155.7353515625 1679.9998779296875
v 182.931396484375 -158.23779296875 1679.9998779296875
v 150.43017578125 -155.7353515625 1679.9998779296875
v 182.931396484375 -155.7353515625 1679.9998779296875
v 147.933837890625 -158.23779296875 1679.9998779296875
v 150.43017578125 -125.736572265625 1679.9998779296875
v 182.931396484375 -123.240234375 1679.9998779296875
v 182.931396484375 -125.736572265625 1679.9998779296875
v 147.933837890625 -123.240234375 1679.9998779296875
v 182.931396484375 -158.23779296875 1679.9998779296875
v 182.931396484375 -123.240234375 1679.9998779296875
v 182.931396484375 -158.23779296875 1684.9998779296875
v 182.931396484375 -123.240234375 1684.9998779296875
v 182.931396484375 -123.240234375 1679.9998779296875
v 147.933837890625 -123.240234375 1679.9998779296875
v 182.931396484375 -123.240234375 1684.9998779296875
v 147.933837890625 -123.240234375 1684.9998779296875
v 147.933837890625 -123.240234375 1679.9998779296875
v 147.933837890625 -158.23779296875 1679.9998779296875
v 147.933837890625 -123.240234375 1684.9998779296875
v 147.933837890625 -158.23779296875 1684.9998779296875
v 147.933837890625 -158.23779296875 1679.9998779296875
v 182.931396484375 -158.23779296875 1679.9998779296875
v 147.933837890625 -158.23779296875 1684.9998779296875
v 182.931396484375 -158.23779296875 1684.9998779296875
v 182.931396484375 -158.23779296875 1684.9998779296875
v 182.931396484375 -123.240234375 1684.9998779296875
v 165.9432373046875 -141.2496337890625 1689.999755859375
v 165.9432373046875 -140.2283935546875 1689.999755859375
v 182.931396484375 -123.240234375 1684.9998779296875
v 147.933837890625 -123.240234375 1684.9998779296875
v 165.9432373046875 -140.2283935546875 1689.999755859375
v 164.9219970703125 -140.2283935546875 1689.999755859375
v 147.933837890625 -123.240234375 1684.9998779296875
v 147.933837890625 -158.23779296875 1684.9998779296875
v 164.9219970703125 -140.2283935546875 1689.999755859375
v 164.9219970703125 -141.2496337890625 1689.999755859375
v 147.933837890625 -158.23779296875 1684.9998779296875
v 182.931396484375 -158.23779296875 1684.9998779296875
v 164.9219970703125 -141.2496337890625 1689.999755859375
v 165.9432373046875 -141.2496337890625 1689.999755859375
v 164.9219970703125 -141.2496337890625 1689.999755859375
v 165.9432373046875 -141.2496337890625 1689.999755859375
v 165.9432373046875 -140.2283935546875 1689.999755859375
v 164.9219970703125 -140.2283935546875 1689.999755859375
v -1279.866455078125 1162.0028076171875 1089.9996337890625
v -1279.8663330078125 769.50390625 1089.99951171875
v -1279.866455078125 1162.0025634765625 1489.9996337890625
v -1279.866455078125 769.50390625 1489.99951171875
v -1279.8663330078125 769.50390625 1089.99951171875
v -1274.8980712890625 764.505126953125 1089.99951171875
v -1279.866455078125 769.50390625 1489.99951171875
v -1274.8980712890625 764.505126953125 1489.99951171875
v -1274.8980712890625 764.505126953125 1089.99951171875
v 265.4180908203125 764.50146484375 1089.9996337890625
v -1274.8980712890625 764.505126953125 1489.99951171875
v 265.4180908203125 764.50146484375 1489.9996337890625
v 265.4180908203125 764.50146484375 1089.9996337890625
v 265.4180908203125 849.505126953125 1089.99951171875
v 265.4180908203125 764.50146484375 1489.9996337890625
v 265.4180908203125 849.505126953125 1489.99951171875
v -1284.899658203125 1162.0028076171875 939.9995727539062
v -1284.899658203125 767.4278564453125 952.5662841796875
v -1284.899658203125 1162.0028076171875 952.5662231445312
v -1284.899658203125 767.4278564453125 939.9996337890625
v -1284.899658203125 1162.0028076171875 952.5662231445312
v -1282.56640625 768.390380859375 954.899658203125
v -1282.56640625 1162.0028076171875 954.8995971679688
v -1284.899658203125 767.4278564453125 952.5662841796875
v -1282.56640625 1162.0028076171875 954.8995971679688
v -1279.8663330078125 769.5037841796875 954.899658203125
v -1279.866455078125 1162.0028076171875 954.8995971679688
v -1282.56640625 768.390380859375 954.899658203125
v -1284.899658203125 767.4278564453125 939.9996337890625
v -1276.991943359375 759.4718017578125 952.5662841796875
v -1284.899658203125 767.4278564453125 952.5662841796875
v -1276.991943359375 759.4718017578125 939.9996337890625
v -1284.899658203125 767.4278564453125 952.5662841796875
v -1276.021240234375 761.8050537109375 954.899658203125
v -1282.56640625 768.390380859375 954.899658203125
v -1276.991943359375 759.4718017578125 952.5662841796875
v -1274.8980712890625 764.5050048828125 954.899658203125
v -1276.021240234375 761.8050537109375 954.899658203125
v -1276.991943359375 759.4718017578125 939.9996337890625
v 270.451171875 759.468017578125 952.5663452148438
v -1276.991943359375 759.4718017578125 952.5662841796875
v 270.451171875 759.468017578125 939.9996948242188
v -1276.991943359375 759.4718017578125 952.5662841796875
v 268.1181640625 761.80126953125 954.8997192382812
v -1276.021240234375 761.8050537109375 954.899658203125
v 270.451171875 759.468017578125 952.5663452148438
v 265.4180908203125 764.5013427734375 954.8997192382812
v 268.1181640625 761.80126953125 954.8997192382812
v 270.451171875 759.468017578125 939.9996948242188
v 270.451171875 849.5050048828125 952.5663452148438
v 270.451171875 759.468017578125 952.5663452148438
v 270.451171875 849.5050048828125 939.9996948242188
v 270.451171875 759.468017578125 952.5663452148438
v 268.1181640625 849.5050048828125 954.8997192382812
v 268.1181640625 761.80126953125 954.8997192382812
v 270.451171875 849.5050048828125 952.5663452148438
v 265.4180908203125 849.5050048828125 954.8997192382812
v 268.1181640625 849.5050048828125 954.8997192382812
v -1284.899658203125 1162.0028076171875 939.9995727539062
v -1284.899658203125 1162.0028076171875 952.5662231445312
v -1279.866455078125 1162.0028076171875 954.8995971679688
v -1282.56640625 1162.0028076171875 954.8995971679688
v 265.4180908203125 849.5050048828125 954.8997192382812
v 270.451171875 849.5050048828125 952.5663452148438
v 270.451171875 849.5050048828125 939.9996948242188
v 268.1181640625 849.5050048828125 954.8997192382812
v -1269.801513671875 1162.0028076171875 1105.0294189453125
v -1269.8194580078125 773.6474609375 1090.026611328125
v -1269.819580078125 1162.0028076171875 1090.0267333984375
v -1269.801513671875 773.6549072265625 1105.029296875
v -1269.819580078125 1162.0028076171875 1090.0267333984375
v -1282.1485595703125 768.562744140625 1090.026611328125
v -1282.1485595703125 1162.0028076171875 1090.0267333984375
v -1269.8194580078125 773.6474609375 1090.026611328125
v -1282.1485595703125 1162.0028076171875 1090.0267333984375
v -1284.899658203125 767.427978515625 1092.768798828125
v -1284.899658203125 1162.0028076171875 1092.7689208984375
v -1282.1485595703125 768.562744140625 1090.026611328125
v -1284.899658203125 1162.0028076171875 1092.7689208984375
v -1284.899658203125 767.427978515625 1102.566162109375
v -1284.899658203125 1162.0028076171875 1102.5662841796875
v -1284.899658203125 767.427978515625 1092.768798828125
v -1284.899658203125 1162.0028076171875 1102.5662841796875
v -1282.50146484375 768.4171142578125 1105.029296875
v -1282.50146484375 1162.0028076171875 1105.0294189453125
v -1284.899658203125 767.427978515625 1102.566162109375
v -1282.50146484375 1162.0028076171875 1105.0294189453125
v -1269.801513671875 773.6549072265625 1105.029296875
v -1269.801513671875 1162.0028076171875 1105.0294189453125
v -1282.50146484375 768.4171142578125 1105.029296875
v -1269.801513671875 773.6549072265625 1105.029296875
v -1270.718505859375 774.552001953125 1090.026611328125
v -1269.8194580078125 773.6474609375 1090.026611328125
v -1270.7109375 774.570068359375 1105.029296875
v -1275.847412109375 762.2230224609375 1090.026611328125
v -1270.718505859375 774.552001953125 1090.026611328125
v -1282.1485595703125 768.562744140625 1090.026611328125
v -1276.991943359375 759.471923828125 1092.768798828125
v -1284.899658203125 767.427978515625 1092.768798828125
v -1275.847412109375 762.2230224609375 1090.026611328125
v -1284.899658203125 767.427978515625 1092.768798828125
v -1276.991943359375 759.471923828125 1102.566162109375
v -1284.899658203125 767.427978515625 1102.566162109375
v -1276.991943359375 759.471923828125 1092.768798828125
v -1284.899658203125 767.427978515625 1102.566162109375
v -1275.9942626953125 761.8699951171875 1105.029296875
v -1282.50146484375 768.4171142578125 1105.029296875
v -1276.991943359375 759.471923828125 1102.566162109375
v -1270.7109375 774.570068359375 1105.029296875
v -1275.9942626953125 761.8699951171875 1105.029296875
v -1270.7109375 774.570068359375 1105.029296875
v 255.3709716796875 774.5484619140625 1090.0267333984375
v -1270.718505859375 774.552001953125 1090.026611328125
v 255.35302734375 774.56640625 1105.0294189453125
v 267.7000732421875 762.2193603515625 1090.0267333984375
v 255.3709716796875 774.5484619140625 1090.0267333984375
v -1275.847412109375 762.2230224609375 1090.026611328125
v 270.451171875 759.4681396484375 1092.7689208984375
v -1276.991943359375 759.471923828125 1092.768798828125
v 267.7000732421875 762.2193603515625 1090.0267333984375
v -1276.991943359375 759.471923828125 1092.768798828125
v 270.451171875 759.4681396484375 1102.5662841796875
v -1276.991943359375 759.471923828125 1102.566162109375
v 270.451171875 759.4681396484375 1092.7689208984375
v -1276.991943359375 759.471923828125 1102.566162109375
v 268.0533447265625 761.8663330078125 1105.0294189453125
v -1275.9942626953125 761.8699951171875 1105.029296875
v 270.451171875 759.4681396484375 1102.5662841796875
v 255.35302734375 774.56640625 1105.0294189453125
v 268.0533447265625 761.8663330078125 1105.0294189453125
v 255.35302734375 774.56640625 1105.0294189453125
v 255.3709716796875 849.505126953125 1090.026611328125
v 255.3709716796875 774.5484619140625 1090.0267333984375
v 255.35302734375 849.505126953125 1105.029296875
v 267.7000732421875 849.505126953125 1090.026611328125
v 255.3709716796875 849.505126953125 1090.026611328125
v 267.7000732421875 762.2193603515625 1090.0267333984375
v 270.451171875 849.505126953125 1092.768798828125
v 270.451171875 759.4681396484375 1092.7689208984375
v 267.7000732421875 849.505126953125 1090.026611328125
v 270.451171875 759.4681396484375 1092.7689208984375
v 270.451171875 849.505126953125 1102.566162109375
v 270.451171875 759.4681396484375 1102.5662841796875
v 270.451171875 849.505126953125 1092.768798828125
v 270.451171875 759.4681396484375 1102.5662841796875
v 268.0533447265625 849.505126953125 1105.029296875
v 268.0533447265625 761.8663330078125 1105.0294189453125
v 270.451171875 849.505126953125 1102.566162109375
v 255.35302734375 849.505126953125 1105.029296875
v 268.0533447265625 849.505126953125 1105.029296875
v -1269.819580078125 1162.0028076171875 1090.0267333984375
v -1282.1485595703125 1162.0028076171875 1090.0267333984375
v -1284.899658203125 1162.0028076171875 1092.7689208984375
v -1284.899658203125 1162.0028076171875 1102.5662841796875
v -1269.801513671875 1162.0028076171875 1105.0294189453125
v -1282.50146484375 1162.0028076171875 1105.0294189453125
v 270.451171875 849.505126953125 1092.768798828125
v 267.7000732421875 849.505126953125 1090.026611328125
v 255.3709716796875 849.505126953125 1090.026611328125
v 270.451171875 849.505126953125 1102.566162109375
v 255.35302734375 849.505126953125 1105.029296875
v 268.0533447265625 849.505126953125 1105.029296875
v -1279.866455078125 1162.0028076171875 939.9995727539062
v -1279.8663330078125 769.5037841796875 939.9996337890625
v -1279.8663330078125 769.5037841796875 939.9996337890625
v -1274.8980712890625 764.5050048828125 939.9996337890625
v -1274.8980712890625 764.5050048828125 939.9996337890625
v 265.4180908203125 764.5013427734375 939.9996948242188
v 265.4180908203125 764.5013427734375 939.9996948242188
v 265.4180908203125 849.5050048828125 939.9996948242188
v -1284.865234375 769.50390625 1489.99951171875
v -1284.865234375 1162.0025634765625 1489.9996337890625
v -1279.866455078125 769.50390625 1489.99951171875
v -1274.8980712890625 759.500244140625 1489.99951171875
v -1274.8980712890625 764.505126953125 1489.99951171875
v 270.4202880859375 759.5003662109375 1489.9996337890625
v 270.4202880859375 849.5087890625 1489.99951171875
v 265.4180908203125 764.50146484375 1489.9996337890625
v 265.4180908203125 849.505126953125 1489.99951171875
v -1279.866455078125 1162.0025634765625 1489.9996337890625
v -1284.865234375 1162.0025634765625 1489.9996337890625
v -1284.865234375 769.50390625 1489.99951171875
v -1284.865234375 1162.0025634765625 1499.9996337890625
v -1284.865234375 769.50390625 1499.99951171875
v -1284.865234375 769.50390625 1489.99951171875
v -1274.8980712890625 759.500244140625 1489.99951171875
v -1284.865234375 769.50390625 1499.99951171875
v -1274.8980712890625 759.500244140625 1499.99951171875
v -1274.8980712890625 759.500244140625 1489.99951171875
v 270.419921875 759.5003662109375 1489.9996337890625
v -1274.8980712890625 759.500244140625 1499.99951171875
v 270.419921875 759.5003662109375 1499.9996337890625
v 270.4202880859375 759.5003662109375 1489.9996337890625
v 270.4202880859375 849.5089111328125 1489.99951171875
v 270.4202880859375 759.5003662109375 1499.9996337890625
v 270.4202880859375 849.5089111328125 1499.99951171875
v -1284.865234375 769.50390625 1499.99951171875
v -1279.866455078125 769.50390625 1499.99951171875
v -1284.865234375 1162.0025634765625 1499.9996337890625
v -1274.8980712890625 759.500244140625 1499.99951171875
v 270.4202880859375 759.5003662109375 1499.9996337890625
v -1274.8980712890625 764.505126953125 1499.99951171875
v 270.4202880859375 849.5089111328125 1499.99951171875
v 262.9190673828125 849.5087890625 1499.99951171875
v 262.9190673828125 764.5052490234375 1499.9996337890625
v -1279.866455078125 1162.0025634765625 1499.9996337890625
v -1279.866455078125 1162.0025634765625 1499.9996337890625
v -1279.866455078125 769.50390625 1499.99951171875
v -1279.866455078125 1162.0025634765625 1539.9996337890625
v -1279.866455078125 769.50390625 1539.99951171875
v -1279.866455078125 769.50390625 1499.99951171875
v -1274.8980712890625 764.505126953125 1499.99951171875
v -1279.866455078125 769.50390625 1539.99951171875
v -1274.8980712890625 764.505126953125 1539.99951171875
v -1274.8980712890625 764.505126953125 1499.99951171875
v 262.918701171875 764.5052490234375 1499.9996337890625
v -1274.8980712890625 764.505126953125 1539.99951171875
v 262.918701171875 764.5052490234375 1539.9996337890625
v 262.9190673828125 764.5052490234375 1499.9996337890625
v 262.9190673828125 849.5089111328125 1499.99951171875
v 262.9190673828125 764.5052490234375 1539.9996337890625
v 262.9190673828125 849.5089111328125 1539.99951171875
v -1269.801513671875 1162.0025634765625 1550.029296875
v -1269.8194580078125 773.6474609375 1535.0267333984375
v -1269.819580078125 1162.0025634765625 1535.02685546875
v -1269.801513671875 773.6549072265625 1550.0291748046875
v -1269.819580078125 1162.0025634765625 1535.02685546875
v -1282.1485595703125 768.562744140625 1535.0267333984375
v -1282.1485595703125 1162.0025634765625 1535.02685546875
v -1269.8194580078125 773.6474609375 1535.0267333984375
v -1282.1485595703125 1162.0025634765625 1535.02685546875
v -1284.899658203125 767.427978515625 1537.768798828125
v -1284.899658203125 1162.0025634765625 1537.7689208984375
v -1282.1485595703125 768.562744140625 1535.0267333984375
v -1284.899658203125 1162.0025634765625 1537.7689208984375
v -1284.899658203125 767.427978515625 1547.5662841796875
v -1284.899658203125 1162.0025634765625 1547.56640625
v -1284.899658203125 767.427978515625 1537.768798828125
v -1284.899658203125 1162.0025634765625 1547.56640625
v -1282.50146484375 768.4171142578125 1550.0291748046875
v -1282.50146484375 1162.0025634765625 1550.029296875
v -1284.899658203125 767.427978515625 1547.5662841796875
v -1282.50146484375 1162.0025634765625 1550.029296875
v -1269.801513671875 773.6549072265625 1550.0291748046875
v -1269.801513671875 1162.0025634765625 1550.029296875
v -1282.50146484375 768.4171142578125 1550.0291748046875
v -1269.801513671875 773.6549072265625 1550.0291748046875
v -1270.718505859375 774.5521240234375 1535.0267333984375
v -1269.8194580078125 773.6474609375 1535.0267333984375
v -1270.7110595703125 774.570068359375 1550.0291748046875
v -1275.8475341796875 762.2230224609375 1535.0267333984375
v -1270.718505859375 774.5521240234375 1535.0267333984375
v -1282.1485595703125 768.562744140625 1535.0267333984375
v -1276.991943359375 759.471923828125 1537.768798828125
v -1284.899658203125 767.427978515625 1537.768798828125
v -1275.8475341796875 762.2230224609375 1535.0267333984375
v -1284.899658203125 767.427978515625 1537.768798828125
v -1276.991943359375 759.471923828125 1547.5662841796875
v -1284.899658203125 767.427978515625 1547.5662841796875
v -1276.991943359375 759.471923828125 1537.768798828125
v -1284.899658203125 767.427978515625 1547.5662841796875
v -1275.994384765625 761.8699951171875 1550.0291748046875
v -1282.50146484375 768.4171142578125 1550.0291748046875
v -1276.991943359375 759.471923828125 1547.5662841796875
v -1270.7110595703125 774.570068359375 1550.0291748046875
v -1275.994384765625 761.8699951171875 1550.0291748046875
v -1270.7110595703125 774.570068359375 1550.0291748046875
v 252.872314453125 774.55224609375 1535.02685546875
v -1270.718505859375 774.5521240234375 1535.0267333984375
v 252.8543701171875 774.5701904296875 1550.029296875
v 265.201416015625 762.22314453125 1535.02685546875
v 252.872314453125 774.55224609375 1535.02685546875
v -1275.8475341796875 762.2230224609375 1535.0267333984375
v 267.95263671875 759.4720458984375 1537.7689208984375
v -1276.991943359375 759.471923828125 1537.768798828125
v 265.201416015625 762.22314453125 1535.02685546875
v -1276.991943359375 759.471923828125 1537.768798828125
v 267.95263671875 759.4720458984375 1547.56640625
v -1276.991943359375 759.471923828125 1547.5662841796875
v 267.95263671875 759.4720458984375 1537.7689208984375
v -1276.991943359375 759.471923828125 1547.5662841796875
v 265.5543212890625 761.8701171875 1550.029296875
v -1275.994384765625 761.8699951171875 1550.0291748046875
v 267.95263671875 759.4720458984375 1547.56640625
v 252.8543701171875 774.5701904296875 1550.029296875
v 265.5543212890625 761.8701171875 1550.029296875
v 252.8543701171875 774.5701904296875 1550.029296875
v 252.872314453125 849.5089111328125 1535.0267333984375
v 252.872314453125 774.55224609375 1535.02685546875
v 252.8543701171875 849.5089111328125 1550.0291748046875
v 265.201416015625 849.5089111328125 1535.0267333984375
v 252.872314453125 849.5089111328125 1535.0267333984375
v 265.201416015625 762.22314453125 1535.02685546875
v 267.95263671875 849.5089111328125 1537.768798828125
v 267.95263671875 759.4720458984375 1537.7689208984375
v 265.201416015625 849.5089111328125 1535.0267333984375
v 267.95263671875 759.4720458984375 1537.7689208984375
v 267.95263671875 849.5089111328125 1547.5662841796875
v 267.95263671875 759.4720458984375 1547.56640625
v 267.95263671875 849.5089111328125 1537.768798828125
v 267.95263671875 759.4720458984375 1547.56640625
v 265.5543212890625 849.5089111328125 1550.0291748046875
v 265.5543212890625 761.8701171875 1550.029296875
v 267.95263671875 849.5089111328125 1547.5662841796875
v 252.8543701171875 849.5089111328125 1550.0291748046875
v 265.5543212890625 849.5089111328125 1550.0291748046875
v -1269.819580078125 1162.0025634765625 1535.02685546875
v -1282.1485595703125 1162.0025634765625 1535.02685546875
v -1284.899658203125 1162.0025634765625 1537.7689208984375
v -1284.899658203125 1162.0025634765625 1547.56640625
v -1269.801513671875 1162.0025634765625 1550.029296875
v -1282.50146484375 1162.0025634765625 1550.029296875
v 267.95263671875 849.5089111328125 1537.768798828125
v 265.201416015625 849.5089111328125 1535.0267333984375
v 252.872314453125 849.5089111328125 1535.0267333984375
v 267.95263671875 849.5089111328125 1547.5662841796875
v 252.8543701171875 849.5089111328125 1550.0291748046875
v 265.5543212890625 849.5089111328125 1550.0291748046875
v 850.4129638671875 862.0028076171875 1089.9996337890625
v 850.4129638671875 769.5040283203125 1089.9996337890625
v 850.4127197265625 862.0028076171875 1489.9996337890625
v 850.4127197265625 769.5040283203125 1489.9996337890625
v 850.4129638671875 769.5040283203125 1089.9996337890625
v 855.3814697265625 764.5052490234375 1089.9996337890625
v 850.4127197265625 769.5040283203125 1489.9996337890625
v 855.3812255859375 764.5052490234375 1489.9996337890625
v 855.3814697265625 764.5052490234375 1089.9996337890625
v 1410.4168701171875 764.505126953125 1089.9996337890625
v 855.3812255859375 764.5052490234375 1489.9996337890625
v 1410.4166259765625 764.505126953125 1489.9996337890625
v 1410.4168701171875 764.505126953125 1089.9996337890625
v 1410.4168701171875 1182.0040283203125 1089.999755859375
v 1410.4166259765625 764.505126953125 1489.9996337890625
v 1410.4166259765625 1182.0037841796875 1489.999755859375
v 845.3797607421875 862.002685546875 939.9996948242188
v 845.3797607421875 767.427978515625 952.5663452148438
v 845.3797607421875 862.002685546875 952.5663452148438
v 845.3797607421875 767.427978515625 939.9996948242188
v 845.3797607421875 862.002685546875 952.5663452148438
v 847.7130126953125 768.3905029296875 954.8997192382812
v 847.7130126953125 862.002685546875 954.8997192382812
v 845.3797607421875 767.427978515625 952.5663452148438
v 847.7130126953125 862.002685546875 954.8997192382812
v 850.4129638671875 769.50390625 954.8997192382812
v 850.4129638671875 862.002685546875 954.8997192382812
v 847.7130126953125 768.3905029296875 954.8997192382812
v 845.3797607421875 767.427978515625 939.9996948242188
v 853.2874755859375 759.471923828125 952.5663452148438
v 845.3797607421875 767.427978515625 952.5663452148438
v 853.2874755859375 759.471923828125 939.9996948242188
v 845.3797607421875 767.427978515625 952.5663452148438
v 854.2581787109375 761.80517578125 954.8997192382812
v 847.7130126953125 768.3905029296875 954.8997192382812
v 853.2874755859375 759.471923828125 952.5663452148438
v 855.3814697265625 764.505126953125 954.8997192382812
v 854.2581787109375 761.80517578125 954.8997192382812
v 853.2874755859375 759.471923828125 939.9996948242188
v 1415.4498291015625 759.4716796875 952.56640625
v 853.2874755859375 759.471923828125 952.5663452148438
v 1415.4498291015625 759.4716796875 939.999755859375
v 853.2874755859375 759.471923828125 952.5663452148438
v 1413.1168212890625 761.80517578125 954.8997802734375
v 854.2581787109375 761.80517578125 954.8997192382812
v 1415.4498291015625 759.4716796875 952.56640625
v 1410.4168701171875 764.5050048828125 954.8997802734375
v 1413.1168212890625 761.80517578125 954.8997802734375
v 1415.4498291015625 759.4716796875 939.999755859375
v 1415.4498291015625 1182.0040283203125 952.5663452148438
v 1415.4498291015625 759.4716796875 952.56640625
v 1415.4498291015625 1182.0040283203125 939.9996948242188
v 1415.4498291015625 759.4716796875 952.56640625
v 1413.1168212890625 1182.0040283203125 954.8997192382812
v 1413.1168212890625 761.80517578125 954.8997802734375
v 1415.4498291015625 1182.0040283203125 952.5663452148438
v 1410.4168701171875 1182.0040283203125 954.8997192382812
v 1413.1168212890625 1182.0040283203125 954.8997192382812
v 845.3797607421875 862.002685546875 939.9996948242188
v 845.3797607421875 862.002685546875 952.5663452148438
v 850.4129638671875 862.002685546875 954.8997192382812
v 847.7130126953125 862.002685546875 954.8997192382812
v 1410.4168701171875 1182.0040283203125 954.8997192382812
v 1415.4498291015625 1182.0040283203125 952.5663452148438
v 1415.4498291015625 1182.0040283203125 939.9996948242188
v 1413.1168212890625 1182.0040283203125 954.8997192382812
v 860.4779052734375 862.0028076171875 1105.0294189453125
v 860.4598388671875 773.6475830078125 1090.0267333984375
v 860.4598388671875 862.0028076171875 1090.0267333984375
v 860.4779052734375 773.655029296875 1105.0294189453125
v 860.4598388671875 862.0028076171875 1090.0267333984375
v 848.1307373046875 768.5628662109375 1090.0267333984375
v 848.1307373046875 862.0028076171875 1090.0267333984375
v 860.4598388671875 773.6475830078125 1090.0267333984375
v 848.1307373046875 862.0028076171875 1090.0267333984375
v 845.3797607421875 767.4281005859375 1092.7689208984375
v 845.3797607421875 862.0028076171875 1092.7689208984375
v 848.1307373046875 768.5628662109375 1090.0267333984375
v 845.3797607421875 862.0028076171875 1092.7689208984375
v 845.3797607421875 767.4281005859375 1102.5662841796875
v 845.3797607421875 862.0028076171875 1102.5662841796875
v 845.3797607421875 767.4281005859375 1092.7689208984375
v 845.3797607421875 862.0028076171875 1102.5662841796875
v 847.7779541015625 768.417236328125 1105.0294189453125
v 847.7779541015625 862.0028076171875 1105.0294189453125
v 845.3797607421875 767.4281005859375 1102.5662841796875
v 847.7779541015625 862.0028076171875 1105.0294189453125
v 860.4779052734375 773.655029296875 1105.0294189453125
v 860.4779052734375 862.0028076171875 1105.0294189453125
v 847.7779541015625 768.417236328125 1105.0294189453125
v 860.4779052734375 773.655029296875 1105.0294189453125
v 859.5609130859375 774.55224609375 1090.0267333984375
v 860.4598388671875 773.6475830078125 1090.0267333984375
v 859.5684814453125 774.5701904296875 1105.0294189453125
v 854.4320068359375 762.22314453125 1090.0267333984375
v 859.5609130859375 774.55224609375 1090.0267333984375
v 848.1307373046875 768.5628662109375 1090.0267333984375
v 853.2874755859375 759.4720458984375 1092.7689208984375
v 845.3797607421875 767.4281005859375 1092.7689208984375
v 854.4320068359375 762.22314453125 1090.0267333984375
v 845.3797607421875 767.4281005859375 1092.7689208984375
v 853.2874755859375 759.4720458984375 1102.5662841796875
v 845.3797607421875 767.4281005859375 1102.5662841796875
v 853.2874755859375 759.4720458984375 1092.7689208984375
v 845.3797607421875 767.4281005859375 1102.5662841796875
v 854.2850341796875 761.8701171875 1105.0294189453125
v 847.7779541015625 768.417236328125 1105.0294189453125
v 853.2874755859375 759.4720458984375 1102.5662841796875
v 859.5684814453125 774.5701904296875 1105.0294189453125
v 854.2850341796875 761.8701171875 1105.0294189453125
v 859.5684814453125 774.5701904296875 1105.0294189453125
v 1400.3697509765625 774.5521240234375 1090.0267333984375
v 859.5609130859375 774.55224609375 1090.0267333984375
v 1400.3516845703125 774.5699462890625 1105.0294189453125
v 1412.6988525390625 762.2230224609375 1090.0267333984375
v 1400.3697509765625 774.5521240234375 1090.0267333984375
v 854.4320068359375 762.22314453125 1090.0267333984375
v 1415.4498291015625 759.4718017578125 1092.7689208984375
v 853.2874755859375 759.4720458984375 1092.7689208984375
v 1412.6988525390625 762.2230224609375 1090.0267333984375
v 853.2874755859375 759.4720458984375 1092.7689208984375
v 1415.4498291015625 759.4718017578125 1102.5662841796875
v 853.2874755859375 759.4720458984375 1102.5662841796875
v 1415.4498291015625 759.4718017578125 1092.7689208984375
v 853.2874755859375 759.4720458984375 1102.5662841796875
v 1413.0518798828125 761.8701171875 1105.0294189453125
v 854.2850341796875 761.8701171875 1105.0294189453125
v 1415.4498291015625 759.4718017578125 1102.5662841796875
v 1400.3516845703125 774.5699462890625 1105.0294189453125
v 1413.0518798828125 761.8701171875 1105.0294189453125
v 1400.3516845703125 774.5699462890625 1105.0294189453125
v 1400.3697509765625 1182.0040283203125 1090.02685546875
v 1400.3697509765625 774.5521240234375 1090.0267333984375
v 1400.3516845703125 1182.0040283203125 1105.029541015625
v 1412.6988525390625 1182.0040283203125 1090.02685546875
v 1400.3697509765625 1182.0040283203125 1090.02685546875
v 1412.6988525390625 762.2230224609375 1090.0267333984375
v 1415.4498291015625 1182.0040283203125 1092.76904296875
v 1415.4498291015625 759.4718017578125 1092.7689208984375
v 1412.6988525390625 1182.0040283203125 1090.02685546875
v 1415.4498291015625 759.4718017578125 1092.7689208984375
v 1415.4498291015625 1182.0040283203125 1102.56640625
v 1415.4498291015625 759.4718017578125 1102.5662841796875
v 1415.4498291015625 1182.0040283203125 1092.76904296875
v 1415.4498291015625 759.4718017578125 1102.5662841796875
v 1413.0518798828125 1182.0040283203125 1105.029541015625
v 1413.0518798828125 761.8701171875 1105.0294189453125
v 1415.4498291015625 1182.0040283203125 1102.56640625
v 1400.3516845703125 1182.0040283203125 1105.029541015625
v 1413.0518798828125 1182.0040283203125 1105.029541015625
v 860.4598388671875 862.0028076171875 1090.0267333984375
v 848.1307373046875 862.0028076171875 1090.0267333984375
v 845.3797607421875 862.0028076171875 1092.7689208984375
v 845.3797607421875 862.0028076171875 1102.5662841796875
v 860.4779052734375 862.0028076171875 1105.0294189453125
v 847.7779541015625 862.0028076171875 1105.0294189453125
v 1415.4498291015625 1182.0040283203125 1092.76904296875
v 1412.6988525390625 1182.0040283203125 1090.02685546875
v 1400.3697509765625 1182.0040283203125 1090.02685546875
v 1415.4498291015625 1182.0040283203125 1102.56640625
v 1400.3516845703125 1182.0040283203125 1105.029541015625
v 1413.0518798828125 1182.0040283203125 1105.029541015625
v 850.4129638671875 862.002685546875 939.9996948242188
v 850.4129638671875 769.50390625 939.9996948242188
v 850.4129638671875 769.50390625 939.9996948242188
v 855.3814697265625 764.505126953125 939.9996948242188
v 855.3814697265625 764.505126953125 939.9996948242188
v 1410.4168701171875 764.5050048828125 939.999755859375
v 1410.4168701171875 764.5050048828125 939.999755859375
v 1410.4168701171875 1182.0040283203125 939.9996948242188
v 915.4151611328125 849.5089111328125 1489.9996337890625
v 1410.4166259765625 1178.6800537109375 1489.999755859375
v 1410.4166259765625 1182.0037841796875 1489.999755859375
v 845.4139404296875 769.5040283203125 1489.9996337890625
v 845.4139404296875 862.002685546875 1489.9996337890625
v 850.4127197265625 769.5040283203125 1489.9996337890625
v 855.3809814453125 759.5003662109375 1489.9996337890625
v 855.3809814453125 764.5052490234375 1489.9996337890625
v 1415.4151611328125 759.500244140625 1489.9996337890625
v 1415.4151611328125 1182.0037841796875 1489.999755859375
v 1410.4163818359375 764.505126953125 1489.9996337890625
v 1410.4163818359375 1178.6798095703125 1489.999755859375
v 850.4127197265625 862.002685546875 1489.9996337890625
v 845.4139404296875 862.0028076171875 1489.9996337890625
v 845.4139404296875 769.5040283203125 1489.9996337890625
v 845.4139404296875 862.0028076171875 1499.9996337890625
v 845.4139404296875 769.5040283203125 1499.9996337890625
v 845.4139404296875 769.5040283203125 1489.9996337890625
v 855.3812255859375 759.5003662109375 1489.9996337890625
v 845.4139404296875 769.5040283203125 1499.9996337890625
v 855.3812255859375 759.5003662109375 1499.9996337890625
v 855.3812255859375 759.5003662109375 1489.9996337890625
v 1415.4154052734375 759.500244140625 1489.9996337890625
v 855.3812255859375 759.5003662109375 1499.9996337890625
v 1415.4154052734375 759.500244140625 1499.9996337890625
v 1415.4154052734375 759.500244140625 1489.9996337890625
v 1415.4154052734375 1182.0037841796875 1489.999755859375
v 1415.4154052734375 759.500244140625 1499.9996337890625
v 1415.4154052734375 1182.0037841796875 1499.999755859375
v 845.4139404296875 769.5040283203125 1499.9996337890625
v 850.4127197265625 769.5040283203125 1499.9996337890625
v 845.4139404296875 862.0028076171875 1499.9996337890625
v 855.3812255859375 759.5003662109375 1499.9996337890625
v 1415.4154052734375 759.500244140625 1499.9996337890625
v 855.3809814453125 764.5052490234375 1499.9996337890625
v 1415.4154052734375 1182.0037841796875 1499.999755859375
v 1407.9139404296875 1177.0155029296875 1499.999755859375
v 1407.9139404296875 764.505126953125 1499.9996337890625
v 850.4127197265625 862.002685546875 1499.9996337890625
v 915.4151611328125 849.5089111328125 1499.9996337890625
v 1407.9139404296875 1182.0037841796875 1499.999755859375
v 1407.9139404296875 1177.0157470703125 1499.999755859375
v 850.4127197265625 862.0028076171875 1499.9996337890625
v 850.4127197265625 769.5040283203125 1499.9996337890625
v 850.4127197265625 862.0028076171875 1539.9996337890625
v 850.4127197265625 769.5040283203125 1539.9996337890625
v 850.4127197265625 769.5040283203125 1499.9996337890625
v 855.3812255859375 764.5052490234375 1499.9996337890625
v 850.4127197265625 769.5040283203125 1539.9996337890625
v 855.3812255859375 764.5052490234375 1539.9996337890625
v 855.3812255859375 764.5052490234375 1499.9996337890625
v 1407.9141845703125 764.505126953125 1499.9996337890625
v 855.3812255859375 764.5052490234375 1539.9996337890625
v 1407.9141845703125 764.505126953125 1539.9996337890625
v 1407.9141845703125 764.505126953125 1499.9996337890625
v 1407.9141845703125 1182.0037841796875 1499.999755859375
v 1407.9141845703125 764.505126953125 1539.9996337890625
v 1407.9141845703125 1182.0037841796875 1539.999755859375
v 1570.4288330078125 1179.2596435546875 939.9996948242188
v 1552.9239501953125 1179.2596435546875 939.9996948242188
v 1570.4288330078125 1179.2596435546875 1249.999755859375
v 1552.9239501953125 1179.2596435546875 1249.999755859375
v 1552.9239501953125 1179.2596435546875 939.9996948242188
v 1552.9239501953125 1160.0518798828125 939.9996948242188
v 1552.9239501953125 1179.2596435546875 1249.999755859375
v 1552.9239501953125 1160.0518798828125 1249.999755859375
v 1552.9239501953125 1144.2559814453125 939.9996948242188
v 1552.9239501953125 1144.2559814453125 1249.999755859375
v 1552.9239501953125 1144.2559814453125 939.9996948242188
v 1570.4288330078125 1144.2559814453125 939.9996948242188
v 1552.9239501953125 1144.2559814453125 1249.999755859375
v 1570.4288330078125 1144.2559814453125 1249.999755859375
v 1570.4288330078125 1144.2559814453125 939.9996948242188
v 1570.4288330078125 1164.2388916015625 939.9996948242188
v 1570.4288330078125 1144.2559814453125 1249.999755859375
v 1570.4288330078125 1164.2388916015625 1249.999755859375
v 1570.4288330078125 1179.2596435546875 939.9996948242188
v 1570.4288330078125 1179.2596435546875 1249.999755859375
v 1570.4288330078125 1179.2596435546875 1249.999755859375
v 1552.9239501953125 1179.2596435546875 1249.999755859375
v 1552.9239501953125 1160.0518798828125 1249.999755859375
v 1552.9239501953125 1144.2559814453125 1249.999755859375
v 1570.4288330078125 1164.2388916015625 1249.999755859375
v 1570.4288330078125 1144.2559814453125 1249.999755859375
v 1885.4263916015625 1179.2611083984375 939.9996948242188
v 1865.4312744140625 1179.2611083984375 939.9996948242188
v 1885.4263916015625 1179.2611083984375 1249.999755859375
v 1865.4312744140625 1179.2611083984375 1249.999755859375
v 1865.4312744140625 1179.2611083984375 939.9996948242188
v 1865.4312744140625 1161.1824951171875 939.9996948242188
v 1865.4312744140625 1179.2611083984375 1249.999755859375
v 1865.4312744140625 1161.1824951171875 1249.999755859375
v 1865.4312744140625 1144.2574462890625 939.9996948242188
v 1865.4312744140625 1144.2574462890625 1249.999755859375
v 1865.4312744140625 1144.2574462890625 939.9996948242188
v 1885.4263916015625 1144.2574462890625 939.9996948242188
v 1865.4312744140625 1144.2574462890625 1249.999755859375
v 1885.4263916015625 1144.2574462890625 1249.999755859375
v 1885.4263916015625 1144.2574462890625 939.9996948242188
v 1885.4263916015625 1165.8944091796875 939.9996948242188
v 1885.4263916015625 1144.2574462890625 1249.999755859375
v 1885.4263916015625 1165.8944091796875 1249.999755859375
v 1885.4263916015625 1179.2611083984375 939.9996948242188
v 1885.4263916015625 1179.2611083984375 1249.999755859375
v 1885.4263916015625 1179.2611083984375 1249.999755859375
v 1865.4312744140625 1179.2611083984375 1249.999755859375
v 1865.4312744140625 1161.1824951171875 1249.999755859375
v 1865.4312744140625 1144.2574462890625 1249.999755859375
v 1885.4263916015625 1165.8944091796875 1249.999755859375
v 1885.4263916015625 1144.2574462890625 1249.999755859375
v 1565.4315185546875 1076.7586669921875 1252.499755859375
v 1872.9263916015625 1076.7586669921875 1252.499755859375
v 1565.4312744140625 1076.7584228515625 1492.499755859375
v 1872.9261474609375 1076.7584228515625 1492.499755859375
v 1565.4315185546875 1149.2623291015625 1252.499755859375
v 1872.9263916015625 1149.2623291015625 1252.499755859375
v 1565.4315185546875 1076.7586669921875 1252.499755859375
v 1872.9263916015625 1076.7586669921875 1252.499755859375
v 1565.4312744140625 1081.8231201171875 1497.529541015625
v 1872.9261474609375 1081.8050537109375 1482.5269775390625
v 1565.4312744140625 1081.8050537109375 1482.5269775390625
v 1872.9261474609375 1081.8231201171875 1497.529541015625
v 1565.4312744140625 1081.8050537109375 1482.5269775390625
v 1872.9261474609375 1069.4759521484375 1482.5269775390625
v 1565.4312744140625 1069.4759521484375 1482.5269775390625
v 1872.9261474609375 1081.8050537109375 1482.5269775390625
v 1565.4312744140625 1069.4759521484375 1482.5269775390625
v 1872.9261474609375 1066.7249755859375 1485.2689208984375
v 1565.4312744140625 1066.7249755859375 1485.2689208984375
v 1872.9261474609375 1069.4759521484375 1482.5269775390625
v 1565.4312744140625 1066.7249755859375 1485.2689208984375
v 1872.9261474609375 1066.7249755859375 1495.06640625
v 1565.4312744140625 1066.7249755859375 1495.06640625
v 1872.9261474609375 1066.7249755859375 1485.2689208984375
v 1565.4312744140625 1066.7249755859375 1495.06640625
v 1872.9261474609375 1069.1231689453125 1497.529541015625
v 1565.4312744140625 1069.1231689453125 1497.529541015625
v 1872.9261474609375 1066.7249755859375 1495.06640625
v 1565.4312744140625 1069.1231689453125 1497.529541015625
v 1872.9261474609375 1081.8231201171875 1497.529541015625
v 1565.4312744140625 1081.8231201171875 1497.529541015625
v 1872.9261474609375 1069.1231689453125 1497.529541015625
v 1565.4312744140625 1081.8050537109375 1482.5269775390625
v 1565.4312744140625 1069.4759521484375 1482.5269775390625
v 1565.4312744140625 1066.7249755859375 1485.2689208984375
v 1565.4312744140625 1066.7249755859375 1495.06640625
v 1565.4312744140625 1081.8231201171875 1497.529541015625
v 1565.4312744140625 1069.1231689453125 1497.529541015625
v 1872.9261474609375 1066.7249755859375 1485.2689208984375
v 1872.9261474609375 1069.4759521484375 1482.5269775390625
v 1872.9261474609375 1081.8050537109375 1482.5269775390625
v 1872.9261474609375 1066.7249755859375 1495.06640625
v 1872.9261474609375 1081.8231201171875 1497.529541015625
v 1872.9261474609375 1069.1231689453125 1497.529541015625
v 1565.4315185546875 1081.8233642578125 1262.5294189453125
v 1872.9263916015625 1081.8052978515625 1247.5269775390625
v 1565.4315185546875 1081.8052978515625 1247.5269775390625
v 1872.9263916015625 1081.8233642578125 1262.5294189453125
v 1565.4315185546875 1081.8052978515625 1247.5269775390625
v 1872.9263916015625 1069.4761962890625 1247.5269775390625
v 1565.4315185546875 1069.4761962890625 1247.5269775390625
v 1872.9263916015625 1081.8052978515625 1247.5269775390625
v 1565.4315185546875 1069.4761962890625 1247.5269775390625
v 1872.9263916015625 1066.7252197265625 1250.26904296875
v 1565.4315185546875 1066.7252197265625 1250.26904296875
v 1872.9263916015625 1069.4761962890625 1247.5269775390625
v 1565.4315185546875 1066.7252197265625 1250.26904296875
v 1872.9263916015625 1066.7252197265625 1260.0665283203125
v 1565.4315185546875 1066.7252197265625 1260.0665283203125
v 1872.9263916015625 1066.7252197265625 1250.26904296875
v 1565.4315185546875 1066.7252197265625 1260.0665283203125
v 1872.9263916015625 1069.1234130859375 1262.5294189453125
v 1565.4315185546875 1069.1234130859375 1262.5294189453125
v 1872.9263916015625 1066.7252197265625 1260.0665283203125
v 1565.4315185546875 1069.1234130859375 1262.5294189453125
v 1872.9263916015625 1081.8233642578125 1262.5294189453125
v 1565.4315185546875 1081.8233642578125 1262.5294189453125
v 1872.9263916015625 1069.1234130859375 1262.5294189453125
v 1565.4315185546875 1081.8052978515625 1247.5269775390625
v 1565.4315185546875 1069.4761962890625 1247.5269775390625
v 1565.4315185546875 1066.7252197265625 1250.26904296875
v 1565.4315185546875 1066.7252197265625 1260.0665283203125
v 1565.4315185546875 1081.8233642578125 1262.5294189453125
v 1565.4315185546875 1069.1234130859375 1262.5294189453125
v 1872.9263916015625 1066.7252197265625 1250.26904296875
v 1872.9263916015625 1069.4761962890625 1247.5269775390625
v 1872.9263916015625 1081.8052978515625 1247.5269775390625
v 1872.9263916015625 1066.7252197265625 1260.0665283203125
v 1872.9263916015625 1081.8233642578125 1262.5294189453125
v 1872.9263916015625 1069.1234130859375 1262.5294189453125
v 1565.4315185546875 1071.7598876953125 1262.4996337890625
v 1567.9339599609375 1071.7598876953125 1262.4996337890625
v 1565.4312744140625 1071.7596435546875 1482.4996337890625
v 1567.9337158203125 1071.7596435546875 1482.4996337890625
v 1567.9339599609375 1071.7598876953125 1262.4996337890625
v 1570.4302978515625 1074.2562255859375 1262.4996337890625
v 1567.9337158203125 1071.7596435546875 1482.4996337890625
v 1570.4300537109375 1074.2559814453125 1482.4996337890625
v 1570.4302978515625 1074.2562255859375 1262.4996337890625
v 1570.4302978515625 1076.7586669921875 1262.4996337890625
v 1570.4300537109375 1074.2559814453125 1482.4996337890625
v 1570.4300537109375 1076.7584228515625 1482.4996337890625
v 1565.4312744140625 1076.7584228515625 1482.4996337890625
v 1565.4312744140625 1071.7596435546875 1482.4996337890625
v 1567.9337158203125 1071.7596435546875 1482.4996337890625
v 1570.4300537109375 1076.7584228515625 1482.4996337890625
v 1570.4300537109375 1074.2559814453125 1482.4996337890625
v 1867.9278564453125 1076.7586669921875 1262.4996337890625
v 1867.9278564453125 1074.2562255859375 1262.4996337890625
v 1867.9276123046875 1076.7584228515625 1482.4996337890625
v 1867.9276123046875 1074.2559814453125 1482.4996337890625
v 1867.9278564453125 1074.2562255859375 1262.4996337890625
v 1870.4302978515625 1071.7598876953125 1262.4996337890625
v 1867.9276123046875 1074.2559814453125 1482.4996337890625
v 1870.4300537109375 1071.7596435546875 1482.4996337890625
v 1870.4302978515625 1071.7598876953125 1262.4996337890625
v 1872.9266357421875 1071.7598876953125 1262.4996337890625
v 1870.4300537109375 1071.7596435546875 1482.4996337890625
v 1872.9263916015625 1071.7596435546875 1482.4996337890625
v 1867.9276123046875 1076.7584228515625 1482.4996337890625
v 1867.9276123046875 1074.2559814453125 1482.4996337890625
v 1870.4300537109375 1071.7596435546875 1482.4996337890625
v 1872.9263916015625 1076.7584228515625 1482.4996337890625
v 1872.9263916015625 1071.7596435546875 1482.4996337890625
v 310.427734375 856.75830078125 939.9996948242188
v 315.426513671875 856.75830078125 939.9996948242188
v 310.427734375 856.7584228515625 1429.9993896484375
v 315.426513671875 856.7584228515625 1429.9993896484375
v 315.426513671875 856.75830078125 939.9996948242188
v 320.42529296875 861.757080078125 939.9996948242188
v 315.426513671875 856.7584228515625 1429.9993896484375
v 320.42529296875 861.7572021484375 1429.9993896484375
v 320.42529296875 861.757080078125 939.9996948242188
v 320.42529296875 866.761962890625 939.9996948242188
v 320.42529296875 861.7572021484375 1429.99951171875
v 320.42529296875 866.7620849609375 1429.99951171875
v 310.427734375 856.7584228515625 1429.99951171875
v 315.426513671875 856.7584228515625 1429.99951171875
v 320.42529296875 861.7572021484375 1429.99951171875
v 310.427734375 866.7620849609375 1429.99951171875
v 320.42529296875 866.7620849609375 1429.99951171875
v 797.9278564453125 866.761962890625 939.9996948242188
v 797.9278564453125 861.757080078125 939.9996948242188
v 797.9276123046875 866.7620849609375 1429.9996337890625
v 797.9276123046875 861.7572021484375 1429.9996337890625
v 797.9278564453125 861.757080078125 939.9996948242188
v 802.9266357421875 856.75830078125 939.9996948242188
v 797.9276123046875 861.7572021484375 1429.99951171875
v 802.9263916015625 856.7584228515625 1429.99951171875
v 802.9266357421875 856.75830078125 939.9996948242188
v 807.9254150390625 856.75830078125 939.9996948242188
v 802.9263916015625 856.7584228515625 1429.99951171875
v 807.9251708984375 856.7584228515625 1429.99951171875
v 807.9251708984375 866.7620849609375 1429.9996337890625
v 797.9276123046875 866.7620849609375 1429.9996337890625
v 797.9276123046875 861.7572021484375 1429.9996337890625
v 807.9251708984375 856.7584228515625 1429.9996337890625
v 802.9263916015625 856.7584228515625 1429.9996337890625
v 310.427734375 866.7620849609375 1429.99951171875
v 310.427734375 856.7645263671875 1429.99951171875
v 310.427734375 866.7620849609375 1434.99951171875
v 310.427734375 851.764404296875 1434.99951171875
v 310.427734375 856.7645263671875 1429.99951171875
v 807.9251708984375 856.7645263671875 1429.9996337890625
v 310.427734375 851.764404296875 1434.99951171875
v 807.9251708984375 851.764404296875 1434.9996337890625
v 807.9251708984375 856.7645263671875 1429.9996337890625
v 807.9251708984375 866.7620849609375 1429.9996337890625
v 807.9251708984375 851.764404296875 1434.9996337890625
v 807.9251708984375 866.7620849609375 1434.9996337890625
v 807.9251708984375 866.7620849609375 1429.9996337890625
v 310.427734375 866.7620849609375 1429.99951171875
v 807.9251708984375 866.7620849609375 1434.9996337890625
v 310.427734375 866.7620849609375 1434.99951171875
v 310.427734375 856.7645263671875 1429.99951171875
v 310.427734375 866.7620849609375 1429.99951171875
v 807.9251708984375 856.7645263671875 1429.9996337890625
v 807.9251708984375 866.7620849609375 1429.9996337890625
v 310.427734375 866.7620849609375 1444.99951171875
v 310.427734375 851.7657470703125 1444.99951171875
v 310.427734375 851.7657470703125 1434.99951171875
v 807.9251708984375 851.7657470703125 1434.9996337890625
v 310.427734375 851.7657470703125 1444.99951171875
v 807.9251708984375 851.7657470703125 1444.9996337890625
v 807.9251708984375 851.7657470703125 1444.9996337890625
v 807.9251708984375 866.7620849609375 1444.9996337890625
v 807.9251708984375 866.7620849609375 1444.9996337890625
v 310.427734375 866.7620849609375 1444.99951171875
v 310.427734375 851.7657470703125 1434.99951171875
v 310.427734375 866.7620849609375 1434.99951171875
v 807.9251708984375 851.7657470703125 1434.9996337890625
v 807.9251708984375 866.7620849609375 1434.9996337890625
v 310.427734375 854.2620849609375 1444.99951171875
v 310.427734375 866.7620849609375 1479.9996337890625
v 310.427734375 854.2620849609375 1479.9996337890625
v 310.427734375 854.2620849609375 1444.99951171875
v 807.9251708984375 854.2620849609375 1444.9996337890625
v 310.427734375 854.2620849609375 1479.9996337890625
v 807.9251708984375 854.2620849609375 1479.999755859375
v 807.9251708984375 854.2620849609375 1444.9996337890625
v 807.9251708984375 854.2620849609375 1479.999755859375
v 807.9251708984375 866.7620849609375 1479.999755859375
v 807.9251708984375 866.7620849609375 1479.999755859375
v 310.427734375 866.7620849609375 1479.9996337890625
v 310.427734375 854.2620849609375 1444.99951171875
v 310.427734375 866.7620849609375 1444.99951171875
v 807.9251708984375 854.2620849609375 1444.9996337890625
v 807.9251708984375 866.7620849609375 1444.9996337890625
v 310.427734375 839.2596435546875 1479.9996337890625
v 310.427734375 854.2620849609375 1479.9996337890625
v 807.9251708984375 839.2596435546875 1479.999755859375
v 807.9251708984375 854.2620849609375 1479.999755859375
v 310.427734375 839.2596435546875 1479.9996337890625
v 310.427734375 866.7620849609375 1484.9996337890625
v 310.427734375 834.259765625 1484.9996337890625
v 310.427734375 839.2596435546875 1479.9996337890625
v 807.9251708984375 839.2596435546875 1479.999755859375
v 310.427734375 834.259765625 1484.9996337890625
v 807.9251708984375 834.259765625 1484.999755859375
v 807.9251708984375 839.2596435546875 1479.999755859375
v 807.9251708984375 834.259765625 1484.999755859375
v 807.9251708984375 866.7620849609375 1484.999755859375
v 807.9251708984375 866.7620849609375 1484.999755859375
v 310.427734375 866.7620849609375 1484.9996337890625
v 310.427734375 866.7620849609375 1479.9996337890625
v 807.9251708984375 866.7620849609375 1479.999755859375
v 310.427734375 834.2608642578125 1484.9996337890625
v 310.427734375 866.7620849609375 1494.9996337890625
v 310.427734375 834.2608642578125 1494.9996337890625
v 310.427734375 834.2608642578125 1484.9996337890625
v 807.9251708984375 834.2608642578125 1484.999755859375
v 310.427734375 834.2608642578125 1494.9996337890625
v 807.9251708984375 834.2608642578125 1494.999755859375
v 807.9251708984375 834.2608642578125 1494.999755859375
v 807.9251708984375 866.7620849609375 1494.999755859375
v 807.9251708984375 866.7620849609375 1494.999755859375
v 310.427734375 866.7620849609375 1494.9996337890625
v 310.427734375 834.2608642578125 1484.9996337890625
v 310.427734375 866.7620849609375 1484.9996337890625
v 807.9251708984375 834.2608642578125 1484.999755859375
v 807.9251708984375 866.7620849609375 1484.999755859375
v 310.42529296875 844.2620849609375 939.9996948242188
v 310.42529296875 916.7598876953125 939.9996948242188
v 310.42529296875 844.26220703125 1509.99951171875
v 310.42529296875 916.7596435546875 1509.99951171875
v 310.42529296875 916.7598876953125 939.9996948242188
v 250.421630859375 916.7598876953125 939.9996948242188
v 310.42529296875 916.7596435546875 1509.99951171875
v 250.421630859375 916.7596435546875 1509.99951171875
v 250.421630859375 916.7598876953125 939.9996948242188
v 250.421630859375 844.2620849609375 939.9996948242188
v 250.421630859375 916.7596435546875 1509.99951171875
v 250.421630859375 844.26220703125 1509.99951171875
v 250.421630859375 844.2620849609375 939.9996948242188
v 310.42529296875 844.2620849609375 939.9996948242188
v 250.421630859375 844.26220703125 1509.99951171875
v 310.42529296875 844.26220703125 1509.99951171875
v 250.421630859375 844.26220703125 1509.99951171875
v 310.42529296875 844.26220703125 1509.99951171875
v 310.42529296875 916.7596435546875 1509.99951171875
v 250.421630859375 916.7596435546875 1509.99951171875
v 867.9205322265625 844.2620849609375 939.9996948242188
v 867.9205322265625 916.7598876953125 939.9996948242188
v 867.9202880859375 844.26220703125 1509.9996337890625
v 867.9202880859375 916.7596435546875 1509.9996337890625
v 867.9205322265625 916.7598876953125 939.9996948242188
v 807.9168701171875 916.7598876953125 939.9996337890625
v 867.9202880859375 916.7596435546875 1509.9996337890625
v 807.9166259765625 916.7596435546875 1509.9996337890625
v 807.9168701171875 916.7598876953125 939.9996337890625
v 807.9168701171875 844.2620849609375 939.9996948242188
v 807.9166259765625 916.7596435546875 1509.9996337890625
v 807.9166259765625 844.26220703125 1509.9996337890625
v 807.9168701171875 844.2620849609375 939.9996948242188
v 867.9205322265625 844.2620849609375 939.9996948242188
v 807.9166259765625 844.26220703125 1509.9996337890625
v 867.9202880859375 844.26220703125 1509.9996337890625
v 807.9166259765625 844.26220703125 1509.9996337890625
v 867.9202880859375 844.26220703125 1509.9996337890625
v 867.9202880859375 916.7596435546875 1509.9996337890625
v 807.9166259765625 916.7596435546875 1509.9996337890625
v 250.421630859375 939.2633056640625 1494.9996337890625
v 250.421630859375 824.260986328125 1494.99951171875
v 250.421630859375 939.2633056640625 1509.99951171875
v 250.421630859375 824.260986328125 1509.9993896484375
v 250.421630859375 824.260986328125 1494.99951171875
v 855.4202880859375 824.260986328125 1494.9996337890625
v 250.421630859375 824.260986328125 1509.9993896484375
v 855.4202880859375 824.260986328125 1509.99951171875
v 855.4202880859375 824.260986328125 1494.9996337890625
v 855.4202880859375 939.2633056640625 1494.999755859375
v 855.4202880859375 824.260986328125 1509.99951171875
v 855.4202880859375 939.2633056640625 1509.9996337890625
v 855.4202880859375 939.2633056640625 1494.999755859375
v 250.421630859375 939.2633056640625 1494.9996337890625
v 855.4202880859375 939.2633056640625 1509.9996337890625
v 250.421630859375 939.2633056640625 1509.99951171875
v 250.421630859375 939.2633056640625 1494.9996337890625
v 855.4202880859375 939.2633056640625 1494.999755859375
v 250.421630859375 824.260986328125 1494.99951171875
v 855.4202880859375 824.260986328125 1494.9996337890625
v 807.9232177734375 906.7623291015625 939.9996337890625
v 802.9244384765625 906.7623291015625 939.9996337890625
v 807.9229736328125 906.7620849609375 1429.99951171875
v 802.9241943359375 906.7620849609375 1429.99951171875
v 802.9244384765625 906.7623291015625 939.9996337890625
v 797.9256591796875 901.7635498046875 939.9996337890625
v 802.9241943359375 906.7620849609375 1429.99951171875
v 797.9254150390625 901.7633056640625 1429.99951171875
v 797.9256591796875 901.7635498046875 939.9996337890625
v 797.9256591796875 896.7586669921875 939.9996337890625
v 797.9254150390625 901.7633056640625 1429.9996337890625
v 797.9254150390625 896.7584228515625 1429.9996337890625
v 807.9229736328125 906.7620849609375 1429.9996337890625
v 802.9241943359375 906.7620849609375 1429.9996337890625
v 797.9254150390625 901.7633056640625 1429.9996337890625
v 807.9229736328125 896.7584228515625 1429.9996337890625
v 797.9254150390625 896.7584228515625 1429.9996337890625
v 320.4229736328125 896.7586669921875 939.9996948242188
v 320.4229736328125 901.7635498046875 939.9996948242188
v 320.4229736328125 896.7584228515625 1429.99951171875
v 320.4229736328125 901.7633056640625 1429.99951171875
v 320.4229736328125 901.7635498046875 939.9996948242188
v 315.4241943359375 906.7623291015625 939.9996948242188
v 320.4229736328125 901.7633056640625 1429.9993896484375
v 315.4241943359375 906.7620849609375 1429.9993896484375
v 315.4241943359375 906.7623291015625 939.9996948242188
v 310.4254150390625 906.7623291015625 939.9996948242188
v 315.4241943359375 906.7620849609375 1429.9993896484375
v 310.4254150390625 906.7620849609375 1429.9993896484375
v 310.4254150390625 896.7584228515625 1429.99951171875
v 320.4229736328125 896.7584228515625 1429.99951171875
v 320.4229736328125 901.7633056640625 1429.99951171875
v 310.4254150390625 906.7620849609375 1429.99951171875
v 315.4241943359375 906.7620849609375 1429.99951171875
v 807.9229736328125 896.7584228515625 1429.9996337890625
v 807.9229736328125 906.7559814453125 1429.9996337890625
v 807.9229736328125 896.7584228515625 1434.9996337890625
v 807.9229736328125 911.7559814453125 1434.9996337890625
v 807.9229736328125 906.7559814453125 1429.9996337890625
v 310.4254150390625 906.7559814453125 1429.99951171875
v 807.9229736328125 911.7559814453125 1434.9996337890625
v 310.4254150390625 911.7559814453125 1434.99951171875
v 310.4254150390625 906.7559814453125 1429.99951171875
v 310.4254150390625 896.7584228515625 1429.99951171875
v 310.4254150390625 911.7559814453125 1434.99951171875
v 310.4254150390625 896.7584228515625 1434.99951171875
v 310.4254150390625 896.7584228515625 1429.99951171875
v 807.9229736328125 896.7584228515625 1429.9996337890625
v 310.4254150390625 896.7584228515625 1434.99951171875
v 807.9229736328125 896.7584228515625 1434.9996337890625
v 807.9229736328125 906.7559814453125 1429.9996337890625
v 807.9229736328125 896.7584228515625 1429.9996337890625
v 310.4254150390625 906.7559814453125 1429.99951171875
v 310.4254150390625 896.7584228515625 1429.99951171875
v 807.9229736328125 896.7584228515625 1444.9996337890625
v 807.9229736328125 911.7547607421875 1444.9996337890625
v 807.9229736328125 911.7547607421875 1434.9996337890625
v 310.4254150390625 911.7547607421875 1434.99951171875
v 807.9229736328125 911.7547607421875 1444.9996337890625
v 310.4254150390625 911.7547607421875 1444.99951171875
v 310.4254150390625 911.7547607421875 1444.99951171875
v 310.4254150390625 896.7584228515625 1444.99951171875
v 310.4254150390625 896.7584228515625 1444.99951171875
v 807.9229736328125 896.7584228515625 1444.9996337890625
v 807.9229736328125 911.7547607421875 1434.9996337890625
v 807.9229736328125 896.7584228515625 1434.9996337890625
v 310.4254150390625 911.7547607421875 1434.99951171875
v 310.4254150390625 896.7584228515625 1434.99951171875
v 807.9229736328125 909.2584228515625 1444.9996337890625
v 807.9229736328125 896.7584228515625 1479.999755859375
v 807.9229736328125 909.2584228515625 1479.999755859375
v 807.9229736328125 909.2584228515625 1444.9996337890625
v 310.4254150390625 909.2584228515625 1444.99951171875
v 807.9229736328125 909.2584228515625 1479.999755859375
v 310.4254150390625 909.2584228515625 1479.9996337890625
v 310.4254150390625 909.2584228515625 1444.99951171875
v 310.4254150390625 909.2584228515625 1479.9996337890625
v 310.4254150390625 896.7584228515625 1479.9996337890625
v 310.4254150390625 896.7584228515625 1479.9996337890625
v 807.9229736328125 896.7584228515625 1479.999755859375
v 807.9229736328125 909.2584228515625 1444.9996337890625
v 807.9229736328125 896.7584228515625 1444.9996337890625
v 310.4254150390625 909.2584228515625 1444.99951171875
v 310.4254150390625 896.7584228515625 1444.99951171875
v 807.9229736328125 924.2608642578125 1479.9998779296875
v 807.9229736328125 909.2584228515625 1479.999755859375
v 310.4254150390625 924.2608642578125 1479.999755859375
v 310.4254150390625 909.2584228515625 1479.9996337890625
v 807.9229736328125 924.2608642578125 1479.9998779296875
v 807.9229736328125 896.7584228515625 1484.999755859375
v 807.9229736328125 929.2606201171875 1484.9998779296875
v 807.9229736328125 924.2608642578125 1479.9998779296875
v 310.4254150390625 924.2608642578125 1479.999755859375
v 807.9229736328125 929.2606201171875 1484.9998779296875
v 310.4254150390625 929.2606201171875 1484.999755859375
v 310.4254150390625 924.2608642578125 1479.999755859375
v 310.4254150390625 929.2606201171875 1484.999755859375
v 310.4254150390625 896.7584228515625 1484.9996337890625
v 310.4254150390625 896.7584228515625 1484.9996337890625
v 807.9229736328125 896.7584228515625 1484.999755859375
v 807.9229736328125 896.7584228515625 1479.999755859375
v 310.4254150390625 896.7584228515625 1479.9996337890625
v 807.9229736328125 929.2596435546875 1484.9998779296875
v 807.9229736328125 896.7584228515625 1494.999755859375
v 807.9229736328125 929.2596435546875 1494.9998779296875
v 807.9229736328125 929.2596435546875 1484.9998779296875
v 310.4254150390625 929.2596435546875 1484.999755859375
v 807.9229736328125 929.2596435546875 1494.9998779296875
v 310.4254150390625 929.2596435546875 1494.999755859375
v 310.4254150390625 929.2596435546875 1494.999755859375
v 310.4254150390625 896.7584228515625 1494.9996337890625
v 310.4254150390625 896.7584228515625 1494.9996337890625
v 807.9229736328125 896.7584228515625 1494.999755859375
v 807.9229736328125 929.2596435546875 1484.9998779296875
v 807.9229736328125 896.7584228515625 1484.999755859375
v 310.4254150390625 929.2596435546875 1484.999755859375
v 310.4254150390625 896.7584228515625 1484.9996337890625
f 2 1 3
f 4 2 3
f 1722 1721 1723
f 1724 1722 1723
f 1706 1705 1707
f 1708 1706 1707
f 1702 1701 1703
f 1704 1702 1703
f 1692 1691 1693
f 1694 1692 1693
f 1676 1675 1677
f 1678 1676 1677
f 1672 1671 1673
f 1674 1672 1673
f 52 51 53
f 54 52 53
f 36 35 37
f 38 36 37
f 32 31 33
f 34 32 33
f 22 21 23
f 24 22 23
f 6 5 7
f 8 6 7
f 40 39 41
f 42 40 41
f 18 17 19
f 20 18 19
f 14 13 15
f 16 14 15
f 10 9 11
f 12 10 11
f 1736 1735 1737
f 1736 1737 1738
f 1732 1731 1733
f 1734 1732 1733
f 1718 1717 1719
f 1720 1718 1719
f 1714 1713 1715
f 1716 1714 1715
f 1710 1709 1711
f 1712 1710 1711
f 1688 1687 1689
f 1690 1688 1689
f 1684 1683 1685
f 1686 1684 1685
f 1680 1679 1681
f 1682 1680 1681
f 1668 1667 1669
f 1670 1668 1669
f 1664 1663 1665
f 1666 1664 1665
f 1660 1659 1661
f 1662 1660 1661
f 1656 1655 1657
f 1658 1656 1657
f 1430 1429 1431
f 1432 1430 1431
f 1426 1425 1427
f 1428 1426 1427
f 1422 1421 1423
f 1424 1422 1423
f 1418 1417 1419
f 1420 1418 1419
f 1306 1305 1307
f 1308 1306 1307
f 1302 1301 1303
f 1304 1302 1303
f 1298 1297 1299
f 1300 1298 1299
f 1294 1293 1295
f 1296 1294 1295
f 1074 1073 1075
f 1076 1074 1075
f 1070 1069 1071
f 1072 1070 1071
f 1066 1065 1067
f 1068 1066 1067
f 1062 1061 1063
f 1064 1062 1063
f 1054 1053 1055
f 1056 1054 1055
f 1050 1049 1051
f 1052 1050 1051
f 1046 1045 1047
f 1048 1046 1047
f 1042 1041 1043
f 1044 1042 1043
f 1038 1037 1039
f 1040 1038 1039
f 1034 1033 1035
f 1036 1034 1035
f 1030 1029 1031
f 1032 1030 1031
f 1026 1025 1027
f 1028 1026 1027
f 1014 1013 1015
f 1016 1014 1015
f 1010 1009 1011
f 1012 1010 1011
f 1006 1005 1007
f 1008 1006 1007
f 1002 1001 1003
f 1004 1002 1003
f 858 857 859
f 860 858 859
f 854 853 855
f 856 854 855
f 850 849 851
f 852 850 851
f 494 493 495
f 496 494 495
f 490 489 491
f 492 490 491
f 486 485 487
f 488 486 487
f 482 481 483
f 484 482 483
f 474 473 475
f 476 474 475
f 470 469 471
f 472 470 471
f 466 465 467
f 468 466 467
f 462 461 463
f 464 462 463
f 458 457 459
f 460 458 459
f 454 453 455
f 456 454 455
f 450 449 451
f 452 450 451
f 446 445 447
f 448 446 447
f 434 433 435
f 436 434 435
f 430 429 431
f 432 430 431
f 426 425 427
f 428 426 427
f 422 421 423
f 424 422 423
f 410 409 411
f 412 410 411
f 406 405 407
f 408 406 407
f 402 401 403
f 404 402 403
f 398 397 399
f 400 398 399
f 48 47 49
f 50 48 49
f 44 43 45
f 46 44 45
f 26 25 27
f 27 25 28
f 25 29 28
f 29 30 28
f 1018 1017 1019
f 1020 1017 1018
f 1020 1018 1021
f 1021 1024 1020
f 1022 1024 1021
f 1022 1021 1023
f 1726 1725 1727
f 1727 1725 1728
f 1725 1729 1728
f 1729 1730 1728
f 441 440 442
f 442 443 441
f 444 443 442
f 439 443 444
f 439 444 438
f 438 437 439
f 440 437 438
f 441 437 440
f 56 55 57
f 57 55 58
f 55 59 58
f 59 60 58
f 1696 1695 1697
f 1697 1695 1698
f 1695 1699 1698
f 1699 1700 1698
f 414 413 415
f 416 415 413
f 417 418 420
f 418 417 419
f 478 477 479
f 477 480 479
f 1058 1057 1059
f 1057 1060 1059
f 62 61 63
f 64 62 63
f 66 68 65
f 66 65 67
f 110 109 111
f 112 110 111
f 102 101 103
f 104 102 103
f 98 97 99
f 100 98 99
f 94 93 95
f 96 94 95
f 90 89 91
f 92 90 91
f 82 81 83
f 84 82 83
f 78 77 79
f 80 78 79
f 74 73 75
f 76 74 75
f 70 69 71
f 72 70 71
f 1796 1798 1795
f 1796 1795 1797
f 1792 1794 1791
f 1792 1791 1793
f 1788 1790 1787
f 1788 1787 1789
f 1784 1786 1783
f 1784 1783 1785
f 1780 1782 1779
f 1780 1779 1781
f 1776 1778 1775
f 1776 1775 1777
f 1760 1762 1759
f 1760 1759 1761
f 1756 1758 1755
f 1756 1755 1757
f 1752 1754 1751
f 1752 1751 1753
f 1748 1750 1747
f 1748 1747 1749
f 1744 1746 1743
f 1744 1743 1745
f 1740 1742 1739
f 1740 1739 1741
f 1582 1584 1581
f 1582 1581 1583
f 1578 1580 1577
f 1578 1577 1579
f 1574 1576 1573
f 1574 1573 1575
f 1570 1572 1569
f 1570 1569 1571
f 1566 1568 1565
f 2152 2151 1567
f 1562 1564 1561
f 1562 1561 1563
f 1558 1560 1557
f 1558 1557 1559
f 1554 1556 1553
f 1554 1553 1555
f 1550 1552 1549
f 1550 1549 1551
f 1546 1548 1545
f 1546 1545 1547
f 1542 1544 1541
f 2154 2153 1543
f 1538 1540 1537
f 1538 1537 1539
f 1534 1536 1533
f 2156 2155 1535
f 1530 1532 1529
f 1530 1529 1531
f 1526 1528 1525
f 1526 1525 1527
f 1522 1524 1521
f 1522 1521 1523
f 1518 1520 1517
f 2158 2157 1519
f 1514 1516 1513
f 1514 1513 1515
f 1510 1512 1509
f 1510 1509 1511
f 1506 1508 1505
f 1506 1505 1507
f 1502 1504 1501
f 1502 1501 1503
f 1498 1500 1497
f 1498 1497 1499
f 1494 1496 1493
f 2160 2159 1495
f 1490 1492 1489
f 1490 1489 1491
f 1402 1404 1401
f 1402 1401 1403
f 1398 1400 1397
f 1398 1397 1399
f 1394 1396 1393
f 1394 1393 1395
f 1390 1392 1389
f 1390 1389 1391
f 1386 1388 1385
f 1386 2161 1387
f 1382 1384 1381
f 1382 1381 1383
f 1378 1380 1377
f 1378 1377 1379
f 1374 1376 1373
f 1374 1373 1375
f 1370 1372 1369
f 1370 1369 1371
f 1366 1368 1365
f 1366 1365 1367
f 1362 1364 1361
f 2163 2162 1363
f 1358 1360 1357
f 1358 1357 1359
f 1354 1356 1353
f 2165 2164 1355
f 1350 1352 1349
f 1350 1349 1351
f 1346 1348 1345
f 1346 1345 1347
f 1342 1344 1341
f 1342 1341 1343
f 1338 1340 1337
f 2167 2166 1339
f 1334 1336 1333
f 1334 1333 1335
f 1330 1332 1329
f 1330 1329 1331
f 1326 1328 1325
f 1326 1325 1327
f 1322 1324 1321
f 1322 1321 1323
f 1318 1320 1317
f 1318 1317 1319
f 1314 1316 1313
f 2169 2168 1315
f 1310 1312 1309
f 1310 1309 1311
f 1226 1228 1225
f 1226 1225 1227
f 1222 1224 1221
f 1222 1221 1223
f 1218 1220 1217
f 1218 1217 1219
f 1214 1216 1213
f 1214 1213 1215
f 1210 1212 1209
f 1210 2170 1211
f 1206 1208 1205
f 1206 1205 1207
f 1202 1204 1201
f 1202 1201 1203
f 1198 1200 1197
f 1198 1197 1199
f 1194 1196 1193
f 1194 1193 1195
f 1190 1192 1189
f 1190 1189 1191
f 1186 1188 1185
f 2172 2171 1187
f 1182 1184 1181
f 1182 1181 1183
f 1178 1180 1177
f 2174 2173 1179
f 1174 1176 1173
f 1174 1173 1175
f 1170 1172 1169
f 1170 1169 1171
f 1166 1168 1165
f 1166 1165 1167
f 1162 1164 1161
f 2176 2175 1163
f 1158 1160 1157
f 1158 1157 1159
f 1154 1156 1153
f 1154 1153 1155
f 1150 1152 1149
f 1150 1149 1151
f 1146 1148 1145
f 1146 1145 1147
f 1142 1144 1141
f 1142 1141 1143
f 1138 1140 1137
f 2178 2177 1139
f 1134 1136 1133
f 1134 1133 1135
f 974 976 973
f 974 973 975
f 970 972 969
f 970 969 971
f 966 968 965
f 966 965 967
f 962 964 961
f 962 961 963
f 958 960 957
f 958 957 959
f 954 956 953
f 954 953 955
f 938 940 937
f 938 937 939
f 934 936 933
f 934 933 935
f 930 932 929
f 930 929 931
f 926 928 925
f 926 925 927
f 922 924 921
f 922 921 923
f 918 920 917
f 918 917 919
f 902 904 901
f 902 901 903
f 898 900 897
f 898 897 899
f 894 896 893
f 894 893 895
f 890 892 889
f 890 889 891
f 886 888 885
f 886 885 887
f 882 884 881
f 882 881 883
f 830 832 829
f 830 829 831
f 826 828 825
f 826 825 827
f 822 824 821
f 822 821 823
f 818 820 817
f 818 817 819
f 814 816 813
f 814 813 815
f 810 812 809
f 810 809 811
f 806 808 805
f 806 805 807
f 802 804 801
f 802 801 803
f 798 800 797
f 798 797 799
f 794 796 793
f 794 793 795
f 790 792 789
f 790 789 791
f 786 788 785
f 786 785 787
f 782 784 781
f 782 781 783
f 778 780 777
f 778 777 779
f 774 776 773
f 774 773 775
f 770 772 769
f 770 769 771
f 766 768 765
f 766 765 767
f 762 764 761
f 762 761 763
f 758 760 757
f 758 757 759
f 754 756 753
f 754 753 755
f 750 752 749
f 750 749 751
f 746 748 745
f 746 745 747
f 742 744 741
f 742 741 743
f 738 740 737
f 738 737 739
f 734 736 733
f 734 733 735
f 730 732 729
f 730 729 731
f 726 728 725
f 726 725 727
f 722 724 721
f 722 721 723
f 718 720 717
f 718 717 719
f 714 716 713
f 714 713 715
f 710 712 709
f 710 709 711
f 706 708 705
f 706 705 707
f 702 704 701
f 702 701 703
f 698 700 697
f 698 697 699
f 694 696 693
f 694 693 695
f 690 692 689
f 690 689 691
f 686 688 685
f 686 685 687
f 682 684 681
f 682 681 683
f 678 680 677
f 678 677 679
f 674 676 673
f 674 673 675
f 670 672 669
f 670 669 671
f 666 668 665
f 666 665 667
f 662 664 661
f 662 661 663
f 658 660 657
f 658 657 659
f 654 656 653
f 654 653 655
f 650 652 649
f 650 649 651
f 646 648 645
f 646 645 647
f 642 644 641
f 642 641 643
f 638 640 637
f 638 637 639
f 634 636 633
f 634 633 635
f 630 632 629
f 630 629 631
f 626 628 625
f 626 625 627
f 622 624 621
f 622 621 623
f 618 620 617
f 618 617 619
f 614 616 613
f 614 613 615
f 610 612 609
f 610 609 611
f 606 608 605
f 606 605 607
f 602 604 601
f 602 601 603
f 598 600 597
f 598 597 599
f 594 596 593
f 594 593 595
f 590 592 589
f 590 589 591
f 586 588 585
f 586 585 587
f 582 584 581
f 582 581 583
f 578 580 577
f 578 577 579
f 574 576 573
f 574 573 575
f 570 572 569
f 570 569 571
f 566 568 565
f 566 565 567
f 562 564 561
f 562 561 563
f 558 560 557
f 558 557 559
f 554 556 553
f 554 553 555
f 550 552 549
f 550 549 551
f 546 548 545
f 546 545 547
f 390 389 391
f 392 390 391
f 386 385 387
f 388 386 387
f 382 381 383
f 384 382 383
f 378 377 379
f 380 378 379
f 346 345 347
f 348 346 347
f 342 341 343
f 344 342 343
f 338 337 339
f 340 338 339
f 334 333 335
f 336 334 335
f 326 325 327
f 328 326 327
f 322 321 323
f 324 322 323
f 318 317 319
f 320 318 319
f 314 313 315
f 316 314 315
f 310 309 311
f 312 310 311
f 306 305 307
f 308 306 307
f 302 301 303
f 304 302 303
f 298 297 299
f 300 298 299
f 286 285 287
f 288 286 287
f 282 281 283
f 284 282 283
f 278 277 279
f 280 278 279
f 274 273 275
f 276 274 275
f 266 265 267
f 268 266 267
f 262 261 263
f 264 262 263
f 258 257 259
f 260 258 259
f 254 253 255
f 256 254 255
f 246 245 247
f 248 246 247
f 242 241 243
f 244 242 243
f 238 237 239
f 240 238 239
f 234 233 235
f 236 234 235
f 226 225 227
f 228 226 227
f 222 221 223
f 224 222 223
f 218 217 219
f 220 218 219
f 214 213 215
f 216 214 215
f 206 205 207
f 208 206 207
f 202 201 203
f 204 202 203
f 198 197 199
f 200 198 199
f 194 193 195
f 196 194 195
f 186 185 187
f 188 186 187
f 182 181 183
f 184 182 183
f 178 177 179
f 180 178 179
f 174 173 175
f 176 174 175
f 170 169 171
f 172 170 171
f 166 165 167
f 168 166 167
f 162 161 163
f 164 162 163
f 158 157 159
f 160 158 159
f 146 145 147
f 148 146 147
f 142 141 143
f 144 142 143
f 138 137 139
f 140 138 139
f 134 133 135
f 136 134 135
f 122 121 123
f 124 122 123
f 118 117 119
f 120 118 119
f 116 114 115
f 114 113 115
f 126 125 127
f 128 127 125
f 129 130 132
f 130 129 131
f 150 149 151
f 152 151 149
f 154 153 155
f 156 155 153
f 189 190 192
f 190 189 191
f 209 210 212
f 210 209 211
f 230 229 231
f 231 229 232
f 249 250 252
f 250 249 251
f 270 269 271
f 271 269 272
f 290 289 291
f 292 291 289
f 294 293 295
f 296 295 293
f 329 330 332
f 330 329 331
f 350 349 351
f 351 349 352
f 394 393 395
f 396 395 393
f 86 85 87
f 87 85 88
f 105 106 108
f 106 105 107
f 1614 1613 1615
f 1824 1823 1825
f 1825 1823 1826
f 1827 1825 1826
f 1829 1828 1830
f 1831 1829 1830
f 1820 1819 1821
f 1822 1820 1821
f 1816 1815 1817
f 1818 1816 1817
f 1812 1811 1813
f 1814 1812 1813
f 1653 1652 1654
f 1806 1805 1807
f 1805 1808 1807
f 1808 1809 1807
f 1810 1809 1808
f 1800 1799 1801
f 1801 1799 1802
f 1802 1799 1803
f 1804 1802 1803
f 1631 1630 1632
f 1633 1631 1632
f 1627 1626 1628
f 1629 1627 1628
f 530 532 529
f 530 529 531
f 526 528 525
f 526 525 527
f 522 524 521
f 522 521 523
f 518 520 517
f 518 517 519
f 514 516 513
f 514 513 515
f 510 512 509
f 510 509 511
f 506 508 505
f 506 505 507
f 502 504 501
f 502 501 503
f 498 500 497
f 498 497 499
f 2148 2147 2149
f 2148 2149 2150
f 2140 2139 2141
f 2142 2140 2141
f 2136 2118 2137
f 2138 2136 2137
f 2117 2116 2118
f 2119 2117 2118
f 2133 2132 2134
f 2133 2134 2135
f 2129 2128 2130
f 2131 2129 2130
f 2131 2130 2145
f 2146 2131 2145
f 2125 2124 2126
f 2127 2125 2126
f 2127 2126 2143
f 2144 2127 2143
f 2121 2120 2122
f 2123 2121 2122
f 2113 2112 2114
f 2113 2114 2115
f 2109 2108 2110
f 2109 2110 2111
f 2089 2103 2104
f 2105 2089 2104
f 2071 2070 2072
f 2073 2071 2072
f 2073 2072 2088
f 2089 2073 2088
f 2100 2099 2101
f 2102 2100 2101
f 2096 2082 2097
f 2098 2096 2097
f 2063 2062 2064
f 2065 2063 2064
f 2065 2064 2082
f 2083 2065 2082
f 2093 2092 2094
f 2093 2094 2095
f 2085 2084 2086
f 2087 2085 2086
f 2079 2078 2080
f 2079 2080 2081
f 2075 2074 2076
f 2077 2075 2076
f 2077 2076 2090
f 2091 2077 2090
f 2091 2090 2106
f 2107 2091 2106
f 2067 2066 2068
f 2069 2067 2068
f 2054 2053 2055
f 2056 2054 2055
f 2050 2049 2051
f 2052 2050 2051
f 2046 2045 2047
f 2048 2046 2047
f 2037 2036 2038
f 2039 2037 2038
f 2033 2032 2034
f 2035 2033 2034
f 2029 2028 2030
f 2031 2029 2030
f 2025 2024 2026
f 2025 2026 2027
f 2021 2020 2022
f 2023 2021 2022
f 2017 2016 2018
f 2019 2017 2018
f 2013 2012 2014
f 2015 2013 2014
f 2009 2008 2010
f 2011 2009 2010
f 2001 2000 2002
f 2003 2001 2002
f 1997 1996 1998
f 1999 1997 1998
f 1993 1992 1994
f 1995 1993 1994
f 1989 1988 1990
f 1991 1989 1990
f 1981 1980 1982
f 1983 1981 1982
f 1977 1976 1978
f 1979 1977 1978
f 1973 1972 1974
f 1975 1973 1974
f 1969 1968 1970
f 1971 1969 1970
f 1965 1964 1966
f 1965 1966 1967
f 1957 1956 1958
f 1959 1957 1958
f 1953 1935 1954
f 1955 1953 1954
f 1934 1933 1935
f 1936 1934 1935
f 1950 1949 1951
f 1950 1951 1952
f 1946 1945 1947
f 1948 1946 1947
f 1948 1947 1962
f 1963 1948 1962
f 1942 1941 1943
f 1944 1942 1943
f 1944 1943 1960
f 1961 1944 1960
f 1938 1937 1939
f 1940 1938 1939
f 1930 1929 1931
f 1930 1931 1932
f 1926 1925 1927
f 1926 1927 1928
f 1906 1920 1921
f 1922 1906 1921
f 1888 1887 1889
f 1890 1888 1889
f 1890 1889 1905
f 1906 1890 1905
f 1917 1916 1918
f 1919 1917 1918
f 1913 1899 1914
f 1915 1913 1914
f 1880 1879 1881
f 1882 1880 1881
f 1882 1881 1899
f 1900 1882 1899
f 1910 1909 1911
f 1910 1911 1912
f 1902 1901 1903
f 1904 1902 1903
f 1896 1895 1897
f 1896 1897 1898
f 1884 1883 1885
f 1886 1884 1885
f 1871 1870 1872
f 1873 1871 1872
f 1867 1866 1868
f 1869 1867 1868
f 1863 1862 1864
f 1865 1863 1864
f 1854 1853 1855
f 1856 1854 1855
f 1850 1849 1851
f 1852 1850 1851
f 1846 1845 1847
f 1848 1846 1847
f 1837 1836 1838
f 1839 1837 1838
f 1833 1832 1834
f 1835 1833 1834
f 1639 1638 1640
f 1641 1639 1640
f 1635 1634 1636
f 1637 1635 1636
f 1482 1481 1483
f 1484 1482 1483
f 1478 1480 1477
f 1478 1477 1479
f 1474 1476 1473
f 1474 1473 1475
f 1470 1472 1469
f 1470 1469 1471
f 1466 1468 1465
f 1466 1465 1467
f 1462 1464 1461
f 2180 2179 1463
f 1458 1460 1457
f 1458 1457 1459
f 1454 1456 1453
f 1454 1453 1455
f 1450 1452 1449
f 2182 2181 1451
f 1446 1448 1445
f 1446 1445 1447
f 1442 1444 1441
f 1442 1441 1443
f 1438 1440 1437
f 1438 1437 1439
f 1434 1436 1433
f 1434 1433 1435
f 1280 1279 1281
f 1282 1280 1281
f 1276 1275 1277
f 1278 1276 1277
f 1272 1271 1273
f 1274 1272 1273
f 1268 1267 1269
f 1270 1268 1269
f 1126 1125 1127
f 1128 1126 1127
f 1122 1124 1121
f 1122 1121 1123
f 1118 1120 1117
f 1118 1117 1119
f 1114 1116 1113
f 1114 1113 1115
f 1110 1112 1109
f 1110 1109 1111
f 1106 1108 1105
f 1106 1105 1107
f 1102 1104 1101
f 1102 1101 1103
f 1098 1100 1097
f 1098 1097 1099
f 1094 1096 1093
f 2183 1093 1095
f 1090 1092 1089
f 1090 1089 1091
f 1086 1088 1085
f 1086 1085 1087
f 1082 1084 1081
f 1082 1081 1083
f 1078 1080 1077
f 1078 1077 1079
f 874 873 875
f 876 874 875
f 870 872 869
f 870 869 871
f 866 868 865
f 866 865 867
f 862 864 861
f 862 861 863
f 542 544 541
f 542 541 543
f 538 540 537
f 538 537 539
f 534 536 533
f 534 533 535
f 1892 1891 1893
f 1894 1892 1893
f 1894 1893 1907
f 1908 1894 1907
f 1908 1907 1923
f 1924 1908 1923
f 1292 1284 1285
f 1284 1283 1285
f 2184 1288 1283
f 1288 1286 1283
f 1287 1286 2185
f 2185 1291 1287
f 2186 1289 1287
f 1290 1289 2186
f 1258 1259 1266
f 1258 1257 1259
f 1257 1261 2187
f 1257 1260 1261
f 2188 1260 1262
f 1262 1264 2188
f 1262 1263 2189
f 2189 1263 1265
f 880 877 878
f 878 877 879
f 906 905 907
f 907 905 908
f 908 905 909
f 910 908 909
f 1770 1769 1771
f 1769 1772 1771
f 1772 1773 1771
f 1774 1773 1772
f 1764 1763 1765
f 1765 1763 1766
f 1766 1763 1767
f 1768 1766 1767
f 912 911 913
f 911 914 913
f 914 915 913
f 916 915 914
f 942 941 943
f 943 941 944
f 944 941 945
f 946 944 945
f 1617 1618 1625
f 1617 1616 1618
f 1616 1620 2190
f 1616 1619 1620
f 2191 1619 1621
f 1621 1623 2191
f 1621 1622 2192
f 2192 1622 1624
f 948 947 949
f 947 950 949
f 950 951 949
f 952 951 950
f 978 977 979
f 979 977 980
f 980 977 981
f 982 980 981
f 2058 2057 2059
f 2059 2057 2060
f 2060 2061 2059
f 984 983 985
f 983 986 985
f 986 987 985
f 988 987 986
f 1132 1129 1130
f 1130 1129 1131
f 1230 1229 1231
f 1231 1229 1232
f 1232 1229 1233
f 1234 1232 1233
f 2041 2040 2042
f 2042 2040 2043
f 2044 2042 2043
f 1236 1235 1237
f 1235 1238 1237
f 1238 1239 1237
f 1240 1239 1238
f 1406 1405 1407
f 1407 1405 1408
f 1408 1405 1409
f 1410 1408 1409
f 2005 2004 2006
f 2004 2007 2006
f 1985 1984 1986
f 1984 1987 1986
f 1875 1874 1876
f 1876 1874 1877
f 1877 1878 1876
f 1412 1411 1413
f 1411 1414 1413
f 1414 1415 1413
f 1416 1415 1414
f 1488 1485 1486
f 1486 1485 1487
f 1586 1585 1587
f 1587 1585 1588
f 1588 1585 1589
f 1590 1588 1589
f 1858 1857 1859
f 1859 1857 1860
f 1861 1859 1860
f 1592 1591 1593
f 1591 1594 1593
f 1594 1595 1593
f 1596 1595 1594
f 1649 1648 1650
f 1650 1648 1646
f 1647 2193 1646
f 1646 1645 1647
f 2194 1645 1642
f 1643 2194 1642
f 2195 1642 1644
f 1651 2195 1644
f 1841 1840 1842
f 1842 1840 1843
f 1844 1842 1843
f 834 833 835
f 836 834 835
f 1610 1609 1611
f 1612 1610 1611
f 1606 1605 1607
f 1608 1606 1607
f 1602 1601 1603
f 1604 1602 1603
f 1598 1597 1599
f 1600 1598 1599
f 1254 1253 1255
f 1256 1254 1255
f 1250 1249 1251
f 1252 1250 1251
f 1246 1245 1247
f 1248 1246 1247
f 1242 1241 1243
f 1244 1242 1243
f 998 997 999
f 1000 998 999
f 994 993 995
f 996 994 995
f 990 989 991
f 992 990 991
f 846 845 847
f 848 846 847
f 842 841 843
f 844 842 843
f 838 837 839
f 840 838 839
f 354 353 355
f 356 354 355
f 370 369 371
f 372 370 371
f 366 365 367
f 368 366 367
f 358 357 359
f 360 358 359
f 361 362 364
f 362 361 363
f 373 374 376
f 374 373 375
