# from AsylumDistrict_CustomZone_Generic_0049_LOD_0.pskx
v 1949.999267578125 757.4979858398438 414.9999084472656
v 1949.999267578125 787.4970092773438 414.9999084472656
v 1949.999267578125 757.4979858398438 419.99993896484375
v 1949.999267578125 787.4970092773438 419.99993896484375
v 1949.999267578125 787.4970092773438 414.9999084472656
v -1545.001953125 787.4967041015625 414.9986572265625
v 1949.999267578125 787.4970092773438 419.99993896484375
v -1545.001953125 787.4967041015625 419.9986877441406
v -1545.0020751953125 757.4979248046875 414.9986572265625
v 1949.99951171875 757.4981079101562 414.9999084472656
v -1545.0020751953125 757.4979248046875 419.9986877441406
v 1949.99951171875 757.4981079101562 419.99993896484375
v 1949.999267578125 757.4979858398438 414.9999084472656
v -1545.0020751953125 757.4979248046875 414.9986572265625
v 1949.999267578125 787.4970092773438 414.9999084472656
v -1545.001953125 787.4967041015625 414.9986572265625
v 1949.999267578125 757.4979858398438 419.99993896484375
v 1949.999267578125 787.4970092773438 419.99993896484375
v -1545.0020751953125 757.4979248046875 419.9986877441406
v -1545.001953125 787.4967041015625 419.9986877441406
v 1949.999755859375 767.4978637695312 374.9996032714844
v 1949.999755859375 777.5015258789062 374.9996032714844
v 1949.999755859375 767.4978637695312 414.99957275390625
v 1949.999755859375 777.5015258789062 414.99957275390625
v 1949.999755859375 777.5015258789062 374.9996032714844
v -1545.002685546875 777.5054931640625 374.99835205078125
v 1949.999755859375 777.5015258789062 414.99957275390625
v -1545.002685546875 777.5054931640625 414.9983215332031
v -1545.0020751953125 767.5016479492188 374.99835205078125
v 1950.0 767.4979858398438 374.9996032714844
v -1545.0020751953125 767.5016479492188 414.9983215332031
v 1950.0 767.4979858398438 414.99957275390625
v 1949.999755859375 767.4978637695312 414.99957275390625
v 1949.999755859375 777.5015258789062 414.99957275390625
v -1545.0020751953125 767.5016479492188 414.9983215332031
v -1545.0020751953125 777.5053100585938 414.9983215332031
v 1949.999755859375 757.5003051757812 369.99969482421875
v 1949.999755859375 787.4992065429688 369.99969482421875
v 1949.999755859375 757.5003051757812 374.99969482421875
v 1949.999755859375 787.4992065429688 374.99969482421875
v 1949.999755859375 787.4992065429688 369.99969482421875
v -1545.002197265625 787.5028076171875 369.99835205078125
v 1949.999755859375 787.4992065429688 374.99969482421875
v -1545.002197265625 787.5028076171875 374.99835205078125
v -1545.002197265625 757.5040283203125 369.99835205078125
v 1949.999755859375 757.5003051757812 369.99969482421875
v -1545.002197265625 757.5040283203125 374.99835205078125
v 1949.999755859375 757.5003051757812 374.99969482421875
v 1949.999755859375 757.5003051757812 369.99969482421875
v -1545.002197265625 757.5040283203125 369.99835205078125
v 1949.999755859375 787.4992065429688 369.99969482421875
v -1545.002197265625 787.5028076171875 369.99835205078125
v 1949.999755859375 757.5003051757812 374.99969482421875
v 1949.999755859375 787.4992065429688 374.99969482421875
v -1545.002197265625 757.5040283203125 374.99835205078125
v -1545.002197265625 787.5028076171875 374.99835205078125
v 1949.999755859375 37.49920654296875 414.9998779296875
v 1950.0 67.49786376953125 414.9998779296875
v 1949.999755859375 37.49920654296875 419.9999084472656
v 1950.0 67.49786376953125 419.9999084472656
v 1950.0 67.49786376953125 414.9998779296875
v -1545.0018310546875 67.50146484375 414.99871826171875
v 1950.0 67.49786376953125 419.9999084472656
v -1545.0018310546875 67.50146484375 419.9987487792969
v 1133.343505859375 37.4990234375 414.9981994628906
v 1533.34326171875 37.49908447265625 414.998779296875
v 1133.343505859375 37.4990234375 419.9981994628906
v 1533.34326171875 37.49908447265625 419.9988098144531
v 1949.999755859375 37.49920654296875 414.9998779296875
v 1533.34326171875 37.49908447265625 414.998779296875
v 1950.0 67.49786376953125 414.9998779296875
v -1545.0020751953125 67.50149536132812 414.99871826171875
v 1133.343505859375 37.4990234375 414.9981994628906
v -1545.002197265625 37.502716064453125 414.99871826171875
v 1949.999755859375 37.49920654296875 419.9999084472656
v 1950.0 67.49786376953125 419.9999084472656
v 1533.34326171875 37.49908447265625 419.9988098144531
v -1545.002197265625 67.50149536132812 419.9987487792969
v -1545.002197265625 37.502716064453125 419.9987487792969
v 1133.343505859375 37.4990234375 419.9981994628906
v 1950.000244140625 47.49676513671875 374.9996643066406
v 1950.0 57.50042724609375 374.9996643066406
v 1950.000244140625 47.49676513671875 414.9996337890625
v 1950.0 57.50042724609375 414.9996337890625
v 1950.0 57.50042724609375 374.9996643066406
v -1545.0018310546875 57.503936767578125 374.9986877441406
v 1950.0 57.50042724609375 414.9996337890625
v -1545.0018310546875 57.503936767578125 414.99871826171875
v 1123.3427734375 47.49652099609375 374.998291015625
v 1533.34326171875 47.49664306640625 374.9986572265625
v 1123.3427734375 47.49652099609375 414.998291015625
v 1533.34326171875 47.49664306640625 414.9986267089844
v 1950.000244140625 47.49676513671875 414.9996337890625
v 1950.0 57.50042724609375 414.9996337890625
v 1533.34326171875 47.49664306640625 414.9986267089844
v -1545.0020751953125 57.50396728515625 414.9986877441406
v -1545.002197265625 47.500396728515625 414.9986877441406
v 1123.3427734375 47.49652099609375 414.998291015625
v 1949.999755859375 37.49920654296875 369.999755859375
v 1950.0 67.49786376953125 369.999755859375
v 1949.999755859375 37.49920654296875 374.999755859375
v 1950.0 67.49786376953125 374.999755859375
v 1950.0 67.49786376953125 369.999755859375
v -1545.0018310546875 67.50146484375 369.998779296875
v 1950.0 67.49786376953125 374.999755859375
v -1545.0018310546875 67.50146484375 374.9988098144531
v 1123.343017578125 37.49908447265625 369.9983825683594
v 1533.34326171875 37.49908447265625 369.99884033203125
v 1123.343017578125 37.49908447265625 374.9984130859375
v 1533.34326171875 37.49908447265625 374.99884033203125
v 1949.999755859375 37.49920654296875 369.999755859375
v 1533.34326171875 37.49908447265625 369.99884033203125
v 1950.0 67.49786376953125 369.999755859375
v -1545.0020751953125 67.50149536132812 369.998779296875
v 1123.343017578125 37.49908447265625 369.9983825683594
v -1545.002197265625 37.502716064453125 369.998779296875
v -1545.002197265625 757.5040283203125 -130.00086975097656
v 1525.000244140625 757.5005493164062 -130.00021362304688
v -1545.002197265625 757.5040283203125 -125.00086212158203
v 1525.000244140625 757.5005493164062 -125.00022888183594
v 1524.999755859375 787.4990844726562 -130.00022888183594
v -1545.00244140625 787.502685546875 -130.00086975097656
v 1524.999755859375 787.4990844726562 -125.00022888183594
v -1545.00244140625 787.502685546875 -125.00086212158203
v -1545.0020751953125 787.5028076171875 -130.00086975097656
v 1524.999755859375 787.4990844726562 -130.00022888183594
v -1545.002197265625 757.5040283203125 -130.00086975097656
v 1524.999755859375 757.5003051757812 -130.00021362304688
v -1545.0020751953125 787.5028076171875 -125.00086212158203
v -1545.002197265625 757.5040283203125 -125.00086212158203
v 1524.999755859375 787.4990844726562 -125.00022888183594
v 1524.999755859375 757.5003051757812 -125.00022888183594
v -1545.002197265625 767.5015869140625 -125.00105285644531
v 1524.999755859375 767.4978637695312 -125.00041961669922
v -1545.002197265625 767.5015869140625 -85.00106048583984
v 1524.999755859375 767.4978637695312 -85.00042724609375
v 1524.999755859375 777.5012817382812 -125.00041961669922
v -1545.0020751953125 777.5052490234375 -125.00105285644531
v 1524.999755859375 777.5012817382812 -85.00041961669922
v -1545.0020751953125 777.5052490234375 -85.00106048583984
v -1545.0020751953125 777.5052490234375 -85.00106048583984
v -1545.002197265625 767.5015869140625 -85.00106048583984
v 1524.999755859375 777.5012817382812 -85.00041961669922
v 1524.999755859375 767.4977416992188 -85.00041961669922
v -1545.002197265625 757.5040283203125 -85.0007553100586
v 1525.000244140625 757.5005493164062 -85.00011444091797
v -1545.002197265625 757.5040283203125 -80.0007553100586
v 1525.000244140625 757.5005493164062 -80.00011444091797
v 1524.999755859375 787.4990844726562 -85.00011444091797
v -1545.00244140625 787.502685546875 -85.0007553100586
v 1524.999755859375 787.4990844726562 -80.00011444091797
v -1545.00244140625 787.502685546875 -80.0007553100586
v -1545.0020751953125 787.5028076171875 -85.0007553100586
v 1524.999755859375 787.4990844726562 -85.00011444091797
v -1545.002197265625 757.5040283203125 -85.0007553100586
v 1524.999755859375 757.5003051757812 -85.00011444091797
v -1545.0020751953125 787.5028076171875 -80.0007553100586
v -1545.002197265625 757.5040283203125 -80.0007553100586
v 1524.999755859375 787.4990844726562 -80.00011444091797
v 1524.999755859375 757.5003051757812 -80.00011444091797
v 1525.0029296875 777.5012817382812 -80.00021362304688
v -1545.0020751953125 777.5052490234375 -80.0008544921875
v 1525.0029296875 777.5012817382812 -60.000221252441406
v -1545.0020751953125 777.5052490234375 -60.000850677490234
v -1545.001953125 767.50146484375 -80.0008544921875
v 1525.00244140625 767.4976196289062 -80.00021362304688
v -1545.001953125 767.50146484375 -60.000850677490234
v 1525.00244140625 767.4976196289062 -60.000221252441406
v 1525.0029296875 767.4977416992188 -80.00021362304688
v -1545.001953125 767.50146484375 -80.0008544921875
v 1525.0029296875 777.5012817382812 -80.00021362304688
v -1545.0020751953125 777.5052490234375 -80.0008544921875
v 1523.335693359375 607.5040893554688 -80.00040435791016
v 1523.3359375 617.5076293945312 -80.00040435791016
v 1523.335693359375 607.5040893554688 -60.00040817260742
v 1523.3359375 617.5076293945312 -60.00040817260742
v 1523.3359375 617.5076293945312 -80.00040435791016
v -1554.999267578125 617.5077514648438 -80.00074768066406
v 1523.3359375 617.5076293945312 -60.00040817260742
v -1554.999267578125 617.5077514648438 -60.00074005126953
v -1554.99951171875 607.5040283203125 -80.00074005126953
v 1523.335693359375 607.5040893554688 -80.00040435791016
v -1554.99951171875 607.5040283203125 -60.00074005126953
v 1523.335693359375 607.5040893554688 -60.00040817260742
v 1523.335693359375 607.5040893554688 -80.00040435791016
v -1554.99951171875 607.5040283203125 -80.00074005126953
v 1523.3359375 617.5076293945312 -80.00040435791016
v -1554.9996337890625 617.5077514648438 -80.00074768066406
v 1523.335693359375 457.50396728515625 -80.00039672851562
v 1523.3359375 467.50775146484375 -80.00040435791016
v 1523.335693359375 457.50396728515625 -60.00039291381836
v 1523.3359375 467.50775146484375 -60.00039291381836
v 1523.3359375 467.50775146484375 -80.00040435791016
v -1554.99951171875 467.5077209472656 -80.000732421875
v 1523.3359375 467.50775146484375 -60.00039291381836
v -1554.99951171875 467.5077209472656 -60.00072479248047
v -1554.999755859375 457.5040283203125 -80.000732421875
v 1523.335693359375 457.50396728515625 -80.00039672851562
v -1554.999755859375 457.5040283203125 -60.00072479248047
v 1523.335693359375 457.50396728515625 -60.00039291381836
v 1523.335693359375 457.50396728515625 -80.00039672851562
v -1554.999755859375 457.5040283203125 -80.000732421875
v 1523.3359375 467.50775146484375 -80.00040435791016
v -1554.999755859375 467.5075988769531 -80.000732421875
v 1085.00048828125 277.50140380859375 -80.00018310546875
v 1085.00048828125 287.50506591796875 -80.00019073486328
v 1085.00048828125 277.50140380859375 -60.00019836425781
v 1085.00048828125 287.50506591796875 -60.00019836425781
v 1085.00048828125 287.50506591796875 -80.00019073486328
v -1554.9998779296875 287.509033203125 -80.0007095336914
v 1085.00048828125 287.50506591796875 -60.00019836425781
v -1554.9998779296875 287.509033203125 -60.00071716308594
v -1554.99951171875 277.5052490234375 -80.0007095336914
v 1085.000732421875 277.50140380859375 -80.00018310546875
v -1554.99951171875 277.5052490234375 -60.000709533691406
v 1085.000732421875 277.50140380859375 -60.00019836425781
v 1085.00048828125 277.50140380859375 -80.00018310546875
v -1554.99951171875 277.5052490234375 -80.0007095336914
v 1085.00048828125 287.50506591796875 -80.00019073486328
v -1554.9996337890625 287.50897216796875 -80.0007095336914
v 1085.000732421875 37.49920654296875 -80.00016784667969
v 1085.000732421875 47.5025634765625 -80.00016784667969
v 1085.000732421875 37.49920654296875 -60.00017166137695
v 1085.000732421875 47.5025634765625 -60.000179290771484
v 1085.000732421875 47.5025634765625 -80.00016784667969
v -1554.999755859375 47.5064697265625 -80.00069427490234
v 1085.000732421875 47.5025634765625 -60.000179290771484
v -1554.999755859375 47.5064697265625 -60.00068664550781
v 1085.000732421875 37.49920654296875 -80.00016784667969
v -1554.99951171875 37.502838134765625 -80.00069427490234
v 1085.000732421875 47.5025634765625 -80.00016784667969
v -1554.999755859375 47.5064697265625 -80.00069427490234
v -1554.9996337890625 37.50274658203125 -85.0005874633789
v 1528.337890625 37.50286865234375 -85.00025939941406
v -1554.9996337890625 37.50274658203125 -80.0005874633789
v 1528.337890625 37.50286865234375 -80.00025939941406
v 1528.337646484375 67.50164794921875 -85.00025939941406
v -1554.99951171875 67.50164794921875 -85.0005874633789
v 1528.337646484375 67.50164794921875 -80.00025939941406
v -1554.99951171875 67.50164794921875 -80.0005874633789
v -1554.9996337890625 67.50152587890625 -85.0005874633789
v 1528.337646484375 67.50164794921875 -85.00025939941406
v -1554.9996337890625 37.50274658203125 -85.0005874633789
v 1528.337890625 37.50286865234375 -85.00025939941406
v -1554.9996337890625 67.50152587890625 -80.0005874633789
v -1554.9996337890625 37.50274658203125 -80.0005874633789
v 1528.337646484375 67.50164794921875 -80.00025939941406
v 1528.337890625 37.50286865234375 -80.00025939941406
v -1554.9996337890625 47.500335693359375 -125.00099182128906
v 1528.337646484375 47.50042724609375 -125.00056457519531
v -1554.9996337890625 47.500335693359375 -85.0009994506836
v 1528.337646484375 47.50042724609375 -85.00056457519531
v 1528.337890625 57.50421142578125 -125.00056457519531
v -1554.99951171875 57.504150390625 -125.00099182128906
v 1528.337890625 57.50421142578125 -85.00056457519531
v -1554.99951171875 57.504150390625 -85.0009994506836
v -1554.999755859375 57.5040283203125 -85.0009994506836
v -1554.9996337890625 47.500335693359375 -85.0009994506836
v 1528.337890625 57.50421142578125 -85.00056457519531
v 1528.338134765625 47.50054931640625 -85.00056457519531
v -1554.9996337890625 37.50274658203125 -130.0006866455078
v 1528.337890625 37.50286865234375 -130.00033569335938
v -1554.9996337890625 37.50274658203125 -125.00069427490234
v 1528.337890625 37.50286865234375 -125.0003662109375
v 1528.337646484375 67.50164794921875 -130.00033569335938
v -1554.99951171875 67.50164794921875 -130.0006866455078
v 1528.337646484375 67.50164794921875 -125.0003662109375
v -1554.99951171875 67.50164794921875 -125.00069427490234
v -1554.9996337890625 67.50152587890625 -130.0006866455078
v 1528.337646484375 67.50164794921875 -130.00033569335938
v -1554.9996337890625 37.50274658203125 -130.0006866455078
v 1528.337890625 37.50286865234375 -130.00033569335938
v 1085.000732421875 37.49908447265625 -60.00017166137695
v 1085.0 327.50531005859375 -60.00020217895508
v 1085.000732421875 37.49908447265625 -45.00017166137695
v 1085.0 327.50531005859375 -45.00020217895508
v 1085.0 327.50531005859375 -60.00020217895508
v 1523.3359375 327.50543212890625 -60.000179290771484
v 1085.0 327.50531005859375 -45.00020217895508
v 1523.3359375 327.50543212890625 -45.000179290771484
v 1523.3359375 327.50543212890625 -60.000179290771484
v 1523.336181640625 777.5051879882812 -60.000221252441406
v 1523.3359375 327.50543212890625 -45.000179290771484
v 1523.336181640625 777.5051879882812 -45.000221252441406
v 1523.3359375 777.5054321289062 -60.000221252441406
v 185.002685546875 777.5052490234375 -60.000484466552734
v 1523.3359375 777.5054321289062 -45.000221252441406
v 185.002685546875 777.5052490234375 -45.00048065185547
v -684.99853515625 777.50537109375 -60.000919342041016
v -684.99853515625 777.50537109375 -45.00091552734375
v -1576.6572265625 777.5013427734375 -60.000858306884766
v -1576.6572265625 777.5013427734375 -45.00086212158203
v -1576.6572265625 777.5013427734375 -60.000858306884766
v -684.9984741210938 777.50537109375 -60.000919342041016
v -1576.6572265625 37.498870849609375 -60.000789642333984
v 1085.0 327.50531005859375 -60.00020217895508
v 185.0028076171875 777.5053100585938 -60.000484466552734
v 1523.3359375 777.5054321289062 -60.000221252441406
v 1085.000732421875 37.49908447265625 -60.00017166137695
v 1523.3359375 327.50543212890625 -60.000179290771484
v 1523.3359375 784.4144897460938 66.93878173828125
v 185.0029296875 770.9554443359375 66.97051239013672
v 1523.3359375 770.9556274414062 66.97077941894531
v 185.0028076171875 784.414306640625 66.93851470947266
v 1523.335693359375 784.4219360351562 61.227783203125
v 185.0028076171875 784.414306640625 66.93851470947266
v 1523.3359375 784.4144897460938 66.93878173828125
v 185.002685546875 784.4217529296875 61.22751998901367
v 1523.3359375 770.9531860351562 61.223777770996094
v 185.002685546875 784.4217529296875 61.22751998901367
v 1523.335693359375 784.4219360351562 61.227783203125
v 185.0028076171875 770.9533081054688 61.22351837158203
v 1523.3359375 770.9556274414062 66.97077941894531
v 185.0028076171875 770.9533081054688 61.22351837158203
v 1523.3359375 770.9531860351562 61.223777770996094
v 185.0029296875 770.9554443359375 66.97051239013672
v 1523.336181640625 779.3601684570312 36.47797775268555
v 185.0028076171875 775.978759765625 36.47771453857422
v 1523.335693359375 775.9786987304688 36.47797775268555
v 185.002685546875 779.360107421875 36.47771453857422
v 1523.3359375 779.1415405273438 31.185684204101562
v 185.002685546875 779.360107421875 36.47771453857422
v 1523.336181640625 779.3601684570312 36.47797775268555
v 185.0028076171875 779.141357421875 31.185422897338867
v 1523.3359375 775.7600708007812 31.185686111450195
v 185.0028076171875 779.141357421875 31.185422897338867
v 1523.3359375 779.1415405273438 31.185684204101562
v 185.0028076171875 775.760009765625 31.185422897338867
v 1523.335693359375 775.9786987304688 36.47797775268555
v 185.0028076171875 775.760009765625 31.185422897338867
v 1523.3359375 775.7600708007812 31.185686111450195
v 185.0028076171875 775.978759765625 36.47771453857422
v 1523.3359375 779.4284057617188 -2.909114122390747
v 185.002685546875 775.6734619140625 -2.9093754291534424
v 1523.3359375 775.6735229492188 -2.909113883972168
v 185.002685546875 779.4285888671875 -2.9093754291534424
v 1523.3359375 779.3617553710938 -7.507922649383545
v 185.002685546875 779.4285888671875 -2.9093754291534424
v 1523.3359375 779.4284057617188 -2.909114122390747
v 185.002685546875 779.36181640625 -7.50818395614624
v 1523.3359375 775.6196899414062 -7.480319499969482
v 185.002685546875 779.36181640625 -7.50818395614624
v 1523.3359375 779.3617553710938 -7.507922649383545
v 185.0028076171875 775.6195068359375 -7.4805803298950195
v 1523.3359375 775.6735229492188 -2.909113883972168
v 185.0028076171875 775.6195068359375 -7.4805803298950195
v 1523.3359375 775.6196899414062 -7.480319499969482
v 185.002685546875 775.6734619140625 -2.9093754291534424
v -684.99853515625 784.4143676757812 66.9380874633789
v -1576.6572265625 770.9515380859375 66.97013854980469
v -684.9984130859375 770.95556640625 66.97008514404297
v -1576.6572265625 784.410400390625 66.93814086914062
v -684.99853515625 784.4217529296875 61.22709274291992
v -1576.6572265625 784.410400390625 66.93814086914062
v -684.99853515625 784.4143676757812 66.9380874633789
v -1576.6573486328125 784.4178466796875 61.22714614868164
v -684.9984741210938 770.953369140625 61.223087310791016
v -1576.6573486328125 784.4178466796875 61.22714614868164
v -684.99853515625 784.4217529296875 61.22709274291992
v -1576.6572265625 770.9493408203125 61.223140716552734
v -684.9984130859375 770.95556640625 66.97008514404297
v -1576.6572265625 770.9493408203125 61.223140716552734
v -684.9984741210938 770.953369140625 61.223087310791016
v -1576.6572265625 770.9515380859375 66.97013854980469
v -684.9984741210938 779.360107421875 36.4772834777832
v -1576.6572265625 775.974853515625 36.47734069824219
v -684.99853515625 775.978759765625 36.4772834777832
v -1576.6572265625 779.3560791015625 36.47734069824219
v -684.99853515625 779.141357421875 31.184986114501953
v -1576.6572265625 779.3560791015625 36.47734069824219
v -684.9984741210938 779.360107421875 36.4772834777832
v -1576.6572265625 779.1373901367188 31.185049057006836
v -684.9984741210938 775.7600708007812 31.184986114501953
v -1576.6572265625 779.1373901367188 31.185049057006836
v -684.99853515625 779.141357421875 31.184986114501953
v -1576.6572265625 775.756103515625 31.185049057006836
v -684.99853515625 775.978759765625 36.4772834777832
v -1576.6572265625 775.756103515625 31.185049057006836
v -684.9984741210938 775.7600708007812 31.184986114501953
v -1576.6572265625 775.974853515625 36.47734069824219
v -684.99853515625 779.4285888671875 -2.9098129272460938
v -1576.6572265625 775.6694946289062 -2.90975022315979
v -684.9984741210938 775.6734619140625 -2.9098124504089355
v -1576.6572265625 779.424560546875 -2.9097506999969482
v -684.9984741210938 779.3618774414062 -7.508621692657471
v -1576.6572265625 779.424560546875 -2.9097506999969482
v -684.99853515625 779.4285888671875 -2.9098129272460938
v -1576.6572265625 779.35791015625 -7.508558750152588
v -684.99853515625 775.6195068359375 -7.48101806640625
v -1576.6572265625 779.35791015625 -7.508558750152588
v -684.9984741210938 779.3618774414062 -7.508621692657471
v -1576.6572265625 775.6156005859375 -7.480956077575684
v -684.9984741210938 775.6734619140625 -2.9098124504089355
v -1576.6572265625 775.6156005859375 -7.480956077575684
v -684.99853515625 775.6195068359375 -7.48101806640625
v -1576.6572265625 775.6694946289062 -2.90975022315979
v 1523.3359375 770.9531860351562 61.223777770996094
v 1523.335693359375 784.4219360351562 61.227783203125
v 1523.3359375 784.4144897460938 66.93878173828125
v 1523.3359375 770.9556274414062 66.97077941894531
v 1523.3359375 775.7600708007812 31.185686111450195
v 1523.3359375 779.1415405273438 31.185684204101562
v 1523.335693359375 775.9786987304688 36.47797775268555
v 1523.336181640625 779.3601684570312 36.47797775268555
v 1523.3359375 779.4284057617188 -2.909114122390747
v 1523.3359375 775.6735229492188 -2.909113883972168
v 1523.3359375 775.6196899414062 -7.480319499969482
v 1523.3359375 779.3617553710938 -7.507922649383545
v 185.0028076171875 784.414306640625 66.93851470947266
v 185.002685546875 784.4217529296875 61.22751998901367
v 185.0028076171875 770.9533081054688 61.22351837158203
v 185.0029296875 770.9554443359375 66.97051239013672
v 185.0028076171875 775.978759765625 36.47771453857422
v 185.0028076171875 779.141357421875 31.185422897338867
v 185.0028076171875 775.760009765625 31.185422897338867
v 185.002685546875 779.360107421875 36.47771453857422
v 185.0028076171875 775.6195068359375 -7.4805803298950195
v 185.002685546875 775.6734619140625 -2.9093754291534424
v 185.002685546875 779.4285888671875 -2.9093754291534424
v 185.002685546875 779.36181640625 -7.50818395614624
v -684.9984741210938 770.953369140625 61.223087310791016
v -684.99853515625 784.4217529296875 61.22709274291992
v -684.99853515625 784.4143676757812 66.9380874633789
v -684.9984130859375 770.95556640625 66.97008514404297
v -684.9984741210938 775.7600708007812 31.184986114501953
v -684.99853515625 779.141357421875 31.184986114501953
v -684.99853515625 775.978759765625 36.4772834777832
v -684.9984741210938 779.360107421875 36.4772834777832
v -684.99853515625 779.4285888671875 -2.9098129272460938
v -684.9984741210938 775.6734619140625 -2.9098124504089355
v -684.99853515625 775.6195068359375 -7.48101806640625
v -684.9984741210938 779.3618774414062 -7.508621692657471
v -1576.6572265625 784.410400390625 66.93814086914062
v -1576.6573486328125 784.4178466796875 61.22714614868164
v -1576.6572265625 770.9493408203125 61.223140716552734
v -1576.6572265625 770.9515380859375 66.97013854980469
v -1576.6572265625 775.974853515625 36.47734069824219
v -1576.6572265625 779.1373901367188 31.185049057006836
v -1576.6572265625 775.756103515625 31.185049057006836
v -1576.6572265625 779.3560791015625 36.47734069824219
v -1576.6572265625 775.6156005859375 -7.480956077575684
v -1576.6572265625 775.6694946289062 -2.90975022315979
v -1576.6572265625 779.424560546875 -2.9097506999969482
v -1576.6572265625 779.35791015625 -7.508558750152588
v 1084.99658203125 327.50543212890625 -45.00040054321289
v 1084.997314453125 37.4989013671875 -45.000370025634766
v 1164.997802734375 37.49896240234375 -45.000370025634766
v 1164.996826171875 327.50531005859375 -45.00039291381836
v 1084.99658203125 327.50543212890625 -50.00040054321289
v 1164.997802734375 37.49896240234375 -50.000370025634766
v 1084.997314453125 37.4989013671875 -50.000370025634766
v 1164.996826171875 327.50531005859375 -50.00039291381836
v 1084.99658203125 327.50543212890625 -45.00040054321289
v 1084.997314453125 37.4989013671875 -50.000370025634766
v 1084.997314453125 37.4989013671875 -45.000370025634766
v 1084.99658203125 327.50543212890625 -50.00040054321289
v 1164.996826171875 327.50531005859375 -45.00039291381836
v 1164.997802734375 37.49896240234375 -45.000370025634766
v 1164.997802734375 37.49896240234375 -50.000370025634766
v 1164.996826171875 327.50531005859375 -50.00039291381836
v 1164.996826171875 327.50531005859375 -75.00044250488281
v 1164.997802734375 37.49896240234375 -75.00041961669922
v 1244.998291015625 37.49908447265625 -75.00041961669922
v 1244.997314453125 327.50531005859375 -75.00044250488281
v 1164.996826171875 327.50531005859375 -80.00045013427734
v 1244.998291015625 37.49908447265625 -80.00042724609375
v 1164.997802734375 37.49896240234375 -80.00042724609375
v 1244.997314453125 327.50531005859375 -80.00045013427734
v 1164.996826171875 327.50531005859375 -75.00044250488281
v 1164.997802734375 37.49896240234375 -80.00042724609375
v 1164.997802734375 37.49896240234375 -75.00041961669922
v 1164.996826171875 327.50531005859375 -80.00045013427734
v 1244.997314453125 327.50531005859375 -75.00044250488281
v 1244.998291015625 37.49908447265625 -75.00041961669922
v 1244.998291015625 37.49908447265625 -80.00042724609375
v 1244.997314453125 327.50531005859375 -80.00045013427734
v 1244.997314453125 327.50531005859375 -75.00044250488281
v 1244.997314453125 327.50531005859375 -80.00045013427734
v 1164.996826171875 327.50531005859375 -75.00044250488281
v 1164.996826171875 327.50531005859375 -80.00045013427734
v 1244.998291015625 37.49908447265625 -75.00041961669922
v 1164.997802734375 37.49896240234375 -75.00041961669922
v 1244.998291015625 37.49908447265625 -80.00042724609375
v 1164.997802734375 37.49896240234375 -80.00042724609375
v 1164.996826171875 327.50531005859375 -45.00039291381836
v 1164.996826171875 327.50531005859375 -50.00039291381836
v 1084.99658203125 327.50543212890625 -45.00040054321289
v 1084.99658203125 327.50543212890625 -50.00040054321289
v 1164.997802734375 37.49896240234375 -45.000370025634766
v 1084.997314453125 37.4989013671875 -45.000370025634766
v 1164.997802734375 37.49896240234375 -50.000370025634766
v 1084.997314453125 37.4989013671875 -50.000370025634766
v 1244.997314453125 326.70526123046875 -120.00049591064453
v 1164.996826171875 326.70538330078125 -90.00044250488281
v 1244.997314453125 326.70526123046875 -110.00050354003906
v 1164.996826171875 326.70538330078125 -80.00045013427734
v 1244.997314453125 326.70526123046875 -80.00045013427734
v 1244.997314453125 316.70513916015625 -120.00049591064453
v 1244.997314453125 316.70513916015625 -110.00050354003906
v 1164.996826171875 316.70526123046875 -90.00043487548828
v 1164.996826171875 316.70526123046875 -80.00044250488281
v 1244.997314453125 316.70513916015625 -80.00045013427734
v 1084.996337890625 326.70526123046875 -60.000404357910156
v 1084.996337890625 326.70526123046875 -50.00040054321289
v 1164.996826171875 326.70538330078125 -50.00039291381836
v 1084.996337890625 316.70513916015625 -60.000404357910156
v 1084.996337890625 316.70513916015625 -50.00040054321289
v 1164.996826171875 316.70526123046875 -50.00039291381836
v 1164.996826171875 316.70526123046875 -90.00043487548828
v 1164.996826171875 326.70538330078125 -90.00044250488281
v 1244.997314453125 316.70513916015625 -120.00049591064453
v 1244.997314453125 326.70526123046875 -120.00049591064453
v 1084.996337890625 316.70513916015625 -60.000404357910156
v 1084.996337890625 326.70526123046875 -60.000404357910156
v 1244.997314453125 316.70513916015625 -80.00045013427734
v 1244.997314453125 316.70513916015625 -120.00049591064453
v 1244.997314453125 326.70526123046875 -80.00045013427734
v 1244.997314453125 326.70526123046875 -120.00049591064453
v 1164.996826171875 316.70526123046875 -50.00039291381836
v 1164.996826171875 316.70526123046875 -80.00044250488281
v 1164.996826171875 326.70538330078125 -50.00039291381836
v 1164.996826171875 326.70538330078125 -80.00045013427734
v 1084.996337890625 316.70513916015625 -60.000404357910156
v 1084.996337890625 316.70513916015625 -50.00040054321289
v 1084.996337890625 326.70526123046875 -60.000404357910156
v 1084.996337890625 326.70526123046875 -50.00040054321289
v 1244.998291015625 51.19915771484375 -120.00047302246094
v 1164.997802734375 51.19915771484375 -90.00042724609375
v 1244.998291015625 51.19915771484375 -110.00048065185547
v 1164.997802734375 51.19915771484375 -80.00043487548828
v 1244.998291015625 51.19915771484375 -80.00042724609375
v 1244.998291015625 41.19927978515625 -120.00047302246094
v 1244.998291015625 41.19927978515625 -110.00048065185547
v 1164.997802734375 41.19915771484375 -90.00041961669922
v 1164.997802734375 41.19915771484375 -80.00042724609375
v 1244.998291015625 41.19927978515625 -80.00042724609375
v 1084.99755859375 51.1990966796875 -60.00038146972656
v 1084.99755859375 51.1990966796875 -50.0003776550293
v 1164.997802734375 51.19915771484375 -50.000370025634766
v 1084.997314453125 41.19921875 -60.00038146972656
v 1084.997314453125 41.19921875 -50.0003776550293
v 1164.997802734375 41.19915771484375 -50.000370025634766
v 1164.997802734375 41.19915771484375 -90.00041961669922
v 1164.997802734375 51.19915771484375 -90.00042724609375
v 1244.998291015625 41.19927978515625 -120.00047302246094
v 1244.998291015625 51.19915771484375 -120.00047302246094
v 1084.997314453125 41.19921875 -60.00038146972656
v 1084.99755859375 51.1990966796875 -60.00038146972656
v 1244.998291015625 41.19927978515625 -80.00042724609375
v 1244.998291015625 41.19927978515625 -120.00047302246094
v 1244.998291015625 51.19915771484375 -80.00042724609375
v 1244.998291015625 51.19915771484375 -120.00047302246094
v 1164.997802734375 41.19915771484375 -50.000370025634766
v 1164.997802734375 41.19915771484375 -80.00042724609375
v 1164.997802734375 51.19915771484375 -50.000370025634766
v 1164.997802734375 51.19915771484375 -80.00043487548828
v 1084.997314453125 41.19921875 -60.00038146972656
v 1084.997314453125 41.19921875 -50.0003776550293
v 1084.99755859375 51.1990966796875 -60.00038146972656
v 1084.99755859375 51.1990966796875 -50.0003776550293
v -1576.6572265625 777.5013427734375 -45.000858306884766
v -1576.6572265625 37.498870849609375 -45.000789642333984
v -684.9984741210938 777.50537109375 -45.00091552734375
v 1085.0 327.50531005859375 -45.00020217895508
v 1523.3359375 777.5054321289062 -45.000221252441406
v 185.0028076171875 777.5053100585938 -45.00048065185547
v 1085.000732421875 37.49908447265625 -45.00017166137695
v 1523.3359375 327.50543212890625 -45.000179290771484
v -675.0 67.49761962890625 -540.0001220703125
v -704.9989013671875 67.49761962890625 -540.0001220703125
v -675.0000610351562 67.49761962890625 -40.000152587890625
v -704.9988403320312 67.49765014648438 -40.000152587890625
v -704.9988403320312 67.49761962890625 -540.0001220703125
v -704.9989013671875 37.498870849609375 -540.0001220703125
v -704.9988403320312 67.49765014648438 -40.000152587890625
v -704.9989013671875 37.4989013671875 -40.000152587890625
v -704.9989013671875 37.498870849609375 -540.0001831054688
v -674.9999389648438 37.49884033203125 -540.0001831054688
v -704.9989013671875 37.4989013671875 -40.00025177001953
v -675.0 37.498870849609375 -40.000247955322266
v -674.9999389648438 37.49884033203125 -540.0001220703125
v -675.0 67.49761962890625 -540.0001220703125
v -675.0 37.498870849609375 -40.00014877319336
v -675.0000610351562 67.49761962890625 -40.000152587890625
v -675.0000610351562 67.49758911132812 -690.0001220703125
v -704.9988403320312 67.49761962890625 -690.0001220703125
v -704.9988403320312 67.49761962890625 -690.0001220703125
v -704.9989013671875 37.498870849609375 -690.0001220703125
v -704.9989013671875 37.498870849609375 -690.0001220703125
v -674.9999389648438 37.49884033203125 -690.0001220703125
v -674.9999389648438 37.49884033203125 -690.0001220703125
v -675.0000610351562 67.49758911132812 -690.0001220703125
v -689.9989013671875 -202.4921875 -130.0004119873047
v -685.0001220703125 -202.49212646484375 -130.0004119873047
v -689.9989013671875 -202.4921875 -95.00042724609375
v -685.0001220703125 -202.49212646484375 -95.00042724609375
v -685.0001220703125 -202.49212646484375 -95.00042724609375
v -685.0001220703125 -202.49212646484375 -130.0004119873047
v -685.0 37.50732421875 -275.000244140625
v -685.0 37.50732421875 -310.0002746582031
v -685.0001220703125 37.507293701171875 -310.0002746582031
v -689.9989013671875 37.50726318359375 -310.0002746582031
v -685.0001220703125 37.507293701171875 -275.000244140625
v -689.9989013671875 37.50726318359375 -275.000244140625
v -689.9989013671875 -202.4921875 -130.0004119873047
v -689.9989013671875 37.50726318359375 -275.000244140625
v -689.9989013671875 37.50726318359375 -310.0002746582031
v -689.9989013671875 -202.4921875 -95.00041198730469
v -685.0000610351562 37.507293701171875 -310.0002746582031
v -685.0001220703125 -202.49212646484375 -130.0004119873047
v -689.9989013671875 -202.4921875 -130.0004119873047
v -689.9989013671875 37.50726318359375 -310.0002746582031
v -685.0000610351562 37.507293701171875 -275.000244140625
v -689.9989013671875 -202.4921875 -95.00042724609375
v -685.0001220703125 -202.49212646484375 -95.00042724609375
v -689.9989013671875 37.50726318359375 -275.000244140625
v -684.9970092773438 307.49920654296875 -130.00045776367188
v -689.995849609375 307.4992370605469 -130.00045776367188
v -684.9970092773438 307.49920654296875 -95.0004653930664
v -689.995849609375 307.4992370605469 -95.00047302246094
v -689.995849609375 307.4992370605469 -95.00047302246094
v -689.995849609375 307.4992370605469 -130.00045776367188
v -689.9957275390625 67.499755859375 -275.000244140625
v -689.9957275390625 67.499755859375 -310.0002746582031
v -689.9957275390625 67.499755859375 -310.0002746582031
v -684.9969482421875 67.49981689453125 -310.0002746582031
v -689.9957275390625 67.499755859375 -275.000244140625
v -684.9969482421875 67.49981689453125 -275.000244140625
v -684.9970092773438 307.49920654296875 -130.00045776367188
v -684.9969482421875 67.49981689453125 -275.000244140625
v -684.9969482421875 67.49981689453125 -310.0002746582031
v -684.9970092773438 307.49920654296875 -95.00045013427734
v -689.9957275390625 67.499755859375 -310.0002746582031
v -689.995849609375 307.4992370605469 -130.00045776367188
v -684.9970092773438 307.49920654296875 -130.00045776367188
v -684.9969482421875 67.49981689453125 -310.0002746582031
v -689.9957275390625 67.499755859375 -275.000244140625
v -684.9970092773438 307.49920654296875 -95.0004653930664
v -689.995849609375 307.4992370605469 -95.00047302246094
v -684.9969482421875 67.49981689453125 -275.000244140625
v -944.9976196289062 52.50347900390625 -130.00045776367188
v -944.9976196289062 47.504669189453125 -130.00045776367188
v -944.99755859375 52.50347900390625 -95.00045776367188
v -944.9976196289062 47.504669189453125 -95.00045776367188
v -944.9976196289062 47.504669189453125 -95.00045776367188
v -944.9976196289062 47.504669189453125 -130.00045776367188
v -704.998291015625 47.504669189453125 -275.000244140625
v -704.998291015625 47.504669189453125 -310.0002746582031
v -704.998291015625 47.50469970703125 -310.0002746582031
v -704.998291015625 52.50347900390625 -310.0002746582031
v -704.998291015625 47.50469970703125 -275.000244140625
v -704.998291015625 52.50347900390625 -275.000244140625
v -944.9976196289062 52.50347900390625 -130.00045776367188
v -704.998291015625 52.503509521484375 -275.000244140625
v -704.998291015625 52.503509521484375 -310.0002746582031
v -944.9976196289062 52.50347900390625 -95.00044250488281
v -944.9976196289062 52.50347900390625 -130.00045776367188
v -704.998291015625 52.503509521484375 -310.0002746582031
v -944.9976196289062 47.504669189453125 -130.00045776367188
v -704.998291015625 47.50469970703125 -310.0002746582031
v -944.99755859375 52.50347900390625 -95.00045776367188
v -944.9976196289062 47.504669189453125 -95.00045776367188
v -704.998291015625 52.503509521484375 -275.000244140625
v -704.998291015625 47.50469970703125 -275.000244140625
v -674.9993896484375 67.49981689453125 -40.0003547668457
v -704.9982299804688 67.4998779296875 -40.0003547668457
v -674.9994506835938 67.49984741210938 419.9996337890625
v -704.9982299804688 67.4998779296875 419.9996337890625
v -704.9981689453125 67.4998779296875 -40.0003547668457
v -704.9982299804688 37.501068115234375 -40.0003547668457
v -704.9981689453125 67.49990844726562 419.9996337890625
v -704.9981689453125 37.5010986328125 419.9996337890625
v -674.9993286132812 37.5010986328125 -40.00035095214844
v -674.9993896484375 67.49981689453125 -40.0003547668457
v -674.9993286132812 37.5010986328125 419.9996337890625
v -674.9994506835938 67.49984741210938 419.9996337890625
v -435.00006103515625 47.4986572265625 369.99957275390625
v -435.00006103515625 52.497528076171875 369.99957275390625
v -435.00006103515625 47.4986572265625 404.9995422363281
v -435.00006103515625 52.497528076171875 404.9995422363281
v -435.00006103515625 52.497528076171875 404.9995422363281
v -435.00006103515625 52.497528076171875 369.99957275390625
v -674.999267578125 52.4974365234375 224.9996795654297
v -674.999267578125 52.4974365234375 189.99966430664062
v -674.999267578125 52.4974365234375 189.99966430664062
v -674.9993286132812 47.4986572265625 189.99966430664062
v -674.999267578125 52.4974365234375 224.9996795654297
v -674.9993286132812 47.4986572265625 224.9996795654297
v -435.00006103515625 47.4986572265625 369.99957275390625
v -674.9993286132812 47.4986572265625 189.99966430664062
v -435.00006103515625 52.497528076171875 369.99957275390625
v -674.999267578125 52.4974365234375 189.99966430664062
v -435.00006103515625 47.4986572265625 404.9995422363281
v -435.00006103515625 52.497528076171875 404.9995422363281
v -674.9993286132812 47.4986572265625 224.99964904785156
v -674.999267578125 52.4974365234375 224.99964904785156
v -944.9976196289062 52.5035400390625 369.99957275390625
v -944.99755859375 47.504791259765625 369.99957275390625
v -944.9976196289062 52.5035400390625 404.9995422363281
v -944.99755859375 47.504791259765625 404.9995422363281
v -704.9981689453125 47.504791259765625 189.99966430664062
v -704.998046875 52.503509521484375 189.99966430664062
v -704.9981689453125 47.504791259765625 224.9996795654297
v -704.998046875 52.503509521484375 224.9996795654297
v -944.9976196289062 52.5035400390625 369.99957275390625
v -704.998046875 52.503509521484375 224.9996795654297
v -704.998046875 52.503509521484375 189.99966430664062
v -944.9976196289062 52.5035400390625 404.9995422363281
v -944.9976196289062 52.5035400390625 369.99957275390625
v -704.998046875 52.503509521484375 189.99966430664062
v -944.99755859375 47.504791259765625 369.99957275390625
v -704.9981689453125 47.504791259765625 189.99966430664062
v -944.9976196289062 52.5035400390625 404.9995422363281
v -944.99755859375 47.504791259765625 404.9995422363281
v -704.998046875 52.503509521484375 224.99964904785156
v -704.9981689453125 47.504791259765625 224.99964904785156
v -684.9969482421875 307.49932861328125 369.9995422363281
v -689.99560546875 307.49932861328125 369.9995422363281
v -684.9969482421875 307.49932861328125 404.99951171875
v -689.99560546875 307.49932861328125 404.99951171875
v -689.99560546875 307.49932861328125 404.99951171875
v -689.99560546875 307.49932861328125 369.9995422363281
v -689.9957275390625 67.499755859375 224.9996795654297
v -689.9957275390625 67.499755859375 189.99966430664062
v -689.9957275390625 67.499755859375 189.99966430664062
v -684.9970092773438 67.49984741210938 189.99966430664062
v -689.9957275390625 67.499755859375 224.9996795654297
v -684.9970092773438 67.49984741210938 224.9996795654297
v -684.9969482421875 307.49932861328125 369.9995422363281
v -684.9970092773438 67.49984741210938 224.9996795654297
v -684.9970092773438 67.49984741210938 189.99966430664062
v -684.9969482421875 307.49932861328125 404.99951171875
v -689.9957275390625 67.499755859375 189.99966430664062
v -689.99560546875 307.49932861328125 369.9995422363281
v -684.9969482421875 307.49932861328125 369.9995422363281
v -684.9970092773438 67.49984741210938 189.99966430664062
v -689.9957275390625 67.499755859375 224.99964904785156
v -684.9969482421875 307.49932861328125 404.99951171875
v -689.99560546875 307.49932861328125 404.99951171875
v -684.9970092773438 67.49984741210938 224.99964904785156
v -674.9993896484375 787.5010986328125 -540.0001831054688
v -704.998291015625 787.5010986328125 -540.0001831054688
v -674.9994506835938 787.501220703125 419.99981689453125
v -704.998291015625 787.501220703125 419.99981689453125
v -704.998291015625 787.5010986328125 -540.0001831054688
v -704.9981689453125 757.502197265625 -540.0001831054688
v -704.998291015625 787.501220703125 419.99981689453125
v -704.9981689453125 757.5023193359375 419.99981689453125
v -704.9982299804688 757.502197265625 -540.0001831054688
v -674.9994506835938 757.5022583007812 -540.0001831054688
v -704.9981689453125 757.5023193359375 419.99981689453125
v -674.99951171875 757.5023803710938 419.99981689453125
v -674.9994506835938 757.5022583007812 -540.0001831054688
v -674.9993896484375 787.5010986328125 -540.0001831054688
v -674.9994506835938 757.5023193359375 419.99981689453125
v -674.9994506835938 787.501220703125 419.99981689453125
v -674.9993896484375 787.5010986328125 -690.0001831054688
v -704.9982299804688 787.5010986328125 -690.0001831054688
v -704.9982299804688 787.5010986328125 -690.0001831054688
v -704.9981689453125 757.502197265625 -690.0001831054688
v -704.9981689453125 757.502197265625 -690.0001831054688
v -674.9994506835938 757.5022583007812 -690.0001831054688
v -674.9993896484375 757.5022583007812 -690.0001831054688
v -674.9993896484375 787.5010986328125 -690.0001831054688
v -944.9970703125 772.500732421875 -130.00051879882812
v -944.9970703125 767.501953125 -130.00051879882812
v -944.9970703125 772.500732421875 -95.00051879882812
v -944.9970703125 767.501953125 -95.00051879882812
v -944.9970703125 767.501953125 -95.00051879882812
v -944.9970703125 767.501953125 -130.00051879882812
v -704.9974365234375 767.5020751953125 -275.0003967285156
v -704.9974365234375 767.5020751953125 -310.00042724609375
v -704.9974365234375 767.5020751953125 -310.00042724609375
v -704.99755859375 772.500732421875 -310.00042724609375
v -704.9974365234375 767.5020751953125 -275.0003967285156
v -704.99755859375 772.500732421875 -275.0003967285156
v -944.9970703125 772.500732421875 -130.00051879882812
v -704.99755859375 772.500732421875 -275.0003967285156
v -704.99755859375 772.500732421875 -310.00042724609375
v -944.9970703125 772.500732421875 -95.00050354003906
v -944.9970703125 772.500732421875 -130.00051879882812
v -704.99755859375 772.500732421875 -310.00042724609375
v -944.9970703125 767.501953125 -130.00051879882812
v -704.9974365234375 767.5020751953125 -310.00042724609375
v -944.9970703125 772.500732421875 -95.00051879882812
v -944.9970703125 767.501953125 -95.00051879882812
v -704.99755859375 772.500732421875 -275.0003967285156
v -704.9974365234375 767.5020751953125 -275.0003967285156
v -689.9981689453125 517.5050048828125 -130.00047302246094
v -684.9994506835938 517.5050048828125 -130.00047302246094
v -689.9981689453125 517.5050048828125 -95.00048828125
v -684.9994506835938 517.5050048828125 -95.00048828125
v -684.9994506835938 517.5050048828125 -95.00048828125
v -684.9994506835938 517.5050048828125 -130.00047302246094
v -684.999267578125 757.5045776367188 -275.0003967285156
v -684.999267578125 757.5045776367188 -310.00042724609375
v -684.999267578125 757.5045166015625 -310.00042724609375
v -689.9981689453125 757.5045166015625 -310.00042724609375
v -684.999267578125 757.5045166015625 -275.0003967285156
v -689.9981689453125 757.5045166015625 -275.0003967285156
v -689.9981689453125 517.5050659179688 -130.00047302246094
v -689.9981689453125 757.5045166015625 -275.0003967285156
v -689.9981689453125 757.5045166015625 -310.00042724609375
v -689.9981689453125 517.5050659179688 -95.00047302246094
v -684.999267578125 757.5045166015625 -310.00042724609375
v -684.9994506835938 517.5050048828125 -130.00047302246094
v -689.9981689453125 517.5050048828125 -130.00047302246094
v -689.9981689453125 757.5045166015625 -310.00042724609375
v -684.999267578125 757.5045166015625 -275.0003967285156
v -689.9981689453125 517.5050048828125 -95.00048828125
v -684.9994506835938 517.5050048828125 -95.00048828125
v -689.9981689453125 757.5045166015625 -275.0003967285156
v -434.99951171875 767.501953125 -130.00050354003906
v -434.99951171875 772.500732421875 -130.00050354003906
v -434.99951171875 767.501953125 -95.00050354003906
v -434.99951171875 772.500732421875 -95.00050354003906
v -434.99951171875 772.500732421875 -95.00050354003906
v -434.99951171875 772.500732421875 -130.00050354003906
v -674.998779296875 772.5008544921875 -275.0003967285156
v -674.998779296875 772.5008544921875 -310.00042724609375
v -674.998779296875 772.5008544921875 -310.00042724609375
v -674.998779296875 767.5020751953125 -310.00042724609375
v -674.998779296875 772.5008544921875 -275.0003967285156
v -674.998779296875 767.5020751953125 -275.0003967285156
v -434.99951171875 767.501953125 -130.00050354003906
v -674.998779296875 767.5020751953125 -275.0003967285156
v -674.998779296875 767.5020751953125 -310.00042724609375
v -434.99951171875 767.501953125 -95.00048828125
v -434.99951171875 767.501953125 -130.00050354003906
v -674.998779296875 767.5020751953125 -310.00042724609375
v -434.99951171875 772.500732421875 -130.00050354003906
v -674.998779296875 772.5008544921875 -310.00042724609375
v -434.99951171875 767.501953125 -95.00050354003906
v -434.99951171875 772.500732421875 -95.00050354003906
v -674.998779296875 767.5020751953125 -275.0003967285156
v -674.998779296875 772.5008544921875 -275.0003967285156
v -944.9969482421875 772.500732421875 369.9992980957031
v -944.9970092773438 767.5018920898438 369.9992980957031
v -944.9969482421875 772.500732421875 404.9992980957031
v -944.9970092773438 767.5018920898438 404.9992980957031
v -944.9970092773438 767.501953125 404.9992980957031
v -944.9970092773438 767.501953125 369.9992980957031
v -704.9974365234375 767.5020751953125 224.9994659423828
v -704.9974365234375 767.5020751953125 189.9994659423828
v -704.9974365234375 767.5020751953125 189.9994659423828
v -704.99755859375 772.500732421875 189.9994659423828
v -704.9974365234375 767.5020751953125 224.9994659423828
v -704.99755859375 772.500732421875 224.9994659423828
v -944.9969482421875 772.500732421875 369.9992980957031
v -704.99755859375 772.500732421875 224.9994659423828
v -704.99755859375 772.500732421875 189.9994659423828
v -944.9969482421875 772.500732421875 404.9992980957031
v -944.9969482421875 772.500732421875 369.9992980957031
v -704.99755859375 772.500732421875 189.9994659423828
v -944.9970092773438 767.5018920898438 369.9992980957031
v -704.9974365234375 767.5020751953125 189.9994659423828
v -944.9969482421875 772.500732421875 404.9992980957031
v -944.9970092773438 767.5018920898438 404.9992980957031
v -704.99755859375 772.500732421875 224.99948120117188
v -704.9974365234375 767.5020751953125 224.99948120117188
v -689.998046875 517.505126953125 369.9992980957031
v -684.9993286132812 517.5050659179688 369.9992980957031
v -689.998046875 517.505126953125 404.9992980957031
v -684.9993896484375 517.5050659179688 404.9992980957031
v -684.9993896484375 517.5050659179688 404.9992980957031
v -684.9993286132812 517.5050659179688 369.9992980957031
v -684.9993286132812 757.504638671875 224.9994659423828
v -684.9993286132812 757.504638671875 189.9994659423828
v -684.999267578125 757.5045776367188 189.9994659423828
v -689.9981689453125 757.5045166015625 189.9994659423828
v -684.999267578125 757.5045776367188 224.9994659423828
v -689.9981689453125 757.5045166015625 224.9994659423828
v -689.998046875 517.505126953125 369.9992980957031
v -689.9981689453125 757.5045166015625 224.9994659423828
v -689.9981689453125 757.5045166015625 189.9994659423828
v -689.998046875 517.505126953125 404.9992980957031
v -684.999267578125 757.504638671875 189.9994659423828
v -684.9993286132812 517.5050659179688 369.9992980957031
v -689.998046875 517.505126953125 369.9992980957031
v -689.9981689453125 757.5045166015625 189.9994659423828
v -684.999267578125 757.504638671875 224.99948120117188
v -689.998046875 517.505126953125 404.9992980957031
v -684.9993896484375 517.5050659179688 404.9992980957031
v -689.9981689453125 757.5045166015625 224.99948120117188
v -434.9993896484375 767.5020751953125 369.9992980957031
v -434.99945068359375 772.5008544921875 369.9992980957031
v -434.9993896484375 767.5020751953125 404.9992980957031
v -434.99945068359375 772.5008544921875 404.9992980957031
v -434.99945068359375 772.5008544921875 404.9992980957031
v -434.99945068359375 772.5008544921875 369.9992980957031
v -674.9985961914062 772.5008544921875 224.9994659423828
v -674.9985961914062 772.5008544921875 189.9994659423828
v -674.9985961914062 772.5008544921875 189.9994659423828
v -674.9986572265625 767.5020141601562 189.9994659423828
v -674.9985961914062 772.5008544921875 224.9994659423828
v -674.9986572265625 767.5020141601562 224.9994659423828
v -434.9993896484375 767.5020751953125 369.9992980957031
v -674.9986572265625 767.5020141601562 224.9994659423828
v -674.9986572265625 767.5020141601562 189.9994659423828
v -434.9993896484375 767.5020751953125 404.9992980957031
v -434.9993896484375 767.5020751953125 369.9992980957031
v -674.9986572265625 767.5020141601562 189.9994659423828
v -434.99945068359375 772.5008544921875 369.9992980957031
v -674.9985961914062 772.5008544921875 189.9994659423828
v -434.9993896484375 767.5020751953125 404.9992980957031
v -434.99945068359375 772.5008544921875 404.9992980957031
v -674.9986572265625 767.5020141601562 224.99948120117188
v -674.9985961914062 772.5008544921875 224.99948120117188
v -234.99761962890625 1187.4990234375 364.9996643066406
v -264.99652099609375 1187.4990234375 364.9996643066406
v -234.9976806640625 1187.4990234375 369.9996643066406
v -264.99658203125 1187.4990234375 369.9996643066406
v -264.99652099609375 1187.4990234375 364.9996643066406
v -264.996337890625 37.49908447265625 364.999755859375
v -264.99658203125 1187.4990234375 369.9996643066406
v -264.99639892578125 37.49908447265625 369.999755859375
v -234.9976806640625 37.499114990234375 364.999755859375
v -234.99761962890625 1187.4990234375 364.9996643066406
v -234.99774169921875 37.499114990234375 369.999755859375
v -234.9976806640625 1187.4990234375 369.9996643066406
v -264.9964599609375 37.499053955078125 364.999755859375
v -264.99652099609375 1187.4990234375 364.9996643066406
v -234.99761962890625 1187.4990234375 364.9996643066406
v -234.9976806640625 37.499114990234375 364.999755859375
v -264.99652099609375 37.499053955078125 369.999755859375
v -234.9976806640625 1187.4990234375 369.9996643066406
v -264.99658203125 1187.4990234375 369.9996643066406
v -234.99774169921875 37.499114990234375 369.999755859375
v -244.99761962890625 37.501251220703125 324.99945068359375
v -244.99774169921875 1187.5008544921875 324.9993591308594
v -244.99755859375 37.50128173828125 364.9994812011719
v -244.99774169921875 1187.5008544921875 364.9993896484375
v -244.99761962890625 1187.5010986328125 324.9993591308594
v -254.9981689453125 1187.501220703125 324.9993591308594
v -244.99761962890625 1187.5010986328125 364.9993896484375
v -254.9981689453125 1187.501220703125 364.9993896484375
v -254.9981689453125 1187.501220703125 324.9993591308594
v -254.9981689453125 37.50128173828125 324.9994812011719
v -254.9981689453125 1187.501220703125 364.9993896484375
v -254.9981689453125 37.501312255859375 364.99951171875
v -244.99761962890625 1187.5010986328125 364.9993896484375
v -254.9981689453125 37.501312255859375 364.99951171875
v -244.99755859375 37.501312255859375 364.9994812011719
v -254.9981689453125 1187.501220703125 364.9993896484375
v -234.9970703125 1187.5010986328125 319.9994812011719
v -264.99578857421875 1187.501220703125 319.9994812011719
v -234.9970703125 1187.5010986328125 324.9994812011719
v -264.99578857421875 1187.501220703125 324.9994812011719
v -264.99578857421875 1187.501220703125 319.9994812011719
v -264.9957275390625 37.501251220703125 319.99957275390625
v -264.99578857421875 1187.501220703125 324.9994812011719
v -264.9957275390625 37.501251220703125 324.99957275390625
v -234.9969482421875 37.501220703125 319.99957275390625
v -234.9970703125 1187.5010986328125 319.9994812011719
v -234.9969482421875 37.501220703125 324.99957275390625
v -234.9970703125 1187.5010986328125 324.9994812011719
v -264.9957275390625 37.501251220703125 319.99957275390625
v -264.99578857421875 1187.501220703125 319.9994812011719
v -234.9970703125 1187.5010986328125 319.9994812011719
v -234.9969482421875 37.501220703125 319.99957275390625
v -264.9957275390625 37.501251220703125 324.99957275390625
v -234.9970703125 1187.5010986328125 324.9994812011719
v -264.99578857421875 1187.501220703125 324.9994812011719
v -234.9969482421875 37.501220703125 324.99957275390625
v 175.00048828125 757.50244140625 414.99951171875
v 175.0008544921875 67.50018310546875 414.9996032714844
v 175.00048828125 757.50244140625 419.9995422363281
v 175.0008544921875 67.50018310546875 419.9996337890625
v 204.99951171875 67.50006103515625 414.99957275390625
v 204.999267578125 757.5023803710938 414.99951171875
v 204.99951171875 67.50006103515625 419.9996032714844
v 204.999267578125 757.5023803710938 419.9995422363281
v 175.0008544921875 67.50018310546875 414.9996032714844
v 175.00048828125 757.50244140625 414.99951171875
v 204.999267578125 757.50244140625 414.99951171875
v 204.99951171875 67.50006103515625 414.99957275390625
v 194.9990234375 67.5001220703125 374.9994812011719
v 194.998779296875 757.5021362304688 374.9994201660156
v 194.9990234375 67.5001220703125 414.9994812011719
v 194.998779296875 757.5021362304688 414.9994201660156
v 184.998046875 757.50244140625 374.9994201660156
v 184.99853515625 67.5001220703125 374.9994812011719
v 184.998046875 757.50244140625 414.9994201660156
v 184.99853515625 67.5001220703125 414.9994812011719
v 194.9986572265625 757.502197265625 414.9994201660156
v 184.9984130859375 67.50006103515625 414.9994812011719
v 194.9990234375 67.5001220703125 414.9994812011719
v 184.998046875 757.50244140625 414.9994201660156
v 175.00048828125 757.50244140625 369.9995422363281
v 175.0008544921875 67.50018310546875 369.9996337890625
v 175.00048828125 757.50244140625 374.9995422363281
v 175.0008544921875 67.50018310546875 374.9996337890625
v 204.99951171875 67.50006103515625 369.9996032714844
v 204.999267578125 757.5023803710938 369.9995422363281
v 204.99951171875 67.50006103515625 374.9996032714844
v 204.999267578125 757.5023803710938 374.9995422363281
v 175.0008544921875 67.50018310546875 369.9996337890625
v 175.00048828125 757.50244140625 369.9995422363281
v 204.999267578125 757.50244140625 369.9995422363281
v 204.99951171875 67.50006103515625 369.9996032714844
v -435.0008544921875 47.49639892578125 -130.00033569335938
v -435.000732421875 52.4952392578125 -130.00033569335938
v -435.0008544921875 47.49639892578125 -95.00033569335938
v -435.000732421875 52.4952392578125 -95.00033569335938
v -435.000732421875 52.4952392578125 -95.00033569335938
v -435.000732421875 52.4952392578125 -130.00033569335938
v -675.0001220703125 52.4952392578125 -275.000244140625
v -675.0001220703125 52.4952392578125 -310.0002746582031
v -675.0001220703125 52.4952392578125 -310.0002746582031
v -675.0003051757812 47.49639892578125 -310.0002746582031
v -675.0001220703125 52.4952392578125 -275.000244140625
v -675.0003051757812 47.49639892578125 -275.000244140625
v -435.0008544921875 47.49639892578125 -130.00033569335938
v -675.0003051757812 47.49639892578125 -275.000244140625
v -675.0003051757812 47.49639892578125 -310.0002746582031
v -435.0008544921875 47.49639892578125 -95.00032806396484
v -435.0008544921875 47.49639892578125 -130.00033569335938
v -675.0003051757812 47.49639892578125 -310.0002746582031
v -435.000732421875 52.4952392578125 -130.00033569335938
v -675.0001220703125 52.4952392578125 -310.0002746582031
v -435.0008544921875 47.49639892578125 -95.00033569335938
v -435.000732421875 52.4952392578125 -95.00033569335938
v -675.0003051757812 47.49639892578125 -275.000244140625
v -675.0001220703125 52.4952392578125 -275.000244140625
v -674.999267578125 -1062.4990234375 -130.000244140625
v -674.9994506835938 757.5025634765625 -130.0004119873047
v -674.999267578125 -1062.4990234375 -125.00025939941406
v -674.9994506835938 757.5025634765625 -125.00041961669922
v -704.998291015625 757.5023193359375 -130.0004119873047
v -704.9981079101562 -1062.499267578125 -130.00025939941406
v -704.998291015625 757.5023193359375 -125.00041961669922
v -704.9981079101562 -1062.499267578125 -125.00025939941406
v -674.9994506835938 757.5023193359375 -130.0004119873047
v -674.999267578125 -1062.4990234375 -130.000244140625
v -704.9981689453125 -1062.498779296875 -130.00025939941406
v -704.998291015625 757.5023193359375 -130.0004119873047
v -684.999755859375 -1062.4990234375 -125.00045013427734
v -685.000244140625 757.5025634765625 -125.00060272216797
v -684.999755859375 -1062.4990234375 -85.00045013427734
v -685.000244140625 757.5025634765625 -85.00060272216797
v -695.0006103515625 757.5022583007812 -125.00060272216797
v -695.00048828125 -1062.498779296875 -125.00045013427734
v -695.0006103515625 757.5022583007812 -85.00060272216797
v -695.00048828125 -1062.498779296875 -85.00045013427734
v -685.0001831054688 757.5023193359375 -85.00060272216797
v -695.00048828125 -1062.498779296875 -85.00045013427734
v -684.999755859375 -1062.4990234375 -85.00045013427734
v -695.0006103515625 757.5022583007812 -85.00060272216797
v -674.999267578125 -1062.4990234375 -85.00015258789062
v -674.9994506835938 757.5025634765625 -85.00031280517578
v -674.999267578125 -1062.4990234375 -80.00015258789062
v -674.9994506835938 757.5025634765625 -80.00031280517578
v -704.998291015625 757.5023193359375 -85.00031280517578
v -704.9981079101562 -1062.499267578125 -85.00015258789062
v -704.998291015625 757.5023193359375 -80.00031280517578
v -704.9981079101562 -1062.499267578125 -80.00015258789062
v -674.9994506835938 757.5023193359375 -85.00031280517578
v -674.999267578125 -1062.4990234375 -85.00015258789062
v -704.9981689453125 -1062.498779296875 -85.00015258789062
v -704.998291015625 757.5023193359375 -85.00031280517578
v -704.9989013671875 757.5001220703125 369.99957275390625
v -704.9988403320312 67.4976806640625 369.9996337890625
v -704.9989013671875 757.5001220703125 374.99957275390625
v -704.9988403320312 67.4976806640625 374.9996337890625
v -675.0001220703125 67.49761962890625 369.9996337890625
v -675.0001220703125 757.500244140625 369.99957275390625
v -675.0001220703125 67.49761962890625 374.9996337890625
v -675.0001220703125 757.500244140625 374.99957275390625
v -704.998779296875 67.49771118164062 369.9996337890625
v -704.9989013671875 757.5001220703125 369.99957275390625
v -675.0001220703125 757.5001220703125 369.99957275390625
v -675.0001220703125 67.49761962890625 369.9996337890625
v -704.998779296875 67.49771118164062 374.9996337890625
v -675.0001220703125 757.5001220703125 374.99957275390625
v -704.9989013671875 757.5001220703125 374.99957275390625
v -675.0001220703125 67.49761962890625 374.9996337890625
v -685.0 67.49993896484375 374.9994201660156
v -684.9998779296875 757.50244140625 374.9993591308594
v -685.0 67.49993896484375 414.9994201660156
v -684.9998779296875 757.50244140625 414.9993591308594
v -695.0006103515625 757.50244140625 374.9993591308594
v -695.0006103515625 67.4998779296875 374.9994201660156
v -695.0006103515625 757.50244140625 414.9993591308594
v -695.0006103515625 67.4998779296875 414.9994201660156
v -684.9999389648438 757.5023193359375 414.9993591308594
v -695.0006103515625 67.49996948242188 414.9994201660156
v -685.0 67.49993896484375 414.9994201660156
v -695.0006103515625 757.50244140625 414.9993591308594
v -704.9981689453125 757.5023193359375 414.99945068359375
v -704.9981079101562 67.49981689453125 414.99951171875
v -704.9981689453125 757.5023193359375 419.9994812011719
v -704.9981079101562 67.49981689453125 419.9995422363281
v -674.9993286132812 67.4998779296875 414.99951171875
v -674.9993286132812 757.50244140625 414.99945068359375
v -674.9993286132812 67.4998779296875 419.9995422363281
v -674.9993286132812 757.50244140625 419.9994812011719
v -704.9981689453125 67.4998779296875 414.99951171875
v -704.9981689453125 757.5023193359375 414.99945068359375
v -674.9993286132812 757.5023193359375 414.99945068359375
v -674.9993286132812 67.4998779296875 414.99951171875
v -704.9981689453125 67.4998779296875 419.9995422363281
v -674.9993286132812 757.5023193359375 419.9994812011719
v -704.9981689453125 757.5023193359375 419.9994812011719
v -674.9993286132812 67.4998779296875 419.9995422363281
v -704.9983520507812 787.5010986328125 419.9994812011719
v -714.9989013671875 787.5010986328125 419.9994812011719
v -704.9983520507812 787.5010986328125 439.99945068359375
v -714.9989013671875 787.5010986328125 439.99945068359375
v -714.9989013671875 787.5010986328125 419.9994812011719
v -714.9989013671875 37.5009765625 419.99957275390625
v -714.9989013671875 787.5010986328125 439.99945068359375
v -714.9989013671875 37.5009765625 439.9995422363281
v -704.9981689453125 37.5010986328125 419.9995422363281
v -704.998291015625 787.501220703125 419.9994812011719
v -704.9981689453125 37.5010986328125 439.99951171875
v -704.998291015625 787.501220703125 439.99945068359375
v -714.9989013671875 37.5010986328125 419.99957275390625
v -714.9989013671875 787.5010986328125 419.9994812011719
v -704.9983520507812 787.5010986328125 419.9994812011719
v -704.9981689453125 37.5010986328125 419.9995422363281
v -714.9989013671875 37.5010986328125 439.9995422363281
v -704.9983520507812 787.5010986328125 439.99945068359375
v -714.9989013671875 787.5010986328125 439.99945068359375
v -704.9981689453125 37.5010986328125 439.99951171875
v -864.9989624023438 787.5011596679688 419.9994812011719
v -874.99951171875 787.5010986328125 419.9994812011719
v -864.9989624023438 787.5011596679688 439.99945068359375
v -874.99951171875 787.5010986328125 439.99945068359375
v -874.99951171875 787.5010986328125 419.9994812011719
v -874.99951171875 37.501007080078125 419.99957275390625
v -874.99951171875 787.5010986328125 439.99945068359375
v -874.99951171875 37.501007080078125 439.9995422363281
v -864.9989013671875 37.5010986328125 419.99957275390625
v -864.9989013671875 787.501220703125 419.9994812011719
v -864.9989013671875 37.5010986328125 439.9995422363281
v -864.9989013671875 787.501220703125 439.99945068359375
v -874.99951171875 37.5010986328125 419.99957275390625
v -874.99951171875 787.5010986328125 419.9994812011719
v -864.9989624023438 787.5011596679688 419.9994812011719
v -864.9989013671875 37.5010986328125 419.99957275390625
v -874.99951171875 37.5010986328125 439.9995422363281
v -864.9989624023438 787.5011596679688 439.99945068359375
v -874.99951171875 787.5010986328125 439.99945068359375
v -864.9989013671875 37.5010986328125 439.9995422363281
v -1024.99951171875 787.5009765625 419.9994812011719
v -1035.000244140625 787.5010375976562 419.9994812011719
v -1024.99951171875 787.5009765625 439.99945068359375
v -1035.000244140625 787.5010375976562 439.99945068359375
v -1035.000244140625 787.5009765625 419.9994812011719
v -1035.0001220703125 37.50091552734375 419.99951171875
v -1035.000244140625 787.5009765625 439.99945068359375
v -1035.0001220703125 37.500946044921875 439.9994812011719
v -1024.99951171875 37.501007080078125 419.99951171875
v -1024.99951171875 787.5010986328125 419.9994812011719
v -1024.99951171875 37.501007080078125 439.9994812011719
v -1024.99951171875 787.5010986328125 439.99945068359375
v -1035.0001220703125 37.5009765625 419.99951171875
v -1035.000244140625 787.5009765625 419.9994812011719
v -1024.99951171875 787.5009765625 419.9994812011719
v -1024.99951171875 37.501007080078125 419.99951171875
v -1035.0001220703125 37.501007080078125 439.9994812011719
v -1024.99951171875 787.5009765625 439.99945068359375
v -1035.000244140625 787.5009765625 439.99945068359375
v -1024.99951171875 37.501007080078125 439.9994812011719
v -1195.000732421875 787.5010986328125 419.9994812011719
v -1205.00146484375 787.5010986328125 419.9994812011719
v -1195.000732421875 787.5010986328125 439.99945068359375
v -1205.00146484375 787.5010986328125 439.99945068359375
v -1205.00146484375 787.5010986328125 419.9994812011719
v -1205.0013427734375 37.5009765625 419.9995422363281
v -1205.00146484375 787.5010986328125 439.99945068359375
v -1205.0013427734375 37.5009765625 439.99951171875
v -1195.000732421875 37.50103759765625 419.9995422363281
v -1195.0008544921875 787.5011596679688 419.9994812011719
v -1195.000732421875 37.50103759765625 439.99951171875
v -1195.0008544921875 787.5011596679688 439.99945068359375
v -1205.0013427734375 37.50103759765625 419.9995422363281
v -1205.00146484375 787.5010986328125 419.9994812011719
v -1195.000732421875 787.5010986328125 419.9994812011719
v -1195.000732421875 37.50103759765625 419.9995422363281
v -1205.0013427734375 37.501068115234375 439.99951171875
v -1195.000732421875 787.5010986328125 439.99945068359375
v -1205.00146484375 787.5010986328125 439.99945068359375
v -1195.000732421875 37.50103759765625 439.99951171875
v -1364.9990234375 787.5009765625 419.9994812011719
v -1374.9996337890625 787.5010375976562 419.9994812011719
v -1364.9990234375 787.5010375976562 439.99945068359375
v -1374.9996337890625 787.5010986328125 439.99945068359375
v -1374.9996337890625 787.5010375976562 419.9994812011719
v -1374.99951171875 37.500946044921875 419.99951171875
v -1374.9996337890625 787.5010986328125 439.99945068359375
v -1374.99951171875 37.500946044921875 439.9994812011719
v -1364.9989013671875 37.50103759765625 419.9995422363281
v -1364.9990234375 787.5010986328125 419.9994812011719
v -1364.9989013671875 37.50103759765625 439.99951171875
v -1364.9990234375 787.5011596679688 439.99945068359375
v -1374.99951171875 37.50103759765625 419.99951171875
v -1374.9996337890625 787.5010375976562 419.9994812011719
v -1364.9990234375 787.5009765625 419.9994812011719
v -1364.9989013671875 37.50103759765625 419.9995422363281
v -1374.99951171875 37.50103759765625 439.9994812011719
v -1364.9990234375 787.5010375976562 439.99945068359375
v -1374.9996337890625 787.5010986328125 439.99945068359375
v -1364.9989013671875 37.50103759765625 439.99951171875
v -485.00091552734375 787.4989624023438 419.9996032714844
v -495.00152587890625 787.4989013671875 419.9996032714844
v -485.00091552734375 787.4989624023438 439.99957275390625
v -495.00152587890625 787.4989013671875 439.99957275390625
v -495.0015869140625 787.4989624023438 419.9996032714844
v -495.00152587890625 37.49884033203125 419.9996643066406
v -495.0015869140625 787.4989624023438 439.99957275390625
v -495.00152587890625 37.49884033203125 439.9996337890625
v -485.00091552734375 37.498992919921875 419.9996643066406
v -485.0008544921875 787.4990234375 419.9996032714844
v -485.00091552734375 37.498992919921875 439.9996337890625
v -485.0008544921875 787.4990234375 439.99957275390625
v -495.00146484375 37.49896240234375 419.9996643066406
v -495.0015869140625 787.4989624023438 419.9996032714844
v -485.00091552734375 787.4989624023438 419.9996032714844
v -485.00091552734375 37.498992919921875 419.9996643066406
v -495.00146484375 37.49896240234375 439.9996337890625
v -485.00091552734375 787.4989624023438 439.99957275390625
v -495.0015869140625 787.4989624023438 439.99957275390625
v -485.00091552734375 37.498992919921875 439.9996337890625
v -314.99896240234375 787.5010986328125 419.9994812011719
v -324.99957275390625 787.5010375976562 419.9994812011719
v -314.99896240234375 787.5010986328125 439.99945068359375
v -324.99957275390625 787.5010375976562 439.99945068359375
v -324.9996337890625 787.5010986328125 419.9994812011719
v -324.99957275390625 37.50103759765625 419.99957275390625
v -324.9996337890625 787.5010986328125 439.99945068359375
v -324.99957275390625 37.50103759765625 439.9995422363281
v -314.99896240234375 37.50115966796875 419.99957275390625
v -314.9990234375 787.5010986328125 419.9994812011719
v -314.99896240234375 37.50115966796875 439.9995422363281
v -314.9990234375 787.5010986328125 439.99945068359375
v -324.9996337890625 37.501129150390625 419.99957275390625
v -324.99957275390625 787.5010986328125 419.9994812011719
v -314.99896240234375 787.5010986328125 419.9994812011719
v -314.99896240234375 37.50115966796875 419.99957275390625
v -324.9996337890625 37.501129150390625 439.9995422363281
v -314.99896240234375 787.5010986328125 439.99945068359375
v -324.99957275390625 787.5010986328125 439.99945068359375
v -314.99896240234375 37.50115966796875 439.9995422363281
v -249.99652099609375 782.49609375 369.99951171875
v -254.99530029296875 782.4961547851562 369.99951171875
v -249.99652099609375 782.49609375 719.99951171875
v -254.99530029296875 782.4961547851562 719.99951171875
v -254.99530029296875 782.4961547851562 369.99951171875
v -254.9952392578125 762.5010375976562 369.99951171875
v -254.99530029296875 782.4961547851562 719.9994506835938
v -254.9952392578125 762.5010375976562 719.9994506835938
v -249.99652099609375 762.5011596679688 369.99951171875
v -249.99652099609375 782.49609375 369.99951171875
v -249.99652099609375 762.5011596679688 719.99951171875
v -249.99652099609375 782.49609375 719.99951171875
v -254.9952392578125 762.5009765625 719.99951171875
v -249.99652099609375 782.49609375 719.99951171875
v -254.99530029296875 782.4961547851562 719.99951171875
v -249.9964599609375 762.5010986328125 719.99951171875
v -145.0008544921875 787.5009765625 419.99951171875
v -155.0013427734375 787.5010375976562 419.99951171875
v -145.0008544921875 787.5009765625 439.9994812011719
v -155.0013427734375 787.5010375976562 439.9994812011719
v -155.00146484375 787.5010986328125 419.99951171875
v -155.0013427734375 37.50103759765625 419.99957275390625
v -155.00146484375 787.5010986328125 439.9994812011719
v -155.0013427734375 37.50103759765625 439.9995422363281
v -145.000732421875 37.50128173828125 419.99957275390625
v -145.0008544921875 787.5009765625 419.99951171875
v -145.000732421875 37.50128173828125 439.9995422363281
v -145.0008544921875 787.5009765625 439.9994812011719
v -155.0013427734375 37.501129150390625 419.99957275390625
v -155.0013427734375 787.5010375976562 419.99951171875
v -145.0008544921875 787.5009765625 419.99951171875
v -145.000732421875 37.50128173828125 419.99957275390625
v -155.0013427734375 37.501129150390625 439.9995422363281
v -145.0008544921875 787.5009765625 439.9994812011719
v -155.0013427734375 787.5010375976562 439.9994812011719
v -145.000732421875 37.50128173828125 439.9995422363281
v -84.9970703125 767.499755859375 414.999755859375
v -84.9970703125 757.5023193359375 414.999755859375
v -84.9970703125 767.499755859375 494.9997863769531
v -84.9970703125 757.5023193359375 494.9997863769531
v -14.995849609375 757.50244140625 414.999755859375
v -14.995849609375 767.4999389648438 414.999755859375
v -14.995849609375 757.50244140625 494.9997863769531
v -14.995849609375 767.4999389648438 494.9997863769531
v -14.995849609375 767.5 414.999755859375
v -84.9970703125 767.499755859375 414.999755859375
v -14.995849609375 767.5 494.9997863769531
v -84.9970703125 767.499755859375 494.9997863769531
v -84.9970703125 767.499755859375 414.999755859375
v -14.995849609375 767.5 414.999755859375
v -84.9970703125 757.5023193359375 414.999755859375
v -14.995849609375 757.50244140625 414.999755859375
v -84.9970703125 767.499755859375 494.9997863769531
v -84.9970703125 757.5023193359375 494.9997863769531
v -14.995849609375 767.5 494.9997863769531
v -14.995849609375 757.50244140625 494.9997863769531
v 14.999755859375 787.5010986328125 419.9995422363281
v 4.9991455078125 787.5010986328125 419.9995422363281
v 14.999755859375 787.5010986328125 439.99951171875
v 4.9991455078125 787.5010986328125 439.99951171875
v 4.9991455078125 787.5010986328125 419.9995422363281
v 4.999267578125 37.501190185546875 419.99957275390625
v 4.9991455078125 787.5010986328125 439.99951171875
v 4.999267578125 37.501190185546875 439.9995422363281
v 15.0 37.501220703125 419.99957275390625
v 14.999755859375 787.501220703125 419.9995422363281
v 15.0 37.501220703125 439.9995422363281
v 14.999755859375 787.501220703125 439.99951171875
v 4.999267578125 37.50128173828125 419.99957275390625
v 4.9991455078125 787.5010986328125 419.9995422363281
v 14.999755859375 787.5010986328125 419.9995422363281
v 15.0 37.501220703125 419.99957275390625
v 4.999267578125 37.50128173828125 439.9995422363281
v 14.999755859375 787.5010986328125 439.99951171875
v 4.9991455078125 787.5010986328125 439.99951171875
v 15.0 37.501220703125 439.9995422363281
v -674.9932250976562 762.4949951171875 414.99969482421875
v -679.9920654296875 762.4950561523438 414.99969482421875
v -674.9932861328125 762.4949951171875 764.9996948242188
v -679.9920654296875 762.4950561523438 764.9996948242188
v -679.9920654296875 762.4950561523438 414.99969482421875
v -679.9920654296875 742.5 414.99969482421875
v -679.9920654296875 762.4950561523438 764.9996948242188
v -679.9920654296875 742.5 764.9996948242188
v -679.9920654296875 742.5 414.99969482421875
v -674.9933471679688 742.4998779296875 414.99969482421875
v -679.9920654296875 742.5 764.9996948242188
v -674.993408203125 742.4998779296875 764.9996948242188
v -674.9933471679688 742.4998779296875 414.99969482421875
v -674.9932250976562 762.4949951171875 414.99969482421875
v -674.9933471679688 742.4998779296875 764.9996948242188
v -674.9932861328125 762.4949951171875 764.9996948242188
v -679.9920654296875 742.5 764.9996948242188
v -674.9932861328125 762.4949951171875 764.9996948242188
v -679.9920654296875 762.4950561523438 764.9996948242188
v -674.9933471679688 742.4998779296875 764.9996948242188
v -674.9933471679688 407.4962158203125 414.9997253417969
v -679.9921264648438 407.4962158203125 414.9997253417969
v -674.993408203125 757.4962158203125 764.999755859375
v -679.9921875 757.4962768554688 764.999755859375
v -679.9921264648438 407.4962158203125 414.9997253417969
v -679.9921264648438 387.5010681152344 414.9997253417969
v -679.9921264648438 757.4962158203125 764.9996948242188
v -679.9920654296875 737.501220703125 764.9996948242188
v -679.9921264648438 387.5010681152344 414.9997253417969
v -674.9933471679688 387.5010986328125 414.9997253417969
v -679.9921264648438 737.5010986328125 764.9996948242188
v -674.9932861328125 737.5010986328125 764.9996337890625
v -679.9921875 737.5010986328125 764.9996948242188
v -674.9933471679688 757.4962158203125 764.9996948242188
v -679.9921264648438 757.4962158203125 764.9996948242188
v -674.9932861328125 737.5010986328125 764.9996948242188
v -679.9951171875 37.5010986328125 744.9996337890625
v -674.993408203125 37.50115966796875 744.9996337890625
v -679.9951171875 37.5010986328125 764.9996337890625
v -674.993408203125 37.50115966796875 764.9996337890625
v -674.9933471679688 742.4998779296875 744.9995727539062
v -679.9951171875 742.4998779296875 744.9995727539062
v -674.9933471679688 742.4998779296875 764.9995727539062
v -679.9951171875 742.4998779296875 764.9995727539062
v -679.9951171875 742.4998779296875 744.9995727539062
v -679.9950561523438 37.501129150390625 744.9996337890625
v -679.9951171875 742.4998779296875 764.9995727539062
v -679.9950561523438 37.501129150390625 764.9996337890625
v -674.9933471679688 742.4998779296875 744.9995727539062
v -674.993408203125 37.50115966796875 744.9996337890625
v -679.9951171875 37.5010986328125 744.9996337890625
v -679.9951171875 742.4998779296875 744.9995727539062
v -674.9933471679688 742.4998779296875 764.9995727539062
v -679.9951171875 37.5010986328125 764.9996337890625
v -674.993408203125 37.50115966796875 764.9996337890625
v -679.9951171875 742.4998779296875 764.9995727539062
v -679.9951782226562 367.50604248046875 414.9997253417969
v -674.9963989257812 367.5059814453125 414.9997253417969
v -679.9951782226562 17.506011962890625 764.9998168945312
v -674.9963989257812 17.506011962890625 764.999755859375
v -674.996337890625 387.5010681152344 414.9997253417969
v -679.9951782226562 387.5010986328125 414.9997253417969
v -674.9963989257812 37.501129150390625 764.9998168945312
v -679.9951782226562 37.5010986328125 764.9998168945312
v -679.9951782226562 387.5010986328125 414.9997253417969
v -679.9951782226562 367.50604248046875 414.9997253417969
v -679.9951782226562 37.501129150390625 764.999755859375
v -679.9951782226562 17.5059814453125 764.999755859375
v -674.996337890625 37.50115966796875 764.999755859375
v -679.9951171875 17.50604248046875 764.999755859375
v -674.9963989257812 17.506103515625 764.999755859375
v -679.9951782226562 37.501129150390625 764.999755859375
v 185.004150390625 37.50152587890625 744.9996948242188
v 190.0059814453125 37.5013427734375 744.9996948242188
v 185.004150390625 37.50152587890625 764.9996948242188
v 190.0059814453125 37.5013427734375 764.9996948242188
v 190.0059814453125 37.5013427734375 744.9996948242188
v 190.005859375 742.4999389648438 744.9995727539062
v 190.0059814453125 37.5013427734375 764.9996948242188
v 190.005859375 742.4999389648438 764.9995727539062
v 190.005859375 742.4999389648438 744.9995727539062
v 185.004150390625 742.5 744.9995727539062
v 190.005859375 742.4999389648438 764.9995727539062
v 185.004150390625 742.5 764.9995727539062
v 190.005859375 742.4999389648438 744.9995727539062
v 190.0059814453125 37.5013427734375 744.9996948242188
v 185.004150390625 37.50152587890625 744.9996948242188
v 185.004150390625 742.5 744.9995727539062
v 190.005859375 742.4999389648438 764.9995727539062
v 185.004150390625 37.50152587890625 764.9996948242188
v 190.0059814453125 37.5013427734375 764.9996948242188
v 185.004150390625 742.5 764.9995727539062
v 190.006103515625 367.5062255859375 414.9997863769531
v 195.0048828125 367.5062255859375 414.9997863769531
v 190.005859375 17.50628662109375 764.9998168945312
v 195.004638671875 17.5064697265625 764.999755859375
v 195.0048828125 367.5062255859375 414.9997863769531
v 195.0048828125 387.501220703125 414.9997863769531
v 195.004638671875 17.5064697265625 764.9998168945312
v 195.0047607421875 37.5013427734375 764.9998168945312
v 195.0048828125 387.501220703125 414.9997863769531
v 190.006103515625 387.50128173828125 414.99981689453125
v 195.0047607421875 37.50140380859375 764.9998168945312
v 190.0059814453125 37.50140380859375 764.9998168945312
v 195.0047607421875 37.50140380859375 764.9998168945312
v 190.005859375 17.50628662109375 764.9998168945312
v 195.004638671875 17.5064697265625 764.9998168945312
v 190.0059814453125 37.50140380859375 764.9998168945312
v 190.006103515625 407.496337890625 414.9997863769531
v 185.00732421875 407.49639892578125 414.9997863769531
v 190.005859375 757.496337890625 764.999755859375
v 185.0072021484375 757.496337890625 764.9998168945312
v 185.00732421875 387.5013427734375 414.9997863769531
v 190.006103515625 387.50128173828125 414.99981689453125
v 185.007080078125 737.5012817382812 764.999755859375
v 190.005859375 737.501220703125 764.9996948242188
v 190.006103515625 387.50128173828125 414.9997863769531
v 190.006103515625 407.496337890625 414.9997863769531
v 190.005859375 737.501220703125 764.9996948242188
v 190.005859375 757.496337890625 764.9996948242188
v 185.007080078125 737.5012817382812 764.9996948242188
v 190.005859375 757.496337890625 764.9996948242188
v 185.0072021484375 757.4963989257812 764.9996948242188
v 190.005859375 737.501220703125 764.9996948242188
v 190.0059814453125 762.4949951171875 414.999755859375
v 185.007080078125 762.4949951171875 414.999755859375
v 190.0059814453125 762.4951171875 764.9996948242188
v 185.0069580078125 762.4951171875 764.9996948242188
v 185.007080078125 762.4949951171875 414.999755859375
v 185.0072021484375 742.4999389648438 414.999755859375
v 185.0069580078125 762.4951171875 764.9996948242188
v 185.0072021484375 742.5 764.9996948242188
v 185.0072021484375 742.4999389648438 414.999755859375
v 190.0059814453125 742.5 414.999755859375
v 185.0072021484375 742.5 764.9996948242188
v 190.0059814453125 742.5000610351562 764.9996948242188
v 190.0059814453125 742.5 414.999755859375
v 190.0059814453125 762.4949951171875 414.999755859375
v 190.0059814453125 742.5000610351562 764.9996948242188
v 190.0059814453125 762.4951171875 764.9996948242188
v 185.0072021484375 742.5 764.9996948242188
v 190.0059814453125 762.4951171875 764.9996948242188
v 185.0069580078125 762.4951171875 764.9996948242188
v 190.0059814453125 742.5000610351562 764.9996948242188
v -674.9970703125 757.500244140625 414.9998779296875
v -674.9970092773438 37.498870849609375 414.99993896484375
v -674.9970703125 757.500244140625 764.9999389648438
v -674.9970092773438 37.49896240234375 765.0
v 185.003662109375 37.49896240234375 415.0000305175781
v 185.00341796875 757.500244140625 414.99993896484375
v 185.00341796875 37.49908447265625 765.0000610351562
v 185.00341796875 757.500244140625 764.9999389648438
v 185.00341796875 757.5001831054688 414.99993896484375
v -674.9970092773438 757.500244140625 414.9998779296875
v -364.99652099609375 757.5001831054688 539.9999389648438
v -364.99652099609375 757.5001831054688 656.9999389648438
v -617.9964599609375 757.5001831054688 656.9999389648438
v 185.0035400390625 757.500244140625 764.9999389648438
v -674.9970092773438 757.500244140625 764.9999389648438
v -617.9964599609375 757.5001831054688 539.9999389648438
v 185.00341796875 757.5001831054688 414.99993896484375
v -674.9970703125 37.498992919921875 414.99993896484375
v 185.003662109375 37.49896240234375 415.0000305175781
v -364.99658203125 747.500244140625 656.9999389648438
v -617.9964599609375 747.500244140625 656.9999389648438
v -364.99652099609375 757.5001831054688 656.9999389648438
v -617.9964599609375 757.5001831054688 656.9999389648438
v -364.99658203125 747.500244140625 539.9999389648438
v -364.99652099609375 757.5001831054688 539.9999389648438
v -617.9964599609375 747.5001831054688 539.9999389648438
v -617.9964599609375 757.5001831054688 539.9999389648438
v -364.99658203125 747.500244140625 656.9999389648438
v -364.99652099609375 757.5001831054688 539.9999389648438
v -364.99658203125 747.500244140625 539.9999389648438
v -364.99652099609375 757.5001831054688 656.9999389648438
v -617.9964599609375 747.500244140625 656.9999389648438
v -617.9964599609375 747.5001831054688 539.9999389648438
v -617.9964599609375 757.5001831054688 539.9999389648438
v -617.9964599609375 757.5001831054688 656.9999389648438
v -243.89794921875 757.500244140625 914.9999389648438
v -246.09564208984375 757.500244140625 914.9999389648438
v -4.998779296875 -1187.5009765625 719.999755859375
v -4.998779296875 -342.49969482421875 719.9996948242188
v -4.9989013671875 -1187.5009765625 1069.9998779296875
v -4.9989013671875 -1151.083740234375 1069.9998779296875
v -1944.998291015625 -332.50238037109375 719.9995727539062
v -1950.0 -1187.501220703125 719.9996337890625
v -1949.728515625 -1141.061767578125 1069.9996337890625
v -1950.000244140625 -1187.501220703125 1069.9996337890625
v -1950.0 -1187.5009765625 719.9996337890625
v -4.9986572265625 -1187.500732421875 719.999755859375
v -1950.0 -1187.5009765625 1069.9996337890625
v -4.9986572265625 -1187.500732421875 1069.9998779296875
v -1069.998291015625 757.5000610351562 399.99957275390625
v -1069.998291015625 757.5000610351562 394.99957275390625
v -1069.9984130859375 332.5000915527344 299.9996032714844
v -1069.9984130859375 332.5000915527344 294.9996032714844
v -1034.997802734375 332.5 439.9996643066406
v -1069.9984130859375 332.50006103515625 299.9996032714844
v -1069.9984130859375 332.50006103515625 294.9996032714844
v -1034.997802734375 332.5 444.99969482421875
v -1034.997802734375 332.5 439.9996643066406
v -1034.997802734375 757.5001831054688 439.9996337890625
v -1034.997802734375 332.5 444.99969482421875
v -1034.997802734375 757.5001831054688 444.9996643066406
v -1034.997802734375 757.5001220703125 444.9996643066406
v -1034.997802734375 757.5001220703125 439.9996337890625
v -1069.998291015625 757.5000610351562 399.99957275390625
v -1069.998291015625 757.5000610351562 394.99957275390625
v -1069.9984130859375 332.50006103515625 294.9996032714844
v -1069.998291015625 757.5000610351562 394.99957275390625
v -1034.997802734375 757.5001220703125 439.9996337890625
v -1034.997802734375 332.5 439.9996643066406
v -1069.9984130859375 332.50006103515625 299.9996032714844
v -1034.997802734375 757.5001220703125 444.9996643066406
v -1069.998291015625 757.5000610351562 399.99957275390625
v -1034.997802734375 332.5 444.99969482421875
v -699.9993896484375 757.5023193359375 439.99945068359375
v -1034.9970703125 757.5023193359375 439.99945068359375
v -699.9993896484375 757.5023193359375 444.9994812011719
v -1034.9970703125 757.5023193359375 444.9994812011719
v -1034.9970703125 757.5023193359375 439.99945068359375
v -1034.996826171875 67.499755859375 439.9994812011719
v -1034.9970703125 757.5023193359375 444.9994812011719
v -1034.996826171875 67.499755859375 444.99951171875
v -699.9993896484375 67.49981689453125 439.99951171875
v -699.9993896484375 757.5023193359375 439.99945068359375
v -699.9993896484375 67.49981689453125 444.9995422363281
v -699.9993896484375 757.5023193359375 444.9994812011719
v -1034.9969482421875 67.49981689453125 439.9994812011719
v -1034.9970703125 757.5023193359375 439.99945068359375
v -699.9993896484375 757.5023193359375 439.99945068359375
v -699.9993896484375 67.49981689453125 439.99951171875
v -1034.9969482421875 67.49981689453125 444.99951171875
v -699.9993896484375 757.5023193359375 444.9994812011719
v -1034.9970703125 757.5023193359375 444.9994812011719
v -699.9993896484375 67.49981689453125 444.9995422363281
v -1034.9969482421875 377.50347900390625 439.9994812011719
v -1204.9981689453125 377.5035095214844 439.9994812011719
v -1034.9969482421875 377.50347900390625 444.99951171875
v -1204.9981689453125 377.5035095214844 444.99951171875
v -1204.9981689453125 377.5035400390625 439.9994812011719
v -1204.9981689453125 332.502197265625 439.9994812011719
v -1204.9981689453125 377.5035400390625 444.99951171875
v -1204.9981689453125 332.502197265625 444.99951171875
v -1204.9981689453125 332.502197265625 439.9994812011719
v -1034.9970703125 332.5022277832031 439.9994812011719
v -1204.9981689453125 332.502197265625 444.99951171875
v -1034.9970703125 332.5022277832031 444.99951171875
v -1034.9970703125 332.5022277832031 439.9994812011719
v -1034.9969482421875 377.50347900390625 439.9994812011719
v -1034.9970703125 332.5022277832031 444.99951171875
v -1034.9969482421875 377.50347900390625 444.99951171875
v -1204.9981689453125 377.5035400390625 439.9994812011719
v -1034.9969482421875 377.50347900390625 439.9994812011719
v -1204.9981689453125 332.502197265625 439.9994812011719
v -1034.9970703125 332.5022277832031 439.9994812011719
v -1204.9981689453125 377.5035400390625 444.99951171875
v -1204.9981689453125 332.502197265625 444.99951171875
v -1034.9969482421875 377.50347900390625 444.99951171875
v -1034.9970703125 332.5022277832031 444.99951171875
v -1034.9970703125 332.5022277832031 439.9994812011719
v -1379.9981689453125 332.5022888183594 439.99945068359375
v -1034.9970703125 332.5022277832031 444.99951171875
v -1379.9981689453125 332.5022888183594 444.9994812011719
v -1379.9981689453125 332.5023193359375 439.99945068359375
v -1379.9981689453125 67.49972534179688 439.9994812011719
v -1379.9981689453125 332.5023193359375 444.9994812011719
v -1379.9981689453125 67.49972534179688 444.99951171875
v -1034.9969482421875 67.49984741210938 439.9994812011719
v -1034.9970703125 332.502197265625 439.9994812011719
v -1034.9969482421875 67.49984741210938 444.99951171875
v -1034.9970703125 332.502197265625 444.99951171875
v -1379.9981689453125 332.5023193359375 439.99945068359375
v -1379.9981689453125 67.49972534179688 439.9994812011719
v -1379.9981689453125 332.5023193359375 444.9994812011719
v -1379.9981689453125 67.49972534179688 444.99951171875
v -1034.9969482421875 67.49984741210938 444.99951171875
v -1204.998291015625 357.5022888183594 409.99951171875
v -1204.998291015625 357.5022888183594 404.9994812011719
v -1364.998779296875 357.5022277832031 384.99957275390625
v -1364.998779296875 357.5022277832031 379.9996032714844
v -1364.998779296875 332.50225830078125 439.9994812011719
v -1364.998779296875 357.5022277832031 384.99957275390625
v -1364.998779296875 357.5022277832031 379.9996032714844
v -1364.998779296875 332.50225830078125 444.99951171875
v -1364.998779296875 332.50225830078125 439.9994812011719
v -1204.9981689453125 332.502197265625 439.9994812011719
v -1364.998779296875 332.50225830078125 444.99951171875
v -1204.9981689453125 332.502197265625 444.99951171875
v -1204.9981689453125 332.502197265625 444.99951171875
v -1204.9981689453125 332.502197265625 439.9994812011719
v -1204.998291015625 357.5022888183594 409.99951171875
v -1204.998291015625 357.5022888183594 404.9994812011719
v -1364.998779296875 357.5022277832031 379.9996032714844
v -1204.998291015625 357.5022888183594 404.9994812011719
v -1364.998779296875 332.50225830078125 439.9994812011719
v -1364.998779296875 357.5022277832031 384.9996032714844
v -1364.998779296875 332.50225830078125 444.99951171875
v -1204.998291015625 357.5022888183594 409.99951171875
v -1534.9969482421875 177.5034942626953 409.99969482421875
v -1379.9981689453125 177.5034637451172 384.99957275390625
v -1379.9981689453125 177.5034637451172 379.9996032714844
v -1534.9969482421875 177.5034942626953 414.9996643066406
v -1534.9969482421875 142.49977111816406 439.9994812011719
v -1534.9969482421875 177.50347900390625 414.9996643066406
v -1534.9969482421875 177.50347900390625 409.99969482421875
v -1534.9969482421875 142.49977111816406 444.99951171875
v -1534.9969482421875 142.49977111816406 439.9994812011719
v -1379.9981689453125 142.49972534179688 439.9994812011719
v -1534.9969482421875 142.49977111816406 444.99951171875
v -1379.9981689453125 142.49972534179688 444.99951171875
v -1379.9981689453125 142.49974060058594 444.99951171875
v -1379.9981689453125 142.49974060058594 439.9994812011719
v -1379.9981689453125 177.5034637451172 384.99957275390625
v -1379.9981689453125 177.5034637451172 379.9996032714844
v -1534.9969482421875 177.50347900390625 409.99969482421875
v -1379.9981689453125 177.5034637451172 379.9996032714844
v -1534.9969482421875 142.49977111816406 439.9994812011719
v -1379.9981689453125 142.49974060058594 439.9994812011719
v -1534.9969482421875 177.50347900390625 414.9996643066406
v -1534.9969482421875 142.49977111816406 444.99951171875
v -1379.9981689453125 177.5034637451172 384.99957275390625
v -1379.9981689453125 142.49974060058594 444.99951171875
v -1379.9981689453125 142.49972534179688 439.9994812011719
v -1569.99755859375 142.499755859375 439.9994812011719
v -1379.9981689453125 142.49972534179688 444.99951171875
v -1569.99755859375 142.499755859375 444.99951171875
v -1379.9981689453125 67.49972534179688 439.9994812011719
v -1379.9981689453125 142.4997100830078 439.9994812011719
v -1379.9981689453125 67.49972534179688 444.99951171875
v -1379.9981689453125 142.4997100830078 444.99951171875
v -1569.99755859375 142.499755859375 439.9994812011719
v -1379.9981689453125 142.49972534179688 439.9994812011719
v -1569.99755859375 67.49978637695312 439.9994812011719
v -1569.99755859375 142.499755859375 444.99951171875
v -1569.99755859375 67.49978637695312 444.99951171875
v -1379.9981689453125 142.49972534179688 444.99951171875
v -1004.7176513671875 494.1062316894531 -45.000308990478516
v -1102.3680419921875 594.927978515625 -45.00031661987305
v -1004.7176513671875 494.1062316894531 -40.00030517578125
v -1102.3680419921875 594.927978515625 -40.00031280517578
v -1102.3680419921875 594.927978515625 -45.00031661987305
v -1250.383544921875 444.6183166503906 -45.000308990478516
v -1102.3680419921875 594.927978515625 -40.00031280517578
v -1250.383544921875 444.6183166503906 -40.00030517578125
v -1250.383544921875 444.6183166503906 -45.000308990478516
v -1194.998291015625 347.4964599609375 -45.000301361083984
v -1250.383544921875 444.6183166503906 -40.00030517578125
v -1194.998291015625 347.4964599609375 -40.00029754638672
v -1194.998291015625 347.4964599609375 -45.000301361083984
v -1004.7176513671875 494.1062316894531 -45.000308990478516
v -1194.998291015625 347.4964599609375 -40.00029754638672
v -1004.7176513671875 494.1062316894531 -40.00030517578125
v -1102.3680419921875 594.927978515625 -40.00031280517578
v -1250.383544921875 444.6183166503906 -40.00030517578125
v -1194.998291015625 347.4964599609375 -40.00029754638672
v -1004.7176513671875 494.1062316894531 -40.00030517578125
v -989.9959106445312 782.502197265625 -80.000732421875
v -999.9964599609375 782.5021362304688 -80.000732421875
v -989.9959106445312 782.502197265625 64.99927520751953
v -999.9964599609375 782.5021362304688 64.99927520751953
v -999.9964599609375 782.5021362304688 -80.000732421875
v -999.9964599609375 772.504638671875 -80.000732421875
v -999.9964599609375 782.5021362304688 64.99927520751953
v -999.9964599609375 772.504638671875 64.99927520751953
v -999.9964599609375 772.504638671875 -80.000732421875
v -989.995849609375 772.504638671875 -80.000732421875
v -999.9964599609375 772.504638671875 64.99927520751953
v -989.995849609375 772.504638671875 64.99927520751953
v -989.995849609375 772.504638671875 -80.000732421875
v -989.9959106445312 782.502197265625 -80.000732421875
v -989.995849609375 772.504638671875 64.99927520751953
v -989.9959106445312 782.502197265625 64.99927520751953
v -999.9964599609375 772.504638671875 64.99927520751953
v -989.9959106445312 782.502197265625 64.99927520751953
v -999.9964599609375 782.5021362304688 64.99927520751953
v -989.995849609375 772.504638671875 64.99927520751953
v -1284.9976806640625 782.5001220703125 -80.0006332397461
v -1294.998291015625 782.5001220703125 -80.0006332397461
v -1284.9976806640625 782.5001220703125 64.9993667602539
v -1294.998291015625 782.5001220703125 64.9993667602539
v -1294.998291015625 782.5001220703125 -80.0006332397461
v -1294.998291015625 772.5025024414062 -80.0006332397461
v -1294.998291015625 782.5001220703125 64.9993667602539
v -1294.998291015625 772.5025024414062 64.9993667602539
v -1294.998291015625 772.5025024414062 -80.0006332397461
v -1284.9976806640625 772.5025024414062 -80.0006332397461
v -1294.998291015625 772.5025024414062 64.9993667602539
v -1284.9976806640625 772.5025024414062 64.9993667602539
v -1284.9976806640625 772.5025024414062 -80.0006332397461
v -1284.9976806640625 782.5001220703125 -80.0006332397461
v -1284.9976806640625 772.5025024414062 64.9993667602539
v -1284.9976806640625 782.5001220703125 64.9993667602539
v -1294.998291015625 772.5025024414062 64.9993667602539
v -1284.9976806640625 782.5001220703125 64.9993667602539
v -1294.998291015625 782.5001220703125 64.9993667602539
v -1284.9976806640625 772.5025024414062 64.9993667602539
v -1304.998291015625 767.499755859375 369.99945068359375
v -1304.998291015625 772.4985961914062 369.99945068359375
v -1304.998291015625 767.499755859375 404.9994201660156
v -1304.998291015625 772.4985961914062 404.9994201660156
v -1304.998291015625 772.4986572265625 404.9994201660156
v -1304.998291015625 772.4986572265625 369.99945068359375
v -1544.9976806640625 772.49853515625 224.9995574951172
v -1544.9976806640625 772.49853515625 189.99954223632812
v -1544.9976806640625 772.49853515625 189.99954223632812
v -1544.9976806640625 767.4998168945312 189.99954223632812
v -1544.9976806640625 772.49853515625 224.9995574951172
v -1544.9976806640625 767.4998168945312 224.9995574951172
v -1304.998291015625 767.4998168945312 369.99945068359375
v -1544.9976806640625 767.4998168945312 224.9995574951172
v -1544.9976806640625 767.4998168945312 189.99954223632812
v -1304.998291015625 767.4998168945312 404.9994201660156
v -1304.998291015625 767.499755859375 369.99945068359375
v -1544.9976806640625 767.4998168945312 189.99954223632812
v -1304.998291015625 772.4986572265625 369.99945068359375
v -1544.9976806640625 772.49853515625 189.99954223632812
v -1304.998291015625 767.499755859375 404.9994201660156
v -1304.998291015625 772.4986572265625 404.9994201660156
v -1544.9976806640625 767.4998168945312 224.99952697753906
v -1544.9976806640625 772.49853515625 224.99952697753906
v 1528.337646484375 347.50054931640625 -125.00009155273438
v 1060.005859375 347.50054931640625 -125.00011444091797
v 1528.337646484375 347.50054931640625 -60.00008773803711
v 1060.005859375 347.50054931640625 -60.00010681152344
v 1060.005859375 337.50311279296875 -125.00011444091797
v 1528.337646484375 337.50299072265625 -125.00009155273438
v 1060.005859375 337.50311279296875 -60.00010299682617
v 1528.337646484375 337.50299072265625 -60.00008773803711
v 1528.337646484375 337.50299072265625 -125.00009155273438
v 1528.337646484375 347.50054931640625 -125.00009155273438
v 1528.337646484375 337.50299072265625 -60.00008773803711
v 1528.337646484375 347.50054931640625 -60.00008773803711
v 1060.005859375 347.50054931640625 -125.00011444091797
v 1528.337646484375 347.50054931640625 -125.00009155273438
v 1060.005859375 337.50311279296875 -125.00011444091797
v 1528.337646484375 337.50299072265625 -125.00009155273438
v 1060.005859375 347.50054931640625 -60.00010681152344
v 1060.005859375 337.50311279296875 -60.00010299682617
v 1528.337646484375 347.50054931640625 -60.00008773803711
v 1528.337646484375 337.50299072265625 -60.00008773803711
v 1238.33837890625 67.50189208984375 -125.00016784667969
v 1238.33837890625 337.50286865234375 -125.00019073486328
v 1238.33837890625 67.50189208984375 -85.00016784667969
v 1238.33837890625 337.50286865234375 -85.00019073486328
v 1228.337646484375 337.50286865234375 -125.00019073486328
v 1228.337646484375 67.50164794921875 -125.00016784667969
v 1228.337646484375 337.50286865234375 -85.00019073486328
v 1228.337646484375 67.50164794921875 -85.00016784667969
v 1238.33837890625 337.50286865234375 -125.00019073486328
v 1238.33837890625 67.50189208984375 -125.00016784667969
v 1228.337646484375 67.50164794921875 -125.00016784667969
v 1228.337646484375 337.50286865234375 -125.00019073486328
v 1238.33837890625 337.50286865234375 -85.00019073486328
v 1228.337646484375 67.50164794921875 -85.00016784667969
v 1238.33837890625 67.50189208984375 -85.00016784667969
v 1228.337646484375 337.50286865234375 -85.00019073486328
v 1238.33837890625 57.50421142578125 -110.00007629394531
v 1238.338134765625 337.50299072265625 -110.0000991821289
v 1528.337646484375 337.50286865234375 -110.00009155273438
v 1528.337646484375 57.50421142578125 -110.00006866455078
v 1238.33837890625 57.50421142578125 -100.00007629394531
v 1528.337646484375 337.50286865234375 -100.00009155273438
v 1238.338134765625 337.50299072265625 -100.0000991821289
v 1528.337646484375 57.50421142578125 -100.00006866455078
v 1524.999267578125 42.49566650390625 -285.00006103515625
v 1074.999267578125 42.4954833984375 -285.0000915527344
v 1524.999267578125 42.49566650390625 -280.00006103515625
v 1074.999267578125 42.4954833984375 -280.0000915527344
v 1074.999267578125 12.4967041015625 -285.0000915527344
v 1520.000244140625 12.49700927734375 -285.00006103515625
v 1074.999267578125 12.4967041015625 -280.0000915527344
v 1520.000244140625 12.49700927734375 -280.00006103515625
v 1074.999267578125 42.4954833984375 -285.0000915527344
v 1524.999267578125 42.49566650390625 -285.00006103515625
v 1074.999267578125 12.4967041015625 -285.0000915527344
v 1520.000244140625 12.49700927734375 -285.00006103515625
v 1074.999267578125 42.4954833984375 -280.0000915527344
v 1074.999267578125 12.4967041015625 -280.0000915527344
v 1524.999267578125 42.49566650390625 -280.00006103515625
v 1520.000244140625 12.49700927734375 -280.00006103515625
v 1074.999267578125 12.496826171875 -280.0000915527344
v 1124.999267578125 12.496826171875 -280.00006103515625
v 1074.999267578125 12.4969482421875 319.9999084472656
v 1124.999267578125 12.4969482421875 319.99993896484375
v 1124.999267578125 12.496826171875 -280.00006103515625
v 1124.999267578125 42.4954833984375 -280.0001220703125
v 1124.999267578125 12.4969482421875 319.99993896484375
v 1124.999267578125 42.49560546875 319.9998779296875
v 1124.999267578125 42.4954833984375 -280.0001220703125
v 1074.999267578125 42.49560546875 -280.0000915527344
v 1124.999267578125 42.49560546875 319.9998779296875
v 1074.999267578125 42.4957275390625 319.9999084472656
v 1514.99853515625 12.49676513671875 -280.00006103515625
v 1539.998779296875 12.49676513671875 -280.00006103515625
v 1514.99853515625 12.49676513671875 319.99993896484375
v 1539.998779296875 12.49676513671875 319.99993896484375
v 1539.99853515625 42.49566650390625 -280.00006103515625
v 1514.998779296875 42.49566650390625 -280.00006103515625
v 1539.99853515625 42.49566650390625 319.99993896484375
v 1514.998779296875 42.49566650390625 319.99993896484375
v 1514.998779296875 42.49566650390625 -280.00006103515625
v 1514.99853515625 12.49676513671875 -280.00006103515625
v 1514.998779296875 42.49566650390625 319.99993896484375
v 1514.99853515625 12.49676513671875 319.99993896484375
f 2 1 3
f 4 2 3
f 533 535 536
f 533 532 534
f 535 533 534
f 535 534 540
f 541 535 540
f 535 541 542
f 539 538 530
f 538 537 530
f 537 528 530
f 530 528 529
f 528 527 529
f 531 530 529
f 524 523 525
f 524 525 526
f 520 519 521
f 520 521 522
f 516 515 517
f 516 517 518
f 514 513 509
f 514 509 510
f 510 509 511
f 510 511 512
f 499 501 502
f 499 498 500
f 501 499 500
f 501 500 506
f 507 501 506
f 501 507 508
f 1796 1797 1799
f 1797 1796 1798
f 1793 1792 1794
f 1795 1794 1792
f 1752 1753 1755
f 1753 1752 1754
f 1736 1737 1739
f 1737 1736 1738
f 1716 1717 1719
f 1717 1716 1718
f 1477 1478 1480
f 1478 1477 1479
f 1457 1458 1460
f 1458 1457 1459
f 1441 1442 1444
f 1442 1441 1443
f 1425 1426 1428
f 1426 1425 1427
f 1422 1421 1423
f 1424 1423 1421
f 1405 1406 1408
f 1406 1405 1407
f 1389 1390 1392
f 1390 1389 1391
f 1386 1385 1387
f 1388 1387 1385
f 1369 1370 1372
f 1370 1369 1371
f 1353 1354 1356
f 1354 1353 1355
f 1333 1334 1336
f 1334 1333 1335
f 1330 1329 1331
f 1332 1331 1329
f 1293 1294 1296
f 1294 1293 1295
f 1290 1289 1291
f 1292 1291 1289
f 1273 1274 1276
f 1274 1273 1275
f 1257 1258 1260
f 1258 1257 1259
f 1254 1253 1255
f 1256 1255 1253
f 1237 1238 1240
f 1238 1237 1239
f 1234 1233 1235
f 1236 1235 1233
f 1217 1218 1220
f 1218 1217 1219
f 1214 1213 1215
f 1216 1215 1213
f 1197 1198 1200
f 1198 1197 1199
f 1194 1193 1195
f 1196 1195 1193
f 1177 1178 1180
f 1178 1177 1179
f 1174 1173 1175
f 1176 1175 1173
f 1157 1158 1160
f 1158 1157 1159
f 1154 1153 1155
f 1156 1155 1153
f 1137 1138 1140
f 1138 1137 1139
f 1134 1133 1135
f 1136 1135 1133
f 1117 1118 1120
f 1118 1117 1119
f 1114 1113 1115
f 1116 1115 1113
f 1497 1115 1498
f 1498 1499 1497
f 1101 1102 1104
f 1102 1101 1103
f 1089 1090 1092
f 1090 1089 1091
f 1086 1085 1087
f 1088 1087 1085
f 1074 1073 1075
f 1076 1075 1073
f 1061 1062 1064
f 1062 1061 1063
f 1050 1049 1051
f 1052 1051 1049
f 1029 1030 1032
f 1030 1029 1031
f 1014 1013 1015
f 1016 1015 1013
f 1001 1002 1004
f 1002 1001 1003
f 990 989 991
f 992 991 989
f 977 978 980
f 978 977 979
f 974 973 975
f 976 975 973
f 957 958 960
f 958 957 959
f 941 942 944
f 942 941 943
f 938 937 939
f 940 939 937
f 913 914 916
f 914 913 915
f 897 898 900
f 898 897 899
f 894 893 895
f 896 895 893
f 889 890 892
f 890 889 891
f 865 866 868
f 866 865 867
f 841 842 844
f 842 841 843
f 825 826 828
f 826 825 827
f 822 821 823
f 824 823 821
f 817 818 820
f 818 817 819
f 793 794 796
f 794 793 795
f 745 746 748
f 746 745 747
f 742 741 743
f 744 743 741
f 737 738 740
f 738 737 739
f 713 714 716
f 714 713 715
f 661 662 664
f 662 661 663
f 645 646 648
f 646 645 647
f 642 641 643
f 644 643 641
f 637 638 640
f 638 637 639
f 621 622 624
f 622 621 623
f 618 617 619
f 620 619 617
f 613 614 616
f 614 613 615
f 505 504 496
f 504 503 496
f 503 494 496
f 496 494 495
f 494 493 495
f 497 496 495
f 70 69 71
f 71 72 70
f 70 72 73
f 73 72 74
f 474 473 475
f 475 473 476
f 472 469 470
f 470 469 471
f 468 465 466
f 466 465 467
f 462 461 463
f 463 461 464
f 458 457 459
f 459 457 460
f 456 453 454
f 454 453 455
f 452 449 450
f 450 449 451
f 446 445 447
f 447 445 448
f 442 441 443
f 441 444 443
f 440 437 438
f 438 437 439
f 434 433 435
f 433 436 435
f 430 429 431
f 431 429 432
f 422 421 423
f 423 421 424
f 418 417 419
f 417 420 419
f 416 413 414
f 414 413 415
f 410 409 411
f 409 412 411
f 406 405 407
f 407 405 408
f 398 397 399
f 399 397 400
f 79 78 80
f 80 78 77
f 77 78 76
f 76 75 77
f 548 547 543
f 548 543 544
f 544 543 545
f 544 545 546
f 82 81 83
f 84 82 83
f 86 85 87
f 88 86 87
f 90 89 91
f 92 90 91
f 94 93 95
f 95 96 94
f 98 96 95
f 97 96 98
f 100 99 101
f 102 100 101
f 104 103 105
f 106 104 105
f 108 107 109
f 110 108 109
f 112 111 113
f 113 114 112
f 112 114 115
f 115 114 116
f 66 65 67
f 68 66 67
f 62 61 63
f 64 62 63
f 58 57 59
f 60 58 59
f 54 53 55
f 55 56 54
f 50 49 51
f 51 52 50
f 46 45 47
f 48 46 47
f 42 41 43
f 44 42 43
f 38 37 39
f 40 38 39
f 34 33 35
f 35 36 34
f 30 29 31
f 32 30 31
f 26 25 27
f 28 26 27
f 22 21 23
f 24 22 23
f 18 17 19
f 19 20 18
f 14 13 15
f 15 16 14
f 10 9 11
f 12 10 11
f 6 5 7
f 8 6 7
f 1845 1844 1846
f 1847 1845 1846
f 1841 1840 1842
f 1843 1841 1842
f 1837 1836 1838
f 1839 1837 1838
f 1833 1832 1834
f 1835 1833 1834
f 1829 1828 1830
f 1831 1829 1830
f 1825 1824 1826
f 1827 1825 1826
f 1821 1820 1822
f 1822 1823 1821
f 1817 1816 1818
f 1818 1819 1817
f 1813 1812 1814
f 1815 1813 1814
f 1809 1808 1810
f 1811 1809 1810
f 1789 1788 1790
f 1791 1789 1790
f 1785 1784 1786
f 1787 1785 1786
f 1781 1780 1782
f 1782 1783 1781
f 1777 1776 1778
f 1778 1779 1777
f 1773 1772 1774
f 1775 1773 1774
f 1769 1768 1770
f 1771 1769 1770
f 1765 1764 1766
f 1767 1765 1766
f 1761 1760 1762
f 1762 1763 1761
f 1757 1756 1758
f 1758 1759 1757
f 1749 1748 1750
f 1751 1749 1750
f 1745 1744 1746
f 1746 1747 1745
f 1741 1740 1742
f 1743 1741 1742
f 1733 1732 1734
f 1735 1733 1734
f 1729 1728 1730
f 1731 1729 1730
f 1725 1724 1726
f 1727 1725 1726
f 1721 1720 1722
f 1723 1721 1722
f 1713 1712 1714
f 1715 1713 1714
f 1709 1708 1710
f 1711 1709 1710
f 1705 1704 1706
f 1707 1705 1706
f 1701 1700 1702
f 1703 1701 1702
f 1474 1473 1475
f 1476 1474 1475
f 1470 1469 1471
f 1472 1470 1471
f 1466 1465 1467
f 1468 1466 1467
f 1462 1461 1463
f 1464 1462 1463
f 1454 1453 1455
f 1456 1454 1455
f 1450 1449 1451
f 1452 1450 1451
f 1446 1445 1447
f 1448 1446 1447
f 1438 1437 1439
f 1440 1438 1439
f 1434 1433 1435
f 1436 1434 1435
f 1430 1429 1431
f 1432 1430 1431
f 1418 1417 1419
f 1420 1418 1419
f 1414 1413 1415
f 1416 1414 1415
f 1410 1409 1411
f 1412 1410 1411
f 1402 1401 1403
f 1404 1402 1403
f 1398 1397 1399
f 1400 1398 1399
f 1394 1393 1395
f 1396 1394 1395
f 1382 1381 1383
f 1384 1382 1383
f 1378 1377 1379
f 1380 1378 1379
f 1374 1373 1375
f 1376 1374 1375
f 1366 1365 1367
f 1368 1366 1367
f 1362 1361 1363
f 1364 1362 1363
f 1358 1357 1359
f 1360 1358 1359
f 1350 1349 1351
f 1352 1350 1351
f 1346 1345 1347
f 1348 1346 1347
f 1342 1341 1343
f 1344 1342 1343
f 1338 1337 1339
f 1340 1338 1339
f 1326 1325 1327
f 1328 1326 1327
f 1322 1321 1323
f 1324 1322 1323
f 1318 1317 1319
f 1320 1318 1319
f 1314 1313 1315
f 1315 1316 1314
f 1310 1309 1311
f 1311 1312 1310
f 1306 1305 1307
f 1308 1306 1307
f 1302 1301 1303
f 1304 1302 1303
f 1298 1297 1299
f 1300 1298 1299
f 1286 1285 1287
f 1288 1286 1287
f 1282 1281 1283
f 1284 1282 1283
f 1278 1277 1279
f 1280 1278 1279
f 1270 1269 1271
f 1272 1270 1271
f 1266 1265 1267
f 1268 1266 1267
f 1262 1261 1263
f 1264 1262 1263
f 1250 1249 1251
f 1252 1250 1251
f 1246 1245 1247
f 1248 1246 1247
f 1242 1241 1243
f 1244 1242 1243
f 1230 1229 1231
f 1232 1230 1231
f 1226 1225 1227
f 1228 1226 1227
f 1222 1221 1223
f 1224 1222 1223
f 1210 1209 1211
f 1212 1210 1211
f 1206 1205 1207
f 1208 1206 1207
f 1202 1201 1203
f 1204 1202 1203
f 1190 1189 1191
f 1192 1190 1191
f 1186 1185 1187
f 1188 1186 1187
f 1182 1181 1183
f 1184 1182 1183
f 1170 1169 1171
f 1172 1170 1171
f 1166 1165 1167
f 1168 1166 1167
f 1162 1161 1163
f 1164 1162 1163
f 1150 1149 1151
f 1152 1150 1151
f 1146 1145 1147
f 1148 1146 1147
f 1142 1141 1143
f 1144 1142 1143
f 1130 1129 1131
f 1132 1130 1131
f 1126 1125 1127
f 1128 1126 1127
f 1122 1121 1123
f 1124 1122 1123
f 1110 1109 1111
f 1112 1110 1111
f 1106 1105 1107
f 1108 1106 1107
f 1098 1097 1099
f 1100 1098 1099
f 1094 1093 1095
f 1096 1094 1095
f 1082 1081 1083
f 1084 1082 1083
f 1078 1077 1079
f 1080 1078 1079
f 1070 1069 1071
f 1072 1070 1071
f 1066 1065 1067
f 1068 1066 1067
f 1058 1057 1059
f 1060 1058 1059
f 1054 1053 1055
f 1056 1054 1055
f 1046 1045 1047
f 1048 1046 1047
f 1042 1041 1043
f 1044 1042 1043
f 1038 1037 1039
f 1039 1040 1038
f 1034 1033 1035
f 1035 1036 1034
f 1026 1025 1027
f 1028 1026 1027
f 1022 1021 1023
f 1023 1024 1022
f 1018 1017 1019
f 1020 1018 1019
f 1010 1009 1011
f 1012 1010 1011
f 1006 1005 1007
f 1008 1006 1007
f 998 997 999
f 1000 998 999
f 994 993 995
f 996 994 995
f 986 985 987
f 988 986 987
f 982 981 983
f 984 982 983
f 970 969 971
f 972 970 971
f 966 965 967
f 968 966 967
f 962 961 963
f 964 962 963
f 954 953 955
f 956 954 955
f 950 949 951
f 952 950 951
f 946 945 947
f 948 946 947
f 934 933 935
f 936 934 935
f 930 929 931
f 932 930 931
f 926 925 927
f 928 926 927
f 922 921 923
f 923 924 922
f 918 917 919
f 919 920 918
f 910 909 911
f 912 910 911
f 906 905 907
f 907 908 906
f 902 901 903
f 904 902 903
f 886 885 887
f 888 886 887
f 882 881 883
f 883 884 882
f 878 877 879
f 880 878 879
f 874 873 875
f 875 876 874
f 870 869 871
f 871 872 870
f 862 861 863
f 864 862 863
f 858 857 859
f 859 860 858
f 854 853 855
f 856 854 855
f 850 849 851
f 851 852 850
f 846 845 847
f 847 848 846
f 838 837 839
f 840 838 839
f 834 833 835
f 835 836 834
f 830 829 831
f 832 830 831
f 814 813 815
f 816 814 815
f 810 809 811
f 811 812 810
f 806 805 807
f 808 806 807
f 802 801 803
f 803 804 802
f 798 797 799
f 799 800 798
f 790 789 791
f 792 790 791
f 786 785 787
f 787 788 786
f 782 781 783
f 784 782 783
f 762 761 763
f 764 762 763
f 758 757 759
f 760 758 759
f 754 753 755
f 756 754 755
f 750 749 751
f 752 750 751
f 734 733 735
f 736 734 735
f 730 729 731
f 731 732 730
f 726 725 727
f 728 726 727
f 722 721 723
f 723 724 722
f 718 717 719
f 719 720 718
f 710 709 711
f 712 710 711
f 706 705 707
f 708 706 707
f 702 701 703
f 703 704 702
f 698 697 699
f 699 700 698
f 694 693 695
f 696 694 695
f 690 689 691
f 691 692 690
f 686 685 687
f 688 686 687
f 682 681 683
f 684 682 683
f 678 677 679
f 680 678 679
f 674 673 675
f 676 674 675
f 670 669 671
f 671 672 670
f 666 665 667
f 667 668 666
f 658 657 659
f 660 658 659
f 654 653 655
f 655 656 654
f 650 649 651
f 652 650 651
f 634 633 635
f 636 634 635
f 630 629 631
f 631 632 630
f 626 625 627
f 628 626 627
f 610 609 611
f 612 610 611
f 606 605 607
f 607 608 606
f 602 601 603
f 604 602 603
f 582 581 583
f 584 582 583
f 578 577 579
f 580 578 579
f 574 573 575
f 576 574 575
f 570 569 571
f 572 570 571
f 562 561 563
f 563 566 562
f 566 567 562
f 564 567 566
f 565 564 566
f 564 565 568
f 558 557 559
f 558 559 560
f 554 553 555
f 554 555 556
f 550 549 551
f 550 551 552
f 490 489 491
f 490 491 492
f 486 485 487
f 488 486 487
f 482 481 483
f 482 483 484
f 478 477 479
f 480 478 479
f 426 425 427
f 428 426 427
f 402 401 403
f 404 402 403
f 394 396 393
f 394 393 395
f 390 392 389
f 390 389 391
f 386 388 385
f 386 385 387
f 382 384 381
f 382 381 383
f 378 380 377
f 378 377 379
f 374 376 373
f 374 373 375
f 370 372 369
f 370 369 371
f 366 368 365
f 366 365 367
f 362 364 361
f 362 361 363
f 358 360 357
f 358 357 359
f 354 356 353
f 354 353 355
f 350 352 349
f 350 349 351
f 346 348 345
f 346 345 347
f 342 344 341
f 342 341 343
f 338 340 337
f 338 337 339
f 334 336 333
f 334 333 335
f 330 332 329
f 330 329 331
f 326 328 325
f 326 325 327
f 322 324 321
f 322 321 323
f 318 320 317
f 318 317 319
f 314 316 313
f 314 313 315
f 310 312 309
f 310 309 311
f 306 308 305
f 306 305 307
f 302 304 301
f 302 301 303
f 294 293 295
f 295 297 294
f 295 299 297
f 297 299 296
f 297 296 298
f 300 298 296
f 118 117 119
f 120 118 119
f 122 121 123
f 124 122 123
f 126 125 127
f 127 128 126
f 130 129 131
f 131 132 130
f 134 133 135
f 136 134 135
f 138 137 139
f 140 138 139
f 142 141 143
f 143 144 142
f 146 145 147
f 148 146 147
f 150 149 151
f 152 150 151
f 154 153 155
f 155 156 154
f 158 157 159
f 159 160 158
f 162 161 163
f 164 162 163
f 166 165 167
f 168 166 167
f 170 169 171
f 171 172 170
f 174 173 175
f 176 174 175
f 178 177 179
f 180 178 179
f 182 181 183
f 184 182 183
f 186 185 187
f 187 188 186
f 190 189 191
f 192 190 191
f 194 193 195
f 196 194 195
f 198 197 199
f 200 198 199
f 202 201 203
f 203 204 202
f 206 205 207
f 208 206 207
f 210 209 211
f 212 210 211
f 214 213 215
f 216 214 215
f 218 217 219
f 219 220 218
f 222 221 223
f 224 222 223
f 226 225 227
f 228 226 227
f 230 229 231
f 231 232 230
f 234 233 235
f 236 234 235
f 238 237 239
f 240 238 239
f 242 241 243
f 243 244 242
f 246 245 247
f 247 248 246
f 250 249 251
f 252 250 251
f 254 253 255
f 256 254 255
f 258 257 259
f 259 260 258
f 262 261 263
f 264 262 263
f 266 265 267
f 268 266 267
f 270 269 271
f 271 272 270
f 274 273 275
f 276 274 275
f 278 277 279
f 280 278 279
f 282 281 283
f 284 282 283
f 286 285 287
f 288 286 287
f 289 286 288
f 290 289 288
f 291 289 290
f 292 291 290
f 586 585 587
f 588 586 587
f 778 777 779
f 780 778 779
f 774 773 775
f 776 774 775
f 770 769 771
f 772 770 771
f 766 765 767
f 768 766 767
f 598 597 599
f 600 598 599
f 594 593 595
f 596 594 595
f 590 589 591
f 592 590 591
f 1484 1482 1483
f 1482 1481 1483
f 1527 1526 1528
f 1529 1527 1528
f 1523 1522 1524
f 1525 1523 1524
f 1519 1518 1520
f 1521 1519 1520
f 1505 1504 1506
f 1506 1507 1505
f 1501 1500 1502
f 1502 1503 1501
f 1486 1485 1487
f 1488 1486 1487
f 1493 1492 1494
f 1494 1495 1493
f 1493 1495 1496
f 1496 1495 1490
f 1491 1496 1490
f 1490 1489 1491
f 1491 1489 1492
f 1492 1489 1494
f 1513 1512 1514
f 1514 1512 1515
f 1511 1508 1509
f 1509 1508 1510
f 1495 1494 1516
f 1517 1495 1516
f 1531 1530 1532
f 1532 1533 1531
f 1693 1692 1694
f 1695 1693 1694
f 1689 1688 1690
f 1691 1689 1690
f 1685 1684 1686
f 1687 1685 1686
f 1681 1680 1682
f 1683 1681 1682
f 1677 1676 1678
f 1678 1679 1677
f 1674 1673 1675
f 1675 1612 1674
f 1611 1610 1612
f 1612 1566 1611
f 1567 1566 1568
f 1569 1568 1566
f 1670 1669 1671
f 1672 1670 1671
f 1666 1665 1667
f 1668 1666 1667
f 1662 1661 1663
f 1848 1664 1849
f 1658 1657 1659
f 1850 1660 1851
f 1654 1653 1655
f 1655 1656 1654
f 1650 1649 1651
f 1652 1650 1651
f 1638 1637 1639
f 1639 1640 1638
f 1634 1633 1635
f 1635 1636 1634
f 1630 1629 1631
f 1631 1632 1630
f 1626 1625 1627
f 1628 1626 1627
f 1618 1617 1619
f 1619 1620 1618
f 1614 1613 1615
f 1615 1616 1614
f 1607 1606 1608
f 1609 1607 1608
f 1603 1602 1604
f 1605 1603 1604
f 1599 1598 1600
f 1601 1599 1600
f 1595 1594 1596
f 1596 1597 1595
f 1591 1590 1592
f 1592 1593 1591
f 1587 1586 1588
f 1589 1587 1588
f 1583 1582 1584
f 1585 1583 1584
f 1579 1578 1580
f 1581 1579 1580
f 1575 1574 1576
f 1577 1575 1576
f 1563 1562 1564
f 1565 1563 1564
f 1559 1558 1560
f 1561 1559 1560
f 1555 1554 1556
f 1557 1555 1556
f 1543 1542 1544
f 1544 1545 1543
f 1539 1538 1540
f 1541 1539 1540
f 1534 1535 1537
f 1535 1534 1536
f 1547 1546 1548
f 1549 1548 1546
f 1550 1551 1553
f 1551 1550 1552
f 1570 1571 1573
f 1571 1570 1572
f 1621 1622 1624
f 1622 1621 1623
f 1641 1642 1644
f 1642 1641 1643
f 1645 1646 1648
f 1646 1645 1647
f 1697 1696 1698
f 1698 1696 1699
f 1801 1800 1802
f 1803 1802 1800
f 1804 1805 1807
f 1805 1804 1806
