# from CSD_SEWing_Scaffold01_VertexLit_LOD_0.pskx
v -1101.99560546875 233.81240844726562 -599.8204956054688
v -1101.99560546875 233.8125 600.1795043945312
v -1109.06689453125 226.7412109375 600.1795043945312
v -1109.06689453125 226.74111938476562 -599.8204956054688
v -1109.06689453125 240.88270568847656 -599.8204956054688
v -1116.1376953125 233.81240844726562 -599.8204956054688
v -1116.1376953125 233.8125 600.1795043945312
v -1109.06689453125 240.88330078125 600.1795043945312
v -1101.99560546875 233.81240844726562 -599.8204956054688
v -1109.06689453125 226.74111938476562 -599.8204956054688
v -1116.1376953125 233.81240844726562 -599.8204956054688
v -1109.06689453125 240.88270568847656 -599.8204956054688
v -1109.06689453125 226.7412109375 600.1795043945312
v -1101.99560546875 233.8125 600.1795043945312
v -1109.06689453125 240.88330078125 600.1795043945312
v -1116.1376953125 233.8125 600.1795043945312
v -1089.15869140625 253.71963500976562 -611.3062744140625
v -1089.15869140625 213.90370178222656 -611.3062744140625
v -1128.9744873046875 213.90370178222656 -611.3062744140625
v -1128.9744873046875 253.71963500976562 -611.3062744140625
v -1106.068359375 236.80996704101562 -599.8204956054688
v -1106.068359375 230.81338500976562 -599.8204956054688
v -1106.068359375 230.81338500976562 -606.2014770507812
v -1106.068359375 236.80996704101562 -606.2014770507812
v -1106.068359375 230.81338500976562 -599.8204956054688
v -1112.06494140625 230.81338500976562 -599.8204956054688
v -1112.06494140625 230.81338500976562 -606.2014770507812
v -1106.068359375 230.81338500976562 -606.2014770507812
v -1112.06494140625 230.81338500976562 -599.8204956054688
v -1112.06494140625 236.80996704101562 -599.8204956054688
v -1112.06494140625 236.80996704101562 -606.2014770507812
v -1112.06494140625 230.81338500976562 -606.2014770507812
v -1112.06494140625 236.80996704101562 -599.8204956054688
v -1106.068359375 236.80996704101562 -599.8204956054688
v -1106.068359375 236.80996704101562 -606.2014770507812
v -1112.06494140625 236.80996704101562 -606.2014770507812
v -1106.068359375 236.80996704101562 -606.2014770507812
v -1106.068359375 230.81338500976562 -606.2014770507812
v -1089.15869140625 213.90371704101562 -609.7109985351562
v -1089.15869140625 253.7196502685547 -609.7109985351562
v -1106.068359375 230.81338500976562 -606.2014770507812
v -1112.06494140625 230.81338500976562 -606.2014770507812
v -1128.9744873046875 213.90371704101562 -609.7109985351562
v -1089.15869140625 213.90371704101562 -609.7109985351562
v -1112.06494140625 230.81338500976562 -606.2014770507812
v -1112.06494140625 236.80996704101562 -606.2014770507812
v -1128.9744873046875 253.7196502685547 -609.7109985351562
v -1128.9744873046875 213.90371704101562 -609.7109985351562
v -1112.06494140625 236.80996704101562 -606.2014770507812
v -1106.068359375 236.80996704101562 -606.2014770507812
v -1089.15869140625 253.7196502685547 -609.7109985351562
v -1128.9744873046875 253.7196502685547 -609.7109985351562
v -1089.15869140625 253.7196502685547 -609.7109985351562
v -1089.15869140625 213.90371704101562 -609.7109985351562
v -1089.15869140625 213.90370178222656 -611.3062744140625
v -1089.15869140625 253.71963500976562 -611.3062744140625
v -1089.15869140625 213.90371704101562 -609.7109985351562
v -1128.9744873046875 213.90371704101562 -609.7109985351562
v -1128.9744873046875 213.90370178222656 -611.3062744140625
v -1089.15869140625 213.90370178222656 -611.3062744140625
v -1128.9744873046875 213.90371704101562 -609.7109985351562
v -1128.9744873046875 253.7196502685547 -609.7109985351562
v -1128.9744873046875 253.71963500976562 -611.3062744140625
v -1128.9744873046875 213.90370178222656 -611.3062744140625
v -1128.9744873046875 253.7196502685547 -609.7109985351562
v -1089.15869140625 253.7196502685547 -609.7109985351562
v -1089.15869140625 253.71963500976562 -611.3062744140625
v -1128.9744873046875 253.71963500976562 -611.3062744140625
v -1109.067138671875 228.10244750976562 -540.6561279296875
v -1109.067138671875 228.10244750976562 -549.5878295898438
v -1089.4921875 233.81143188476562 -549.5878295898438
v -1089.4921875 233.81143188476562 -540.6561279296875
v -1128.6435546875 233.81143188476562 -540.6561279296875
v -1109.067138671875 239.52041625976562 -540.6561279296875
v -1109.067138671875 239.52041625976562 -549.587890625
v -1128.6435546875 233.81143188476562 -549.587890625
v -1128.6435546875 233.81143188476562 -540.6561279296875
v -1128.6435546875 233.81143188476562 -549.587890625
v -1109.067138671875 228.10244750976562 -549.5878295898438
v -1109.067138671875 228.10244750976562 -540.6561279296875
v -1109.067138671875 239.52041625976562 -549.587890625
v -1109.067138671875 239.52041625976562 -540.6561279296875
v -1089.4921875 233.81143188476562 -540.6561279296875
v -1089.4921875 233.81143188476562 -549.5878295898438
v -1103.2900390625 233.81143188476562 -549.478515625
v -1103.2900390625 233.81143188476562 -558.41015625
v -1109.067138671875 253.34854125976562 -558.41015625
v -1109.067138671875 253.34854125976562 -549.478515625
v -1109.067138671875 214.27235412597656 -549.478515625
v -1114.84423828125 233.81143188476562 -549.478515625
v -1114.84423828125 233.81143188476562 -558.41015625
v -1109.067138671875 214.27235412597656 -558.4102783203125
v -1109.067138671875 214.27235412597656 -549.478515625
v -1109.067138671875 214.27235412597656 -558.4102783203125
v -1103.2900390625 233.81143188476562 -558.41015625
v -1103.2900390625 233.81143188476562 -549.478515625
v -1114.84423828125 233.81143188476562 -558.41015625
v -1114.84423828125 233.81143188476562 -549.478515625
v -1109.067138671875 253.34854125976562 -549.478515625
v -1109.067138671875 253.34854125976562 -558.41015625
v -1095.55712890625 233.81143188476562 -540.6561279296875
v -1109.067138671875 229.57606506347656 -540.6561279296875
v -1109.067138671875 228.10244750976562 -540.6561279296875
v -1089.4921875 233.81143188476562 -540.6561279296875
v -1109.067138671875 229.57606506347656 -549.5878295898438
v -1095.55712890625 233.81143188476562 -549.5878295898438
v -1089.4921875 233.81143188476562 -549.5878295898438
v -1109.067138671875 228.10244750976562 -549.5878295898438
v -1109.067138671875 238.0467987060547 -549.5878295898438
v -1122.5780029296875 233.81143188476562 -549.5878295898438
v -1128.6435546875 233.81143188476562 -549.587890625
v -1109.067138671875 239.52041625976562 -549.587890625
v -1122.5780029296875 233.81143188476562 -540.6561279296875
v -1109.067138671875 238.0467987060547 -540.6561279296875
v -1109.067138671875 239.52041625976562 -540.6561279296875
v -1128.6435546875 233.81143188476562 -540.6561279296875
v -1109.067138671875 247.20301818847656 -549.478515625
v -1104.781005859375 233.8109588623047 -549.478515625
v -1103.2900390625 233.81143188476562 -549.478515625
v -1109.067138671875 253.34854125976562 -549.478515625
v -1104.781005859375 233.81143188476562 -558.41015625
v -1109.067138671875 247.20301818847656 -558.41015625
v -1109.067138671875 253.34854125976562 -558.41015625
v -1103.2900390625 233.81143188476562 -558.41015625
v -1113.353271484375 233.81143188476562 -558.41015625
v -1109.067138671875 220.41787719726562 -558.41015625
v -1109.067138671875 214.27235412597656 -558.4102783203125
v -1114.84423828125 233.81143188476562 -558.41015625
v -1109.067138671875 220.41787719726562 -549.478515625
v -1113.353271484375 233.8109588623047 -549.478515625
v -1114.84423828125 233.81143188476562 -549.478515625
v -1109.067138671875 214.27235412597656 -549.478515625
v -1109.067138671875 228.10247802734375 -140.65615844726562
v -1109.067138671875 228.10247802734375 -149.5878143310547
v -1089.4921875 233.81146240234375 -149.5878143310547
v -1089.4921875 233.81146240234375 -140.65611267089844
v -1128.6435546875 233.81146240234375 -140.6561737060547
v -1109.067138671875 239.52044677734375 -140.6561737060547
v -1109.067138671875 239.52044677734375 -149.5878448486328
v -1128.6435546875 233.81146240234375 -149.587890625
v -1128.6435546875 233.81146240234375 -140.6561737060547
v -1128.6435546875 233.81146240234375 -149.587890625
v -1109.067138671875 228.10247802734375 -149.5878143310547
v -1109.067138671875 228.10247802734375 -140.65615844726562
v -1109.067138671875 239.52044677734375 -149.5878448486328
v -1109.067138671875 239.52044677734375 -140.6561737060547
v -1089.4921875 233.81146240234375 -140.65611267089844
v -1089.4921875 233.81146240234375 -149.5878143310547
v -1103.2900390625 233.81146240234375 -149.47850036621094
v -1103.2900390625 233.81146240234375 -158.4102020263672
v -1109.067138671875 253.34857177734375 -158.41017150878906
v -1109.067138671875 253.34857177734375 -149.47850036621094
v -1109.067138671875 214.2723846435547 -149.4785614013672
v -1114.84423828125 233.81146240234375 -149.47853088378906
v -1114.84423828125 233.81146240234375 -158.4102325439453
v -1109.067138671875 214.2723846435547 -158.4102325439453
v -1109.067138671875 214.2723846435547 -149.4785614013672
v -1109.067138671875 214.2723846435547 -158.4102325439453
v -1103.2900390625 233.81146240234375 -158.4102020263672
v -1103.2900390625 233.81146240234375 -149.47850036621094
v -1114.84423828125 233.81146240234375 -158.4102325439453
v -1114.84423828125 233.81146240234375 -149.47853088378906
v -1109.067138671875 253.34857177734375 -149.47850036621094
v -1109.067138671875 253.34857177734375 -158.41017150878906
v -1095.55712890625 233.81146240234375 -140.65614318847656
v -1109.067138671875 229.5760955810547 -140.65615844726562
v -1109.067138671875 228.10247802734375 -140.65615844726562
v -1089.4921875 233.81146240234375 -140.65611267089844
v -1109.067138671875 229.5760955810547 -149.5878448486328
v -1095.55712890625 233.81146240234375 -149.5878448486328
v -1089.4921875 233.81146240234375 -149.5878143310547
v -1109.067138671875 228.10247802734375 -149.5878143310547
v -1109.067138671875 238.0468292236328 -149.5878448486328
v -1122.578125 233.81146240234375 -149.5878448486328
v -1128.6435546875 233.81146240234375 -149.587890625
v -1109.067138671875 239.52044677734375 -149.5878448486328
v -1122.578125 233.81146240234375 -140.65615844726562
v -1109.067138671875 238.0468292236328 -140.65615844726562
v -1109.067138671875 239.52044677734375 -140.6561737060547
v -1128.6435546875 233.81146240234375 -140.6561737060547
v -1109.067138671875 247.2030487060547 -149.47853088378906
v -1104.781005859375 233.8109893798828 -149.47853088378906
v -1103.2900390625 233.81146240234375 -149.47850036621094
v -1109.067138671875 253.34857177734375 -149.47850036621094
v -1104.781005859375 233.81146240234375 -158.4102020263672
v -1109.067138671875 247.2030487060547 -158.4102020263672
v -1109.067138671875 253.34857177734375 -158.41017150878906
v -1103.2900390625 233.81146240234375 -158.4102020263672
v -1113.353271484375 233.81146240234375 -158.4102020263672
v -1109.067138671875 220.41790771484375 -158.4102020263672
v -1109.067138671875 214.2723846435547 -158.4102325439453
v -1114.84423828125 233.81146240234375 -158.4102325439453
v -1109.067138671875 220.41790771484375 -149.47853088378906
v -1113.353271484375 233.8109893798828 -149.47853088378906
v -1114.84423828125 233.81146240234375 -149.47853088378906
v -1109.067138671875 214.2723846435547 -149.4785614013672
v -1109.067138671875 228.10250854492188 259.3437805175781
v -1109.067138671875 228.10250854492188 250.4121856689453
v -1089.4921875 233.81149291992188 250.4121856689453
v -1089.4921875 233.81149291992188 259.3438415527344
v -1128.6435546875 233.81149291992188 259.3437805175781
v -1109.067138671875 239.52047729492188 259.3437805175781
v -1109.067138671875 239.52047729492188 250.4121856689453
v -1128.6435546875 233.81149291992188 250.412109375
v -1128.6435546875 233.81149291992188 259.3437805175781
v -1128.6435546875 233.81149291992188 250.412109375
v -1109.067138671875 228.10250854492188 250.4121856689453
v -1109.067138671875 228.10250854492188 259.3437805175781
v -1109.067138671875 239.52047729492188 250.4121856689453
v -1109.067138671875 239.52047729492188 259.3437805175781
v -1089.4921875 233.81149291992188 259.3438415527344
v -1089.4921875 233.81149291992188 250.4121856689453
v -1103.2900390625 233.81149291992188 250.52149963378906
v -1103.2900390625 233.81149291992188 241.5897979736328
v -1109.067138671875 253.34860229492188 241.58984375
v -1109.067138671875 253.34860229492188 250.52149963378906
v -1109.067138671875 214.2724151611328 250.5214385986328
v -1114.84423828125 233.81149291992188 250.52149963378906
v -1114.84423828125 233.81149291992188 241.5897979736328
v -1109.067138671875 214.2724151611328 241.5897216796875
v -1109.067138671875 214.2724151611328 250.5214385986328
v -1109.067138671875 214.2724151611328 241.5897216796875
v -1103.2900390625 233.81149291992188 241.5897979736328
v -1103.2900390625 233.81149291992188 250.52149963378906
v -1114.84423828125 233.81149291992188 241.5897979736328
v -1114.84423828125 233.81149291992188 250.52149963378906
v -1109.067138671875 253.34860229492188 250.52149963378906
v -1109.067138671875 253.34860229492188 241.58984375
v -1095.55712890625 233.81149291992188 259.3437805175781
v -1109.067138671875 229.5761260986328 259.3437805175781
v -1109.067138671875 228.10250854492188 259.3437805175781
v -1089.4921875 233.81149291992188 259.3438415527344
v -1109.067138671875 229.5761260986328 250.412109375
v -1095.55712890625 233.81149291992188 250.412109375
v -1089.4921875 233.81149291992188 250.4121856689453
v -1109.067138671875 228.10250854492188 250.4121856689453
v -1109.067138671875 238.04685974121094 250.4121856689453
v -1122.578125 233.81149291992188 250.4121856689453
v -1128.6435546875 233.81149291992188 250.412109375
v -1109.067138671875 239.52047729492188 250.4121856689453
v -1122.578125 233.81149291992188 259.3438415527344
v -1109.067138671875 238.04685974121094 259.3438415527344
v -1109.067138671875 239.52047729492188 259.3437805175781
v -1128.6435546875 233.81149291992188 259.3437805175781
v -1109.067138671875 247.2030792236328 250.52149963378906
v -1104.781005859375 233.81101989746094 250.5214385986328
v -1103.2900390625 233.81149291992188 250.52149963378906
v -1109.067138671875 253.34860229492188 250.52149963378906
v -1104.781005859375 233.81149291992188 241.5897979736328
v -1109.067138671875 247.2030792236328 241.5897979736328
v -1109.067138671875 253.34860229492188 241.58984375
v -1103.2900390625 233.81149291992188 241.5897979736328
v -1113.353271484375 233.81149291992188 241.5897979736328
v -1109.067138671875 220.41793823242188 241.5897979736328
v -1109.067138671875 214.2724151611328 241.5897216796875
v -1114.84423828125 233.81149291992188 241.5897979736328
v -1109.067138671875 220.41793823242188 250.5214385986328
v -1113.353271484375 233.81101989746094 250.52149963378906
v -1114.84423828125 233.81149291992188 250.52149963378906
v -1109.067138671875 214.2724151611328 250.5214385986328
v -1109.0498046875 615.5399780273438 265.5280456542969
v -1109.0498046875 252.95799255371094 265.5279846191406
v -1101.978759765625 252.95797729492188 258.4569396972656
v -1101.978759765625 615.5399780273438 258.4570007324219
v -1116.120849609375 615.5399780273438 258.4570007324219
v -1109.0498046875 615.5399780273438 251.38589477539062
v -1109.0498046875 252.95797729492188 251.3858642578125
v -1116.120849609375 252.95797729492188 258.4569396972656
v -1107.67578125 605.8495483398438 250.49620056152344
v -1107.67578125 605.8495483398438 266.4419250488281
v -1110.3544921875 605.8495483398438 266.4419250488281
v -1110.3544921875 605.8495483398438 250.49620056152344
v -1108.27001953125 627.5556030273438 250.49618530273438
v -1109.760498046875 627.5556030273438 250.49618530273438
v -1109.760498046875 627.5556030273438 266.4419250488281
v -1108.27001953125 627.5556030273438 266.4419250488281
v -1107.67578125 605.8495483398438 250.49620056152344
v -1110.3544921875 605.8495483398438 250.49620056152344
v -1109.760498046875 627.5556030273438 250.49618530273438
v -1108.27001953125 627.5556030273438 250.49618530273438
v -1110.3544921875 605.8495483398438 250.49620056152344
v -1110.3544921875 605.8495483398438 266.4419250488281
v -1109.760498046875 627.5556030273438 266.4419250488281
v -1109.760498046875 627.5556030273438 250.49618530273438
v -1110.3544921875 605.8495483398438 266.4419250488281
v -1107.67578125 605.8495483398438 266.4419250488281
v -1108.27001953125 627.5556030273438 266.4419250488281
v -1109.760498046875 627.5556030273438 266.4419250488281
v -1107.67578125 605.8495483398438 266.4419250488281
v -1107.67578125 605.8495483398438 250.49620056152344
v -1108.27001953125 627.5556030273438 250.49618530273438
v -1108.27001953125 627.5556030273438 266.4419250488281
v -1107.67578125 242.78318786621094 250.49623107910156
v -1107.67578125 242.783203125 266.44195556640625
v -1110.3544921875 242.783203125 266.44195556640625
v -1110.3544921875 242.78318786621094 250.49623107910156
v -1108.27001953125 264.4892272949219 250.4962158203125
v -1109.760498046875 264.4892272949219 250.4962158203125
v -1109.760498046875 264.4892272949219 266.44195556640625
v -1108.27001953125 264.4892272949219 266.44195556640625
v -1107.67578125 242.78318786621094 250.49623107910156
v -1110.3544921875 242.78318786621094 250.49623107910156
v -1109.760498046875 264.4892272949219 250.4962158203125
v -1108.27001953125 264.4892272949219 250.4962158203125
v -1110.3544921875 242.78318786621094 250.49623107910156
v -1110.3544921875 242.783203125 266.44195556640625
v -1109.760498046875 264.4892272949219 266.44195556640625
v -1109.760498046875 264.4892272949219 250.4962158203125
v -1110.3544921875 242.783203125 266.44195556640625
v -1107.67578125 242.783203125 266.44195556640625
v -1108.27001953125 264.4892272949219 266.44195556640625
v -1109.760498046875 264.4892272949219 266.44195556640625
v -1107.67578125 242.783203125 266.44195556640625
v -1107.67578125 242.78318786621094 250.49623107910156
v -1108.27001953125 264.4892272949219 250.4962158203125
v -1108.27001953125 264.4892272949219 266.44195556640625
v -1109.0498046875 615.5399780273438 -134.4719696044922
v -1109.0498046875 252.95794677734375 -134.47195434570312
v -1101.978759765625 252.95794677734375 -141.54299926757812
v -1101.978759765625 615.5399780273438 -141.5430145263672
v -1116.120849609375 615.5399780273438 -141.5430145263672
v -1109.0498046875 615.5399780273438 -148.61412048339844
v -1109.0498046875 252.95794677734375 -148.61410522460938
v -1116.120849609375 252.95794677734375 -141.54299926757812
v -1107.67578125 605.8495483398438 -149.50379943847656
v -1107.67578125 605.8495483398438 -133.55804443359375
v -1110.3544921875 605.8495483398438 -133.55804443359375
v -1110.3544921875 605.8495483398438 -149.50379943847656
v -1108.27001953125 627.5556030273438 -149.50381469726562
v -1109.760498046875 627.5556030273438 -149.50381469726562
v -1109.760498046875 627.5556030273438 -133.5580596923828
v -1108.27001953125 627.5556030273438 -133.5580596923828
v -1107.67578125 605.8495483398438 -149.50379943847656
v -1110.3544921875 605.8495483398438 -149.50379943847656
v -1109.760498046875 627.5556030273438 -149.50381469726562
v -1108.27001953125 627.5556030273438 -149.50381469726562
v -1110.3544921875 605.8495483398438 -149.50379943847656
v -1110.3544921875 605.8495483398438 -133.55804443359375
v -1109.760498046875 627.5556030273438 -133.5580596923828
v -1109.760498046875 627.5556030273438 -149.50381469726562
v -1110.3544921875 605.8495483398438 -133.55804443359375
v -1107.67578125 605.8495483398438 -133.55804443359375
v -1108.27001953125 627.5556030273438 -133.5580596923828
v -1109.760498046875 627.5556030273438 -133.5580596923828
v -1107.67578125 605.8495483398438 -133.55804443359375
v -1107.67578125 605.8495483398438 -149.50379943847656
v -1108.27001953125 627.5556030273438 -149.50381469726562
v -1108.27001953125 627.5556030273438 -133.5580596923828
v -1107.67578125 242.7831573486328 -149.50376892089844
v -1107.67578125 242.7831573486328 -133.55801391601562
v -1110.3544921875 242.7831573486328 -133.55801391601562
v -1110.3544921875 242.7831573486328 -149.50376892089844
v -1108.27001953125 264.48919677734375 -149.5037841796875
v -1109.760498046875 264.48919677734375 -149.5037841796875
v -1109.760498046875 264.48919677734375 -133.5580291748047
v -1108.27001953125 264.48919677734375 -133.5580291748047
v -1107.67578125 242.7831573486328 -149.50376892089844
v -1110.3544921875 242.7831573486328 -149.50376892089844
v -1109.760498046875 264.48919677734375 -149.5037841796875
v -1108.27001953125 264.48919677734375 -149.5037841796875
v -1110.3544921875 242.7831573486328 -149.50376892089844
v -1110.3544921875 242.7831573486328 -133.55801391601562
v -1109.760498046875 264.48919677734375 -133.5580291748047
v -1109.760498046875 264.48919677734375 -149.5037841796875
v -1110.3544921875 242.7831573486328 -133.55801391601562
v -1107.67578125 242.7831573486328 -133.55801391601562
v -1108.27001953125 264.48919677734375 -133.5580291748047
v -1109.760498046875 264.48919677734375 -133.5580291748047
v -1107.67578125 242.7831573486328 -133.55801391601562
v -1107.67578125 242.7831573486328 -149.50376892089844
v -1108.27001953125 264.48919677734375 -149.5037841796875
v -1108.27001953125 264.48919677734375 -133.5580291748047
v -1109.0498046875 615.5399169921875 -534.4719848632812
v -1109.0498046875 252.95791625976562 -534.471923828125
v -1101.9786376953125 252.95791625976562 -541.54296875
v -1101.9786376953125 615.5399169921875 -541.5430297851562
v -1116.120849609375 615.5399169921875 -541.5430297851562
v -1109.0498046875 615.5399169921875 -548.6140747070312
v -1109.0498046875 252.95791625976562 -548.614013671875
v -1116.120849609375 252.95791625976562 -541.54296875
v -1107.67578125 605.8494873046875 -549.5037841796875
v -1107.67578125 605.8494873046875 -533.5579833984375
v -1110.3543701171875 605.8494873046875 -533.5579833984375
v -1110.3543701171875 605.8494873046875 -549.5037841796875
v -1108.27001953125 627.5555419921875 -549.5037841796875
v -1109.760498046875 627.5555419921875 -549.5037841796875
v -1109.760498046875 627.5555419921875 -533.5579833984375
v -1108.27001953125 627.5555419921875 -533.5579833984375
v -1107.67578125 605.8494873046875 -549.5037841796875
v -1110.3543701171875 605.8494873046875 -549.5037841796875
v -1109.760498046875 627.5555419921875 -549.5037841796875
v -1108.27001953125 627.5555419921875 -549.5037841796875
v -1110.3543701171875 605.8494873046875 -549.5037841796875
v -1110.3543701171875 605.8494873046875 -533.5579833984375
v -1109.760498046875 627.5555419921875 -533.5579833984375
v -1109.760498046875 627.5555419921875 -549.5037841796875
v -1110.3543701171875 605.8494873046875 -533.5579833984375
v -1107.67578125 605.8494873046875 -533.5579833984375
v -1108.27001953125 627.5555419921875 -533.5579833984375
v -1109.760498046875 627.5555419921875 -533.5579833984375
v -1107.67578125 605.8494873046875 -533.5579833984375
v -1107.67578125 605.8494873046875 -549.5037841796875
v -1108.27001953125 627.5555419921875 -549.5037841796875
v -1108.27001953125 627.5555419921875 -533.5579833984375
v -1107.67578125 242.7831268310547 -549.5037231445312
v -1107.67578125 242.7831268310547 -533.5579223632812
v -1110.3543701171875 242.7831268310547 -533.5579223632812
v -1110.3543701171875 242.7831268310547 -549.5037231445312
v -1108.27001953125 264.4891357421875 -549.5037231445312
v -1109.760498046875 264.4891357421875 -549.5037231445312
v -1109.760498046875 264.4891357421875 -533.5579223632812
v -1108.27001953125 264.4891357421875 -533.5579223632812
v -1107.67578125 242.7831268310547 -549.5037231445312
v -1110.3543701171875 242.7831268310547 -549.5037231445312
v -1109.760498046875 264.4891357421875 -549.5037231445312
v -1108.27001953125 264.4891357421875 -549.5037231445312
v -1110.3543701171875 242.7831268310547 -549.5037231445312
v -1110.3543701171875 242.7831268310547 -533.5579223632812
v -1109.760498046875 264.4891357421875 -533.5579223632812
v -1109.760498046875 264.4891357421875 -549.5037231445312
v -1110.3543701171875 242.7831268310547 -533.5579223632812
v -1107.67578125 242.7831268310547 -533.5579223632812
v -1108.27001953125 264.4891357421875 -533.5579223632812
v -1109.760498046875 264.4891357421875 -533.5579223632812
v -1107.67578125 242.7831268310547 -533.5579223632812
v -1107.67578125 242.7831268310547 -549.5037231445312
v -1108.27001953125 264.4891357421875 -549.5037231445312
v -1108.27001953125 264.4891357421875 -533.5579223632812
v -340.1035461425781 633.8095092773438 -525.9981689453125
v -1091.41650390625 633.8094482421875 -525.9981689453125
v -1091.41650390625 626.7381591796875 -533.0692749023438
v -340.1035461425781 626.7382202148438 -533.0692138671875
v -340.1035461425781 640.8807983398438 -533.0692138671875
v -340.1035461425781 633.8095092773438 -540.1403198242188
v -1091.41650390625 633.8094482421875 -540.140380859375
v -1091.41650390625 640.8807373046875 -533.0692749023438
v -349.7939758300781 632.4354858398438 -541.0299682617188
v -349.7939758300781 632.4354858398438 -525.084228515625
v -349.7939758300781 635.1141967773438 -525.084228515625
v -349.7939758300781 635.1141967773438 -541.0299682617188
v -328.0879211425781 633.0292358398438 -541.0299682617188
v -328.0879211425781 634.5204467773438 -541.0299682617188
v -328.0879211425781 634.5204467773438 -525.084228515625
v -328.0879211425781 633.0292358398438 -525.084228515625
v -349.7939758300781 632.4354858398438 -541.0299682617188
v -349.7939758300781 635.1141967773438 -541.0299682617188
v -328.0879211425781 634.5204467773438 -541.0299682617188
v -328.0879211425781 633.0292358398438 -541.0299682617188
v -349.7939758300781 635.1141967773438 -541.0299682617188
v -349.7939758300781 635.1141967773438 -525.084228515625
v -328.0879211425781 634.5204467773438 -525.084228515625
v -328.0879211425781 634.5204467773438 -541.0299682617188
v -349.7939758300781 635.1141967773438 -525.084228515625
v -349.7939758300781 632.4354858398438 -525.084228515625
v -328.0879211425781 633.0292358398438 -525.084228515625
v -328.0879211425781 634.5204467773438 -525.084228515625
v -349.7939758300781 632.4354858398438 -525.084228515625
v -349.7939758300781 632.4354858398438 -541.0299682617188
v -328.0879211425781 633.0292358398438 -541.0299682617188
v -328.0879211425781 633.0292358398438 -525.084228515625
v -1101.59130859375 632.4354248046875 -541.030029296875
v -1101.591064453125 632.4354248046875 -525.0842895507812
v -1101.591064453125 635.1141357421875 -525.0842895507812
v -1101.59130859375 635.1141357421875 -541.030029296875
v -1079.884765625 633.0291748046875 -541.030029296875
v -1079.884765625 634.5203857421875 -541.030029296875
v -1079.884765625 634.5203857421875 -525.0842895507812
v -1079.884765625 633.0291748046875 -525.0842895507812
v -1101.59130859375 632.4354248046875 -541.030029296875
v -1101.59130859375 635.1141357421875 -541.030029296875
v -1079.884765625 634.5203857421875 -541.030029296875
v -1079.884765625 633.0291748046875 -541.030029296875
v -1101.59130859375 635.1141357421875 -541.030029296875
v -1101.591064453125 635.1141357421875 -525.0842895507812
v -1079.884765625 634.5203857421875 -525.0842895507812
v -1079.884765625 634.5203857421875 -541.030029296875
v -1101.591064453125 635.1141357421875 -525.0842895507812
v -1101.591064453125 632.4354248046875 -525.0842895507812
v -1079.884765625 633.0291748046875 -525.0842895507812
v -1079.884765625 634.5203857421875 -525.0842895507812
v -1101.591064453125 632.4354248046875 -525.0842895507812
v -1101.59130859375 632.4354248046875 -541.030029296875
v -1079.884765625 633.0291748046875 -541.030029296875
v -1079.884765625 633.0291748046875 -525.0842895507812
v -1101.998291015625 633.8094482421875 -599.8204956054688
v -1101.998291015625 633.8095703125 600.1795043945312
v -1109.0693359375 626.73828125 600.1795043945312
v -1109.0693359375 626.7381591796875 -599.8204956054688
v -1109.0693359375 640.8807373046875 -599.8204956054688
v -1116.140380859375 633.8094482421875 -599.8204956054688
v -1116.140625 633.8095703125 600.1795043945312
v -1109.0693359375 640.880859375 600.1795043945312
v -1101.998291015625 633.8094482421875 -599.8204956054688
v -1109.0693359375 626.7381591796875 -599.8204956054688
v -1116.140380859375 633.8094482421875 -599.8204956054688
v -1109.0693359375 640.8807373046875 -599.8204956054688
v -1109.0693359375 626.73828125 600.1795043945312
v -1101.998291015625 633.8095703125 600.1795043945312
v -1109.0693359375 640.880859375 600.1795043945312
v -1116.140625 633.8095703125 600.1795043945312
v -1089.1611328125 653.7166748046875 -611.3062744140625
v -1089.1612548828125 613.9012451171875 -611.3062744140625
v -1128.977294921875 613.9012451171875 -611.3062744140625
v -1128.977294921875 653.7166748046875 -611.3062744140625
v -1106.07080078125 636.8074951171875 -599.8204956054688
v -1106.07080078125 630.8104248046875 -599.8204956054688
v -1106.07080078125 630.8104248046875 -606.201416015625
v -1106.07080078125 636.8074951171875 -606.201416015625
v -1106.07080078125 630.8104248046875 -599.8204956054688
v -1112.067626953125 630.8104248046875 -599.8204956054688
v -1112.067626953125 630.8104248046875 -606.201416015625
v -1106.07080078125 630.8104248046875 -606.201416015625
v -1112.067626953125 630.8104248046875 -599.8204956054688
v -1112.067626953125 636.8074951171875 -599.8204956054688
v -1112.067626953125 636.8074951171875 -606.201416015625
v -1112.067626953125 630.8104248046875 -606.201416015625
v -1112.067626953125 636.8074951171875 -599.8204956054688
v -1106.07080078125 636.8074951171875 -599.8204956054688
v -1106.07080078125 636.8074951171875 -606.201416015625
v -1112.067626953125 636.8074951171875 -606.201416015625
v -1106.07080078125 636.8074951171875 -606.201416015625
v -1106.07080078125 630.8104248046875 -606.201416015625
v -1089.1612548828125 613.9012451171875 -609.7109375
v -1089.1611328125 653.7166748046875 -609.7109375
v -1106.07080078125 630.8104248046875 -606.201416015625
v -1112.067626953125 630.8104248046875 -606.201416015625
v -1128.977294921875 613.9012451171875 -609.7109985351562
v -1089.1612548828125 613.9012451171875 -609.7109375
v -1112.067626953125 630.8104248046875 -606.201416015625
v -1112.067626953125 636.8074951171875 -606.201416015625
v -1128.977294921875 653.7166748046875 -609.7109985351562
v -1128.977294921875 613.9012451171875 -609.7109985351562
v -1112.067626953125 636.8074951171875 -606.201416015625
v -1106.07080078125 636.8074951171875 -606.201416015625
v -1089.1611328125 653.7166748046875 -609.7109375
v -1128.977294921875 653.7166748046875 -609.7109985351562
v -1089.1611328125 653.7166748046875 -609.7109375
v -1089.1612548828125 613.9012451171875 -609.7109375
v -1089.1612548828125 613.9012451171875 -611.3062744140625
v -1089.1611328125 653.7166748046875 -611.3062744140625
v -1089.1612548828125 613.9012451171875 -609.7109375
v -1128.977294921875 613.9012451171875 -609.7109985351562
v -1128.977294921875 613.9012451171875 -611.3062744140625
v -1089.1612548828125 613.9012451171875 -611.3062744140625
v -1128.977294921875 613.9012451171875 -609.7109985351562
v -1128.977294921875 653.7166748046875 -609.7109985351562
v -1128.977294921875 653.7166748046875 -611.3062744140625
v -1128.977294921875 613.9012451171875 -611.3062744140625
v -1128.977294921875 653.7166748046875 -609.7109985351562
v -1089.1611328125 653.7166748046875 -609.7109375
v -1089.1611328125 653.7166748046875 -611.3062744140625
v -1128.977294921875 653.7166748046875 -611.3062744140625
v -1109.06982421875 628.1004638671875 -540.6561279296875
v -1109.06982421875 628.1004638671875 -549.5878295898438
v -1089.49462890625 633.8084716796875 -549.5878295898438
v -1089.49462890625 633.8084716796875 -540.6561279296875
v -1128.646240234375 633.8084716796875 -540.6561889648438
v -1109.06982421875 639.5174560546875 -540.6561889648438
v -1109.06982421875 639.5174560546875 -549.587890625
v -1128.64599609375 633.8084716796875 -549.587890625
v -1128.646240234375 633.8084716796875 -540.6561889648438
v -1128.64599609375 633.8084716796875 -549.587890625
v -1109.06982421875 628.1004638671875 -549.5878295898438
v -1109.06982421875 628.1004638671875 -540.6561279296875
v -1109.06982421875 639.5174560546875 -549.587890625
v -1109.06982421875 639.5174560546875 -540.6561889648438
v -1089.49462890625 633.8084716796875 -540.6561279296875
v -1089.49462890625 633.8084716796875 -549.5878295898438
v -1103.29248046875 633.8084716796875 -549.478515625
v -1103.29248046875 633.8084716796875 -558.4102172851562
v -1109.06982421875 653.3455810546875 -558.4102172851562
v -1109.06982421875 653.3455810546875 -549.478515625
v -1109.06982421875 614.2694091796875 -549.4785766601562
v -1114.846923828125 633.8084716796875 -549.4785766601562
v -1114.846923828125 633.8084716796875 -558.4102172851562
v -1109.06982421875 614.2694091796875 -558.4102172851562
v -1109.06982421875 614.2694091796875 -549.4785766601562
v -1109.06982421875 614.2694091796875 -558.4102172851562
v -1103.29248046875 633.8084716796875 -558.4102172851562
v -1103.29248046875 633.8084716796875 -549.478515625
v -1114.846923828125 633.8084716796875 -558.4102172851562
v -1114.846923828125 633.8084716796875 -549.4785766601562
v -1109.06982421875 653.3455810546875 -549.478515625
v -1109.06982421875 653.3455810546875 -558.4102172851562
v -1095.5594482421875 633.8084716796875 -540.6561889648438
v -1109.06982421875 629.5731201171875 -540.6561889648438
v -1109.06982421875 628.1004638671875 -540.6561279296875
v -1089.49462890625 633.8084716796875 -540.6561279296875
v -1109.06982421875 629.5731201171875 -549.5878295898438
v -1095.5594482421875 633.8084716796875 -549.5878295898438
v -1089.49462890625 633.8084716796875 -549.5878295898438
v -1109.06982421875 628.1004638671875 -549.5878295898438
v -1109.06982421875 638.0447998046875 -549.5878295898438
v -1122.580810546875 633.8084716796875 -549.5878295898438
v -1128.64599609375 633.8084716796875 -549.587890625
v -1109.06982421875 639.5174560546875 -549.587890625
v -1122.580810546875 633.8084716796875 -540.6561889648438
v -1109.06982421875 638.0447998046875 -540.6561889648438
v -1109.06982421875 639.5174560546875 -540.6561889648438
v -1128.646240234375 633.8084716796875 -540.6561889648438
v -1109.06982421875 647.2000732421875 -549.478515625
v -1104.78369140625 633.8084716796875 -549.478515625
v -1103.29248046875 633.8084716796875 -549.478515625
v -1109.06982421875 653.3455810546875 -549.478515625
v -1104.78369140625 633.8084716796875 -558.4102172851562
v -1109.06982421875 647.2000732421875 -558.4102172851562
v -1109.06982421875 653.3455810546875 -558.4102172851562
v -1103.29248046875 633.8084716796875 -558.4102172851562
v -1113.35595703125 633.8084716796875 -558.4102172851562
v -1109.06982421875 620.4158935546875 -558.4102172851562
v -1109.06982421875 614.2694091796875 -558.4102172851562
v -1114.846923828125 633.8084716796875 -558.4102172851562
v -1109.06982421875 620.4158935546875 -549.478515625
v -1113.35595703125 633.8084716796875 -549.478515625
v -1114.846923828125 633.8084716796875 -549.4785766601562
v -1109.06982421875 614.2694091796875 -549.4785766601562
v -1109.06982421875 628.1005249023438 -140.65615844726562
v -1109.06982421875 628.0995483398438 -149.58782958984375
v -1089.49462890625 633.8085327148438 -149.58782958984375
v -1089.49462890625 633.8085327148438 -140.6561279296875
v -1128.64599609375 633.8085327148438 -140.6562042236328
v -1109.06982421875 639.5175170898438 -140.6562042236328
v -1109.06982421875 639.5175170898438 -149.58786010742188
v -1128.64599609375 633.8085327148438 -149.587890625
v -1128.64599609375 633.8085327148438 -140.6562042236328
v -1128.64599609375 633.8085327148438 -149.587890625
v -1109.06982421875 628.0995483398438 -149.58782958984375
v -1109.06982421875 628.1005249023438 -140.65615844726562
v -1109.06982421875 639.5175170898438 -149.58786010742188
v -1109.06982421875 639.5175170898438 -140.6562042236328
v -1089.49462890625 633.8085327148438 -140.6561279296875
v -1089.49462890625 633.8085327148438 -149.58782958984375
v -1103.29248046875 633.8085327148438 -149.478515625
v -1103.29248046875 633.8085327148438 -158.41021728515625
v -1109.06982421875 653.3456420898438 -158.41018676757812
v -1109.06982421875 653.3456420898438 -149.478515625
v -1109.06982421875 614.2694702148438 -149.47857666015625
v -1114.846923828125 633.8085327148438 -149.47854614257812
v -1114.846923828125 633.8085327148438 -158.41024780273438
v -1109.06982421875 614.2694702148438 -158.41024780273438
v -1109.06982421875 614.2694702148438 -149.47857666015625
v -1109.06982421875 614.2694702148438 -158.41024780273438
v -1103.29248046875 633.8085327148438 -158.41021728515625
v -1103.29248046875 633.8085327148438 -149.478515625
v -1114.846923828125 633.8085327148438 -158.41024780273438
v -1114.846923828125 633.8085327148438 -149.47854614257812
v -1109.06982421875 653.3456420898438 -149.478515625
v -1109.06982421875 653.3456420898438 -158.41018676757812
v -1095.5595703125 633.8085327148438 -140.65615844726562
v -1109.06982421875 629.5731811523438 -140.65615844726562
v -1109.06982421875 628.1005249023438 -140.65615844726562
v -1089.49462890625 633.8085327148438 -140.6561279296875
v -1109.06982421875 629.5731811523438 -149.58786010742188
v -1095.5595703125 633.8085327148438 -149.58786010742188
v -1089.49462890625 633.8085327148438 -149.58782958984375
v -1109.06982421875 628.0995483398438 -149.58782958984375
v -1109.06982421875 638.0448608398438 -149.58786010742188
v -1122.580810546875 633.8085327148438 -149.58786010742188
v -1128.64599609375 633.8085327148438 -149.587890625
v -1109.06982421875 639.5175170898438 -149.58786010742188
v -1122.580810546875 633.8085327148438 -140.65615844726562
v -1109.06982421875 638.0448608398438 -140.65615844726562
v -1109.06982421875 639.5175170898438 -140.6562042236328
v -1128.64599609375 633.8085327148438 -140.6562042236328
v -1109.06982421875 647.2001342773438 -149.47854614257812
v -1104.78369140625 633.8085327148438 -149.47854614257812
v -1103.29248046875 633.8085327148438 -149.478515625
v -1109.06982421875 653.3456420898438 -149.478515625
v -1104.78369140625 633.8085327148438 -158.41021728515625
v -1109.06982421875 647.2001342773438 -158.41021728515625
v -1109.06982421875 653.3456420898438 -158.41018676757812
v -1103.29248046875 633.8085327148438 -158.41021728515625
v -1113.35595703125 633.8085327148438 -158.41021728515625
v -1109.06982421875 620.4159545898438 -158.41021728515625
v -1109.06982421875 614.2694702148438 -158.41024780273438
v -1114.846923828125 633.8085327148438 -158.41024780273438
v -1109.06982421875 620.4159545898438 -149.47854614257812
v -1113.35595703125 633.8085327148438 -149.47854614257812
v -1114.846923828125 633.8085327148438 -149.47854614257812
v -1109.06982421875 614.2694702148438 -149.47857666015625
v -1109.06982421875 628.1005249023438 259.3437805175781
v -1109.06982421875 628.1005249023438 250.41217041015625
v -1089.49462890625 633.8085327148438 250.41217041015625
v -1089.49462890625 633.8085327148438 259.3438720703125
v -1128.64599609375 633.8085327148438 259.3437805175781
v -1109.06982421875 639.5175170898438 259.3437805175781
v -1109.06982421875 639.5175170898438 250.41217041015625
v -1128.64599609375 633.8085327148438 250.41209411621094
v -1128.64599609375 633.8085327148438 259.3437805175781
v -1128.64599609375 633.8085327148438 250.41209411621094
v -1109.06982421875 628.1005249023438 250.41217041015625
v -1109.06982421875 628.1005249023438 259.3437805175781
v -1109.06982421875 639.5175170898438 250.41217041015625
v -1109.06982421875 639.5175170898438 259.3437805175781
v -1089.49462890625 633.8085327148438 259.3438720703125
v -1089.49462890625 633.8085327148438 250.41217041015625
v -1103.29248046875 633.8085327148438 250.521484375
v -1103.29248046875 633.8085327148438 241.5897674560547
v -1109.06982421875 653.3456420898438 241.58984375
v -1109.06982421875 653.3456420898438 250.521484375
v -1109.06982421875 614.2694702148438 250.5214080810547
v -1114.846923828125 633.8085327148438 250.521484375
v -1114.846923828125 633.8085327148438 241.5897674560547
v -1109.06982421875 614.2694702148438 241.5897216796875
v -1109.06982421875 614.2694702148438 250.5214080810547
v -1109.06982421875 614.2694702148438 241.5897216796875
v -1103.29248046875 633.8085327148438 241.5897674560547
v -1103.29248046875 633.8085327148438 250.521484375
v -1114.846923828125 633.8085327148438 241.5897674560547
v -1114.846923828125 633.8085327148438 250.521484375
v -1109.06982421875 653.3456420898438 250.521484375
v -1109.06982421875 653.3456420898438 241.58984375
v -1095.5595703125 633.8085327148438 259.3437805175781
v -1109.06982421875 629.5731811523438 259.3437805175781
v -1109.06982421875 628.1005249023438 259.3437805175781
v -1089.49462890625 633.8085327148438 259.3438720703125
v -1109.06982421875 629.5731811523438 250.41209411621094
v -1095.5595703125 633.8085327148438 250.41209411621094
v -1089.49462890625 633.8085327148438 250.41217041015625
v -1109.06982421875 628.1005249023438 250.41217041015625
v -1109.06982421875 638.0448608398438 250.41217041015625
v -1122.580810546875 633.8085327148438 250.41217041015625
v -1128.64599609375 633.8085327148438 250.41209411621094
v -1109.06982421875 639.5175170898438 250.41217041015625
v -1122.580810546875 633.8085327148438 259.3438720703125
v -1109.06982421875 638.0448608398438 259.3438720703125
v -1109.06982421875 639.5175170898438 259.3437805175781
v -1128.64599609375 633.8085327148438 259.3437805175781
v -1109.06982421875 647.2001342773438 250.521484375
v -1104.78369140625 633.8085327148438 250.5214080810547
v -1103.29248046875 633.8085327148438 250.521484375
v -1109.06982421875 653.3456420898438 250.521484375
v -1104.78369140625 633.8085327148438 241.5897674560547
v -1109.06982421875 647.2001342773438 241.5897674560547
v -1109.06982421875 653.3456420898438 241.58984375
v -1103.29248046875 633.8085327148438 241.5897674560547
v -1113.35595703125 633.8085327148438 241.5897674560547
v -1109.06982421875 620.4159545898438 241.5897674560547
v -1109.06982421875 614.2694702148438 241.5897216796875
v -1114.846923828125 633.8085327148438 241.5897674560547
v -1109.06982421875 620.4159545898438 250.5214080810547
v -1113.35595703125 633.8085327148438 250.521484375
v -1114.846923828125 633.8085327148438 250.521484375
v -1109.06982421875 614.2694702148438 250.5214080810547
v -340.1035461425781 233.80950927734375 -525.9981079101562
v -1091.41650390625 233.80947875976562 -525.9982299804688
v -1091.41650390625 226.73818969726562 -533.0692138671875
v -340.1035461425781 226.73822021484375 -533.0691528320312
v -340.1035461425781 240.8807830810547 -533.0691528320312
v -340.1035461425781 233.80950927734375 -540.1402587890625
v -1091.41650390625 233.80947875976562 -540.140380859375
v -1091.41650390625 240.88075256347656 -533.0692138671875
v -349.7939758300781 232.4354705810547 -541.0299072265625
v -349.7939758300781 232.4354705810547 -525.0841674804688
v -349.7939758300781 235.11419677734375 -525.0841674804688
v -349.7939758300781 235.11419677734375 -541.0299072265625
v -328.0879211425781 233.0297393798828 -541.0299072265625
v -328.0879211425781 234.52044677734375 -541.0299072265625
v -328.0879211425781 234.52044677734375 -525.0841674804688
v -328.0879211425781 233.0297393798828 -525.0841674804688
v -349.7939758300781 232.4354705810547 -541.0299072265625
v -349.7939758300781 235.11419677734375 -541.0299072265625
v -328.0879211425781 234.52044677734375 -541.0299072265625
v -328.0879211425781 233.0297393798828 -541.0299072265625
v -349.7939758300781 235.11419677734375 -541.0299072265625
v -349.7939758300781 235.11419677734375 -525.0841674804688
v -328.0879211425781 234.52044677734375 -525.0841674804688
v -328.0879211425781 234.52044677734375 -541.0299072265625
v -349.7939758300781 235.11419677734375 -525.0841674804688
v -349.7939758300781 232.4354705810547 -525.0841674804688
v -328.0879211425781 233.0297393798828 -525.0841674804688
v -328.0879211425781 234.52044677734375 -525.0841674804688
v -349.7939758300781 232.4354705810547 -525.0841674804688
v -349.7939758300781 232.4354705810547 -541.0299072265625
v -328.0879211425781 233.0297393798828 -541.0299072265625
v -328.0879211425781 233.0297393798828 -525.0841674804688
v -1101.59130859375 232.43544006347656 -541.0299682617188
v -1101.59130859375 232.43544006347656 -525.0842895507812
v -1101.59130859375 235.11416625976562 -525.0842895507812
v -1101.59130859375 235.11416625976562 -541.0299682617188
v -1079.884765625 233.0297088623047 -541.0299682617188
v -1079.884765625 234.52041625976562 -541.0299682617188
v -1079.884765625 234.52041625976562 -525.0842895507812
v -1079.884765625 233.0297088623047 -525.0842895507812
v -1101.59130859375 232.43544006347656 -541.0299682617188
v -1101.59130859375 235.11416625976562 -541.0299682617188
v -1079.884765625 234.52041625976562 -541.0299682617188
v -1079.884765625 233.0297088623047 -541.0299682617188
v -1101.59130859375 235.11416625976562 -541.0299682617188
v -1101.59130859375 235.11416625976562 -525.0842895507812
v -1079.884765625 234.52041625976562 -525.0842895507812
v -1079.884765625 234.52041625976562 -541.0299682617188
v -1101.59130859375 235.11416625976562 -525.0842895507812
v -1101.59130859375 232.43544006347656 -525.0842895507812
v -1079.884765625 233.0297088623047 -525.0842895507812
v -1079.884765625 234.52041625976562 -525.0842895507812
v -1101.59130859375 232.43544006347656 -525.0842895507812
v -1101.59130859375 232.43544006347656 -541.0299682617188
v -1079.884765625 233.0297088623047 -541.0299682617188
v -1079.884765625 233.0297088623047 -525.0842895507812
v -340.10357666015625 233.80953979492188 -125.99809265136719
v -1091.41650390625 233.80950927734375 -125.99820709228516
v -1091.41650390625 226.73822021484375 -133.06924438476562
v -340.10357666015625 226.73825073242188 -133.0691375732422
v -340.10357666015625 240.8808135986328 -133.0691375732422
v -340.10357666015625 233.80953979492188 -140.14024353027344
v -1091.41650390625 233.80950927734375 -140.14035034179688
v -1091.41650390625 240.8807830810547 -133.06924438476562
v -349.79400634765625 232.4355010986328 -141.0299530029297
v -349.79400634765625 232.4355010986328 -125.08419036865234
v -349.79400634765625 235.11422729492188 -125.08419036865234
v -349.79400634765625 235.11422729492188 -141.0299530029297
v -328.08795166015625 233.02926635742188 -141.0299530029297
v -328.08795166015625 234.52047729492188 -141.0299530029297
v -328.08795166015625 234.52047729492188 -125.08419036865234
v -328.08795166015625 233.02926635742188 -125.08419036865234
v -349.79400634765625 232.4355010986328 -141.0299530029297
v -349.79400634765625 235.11422729492188 -141.0299530029297
v -328.08795166015625 234.52047729492188 -141.0299530029297
v -328.08795166015625 233.02926635742188 -141.0299530029297
v -349.79400634765625 235.11422729492188 -141.0299530029297
v -349.79400634765625 235.11422729492188 -125.08419036865234
v -328.08795166015625 234.52047729492188 -125.08419036865234
v -328.08795166015625 234.52047729492188 -141.0299530029297
v -349.79400634765625 235.11422729492188 -125.08419036865234
v -349.79400634765625 232.4355010986328 -125.08419036865234
v -328.08795166015625 233.02926635742188 -125.08419036865234
v -328.08795166015625 234.52047729492188 -125.08419036865234
v -349.79400634765625 232.4355010986328 -125.08419036865234
v -349.79400634765625 232.4355010986328 -141.0299530029297
v -328.08795166015625 233.02926635742188 -141.0299530029297
v -328.08795166015625 233.02926635742188 -125.08419036865234
v -1101.59130859375 232.4354705810547 -141.02999877929688
v -1101.59130859375 232.4354705810547 -125.0842514038086
v -1101.59130859375 235.11419677734375 -125.0842514038086
v -1101.59130859375 235.11419677734375 -141.02999877929688
v -1079.884765625 233.0297393798828 -141.02999877929688
v -1079.884765625 234.52044677734375 -141.02999877929688
v -1079.884765625 234.52044677734375 -125.0842514038086
v -1079.884765625 233.0297393798828 -125.0842514038086
v -1101.59130859375 232.4354705810547 -141.02999877929688
v -1101.59130859375 235.11419677734375 -141.02999877929688
v -1079.884765625 234.52044677734375 -141.02999877929688
v -1079.884765625 233.0297393798828 -141.02999877929688
v -1101.59130859375 235.11419677734375 -141.02999877929688
v -1101.59130859375 235.11419677734375 -125.0842514038086
v -1079.884765625 234.52044677734375 -125.0842514038086
v -1079.884765625 234.52044677734375 -141.02999877929688
v -1101.59130859375 235.11419677734375 -125.0842514038086
v -1101.59130859375 232.4354705810547 -125.0842514038086
v -1079.884765625 233.0297393798828 -125.0842514038086
v -1079.884765625 234.52044677734375 -125.0842514038086
v -1101.59130859375 232.4354705810547 -125.0842514038086
v -1101.59130859375 232.4354705810547 -141.02999877929688
v -1079.884765625 233.0297393798828 -141.02999877929688
v -1079.884765625 233.0297393798828 -125.0842514038086
v -340.1036071777344 233.80958557128906 274.00189208984375
v -1091.41650390625 233.80955505371094 274.0018005371094
v -1091.41650390625 226.73826599121094 266.93072509765625
v -340.1036071777344 226.73829650878906 266.93084716796875
v -340.1036071777344 240.880859375 266.93084716796875
v -340.1036071777344 233.8095703125 259.8597412109375
v -1091.41650390625 233.80953979492188 259.8596496582031
v -1091.41650390625 240.88082885742188 266.93072509765625
v -349.7945251464844 232.43553161621094 258.9700622558594
v -349.7945251464844 232.435546875 274.915771484375
v -349.7945251464844 235.11427307128906 274.915771484375
v -349.7945251464844 235.1142578125 258.9700622558594
v -328.0879821777344 233.02980041503906 258.9700927734375
v -328.0879821777344 234.5205078125 258.9700927734375
v -328.0879821777344 234.52052307128906 274.9158020019531
v -328.0879821777344 233.02981567382812 274.9158020019531
v -349.7945251464844 232.43553161621094 258.9700622558594
v -349.7945251464844 235.1142578125 258.9700622558594
v -328.0879821777344 234.5205078125 258.9700927734375
v -328.0879821777344 233.02980041503906 258.9700927734375
v -349.7945251464844 235.1142578125 258.9700622558594
v -349.7945251464844 235.11427307128906 274.915771484375
v -328.0879821777344 234.52052307128906 274.9158020019531
v -328.0879821777344 234.5205078125 258.9700927734375
v -349.7945251464844 235.11427307128906 274.915771484375
v -349.7945251464844 232.435546875 274.915771484375
v -328.0879821777344 233.02981567382812 274.9158020019531
v -328.0879821777344 234.52052307128906 274.9158020019531
v -349.7945251464844 232.435546875 274.915771484375
v -349.7945251464844 232.43553161621094 258.9700622558594
v -328.0879821777344 233.02980041503906 258.9700927734375
v -328.0879821777344 233.02981567382812 274.9158020019531
v -1101.59130859375 232.4355010986328 258.969970703125
v -1101.59130859375 232.43551635742188 274.91571044921875
v -1101.59130859375 235.11424255371094 274.91571044921875
v -1101.59130859375 235.11422729492188 258.969970703125
v -1079.884765625 233.02976989746094 258.9699401855469
v -1079.884765625 234.52047729492188 258.9699401855469
v -1079.884765625 234.52049255371094 274.91571044921875
v -1079.884765625 233.02978515625 274.91571044921875
v -1101.59130859375 232.4355010986328 258.969970703125
v -1101.59130859375 235.11422729492188 258.969970703125
v -1079.884765625 234.52047729492188 258.9699401855469
v -1079.884765625 233.02976989746094 258.9699401855469
v -1101.59130859375 235.11422729492188 258.969970703125
v -1101.59130859375 235.11424255371094 274.91571044921875
v -1079.884765625 234.52049255371094 274.91571044921875
v -1079.884765625 234.52047729492188 258.9699401855469
v -1101.59130859375 235.11424255371094 274.91571044921875
v -1101.59130859375 232.43551635742188 274.91571044921875
v -1079.884765625 233.02978515625 274.91571044921875
v -1079.884765625 234.52049255371094 274.91571044921875
v -1101.59130859375 232.43551635742188 274.91571044921875
v -1101.59130859375 232.4355010986328 258.969970703125
v -1079.884765625 233.02976989746094 258.9699401855469
v -1079.884765625 233.02978515625 274.91571044921875
v -340.1036071777344 633.8095703125 274.0018615722656
v -1091.41650390625 633.8095092773438 274.00177001953125
v -1091.41650390625 626.7382202148438 266.9306945800781
v -340.1036071777344 626.73828125 266.9308166503906
v -340.1036071777344 640.880859375 266.9308166503906
v -340.1036071777344 633.8095703125 259.85968017578125
v -1091.41650390625 633.8095092773438 259.859619140625
v -1091.41650390625 640.8807983398438 266.9306945800781
v -349.7940368652344 632.435546875 258.969970703125
v -349.7940368652344 632.435546875 274.91571044921875
v -349.7940368652344 635.1142578125 274.91571044921875
v -349.7940368652344 635.1142578125 258.969970703125
v -328.0879821777344 633.029296875 258.9700012207031
v -328.0879821777344 634.5205078125 258.9700012207031
v -328.0879821777344 634.5205078125 274.9157409667969
v -328.0879821777344 633.029296875 274.9157409667969
v -349.7940368652344 632.435546875 258.969970703125
v -349.7940368652344 635.1142578125 258.969970703125
v -328.0879821777344 634.5205078125 258.9700012207031
v -328.0879821777344 633.029296875 258.9700012207031
v -349.7940368652344 635.1142578125 258.969970703125
v -349.7940368652344 635.1142578125 274.91571044921875
v -328.0879821777344 634.5205078125 274.9157409667969
v -328.0879821777344 634.5205078125 258.9700012207031
v -349.7940368652344 635.1142578125 274.91571044921875
v -349.7940368652344 632.435546875 274.91571044921875
v -328.0879821777344 633.029296875 274.9157409667969
v -328.0879821777344 634.5205078125 274.9157409667969
v -349.7940368652344 632.435546875 274.91571044921875
v -349.7940368652344 632.435546875 258.969970703125
v -328.0879821777344 633.029296875 258.9700012207031
v -328.0879821777344 633.029296875 274.9157409667969
v -1101.59130859375 632.4354858398438 258.9699401855469
v -1101.591064453125 632.4354858398438 274.9156799316406
v -1101.591064453125 635.1141967773438 274.9156799316406
v -1101.59130859375 635.1141967773438 258.9699401855469
v -1079.884765625 633.0292358398438 258.96990966796875
v -1079.884765625 634.5204467773438 258.96990966796875
v -1079.884765625 634.5204467773438 274.9156799316406
v -1079.884765625 633.0292358398438 274.9156799316406
v -1101.59130859375 632.4354858398438 258.9699401855469
v -1101.59130859375 635.1141967773438 258.9699401855469
v -1079.884765625 634.5204467773438 258.96990966796875
v -1079.884765625 633.0292358398438 258.96990966796875
v -1101.59130859375 635.1141967773438 258.9699401855469
v -1101.591064453125 635.1141967773438 274.9156799316406
v -1079.884765625 634.5204467773438 274.9156799316406
v -1079.884765625 634.5204467773438 258.96990966796875
v -1101.591064453125 635.1141967773438 274.9156799316406
v -1101.591064453125 632.4354858398438 274.9156799316406
v -1079.884765625 633.0292358398438 274.9156799316406
v -1079.884765625 634.5204467773438 274.9156799316406
v -1101.591064453125 632.4354858398438 274.9156799316406
v -1101.59130859375 632.4354858398438 258.9699401855469
v -1079.884765625 633.0292358398438 258.96990966796875
v -1079.884765625 633.0292358398438 274.9156799316406
v -340.1036071777344 633.8095703125 -125.99812316894531
v -1091.41650390625 633.8095092773438 -125.99823760986328
v -1091.41650390625 626.7382202148438 -133.0692901611328
v -340.1036071777344 626.73828125 -133.0691680908203
v -340.1036071777344 640.880859375 -133.0691680908203
v -340.1036071777344 633.8095703125 -140.14027404785156
v -1091.41650390625 633.8095092773438 -140.14039611816406
v -1091.41650390625 640.8807983398438 -133.0692901611328
v -349.7940368652344 632.435546875 -141.0299835205078
v -349.7940368652344 632.435546875 -125.08422088623047
v -349.7940368652344 635.1142578125 -125.08422088623047
v -349.7940368652344 635.1142578125 -141.0299835205078
v -328.0879821777344 633.029296875 -141.0299835205078
v -328.0879821777344 634.5205078125 -141.0299835205078
v -328.0879821777344 634.5205078125 -125.0842056274414
v -328.0879821777344 633.029296875 -125.0842056274414
v -349.7940368652344 632.435546875 -141.0299835205078
v -349.7940368652344 635.1142578125 -141.0299835205078
v -328.0879821777344 634.5205078125 -141.0299835205078
v -328.0879821777344 633.029296875 -141.0299835205078
v -349.7940368652344 635.1142578125 -141.0299835205078
v -349.7940368652344 635.1142578125 -125.08422088623047
v -328.0879821777344 634.5205078125 -125.0842056274414
v -328.0879821777344 634.5205078125 -141.0299835205078
v -349.7940368652344 635.1142578125 -125.08422088623047
v -349.7940368652344 632.435546875 -125.08422088623047
v -328.0879821777344 633.029296875 -125.0842056274414
v -328.0879821777344 634.5205078125 -125.0842056274414
v -349.7940368652344 632.435546875 -125.08422088623047
v -349.7940368652344 632.435546875 -141.0299835205078
v -328.0879821777344 633.029296875 -141.0299835205078
v -328.0879821777344 633.029296875 -125.0842056274414
v -1101.591064453125 632.4354858398438 -141.03004455566406
v -1101.591064453125 632.4354858398438 -125.08428192138672
v -1101.591064453125 635.1141967773438 -125.08428192138672
v -1101.591064453125 635.1141967773438 -141.03004455566406
v -1079.884765625 633.0292358398438 -141.03004455566406
v -1079.884765625 634.5204467773438 -141.03004455566406
v -1079.884765625 634.5204467773438 -125.08428192138672
v -1079.884765625 633.0292358398438 -125.08428192138672
v -1101.591064453125 632.4354858398438 -141.03004455566406
v -1101.591064453125 635.1141967773438 -141.03004455566406
v -1079.884765625 634.5204467773438 -141.03004455566406
v -1079.884765625 633.0292358398438 -141.03004455566406
v -1101.591064453125 635.1141967773438 -141.03004455566406
v -1101.591064453125 635.1141967773438 -125.08428192138672
v -1079.884765625 634.5204467773438 -125.08428192138672
v -1079.884765625 634.5204467773438 -141.03004455566406
v -1101.591064453125 635.1141967773438 -125.08428192138672
v -1101.591064453125 632.4354858398438 -125.08428192138672
v -1079.884765625 633.0292358398438 -125.08428192138672
v -1079.884765625 634.5204467773438 -125.08428192138672
v -1101.591064453125 632.4354858398438 -125.08428192138672
v -1101.591064453125 632.4354858398438 -141.03004455566406
v -1079.884765625 633.0292358398438 -141.03004455566406
v -1079.884765625 633.0292358398438 -125.08428192138672
v 85.1303482055664 233.8095245361328 -599.8203125
v 85.1302490234375 233.8096160888672 600.1796875
v 78.05944061279297 226.7383270263672 600.1796875
v 78.05955505371094 226.7382354736328 -599.8203125
v 78.05955505371094 240.88079833984375 -599.8203125
v 70.9882583618164 233.8095245361328 -599.8203125
v 70.9881591796875 233.8096160888672 600.1796875
v 78.05944061279297 240.88088989257812 600.1796875
v 85.1303482055664 233.8095245361328 -599.8203125
v 78.05955505371094 226.7382354736328 -599.8203125
v 70.9882583618164 233.8095245361328 -599.8203125
v 78.05955505371094 240.88079833984375 -599.8203125
v 78.05944061279297 226.7383270263672 600.1796875
v 85.1302490234375 233.8096160888672 600.1796875
v 78.05944061279297 240.88088989257812 600.1796875
v 70.9881591796875 233.8096160888672 600.1796875
v 97.9677505493164 253.71673583984375 -611.3060913085938
v 97.9677505493164 213.9013214111328 -611.3060913085938
v 58.15135192871094 213.9013214111328 -611.3060913085938
v 58.15134811401367 253.71673583984375 -611.3060913085938
v 81.05760192871094 236.80755615234375 -599.8203125
v 81.05760192871094 230.8105010986328 -599.8203125
v 81.05760192871094 230.8105010986328 -606.2012939453125
v 81.05760192871094 236.80755615234375 -606.2012939453125
v 81.05760192871094 230.8105010986328 -599.8203125
v 75.0610122680664 230.8105010986328 -599.8203125
v 75.0610122680664 230.8105010986328 -606.2012939453125
v 81.05760192871094 230.8105010986328 -606.2012939453125
v 75.0610122680664 230.8105010986328 -599.8203125
v 75.0610122680664 236.80755615234375 -599.8203125
v 75.0610122680664 236.80755615234375 -606.2012939453125
v 75.0610122680664 230.8105010986328 -606.2012939453125
v 75.0610122680664 236.80755615234375 -599.8203125
v 81.05760192871094 236.80755615234375 -599.8203125
v 81.05760192871094 236.80755615234375 -606.2012939453125
v 75.0610122680664 236.80755615234375 -606.2012939453125
v 81.05760192871094 236.80755615234375 -606.2012939453125
v 81.05760192871094 230.8105010986328 -606.2012939453125
v 97.9677505493164 213.90133666992188 -609.7108154296875
v 97.9677505493164 253.7167510986328 -609.7108154296875
v 81.05760192871094 230.8105010986328 -606.2012939453125
v 75.0610122680664 230.8105010986328 -606.2012939453125
v 58.15135192871094 213.90133666992188 -609.7108154296875
v 97.9677505493164 213.90133666992188 -609.7108154296875
v 75.0610122680664 230.8105010986328 -606.2012939453125
v 75.0610122680664 236.80755615234375 -606.2012939453125
v 58.15134811401367 253.7167510986328 -609.7108154296875
v 58.15135192871094 213.90133666992188 -609.7108154296875
v 75.0610122680664 236.80755615234375 -606.2012939453125
v 81.05760192871094 236.80755615234375 -606.2012939453125
v 97.9677505493164 253.7167510986328 -609.7108154296875
v 58.15134811401367 253.7167510986328 -609.7108154296875
v 97.9677505493164 253.7167510986328 -609.7108154296875
v 97.9677505493164 213.90133666992188 -609.7108154296875
v 97.9677505493164 213.9013214111328 -611.3060913085938
v 97.9677505493164 253.71673583984375 -611.3060913085938
v 97.9677505493164 213.90133666992188 -609.7108154296875
v 58.15135192871094 213.90133666992188 -609.7108154296875
v 58.15135192871094 213.9013214111328 -611.3060913085938
v 97.9677505493164 213.9013214111328 -611.3060913085938
v 58.15135192871094 213.90133666992188 -609.7108154296875
v 58.15134811401367 253.7167510986328 -609.7108154296875
v 58.15134811401367 253.71673583984375 -611.3060913085938
v 58.15135192871094 213.9013214111328 -611.3060913085938
v 58.15134811401367 253.7167510986328 -609.7108154296875
v 97.9677505493164 253.7167510986328 -609.7108154296875
v 97.9677505493164 253.71673583984375 -611.3060913085938
v 58.15134811401367 253.71673583984375 -611.3060913085938
v 78.0590591430664 228.10003662109375 -540.6559448242188
v 78.0590591430664 228.10003662109375 -549.587646484375
v 97.6342544555664 233.8090362548828 -549.587646484375
v 97.6337661743164 233.8090362548828 -540.6559448242188
v 58.482398986816406 233.8090362548828 -540.656005859375
v 78.0590591430664 239.5180206298828 -540.656005859375
v 78.0590591430664 239.5180206298828 -549.5877075195312
v 58.482398986816406 233.8090362548828 -549.5877075195312
v 58.482398986816406 233.8090362548828 -540.656005859375
v 58.482398986816406 233.8090362548828 -549.5877075195312
v 78.0590591430664 228.10003662109375 -549.587646484375
v 78.0590591430664 228.10003662109375 -540.6559448242188
v 78.0590591430664 239.5180206298828 -549.5877075195312
v 78.0590591430664 239.5180206298828 -540.656005859375
v 97.6337661743164 233.8090362548828 -540.6559448242188
v 97.6342544555664 233.8090362548828 -549.587646484375
v 83.8364028930664 233.8085479736328 -549.4783325195312
v 83.8364028930664 233.8085479736328 -558.4100341796875
v 78.0590591430664 253.3456573486328 -558.4100341796875
v 78.0590591430664 253.3456573486328 -549.4783325195312
v 78.0590591430664 214.26947021484375 -549.4783935546875
v 72.2817153930664 233.8085479736328 -549.4783935546875
v 72.2817153930664 233.8085479736328 -558.4100341796875
v 78.0590591430664 214.2699737548828 -558.4100952148438
v 78.0590591430664 214.26947021484375 -549.4783935546875
v 78.0590591430664 214.2699737548828 -558.4100952148438
v 83.8364028930664 233.8085479736328 -558.4100341796875
v 83.8364028930664 233.8085479736328 -549.4783325195312
v 72.2817153930664 233.8085479736328 -558.4100341796875
v 72.2817153930664 233.8085479736328 -549.4783935546875
v 78.0590591430664 253.3456573486328 -549.4783325195312
v 78.0590591430664 253.3456573486328 -558.4100341796875
v 91.5693130493164 233.8090362548828 -540.656005859375
v 78.0590591430664 229.5736846923828 -540.656005859375
v 78.0590591430664 228.10003662109375 -540.6559448242188
v 97.6337661743164 233.8090362548828 -540.6559448242188
v 78.0590591430664 229.5731964111328 -549.587646484375
v 91.5693130493164 233.8090362548828 -549.587646484375
v 97.6342544555664 233.8090362548828 -549.587646484375
v 78.0590591430664 228.10003662109375 -549.587646484375
v 78.0590591430664 238.0448760986328 -549.587646484375
v 64.5478286743164 233.8090362548828 -549.587646484375
v 58.482398986816406 233.8090362548828 -549.5877075195312
v 78.0590591430664 239.5180206298828 -549.5877075195312
v 64.5478286743164 233.8090362548828 -540.656005859375
v 78.0590591430664 238.0448760986328 -540.656005859375
v 78.0590591430664 239.5180206298828 -540.656005859375
v 58.482398986816406 233.8090362548828 -540.656005859375
v 78.0590591430664 247.2006378173828 -549.4783325195312
v 82.3451919555664 233.8085479736328 -549.4783325195312
v 83.8364028930664 233.8085479736328 -549.4783325195312
v 78.0590591430664 253.3456573486328 -549.4783325195312
v 82.3451919555664 233.8085479736328 -558.4100341796875
v 78.0590591430664 247.2006378173828 -558.4100341796875
v 78.0590591430664 253.3456573486328 -558.4100341796875
v 83.8364028930664 233.8085479736328 -558.4100341796875
v 73.7729263305664 233.8085479736328 -558.4100341796875
v 78.0590591430664 220.4159698486328 -558.4100341796875
v 78.0590591430664 214.2699737548828 -558.4100952148438
v 72.2817153930664 233.8085479736328 -558.4100341796875
v 78.0590591430664 220.4154815673828 -549.4783325195312
v 73.7729263305664 233.8085479736328 -549.4783325195312
v 72.2817153930664 233.8085479736328 -549.4783935546875
v 78.0590591430664 214.26947021484375 -549.4783935546875
v 78.05902099609375 228.10006713867188 -140.65602111816406
v 78.05902862548828 228.10006713867188 -149.58767700195312
v 97.63421630859375 233.80906677246094 -149.58767700195312
v 97.63372039794922 233.80906677246094 -140.65599060058594
v 58.482364654541016 233.80906677246094 -140.6560516357422
v 78.05902099609375 239.51805114746094 -140.6560516357422
v 78.05902099609375 239.51805114746094 -149.5877227783203
v 58.482364654541016 233.80906677246094 -149.58775329589844
v 58.482364654541016 233.80906677246094 -140.6560516357422
v 58.482364654541016 233.80906677246094 -149.58775329589844
v 78.05902862548828 228.10006713867188 -149.58767700195312
v 78.05902099609375 228.10006713867188 -140.65602111816406
v 78.05902099609375 239.51805114746094 -149.5877227783203
v 78.05902099609375 239.51805114746094 -140.6560516357422
v 97.63372039794922 233.80906677246094 -140.65599060058594
v 97.63421630859375 233.80906677246094 -149.58767700195312
v 83.83637237548828 233.80857849121094 -149.47837829589844
v 83.83637237548828 233.80857849121094 -158.4100799560547
v 78.05902099609375 253.34568786621094 -158.4100341796875
v 78.05902099609375 253.34568786621094 -149.47837829589844
v 78.05902862548828 214.26950073242188 -149.4784393310547
v 72.28168487548828 233.80857849121094 -149.47840881347656
v 72.28168487548828 233.80857849121094 -158.4101104736328
v 78.05902862548828 214.27000427246094 -158.4101104736328
v 78.05902862548828 214.26950073242188 -149.4784393310547
v 78.05902862548828 214.27000427246094 -158.4101104736328
v 83.83637237548828 233.80857849121094 -158.4100799560547
v 83.83637237548828 233.80857849121094 -149.47837829589844
v 72.28168487548828 233.80857849121094 -158.4101104736328
v 72.28168487548828 233.80857849121094 -149.47840881347656
v 78.05902099609375 253.34568786621094 -149.47837829589844
v 78.05902099609375 253.34568786621094 -158.4100341796875
v 91.56927490234375 233.80906677246094 -140.65602111816406
v 78.05902099609375 229.57371520996094 -140.65602111816406
v 78.05902099609375 228.10006713867188 -140.65602111816406
v 97.63372039794922 233.80906677246094 -140.65599060058594
v 78.05902862548828 229.57371520996094 -149.5877227783203
v 91.56928253173828 233.80906677246094 -149.5877227783203
v 97.63421630859375 233.80906677246094 -149.58767700195312
v 78.05902862548828 228.10006713867188 -149.58767700195312
v 78.05902099609375 238.04441833496094 -149.5877227783203
v 64.54779815673828 233.80906677246094 -149.5877227783203
v 58.482364654541016 233.80906677246094 -149.58775329589844
v 78.05902099609375 239.51805114746094 -149.5877227783203
v 64.54779052734375 233.80906677246094 -140.65602111816406
v 78.05902099609375 238.04490661621094 -140.65602111816406
v 78.05902099609375 239.51805114746094 -140.6560516357422
v 58.482364654541016 233.80906677246094 -140.6560516357422
v 78.05902099609375 247.20066833496094 -149.47840881347656
v 82.34516143798828 233.80857849121094 -149.47840881347656
v 83.83637237548828 233.80857849121094 -149.47837829589844
v 78.05902099609375 253.34568786621094 -149.47837829589844
v 82.34516143798828 233.80857849121094 -158.4100799560547
v 78.05902099609375 247.20066833496094 -158.4100799560547
v 78.05902099609375 253.34568786621094 -158.4100341796875
v 83.83637237548828 233.80857849121094 -158.4100799560547
v 73.77289581298828 233.80857849121094 -158.4100799560547
v 78.05902862548828 220.41600036621094 -158.4100799560547
v 78.05902862548828 214.27000427246094 -158.4101104736328
v 72.28168487548828 233.80857849121094 -158.4101104736328
v 78.05902862548828 220.41551208496094 -149.47840881347656
v 73.77289581298828 233.80857849121094 -149.47840881347656
v 72.28168487548828 233.80857849121094 -149.47840881347656
v 78.05902862548828 214.26950073242188 -149.4784393310547
v 78.05899047851562 228.10009765625 259.34393310546875
v 78.05899047851562 228.10060119628906 250.4123077392578
v 97.6341781616211 233.80909729003906 250.4123077392578
v 97.6336898803711 233.80909729003906 259.343994140625
v 58.48232650756836 233.80909729003906 259.34393310546875
v 78.05899047851562 239.51808166503906 259.34393310546875
v 78.05899047851562 239.51808166503906 250.4123077392578
v 58.48232650756836 233.80909729003906 250.41226196289062
v 58.48232650756836 233.80909729003906 259.34393310546875
v 58.48232650756836 233.80909729003906 250.41226196289062
v 78.05899047851562 228.10060119628906 250.4123077392578
v 78.05899047851562 228.10009765625 259.34393310546875
v 78.05899047851562 239.51808166503906 250.4123077392578
v 78.05899047851562 239.51808166503906 259.34393310546875
v 97.6336898803711 233.80909729003906 259.343994140625
v 97.6341781616211 233.80909729003906 250.4123077392578
v 83.8363265991211 233.80860900878906 250.52162170410156
v 83.8363265991211 233.80860900878906 241.5899200439453
v 78.05899047851562 253.34571838378906 241.58998107910156
v 78.05899047851562 253.34571838378906 250.52162170410156
v 78.05899047851562 214.26953125 250.52157592773438
v 72.2816390991211 233.80860900878906 250.52162170410156
v 72.2816390991211 233.80860900878906 241.5899200439453
v 78.05899047851562 214.27003479003906 241.58985900878906
v 78.05899047851562 214.26953125 250.52157592773438
v 78.05899047851562 214.27003479003906 241.58985900878906
v 83.8363265991211 233.80860900878906 241.5899200439453
v 83.8363265991211 233.80860900878906 250.52162170410156
v 72.2816390991211 233.80860900878906 241.5899200439453
v 72.2816390991211 233.80860900878906 250.52162170410156
v 78.05899047851562 253.34571838378906 250.52162170410156
v 78.05899047851562 253.34571838378906 241.58998107910156
v 91.5692367553711 233.80909729003906 259.34393310546875
v 78.05899047851562 229.57374572753906 259.34393310546875
v 78.05899047851562 228.10009765625 259.34393310546875
v 97.6336898803711 233.80909729003906 259.343994140625
v 78.05899047851562 229.57374572753906 250.41226196289062
v 91.5692367553711 233.80909729003906 250.41226196289062
v 97.6341781616211 233.80909729003906 250.4123077392578
v 78.05899047851562 228.10060119628906 250.4123077392578
v 78.05899047851562 238.04493713378906 250.4123077392578
v 64.5477523803711 233.80909729003906 250.4123077392578
v 58.48232650756836 233.80909729003906 250.41226196289062
v 78.05899047851562 239.51808166503906 250.4123077392578
v 64.5477523803711 233.80909729003906 259.343994140625
v 78.05899047851562 238.04493713378906 259.343994140625
v 78.05899047851562 239.51808166503906 259.34393310546875
v 58.48232650756836 233.80909729003906 259.34393310546875
v 78.05899047851562 247.20069885253906 250.52162170410156
v 82.3451156616211 233.80860900878906 250.52157592773438
v 83.8363265991211 233.80860900878906 250.52162170410156
v 78.05899047851562 253.34571838378906 250.52162170410156
v 82.3451156616211 233.80860900878906 241.5899200439453
v 78.05899047851562 247.20069885253906 241.5899200439453
v 78.05899047851562 253.34571838378906 241.58998107910156
v 83.8363265991211 233.80860900878906 241.5899200439453
v 73.77285766601562 233.80860900878906 241.5899200439453
v 78.05899047851562 220.41603088378906 241.5899200439453
v 78.05899047851562 214.27003479003906 241.58985900878906
v 72.2816390991211 233.80860900878906 241.5899200439453
v 78.05899047851562 220.41554260253906 250.52157592773438
v 73.77285766601562 233.80860900878906 250.52162170410156
v 72.2816390991211 233.80860900878906 250.52162170410156
v 78.05899047851562 214.26953125 250.52157592773438
v -314.8681640625 233.81048583984375 -599.8203735351562
v -314.8682861328125 233.81057739257812 600.1796264648438
v -321.9395751953125 226.73928833007812 600.1796264648438
v -321.939453125 226.73919677734375 -599.8203735351562
v -321.939453125 240.8817596435547 -599.8203735351562
v -329.0107421875 233.81048583984375 -599.8203735351562
v -329.0108642578125 233.81057739257812 600.1796264648438
v -321.9395751953125 240.88185119628906 600.1796264648438
v -314.8681640625 233.81048583984375 -599.8203735351562
v -321.939453125 226.73919677734375 -599.8203735351562
v -329.0107421875 233.81048583984375 -599.8203735351562
v -321.939453125 240.8817596435547 -599.8203735351562
v -321.9395751953125 226.73928833007812 600.1796264648438
v -314.8682861328125 233.81057739257812 600.1796264648438
v -321.9395751953125 240.88185119628906 600.1796264648438
v -329.0108642578125 233.81057739257812 600.1796264648438
v -302.03125 253.7176971435547 -611.30615234375
v -302.03125 213.90228271484375 -611.30615234375
v -341.84765625 213.90228271484375 -611.30615234375
v -341.84765625 253.7176971435547 -611.30615234375
v -318.94091796875 236.80853271484375 -599.8203735351562
v -318.94091796875 230.81146240234375 -599.8203735351562
v -318.94091796875 230.81146240234375 -606.2013549804688
v -318.94091796875 236.80853271484375 -606.2013549804688
v -318.94091796875 230.81146240234375 -599.8203735351562
v -324.9375 230.81146240234375 -599.8203735351562
v -324.9375 230.81146240234375 -606.2013549804688
v -318.94091796875 230.81146240234375 -606.2013549804688
v -324.9375 230.81146240234375 -599.8203735351562
v -324.9375 236.80853271484375 -599.8203735351562
v -324.9375 236.80853271484375 -606.2013549804688
v -324.9375 230.81146240234375 -606.2013549804688
v -324.9375 236.80853271484375 -599.8203735351562
v -318.94091796875 236.80853271484375 -599.8203735351562
v -318.94091796875 236.80853271484375 -606.2013549804688
v -324.9375 236.80853271484375 -606.2013549804688
v -318.94091796875 236.80853271484375 -606.2013549804688
v -318.94091796875 230.81146240234375 -606.2013549804688
v -302.03125 213.9022979736328 -609.7108764648438
v -302.03125 253.71771240234375 -609.7108764648438
v -318.94091796875 230.81146240234375 -606.2013549804688
v -324.9375 230.81146240234375 -606.2013549804688
v -341.84765625 213.9022979736328 -609.7108764648438
v -302.03125 213.9022979736328 -609.7108764648438
v -324.9375 230.81146240234375 -606.2013549804688
v -324.9375 236.80853271484375 -606.2013549804688
v -341.84765625 253.71771240234375 -609.7108764648438
v -341.84765625 213.9022979736328 -609.7108764648438
v -324.9375 236.80853271484375 -606.2013549804688
v -318.94091796875 236.80853271484375 -606.2013549804688
v -302.03125 253.71771240234375 -609.7108764648438
v -341.84765625 253.71771240234375 -609.7108764648438
v -302.03125 253.71771240234375 -609.7108764648438
v -302.03125 213.9022979736328 -609.7108764648438
v -302.03125 213.90228271484375 -611.30615234375
v -302.03125 253.7176971435547 -611.30615234375
v -302.03125 213.9022979736328 -609.7108764648438
v -341.84765625 213.9022979736328 -609.7108764648438
v -341.84765625 213.90228271484375 -611.30615234375
v -302.03125 213.90228271484375 -611.30615234375
v -341.84765625 213.9022979736328 -609.7108764648438
v -341.84765625 253.71771240234375 -609.7108764648438
v -341.84765625 253.7176971435547 -611.30615234375
v -341.84765625 213.90228271484375 -611.30615234375
v -341.84765625 253.71771240234375 -609.7108764648438
v -302.03125 253.71771240234375 -609.7108764648438
v -302.03125 253.7176971435547 -611.30615234375
v -341.84765625 253.7176971435547 -611.30615234375
v -321.9399719238281 228.1009979248047 -540.656005859375
v -321.9399719238281 228.1009979248047 -549.5877075195312
v -302.3647766113281 233.8100128173828 -549.5877075195312
v -302.3647766113281 233.8100128173828 -540.656005859375
v -341.5161437988281 233.8100128173828 -540.6560668945312
v -321.9399719238281 239.51898193359375 -540.6560668945312
v -321.9399719238281 239.51849365234375 -549.5877685546875
v -341.5161437988281 233.8100128173828 -549.5877685546875
v -341.5161437988281 233.8100128173828 -540.6560668945312
v -341.5161437988281 233.8100128173828 -549.5877685546875
v -321.9399719238281 228.1009979248047 -549.5877075195312
v -321.9399719238281 228.1009979248047 -540.656005859375
v -321.9399719238281 239.51849365234375 -549.5877685546875
v -321.9399719238281 239.51898193359375 -540.6560668945312
v -302.3647766113281 233.8100128173828 -540.656005859375
v -302.3647766113281 233.8100128173828 -549.5877075195312
v -316.1626281738281 233.80950927734375 -549.4783935546875
v -316.1626281738281 233.80950927734375 -558.4100952148438
v -321.9394836425781 253.34661865234375 -558.4100952148438
v -321.9394836425781 253.34661865234375 -549.4783935546875
v -321.9399719238281 214.2704315185547 -549.4784545898438
v -327.7168273925781 233.80950927734375 -549.4784545898438
v -327.7168273925781 233.80950927734375 -558.4100952148438
v -321.9394836425781 214.27093505859375 -558.41015625
v -321.9399719238281 214.2704315185547 -549.4784545898438
v -321.9394836425781 214.27093505859375 -558.41015625
v -316.1626281738281 233.80950927734375 -558.4100952148438
v -316.1626281738281 233.80950927734375 -549.4783935546875
v -327.7168273925781 233.80950927734375 -558.4100952148438
v -327.7168273925781 233.80950927734375 -549.4784545898438
v -321.9394836425781 253.34661865234375 -549.4783935546875
v -321.9394836425781 253.34661865234375 -558.4100952148438
v -308.4297180175781 233.8100128173828 -540.6560668945312
v -321.9399719238281 229.5741729736328 -540.6560668945312
v -321.9399719238281 228.1009979248047 -540.656005859375
v -302.3647766113281 233.8100128173828 -540.656005859375
v -321.9399719238281 229.5741729736328 -549.5877075195312
v -308.4297180175781 233.8100128173828 -549.5877075195312
v -302.3647766113281 233.8100128173828 -549.5877075195312
v -321.9399719238281 228.1009979248047 -549.5877075195312
v -321.9399719238281 238.04534912109375 -549.5877075195312
v -335.4512023925781 233.8100128173828 -549.5877075195312
v -341.5161437988281 233.8100128173828 -549.5877685546875
v -321.9399719238281 239.51849365234375 -549.5877685546875
v -335.4512023925781 233.8100128173828 -540.6560668945312
v -321.9399719238281 238.04534912109375 -540.6560668945312
v -321.9399719238281 239.51898193359375 -540.6560668945312
v -341.5161437988281 233.8100128173828 -540.6560668945312
v -321.9394836425781 247.20159912109375 -549.4783935546875
v -317.6538391113281 233.80950927734375 -549.4783935546875
v -316.1626281738281 233.80950927734375 -549.4783935546875
v -321.9394836425781 253.34661865234375 -549.4783935546875
v -317.6533508300781 233.80950927734375 -558.4100952148438
v -321.9394836425781 247.20159912109375 -558.4100952148438
v -321.9394836425781 253.34661865234375 -558.4100952148438
v -316.1626281738281 233.80950927734375 -558.4100952148438
v -326.2261047363281 233.80950927734375 -558.4100952148438
v -321.9394836425781 220.41693115234375 -558.4100952148438
v -321.9394836425781 214.27093505859375 -558.41015625
v -327.7168273925781 233.80950927734375 -558.4100952148438
v -321.9394836425781 220.41644287109375 -549.4783935546875
v -326.2256164550781 233.80950927734375 -549.4783935546875
v -327.7168273925781 233.80950927734375 -549.4784545898438
v -321.9399719238281 214.2704315185547 -549.4784545898438
v -321.94000244140625 228.1010284423828 -140.65603637695312
v -321.94000244140625 228.1010284423828 -149.58770751953125
v -302.36480712890625 233.81004333496094 -149.58770751953125
v -302.36480712890625 233.81004333496094 -140.656005859375
v -341.51617431640625 233.81004333496094 -140.65606689453125
v -321.94000244140625 239.51901245117188 -140.65606689453125
v -321.94000244140625 239.51852416992188 -149.58773803710938
v -341.51617431640625 233.81004333496094 -149.5877685546875
v -341.51617431640625 233.81004333496094 -140.65606689453125
v -341.51617431640625 233.81004333496094 -149.5877685546875
v -321.94000244140625 228.1010284423828 -149.58770751953125
v -321.94000244140625 228.1010284423828 -140.65603637695312
v -321.94000244140625 239.51852416992188 -149.58773803710938
v -321.94000244140625 239.51901245117188 -140.65606689453125
v -302.36480712890625 233.81004333496094 -140.656005859375
v -302.36480712890625 233.81004333496094 -149.58770751953125
v -316.16265869140625 233.80953979492188 -149.4783935546875
v -316.16265869140625 233.80953979492188 -158.41009521484375
v -321.94000244140625 253.34664916992188 -158.41006469726562
v -321.94000244140625 253.34664916992188 -149.4783935546875
v -321.94000244140625 214.2704620361328 -149.47845458984375
v -327.71685791015625 233.80953979492188 -149.47842407226562
v -327.71685791015625 233.80953979492188 -158.41012573242188
v -321.93951416015625 214.27096557617188 -158.41012573242188
v -321.94000244140625 214.2704620361328 -149.47845458984375
v -321.93951416015625 214.27096557617188 -158.41012573242188
v -316.16265869140625 233.80953979492188 -158.41009521484375
v -316.16265869140625 233.80953979492188 -149.4783935546875
v -327.71685791015625 233.80953979492188 -158.41012573242188
v -327.71685791015625 233.80953979492188 -149.47842407226562
v -321.94000244140625 253.34664916992188 -149.4783935546875
v -321.94000244140625 253.34664916992188 -158.41006469726562
v -308.42974853515625 233.81004333496094 -140.65603637695312
v -321.94000244140625 229.57420349121094 -140.65603637695312
v -321.94000244140625 228.1010284423828 -140.65603637695312
v -302.36480712890625 233.81004333496094 -140.656005859375
v -321.94000244140625 229.57420349121094 -149.58773803710938
v -308.42974853515625 233.81004333496094 -149.58773803710938
v -302.36480712890625 233.81004333496094 -149.58770751953125
v -321.94000244140625 228.1010284423828 -149.58770751953125
v -321.94000244140625 238.04537963867188 -149.58773803710938
v -335.45123291015625 233.81004333496094 -149.58773803710938
v -341.51617431640625 233.81004333496094 -149.5877685546875
v -321.94000244140625 239.51852416992188 -149.58773803710938
v -335.45123291015625 233.81004333496094 -140.65603637695312
v -321.94000244140625 238.04537963867188 -140.65603637695312
v -321.94000244140625 239.51901245117188 -140.65606689453125
v -341.51617431640625 233.81004333496094 -140.65606689453125
v -321.94000244140625 247.20162963867188 -149.47842407226562
v -317.65386962890625 233.80953979492188 -149.47842407226562
v -316.16265869140625 233.80953979492188 -149.4783935546875
v -321.94000244140625 253.34664916992188 -149.4783935546875
v -317.65338134765625 233.80953979492188 -158.41009521484375
v -321.93951416015625 247.20162963867188 -158.41009521484375
v -321.94000244140625 253.34664916992188 -158.41006469726562
v -316.16265869140625 233.80953979492188 -158.41009521484375
v -326.22564697265625 233.80953979492188 -158.41009521484375
v -321.93951416015625 220.41696166992188 -158.41009521484375
v -321.93951416015625 214.27096557617188 -158.41012573242188
v -327.71685791015625 233.80953979492188 -158.41012573242188
v -321.94000244140625 220.41647338867188 -149.47842407226562
v -326.22564697265625 233.80953979492188 -149.47842407226562
v -327.71685791015625 233.80953979492188 -149.47842407226562
v -321.94000244140625 214.2704620361328 -149.47845458984375
v -321.9400329589844 228.10105895996094 259.34393310546875
v -321.9400329589844 228.10105895996094 250.4123077392578
v -302.3648681640625 233.81007385253906 250.4123077392578
v -302.3648681640625 233.81007385253906 259.3439636230469
v -341.5162048339844 233.81007385253906 259.34393310546875
v -321.9400329589844 239.5185546875 259.34393310546875
v -321.9400329589844 239.5185546875 250.4123077392578
v -341.5162048339844 233.81007385253906 250.41224670410156
v -341.5162048339844 233.81007385253906 259.34393310546875
v -341.5162048339844 233.81007385253906 250.41224670410156
v -321.9400329589844 228.10105895996094 250.4123077392578
v -321.9400329589844 228.10105895996094 259.34393310546875
v -321.9400329589844 239.5185546875 250.4123077392578
v -321.9400329589844 239.5185546875 259.34393310546875
v -302.3648681640625 233.81007385253906 259.3439636230469
v -302.3648681640625 233.81007385253906 250.4123077392578
v -316.1626892089844 233.8095703125 250.52163696289062
v -316.1626892089844 233.8095703125 241.5899200439453
v -321.9395446777344 253.3466796875 241.58999633789062
v -321.9400329589844 253.3466796875 250.52163696289062
v -321.9400329589844 214.27049255371094 250.5215606689453
v -327.7169189453125 233.8095703125 250.52163696289062
v -327.7169189453125 233.8095703125 241.5899200439453
v -321.9395446777344 214.27099609375 241.58984375
v -321.9400329589844 214.27049255371094 250.5215606689453
v -321.9395446777344 214.27099609375 241.58984375
v -316.1626892089844 233.8095703125 241.5899200439453
v -316.1626892089844 233.8095703125 250.52163696289062
v -327.7169189453125 233.8095703125 241.5899200439453
v -327.7169189453125 233.8095703125 250.52163696289062
v -321.9400329589844 253.3466796875 250.52163696289062
v -321.9395446777344 253.3466796875 241.58999633789062
v -308.4298095703125 233.81007385253906 259.34393310546875
v -321.9400329589844 229.57423400878906 259.34393310546875
v -321.9400329589844 228.10105895996094 259.34393310546875
v -302.3648681640625 233.81007385253906 259.3439636230469
v -321.9400329589844 229.57423400878906 250.41224670410156
v -308.4298095703125 233.81007385253906 250.41224670410156
v -302.3648681640625 233.81007385253906 250.4123077392578
v -321.9400329589844 228.10105895996094 250.4123077392578
v -321.9400329589844 238.04541015625 250.4123077392578
v -335.4512634277344 233.81007385253906 250.4123077392578
v -341.5162048339844 233.81007385253906 250.41224670410156
v -321.9400329589844 239.5185546875 250.4123077392578
v -335.4512634277344 233.81007385253906 259.3439636230469
v -321.9400329589844 238.04541015625 259.3439636230469
v -321.9400329589844 239.5185546875 259.34393310546875
v -341.5162048339844 233.81007385253906 259.34393310546875
v -321.9400329589844 247.20166015625 250.52163696289062
v -317.6539001464844 233.8095703125 250.5215606689453
v -316.1626892089844 233.8095703125 250.52163696289062
v -321.9400329589844 253.3466796875 250.52163696289062
v -317.6539001464844 233.8095703125 241.5899200439453
v -321.9395446777344 247.20166015625 241.5899200439453
v -321.9395446777344 253.3466796875 241.58999633789062
v -316.1626892089844 233.8095703125 241.5899200439453
v -326.2256774902344 233.8095703125 241.5899200439453
v -321.9395446777344 220.4169921875 241.5899200439453
v -321.9395446777344 214.27099609375 241.58984375
v -327.7169189453125 233.8095703125 241.5899200439453
v -321.9400329589844 220.41650390625 250.5215606689453
v -326.2256774902344 233.8095703125 250.52163696289062
v -327.7169189453125 233.8095703125 250.52163696289062
v -321.9400329589844 214.27049255371094 250.5215606689453
v -314.8681945800781 633.8104858398438 -599.8204345703125
v -314.8683166503906 633.8106079101562 600.1795654296875
v -321.9396057128906 626.7393188476562 600.1795654296875
v -321.9394836425781 626.7391967773438 -599.8204345703125
v -321.9394836425781 640.8817749023438 -599.8204345703125
v -329.0107727050781 633.8104858398438 -599.8204345703125
v -329.0108947753906 633.8106079101562 600.1795654296875
v -321.9396057128906 640.8818969726562 600.1795654296875
v -314.8681945800781 633.8104858398438 -599.8204345703125
v -321.9394836425781 626.7391967773438 -599.8204345703125
v -329.0107727050781 633.8104858398438 -599.8204345703125
v -321.9394836425781 640.8817749023438 -599.8204345703125
v -321.9396057128906 626.7393188476562 600.1795654296875
v -314.8683166503906 633.8106079101562 600.1795654296875
v -321.9396057128906 640.8818969726562 600.1795654296875
v -329.0108947753906 633.8106079101562 600.1795654296875
v -302.0312805175781 653.7177124023438 -611.3062133789062
v -302.0312805175781 613.9022827148438 -611.3062133789062
v -341.8476867675781 613.9022827148438 -611.3062133789062
v -341.8476867675781 653.7177124023438 -611.3062133789062
v -318.9409484863281 636.8085327148438 -599.8204345703125
v -318.9409484863281 630.8114624023438 -599.8204345703125
v -318.9409484863281 630.8114624023438 -606.201416015625
v -318.9409484863281 636.8085327148438 -606.201416015625
v -318.9409484863281 630.8114624023438 -599.8204345703125
v -324.9375305175781 630.8114624023438 -599.8204345703125
v -324.9375305175781 630.8114624023438 -606.201416015625
v -318.9409484863281 630.8114624023438 -606.201416015625
v -324.9375305175781 630.8114624023438 -599.8204345703125
v -324.9375305175781 636.8085327148438 -599.8204345703125
v -324.9375305175781 636.8085327148438 -606.201416015625
v -324.9375305175781 630.8114624023438 -606.201416015625
v -324.9375305175781 636.8085327148438 -599.8204345703125
v -318.9409484863281 636.8085327148438 -599.8204345703125
v -318.9409484863281 636.8085327148438 -606.201416015625
v -324.9375305175781 636.8085327148438 -606.201416015625
v -318.9409484863281 636.8085327148438 -606.201416015625
v -318.9409484863281 630.8114624023438 -606.201416015625
v -302.0312805175781 613.9022827148438 -609.7109375
v -302.0312805175781 653.7177124023438 -609.7109375
v -318.9409484863281 630.8114624023438 -606.201416015625
v -324.9375305175781 630.8114624023438 -606.201416015625
v -341.8476867675781 613.9022827148438 -609.7109375
v -302.0312805175781 613.9022827148438 -609.7109375
v -324.9375305175781 630.8114624023438 -606.201416015625
v -324.9375305175781 636.8085327148438 -606.201416015625
v -341.8476867675781 653.7177124023438 -609.7109375
v -341.8476867675781 613.9022827148438 -609.7109375
v -324.9375305175781 636.8085327148438 -606.201416015625
v -318.9409484863281 636.8085327148438 -606.201416015625
v -302.0312805175781 653.7177124023438 -609.7109375
v -341.8476867675781 653.7177124023438 -609.7109375
v -302.0312805175781 653.7177124023438 -609.7109375
v -302.0312805175781 613.9022827148438 -609.7109375
v -302.0312805175781 613.9022827148438 -611.3062133789062
v -302.0312805175781 653.7177124023438 -611.3062133789062
v -302.0312805175781 613.9022827148438 -609.7109375
v -341.8476867675781 613.9022827148438 -609.7109375
v -341.8476867675781 613.9022827148438 -611.3062133789062
v -302.0312805175781 613.9022827148438 -611.3062133789062
v -341.8476867675781 613.9022827148438 -609.7109375
v -341.8476867675781 653.7177124023438 -609.7109375
v -341.8476867675781 653.7177124023438 -611.3062133789062
v -341.8476867675781 613.9022827148438 -611.3062133789062
v -341.8476867675781 653.7177124023438 -609.7109375
v -302.0312805175781 653.7177124023438 -609.7109375
v -302.0312805175781 653.7177124023438 -611.3062133789062
v -341.8476867675781 653.7177124023438 -611.3062133789062
v -321.9399719238281 628.1005249023438 -540.6560668945312
v -321.9399719238281 628.1005249023438 -549.5877685546875
v -302.3647766113281 633.8095092773438 -549.5877685546875
v -302.3647766113281 633.8095092773438 -540.6560668945312
v -341.5166320800781 633.8095092773438 -540.6561279296875
v -321.9399719238281 639.5184936523438 -540.6561279296875
v -321.9399719238281 639.5184936523438 -549.5878295898438
v -341.5161437988281 633.8095092773438 -549.5878295898438
v -341.5166320800781 633.8095092773438 -540.6561279296875
v -341.5161437988281 633.8095092773438 -549.5878295898438
v -321.9399719238281 628.1005249023438 -549.5877685546875
v -321.9399719238281 628.1005249023438 -540.6560668945312
v -321.9399719238281 639.5184936523438 -549.5878295898438
v -321.9399719238281 639.5184936523438 -540.6561279296875
v -302.3647766113281 633.8095092773438 -540.6560668945312
v -302.3647766113281 633.8095092773438 -549.5877685546875
v -316.1626281738281 633.8095092773438 -549.4784545898438
v -316.1626281738281 633.8095092773438 -558.41015625
v -321.9394836425781 653.3466186523438 -558.41015625
v -321.9399719238281 653.3466186523438 -549.4784545898438
v -321.9394836425781 614.2704467773438 -549.478515625
v -327.7168273925781 633.8095092773438 -549.478515625
v -327.7168273925781 633.8095092773438 -558.41015625
v -321.9394836425781 614.2704467773438 -558.4102172851562
v -321.9394836425781 614.2704467773438 -549.478515625
v -321.9394836425781 614.2704467773438 -558.4102172851562
v -316.1626281738281 633.8095092773438 -558.41015625
v -316.1626281738281 633.8095092773438 -549.4784545898438
v -327.7168273925781 633.8095092773438 -558.41015625
v -327.7168273925781 633.8095092773438 -549.478515625
v -321.9399719238281 653.3466186523438 -549.4784545898438
v -321.9394836425781 653.3466186523438 -558.41015625
v -308.4297180175781 633.8095092773438 -540.6561279296875
v -321.9399719238281 629.5741577148438 -540.6561279296875
v -321.9399719238281 628.1005249023438 -540.6560668945312
v -302.3647766113281 633.8095092773438 -540.6560668945312
v -321.9399719238281 629.5741577148438 -549.5877685546875
v -308.4297180175781 633.8095092773438 -549.5877685546875
v -302.3647766113281 633.8095092773438 -549.5877685546875
v -321.9399719238281 628.1005249023438 -549.5877685546875
v -321.9399719238281 638.0448608398438 -549.5877685546875
v -335.4507141113281 633.8095092773438 -549.5877685546875
v -341.5161437988281 633.8095092773438 -549.5878295898438
v -321.9399719238281 639.5184936523438 -549.5878295898438
v -335.4512023925781 633.8095092773438 -540.6561279296875
v -321.9399719238281 638.0448608398438 -540.6561279296875
v -321.9399719238281 639.5184936523438 -540.6561279296875
v -341.5166320800781 633.8095092773438 -540.6561279296875
v -321.9399719238281 647.2011108398438 -549.4784545898438
v -317.6538391113281 633.8095092773438 -549.4784545898438
v -316.1626281738281 633.8095092773438 -549.4784545898438
v -321.9399719238281 653.3466186523438 -549.4784545898438
v -317.6538391113281 633.8095092773438 -558.41015625
v -321.9394836425781 647.2011108398438 -558.41015625
v -321.9394836425781 653.3466186523438 -558.41015625
v -316.1626281738281 633.8095092773438 -558.41015625
v -326.2256164550781 633.8095092773438 -558.41015625
v -321.9394836425781 620.4159545898438 -558.41015625
v -321.9394836425781 614.2704467773438 -558.4102172851562
v -327.7168273925781 633.8095092773438 -558.41015625
v -321.9399719238281 620.4159545898438 -549.4784545898438
v -326.2256164550781 633.8095092773438 -549.4784545898438
v -327.7168273925781 633.8095092773438 -549.478515625
v -321.9394836425781 614.2704467773438 -549.478515625
v -321.9400329589844 628.1005859375 -140.65609741210938
v -321.9400329589844 628.1005859375 -149.5877685546875
v -302.3648376464844 633.8095703125 -149.5877685546875
v -302.3648376464844 633.8095703125 -140.6560516357422
v -341.5166931152344 633.8095703125 -140.6561279296875
v -321.9400329589844 639.5185546875 -140.6561279296875
v -321.9400329589844 639.5185546875 -149.58778381347656
v -341.5162048339844 633.8095703125 -149.58782958984375
v -341.5166931152344 633.8095703125 -140.6561279296875
v -341.5162048339844 633.8095703125 -149.58782958984375
v -321.9400329589844 628.1005859375 -149.5877685546875
v -321.9400329589844 628.1005859375 -140.65609741210938
v -321.9400329589844 639.5185546875 -149.58778381347656
v -321.9400329589844 639.5185546875 -140.6561279296875
v -302.3648376464844 633.8095703125 -140.6560516357422
v -302.3648376464844 633.8095703125 -149.5877685546875
v -316.1626892089844 633.8095703125 -149.47845458984375
v -316.1626892089844 633.8095703125 -158.41014099121094
v -321.9395446777344 653.3466796875 -158.41012573242188
v -321.9400329589844 653.3466796875 -149.47845458984375
v -321.9395446777344 614.2705078125 -149.478515625
v -327.7168884277344 633.8095703125 -149.47848510742188
v -327.7168884277344 633.8095703125 -158.41018676757812
v -321.9395446777344 614.2705078125 -158.41018676757812
v -321.9395446777344 614.2705078125 -149.478515625
v -321.9395446777344 614.2705078125 -158.41018676757812
v -316.1626892089844 633.8095703125 -158.41014099121094
v -316.1626892089844 633.8095703125 -149.47845458984375
v -327.7168884277344 633.8095703125 -158.41018676757812
v -327.7168884277344 633.8095703125 -149.47848510742188
v -321.9400329589844 653.3466796875 -149.47845458984375
v -321.9395446777344 653.3466796875 -158.41012573242188
v -308.4297790527344 633.8095703125 -140.65609741210938
v -321.9400329589844 629.57421875 -140.65609741210938
v -321.9400329589844 628.1005859375 -140.65609741210938
v -302.3648376464844 633.8095703125 -140.6560516357422
v -321.9400329589844 629.57421875 -149.58778381347656
v -308.4297790527344 633.8095703125 -149.58778381347656
v -302.3648376464844 633.8095703125 -149.5877685546875
v -321.9400329589844 628.1005859375 -149.5877685546875
v -321.9400329589844 638.044921875 -149.58778381347656
v -335.4512634277344 633.8095703125 -149.58779907226562
v -341.5162048339844 633.8095703125 -149.58782958984375
v -321.9400329589844 639.5185546875 -149.58778381347656
v -335.4512634277344 633.8095703125 -140.65609741210938
v -321.9400329589844 638.044921875 -140.65609741210938
v -321.9400329589844 639.5185546875 -140.6561279296875
v -341.5166931152344 633.8095703125 -140.6561279296875
v -321.9400329589844 647.201171875 -149.47848510742188
v -317.6539001464844 633.8095703125 -149.47848510742188
v -316.1626892089844 633.8095703125 -149.47845458984375
v -321.9400329589844 653.3466796875 -149.47845458984375
v -317.6539001464844 633.8095703125 -158.41014099121094
v -321.9395446777344 647.201171875 -158.41014099121094
v -321.9395446777344 653.3466796875 -158.41012573242188
v -316.1626892089844 633.8095703125 -158.41014099121094
v -326.2256774902344 633.8095703125 -158.41014099121094
v -321.9395446777344 620.416015625 -158.41014099121094
v -321.9395446777344 614.2705078125 -158.41018676757812
v -327.7168884277344 633.8095703125 -158.41018676757812
v -321.9400329589844 620.416015625 -149.47848510742188
v -326.2256774902344 633.8095703125 -149.47848510742188
v -327.7168884277344 633.8095703125 -149.47848510742188
v -321.9395446777344 614.2705078125 -149.478515625
v -321.9400329589844 628.1005859375 259.3439025878906
v -321.9400329589844 628.1005859375 250.41221618652344
v -302.3648681640625 633.8095703125 250.41221618652344
v -302.3648681640625 633.8095703125 259.34393310546875
v -341.5162048339844 633.8095703125 259.3439025878906
v -321.9400329589844 639.5185546875 259.3439025878906
v -321.9395446777344 639.5185546875 250.41221618652344
v -341.5162048339844 633.8095703125 250.41217041015625
v -341.5162048339844 633.8095703125 259.3439025878906
v -341.5162048339844 633.8095703125 250.41217041015625
v -321.9400329589844 628.1005859375 250.41221618652344
v -321.9400329589844 628.1005859375 259.3439025878906
v -321.9395446777344 639.5185546875 250.41221618652344
v -321.9400329589844 639.5185546875 259.3439025878906
v -302.3648681640625 633.8095703125 259.34393310546875
v -302.3648681640625 633.8095703125 250.41221618652344
v -316.1626892089844 633.8095703125 250.5215301513672
v -316.1626892089844 633.8095703125 241.58985900878906
v -321.9395446777344 653.3466796875 241.58990478515625
v -321.9395446777344 653.3466796875 250.5215301513672
v -321.9395446777344 614.2705078125 250.521484375
v -327.7169189453125 633.8095703125 250.5215301513672
v -327.7169189453125 633.8095703125 241.58985900878906
v -321.9395446777344 614.2705078125 241.58978271484375
v -321.9395446777344 614.2705078125 250.521484375
v -321.9395446777344 614.2705078125 241.58978271484375
v -316.1626892089844 633.8095703125 241.58985900878906
v -316.1626892089844 633.8095703125 250.5215301513672
v -327.7169189453125 633.8095703125 241.58985900878906
v -327.7169189453125 633.8095703125 250.5215301513672
v -321.9395446777344 653.3466796875 250.5215301513672
v -321.9395446777344 653.3466796875 241.58990478515625
v -308.4298095703125 633.8095703125 259.3439025878906
v -321.9400329589844 629.57421875 259.3439025878906
v -321.9400329589844 628.1005859375 259.3439025878906
v -302.3648681640625 633.8095703125 259.34393310546875
v -321.9400329589844 629.57421875 250.41217041015625
v -308.4298095703125 633.8095703125 250.41217041015625
v -302.3648681640625 633.8095703125 250.41221618652344
v -321.9400329589844 628.1005859375 250.41221618652344
v -321.9400329589844 638.044921875 250.41221618652344
v -335.4512634277344 633.8095703125 250.41221618652344
v -341.5162048339844 633.8095703125 250.41217041015625
v -321.9395446777344 639.5185546875 250.41221618652344
v -335.4512634277344 633.8095703125 259.34393310546875
v -321.9400329589844 638.044921875 259.34393310546875
v -321.9400329589844 639.5185546875 259.3439025878906
v -341.5162048339844 633.8095703125 259.3439025878906
v -321.9395446777344 647.201171875 250.5215301513672
v -317.6534118652344 633.8095703125 250.521484375
v -316.1626892089844 633.8095703125 250.5215301513672
v -321.9395446777344 653.3466796875 250.5215301513672
v -317.6534118652344 633.8095703125 241.58985900878906
v -321.9395446777344 647.201171875 241.58985900878906
v -321.9395446777344 653.3466796875 241.58990478515625
v -316.1626892089844 633.8095703125 241.58985900878906
v -326.2256774902344 633.8095703125 241.58985900878906
v -321.9395446777344 620.416015625 241.58985900878906
v -321.9395446777344 614.2705078125 241.58978271484375
v -327.7169189453125 633.8095703125 241.58985900878906
v -321.9395446777344 620.416015625 250.521484375
v -326.2261657714844 633.8095703125 250.5215301513672
v -327.7169189453125 633.8095703125 250.5215301513672
v -321.9395446777344 614.2705078125 250.521484375
v 85.13179779052734 633.8104858398438 -599.8204345703125
v 85.1312026977539 633.8106079101562 600.1795654296875
v 78.06040954589844 626.7393188476562 600.1795654296875
v 78.06051635742188 626.7391967773438 -599.8204345703125
v 78.06051635742188 640.8817749023438 -599.8204345703125
v 70.98921966552734 633.8104858398438 -599.8204345703125
v 70.9891128540039 633.8106079101562 600.1795654296875
v 78.06040954589844 640.8818969726562 600.1795654296875
v 85.13179779052734 633.8104858398438 -599.8204345703125
v 78.06051635742188 626.7391967773438 -599.8204345703125
v 70.98921966552734 633.8104858398438 -599.8204345703125
v 78.06051635742188 640.8817749023438 -599.8204345703125
v 78.06040954589844 626.7393188476562 600.1795654296875
v 85.1312026977539 633.8106079101562 600.1795654296875
v 78.06040954589844 640.8818969726562 600.1795654296875
v 70.9891128540039 633.8106079101562 600.1795654296875
v 97.96871185302734 653.7177124023438 -611.3062133789062
v 97.96871185302734 613.9022827148438 -611.3062133789062
v 58.152305603027344 613.9022827148438 -611.3062133789062
v 58.152305603027344 653.7177124023438 -611.3062133789062
v 81.05904388427734 636.8085327148438 -599.8204345703125
v 81.05904388427734 630.8114624023438 -599.8204345703125
v 81.05904388427734 630.8114624023438 -606.201416015625
v 81.05904388427734 636.8085327148438 -606.201416015625
v 81.05904388427734 630.8114624023438 -599.8204345703125
v 75.06246948242188 630.8114624023438 -599.8204345703125
v 75.06246948242188 630.8114624023438 -606.201416015625
v 81.05904388427734 630.8114624023438 -606.201416015625
v 75.06246948242188 630.8114624023438 -599.8204345703125
v 75.06246948242188 636.8085327148438 -599.8204345703125
v 75.06246948242188 636.8085327148438 -606.201416015625
v 75.06246948242188 630.8114624023438 -606.201416015625
v 75.06246948242188 636.8085327148438 -599.8204345703125
v 81.05904388427734 636.8085327148438 -599.8204345703125
v 81.05904388427734 636.8085327148438 -606.201416015625
v 75.06246948242188 636.8085327148438 -606.201416015625
v 81.05904388427734 636.8085327148438 -606.201416015625
v 81.05904388427734 630.8114624023438 -606.201416015625
v 97.96871185302734 613.9022827148438 -609.7109375
v 97.96871185302734 653.7177124023438 -609.7109375
v 81.05904388427734 630.8114624023438 -606.201416015625
v 75.06246948242188 630.8114624023438 -606.201416015625
v 58.152305603027344 613.9022827148438 -609.7109375
v 97.96871185302734 613.9022827148438 -609.7109375
v 75.06246948242188 630.8114624023438 -606.201416015625
v 75.06246948242188 636.8085327148438 -606.201416015625
v 58.15230178833008 653.7177124023438 -609.7109375
v 58.152305603027344 613.9022827148438 -609.7109375
v 75.06246948242188 636.8085327148438 -606.201416015625
v 81.05904388427734 636.8085327148438 -606.201416015625
v 97.96871185302734 653.7177124023438 -609.7109375
v 58.15230178833008 653.7177124023438 -609.7109375
v 97.96871185302734 653.7177124023438 -609.7109375
v 97.96871185302734 613.9022827148438 -609.7109375
v 97.96871185302734 613.9022827148438 -611.3062133789062
v 97.96871185302734 653.7177124023438 -611.3062133789062
v 97.96871185302734 613.9022827148438 -609.7109375
v 58.152305603027344 613.9022827148438 -609.7109375
v 58.152305603027344 613.9022827148438 -611.3062133789062
v 97.96871185302734 613.9022827148438 -611.3062133789062
v 58.152305603027344 613.9022827148438 -609.7109375
v 58.15230178833008 653.7177124023438 -609.7109375
v 58.152305603027344 653.7177124023438 -611.3062133789062
v 58.152305603027344 613.9022827148438 -611.3062133789062
v 58.15230178833008 653.7177124023438 -609.7109375
v 97.96871185302734 653.7177124023438 -609.7109375
v 97.96871185302734 653.7177124023438 -611.3062133789062
v 58.152305603027344 653.7177124023438 -611.3062133789062
v 78.06001281738281 628.1005249023438 -540.6560668945312
v 78.06002044677734 628.1005249023438 -549.5877685546875
v 97.63521575927734 633.8095092773438 -549.5877685546875
v 97.63520812988281 633.8095092773438 -540.6560668945312
v 58.483848571777344 633.8095092773438 -540.6561279296875
v 78.06001281738281 639.5184936523438 -540.6561279296875
v 78.06001281738281 639.5184936523438 -549.5878295898438
v 58.483848571777344 633.8095092773438 -549.5878295898438
v 58.483848571777344 633.8095092773438 -540.6561279296875
v 58.483848571777344 633.8095092773438 -549.5878295898438
v 78.06002044677734 628.1005249023438 -549.5877685546875
v 78.06001281738281 628.1005249023438 -540.6560668945312
v 78.06001281738281 639.5184936523438 -549.5878295898438
v 78.06001281738281 639.5184936523438 -540.6561279296875
v 97.63520812988281 633.8095092773438 -540.6560668945312
v 97.63521575927734 633.8095092773438 -549.5877685546875
v 83.83736419677734 633.8095092773438 -549.4784545898438
v 83.83736419677734 633.8095092773438 -558.41015625
v 78.06001281738281 653.3466186523438 -558.41015625
v 78.06001281738281 653.3466186523438 -549.4784545898438
v 78.06002044677734 614.2704467773438 -549.478515625
v 72.28267669677734 633.8095092773438 -549.478515625
v 72.28267669677734 633.8095092773438 -558.41015625
v 78.06002044677734 614.2704467773438 -558.4102172851562
v 78.06002044677734 614.2704467773438 -549.478515625
v 78.06002044677734 614.2704467773438 -558.4102172851562
v 83.83736419677734 633.8095092773438 -558.41015625
v 83.83736419677734 633.8095092773438 -549.4784545898438
v 72.28267669677734 633.8095092773438 -558.41015625
v 72.28267669677734 633.8095092773438 -549.478515625
v 78.06001281738281 653.3466186523438 -549.4784545898438
v 78.06001281738281 653.3466186523438 -558.41015625
v 91.57026672363281 633.8095092773438 -540.6561279296875
v 78.06001281738281 629.5741577148438 -540.6561279296875
v 78.06001281738281 628.1005249023438 -540.6560668945312
v 97.63520812988281 633.8095092773438 -540.6560668945312
v 78.06002044677734 629.5741577148438 -549.5877685546875
v 91.57027435302734 633.8095092773438 -549.5877685546875
v 97.63521575927734 633.8095092773438 -549.5877685546875
v 78.06002044677734 628.1005249023438 -549.5877685546875
v 78.06001281738281 638.0448608398438 -549.5877685546875
v 64.54878997802734 633.8095092773438 -549.5877685546875
v 58.483848571777344 633.8095092773438 -549.5878295898438
v 78.06001281738281 639.5184936523438 -549.5878295898438
v 64.54878234863281 633.8095092773438 -540.6561279296875
v 78.06001281738281 638.0448608398438 -540.6561279296875
v 78.06001281738281 639.5184936523438 -540.6561279296875
v 58.483848571777344 633.8095092773438 -540.6561279296875
v 78.06001281738281 647.2011108398438 -549.4784545898438
v 82.34615325927734 633.8095092773438 -549.4784545898438
v 83.83736419677734 633.8095092773438 -549.4784545898438
v 78.06001281738281 653.3466186523438 -549.4784545898438
v 82.34615325927734 633.8095092773438 -558.41015625
v 78.06001281738281 647.2011108398438 -558.41015625
v 78.06001281738281 653.3466186523438 -558.41015625
v 83.83736419677734 633.8095092773438 -558.41015625
v 73.77388763427734 633.8095092773438 -558.41015625
v 78.06002044677734 620.4169311523438 -558.41015625
v 78.06002044677734 614.2704467773438 -558.4102172851562
v 72.28267669677734 633.8095092773438 -558.41015625
v 78.06002044677734 620.4159545898438 -549.4784545898438
v 73.77388763427734 633.8095092773438 -549.4784545898438
v 72.28267669677734 633.8095092773438 -549.478515625
v 78.06002044677734 614.2704467773438 -549.478515625
v 78.05997467041016 628.1005859375 -140.65603637695312
v 78.05997467041016 628.1005859375 -149.5877227783203
v 97.63517761230469 633.8095703125 -149.5877227783203
v 97.63517761230469 633.8095703125 -140.65602111816406
v 58.48332214355469 633.8095703125 -140.6560821533203
v 78.05997467041016 639.5185546875 -140.6560821533203
v 78.05997467041016 639.5185546875 -149.58775329589844
v 58.48381042480469 633.8095703125 -149.5877685546875
v 58.48332214355469 633.8095703125 -140.6560821533203
v 58.48381042480469 633.8095703125 -149.5877685546875
v 78.05997467041016 628.1005859375 -149.5877227783203
v 78.05997467041016 628.1005859375 -140.65603637695312
v 78.05997467041016 639.5185546875 -149.58775329589844
v 78.05997467041016 639.5185546875 -140.6560821533203
v 97.63517761230469 633.8095703125 -140.65602111816406
v 97.63517761230469 633.8095703125 -149.5877227783203
v 83.83732604980469 633.8095703125 -149.4783935546875
v 83.83732604980469 633.8095703125 -158.4101104736328
v 78.05997467041016 653.3466796875 -158.4100799560547
v 78.05997467041016 653.3466796875 -149.4783935546875
v 78.05997467041016 614.2705078125 -149.47845458984375
v 72.28312683105469 633.8095703125 -149.4784393310547
v 72.28312683105469 633.8095703125 -158.41012573242188
v 78.05997467041016 614.2705078125 -158.41012573242188
v 78.05997467041016 614.2705078125 -149.47845458984375
v 78.05997467041016 614.2705078125 -158.41012573242188
v 83.83732604980469 633.8095703125 -158.4101104736328
v 83.83732604980469 633.8095703125 -149.4783935546875
v 72.28312683105469 633.8095703125 -158.41012573242188
v 72.28312683105469 633.8095703125 -149.4784393310547
v 78.05997467041016 653.3466796875 -149.4783935546875
v 78.05997467041016 653.3466796875 -158.4100799560547
v 91.57023620605469 633.8095703125 -140.65603637695312
v 78.05997467041016 629.57421875 -140.65603637695312
v 78.05997467041016 628.1005859375 -140.65603637695312
v 97.63517761230469 633.8095703125 -140.65602111816406
v 78.05997467041016 629.57421875 -149.58775329589844
v 91.57023620605469 633.8095703125 -149.58775329589844
v 97.63517761230469 633.8095703125 -149.5877227783203
v 78.05997467041016 628.1005859375 -149.5877227783203
v 78.05997467041016 638.044921875 -149.58775329589844
v 64.54875183105469 633.8095703125 -149.58775329589844
v 58.48381042480469 633.8095703125 -149.5877685546875
v 78.05997467041016 639.5185546875 -149.58775329589844
v 64.54875183105469 633.8095703125 -140.65603637695312
v 78.05997467041016 638.044921875 -140.65603637695312
v 78.05997467041016 639.5185546875 -140.6560821533203
v 58.48332214355469 633.8095703125 -140.6560821533203
v 78.05997467041016 647.201171875 -149.4784393310547
v 82.34611511230469 633.8095703125 -149.4784393310547
v 83.83732604980469 633.8095703125 -149.4783935546875
v 78.05997467041016 653.3466796875 -149.4783935546875
v 82.34611511230469 633.8095703125 -158.4101104736328
v 78.05997467041016 647.201171875 -158.4101104736328
v 78.05997467041016 653.3466796875 -158.4100799560547
v 83.83732604980469 633.8095703125 -158.4101104736328
v 73.77384948730469 633.8095703125 -158.4101104736328
v 78.05997467041016 620.4169921875 -158.4101104736328
v 78.05997467041016 614.2705078125 -158.41012573242188
v 72.28312683105469 633.8095703125 -158.41012573242188
v 78.05997467041016 620.416015625 -149.4784393310547
v 73.77384948730469 633.8095703125 -149.4784393310547
v 72.28312683105469 633.8095703125 -149.4784393310547
v 78.05997467041016 614.2705078125 -149.47845458984375
v 78.05994415283203 628.1015625 259.3439025878906
v 78.05994415283203 628.1005859375 250.4122772216797
v 97.63513946533203 633.8095703125 250.4122772216797
v 97.63513946533203 633.8095703125 259.3439636230469
v 58.4837760925293 633.8095703125 259.3439025878906
v 78.05994415283203 639.5185546875 259.3439025878906
v 78.05994415283203 639.5185546875 250.4122772216797
v 58.4837760925293 633.8095703125 250.4122314453125
v 58.4837760925293 633.8095703125 259.3439025878906
v 58.4837760925293 633.8095703125 250.4122314453125
v 78.05994415283203 628.1005859375 250.4122772216797
v 78.05994415283203 628.1015625 259.3439025878906
v 78.05994415283203 639.5185546875 250.4122772216797
v 78.05994415283203 639.5185546875 259.3439025878906
v 97.63513946533203 633.8095703125 259.3439636230469
v 97.63513946533203 633.8095703125 250.4122772216797
v 83.83729553222656 633.8095703125 250.5216064453125
v 83.83729553222656 633.8095703125 241.5899200439453
v 78.05995178222656 653.3466796875 241.5899658203125
v 78.05994415283203 653.3466796875 250.5216064453125
v 78.05994415283203 614.2705078125 250.52154541015625
v 72.28260040283203 633.8095703125 250.5216064453125
v 72.28260040283203 633.8095703125 241.5899200439453
v 78.05995178222656 614.2705078125 241.58984375
v 78.05994415283203 614.2705078125 250.52154541015625
v 78.05995178222656 614.2705078125 241.58984375
v 83.83729553222656 633.8095703125 241.5899200439453
v 83.83729553222656 633.8095703125 250.5216064453125
v 72.28260040283203 633.8095703125 241.5899200439453
v 72.28260040283203 633.8095703125 250.5216064453125
v 78.05994415283203 653.3466796875 250.5216064453125
v 78.05995178222656 653.3466796875 241.5899658203125
v 91.57020568847656 633.8095703125 259.3439025878906
v 78.05994415283203 629.57421875 259.3439025878906
v 78.05994415283203 628.1015625 259.3439025878906
v 97.63513946533203 633.8095703125 259.3439636230469
v 78.05994415283203 629.57421875 250.4122314453125
v 91.57020568847656 633.8095703125 250.4122314453125
v 97.63513946533203 633.8095703125 250.4122772216797
v 78.05994415283203 628.1005859375 250.4122772216797
v 78.05994415283203 638.044921875 250.4122772216797
v 64.54871368408203 633.8095703125 250.4122772216797
v 58.4837760925293 633.8095703125 250.4122314453125
v 78.05994415283203 639.5185546875 250.4122772216797
v 64.54871368408203 633.8095703125 259.3439636230469
v 78.05994415283203 638.044921875 259.3439636230469
v 78.05994415283203 639.5185546875 259.3439025878906
v 58.4837760925293 633.8095703125 259.3439025878906
v 78.05994415283203 647.201171875 250.5216064453125
v 82.34607696533203 633.8095703125 250.52154541015625
v 83.83729553222656 633.8095703125 250.5216064453125
v 78.05994415283203 653.3466796875 250.5216064453125
v 82.34607696533203 633.8095703125 241.5899200439453
v 78.05995178222656 647.201171875 241.5899200439453
v 78.05995178222656 653.3466796875 241.5899658203125
v 83.83729553222656 633.8095703125 241.5899200439453
v 73.77381896972656 633.8095703125 241.5899200439453
v 78.05995178222656 620.4169921875 241.5899200439453
v 78.05995178222656 614.2705078125 241.58984375
v 72.28260040283203 633.8095703125 241.5899200439453
v 78.05994415283203 620.416015625 250.52154541015625
v 73.77381896972656 633.8095703125 250.5216064453125
v 72.28260040283203 633.8095703125 250.5216064453125
v 78.05994415283203 614.2705078125 250.52154541015625
v -321.9199523925781 615.5409545898438 -534.4718627929688
v -321.9199523925781 252.95892333984375 -534.471923828125
v -314.8486633300781 252.95892333984375 -541.5429077148438
v -314.8486633300781 615.5409545898438 -541.5429077148438
v -328.9912414550781 615.5409545898438 -541.5429077148438
v -321.9199523925781 615.5409545898438 -548.614013671875
v -321.9199523925781 252.95892333984375 -548.614013671875
v -328.9912414550781 252.95892333984375 -541.5429077148438
v -320.5459289550781 605.8505249023438 -549.5037231445312
v -320.5459289550781 605.8505249023438 -533.5579833984375
v -323.2246398925781 605.8505249023438 -533.5579833984375
v -323.2246398925781 605.8505249023438 -549.5037231445312
v -321.1401672363281 627.5565795898438 -549.5037231445312
v -322.63092041015625 627.5565795898438 -549.5037231445312
v -322.63092041015625 627.5565795898438 -533.5579833984375
v -321.1401672363281 627.5565795898438 -533.5579833984375
v -320.5459289550781 605.8505249023438 -549.5037231445312
v -323.2246398925781 605.8505249023438 -549.5037231445312
v -322.63092041015625 627.5565795898438 -549.5037231445312
v -321.1401672363281 627.5565795898438 -549.5037231445312
v -323.2246398925781 605.8505249023438 -549.5037231445312
v -323.2246398925781 605.8505249023438 -533.5579833984375
v -322.63092041015625 627.5565795898438 -533.5579833984375
v -322.63092041015625 627.5565795898438 -549.5037231445312
v -323.2246398925781 605.8505249023438 -533.5579833984375
v -320.5459289550781 605.8505249023438 -533.5579833984375
v -321.1401672363281 627.5565795898438 -533.5579833984375
v -322.63092041015625 627.5565795898438 -533.5579833984375
v -320.5459289550781 605.8505249023438 -533.5579833984375
v -320.5459289550781 605.8505249023438 -549.5037231445312
v -321.1401672363281 627.5565795898438 -549.5037231445312
v -321.1401672363281 627.5565795898438 -533.5579833984375
v -320.5459289550781 242.7841033935547 -549.503662109375
v -320.5459289550781 242.7841033935547 -533.5579223632812
v -323.2246398925781 242.7841033935547 -533.5579223632812
v -323.2246398925781 242.7841033935547 -549.503662109375
v -321.1401672363281 264.49017333984375 -549.503662109375
v -322.63092041015625 264.49017333984375 -549.503662109375
v -322.63092041015625 264.49017333984375 -533.5579223632812
v -321.1401672363281 264.49017333984375 -533.5579223632812
v -320.5459289550781 242.7841033935547 -549.503662109375
v -323.2246398925781 242.7841033935547 -549.503662109375
v -322.63092041015625 264.49017333984375 -549.503662109375
v -321.1401672363281 264.49017333984375 -549.503662109375
v -323.2246398925781 242.7841033935547 -549.503662109375
v -323.2246398925781 242.7841033935547 -533.5579223632812
v -322.63092041015625 264.49017333984375 -533.5579223632812
v -322.63092041015625 264.49017333984375 -549.503662109375
v -323.2246398925781 242.7841033935547 -533.5579223632812
v -320.5459289550781 242.7841033935547 -533.5579223632812
v -321.1401672363281 264.49017333984375 -533.5579223632812
v -322.63092041015625 264.49017333984375 -533.5579223632812
v -320.5459289550781 242.7841033935547 -533.5579223632812
v -320.5459289550781 242.7841033935547 -549.503662109375
v -321.1401672363281 264.49017333984375 -549.503662109375
v -321.1401672363281 264.49017333984375 -533.5579223632812
v 58.295379638671875 233.8105010986328 -525.998046875
v -304.2866516113281 233.81048583984375 -525.9981079101562
v -304.2866516113281 226.73919677734375 -533.0691528320312
v 58.29538345336914 226.7392120361328 -533.069091796875
v 58.295379638671875 240.88177490234375 -533.069091796875
v 58.29539108276367 233.8105010986328 -540.1401977539062
v -304.2866516113281 233.81048583984375 -540.1402587890625
v -304.2866516113281 240.8817596435547 -533.0691528320312
v 48.604957580566406 232.43646240234375 -541.0298461914062
v 48.60495376586914 232.43646240234375 -525.0841064453125
v 48.60495376586914 235.1151885986328 -525.0841064453125
v 48.604957580566406 235.1151885986328 -541.0298461914062
v 70.3115005493164 233.0302276611328 -541.0298461914062
v 70.3110122680664 234.5214385986328 -541.0298461914062
v 70.3115005493164 234.5214385986328 -525.0841064453125
v 70.3115005493164 233.0302276611328 -525.0841064453125
v 48.604957580566406 232.43646240234375 -541.0298461914062
v 48.604957580566406 235.1151885986328 -541.0298461914062
v 70.3110122680664 234.5214385986328 -541.0298461914062
v 70.3115005493164 233.0302276611328 -541.0298461914062
v 48.604957580566406 235.1151885986328 -541.0298461914062
v 48.60495376586914 235.1151885986328 -525.0841064453125
v 70.3115005493164 234.5214385986328 -525.0841064453125
v 70.3110122680664 234.5214385986328 -541.0298461914062
v 48.60495376586914 235.1151885986328 -525.0841064453125
v 48.60495376586914 232.43646240234375 -525.0841064453125
v 70.3115005493164 233.0302276611328 -525.0841064453125
v 70.3115005493164 234.5214385986328 -525.0841064453125
v 48.60495376586914 232.43646240234375 -525.0841064453125
v 48.604957580566406 232.43646240234375 -541.0298461914062
v 70.3115005493164 233.0302276611328 -541.0298461914062
v 70.3115005493164 233.0302276611328 -525.0841064453125
v -314.4609680175781 232.4364471435547 -541.0299072265625
v -314.4609680175781 232.4364471435547 -525.0841674804688
v -314.4609680175781 235.11517333984375 -525.0841674804688
v -314.4609680175781 235.11517333984375 -541.0299072265625
v -292.7549133300781 233.03021240234375 -541.0299072265625
v -292.7549133300781 234.52142333984375 -541.0299072265625
v -292.7549133300781 234.52142333984375 -525.0841674804688
v -292.7549133300781 233.03021240234375 -525.0841674804688
v -314.4609680175781 232.4364471435547 -541.0299072265625
v -314.4609680175781 235.11517333984375 -541.0299072265625
v -292.7549133300781 234.52142333984375 -541.0299072265625
v -292.7549133300781 233.03021240234375 -541.0299072265625
v -314.4609680175781 235.11517333984375 -541.0299072265625
v -314.4609680175781 235.11517333984375 -525.0841674804688
v -292.7549133300781 234.52142333984375 -525.0841674804688
v -292.7549133300781 234.52142333984375 -541.0299072265625
v -314.4609680175781 235.11517333984375 -525.0841674804688
v -314.4609680175781 232.4364471435547 -525.0841674804688
v -292.7549133300781 233.03021240234375 -525.0841674804688
v -292.7549133300781 234.52142333984375 -525.0841674804688
v -314.4609680175781 232.4364471435547 -525.0841674804688
v -314.4609680175781 232.4364471435547 -541.0299072265625
v -292.7549133300781 233.03021240234375 -541.0299072265625
v -292.7549133300781 233.03021240234375 -525.0841674804688
v 78.08003997802734 615.5409545898438 -534.471923828125
v 78.0800552368164 252.9589385986328 -534.4718017578125
v 85.1513442993164 252.9589385986328 -541.5428466796875
v 85.15132904052734 615.5409545898438 -541.54296875
v 71.00875091552734 615.5409545898438 -541.54296875
v 78.08003997802734 615.5409545898438 -548.6140747070312
v 78.0800552368164 252.9589385986328 -548.6139526367188
v 71.0087661743164 252.9589385986328 -541.5428466796875
v 79.45406341552734 605.8505249023438 -549.5037231445312
v 79.45406341552734 605.8505249023438 -533.5579223632812
v 76.77535247802734 605.8505249023438 -533.5579223632812
v 76.77535247802734 605.8505249023438 -549.5037231445312
v 78.85982513427734 627.5565795898438 -549.5037231445312
v 77.36910247802734 627.5565795898438 -549.5037231445312
v 77.36909484863281 627.5565795898438 -533.5579223632812
v 78.85981750488281 627.5565795898438 -533.5579223632812
v 79.45406341552734 605.8505249023438 -549.5037231445312
v 76.77535247802734 605.8505249023438 -549.5037231445312
v 77.36910247802734 627.5565795898438 -549.5037231445312
v 78.85982513427734 627.5565795898438 -549.5037231445312
v 76.77535247802734 605.8505249023438 -549.5037231445312
v 76.77535247802734 605.8505249023438 -533.5579223632812
v 77.36909484863281 627.5565795898438 -533.5579223632812
v 77.36910247802734 627.5565795898438 -549.5037231445312
v 76.77535247802734 605.8505249023438 -533.5579223632812
v 79.45406341552734 605.8505249023438 -533.5579223632812
v 78.85981750488281 627.5565795898438 -533.5579223632812
v 77.36909484863281 627.5565795898438 -533.5579223632812
v 79.45406341552734 605.8505249023438 -533.5579223632812
v 79.45406341552734 605.8505249023438 -549.5037231445312
v 78.85982513427734 627.5565795898438 -549.5037231445312
v 78.85981750488281 627.5565795898438 -533.5579223632812
v 79.4540786743164 242.78411865234375 -549.5036010742188
v 79.4540786743164 242.78411865234375 -533.557861328125
v 76.7753677368164 242.78411865234375 -533.557861328125
v 76.7753677368164 242.78411865234375 -549.5036010742188
v 78.8598403930664 264.49017333984375 -549.5036010742188
v 77.3691177368164 264.49017333984375 -549.5036010742188
v 77.3691177368164 264.49017333984375 -533.557861328125
v 78.8598403930664 264.49017333984375 -533.557861328125
v 79.4540786743164 242.78411865234375 -549.5036010742188
v 76.7753677368164 242.78411865234375 -549.5036010742188
v 77.3691177368164 264.49017333984375 -549.5036010742188
v 78.8598403930664 264.49017333984375 -549.5036010742188
v 76.7753677368164 242.78411865234375 -549.5036010742188
v 76.7753677368164 242.78411865234375 -533.557861328125
v 77.3691177368164 264.49017333984375 -533.557861328125
v 77.3691177368164 264.49017333984375 -549.5036010742188
v 76.7753677368164 242.78411865234375 -533.557861328125
v 79.4540786743164 242.78411865234375 -533.557861328125
v 78.8598403930664 264.49017333984375 -533.557861328125
v 77.3691177368164 264.49017333984375 -533.557861328125
v 79.4540786743164 242.78411865234375 -533.557861328125
v 79.4540786743164 242.78411865234375 -549.5036010742188
v 78.8598403930664 264.49017333984375 -549.5036010742188
v 78.8598403930664 264.49017333984375 -533.557861328125
v 58.29536437988281 633.8104858398438 -525.9981689453125
v -304.2866516113281 633.8104858398438 -525.9981689453125
v -304.2866516113281 626.7391967773438 -533.0692138671875
v 58.29536437988281 626.7391967773438 -533.0692138671875
v 58.29536437988281 640.8817749023438 -533.0692138671875
v 58.295372009277344 633.8104858398438 -540.1403198242188
v -304.2866516113281 633.8104858398438 -540.1403198242188
v -304.2866516113281 640.8817749023438 -533.0692138671875
v 48.60493850708008 632.4364624023438 -541.0299682617188
v 48.60493850708008 632.4364624023438 -525.084228515625
v 48.60493850708008 635.1151733398438 -525.084228515625
v 48.60493850708008 635.1151733398438 -541.0299682617188
v 70.31147766113281 633.0302124023438 -541.0299682617188
v 70.31147766113281 634.5214233398438 -541.0299682617188
v 70.31147766113281 634.5214233398438 -525.084228515625
v 70.31147766113281 633.0302124023438 -525.084228515625
v 48.60493850708008 632.4364624023438 -541.0299682617188
v 48.60493850708008 635.1151733398438 -541.0299682617188
v 70.31147766113281 634.5214233398438 -541.0299682617188
v 70.31147766113281 633.0302124023438 -541.0299682617188
v 48.60493850708008 635.1151733398438 -541.0299682617188
v 48.60493850708008 635.1151733398438 -525.084228515625
v 70.31147766113281 634.5214233398438 -525.084228515625
v 70.31147766113281 634.5214233398438 -541.0299682617188
v 48.60493850708008 635.1151733398438 -525.084228515625
v 48.60493850708008 632.4364624023438 -525.084228515625
v 70.31147766113281 633.0302124023438 -525.084228515625
v 70.31147766113281 634.5214233398438 -525.084228515625
v 48.60493850708008 632.4364624023438 -525.084228515625
v 48.60493850708008 632.4364624023438 -541.0299682617188
v 70.31147766113281 633.0302124023438 -541.0299682617188
v 70.31147766113281 633.0302124023438 -525.084228515625
v -314.4609680175781 632.4364624023438 -541.0299682617188
v -314.4609680175781 632.4364624023438 -525.084228515625
v -314.4609680175781 635.1151733398438 -525.084228515625
v -314.4609680175781 635.1151733398438 -541.0299682617188
v -292.7549133300781 633.0302124023438 -541.0299682617188
v -292.7549133300781 634.5214233398438 -541.0299682617188
v -292.7549133300781 634.5214233398438 -525.084228515625
v -292.7549133300781 633.0302124023438 -525.084228515625
v -314.4609680175781 632.4364624023438 -541.0299682617188
v -314.4609680175781 635.1151733398438 -541.0299682617188
v -292.7549133300781 634.5214233398438 -541.0299682617188
v -292.7549133300781 633.0302124023438 -541.0299682617188
v -314.4609680175781 635.1151733398438 -541.0299682617188
v -314.4609680175781 635.1151733398438 -525.084228515625
v -292.7549133300781 634.5214233398438 -525.084228515625
v -292.7549133300781 634.5214233398438 -541.0299682617188
v -314.4609680175781 635.1151733398438 -525.084228515625
v -314.4609680175781 632.4364624023438 -525.084228515625
v -292.7549133300781 633.0302124023438 -525.084228515625
v -292.7549133300781 634.5214233398438 -525.084228515625
v -314.4609680175781 632.4364624023438 -525.084228515625
v -314.4609680175781 632.4364624023438 -541.0299682617188
v -292.7549133300781 633.0302124023438 -541.0299682617188
v -292.7549133300781 633.0302124023438 -525.084228515625
v -321.91998291015625 615.541015625 -134.47189331054688
v -321.9199523925781 252.95895385742188 -134.4718780517578
v -314.84869384765625 252.95895385742188 -141.5429229736328
v -314.8487243652344 615.541015625 -141.54293823242188
v -328.9913024902344 615.541015625 -141.54293823242188
v -321.91998291015625 615.541015625 -148.61404418945312
v -321.9199523925781 252.95895385742188 -148.61402893066406
v -328.99127197265625 252.95895385742188 -141.5429229736328
v -320.5459899902344 605.8505859375 -149.50372314453125
v -320.5459899902344 605.8505859375 -133.55796813964844
v -323.2247009277344 605.8505859375 -133.55796813964844
v -323.2247009277344 605.8505859375 -149.50372314453125
v -321.13970947265625 627.556640625 -149.5037384033203
v -322.6309509277344 627.556640625 -149.5037384033203
v -322.6309509277344 627.556640625 -133.5579833984375
v -321.13970947265625 627.556640625 -133.5579833984375
v -320.5459899902344 605.8505859375 -149.50372314453125
v -323.2247009277344 605.8505859375 -149.50372314453125
v -322.6309509277344 627.556640625 -149.5037384033203
v -321.13970947265625 627.556640625 -149.5037384033203
v -323.2247009277344 605.8505859375 -149.50372314453125
v -323.2247009277344 605.8505859375 -133.55796813964844
v -322.6309509277344 627.556640625 -133.5579833984375
v -322.6309509277344 627.556640625 -149.5037384033203
v -323.2247009277344 605.8505859375 -133.55796813964844
v -320.5459899902344 605.8505859375 -133.55796813964844
v -321.13970947265625 627.556640625 -133.5579833984375
v -322.6309509277344 627.556640625 -133.5579833984375
v -320.5459899902344 605.8505859375 -133.55796813964844
v -320.5459899902344 605.8505859375 -149.50372314453125
v -321.13970947265625 627.556640625 -149.5037384033203
v -321.13970947265625 627.556640625 -133.5579833984375
v -320.54595947265625 242.7841339111328 -149.50369262695312
v -320.54595947265625 242.7841339111328 -133.5579376220703
v -323.22467041015625 242.7841339111328 -133.5579376220703
v -323.22467041015625 242.7841339111328 -149.50369262695312
v -321.1396789550781 264.490234375 -149.5037078857422
v -322.63092041015625 264.490234375 -149.5037078857422
v -322.63092041015625 264.490234375 -133.55795288085938
v -321.1396789550781 264.490234375 -133.55795288085938
v -320.54595947265625 242.7841339111328 -149.50369262695312
v -323.22467041015625 242.7841339111328 -149.50369262695312
v -322.63092041015625 264.490234375 -149.5037078857422
v -321.1396789550781 264.490234375 -149.5037078857422
v -323.22467041015625 242.7841339111328 -149.50369262695312
v -323.22467041015625 242.7841339111328 -133.5579376220703
v -322.63092041015625 264.490234375 -133.55795288085938
v -322.63092041015625 264.490234375 -149.5037078857422
v -323.22467041015625 242.7841339111328 -133.5579376220703
v -320.54595947265625 242.7841339111328 -133.5579376220703
v -321.1396789550781 264.490234375 -133.55795288085938
v -322.63092041015625 264.490234375 -133.55795288085938
v -320.54595947265625 242.7841339111328 -133.5579376220703
v -320.54595947265625 242.7841339111328 -149.50369262695312
v -321.1396789550781 264.490234375 -149.5037078857422
v -321.1396789550781 264.490234375 -133.55795288085938
v 58.29534912109375 233.81053161621094 -125.99807739257812
v -304.28668212890625 233.81051635742188 -125.99815368652344
v -304.28668212890625 226.73922729492188 -133.06918334960938
v 58.295352935791016 226.73924255371094 -133.06910705566406
v 58.295352935791016 240.88180541992188 -133.06910705566406
v 58.295352935791016 233.81053161621094 -140.14022827148438
v -304.28668212890625 233.81051635742188 -140.14028930664062
v -304.28668212890625 240.8817901611328 -133.06918334960938
v 48.604923248291016 232.43649291992188 -141.02992248535156
v 48.60491943359375 232.43649291992188 -125.08417510986328
v 48.60491943359375 235.11521911621094 -125.08417510986328
v 48.604923248291016 235.11521911621094 -141.02992248535156
v 70.31097412109375 233.03025817871094 -141.02992248535156
v 70.31097412109375 234.52146911621094 -141.02992248535156
v 70.31097412109375 234.52146911621094 -125.08417510986328
v 70.31097412109375 233.03025817871094 -125.08417510986328
v 48.604923248291016 232.43649291992188 -141.02992248535156
v 48.604923248291016 235.11521911621094 -141.02992248535156
v 70.31097412109375 234.52146911621094 -141.02992248535156
v 70.31097412109375 233.03025817871094 -141.02992248535156
v 48.604923248291016 235.11521911621094 -141.02992248535156
v 48.60491943359375 235.11521911621094 -125.08417510986328
v 70.31097412109375 234.52146911621094 -125.08417510986328
v 70.31097412109375 234.52146911621094 -141.02992248535156
v 48.60491943359375 235.11521911621094 -125.08417510986328
v 48.60491943359375 232.43649291992188 -125.08417510986328
v 70.31097412109375 233.03025817871094 -125.08417510986328
v 70.31097412109375 234.52146911621094 -125.08417510986328
v 48.60491943359375 232.43649291992188 -125.08417510986328
v 48.604923248291016 232.43649291992188 -141.02992248535156
v 70.31097412109375 233.03025817871094 -141.02992248535156
v 70.31097412109375 233.03025817871094 -125.08417510986328
v -314.46099853515625 232.4364776611328 -141.02993774414062
v -314.46099853515625 232.4364776611328 -125.08422088623047
v -314.46099853515625 235.11520385742188 -125.08422088623047
v -314.46099853515625 235.11520385742188 -141.02993774414062
v -292.75494384765625 233.03024291992188 -141.02993774414062
v -292.75494384765625 234.52145385742188 -141.02993774414062
v -292.75494384765625 234.52145385742188 -125.08421325683594
v -292.75494384765625 233.03024291992188 -125.08421325683594
v -314.46099853515625 232.4364776611328 -141.02993774414062
v -314.46099853515625 235.11520385742188 -141.02993774414062
v -292.75494384765625 234.52145385742188 -141.02993774414062
v -292.75494384765625 233.03024291992188 -141.02993774414062
v -314.46099853515625 235.11520385742188 -141.02993774414062
v -314.46099853515625 235.11520385742188 -125.08422088623047
v -292.75494384765625 234.52145385742188 -125.08421325683594
v -292.75494384765625 234.52145385742188 -141.02993774414062
v -314.46099853515625 235.11520385742188 -125.08422088623047
v -314.46099853515625 232.4364776611328 -125.08422088623047
v -292.75494384765625 233.03024291992188 -125.08421325683594
v -292.75494384765625 234.52145385742188 -125.08421325683594
v -314.46099853515625 232.4364776611328 -125.08422088623047
v -314.46099853515625 232.4364776611328 -141.02993774414062
v -292.75494384765625 233.03024291992188 -141.02993774414062
v -292.75494384765625 233.03024291992188 -125.08421325683594
v 58.29533004760742 633.810546875 -125.99810791015625
v -304.2867126464844 633.810546875 -125.99818420410156
v -304.2867126464844 626.7392578125 -133.06922912597656
v 58.29533386230469 626.7392578125 -133.06915283203125
v 58.29533386230469 640.8818359375 -133.06915283203125
v 58.29533386230469 633.810546875 -140.1402587890625
v -304.2867126464844 633.810546875 -140.1403350830078
v -304.2867126464844 640.8818359375 -133.06922912597656
v 48.60490417480469 632.4365234375 -141.0299530029297
v 48.60490036010742 632.4365234375 -125.0842056274414
v 48.60490036010742 635.115234375 -125.0842056274414
v 48.60490417480469 635.115234375 -141.0299530029297
v 70.31095886230469 633.0302734375 -141.02993774414062
v 70.31144714355469 634.521484375 -141.02993774414062
v 70.31144714355469 634.521484375 -125.0842056274414
v 70.31095886230469 633.0302734375 -125.0842056274414
v 48.60490417480469 632.4365234375 -141.0299530029297
v 48.60490417480469 635.115234375 -141.0299530029297
v 70.31144714355469 634.521484375 -141.02993774414062
v 70.31095886230469 633.0302734375 -141.02993774414062
v 48.60490417480469 635.115234375 -141.0299530029297
v 48.60490036010742 635.115234375 -125.0842056274414
v 70.31144714355469 634.521484375 -125.0842056274414
v 70.31144714355469 634.521484375 -141.02993774414062
v 48.60490036010742 635.115234375 -125.0842056274414
v 48.60490036010742 632.4365234375 -125.0842056274414
v 70.31095886230469 633.0302734375 -125.0842056274414
v 70.31144714355469 634.521484375 -125.0842056274414
v 48.60490036010742 632.4365234375 -125.0842056274414
v 48.60490417480469 632.4365234375 -141.0299530029297
v 70.31095886230469 633.0302734375 -141.02993774414062
v 70.31095886230469 633.0302734375 -125.0842056274414
v -314.4610290527344 632.4365234375 -141.0299835205078
v -314.4610290527344 632.4365234375 -125.084228515625
v -314.4610290527344 635.115234375 -125.084228515625
v -314.4610290527344 635.115234375 -141.0299835205078
v -292.7549743652344 633.0302734375 -141.0299835205078
v -292.7549743652344 634.521484375 -141.0299835205078
v -292.7549743652344 634.521484375 -125.084228515625
v -292.7549743652344 633.0302734375 -125.084228515625
v -314.4610290527344 632.4365234375 -141.0299835205078
v -314.4610290527344 635.115234375 -141.0299835205078
v -292.7549743652344 634.521484375 -141.0299835205078
v -292.7549743652344 633.0302734375 -141.0299835205078
v -314.4610290527344 635.115234375 -141.0299835205078
v -314.4610290527344 635.115234375 -125.084228515625
v -292.7549743652344 634.521484375 -125.084228515625
v -292.7549743652344 634.521484375 -141.0299835205078
v -314.4610290527344 635.115234375 -125.084228515625
v -314.4610290527344 632.4365234375 -125.084228515625
v -292.7549743652344 633.0302734375 -125.084228515625
v -292.7549743652344 634.521484375 -125.084228515625
v -314.4610290527344 632.4365234375 -125.084228515625
v -314.4610290527344 632.4365234375 -141.0299835205078
v -292.7549743652344 633.0302734375 -141.0299835205078
v -292.7549743652344 633.0302734375 -125.084228515625
v 78.08000183105469 615.541015625 -134.47186279296875
v 78.08001708984375 252.95896911621094 -134.47186279296875
v 85.15130615234375 252.95896911621094 -141.54290771484375
v 85.15129089355469 615.541015625 -141.54290771484375
v 71.00871276855469 615.541015625 -141.54290771484375
v 78.08000183105469 615.541015625 -148.614013671875
v 78.08001708984375 252.95896911621094 -148.61399841308594
v 71.00872802734375 252.95896911621094 -141.54290771484375
v 79.45402526855469 605.8505859375 -149.50369262695312
v 79.45402526855469 605.8505859375 -133.5579376220703
v 76.77531433105469 605.8505859375 -133.5579376220703
v 76.77531433105469 605.8505859375 -149.50369262695312
v 78.85977935791016 627.556640625 -149.5037078857422
v 77.36906433105469 627.556640625 -149.5037078857422
v 77.36905670166016 627.556640625 -133.55795288085938
v 78.85977935791016 627.556640625 -133.55795288085938
v 79.45402526855469 605.8505859375 -149.50369262695312
v 76.77531433105469 605.8505859375 -149.50369262695312
v 77.36906433105469 627.556640625 -149.5037078857422
v 78.85977935791016 627.556640625 -149.5037078857422
v 76.77531433105469 605.8505859375 -149.50369262695312
v 76.77531433105469 605.8505859375 -133.5579376220703
v 77.36905670166016 627.556640625 -133.55795288085938
v 77.36906433105469 627.556640625 -149.5037078857422
v 76.77531433105469 605.8505859375 -133.5579376220703
v 79.45402526855469 605.8505859375 -133.5579376220703
v 78.85977935791016 627.556640625 -133.55795288085938
v 77.36905670166016 627.556640625 -133.55795288085938
v 79.45402526855469 605.8505859375 -133.5579376220703
v 79.45402526855469 605.8505859375 -149.50369262695312
v 78.85977935791016 627.556640625 -149.5037078857422
v 78.85977935791016 627.556640625 -133.55795288085938
v 79.45404052734375 242.78414916992188 -149.50367736816406
v 79.45404052734375 242.78414916992188 -133.55792236328125
v 76.77532958984375 242.78414916992188 -133.55792236328125
v 76.77532958984375 242.78414916992188 -149.50367736816406
v 78.85979461669922 264.490234375 -149.50369262695312
v 77.36907958984375 264.490234375 -149.50369262695312
v 77.36907196044922 264.490234375 -133.5579376220703
v 78.85979461669922 264.490234375 -133.5579376220703
v 79.45404052734375 242.78414916992188 -149.50367736816406
v 76.77532958984375 242.78414916992188 -149.50367736816406
v 77.36907958984375 264.490234375 -149.50369262695312
v 78.85979461669922 264.490234375 -149.50369262695312
v 76.77532958984375 242.78414916992188 -149.50367736816406
v 76.77532958984375 242.78414916992188 -133.55792236328125
v 77.36907196044922 264.490234375 -133.5579376220703
v 77.36907958984375 264.490234375 -149.50369262695312
v 76.77532958984375 242.78414916992188 -133.55792236328125
v 79.45404052734375 242.78414916992188 -133.55792236328125
v 78.85979461669922 264.490234375 -133.5579376220703
v 77.36907196044922 264.490234375 -133.5579376220703
v 79.45404052734375 242.78414916992188 -133.55792236328125
v 79.45404052734375 242.78414916992188 -149.50367736816406
v 78.85979461669922 264.490234375 -149.50369262695312
v 78.85979461669922 264.490234375 -133.5579376220703
v -321.9200134277344 615.541015625 265.5281066894531
v -321.9200134277344 252.95899963378906 265.5281066894531
v -314.8487243652344 252.958984375 258.4570617675781
v -314.8487243652344 615.541015625 258.4570617675781
v -328.9913024902344 615.541015625 258.4570617675781
v -321.9200134277344 615.541015625 251.3859405517578
v -321.9200134277344 252.958984375 251.3859405517578
v -328.9913024902344 252.958984375 258.45703125
v -320.5459899902344 605.8505859375 250.4962615966797
v -320.5459899902344 605.8505859375 266.4419860839844
v -323.2247314453125 605.8505859375 266.4419860839844
v -323.2247314453125 605.8505859375 250.4962615966797
v -321.1397399902344 627.556640625 250.49624633789062
v -322.6309509277344 627.556640625 250.49624633789062
v -322.6309509277344 627.556640625 266.4419860839844
v -321.1397399902344 627.556640625 266.4419860839844
v -320.5459899902344 605.8505859375 250.4962615966797
v -323.2247314453125 605.8505859375 250.4962615966797
v -322.6309509277344 627.556640625 250.49624633789062
v -321.1397399902344 627.556640625 250.49624633789062
v -323.2247314453125 605.8505859375 250.4962615966797
v -323.2247314453125 605.8505859375 266.4419860839844
v -322.6309509277344 627.556640625 266.4419860839844
v -322.6309509277344 627.556640625 250.49624633789062
v -323.2247314453125 605.8505859375 266.4419860839844
v -320.5459899902344 605.8505859375 266.4419860839844
v -321.1397399902344 627.556640625 266.4419860839844
v -322.6309509277344 627.556640625 266.4419860839844
v -320.5459899902344 605.8505859375 266.4419860839844
v -320.5459899902344 605.8505859375 250.4962615966797
v -321.1397399902344 627.556640625 250.49624633789062
v -321.1397399902344 627.556640625 266.4419860839844
v -320.5459899902344 242.78416442871094 250.4962921142578
v -320.5459899902344 242.7841796875 266.4420471191406
v -323.2247314453125 242.7841796875 266.4420471191406
v -323.2247314453125 242.78416442871094 250.4962921142578
v -321.1402587890625 264.4902648925781 250.49627685546875
v -322.6309509277344 264.4902648925781 250.49627685546875
v -322.6309509277344 264.4902648925781 266.4420471191406
v -321.1402587890625 264.4902648925781 266.4420471191406
v -320.5459899902344 242.78416442871094 250.4962921142578
v -323.2247314453125 242.78416442871094 250.4962921142578
v -322.6309509277344 264.4902648925781 250.49627685546875
v -321.1402587890625 264.4902648925781 250.49627685546875
v -323.2247314453125 242.78416442871094 250.4962921142578
v -323.2247314453125 242.7841796875 266.4420471191406
v -322.6309509277344 264.4902648925781 266.4420471191406
v -322.6309509277344 264.4902648925781 250.49627685546875
v -323.2247314453125 242.7841796875 266.4420471191406
v -320.5459899902344 242.7841796875 266.4420471191406
v -321.1402587890625 264.4902648925781 266.4420471191406
v -322.6309509277344 264.4902648925781 266.4420471191406
v -320.5459899902344 242.7841796875 266.4420471191406
v -320.5459899902344 242.78416442871094 250.4962921142578
v -321.1402587890625 264.4902648925781 250.49627685546875
v -321.1402587890625 264.4902648925781 266.4420471191406
v 58.29531478881836 233.81057739257812 274.00189208984375
v -304.2867126464844 233.81056213378906 274.00189208984375
v -304.2867126464844 226.73927307128906 266.93084716796875
v 58.29531478881836 226.73928833007812 266.93084716796875
v 58.29531478881836 240.88185119628906 266.93084716796875
v 58.29531478881836 233.81056213378906 259.8597412109375
v -304.2867126464844 233.810546875 259.8597106933594
v -304.2867126464844 240.8818359375 266.93084716796875
v 48.60488510131836 232.4365234375 258.9700622558594
v 48.60488510131836 232.43653869628906 274.9158020019531
v 48.60488510131836 235.11526489257812 274.9158020019531
v 48.60488510131836 235.11524963378906 258.9700622558594
v 70.3109359741211 233.03028869628906 258.9700622558594
v 70.3109359741211 234.52149963378906 258.9700622558594
v 70.3109359741211 234.52151489257812 274.9158020019531
v 70.3109359741211 233.03030395507812 274.9158020019531
v 48.60488510131836 232.4365234375 258.9700622558594
v 48.60488510131836 235.11524963378906 258.9700622558594
v 70.3109359741211 234.52149963378906 258.9700622558594
v 70.3109359741211 233.03028869628906 258.9700622558594
v 48.60488510131836 235.11524963378906 258.9700622558594
v 48.60488510131836 235.11526489257812 274.9158020019531
v 70.3109359741211 234.52151489257812 274.9158020019531
v 70.3109359741211 234.52149963378906 258.9700622558594
v 48.60488510131836 235.11526489257812 274.9158020019531
v 48.60488510131836 232.43653869628906 274.9158020019531
v 70.3109359741211 233.03030395507812 274.9158020019531
v 70.3109359741211 234.52151489257812 274.9158020019531
v 48.60488510131836 232.43653869628906 274.9158020019531
v 48.60488510131836 232.4365234375 258.9700622558594
v 70.3109359741211 233.03028869628906 258.9700622558594
v 70.3109359741211 233.03030395507812 274.9158020019531
v -314.4610595703125 232.43650817871094 258.9700927734375
v -314.4610595703125 232.4365234375 274.9158020019531
v -314.4610595703125 235.11524963378906 274.9158020019531
v -314.4610595703125 235.115234375 258.9700927734375
v -292.7550048828125 233.0302734375 258.97003173828125
v -292.7550048828125 234.521484375 258.97003173828125
v -292.7550048828125 234.52149963378906 274.9158020019531
v -292.7550048828125 233.03028869628906 274.9158020019531
v -314.4610595703125 232.43650817871094 258.9700927734375
v -314.4610595703125 235.115234375 258.9700927734375
v -292.7550048828125 234.521484375 258.97003173828125
v -292.7550048828125 233.0302734375 258.97003173828125
v -314.4610595703125 235.115234375 258.9700927734375
v -314.4610595703125 235.11524963378906 274.9158020019531
v -292.7550048828125 234.52149963378906 274.9158020019531
v -292.7550048828125 234.521484375 258.97003173828125
v -314.4610595703125 235.11524963378906 274.9158020019531
v -314.4610595703125 232.4365234375 274.9158020019531
v -292.7550048828125 233.03028869628906 274.9158020019531
v -292.7550048828125 234.52149963378906 274.9158020019531
v -314.4610595703125 232.4365234375 274.9158020019531
v -314.4610595703125 232.43650817871094 258.9700927734375
v -292.7550048828125 233.0302734375 258.97003173828125
v -292.7550048828125 233.03028869628906 274.9158020019531
v 78.07996368408203 615.541015625 265.52813720703125
v 78.0799789428711 252.95901489257812 265.5281066894531
v 85.15127563476562 252.95899963378906 258.4570617675781
v 85.15126037597656 615.541015625 258.45709228515625
v 71.00868225097656 615.541015625 258.45709228515625
v 78.07996368408203 615.541015625 251.385986328125
v 78.0799789428711 252.95899963378906 251.385986328125
v 71.00869750976562 252.95899963378906 258.4570617675781
v 79.45398712158203 605.8505859375 250.4962921142578
v 79.45398712158203 605.8505859375 266.4420471191406
v 76.77528381347656 605.8505859375 266.4420471191406
v 76.77528381347656 605.8505859375 250.4962921142578
v 78.85974884033203 627.556640625 250.49627685546875
v 77.36903381347656 627.556640625 250.49627685546875
v 77.36903381347656 627.556640625 266.4420471191406
v 78.85974884033203 627.556640625 266.4420471191406
v 79.45398712158203 605.8505859375 250.4962921142578
v 76.77528381347656 605.8505859375 250.4962921142578
v 77.36903381347656 627.556640625 250.49627685546875
v 78.85974884033203 627.556640625 250.49627685546875
v 76.77528381347656 605.8505859375 250.4962921142578
v 76.77528381347656 605.8505859375 266.4420471191406
v 77.36903381347656 627.556640625 266.4420471191406
v 77.36903381347656 627.556640625 250.49627685546875
v 76.77528381347656 605.8505859375 266.4420471191406
v 79.45398712158203 605.8505859375 266.4420471191406
v 78.85974884033203 627.556640625 266.4420471191406
v 77.36903381347656 627.556640625 266.4420471191406
v 79.45398712158203 605.8505859375 266.4420471191406
v 79.45398712158203 605.8505859375 250.4962921142578
v 78.85974884033203 627.556640625 250.49627685546875
v 78.85974884033203 627.556640625 266.4420471191406
v 79.4540023803711 242.7841796875 250.49632263183594
v 79.4540023803711 242.78419494628906 266.44207763671875
v 76.77529907226562 242.78419494628906 266.44207763671875
v 76.77529907226562 242.7841796875 250.49632263183594
v 78.8597640991211 264.4902648925781 250.49630737304688
v 77.36904907226562 264.4902648925781 250.49630737304688
v 77.36904907226562 264.4902648925781 266.44207763671875
v 78.8597640991211 264.4902648925781 266.44207763671875
v 79.4540023803711 242.7841796875 250.49632263183594
v 76.77529907226562 242.7841796875 250.49632263183594
v 77.36904907226562 264.4902648925781 250.49630737304688
v 78.8597640991211 264.4902648925781 250.49630737304688
v 76.77529907226562 242.7841796875 250.49632263183594
v 76.77529907226562 242.78419494628906 266.44207763671875
v 77.36904907226562 264.4902648925781 266.44207763671875
v 77.36904907226562 264.4902648925781 250.49630737304688
v 76.77529907226562 242.78419494628906 266.44207763671875
v 79.4540023803711 242.78419494628906 266.44207763671875
v 78.8597640991211 264.4902648925781 266.44207763671875
v 77.36904907226562 264.4902648925781 266.44207763671875
v 79.4540023803711 242.78419494628906 266.44207763671875
v 79.4540023803711 242.7841796875 250.49632263183594
v 78.8597640991211 264.4902648925781 250.49630737304688
v 78.8597640991211 264.4902648925781 266.44207763671875
v 58.2952995300293 633.810546875 274.00189208984375
v -304.2867126464844 633.810546875 274.0018615722656
v -304.2867126464844 626.7392578125 266.9308166503906
v 58.2952995300293 626.7392578125 266.93084716796875
v 58.2952995300293 640.8818359375 266.93084716796875
v 58.2952995300293 633.810546875 259.8597412109375
v -304.2867126464844 633.810546875 259.85968017578125
v -304.2867126464844 640.8818359375 266.9308166503906
v 48.6048698425293 632.4365234375 258.9700622558594
v 48.6048698425293 632.4365234375 274.9158020019531
v 48.6048698425293 635.115234375 274.9158020019531
v 48.6048698425293 635.115234375 258.9700622558594
v 70.31140899658203 633.0302734375 258.9700622558594
v 70.31140899658203 634.521484375 258.9700622558594
v 70.31140899658203 634.521484375 274.9158020019531
v 70.31140899658203 633.0302734375 274.9158020019531
v 48.6048698425293 632.4365234375 258.9700622558594
v 48.6048698425293 635.115234375 258.9700622558594
v 70.31140899658203 634.521484375 258.9700622558594
v 70.31140899658203 633.0302734375 258.9700622558594
v 48.6048698425293 635.115234375 258.9700622558594
v 48.6048698425293 635.115234375 274.9158020019531
v 70.31140899658203 634.521484375 274.9158020019531
v 70.31140899658203 634.521484375 258.9700622558594
v 48.6048698425293 635.115234375 274.9158020019531
v 48.6048698425293 632.4365234375 274.9158020019531
v 70.31140899658203 633.0302734375 274.9158020019531
v 70.31140899658203 634.521484375 274.9158020019531
v 48.6048698425293 632.4365234375 274.9158020019531
v 48.6048698425293 632.4365234375 258.9700622558594
v 70.31140899658203 633.0302734375 258.9700622558594
v 70.31140899658203 633.0302734375 274.9158020019531
v -314.4610595703125 632.4365234375 258.9700622558594
v -314.4610595703125 632.4365234375 274.915771484375
v -314.4610595703125 635.115234375 274.915771484375
v -314.4610595703125 635.115234375 258.9700622558594
v -292.7550048828125 633.0302734375 258.9700012207031
v -292.7550048828125 634.521484375 258.9700012207031
v -292.7550048828125 634.521484375 274.915771484375
v -292.7550048828125 633.0302734375 274.915771484375
v -314.4610595703125 632.4365234375 258.9700622558594
v -314.4610595703125 635.115234375 258.9700622558594
v -292.7550048828125 634.521484375 258.9700012207031
v -292.7550048828125 633.0302734375 258.9700012207031
v -314.4610595703125 635.115234375 258.9700622558594
v -314.4610595703125 635.115234375 274.915771484375
v -292.7550048828125 634.521484375 274.915771484375
v -292.7550048828125 634.521484375 258.9700012207031
v -314.4610595703125 635.115234375 274.915771484375
v -314.4610595703125 632.4365234375 274.915771484375
v -292.7550048828125 633.0302734375 274.915771484375
v -292.7550048828125 634.521484375 274.915771484375
v -314.4610595703125 632.4365234375 274.915771484375
v -314.4610595703125 632.4365234375 258.9700622558594
v -292.7550048828125 633.0302734375 258.9700012207031
v -292.7550048828125 633.0302734375 274.915771484375
v -1097.162353515625 243.3437042236328 -146.27850341796875
v -1097.162353515625 634.8328857421875 -537.7678833007812
v -1104.2333984375 629.8328857421875 -542.7677612304688
v -1104.2333984375 238.3436737060547 -151.2784881591797
v -1090.09130859375 238.3436737060547 -151.2784881591797
v -1097.162353515625 233.34368896484375 -156.2785186767578
v -1097.162353515625 624.8328857421875 -547.7678833007812
v -1090.09130859375 629.8328857421875 -542.7677612304688
v -1098.5361328125 239.56683349609375 -163.7598114013672
v -1098.5361328125 250.84222412109375 -152.4844512939453
v -1095.857666015625 250.84222412109375 -152.4844512939453
v -1095.857666015625 239.56683349609375 -163.7598114013672
v -1097.9423828125 224.21771240234375 -148.41111755371094
v -1096.45166015625 224.21771240234375 -148.41111755371094
v -1096.45166015625 235.49310302734375 -137.13577270507812
v -1097.9423828125 235.49310302734375 -137.13577270507812
v -1098.5361328125 239.56683349609375 -163.7598114013672
v -1095.857666015625 239.56683349609375 -163.7598114013672
v -1096.45166015625 224.21771240234375 -148.41111755371094
v -1097.9423828125 224.21771240234375 -148.41111755371094
v -1095.857666015625 239.56683349609375 -163.7598114013672
v -1095.857666015625 250.84222412109375 -152.4844512939453
v -1096.45166015625 235.49310302734375 -137.13577270507812
v -1096.45166015625 224.21771240234375 -148.41111755371094
v -1095.857666015625 250.84222412109375 -152.4844512939453
v -1098.5361328125 250.84222412109375 -152.4844512939453
v -1097.9423828125 235.49310302734375 -137.13577270507812
v -1096.45166015625 235.49310302734375 -137.13577270507812
v -1098.5361328125 250.84222412109375 -152.4844512939453
v -1098.5361328125 239.56683349609375 -163.7598114013672
v -1097.9423828125 224.21771240234375 -148.41111755371094
v -1097.9423828125 235.49310302734375 -137.13577270507812
v -1098.5361328125 631.3983154296875 -555.5914916992188
v -1098.5361328125 642.6737060546875 -544.3161010742188
v -1095.857666015625 642.6737060546875 -544.3161010742188
v -1095.857666015625 631.3983154296875 -555.5914916992188
v -1097.9423828125 616.0496826171875 -540.2427978515625
v -1096.45166015625 616.0496826171875 -540.2427978515625
v -1096.45166015625 627.3250732421875 -528.9674682617188
v -1097.9423828125 627.3250732421875 -528.9674682617188
v -1098.5361328125 631.3983154296875 -555.5914916992188
v -1095.857666015625 631.3983154296875 -555.5914916992188
v -1096.45166015625 616.0496826171875 -540.2427978515625
v -1097.9423828125 616.0496826171875 -540.2427978515625
v -1095.857666015625 631.3983154296875 -555.5914916992188
v -1095.857666015625 642.6737060546875 -544.3161010742188
v -1096.45166015625 627.3250732421875 -528.9674682617188
v -1096.45166015625 616.0496826171875 -540.2427978515625
v -1095.857666015625 642.6737060546875 -544.3161010742188
v -1098.5361328125 642.6737060546875 -544.3161010742188
v -1097.9423828125 627.3250732421875 -528.9674682617188
v -1096.45166015625 627.3250732421875 -528.9674682617188
v -1098.5361328125 642.6737060546875 -544.3161010742188
v -1098.5361328125 631.3983154296875 -555.5914916992188
v -1097.9423828125 616.0496826171875 -540.2427978515625
v -1097.9423828125 627.3250732421875 -528.9674682617188
v -333.15045166015625 623.546875 -146.2785186767578
v -333.1504211425781 232.0580291748047 -537.7677001953125
v -326.0791320800781 237.0580596923828 -542.7677001953125
v -326.0791931152344 628.546875 -151.27850341796875
v -340.2212829589844 628.546875 -151.27850341796875
v -333.15045166015625 633.546875 -156.27853393554688
v -333.1504211425781 242.05804443359375 -547.7677612304688
v -340.2217102050781 237.0580596923828 -542.7677001953125
v -331.7764587402344 627.32421875 -163.7598114013672
v -331.7764587402344 616.048828125 -152.48448181152344
v -334.4551696777344 616.048828125 -152.48448181152344
v -334.4551696777344 627.32421875 -163.7598114013672
v -332.37017822265625 642.6728515625 -148.41111755371094
v -333.8614196777344 642.6728515625 -148.41111755371094
v -333.8609313964844 631.3974609375 -137.1357879638672
v -332.37017822265625 631.3974609375 -137.1357879638672
v -331.7764587402344 627.32421875 -163.7598114013672
v -334.4551696777344 627.32421875 -163.7598114013672
v -333.8614196777344 642.6728515625 -148.41111755371094
v -332.37017822265625 642.6728515625 -148.41111755371094
v -334.4551696777344 627.32421875 -163.7598114013672
v -334.4551696777344 616.048828125 -152.48448181152344
v -333.8609313964844 631.3974609375 -137.1357879638672
v -333.8614196777344 642.6728515625 -148.41111755371094
v -334.4551696777344 616.048828125 -152.48448181152344
v -331.7764587402344 616.048828125 -152.48448181152344
v -332.37017822265625 631.3974609375 -137.1357879638672
v -333.8609313964844 631.3974609375 -137.1357879638672
v -331.7764587402344 616.048828125 -152.48448181152344
v -331.7764587402344 627.32421875 -163.7598114013672
v -332.37017822265625 642.6728515625 -148.41111755371094
v -332.37017822265625 631.3974609375 -137.1357879638672
v -331.7763977050781 235.49261474609375 -555.5913696289062
v -331.7763977050781 224.2172088623047 -544.3159790039062
v -334.4551086425781 224.21771240234375 -544.3159790039062
v -334.4551086425781 235.49261474609375 -555.5913696289062
v -332.3701477050781 250.84124755859375 -540.24267578125
v -333.8608703613281 250.84124755859375 -540.24267578125
v -333.86138916015625 239.5663299560547 -528.9674072265625
v -332.3701477050781 239.56585693359375 -528.9674072265625
v -331.7763977050781 235.49261474609375 -555.5913696289062
v -334.4551086425781 235.49261474609375 -555.5913696289062
v -333.8608703613281 250.84124755859375 -540.24267578125
v -332.3701477050781 250.84124755859375 -540.24267578125
v -334.4551086425781 235.49261474609375 -555.5913696289062
v -334.4551086425781 224.21771240234375 -544.3159790039062
v -333.86138916015625 239.5663299560547 -528.9674072265625
v -333.8608703613281 250.84124755859375 -540.24267578125
v -334.4551086425781 224.21771240234375 -544.3159790039062
v -331.7763977050781 224.2172088623047 -544.3159790039062
v -332.3701477050781 239.56585693359375 -528.9674072265625
v -333.86138916015625 239.5663299560547 -528.9674072265625
v -331.7763977050781 224.2172088623047 -544.3159790039062
v -331.7763977050781 235.49261474609375 -555.5913696289062
v -332.3701477050781 250.84124755859375 -540.24267578125
v -332.3701477050781 239.56585693359375 -528.9674072265625
v 65.43060302734375 243.34375 -146.27841186523438
v 65.43061828613281 634.8329467773438 -537.7677612304688
v 58.35933303833008 629.8329467773438 -542.7677612304688
v 58.35980224609375 238.34371948242188 -151.2783966064453
v 72.50189971923828 238.34371948242188 -151.2783966064453
v 65.43061065673828 233.34373474121094 -156.27842712402344
v 65.43062591552734 624.8329467773438 -547.7677612304688
v 72.50191497802734 629.8329467773438 -542.7677612304688
v 64.05658721923828 239.56736755371094 -163.75970458984375
v 64.05657958984375 250.84274291992188 -152.484375
v 66.73529052734375 250.84274291992188 -152.484375
v 66.73529815673828 239.56736755371094 -163.75970458984375
v 64.65081787109375 224.21873474121094 -148.41102600097656
v 66.14154815673828 224.21873474121094 -148.41102600097656
v 66.14154052734375 235.49363708496094 -137.13568115234375
v 64.65081024169922 235.49363708496094 -137.13568115234375
v 64.05658721923828 239.56736755371094 -163.75970458984375
v 66.73529815673828 239.56736755371094 -163.75970458984375
v 66.14154815673828 224.21873474121094 -148.41102600097656
v 64.65081787109375 224.21873474121094 -148.41102600097656
v 66.73529815673828 239.56736755371094 -163.75970458984375
v 66.73529052734375 250.84274291992188 -152.484375
v 66.14154052734375 235.49363708496094 -137.13568115234375
v 66.14154815673828 224.21873474121094 -148.41102600097656
v 66.73529052734375 250.84274291992188 -152.484375
v 64.05657958984375 250.84274291992188 -152.484375
v 64.65081024169922 235.49363708496094 -137.13568115234375
v 66.14154052734375 235.49363708496094 -137.13568115234375
v 64.05657958984375 250.84274291992188 -152.484375
v 64.05658721923828 239.56736755371094 -163.75970458984375
v 64.65081787109375 224.21873474121094 -148.41102600097656
v 64.65081024169922 235.49363708496094 -137.13568115234375
v 64.05660247802734 631.3983764648438 -555.5914306640625
v 64.05659484863281 642.6737670898438 -544.3160400390625
v 66.73530578613281 642.6737670898438 -544.3160400390625
v 66.73531341552734 631.3983764648438 -555.5914306640625
v 64.65084075927734 616.0497436523438 -540.2427368164062
v 66.14156341552734 616.0497436523438 -540.2427368164062
v 66.14155578613281 627.3251342773438 -528.9674072265625
v 64.65083312988281 627.3251342773438 -528.9674072265625
v 64.05660247802734 631.3983764648438 -555.5914306640625
v 66.73531341552734 631.3983764648438 -555.5914306640625
v 66.14156341552734 616.0497436523438 -540.2427368164062
v 64.65084075927734 616.0497436523438 -540.2427368164062
v 66.73531341552734 631.3983764648438 -555.5914306640625
v 66.73530578613281 642.6737670898438 -544.3160400390625
v 66.14155578613281 627.3251342773438 -528.9674072265625
v 66.14156341552734 616.0497436523438 -540.2427368164062
v 66.73530578613281 642.6737670898438 -544.3160400390625
v 64.05659484863281 642.6737670898438 -544.3160400390625
v 64.65083312988281 627.3251342773438 -528.9674072265625
v 66.14155578613281 627.3251342773438 -528.9674072265625
v 64.05659484863281 642.6737670898438 -544.3160400390625
v 64.05660247802734 631.3983764648438 -555.5914306640625
v 64.65084075927734 616.0497436523438 -540.2427368164062
v 64.65083312988281 627.3251342773438 -528.9674072265625
v 578.828125 235.8047332763672 393.0923767089844
v 178.8280792236328 235.80471801757812 393.0923156738281
v 172.82806396484375 229.80471801757812 387.0923156738281
v 584.8280639648438 229.80474853515625 387.0923767089844
v 572.828125 241.80474853515625 387.0923767089844
v 184.8280792236328 241.8047332763672 387.0923156738281
v 178.8280792236328 235.80471801757812 393.0923156738281
v 578.828125 235.8047332763672 393.0923767089844
v 578.828125 235.8047332763672 381.09234619140625
v 178.8280792236328 235.80471801757812 381.0923156738281
v 184.8280792236328 241.8047332763672 387.0923156738281
v 572.828125 241.80474853515625 387.0923767089844
v 584.8280639648438 229.80474853515625 387.0923767089844
v 172.82806396484375 229.80471801757812 387.0923156738281
v 178.8280792236328 235.80471801757812 381.0923156738281
v 578.828125 235.8047332763672 381.09234619140625
v 578.8280639648438 635.8047485351562 393.09234619140625
v 578.828125 235.8047332763672 393.0923767089844
v 584.8280639648438 229.80474853515625 387.0923767089844
v 584.8280029296875 641.8047485351562 387.09234619140625
v 572.8280639648438 629.8047485351562 387.09234619140625
v 572.828125 241.80474853515625 387.0923767089844
v 578.828125 235.8047332763672 393.0923767089844
v 578.8280639648438 635.8047485351562 393.09234619140625
v 578.8280639648438 635.8047485351562 381.0923156738281
v 578.828125 235.8047332763672 381.09234619140625
v 572.828125 241.80474853515625 387.0923767089844
v 572.8280639648438 629.8047485351562 387.09234619140625
v 584.8280029296875 641.8047485351562 387.09234619140625
v 584.8280639648438 229.80474853515625 387.0923767089844
v 578.828125 235.8047332763672 381.09234619140625
v 578.8280639648438 635.8047485351562 381.0923156738281
v 178.82806396484375 635.8047485351562 393.09228515625
v 578.8280639648438 635.8047485351562 393.09234619140625
v 584.8280029296875 641.8047485351562 387.09234619140625
v 172.8280487060547 641.8047485351562 387.09228515625
v 184.82806396484375 629.8047485351562 387.09228515625
v 572.8280639648438 629.8047485351562 387.09234619140625
v 578.8280639648438 635.8047485351562 393.09234619140625
v 178.82806396484375 635.8047485351562 393.09228515625
v 178.82806396484375 635.8047485351562 381.09228515625
v 578.8280639648438 635.8047485351562 381.0923156738281
v 572.8280639648438 629.8047485351562 387.09234619140625
v 184.82806396484375 629.8047485351562 387.09228515625
v 172.8280487060547 641.8047485351562 387.09228515625
v 584.8280029296875 641.8047485351562 387.09234619140625
v 578.8280639648438 635.8047485351562 381.0923156738281
v 178.82806396484375 635.8047485351562 381.09228515625
v 178.8280792236328 235.80471801757812 393.0923156738281
v 178.82806396484375 635.8047485351562 393.09228515625
v 172.8280487060547 641.8047485351562 387.09228515625
v 172.82806396484375 229.80471801757812 387.0923156738281
v 184.8280792236328 241.8047332763672 387.0923156738281
v 184.82806396484375 629.8047485351562 387.09228515625
v 178.82806396484375 635.8047485351562 393.09228515625
v 178.8280792236328 235.80471801757812 393.0923156738281
v 178.8280792236328 235.80471801757812 381.0923156738281
v 178.82806396484375 635.8047485351562 381.09228515625
v 184.82806396484375 629.8047485351562 387.09228515625
v 184.8280792236328 241.8047332763672 387.0923156738281
v 172.82806396484375 229.80471801757812 387.0923156738281
v 172.8280487060547 641.8047485351562 387.09228515625
v 178.82806396484375 635.8047485351562 381.09228515625
v 178.8280792236328 235.80471801757812 381.0923156738281
v 172.82810974121094 235.80467224121094 -12.907598495483398
v 172.8281707763672 235.80462646484375 -594.2571411132812
v 178.82815551757812 229.80465698242188 -594.2571411132812
v 178.82810974121094 229.80470275878906 -12.907597541809082
v 178.82810974121094 241.80470275878906 -12.907598495483398
v 178.82815551757812 241.80465698242188 -594.2571411132812
v 172.8281707763672 235.80462646484375 -594.2571411132812
v 172.82810974121094 235.80467224121094 -12.907598495483398
v 184.82810974121094 235.8046875 -12.907597541809082
v 184.8281707763672 235.8046417236328 -594.2571411132812
v 178.82815551757812 241.80465698242188 -594.2571411132812
v 178.82810974121094 241.80470275878906 -12.907598495483398
v 178.82810974121094 229.80470275878906 -12.907597541809082
v 178.82815551757812 229.80465698242188 -594.2571411132812
v 184.8281707763672 235.8046417236328 -594.2571411132812
v 184.82810974121094 235.8046875 -12.907597541809082
v 178.82815551757812 241.80465698242188 -594.2571411132812
v 184.8281707763672 235.8046417236328 -594.2571411132812
v 178.82815551757812 229.80465698242188 -594.2571411132812
v 172.8281707763672 235.80462646484375 -594.2571411132812
v 178.82810974121094 241.80470275878906 -12.907598495483398
v 172.82810974121094 235.80467224121094 -12.907598495483398
v 178.82810974121094 229.80470275878906 -12.907597541809082
v 184.82810974121094 235.8046875 -12.907597541809082
v 184.8280792236328 235.80471801757812 387.0924072265625
v 178.8280792236328 229.8047332763672 387.0924072265625
v 178.8280792236328 241.8047332763672 387.0924072265625
v 184.8280792236328 235.80471801757812 387.0924072265625
v 172.82806396484375 235.80470275878906 387.0924072265625
v 178.8280792236328 241.8047332763672 387.0924072265625
v 178.8280792236328 229.8047332763672 387.0924072265625
v 172.82806396484375 235.80470275878906 387.0924072265625
v 178.8280792236328 241.8047332763672 387.0924072265625
v 172.82806396484375 235.80470275878906 387.0924072265625
v 178.8280792236328 229.8047332763672 387.0924072265625
v 184.8280792236328 235.80471801757812 387.0924072265625
v 178.82810974121094 241.80470275878906 -12.907598495483398
v 184.82810974121094 235.8046875 -12.907597541809082
v 178.82810974121094 229.80470275878906 -12.907597541809082
v 172.82810974121094 235.80467224121094 -12.907598495483398
v 184.82809448242188 635.8046875 -12.907631874084473
v 184.82806396484375 635.8047485351562 387.0923767089844
v 178.82806396484375 629.8047485351562 387.0923767089844
v 178.82809448242188 629.8046875 -12.907632827758789
v 178.82809448242188 641.8046875 -12.907633781433105
v 178.82806396484375 641.8047485351562 387.0923767089844
v 184.82806396484375 635.8047485351562 387.0923767089844
v 184.82809448242188 635.8046875 -12.907631874084473
v 172.82809448242188 635.8046875 -12.907632827758789
v 172.8280487060547 635.8047485351562 387.0923767089844
v 178.82806396484375 641.8047485351562 387.0923767089844
v 178.82809448242188 641.8046875 -12.907633781433105
v 178.82809448242188 629.8046875 -12.907632827758789
v 178.82806396484375 629.8047485351562 387.0923767089844
v 172.8280487060547 635.8047485351562 387.0923767089844
v 172.82809448242188 635.8046875 -12.907632827758789
v 178.82806396484375 641.8047485351562 387.0923767089844
v 172.8280487060547 635.8047485351562 387.0923767089844
v 178.82806396484375 629.8047485351562 387.0923767089844
v 184.82806396484375 635.8047485351562 387.0923767089844
v 178.82809448242188 641.8046875 -12.907633781433105
v 184.82809448242188 635.8046875 -12.907631874084473
v 178.82809448242188 629.8046875 -12.907632827758789
v 172.82809448242188 635.8046875 -12.907632827758789
v 584.828125 635.8046875 -12.907597541809082
v 584.8280029296875 635.8047485351562 387.0924072265625
v 578.8280639648438 629.8047485351562 387.0924072265625
v 578.828125 629.8046875 -12.907597541809082
v 578.828125 641.8046875 -12.907598495483398
v 578.8280639648438 641.8047485351562 387.0924072265625
v 584.8280029296875 635.8047485351562 387.0924072265625
v 584.828125 635.8046875 -12.907597541809082
v 572.828125 635.8046875 -12.907598495483398
v 572.8280639648438 635.8047485351562 387.0924072265625
v 578.8280639648438 641.8047485351562 387.0924072265625
v 578.828125 641.8046875 -12.907598495483398
v 578.828125 629.8046875 -12.907597541809082
v 578.8280639648438 629.8047485351562 387.0924072265625
v 572.8280639648438 635.8047485351562 387.0924072265625
v 572.828125 635.8046875 -12.907598495483398
v 578.8280639648438 641.8047485351562 387.0924072265625
v 572.8280639648438 635.8047485351562 387.0924072265625
v 578.8280639648438 629.8047485351562 387.0924072265625
v 584.8280029296875 635.8047485351562 387.0924072265625
v 578.828125 641.8046875 -12.907598495483398
v 584.828125 635.8046875 -12.907597541809082
v 578.828125 629.8046875 -12.907597541809082
v 572.828125 635.8046875 -12.907598495483398
v 178.82809448242188 635.8046875 -7.945841312408447
v 578.828125 635.8046875 -7.945805549621582
v 584.828125 641.8046875 -13.945805549621582
v 172.82809448242188 641.8046875 -13.945840835571289
v 184.82809448242188 629.8046875 -13.945839881896973
v 572.828125 629.8046875 -13.945806503295898
v 578.828125 635.8046875 -7.945805549621582
v 178.82809448242188 635.8046875 -7.945841312408447
v 178.82809448242188 635.8046875 -19.94584083557129
v 578.828125 635.8046875 -19.945804595947266
v 572.828125 629.8046875 -13.945806503295898
v 184.82809448242188 629.8046875 -13.945839881896973
v 172.82809448242188 641.8046875 -13.945840835571289
v 584.828125 641.8046875 -13.945805549621582
v 578.828125 635.8046875 -19.945804595947266
v 178.82809448242188 635.8046875 -19.94584083557129
v 178.82810974121094 235.8046875 -7.94580602645874
v 178.82809448242188 635.8046875 -7.945841312408447
v 172.82809448242188 641.8046875 -13.945840835571289
v 172.82810974121094 229.8046875 -13.945804595947266
v 184.82810974121094 241.80470275878906 -13.945805549621582
v 184.82809448242188 629.8046875 -13.945839881896973
v 178.82809448242188 635.8046875 -7.945841312408447
v 178.82810974121094 235.8046875 -7.94580602645874
v 178.82810974121094 235.8046875 -19.9458065032959
v 178.82809448242188 635.8046875 -19.94584083557129
v 184.82809448242188 629.8046875 -13.945839881896973
v 184.82810974121094 241.80470275878906 -13.945805549621582
v 172.82810974121094 229.8046875 -13.945804595947266
v 172.82809448242188 641.8046875 -13.945840835571289
v 178.82809448242188 635.8046875 -19.94584083557129
v 178.82810974121094 235.8046875 -19.9458065032959
v 578.828125 235.80470275878906 -7.945770263671875
v 178.82810974121094 235.8046875 -7.94580602645874
v 172.82810974121094 229.8046875 -13.945804595947266
v 584.828125 229.80471801757812 -13.945769309997559
v 572.828125 241.80471801757812 -13.945772171020508
v 184.82810974121094 241.80470275878906 -13.945805549621582
v 178.82810974121094 235.8046875 -7.94580602645874
v 578.828125 235.80470275878906 -7.945770263671875
v 578.828125 235.80470275878906 -19.945770263671875
v 178.82810974121094 235.8046875 -19.9458065032959
v 184.82810974121094 241.80470275878906 -13.945805549621582
v 572.828125 241.80471801757812 -13.945772171020508
v 584.828125 229.80471801757812 -13.945769309997559
v 172.82810974121094 229.8046875 -13.945804595947266
v 178.82810974121094 235.8046875 -19.9458065032959
v 578.828125 235.80470275878906 -19.945770263671875
v 578.828125 635.8046875 -7.945805549621582
v 578.828125 235.80470275878906 -7.945770263671875
v 584.828125 229.80471801757812 -13.945769309997559
v 584.828125 641.8046875 -13.945805549621582
v 572.828125 629.8046875 -13.945806503295898
v 572.828125 241.80471801757812 -13.945772171020508
v 578.828125 235.80470275878906 -7.945770263671875
v 578.828125 635.8046875 -7.945805549621582
v 578.828125 635.8046875 -19.945804595947266
v 578.828125 235.80470275878906 -19.945770263671875
v 572.828125 241.80471801757812 -13.945772171020508
v 572.828125 629.8046875 -13.945806503295898
v 584.828125 641.8046875 -13.945805549621582
v 584.828125 229.80471801757812 -13.945769309997559
v 578.828125 235.80470275878906 -19.945770263671875
v 578.828125 635.8046875 -19.945804595947266
v 447.6526794433594 235.80960083007812 119.60746002197266
v 447.6527099609375 235.80958557128906 -13.72585678100586
v 453.6527099609375 229.80958557128906 -13.725855827331543
v 453.6526794433594 229.80960083007812 119.60746002197266
v 453.6526794433594 241.80958557128906 119.60746002197266
v 453.6527099609375 241.8095703125 -13.72585678100586
v 447.6527099609375 235.80958557128906 -13.72585678100586
v 447.6526794433594 235.80960083007812 119.60746002197266
v 459.6526794433594 235.80960083007812 119.60746002197266
v 459.6527099609375 235.80958557128906 -13.72585678100586
v 453.6527099609375 241.8095703125 -13.72585678100586
v 453.6526794433594 241.80958557128906 119.60746002197266
v 453.6526794433594 229.80960083007812 119.60746002197266
v 453.6527099609375 229.80958557128906 -13.725855827331543
v 459.6527099609375 235.80958557128906 -13.72585678100586
v 459.6526794433594 235.80960083007812 119.60746002197266
v 447.65264892578125 235.80960083007812 252.94082641601562
v 453.6526794433594 229.80960083007812 252.94082641601562
v 453.6526794433594 241.80958557128906 252.94082641601562
v 447.65264892578125 235.80960083007812 252.94082641601562
v 459.6526794433594 235.80960083007812 252.94082641601562
v 453.6526794433594 241.80958557128906 252.94082641601562
v 453.6526794433594 229.80960083007812 252.94082641601562
v 459.6526794433594 235.80960083007812 252.94082641601562
v 447.65264892578125 235.8096160888672 386.27410888671875
v 453.65264892578125 229.8096160888672 386.27410888671875
v 453.65264892578125 241.80960083007812 386.27410888671875
v 447.65264892578125 235.8096160888672 386.27410888671875
v 459.6526794433594 235.8096160888672 386.27410888671875
v 453.65264892578125 241.80960083007812 386.27410888671875
v 453.65264892578125 229.8096160888672 386.27410888671875
v 459.6526794433594 235.8096160888672 386.27410888671875
v 453.6527099609375 241.8095703125 -13.72585678100586
v 459.6527099609375 235.80958557128906 -13.72585678100586
v 453.6527099609375 229.80958557128906 -13.725855827331543
v 447.6527099609375 235.80958557128906 -13.72585678100586
v 453.65264892578125 241.80960083007812 386.27410888671875
v 447.65264892578125 235.8096160888672 386.27410888671875
v 453.65264892578125 229.8096160888672 386.27410888671875
v 459.6526794433594 235.8096160888672 386.27410888671875
v 314.31866455078125 235.80960083007812 252.94078063964844
v 314.31866455078125 235.8096160888672 386.2740783691406
v 320.31866455078125 241.80960083007812 386.2740783691406
v 320.3186950683594 241.80958557128906 252.94078063964844
v 320.3186950683594 229.80960083007812 252.94078063964844
v 320.31866455078125 229.8096160888672 386.2740783691406
v 314.31866455078125 235.8096160888672 386.2740783691406
v 314.31866455078125 235.80960083007812 252.94078063964844
v 326.3186950683594 235.80960083007812 252.94078063964844
v 326.3186950683594 235.8096160888672 386.2740783691406
v 320.31866455078125 229.8096160888672 386.2740783691406
v 320.3186950683594 229.80960083007812 252.94078063964844
v 320.3186950683594 241.80958557128906 252.94078063964844
v 320.31866455078125 241.80960083007812 386.2740783691406
v 326.3186950683594 235.8096160888672 386.2740783691406
v 326.3186950683594 235.80960083007812 252.94078063964844
v 314.3186950683594 235.80960083007812 119.6074447631836
v 320.3186950683594 241.80958557128906 119.6074447631836
v 320.3186950683594 229.80960083007812 119.6074447631836
v 314.3186950683594 235.80960083007812 119.6074447631836
v 326.3186950683594 235.80960083007812 119.6074447631836
v 320.3186950683594 229.80960083007812 119.6074447631836
v 320.3186950683594 241.80958557128906 119.6074447631836
v 326.3186950683594 235.80960083007812 119.6074447631836
v 314.3187255859375 235.80958557128906 -13.725869178771973
v 320.3187255859375 241.8095703125 -13.725868225097656
v 320.3187255859375 229.80958557128906 -13.72586727142334
v 314.3187255859375 235.80958557128906 -13.725869178771973
v 326.3187255859375 235.80958557128906 -13.725868225097656
v 320.3187255859375 229.80958557128906 -13.72586727142334
v 320.3187255859375 241.8095703125 -13.725868225097656
v 326.3187255859375 235.80958557128906 -13.725868225097656
v 320.31866455078125 229.8096160888672 386.2740783691406
v 326.3186950683594 235.8096160888672 386.2740783691406
v 320.31866455078125 241.80960083007812 386.2740783691406
v 314.31866455078125 235.8096160888672 386.2740783691406
v 320.3187255859375 229.80958557128906 -13.72586727142334
v 314.3187255859375 235.80958557128906 -13.725869178771973
v 320.3187255859375 241.8095703125 -13.725868225097656
v 326.3187255859375 235.80958557128906 -13.725868225097656
v 184.82815551757812 635.8046264648438 -594.2572021484375
v 178.82814025878906 629.8046264648438 -594.2572021484375
v 178.82814025878906 641.8046264648438 -594.2572021484375
v 184.82815551757812 635.8046264648438 -594.2572021484375
v 172.82815551757812 635.8046264648438 -594.2572021484375
v 178.82814025878906 641.8046264648438 -594.2572021484375
v 178.82814025878906 629.8046264648438 -594.2572021484375
v 172.82815551757812 635.8046264648438 -594.2572021484375
v 178.82809448242188 641.8046875 -12.907633781433105
v 172.82809448242188 635.8046875 -12.907632827758789
v 178.82809448242188 629.8046875 -12.907632827758789
v 184.82809448242188 635.8046875 -12.907631874084473
v 178.82814025878906 641.8046264648438 -594.2572021484375
v 184.82815551757812 635.8046264648438 -594.2572021484375
v 178.82814025878906 629.8046264648438 -594.2572021484375
v 172.82815551757812 635.8046264648438 -594.2572021484375
v 178.8280792236328 508.4717102050781 253.75901794433594
v 178.82806396484375 508.4717102050781 387.0924072265625
v 184.82806396484375 502.4717102050781 387.0924072265625
v 184.8280792236328 502.4717102050781 253.75901794433594
v 172.8280792236328 502.4717102050781 253.75900268554688
v 172.8280487060547 502.4717102050781 387.0924072265625
v 178.82806396484375 508.4717102050781 387.0924072265625
v 178.8280792236328 508.4717102050781 253.75901794433594
v 178.8280792236328 496.4717102050781 253.75901794433594
v 178.82806396484375 496.4717102050781 387.0924072265625
v 172.8280487060547 502.4717102050781 387.0924072265625
v 172.8280792236328 502.4717102050781 253.75900268554688
v 184.8280792236328 502.4717102050781 253.75901794433594
v 184.82806396484375 502.4717102050781 387.0924072265625
v 178.82806396484375 496.4717102050781 387.0924072265625
v 178.8280792236328 496.4717102050781 253.75901794433594
v 178.82809448242188 508.4716796875 120.42568969726562
v 184.8280792236328 502.4716796875 120.42568969726562
v 172.8280792236328 502.4716796875 120.42568969726562
v 178.82809448242188 508.4716796875 120.42568969726562
v 178.82809448242188 496.4716796875 120.42568969726562
v 172.8280792236328 502.4716796875 120.42568969726562
v 184.8280792236328 502.4716796875 120.42568969726562
v 178.82809448242188 496.4716796875 120.42568969726562
v 178.82810974121094 508.4716796875 -12.907622337341309
v 184.82810974121094 502.4716796875 -12.907620429992676
v 172.82810974121094 502.4716796875 -12.907621383666992
v 178.82810974121094 508.4716796875 -12.907622337341309
v 178.82810974121094 496.4716796875 -12.907621383666992
v 172.82810974121094 502.4716796875 -12.907621383666992
v 184.82810974121094 502.4716796875 -12.907620429992676
v 178.82810974121094 496.4716796875 -12.907621383666992
v 172.8280487060547 502.4717102050781 387.0924072265625
v 178.82806396484375 496.4717102050781 387.0924072265625
v 184.82806396484375 502.4717102050781 387.0924072265625
v 178.82806396484375 508.4717102050781 387.0924072265625
v 172.82810974121094 502.4716796875 -12.907621383666992
v 178.82810974121094 508.4716796875 -12.907622337341309
v 184.82810974121094 502.4716796875 -12.907620429992676
v 178.82810974121094 496.4716796875 -12.907621383666992
v 584.828125 235.80465698242188 -594.2571411132812
v 584.828125 235.80470275878906 -12.907563209533691
v 578.828125 229.80471801757812 -12.907562255859375
v 578.828125 229.80467224121094 -594.2571411132812
v 578.828125 241.80467224121094 -594.2571411132812
v 578.828125 241.80471801757812 -12.907563209533691
v 584.828125 235.80470275878906 -12.907563209533691
v 584.828125 235.80465698242188 -594.2571411132812
v 572.828125 235.80465698242188 -594.2571411132812
v 572.828125 235.80470275878906 -12.907564163208008
v 578.828125 241.80471801757812 -12.907563209533691
v 578.828125 241.80467224121094 -594.2571411132812
v 578.828125 229.80467224121094 -594.2571411132812
v 578.828125 229.80471801757812 -12.907562255859375
v 572.828125 235.80470275878906 -12.907564163208008
v 572.828125 235.80465698242188 -594.2571411132812
v 578.828125 241.80471801757812 -12.907563209533691
v 572.828125 235.80470275878906 -12.907564163208008
v 578.828125 229.80471801757812 -12.907562255859375
v 584.828125 235.80470275878906 -12.907563209533691
v 578.828125 241.80467224121094 -594.2571411132812
v 584.828125 235.80465698242188 -594.2571411132812
v 578.828125 229.80467224121094 -594.2571411132812
v 572.828125 235.80465698242188 -594.2571411132812
v 178.82810974121094 375.1376953125 120.42570495605469
v 178.82810974121094 375.1376953125 -12.907609939575195
v 172.82810974121094 369.1376953125 -12.907609939575195
v 172.82809448242188 369.1376953125 120.42570495605469
v 184.82809448242188 369.1376953125 120.42570495605469
v 184.82810974121094 369.1376953125 -12.907608985900879
v 178.82810974121094 375.1376953125 -12.907609939575195
v 178.82810974121094 375.1376953125 120.42570495605469
v 178.82810974121094 363.1376953125 120.42570495605469
v 178.82810974121094 363.1376953125 -12.907608985900879
v 184.82810974121094 369.1376953125 -12.907608985900879
v 184.82809448242188 369.1376953125 120.42570495605469
v 172.82809448242188 369.1376953125 120.42570495605469
v 172.82810974121094 369.1376953125 -12.907609939575195
v 178.82810974121094 363.1376953125 -12.907608985900879
v 178.82810974121094 363.1376953125 120.42570495605469
v 178.8280792236328 375.1377258300781 253.7590789794922
v 172.8280792236328 369.1377258300781 253.75906372070312
v 184.8280792236328 369.1377258300781 253.7590789794922
v 178.8280792236328 375.1377258300781 253.7590789794922
v 178.8280792236328 363.1377258300781 253.7590789794922
v 184.8280792236328 369.1377258300781 253.7590789794922
v 172.8280792236328 369.1377258300781 253.75906372070312
v 178.8280792236328 363.1377258300781 253.7590789794922
v 178.8280792236328 375.1377258300781 387.0924072265625
v 172.82806396484375 369.1377258300781 387.0924072265625
v 184.8280792236328 369.1377258300781 387.0924072265625
v 178.8280792236328 375.1377258300781 387.0924072265625
v 178.8280792236328 363.1377258300781 387.0924072265625
v 184.8280792236328 369.1377258300781 387.0924072265625
v 172.82806396484375 369.1377258300781 387.0924072265625
v 178.8280792236328 363.1377258300781 387.0924072265625
v 184.82810974121094 369.1376953125 -12.907608985900879
v 178.82810974121094 363.1376953125 -12.907608985900879
v 172.82810974121094 369.1376953125 -12.907609939575195
v 178.82810974121094 375.1376953125 -12.907609939575195
v 184.8280792236328 369.1377258300781 387.0924072265625
v 178.8280792236328 375.1377258300781 387.0924072265625
v 172.82806396484375 369.1377258300781 387.0924072265625
v 178.8280792236328 363.1377258300781 387.0924072265625
v 584.828125 635.8046264648438 -594.2572021484375
v 578.828125 629.8046264648438 -594.2572021484375
v 578.828125 641.8046264648438 -594.2572021484375
v 584.828125 635.8046264648438 -594.2572021484375
v 572.828125 635.8046264648438 -594.2572021484375
v 578.828125 641.8046264648438 -594.2572021484375
v 578.828125 629.8046264648438 -594.2572021484375
v 572.828125 635.8046264648438 -594.2572021484375
v 578.828125 641.8046875 -12.907598495483398
v 572.828125 635.8046875 -12.907598495483398
v 578.828125 629.8046875 -12.907597541809082
v 584.828125 635.8046875 -12.907597541809082
v 578.828125 641.8046264648438 -594.2572021484375
v 584.828125 635.8046264648438 -594.2572021484375
v 578.828125 629.8046264648438 -594.2572021484375
v 572.828125 635.8046264648438 -594.2572021484375
v 572.828125 235.8047332763672 387.0924377441406
v 578.828125 229.80474853515625 387.0924377441406
v 578.828125 241.80474853515625 387.0924377441406
v 572.828125 235.8047332763672 387.0924377441406
v 584.8280639648438 235.8047332763672 387.0924377441406
v 578.828125 241.80474853515625 387.0924377441406
v 578.828125 229.80474853515625 387.0924377441406
v 584.8280639648438 235.8047332763672 387.0924377441406
v 578.828125 241.80471801757812 -12.907563209533691
v 584.828125 235.80470275878906 -12.907563209533691
v 578.828125 229.80471801757812 -12.907562255859375
v 572.828125 235.80470275878906 -12.907564163208008
v 578.828125 241.80474853515625 387.0924377441406
v 572.828125 235.8047332763672 387.0924377441406
v 578.828125 229.80474853515625 387.0924377441406
v 584.8280639648438 235.8047332763672 387.0924377441406
v 178.82810974121094 369.13671875 126.42565155029297
v 178.82809448242188 502.4726257324219 126.4256362915039
v 172.8280792236328 502.4726257324219 120.42562866210938
v 172.82809448242188 369.13671875 120.42564392089844
v 184.82809448242188 369.13671875 120.42564392089844
v 184.8280792236328 502.4726257324219 120.42562866210938
v 178.82809448242188 502.4726257324219 126.4256362915039
v 178.82810974121094 369.13671875 126.42565155029297
v 178.82810974121094 369.13671875 114.42565155029297
v 178.82809448242188 502.4726257324219 114.4256362915039
v 184.8280792236328 502.4726257324219 120.42562866210938
v 184.82809448242188 369.13671875 120.42564392089844
v 172.82809448242188 369.13671875 120.42564392089844
v 172.8280792236328 502.4726257324219 120.42562866210938
v 178.82809448242188 502.4726257324219 114.4256362915039
v 178.82810974121094 369.13671875 114.42565155029297
v 184.8280792236328 502.4726257324219 120.42562866210938
v 178.82809448242188 502.4726257324219 114.4256362915039
v 172.8280792236328 502.4726257324219 120.42562866210938
v 178.82809448242188 502.4726257324219 126.4256362915039
v 184.82809448242188 369.13671875 120.42564392089844
v 178.82810974121094 369.13671875 126.42565155029297
v 172.82809448242188 369.13671875 120.42564392089844
v 178.82810974121094 369.13671875 114.42565155029297
v 178.8280792236328 502.47265625 259.7590026855469
v 178.8280792236328 369.1367492675781 259.7591247558594
v 184.8280792236328 369.1367492675781 253.7591552734375
v 184.8280792236328 502.47265625 253.75901794433594
v 172.8280792236328 502.47265625 253.75900268554688
v 172.8280792236328 369.1367492675781 253.75914001464844
v 178.8280792236328 369.1367492675781 259.7591247558594
v 178.8280792236328 502.47265625 259.7590026855469
v 178.8280792236328 502.47265625 247.75900268554688
v 178.8280792236328 369.1367492675781 247.75914001464844
v 172.8280792236328 369.1367492675781 253.75914001464844
v 172.8280792236328 502.47265625 253.75900268554688
v 184.8280792236328 502.47265625 253.75901794433594
v 184.8280792236328 369.1367492675781 253.7591552734375
v 178.8280792236328 369.1367492675781 247.75914001464844
v 178.8280792236328 502.47265625 247.75900268554688
v 172.8280792236328 369.1367492675781 253.75914001464844
v 178.8280792236328 369.1367492675781 247.75914001464844
v 184.8280792236328 369.1367492675781 253.7591552734375
v 178.8280792236328 369.1367492675781 259.7591247558594
v 172.8280792236328 502.47265625 253.75900268554688
v 178.8280792236328 502.47265625 259.7590026855469
v 184.8280792236328 502.47265625 253.75901794433594
v 178.8280792236328 502.47265625 247.75900268554688
v 320.3177185058594 235.80960083007812 125.60738372802734
v 453.65362548828125 235.80960083007812 125.60739135742188
v 453.65362548828125 241.80958557128906 119.6073989868164
v 320.3177185058594 241.80958557128906 119.60738372802734
v 320.3177185058594 229.80960083007812 119.60738372802734
v 453.65362548828125 229.80960083007812 119.6073989868164
v 453.65362548828125 235.80960083007812 125.60739135742188
v 320.3177185058594 235.80960083007812 125.60738372802734
v 320.3177185058594 235.80960083007812 113.60738372802734
v 453.65362548828125 235.80960083007812 113.60739135742188
v 453.65362548828125 229.80960083007812 119.6073989868164
v 320.3177185058594 229.80960083007812 119.60738372802734
v 320.3177185058594 241.80958557128906 119.60738372802734
v 453.65362548828125 241.80958557128906 119.6073989868164
v 453.65362548828125 235.80960083007812 113.60739135742188
v 320.3177185058594 235.80960083007812 113.60738372802734
v 453.65362548828125 229.80960083007812 119.6073989868164
v 453.65362548828125 235.80960083007812 113.60739135742188
v 453.65362548828125 241.80958557128906 119.6073989868164
v 453.65362548828125 235.80960083007812 125.60739135742188
v 320.3177185058594 229.80960083007812 119.60738372802734
v 320.3177185058594 235.80960083007812 125.60738372802734
v 320.3177185058594 241.80958557128906 119.60738372802734
v 320.3177185058594 235.80960083007812 113.60738372802734
v 453.65362548828125 235.80960083007812 258.94085693359375
v 320.3177185058594 235.80960083007812 258.9407043457031
v 320.3177185058594 229.80960083007812 252.94078063964844
v 453.65362548828125 229.80960083007812 252.94088745117188
v 453.65362548828125 241.80958557128906 252.94088745117188
v 320.3177185058594 241.80958557128906 252.94078063964844
v 320.3177185058594 235.80960083007812 258.9407043457031
v 453.65362548828125 235.80960083007812 258.94085693359375
v 453.65362548828125 235.80960083007812 246.94090270996094
v 320.3177185058594 235.80960083007812 246.9407501220703
v 320.3177185058594 241.80958557128906 252.94078063964844
v 453.65362548828125 241.80958557128906 252.94088745117188
v 453.65362548828125 229.80960083007812 252.94088745117188
v 320.3177185058594 229.80960083007812 252.94078063964844
v 320.3177185058594 235.80960083007812 246.9407501220703
v 453.65362548828125 235.80960083007812 246.94090270996094
v 320.3177185058594 241.80958557128906 252.94078063964844
v 320.3177185058594 235.80960083007812 246.9407501220703
v 320.3177185058594 229.80960083007812 252.94078063964844
v 320.3177185058594 235.80960083007812 258.9407043457031
v 453.65362548828125 241.80958557128906 252.94088745117188
v 453.65362548828125 235.80960083007812 258.94085693359375
v 453.65362548828125 229.80960083007812 252.94088745117188
v 453.65362548828125 235.80960083007812 246.94090270996094
v 158.9324188232422 255.45697021484375 -605.742919921875
v 198.74838256835938 255.4569854736328 -605.7428588867188
v 198.74838256835938 215.6405792236328 -605.7428588867188
v 158.93247985839844 215.64056396484375 -605.742919921875
v 175.8420867919922 238.54734802246094 -594.2571411132812
v 181.8387908935547 238.54734802246094 -594.2571411132812
v 181.8387908935547 238.54734802246094 -600.6381225585938
v 175.8420867919922 238.54734802246094 -600.6381225585938
v 181.8387908935547 238.54734802246094 -594.2571411132812
v 181.8387908935547 232.55075073242188 -594.2571411132812
v 181.8387908935547 232.55075073242188 -600.6381225585938
v 181.8387908935547 238.54734802246094 -600.6381225585938
v 181.8387908935547 232.55075073242188 -594.2571411132812
v 175.8420867919922 232.55075073242188 -594.2571411132812
v 175.8420867919922 232.55075073242188 -600.6381225585938
v 181.8387908935547 232.55075073242188 -600.6381225585938
v 175.8420867919922 232.55075073242188 -594.2571411132812
v 175.8420867919922 238.54734802246094 -594.2571411132812
v 175.8420867919922 238.54734802246094 -600.6381225585938
v 175.8420867919922 232.55075073242188 -600.6381225585938
v 175.8420867919922 238.54734802246094 -600.6381225585938
v 181.8387908935547 238.54734802246094 -600.6381225585938
v 198.74838256835938 255.4569854736328 -604.1476440429688
v 158.9324188232422 255.45697021484375 -604.1476440429688
v 181.8387908935547 238.54734802246094 -600.6381225585938
v 181.8387908935547 232.55075073242188 -600.6381225585938
v 198.74838256835938 215.6405792236328 -604.1476440429688
v 198.74838256835938 255.4569854736328 -604.1476440429688
v 181.8387908935547 232.55075073242188 -600.6381225585938
v 175.8420867919922 232.55075073242188 -600.6381225585938
v 158.93247985839844 215.64056396484375 -604.1476440429688
v 198.74838256835938 215.6405792236328 -604.1476440429688
v 175.8420867919922 232.55075073242188 -600.6381225585938
v 175.8420867919922 238.54734802246094 -600.6381225585938
v 158.9324188232422 255.45697021484375 -604.1476440429688
v 158.93247985839844 215.64056396484375 -604.1476440429688
v 158.9324188232422 255.45697021484375 -604.1476440429688
v 198.74838256835938 255.4569854736328 -604.1476440429688
v 198.74838256835938 255.4569854736328 -605.7428588867188
v 158.9324188232422 255.45697021484375 -605.742919921875
v 198.74838256835938 255.4569854736328 -604.1476440429688
v 198.74838256835938 215.6405792236328 -604.1476440429688
v 198.74838256835938 215.6405792236328 -605.7428588867188
v 198.74838256835938 255.4569854736328 -605.7428588867188
v 198.74838256835938 215.6405792236328 -604.1476440429688
v 158.93247985839844 215.64056396484375 -604.1476440429688
v 158.93247985839844 215.64056396484375 -605.742919921875
v 198.74838256835938 215.6405792236328 -605.7428588867188
v 158.93247985839844 215.64056396484375 -604.1476440429688
v 158.9324188232422 255.45697021484375 -604.1476440429688
v 158.9324188232422 255.45697021484375 -605.742919921875
v 158.93247985839844 215.64056396484375 -605.742919921875
v 158.93240356445312 655.7499389648438 -605.7429809570312
v 198.7483673095703 655.7499389648438 -605.742919921875
v 198.7483673095703 615.9335327148438 -605.742919921875
v 158.93246459960938 615.9335327148438 -605.7429809570312
v 175.84207153320312 638.8402709960938 -594.2572021484375
v 181.83877563476562 638.8402709960938 -594.2572021484375
v 181.83877563476562 638.8402709960938 -600.63818359375
v 175.84207153320312 638.8402709960938 -600.63818359375
v 181.83877563476562 638.8402709960938 -594.2572021484375
v 181.83877563476562 632.8436889648438 -594.2572021484375
v 181.83877563476562 632.8436889648438 -600.63818359375
v 181.83877563476562 638.8402709960938 -600.63818359375
v 181.83877563476562 632.8436889648438 -594.2572021484375
v 175.84207153320312 632.8436889648438 -594.2572021484375
v 175.84207153320312 632.8436889648438 -600.63818359375
v 181.83877563476562 632.8436889648438 -600.63818359375
v 175.84207153320312 632.8436889648438 -594.2572021484375
v 175.84207153320312 638.8402709960938 -594.2572021484375
v 175.84207153320312 638.8402709960938 -600.63818359375
v 175.84207153320312 632.8436889648438 -600.63818359375
v 175.84207153320312 638.8402709960938 -600.63818359375
v 181.83877563476562 638.8402709960938 -600.63818359375
v 198.7483673095703 655.7499389648438 -604.147705078125
v 158.93240356445312 655.7499389648438 -604.147705078125
v 181.83877563476562 638.8402709960938 -600.63818359375
v 181.83877563476562 632.8436889648438 -600.63818359375
v 198.7483673095703 615.9335327148438 -604.147705078125
v 198.7483673095703 655.7499389648438 -604.147705078125
v 181.83877563476562 632.8436889648438 -600.63818359375
v 175.84207153320312 632.8436889648438 -600.63818359375
v 158.93246459960938 615.9335327148438 -604.147705078125
v 198.7483673095703 615.9335327148438 -604.147705078125
v 175.84207153320312 632.8436889648438 -600.63818359375
v 175.84207153320312 638.8402709960938 -600.63818359375
v 158.93240356445312 655.7499389648438 -604.147705078125
v 158.93246459960938 615.9335327148438 -604.147705078125
v 158.93240356445312 655.7499389648438 -604.147705078125
v 198.7483673095703 655.7499389648438 -604.147705078125
v 198.7483673095703 655.7499389648438 -605.742919921875
v 158.93240356445312 655.7499389648438 -605.7429809570312
v 198.7483673095703 655.7499389648438 -604.147705078125
v 198.7483673095703 615.9335327148438 -604.147705078125
v 198.7483673095703 615.9335327148438 -605.742919921875
v 198.7483673095703 655.7499389648438 -605.742919921875
v 198.7483673095703 615.9335327148438 -604.147705078125
v 158.93246459960938 615.9335327148438 -604.147705078125
v 158.93246459960938 615.9335327148438 -605.7429809570312
v 198.7483673095703 615.9335327148438 -605.742919921875
v 158.93246459960938 615.9335327148438 -604.147705078125
v 158.93240356445312 655.7499389648438 -604.147705078125
v 158.93240356445312 655.7499389648438 -605.7429809570312
v 158.93246459960938 615.9335327148438 -605.7429809570312
v 558.467529296875 655.0233764648438 -605.742919921875
v 598.2835083007812 655.0233764648438 -605.742919921875
v 598.2835083007812 615.2069702148438 -605.742919921875
v 558.467529296875 615.2069702148438 -605.742919921875
v 575.377197265625 638.1137084960938 -594.2572021484375
v 581.3739013671875 638.1137084960938 -594.2572021484375
v 581.3739013671875 638.1137084960938 -600.63818359375
v 575.377197265625 638.1137084960938 -600.63818359375
v 581.3739013671875 638.1137084960938 -594.2572021484375
v 581.3739013671875 632.1171264648438 -594.2572021484375
v 581.3739013671875 632.1171264648438 -600.63818359375
v 581.3739013671875 638.1137084960938 -600.63818359375
v 581.3739013671875 632.1171264648438 -594.2572021484375
v 575.377197265625 632.1171264648438 -594.2572021484375
v 575.377197265625 632.1171264648438 -600.63818359375
v 581.3739013671875 632.1171264648438 -600.63818359375
v 575.377197265625 632.1171264648438 -594.2572021484375
v 575.377197265625 638.1137084960938 -594.2572021484375
v 575.377197265625 638.1137084960938 -600.63818359375
v 575.377197265625 632.1171264648438 -600.63818359375
v 575.377197265625 638.1137084960938 -600.63818359375
v 581.3739013671875 638.1137084960938 -600.63818359375
v 598.2835083007812 655.0233764648438 -604.147705078125
v 558.467529296875 655.0233764648438 -604.147705078125
v 581.3739013671875 638.1137084960938 -600.63818359375
v 581.3739013671875 632.1171264648438 -600.63818359375
v 598.2835083007812 615.2069702148438 -604.147705078125
v 598.2835083007812 655.0233764648438 -604.147705078125
v 581.3739013671875 632.1171264648438 -600.63818359375
v 575.377197265625 632.1171264648438 -600.63818359375
v 558.467529296875 615.2069702148438 -604.147705078125
v 598.2835083007812 615.2069702148438 -604.147705078125
v 575.377197265625 632.1171264648438 -600.63818359375
v 575.377197265625 638.1137084960938 -600.63818359375
v 558.467529296875 655.0233764648438 -604.147705078125
v 558.467529296875 615.2069702148438 -604.147705078125
v 558.467529296875 655.0233764648438 -604.147705078125
v 598.2835083007812 655.0233764648438 -604.147705078125
v 598.2835083007812 655.0233764648438 -605.742919921875
v 558.467529296875 655.0233764648438 -605.742919921875
v 598.2835083007812 655.0233764648438 -604.147705078125
v 598.2835083007812 615.2069702148438 -604.147705078125
v 598.2835083007812 615.2069702148438 -605.742919921875
v 598.2835083007812 655.0233764648438 -605.742919921875
v 598.2835083007812 615.2069702148438 -604.147705078125
v 558.467529296875 615.2069702148438 -604.147705078125
v 558.467529296875 615.2069702148438 -605.742919921875
v 598.2835083007812 615.2069702148438 -605.742919921875
v 558.467529296875 615.2069702148438 -604.147705078125
v 558.467529296875 655.0233764648438 -604.147705078125
v 558.467529296875 655.0233764648438 -605.742919921875
v 558.467529296875 615.2069702148438 -605.742919921875
v 558.467529296875 255.45700073242188 -605.7428588867188
v 598.2835083007812 255.45700073242188 -605.7428588867188
v 598.2835083007812 215.64059448242188 -605.7428588867188
v 558.467529296875 215.64059448242188 -605.7428588867188
v 575.377197265625 238.54736328125 -594.2571411132812
v 581.3739013671875 238.54736328125 -594.2571411132812
v 581.3739013671875 238.54736328125 -600.6381225585938
v 575.377197265625 238.54736328125 -600.6381225585938
v 581.3739013671875 238.54736328125 -594.2571411132812
v 581.3739013671875 232.55076599121094 -594.2571411132812
v 581.3739013671875 232.55076599121094 -600.6381225585938
v 581.3739013671875 238.54736328125 -600.6381225585938
v 581.3739013671875 232.55076599121094 -594.2571411132812
v 575.377197265625 232.55076599121094 -594.2571411132812
v 575.377197265625 232.55076599121094 -600.6381225585938
v 581.3739013671875 232.55076599121094 -600.6381225585938
v 575.377197265625 232.55076599121094 -594.2571411132812
v 575.377197265625 238.54736328125 -594.2571411132812
v 575.377197265625 238.54736328125 -600.6381225585938
v 575.377197265625 232.55076599121094 -600.6381225585938
v 575.377197265625 238.54736328125 -600.6381225585938
v 581.3739013671875 238.54736328125 -600.6381225585938
v 598.2835083007812 255.45700073242188 -604.1476440429688
v 558.467529296875 255.45700073242188 -604.1476440429688
v 581.3739013671875 238.54736328125 -600.6381225585938
v 581.3739013671875 232.55076599121094 -600.6381225585938
v 598.2835083007812 215.64059448242188 -604.1476440429688
v 598.2835083007812 255.45700073242188 -604.1476440429688
v 581.3739013671875 232.55076599121094 -600.6381225585938
v 575.377197265625 232.55076599121094 -600.6381225585938
v 558.467529296875 215.64059448242188 -604.1476440429688
v 598.2835083007812 215.64059448242188 -604.1476440429688
v 575.377197265625 232.55076599121094 -600.6381225585938
v 575.377197265625 238.54736328125 -600.6381225585938
v 558.467529296875 255.45700073242188 -604.1476440429688
v 558.467529296875 215.64059448242188 -604.1476440429688
v 558.467529296875 255.45700073242188 -604.1476440429688
v 598.2835083007812 255.45700073242188 -604.1476440429688
v 598.2835083007812 255.45700073242188 -605.7428588867188
v 558.467529296875 255.45700073242188 -605.7428588867188
v 598.2835083007812 255.45700073242188 -604.1476440429688
v 598.2835083007812 215.64059448242188 -604.1476440429688
v 598.2835083007812 215.64059448242188 -605.7428588867188
v 598.2835083007812 255.45700073242188 -605.7428588867188
v 598.2835083007812 215.64059448242188 -604.1476440429688
v 558.467529296875 215.64059448242188 -604.1476440429688
v 558.467529296875 215.64059448242188 -605.7428588867188
v 598.2835083007812 215.64059448242188 -605.7428588867188
v 558.467529296875 215.64059448242188 -604.1476440429688
v 558.467529296875 255.45700073242188 -604.1476440429688
v 558.467529296875 255.45700073242188 -605.7428588867188
v 558.467529296875 215.64059448242188 -605.7428588867188
v 178.82815551757812 235.8046417236328 -526.4556884765625
v 178.82814025878906 635.8046264648438 -526.4557495117188
v 172.82815551757812 641.8046264648438 -532.4557495117188
v 172.8281707763672 229.8046417236328 -532.4556884765625
v 184.8281707763672 241.80465698242188 -532.4556884765625
v 184.82815551757812 629.8046264648438 -532.4557495117188
v 178.82814025878906 635.8046264648438 -526.4557495117188
v 178.82815551757812 235.8046417236328 -526.4556884765625
v 178.82815551757812 235.8046417236328 -538.4556884765625
v 178.82814025878906 635.8046264648438 -538.4557495117188
v 184.82815551757812 629.8046264648438 -532.4557495117188
v 184.8281707763672 241.80465698242188 -532.4556884765625
v 172.8281707763672 229.8046417236328 -532.4556884765625
v 172.82815551757812 641.8046264648438 -532.4557495117188
v 178.82814025878906 635.8046264648438 -538.4557495117188
v 178.82815551757812 235.8046417236328 -538.4556884765625
v 578.828125 635.8046264648438 -526.4556884765625
v 578.828125 235.80465698242188 -526.4556274414062
v 584.828125 229.80467224121094 -532.4556884765625
v 584.828125 641.8046264648438 -532.4557495117188
v 572.828125 629.8046264648438 -532.4557495117188
v 572.828125 241.80467224121094 -532.4556884765625
v 578.828125 235.80465698242188 -526.4556274414062
v 578.828125 635.8046264648438 -526.4556884765625
v 578.828125 635.8046264648438 -538.4557495117188
v 578.828125 235.80465698242188 -538.4556884765625
v 572.828125 241.80467224121094 -532.4556884765625
v 572.828125 629.8046264648438 -532.4557495117188
v 584.828125 641.8046264648438 -532.4557495117188
v 584.828125 229.80467224121094 -532.4556884765625
v 578.828125 235.80465698242188 -538.4556884765625
v 578.828125 635.8046264648438 -538.4557495117188
v 191.9158172607422 235.8046875 -26.11395835876465
v 191.9158172607422 235.8046875 -2.8339881896972656
v 178.82810974121094 222.716796875 -2.8339881896972656
v 178.82810974121094 222.7177734375 -26.11447525024414
v 178.82810974121094 248.8916015625 -26.114477157592773
v 178.82810974121094 248.892578125 -2.8339903354644775
v 191.9158172607422 235.8046875 -2.8339881896972656
v 191.9158172607422 235.8046875 -26.11395835876465
v 165.7404022216797 235.80467224121094 -26.11395835876465
v 165.7404022216797 235.80467224121094 -2.8339905738830566
v 178.82810974121094 248.892578125 -2.8339903354644775
v 178.82810974121094 248.8916015625 -26.114477157592773
v 178.82810974121094 222.7177734375 -26.11447525024414
v 178.82810974121094 222.716796875 -2.8339881896972656
v 165.7404022216797 235.80467224121094 -2.8339905738830566
v 165.7404022216797 235.80467224121094 -26.11395835876465
v 178.82810974121094 248.892578125 -2.8339903354644775
v 165.7404022216797 235.80467224121094 -2.8339905738830566
v 178.82810974121094 222.716796875 -2.8339881896972656
v 191.9158172607422 235.8046875 -2.8339881896972656
v 178.82810974121094 248.8916015625 -26.114477157592773
v 191.9158172607422 235.8046875 -26.11395835876465
v 178.82810974121094 222.7177734375 -26.11447525024414
v 165.7404022216797 235.80467224121094 -26.11395835876465
v 191.91580200195312 635.8046875 -26.11399269104004
v 191.91580200195312 635.8046875 -2.8340232372283936
v 178.82809448242188 622.716796875 -2.8340229988098145
v 178.82809448242188 622.7177734375 -26.114511489868164
v 178.82809448242188 648.8916015625 -26.114513397216797
v 178.82809448242188 648.892578125 -2.8340253829956055
v 191.91580200195312 635.8046875 -2.8340232372283936
v 191.91580200195312 635.8046875 -26.11399269104004
v 165.74038696289062 635.8046875 -26.11399269104004
v 165.74038696289062 635.8046875 -2.8340256214141846
v 178.82809448242188 648.892578125 -2.8340253829956055
v 178.82809448242188 648.8916015625 -26.114513397216797
v 178.82809448242188 622.7177734375 -26.114511489868164
v 178.82809448242188 622.716796875 -2.8340229988098145
v 165.74038696289062 635.8046875 -2.8340256214141846
v 165.74038696289062 635.8046875 -26.11399269104004
v 178.82809448242188 648.892578125 -2.8340253829956055
v 165.74038696289062 635.8046875 -2.8340256214141846
v 178.82809448242188 622.716796875 -2.8340229988098145
v 191.91580200195312 635.8046875 -2.8340232372283936
v 178.82809448242188 648.8916015625 -26.114513397216797
v 191.91580200195312 635.8046875 -26.11399269104004
v 178.82809448242188 622.7177734375 -26.114511489868164
v 165.74038696289062 635.8046875 -26.11399269104004
v 591.915771484375 635.8046875 -26.113956451416016
v 591.915771484375 635.8046875 -2.8339881896972656
v 578.828125 622.716796875 -2.8339881896972656
v 578.828125 622.7177734375 -26.114477157592773
v 578.828125 648.8916015625 -26.114479064941406
v 578.828125 648.892578125 -2.8339905738830566
v 591.915771484375 635.8046875 -2.8339881896972656
v 591.915771484375 635.8046875 -26.113956451416016
v 565.740478515625 635.8046875 -26.11395835876465
v 565.740478515625 635.8046875 -2.8339903354644775
v 578.828125 648.892578125 -2.8339905738830566
v 578.828125 648.8916015625 -26.114479064941406
v 578.828125 622.7177734375 -26.114477157592773
v 578.828125 622.716796875 -2.8339881896972656
v 565.740478515625 635.8046875 -2.8339903354644775
v 565.740478515625 635.8046875 -26.11395835876465
v 578.828125 648.892578125 -2.8339905738830566
v 565.740478515625 635.8046875 -2.8339903354644775
v 578.828125 622.716796875 -2.8339881896972656
v 591.915771484375 635.8046875 -2.8339881896972656
v 578.828125 648.8916015625 -26.114479064941406
v 591.915771484375 635.8046875 -26.113956451416016
v 578.828125 622.7177734375 -26.114477157592773
v 565.740478515625 635.8046875 -26.11395835876465
v 565.740478515625 235.80470275878906 1.4728375673294067
v 565.740478515625 235.80470275878906 -21.807100296020508
v 578.828125 222.71681213378906 -21.807096481323242
v 578.828125 222.71778869628906 1.4733587503433228
v 578.828125 248.89161682128906 1.4733563661575317
v 578.828125 248.89259338378906 -21.807098388671875
v 565.740478515625 235.80470275878906 -21.807100296020508
v 565.740478515625 235.80470275878906 1.4728375673294067
v 591.915771484375 235.80470275878906 1.4728399515151978
v 591.915771484375 235.80470275878906 -21.807096481323242
v 578.828125 248.89259338378906 -21.807098388671875
v 578.828125 248.89161682128906 1.4733563661575317
v 578.828125 222.71778869628906 1.4733587503433228
v 578.828125 222.71681213378906 -21.807096481323242
v 591.915771484375 235.80470275878906 -21.807096481323242
v 591.915771484375 235.80470275878906 1.4728399515151978
v 578.828125 248.89259338378906 -21.807098388671875
v 591.915771484375 235.80470275878906 -21.807096481323242
v 578.828125 222.71681213378906 -21.807096481323242
v 565.740478515625 235.80470275878906 -21.807100296020508
v 578.828125 248.89161682128906 1.4733563661575317
v 565.740478515625 235.80470275878906 1.4728375673294067
v 578.828125 222.71778869628906 1.4733587503433228
v 591.915771484375 235.80470275878906 1.4728399515151978
v 191.91587829589844 235.8046417236328 -546.285888671875
v 191.91587829589844 235.8046417236328 -523.0059814453125
v 178.82815551757812 222.7167510986328 -523.0059814453125
v 178.82815551757812 222.7177276611328 -546.2864990234375
v 178.82815551757812 248.8915557861328 -546.2864990234375
v 178.82815551757812 248.8925323486328 -523.0059814453125
v 191.91587829589844 235.8046417236328 -523.0059814453125
v 191.91587829589844 235.8046417236328 -546.285888671875
v 165.74046325683594 235.80462646484375 -546.285888671875
v 165.74046325683594 235.80462646484375 -523.0059814453125
v 178.82815551757812 248.8925323486328 -523.0059814453125
v 178.82815551757812 248.8915557861328 -546.2864990234375
v 178.82815551757812 222.7177276611328 -546.2864990234375
v 178.82815551757812 222.7167510986328 -523.0059814453125
v 165.74046325683594 235.80462646484375 -523.0059814453125
v 165.74046325683594 235.80462646484375 -546.285888671875
v 178.82815551757812 248.8925323486328 -523.0059814453125
v 165.74046325683594 235.80462646484375 -523.0059814453125
v 178.82815551757812 222.7167510986328 -523.0059814453125
v 191.91587829589844 235.8046417236328 -523.0059814453125
v 178.82815551757812 248.8915557861328 -546.2864990234375
v 191.91587829589844 235.8046417236328 -546.285888671875
v 178.82815551757812 222.7177276611328 -546.2864990234375
v 165.74046325683594 235.80462646484375 -546.285888671875
v 191.91586303710938 635.8046264648438 -546.2859497070312
v 191.91586303710938 635.8046264648438 -523.0060424804688
v 178.82814025878906 622.7167358398438 -523.0060424804688
v 178.82814025878906 622.7177124023438 -546.2865600585938
v 178.82814025878906 648.8915405273438 -546.2865600585938
v 178.82814025878906 648.8925170898438 -523.0060424804688
v 191.91586303710938 635.8046264648438 -523.0060424804688
v 191.91586303710938 635.8046264648438 -546.2859497070312
v 165.74044799804688 635.8046264648438 -546.2859497070312
v 165.74044799804688 635.8046264648438 -523.0060424804688
v 178.82814025878906 648.8925170898438 -523.0060424804688
v 178.82814025878906 648.8915405273438 -546.2865600585938
v 178.82814025878906 622.7177124023438 -546.2865600585938
v 178.82814025878906 622.7167358398438 -523.0060424804688
v 165.74044799804688 635.8046264648438 -523.0060424804688
v 165.74044799804688 635.8046264648438 -546.2859497070312
v 178.82814025878906 648.8925170898438 -523.0060424804688
v 165.74044799804688 635.8046264648438 -523.0060424804688
v 178.82814025878906 622.7167358398438 -523.0060424804688
v 191.91586303710938 635.8046264648438 -523.0060424804688
v 178.82814025878906 648.8915405273438 -546.2865600585938
v 191.91586303710938 635.8046264648438 -546.2859497070312
v 178.82814025878906 622.7177124023438 -546.2865600585938
v 165.74044799804688 635.8046264648438 -546.2859497070312
v 591.915771484375 635.8046264648438 -546.2859497070312
v 591.915771484375 635.8046264648438 -523.0060424804688
v 578.828125 622.7167358398438 -523.0060424804688
v 578.828125 622.7177124023438 -546.2865600585938
v 578.828125 648.8915405273438 -546.2865600585938
v 578.828125 648.8925170898438 -523.0060424804688
v 591.915771484375 635.8046264648438 -523.0060424804688
v 591.915771484375 635.8046264648438 -546.2859497070312
v 565.740478515625 635.8046264648438 -546.2859497070312
v 565.740478515625 635.8046264648438 -523.0060424804688
v 578.828125 648.8925170898438 -523.0060424804688
v 578.828125 648.8915405273438 -546.2865600585938
v 578.828125 622.7177124023438 -546.2865600585938
v 578.828125 622.7167358398438 -523.0060424804688
v 565.740478515625 635.8046264648438 -523.0060424804688
v 565.740478515625 635.8046264648438 -546.2859497070312
v 578.828125 648.8925170898438 -523.0060424804688
v 565.740478515625 635.8046264648438 -523.0060424804688
v 578.828125 622.7167358398438 -523.0060424804688
v 591.915771484375 635.8046264648438 -523.0060424804688
v 578.828125 648.8915405273438 -546.2865600585938
v 591.915771484375 635.8046264648438 -546.2859497070312
v 578.828125 622.7177124023438 -546.2865600585938
v 565.740478515625 635.8046264648438 -546.2859497070312
v 565.740478515625 235.80465698242188 -518.6991577148438
v 565.740478515625 235.80465698242188 -541.9790649414062
v 578.828125 222.71676635742188 -541.9790649414062
v 578.828125 222.71774291992188 -518.6986694335938
v 578.828125 248.89157104492188 -518.6986694335938
v 578.828125 248.89254760742188 -541.9790649414062
v 565.740478515625 235.80465698242188 -541.9790649414062
v 565.740478515625 235.80465698242188 -518.6991577148438
v 591.915771484375 235.80465698242188 -518.6991577148438
v 591.915771484375 235.80465698242188 -541.9790649414062
v 578.828125 248.89254760742188 -541.9790649414062
v 578.828125 248.89157104492188 -518.6986694335938
v 578.828125 222.71774291992188 -518.6986694335938
v 578.828125 222.71676635742188 -541.9790649414062
v 591.915771484375 235.80465698242188 -541.9790649414062
v 591.915771484375 235.80465698242188 -518.6991577148438
v 578.828125 248.89254760742188 -541.9790649414062
v 591.915771484375 235.80465698242188 -541.9790649414062
v 578.828125 222.71676635742188 -541.9790649414062
v 565.740478515625 235.80465698242188 -541.9790649414062
v 578.828125 248.89157104492188 -518.6986694335938
v 565.740478515625 235.80465698242188 -518.6991577148438
v 578.828125 222.71774291992188 -518.6986694335938
v 591.915771484375 235.80465698242188 -518.6991577148438
v -162.7946014404297 414.2929992675781 265.03875732421875
v -162.7946014404297 414.2929992675781 275.0387878417969
v -1288.6766357421875 317.1576843261719 275.0386657714844
v -1288.6766357421875 317.1576843261719 265.0386657714844
v -168.15440368652344 476.4179992675781 265.03875732421875
v -1294.036376953125 379.2821960449219 265.03863525390625
v -1294.036376953125 379.2821960449219 275.03863525390625
v -168.15440368652344 476.4179992675781 275.0387268066406
v -162.7946014404297 414.2929992675781 265.03875732421875
v -1288.6766357421875 317.1576843261719 265.0386657714844
v -1294.036376953125 379.2821960449219 265.03863525390625
v -168.15440368652344 476.4179992675781 265.03875732421875
v -1288.6766357421875 317.1576843261719 265.0386657714844
v -1288.6766357421875 317.1576843261719 275.0386657714844
v -1294.036376953125 379.2821960449219 275.03863525390625
v -1294.036376953125 379.2821960449219 265.03863525390625
v -1288.6766357421875 317.1576843261719 275.0386657714844
v -162.7946014404297 414.2929992675781 275.0387878417969
v -168.15440368652344 476.4179992675781 275.0387268066406
v -1294.036376953125 379.2821960449219 275.03863525390625
v -162.7946014404297 414.2929992675781 275.0387878417969
v -162.7946014404297 414.2929992675781 265.03875732421875
v -168.15440368652344 476.4179992675781 265.03875732421875
v -168.15440368652344 476.4179992675781 275.0387268066406
v -156.78111267089844 505.00390625 265.03875732421875
v -156.78111267089844 505.00390625 275.0387878417969
v -1286.757080078125 519.1430053710938 275.0386657714844
v -1286.757080078125 519.1430053710938 265.0386657714844
v -156.0009002685547 567.3544921875 265.0387268066406
v -1285.976806640625 581.4935913085938 265.0386047363281
v -1285.976806640625 581.4935913085938 275.0386047363281
v -156.0009002685547 567.3544921875 275.0387268066406
v -156.78111267089844 505.00390625 265.03875732421875
v -1286.757080078125 519.1430053710938 265.0386657714844
v -1285.976806640625 581.4935913085938 265.0386047363281
v -156.0009002685547 567.3544921875 265.0387268066406
v -1286.757080078125 519.1430053710938 265.0386657714844
v -1286.757080078125 519.1430053710938 275.0386657714844
v -1285.976806640625 581.4935913085938 275.0386047363281
v -1285.976806640625 581.4935913085938 265.0386047363281
v -1286.757080078125 519.1430053710938 275.0386657714844
v -156.78111267089844 505.00390625 275.0387878417969
v -156.0009002685547 567.3544921875 275.0387268066406
v -1285.976806640625 581.4935913085938 275.0386047363281
v -156.78111267089844 505.00390625 275.0387878417969
v -156.78111267089844 505.00390625 265.03875732421875
v -156.0009002685547 567.3544921875 265.0387268066406
v -156.0009002685547 567.3544921875 275.0387268066406
v 178.82810974121094 635.8046875 -162.7432861328125
v 578.828125 635.8046875 -162.7432403564453
v 584.828125 641.8046875 -168.7432403564453
v 172.82810974121094 641.8046875 -168.7432861328125
v 184.82810974121094 629.8046875 -168.74327087402344
v 572.828125 629.8046875 -168.7432403564453
v 578.828125 635.8046875 -162.7432403564453
v 178.82810974121094 635.8046875 -162.7432861328125
v 178.82810974121094 635.8046875 -174.7432861328125
v 578.828125 635.8046875 -174.7432403564453
v 572.828125 629.8046875 -168.7432403564453
v 184.82810974121094 629.8046875 -168.74327087402344
v 172.82810974121094 641.8046875 -168.7432861328125
v 584.828125 641.8046875 -168.7432403564453
v 578.828125 635.8046875 -174.7432403564453
v 178.82810974121094 635.8046875 -174.7432861328125
v 178.828125 235.80467224121094 -162.7432403564453
v 178.82810974121094 635.8046875 -162.7432861328125
v 172.82810974121094 641.8046875 -168.7432861328125
v 172.828125 229.80467224121094 -168.7432403564453
v 184.828125 241.8046875 -168.74322509765625
v 184.82810974121094 629.8046875 -168.74327087402344
v 178.82810974121094 635.8046875 -162.7432861328125
v 178.828125 235.80467224121094 -162.7432403564453
v 178.828125 235.80467224121094 -174.7432403564453
v 178.82810974121094 635.8046875 -174.7432861328125
v 184.82810974121094 629.8046875 -168.74327087402344
v 184.828125 241.8046875 -168.74322509765625
v 172.828125 229.80467224121094 -168.7432403564453
v 172.82810974121094 641.8046875 -168.7432861328125
v 178.82810974121094 635.8046875 -174.7432861328125
v 178.828125 235.80467224121094 -174.7432403564453
v 578.828125 235.8046875 -162.74319458007812
v 178.828125 235.80467224121094 -162.7432403564453
v 172.828125 229.80467224121094 -168.7432403564453
v 584.828125 229.80470275878906 -168.74319458007812
v 572.828125 241.80470275878906 -168.74319458007812
v 184.828125 241.8046875 -168.74322509765625
v 178.828125 235.80467224121094 -162.7432403564453
v 578.828125 235.8046875 -162.74319458007812
v 578.828125 235.8046875 -174.74319458007812
v 178.828125 235.80467224121094 -174.7432403564453
v 184.828125 241.8046875 -168.74322509765625
v 572.828125 241.80470275878906 -168.74319458007812
v 584.828125 229.80470275878906 -168.74319458007812
v 172.828125 229.80467224121094 -168.7432403564453
v 178.828125 235.80467224121094 -174.7432403564453
v 578.828125 235.8046875 -174.74319458007812
v 578.828125 635.8046875 -162.7432403564453
v 578.828125 235.8046875 -162.74319458007812
v 584.828125 229.80470275878906 -168.74319458007812
v 584.828125 641.8046875 -168.7432403564453
v 572.828125 629.8046875 -168.7432403564453
v 572.828125 241.80470275878906 -168.74319458007812
v 578.828125 235.8046875 -162.74319458007812
v 578.828125 635.8046875 -162.7432403564453
v 578.828125 635.8046875 -174.7432403564453
v 578.828125 235.8046875 -174.74319458007812
v 572.828125 241.80470275878906 -168.74319458007812
v 572.828125 629.8046875 -168.7432403564453
v 584.828125 641.8046875 -168.7432403564453
v 584.828125 229.80470275878906 -168.74319458007812
v 578.828125 235.8046875 -174.74319458007812
v 578.828125 635.8046875 -174.7432403564453
v 191.91583251953125 235.80467224121094 -180.91139221191406
v 191.91583251953125 235.80467224121094 -157.63140869140625
v 178.828125 222.71678161621094 -157.63140869140625
v 178.828125 222.71775817871094 -180.91189575195312
v 178.828125 248.89158630371094 -180.91189575195312
v 178.828125 248.89256286621094 -157.63140869140625
v 191.91583251953125 235.80467224121094 -157.63140869140625
v 191.91583251953125 235.80467224121094 -180.91139221191406
v 165.74041748046875 235.80465698242188 -180.91140747070312
v 165.74041748046875 235.80465698242188 -157.63143920898438
v 178.828125 248.89256286621094 -157.63140869140625
v 178.828125 248.89158630371094 -180.91189575195312
v 178.828125 222.71775817871094 -180.91189575195312
v 178.828125 222.71678161621094 -157.63140869140625
v 165.74041748046875 235.80465698242188 -157.63143920898438
v 165.74041748046875 235.80465698242188 -180.91140747070312
v 178.828125 248.89256286621094 -157.63140869140625
v 165.74041748046875 235.80465698242188 -157.63143920898438
v 178.828125 222.71678161621094 -157.63140869140625
v 191.91583251953125 235.80467224121094 -157.63140869140625
v 178.828125 248.89158630371094 -180.91189575195312
v 191.91583251953125 235.80467224121094 -180.91139221191406
v 178.828125 222.71775817871094 -180.91189575195312
v 165.74041748046875 235.80465698242188 -180.91140747070312
v 191.9158172607422 635.8046875 -180.91143798828125
v 191.9158172607422 635.8046875 -157.63145446777344
v 178.82810974121094 622.716796875 -157.63145446777344
v 178.82810974121094 622.7177734375 -180.9119415283203
v 178.82810974121094 648.8916015625 -180.9119415283203
v 178.82810974121094 648.892578125 -157.63145446777344
v 191.9158172607422 635.8046875 -157.63145446777344
v 191.9158172607422 635.8046875 -180.91143798828125
v 165.7404022216797 635.8046875 -180.9114532470703
v 165.7404022216797 635.8046875 -157.63148498535156
v 178.82810974121094 648.892578125 -157.63145446777344
v 178.82810974121094 648.8916015625 -180.9119415283203
v 178.82810974121094 622.7177734375 -180.9119415283203
v 178.82810974121094 622.716796875 -157.63145446777344
v 165.7404022216797 635.8046875 -157.63148498535156
v 165.7404022216797 635.8046875 -180.9114532470703
v 178.82810974121094 648.892578125 -157.63145446777344
v 165.7404022216797 635.8046875 -157.63148498535156
v 178.82810974121094 622.716796875 -157.63145446777344
v 191.9158172607422 635.8046875 -157.63145446777344
v 178.82810974121094 648.8916015625 -180.9119415283203
v 191.9158172607422 635.8046875 -180.91143798828125
v 178.82810974121094 622.7177734375 -180.9119415283203
v 165.7404022216797 635.8046875 -180.9114532470703
v 591.915771484375 635.8046875 -180.91139221191406
v 591.915771484375 635.8046875 -157.6314239501953
v 578.828125 622.716796875 -157.6314239501953
v 578.828125 622.7177734375 -180.9119110107422
v 578.828125 648.8916015625 -180.9119110107422
v 578.828125 648.892578125 -157.6314239501953
v 591.915771484375 635.8046875 -157.6314239501953
v 591.915771484375 635.8046875 -180.91139221191406
v 565.740478515625 635.8046875 -180.91139221191406
v 565.740478515625 635.8046875 -157.6314239501953
v 578.828125 648.892578125 -157.6314239501953
v 578.828125 648.8916015625 -180.9119110107422
v 578.828125 622.7177734375 -180.9119110107422
v 578.828125 622.716796875 -157.6314239501953
v 565.740478515625 635.8046875 -157.6314239501953
v 565.740478515625 635.8046875 -180.91139221191406
v 578.828125 648.892578125 -157.6314239501953
v 565.740478515625 635.8046875 -157.6314239501953
v 578.828125 622.716796875 -157.6314239501953
v 591.915771484375 635.8046875 -157.6314239501953
v 578.828125 648.8916015625 -180.9119110107422
v 591.915771484375 635.8046875 -180.91139221191406
v 578.828125 622.7177734375 -180.9119110107422
v 565.740478515625 635.8046875 -180.91139221191406
v 565.740478515625 235.8046875 -153.3245849609375
v 565.740478515625 235.8046875 -176.60452270507812
v 578.828125 222.716796875 -176.60452270507812
v 578.828125 222.7177734375 -153.32408142089844
v 578.828125 248.8916015625 -153.32408142089844
v 578.828125 248.892578125 -176.60452270507812
v 565.740478515625 235.8046875 -176.60452270507812
v 565.740478515625 235.8046875 -153.3245849609375
v 591.915771484375 235.8046875 -153.3245849609375
v 591.915771484375 235.8046875 -176.60452270507812
v 578.828125 248.892578125 -176.60452270507812
v 578.828125 248.8916015625 -153.32408142089844
v 578.828125 222.7177734375 -153.32408142089844
v 578.828125 222.716796875 -176.60452270507812
v 591.915771484375 235.8046875 -176.60452270507812
v 591.915771484375 235.8046875 -153.3245849609375
v 578.828125 248.892578125 -176.60452270507812
v 591.915771484375 235.8046875 -176.60452270507812
v 578.828125 222.716796875 -176.60452270507812
v 565.740478515625 235.8046875 -176.60452270507812
v 578.828125 248.8916015625 -153.32408142089844
v 565.740478515625 235.8046875 -153.3245849609375
v 578.828125 222.7177734375 -153.32408142089844
v 591.915771484375 235.8046875 -153.3245849609375
v 584.9031982421875 512.0712890625 1.3614412546157837
v 584.9031982421875 512.0712890625 -8.638558387756348
v 584.9031982421875 574.4267578125 -8.638594627380371
v 584.9031982421875 574.4267578125 1.3614052534103394
v 584.9031982421875 512.0712890625 -8.638558387756348
v 584.9031982421875 512.0712890625 1.3614412546157837
v 163.26438903808594 512.0712890625 1.3614044189453125
v 163.26451110839844 512.0712890625 -8.638595581054688
v 584.9031982421875 574.4267578125 1.3614052534103394
v 584.9031982421875 574.4267578125 -8.638594627380371
v 163.26437377929688 574.4267578125 -8.638631820678711
v 163.26449584960938 574.4267578125 1.3613685369491577
v 584.9031982421875 574.4267578125 -8.638594627380371
v 584.9031982421875 512.0712890625 -8.638558387756348
v 163.26451110839844 512.0712890625 -8.638595581054688
v 163.26437377929688 574.4267578125 -8.638631820678711
v 584.9031982421875 512.0712890625 1.3614412546157837
v 584.9031982421875 574.4267578125 1.3614052534103394
v 163.26449584960938 574.4267578125 1.3613685369491577
v 163.26438903808594 512.0712890625 1.3614044189453125
v 163.26449584960938 574.4267578125 1.3613685369491577
v 163.26437377929688 574.4267578125 -8.638631820678711
v 163.26451110839844 512.0712890625 -8.638595581054688
v 163.26438903808594 512.0712890625 1.3614044189453125
v 584.9031982421875 430.11187744140625 1.3614485263824463
v 584.9031982421875 430.11187744140625 -8.638550758361816
v 584.9031982421875 492.46728515625 -8.63858699798584
v 584.9031982421875 492.46728515625 1.3614124059677124
v 584.9031982421875 430.11187744140625 -8.638550758361816
v 584.9031982421875 430.11187744140625 1.3614485263824463
v 163.26438903808594 430.1118469238281 1.361411690711975
v 163.26451110839844 430.1118469238281 -8.638587951660156
v 584.9031982421875 492.46728515625 1.3614124059677124
v 584.9031982421875 492.46728515625 -8.63858699798584
v 163.26438903808594 492.4672546386719 -8.63862419128418
v 163.26451110839844 492.4672546386719 1.3613756895065308
v 584.9031982421875 492.46728515625 -8.63858699798584
v 584.9031982421875 430.11187744140625 -8.638550758361816
v 163.26451110839844 430.1118469238281 -8.638587951660156
v 163.26438903808594 492.4672546386719 -8.63862419128418
v 584.9031982421875 430.11187744140625 1.3614485263824463
v 584.9031982421875 492.46728515625 1.3614124059677124
v 163.26451110839844 492.4672546386719 1.3613756895065308
v 163.26438903808594 430.1118469238281 1.361411690711975
v 163.26451110839844 492.4672546386719 1.3613756895065308
v 163.26438903808594 492.4672546386719 -8.63862419128418
v 163.26451110839844 430.1118469238281 -8.638587951660156
v 163.26438903808594 430.1118469238281 1.361411690711975
v 584.9031982421875 299.9214172363281 1.3614598512649536
v 584.9031982421875 299.9214172363281 -8.63853931427002
v 584.9031982421875 362.2768859863281 -8.638575553894043
v 584.9031982421875 362.2768859863281 1.3614237308502197
v 584.9031982421875 299.9214172363281 -8.63853931427002
v 584.9031982421875 299.9214172363281 1.3614598512649536
v 150.3368377685547 299.92138671875 1.361421823501587
v 150.3369598388672 299.92138671875 -8.638577461242676
v 584.9031982421875 362.2768859863281 1.3614237308502197
v 584.9031982421875 362.2768859863281 -8.638575553894043
v 150.3368377685547 362.27685546875 -8.6386137008667
v 150.3369598388672 362.27685546875 1.3613858222961426
v 584.9031982421875 362.2768859863281 -8.638575553894043
v 584.9031982421875 299.9214172363281 -8.63853931427002
v 150.3369598388672 299.92138671875 -8.638577461242676
v 150.3368377685547 362.27685546875 -8.6386137008667
v 584.9031982421875 299.9214172363281 1.3614598512649536
v 584.9031982421875 362.2768859863281 1.3614237308502197
v 150.3369598388672 362.27685546875 1.3613858222961426
v 150.3368377685547 299.92138671875 1.361421823501587
v 150.3369598388672 362.27685546875 1.3613858222961426
v 150.3368377685547 362.27685546875 -8.6386137008667
v 150.3369598388672 299.92138671875 -8.638577461242676
v 150.3368377685547 299.92138671875 1.361421823501587
v 584.9031982421875 377.6460266113281 1.3614530563354492
v 584.9031982421875 377.6460266113281 -8.63854694366455
v 584.9031982421875 425.0986328125 -8.638581275939941
v 584.9031982421875 425.0986328125 1.3614182472229004
v 584.9031982421875 377.6460266113281 -8.63854694366455
v 584.9031982421875 377.6460266113281 1.3614530563354492
v 163.26438903808594 377.64599609375 1.361416220664978
v 163.26451110839844 377.64599609375 -8.63858413696289
v 584.9031982421875 425.0986328125 1.3614182472229004
v 584.9031982421875 425.0986328125 -8.638581275939941
v 163.26438903808594 425.0986022949219 -8.638618469238281
v 163.26451110839844 425.0986022949219 1.3613815307617188
v 584.9031982421875 425.0986328125 -8.638581275939941
v 584.9031982421875 377.6460266113281 -8.63854694366455
v 163.26451110839844 377.64599609375 -8.63858413696289
v 163.26438903808594 425.0986022949219 -8.638618469238281
v 584.9031982421875 377.6460266113281 1.3614530563354492
v 584.9031982421875 425.0986328125 1.3614182472229004
v 163.26451110839844 425.0986022949219 1.3613815307617188
v 163.26438903808594 377.64599609375 1.361416220664978
v 163.26451110839844 425.0986022949219 1.3613815307617188
v 163.26438903808594 425.0986022949219 -8.638618469238281
v 163.26451110839844 377.64599609375 -8.63858413696289
v 163.26438903808594 377.64599609375 1.361416220664978
v 584.9031982421875 250.61183166503906 1.3614641427993774
v 584.9031982421875 250.61183166503906 -8.638535499572754
v 584.9031982421875 298.0644836425781 -8.638569831848145
v 584.9031982421875 298.0644836425781 1.3614293336868286
v 584.9031982421875 250.61183166503906 -8.638535499572754
v 584.9031982421875 250.61183166503906 1.3614641427993774
v 163.26438903808594 250.61180114746094 1.3614273071289062
v 163.26451110839844 250.61180114746094 -8.638572692871094
v 584.9031982421875 298.0644836425781 1.3614293336868286
v 584.9031982421875 298.0644836425781 -8.638569831848145
v 163.26438903808594 298.064453125 -8.638607025146484
v 163.26451110839844 298.064453125 1.361392617225647
v 584.9031982421875 298.0644836425781 -8.638569831848145
v 584.9031982421875 250.61183166503906 -8.638535499572754
v 163.26451110839844 250.61180114746094 -8.638572692871094
v 163.26438903808594 298.064453125 -8.638607025146484
v 584.9031982421875 250.61183166503906 1.3614641427993774
v 584.9031982421875 298.0644836425781 1.3614293336868286
v 163.26451110839844 298.064453125 1.361392617225647
v 163.26438903808594 250.61180114746094 1.3614273071289062
v 163.26451110839844 298.064453125 1.361392617225647
v 163.26438903808594 298.064453125 -8.638607025146484
v 163.26451110839844 250.61180114746094 -8.638572692871094
v 163.26438903808594 250.61180114746094 1.3614273071289062
v 368.1783142089844 756.2822265625 16.858577728271484
v 368.1783142089844 756.2822265625 6.858578205108643
v 306.7702331542969 745.45458984375 6.8585429191589355
v 306.7702331542969 745.45458984375 16.858543395996094
v 368.1783142089844 756.2822265625 6.858578205108643
v 368.1783142089844 756.2822265625 16.858577728271484
v 441.3951110839844 341.0493469238281 11.140469551086426
v 441.3951416015625 341.0493469238281 1.1404659748077393
v 306.7702331542969 745.45458984375 16.858543395996094
v 306.7702331542969 745.45458984375 6.8585429191589355
v 379.987060546875 330.2212219238281 1.1404309272766113
v 379.9869384765625 330.2217102050781 11.140434265136719
v 306.7702331542969 745.45458984375 6.8585429191589355
v 368.1783142089844 756.2822265625 6.858578205108643
v 441.3951416015625 341.0493469238281 1.1404659748077393
v 379.987060546875 330.2212219238281 1.1404309272766113
v 368.1783142089844 756.2822265625 16.858577728271484
v 306.7702331542969 745.45458984375 16.858543395996094
v 379.9869384765625 330.2217102050781 11.140434265136719
v 441.3951110839844 341.0493469238281 11.140469551086426
v 379.9869384765625 330.2217102050781 11.140434265136719
v 379.987060546875 330.2212219238281 1.1404309272766113
v 441.3951416015625 341.0493469238281 1.1404659748077393
v 441.3951110839844 341.0493469238281 11.140469551086426
v 441.8135681152344 756.2822265625 16.858583450317383
v 441.8135681152344 756.2822265625 6.858584403991699
v 380.4054870605469 745.45458984375 6.85854959487915
v 380.4054870605469 745.45458984375 16.858551025390625
v 441.8135681152344 756.2822265625 6.858584403991699
v 441.8135681152344 756.2822265625 16.858583450317383
v 515.0303955078125 341.0493469238281 11.140477180480957
v 515.0303955078125 341.0493469238281 1.140472412109375
v 380.4054870605469 745.45458984375 16.858551025390625
v 380.4054870605469 745.45458984375 6.85854959487915
v 453.6222839355469 330.2212219238281 1.1404374837875366
v 453.6221923828125 330.2217102050781 11.14044189453125
v 380.4054870605469 745.45458984375 6.85854959487915
v 441.8135681152344 756.2822265625 6.858584403991699
v 515.0303955078125 341.0493469238281 1.140472412109375
v 453.6222839355469 330.2212219238281 1.1404374837875366
v 441.8135681152344 756.2822265625 16.858583450317383
v 380.4054870605469 745.45458984375 16.858551025390625
v 453.6221923828125 330.2217102050781 11.14044189453125
v 515.0303955078125 341.0493469238281 11.140477180480957
v 453.6221923828125 330.2217102050781 11.14044189453125
v 453.6222839355469 330.2212219238281 1.1404374837875366
v 515.0303955078125 341.0493469238281 1.140472412109375
v 515.0303955078125 341.0493469238281 11.140477180480957
v 1516.28955078125 365.2041015625 -609.4859619140625
v 1521.730224609375 363.505859375 -601.0956420898438
v 573.5673828125 363.5058898925781 13.748442649841309
v 568.1265869140625 365.2041320800781 5.358095645904541
v 1516.28955078125 427.80517578125 -609.4859619140625
v 568.1265869140625 427.8052062988281 5.358067512512207
v 573.5673828125 427.1343078613281 13.74841022491455
v 1521.730224609375 427.13427734375 -601.0956420898438
v 1516.28955078125 365.2041015625 -609.4859619140625
v 568.1265869140625 365.2041320800781 5.358095645904541
v 568.1265869140625 427.8052062988281 5.358067512512207
v 1516.28955078125 427.80517578125 -609.4859619140625
v 568.1265869140625 365.2041320800781 5.358095645904541
v 573.5673828125 363.5058898925781 13.748442649841309
v 573.5673828125 427.1343078613281 13.74841022491455
v 568.1265869140625 427.8052062988281 5.358067512512207
v 573.5673828125 363.5058898925781 13.748442649841309
v 1521.730224609375 363.505859375 -601.0956420898438
v 1521.730224609375 427.13427734375 -601.0956420898438
v 573.5673828125 427.1343078613281 13.74841022491455
v 1521.730224609375 363.505859375 -601.0956420898438
v 1516.28955078125 365.2041015625 -609.4859619140625
v 1516.28955078125 427.80517578125 -609.4859619140625
v 1521.730224609375 427.13427734375 -601.0956420898438
v 1522.193359375 512.2421875 -613.314453125
v 1527.63427734375 512.9560546875 -604.924072265625
v 579.471435546875 512.9560546875 9.919955253601074
v 574.0306396484375 512.2421875 1.5296149253845215
v 1522.193359375 574.84326171875 -613.314453125
v 574.030517578125 574.84326171875 1.5295637845993042
v 579.4713134765625 576.58447265625 9.919910430908203
v 1527.63427734375 576.58447265625 -604.9241333007812
v 1522.193359375 512.2421875 -613.314453125
v 574.0306396484375 512.2421875 1.5296149253845215
v 574.030517578125 574.84326171875 1.5295637845993042
v 1522.193359375 574.84326171875 -613.314453125
v 574.0306396484375 512.2421875 1.5296149253845215
v 579.471435546875 512.9560546875 9.919955253601074
v 579.4713134765625 576.58447265625 9.919910430908203
v 574.030517578125 574.84326171875 1.5295637845993042
v 579.471435546875 512.9560546875 9.919955253601074
v 1527.63427734375 512.9560546875 -604.924072265625
v 1527.63427734375 576.58447265625 -604.9241333007812
v 579.4713134765625 576.58447265625 9.919910430908203
v 1527.63427734375 512.9560546875 -604.924072265625
v 1522.193359375 512.2421875 -613.314453125
v 1522.193359375 574.84326171875 -613.314453125
v 1527.63427734375 576.58447265625 -604.9241333007812
v 1522.193359375 438.53369140625 -613.314453125
v 1527.63427734375 438.0380554199219 -604.924072265625
v 579.471435546875 438.0380859375 9.919961929321289
v 574.0306396484375 438.5337219238281 1.5296213626861572
v 1522.193359375 501.134765625 -613.314453125
v 574.0306396484375 501.1347961425781 1.5295854806900024
v 579.4713134765625 501.6665344238281 9.919929504394531
v 1527.63427734375 501.66650390625 -604.9241333007812
v 1522.193359375 438.53369140625 -613.314453125
v 574.0306396484375 438.5337219238281 1.5296213626861572
v 574.0306396484375 501.1347961425781 1.5295854806900024
v 1522.193359375 501.134765625 -613.314453125
v 574.0306396484375 438.5337219238281 1.5296213626861572
v 579.471435546875 438.0380859375 9.919961929321289
v 579.4713134765625 501.6665344238281 9.919929504394531
v 574.0306396484375 501.1347961425781 1.5295854806900024
v 579.471435546875 438.0380859375 9.919961929321289
v 1527.63427734375 438.0380554199219 -604.924072265625
v 1527.63427734375 501.66650390625 -604.9241333007812
v 579.4713134765625 501.6665344238281 9.919929504394531
v 1527.63427734375 438.0380554199219 -604.924072265625
v 1522.193359375 438.53369140625 -613.314453125
v 1522.193359375 501.134765625 -613.314453125
v 1527.63427734375 501.66650390625 -604.9241333007812
v 1522.494384765625 354.822265625 -599.9174194335938
v 1522.494140625 344.5947265625 -599.917236328125
v 574.3314208984375 344.5947570800781 14.926620483398438
v 574.3314208984375 354.8222961425781 14.926619529724121
v 1556.420654296875 343.384765625 -547.5989379882812
v 608.2576904296875 343.3847961425781 67.2449722290039
v 608.2576904296875 332.1304016113281 67.2449722290039
v 1556.420654296875 332.13037109375 -547.5989379882812
v 1522.494384765625 354.822265625 -599.9174194335938
v 574.3314208984375 354.8222961425781 14.926619529724121
v 608.2576904296875 343.3847961425781 67.2449722290039
v 1556.420654296875 343.384765625 -547.5989379882812
v 574.3314208984375 354.8222961425781 14.926619529724121
v 574.3314208984375 344.5947570800781 14.926620483398438
v 608.2576904296875 332.1304016113281 67.2449722290039
v 608.2576904296875 343.3847961425781 67.2449722290039
v 574.3314208984375 344.5947570800781 14.926620483398438
v 1522.494140625 344.5947265625 -599.917236328125
v 1556.420654296875 332.13037109375 -547.5989379882812
v 608.2576904296875 332.1304016113281 67.2449722290039
v 1522.494140625 344.5947265625 -599.917236328125
v 1522.494384765625 354.822265625 -599.9174194335938
v 1556.420654296875 343.384765625 -547.5989379882812
v 1556.420654296875 332.13037109375 -547.5989379882812
v 1048.5404052734375 370.2807922363281 -309.02099609375
v 1048.5404052734375 360.2807922363281 -309.02099609375
v 1033.270263671875 360.28076171875 -299.11895751953125
v 1033.270263671875 370.28076171875 -299.11895751953125
v 1098.491943359375 355.3960266113281 -231.98968505859375
v 1083.221923828125 355.3960266113281 -222.08770751953125
v 1083.221923828125 343.8838195800781 -222.08770751953125
v 1098.491943359375 343.8838195800781 -231.9897003173828
v 1048.5404052734375 370.2807922363281 -309.02099609375
v 1033.270263671875 370.28076171875 -299.11895751953125
v 1083.221923828125 355.3960266113281 -222.08770751953125
v 1098.491943359375 355.3960266113281 -231.98968505859375
v 1033.270263671875 370.28076171875 -299.11895751953125
v 1033.270263671875 360.28076171875 -299.11895751953125
v 1083.221923828125 343.8838195800781 -222.08770751953125
v 1083.221923828125 355.3960266113281 -222.08770751953125
v 1033.270263671875 360.28076171875 -299.11895751953125
v 1048.5404052734375 360.2807922363281 -309.02099609375
v 1098.491943359375 343.8838195800781 -231.9897003173828
v 1083.221923828125 343.8838195800781 -222.08770751953125
v 1048.5404052734375 360.2807922363281 -309.02099609375
v 1048.5404052734375 370.2807922363281 -309.02099609375
v 1098.491943359375 355.3960266113281 -231.98968505859375
v 1098.491943359375 343.8838195800781 -231.9897003173828
v 669.91748046875 370.2807922363281 -63.49986267089844
v 669.91748046875 360.2807922363281 -63.49986267089844
v 654.6474609375 360.2807922363281 -53.597862243652344
v 654.6474609375 370.2807922363281 -53.597862243652344
v 719.869140625 355.3955383300781 13.531425476074219
v 704.5989990234375 355.3955383300781 23.433433532714844
v 704.5989990234375 343.8838195800781 23.433433532714844
v 719.869140625 343.8838195800781 13.531426429748535
v 669.91748046875 370.2807922363281 -63.49986267089844
v 654.6474609375 370.2807922363281 -53.597862243652344
v 704.5989990234375 355.3955383300781 23.433433532714844
v 719.869140625 355.3955383300781 13.531425476074219
v 654.6474609375 370.2807922363281 -53.597862243652344
v 654.6474609375 360.2807922363281 -53.597862243652344
v 704.5989990234375 343.8838195800781 23.433433532714844
v 704.5989990234375 355.3955383300781 23.433433532714844
v 654.6474609375 360.2807922363281 -53.597862243652344
v 669.91748046875 360.2807922363281 -63.49986267089844
v 719.869140625 343.8838195800781 13.531426429748535
v 704.5989990234375 343.8838195800781 23.433433532714844
v 669.91748046875 360.2807922363281 -63.49986267089844
v 669.91748046875 370.2807922363281 -63.49986267089844
v 719.869140625 355.3955383300781 13.531425476074219
v 719.869140625 343.8838195800781 13.531426429748535
v 1481.7763671875 370.28076171875 -589.9564819335938
v 1481.7763671875 360.28076171875 -589.9564819335938
v 1466.50634765625 360.28076171875 -580.054443359375
v 1466.50634765625 370.28076171875 -580.054443359375
v 1531.72802734375 355.3955383300781 -512.9252319335938
v 1516.4580078125 355.3955383300781 -503.0232238769531
v 1516.4580078125 343.8838195800781 -503.0232238769531
v 1531.72802734375 343.8838195800781 -512.9251708984375
v 1481.7763671875 370.28076171875 -589.9564819335938
v 1466.50634765625 370.28076171875 -580.054443359375
v 1516.4580078125 355.3955383300781 -503.0232238769531
v 1531.72802734375 355.3955383300781 -512.9252319335938
v 1466.50634765625 370.28076171875 -580.054443359375
v 1466.50634765625 360.28076171875 -580.054443359375
v 1516.4580078125 343.8838195800781 -503.0232238769531
v 1516.4580078125 355.3955383300781 -503.0232238769531
v 1466.50634765625 360.28076171875 -580.054443359375
v 1481.7763671875 360.28076171875 -589.9564819335938
v 1531.72802734375 343.8838195800781 -512.9251708984375
v 1516.4580078125 343.8838195800781 -503.0232238769531
v 1481.7763671875 360.28076171875 -589.9564819335938
v 1481.7763671875 370.28076171875 -589.9564819335938
v 1531.72802734375 355.3955383300781 -512.9252319335938
v 1531.72802734375 343.8838195800781 -512.9251708984375
v 1522.494140625 592.8447265625 -599.9172973632812
v 1522.494140625 582.61767578125 -599.9172973632812
v 574.3319091796875 582.61767578125 14.92628002166748
v 574.3319091796875 592.8447265625 14.926279067993164
v 1556.420654296875 605.3095703125 -547.5989990234375
v 608.2581787109375 605.3095703125 67.24462127685547
v 608.2581787109375 594.05517578125 67.24462127685547
v 1556.420654296875 594.05517578125 -547.5989990234375
v 1522.494140625 592.8447265625 -599.9172973632812
v 574.3319091796875 592.8447265625 14.926279067993164
v 608.2581787109375 605.3095703125 67.24462127685547
v 1556.420654296875 605.3095703125 -547.5989990234375
v 574.3319091796875 592.8447265625 14.926279067993164
v 574.3319091796875 582.61767578125 14.92628002166748
v 608.2581787109375 594.05517578125 67.24462127685547
v 608.2581787109375 605.3095703125 67.24462127685547
v 574.3319091796875 582.61767578125 14.92628002166748
v 1522.494140625 582.61767578125 -599.9172973632812
v 1556.420654296875 594.05517578125 -547.5989990234375
v 608.2581787109375 594.05517578125 67.24462127685547
v 1522.494140625 582.61767578125 -599.9172973632812
v 1522.494140625 592.8447265625 -599.9172973632812
v 1556.420654296875 605.3095703125 -547.5989990234375
v 1556.420654296875 594.05517578125 -547.5989990234375
v 1048.54052734375 583.1597290039062 -309.02081298828125
v 1048.54052734375 573.1597290039062 -309.02081298828125
v 1033.2703857421875 573.1597290039062 -299.1187744140625
v 1033.2703857421875 583.1597290039062 -299.1187744140625
v 1098.491943359375 600.4649047851562 -231.9897003173828
v 1083.221923828125 600.4649047851562 -222.0876922607422
v 1083.221923828125 588.9526977539062 -222.0877227783203
v 1098.491943359375 588.9526977539062 -231.9897003173828
v 1048.54052734375 583.1597290039062 -309.02081298828125
v 1033.2703857421875 583.1597290039062 -299.1187744140625
v 1083.221923828125 600.4649047851562 -222.0876922607422
v 1098.491943359375 600.4649047851562 -231.9897003173828
v 1033.2703857421875 583.1597290039062 -299.1187744140625
v 1033.2703857421875 573.1597290039062 -299.1187744140625
v 1083.221923828125 588.9526977539062 -222.0877227783203
v 1083.221923828125 600.4649047851562 -222.0876922607422
v 1033.2703857421875 573.1597290039062 -299.1187744140625
v 1048.54052734375 573.1597290039062 -309.02081298828125
v 1098.491943359375 588.9526977539062 -231.9897003173828
v 1083.221923828125 588.9526977539062 -222.0877227783203
v 1048.54052734375 573.1597290039062 -309.02081298828125
v 1048.54052734375 583.1597290039062 -309.02081298828125
v 1098.491943359375 600.4649047851562 -231.9897003173828
v 1098.491943359375 588.9526977539062 -231.9897003173828
v 669.91748046875 583.15966796875 -63.499881744384766
v 669.91748046875 573.15966796875 -63.499881744384766
v 654.6474609375 573.15966796875 -53.59788131713867
v 654.6474609375 583.15966796875 -53.59788131713867
v 719.869140625 600.4649047851562 13.531404495239258
v 704.5989990234375 600.4649047851562 23.43341064453125
v 704.5989990234375 588.9526977539062 23.433412551879883
v 719.869140625 588.9526977539062 13.531405448913574
v 669.91748046875 583.15966796875 -63.499881744384766
v 654.6474609375 583.15966796875 -53.59788131713867
v 704.5989990234375 600.4649047851562 23.43341064453125
v 719.869140625 600.4649047851562 13.531404495239258
v 654.6474609375 583.15966796875 -53.59788131713867
v 654.6474609375 573.15966796875 -53.59788131713867
v 704.5989990234375 588.9526977539062 23.433412551879883
v 704.5989990234375 600.4649047851562 23.43341064453125
v 654.6474609375 573.15966796875 -53.59788131713867
v 669.91748046875 573.15966796875 -63.499881744384766
v 719.869140625 588.9526977539062 13.531405448913574
v 704.5989990234375 588.9526977539062 23.433412551879883
v 669.91748046875 573.15966796875 -63.499881744384766
v 669.91748046875 583.15966796875 -63.499881744384766
v 719.869140625 600.4649047851562 13.531404495239258
v 719.869140625 588.9526977539062 13.531405448913574
v 1481.7763671875 583.15966796875 -589.9564819335938
v 1481.7763671875 573.15966796875 -589.9564819335938
v 1466.50634765625 573.15966796875 -580.054443359375
v 1466.50634765625 583.15966796875 -580.054443359375
v 1531.72802734375 600.46484375 -512.9252319335938
v 1516.4580078125 600.46484375 -503.02325439453125
v 1516.4580078125 588.95263671875 -503.02325439453125
v 1531.72802734375 588.95263671875 -512.9252319335938
v 1481.7763671875 583.15966796875 -589.9564819335938
v 1466.50634765625 583.15966796875 -580.054443359375
v 1516.4580078125 600.46484375 -503.02325439453125
v 1531.72802734375 600.46484375 -512.9252319335938
v 1466.50634765625 583.15966796875 -580.054443359375
v 1466.50634765625 573.15966796875 -580.054443359375
v 1516.4580078125 588.95263671875 -503.02325439453125
v 1516.4580078125 600.46484375 -503.02325439453125
v 1466.50634765625 573.15966796875 -580.054443359375
v 1481.7763671875 573.15966796875 -589.9564819335938
v 1531.72802734375 588.95263671875 -512.9252319335938
v 1516.4580078125 588.95263671875 -503.02325439453125
v 1481.7763671875 573.15966796875 -589.9564819335938
v 1481.7763671875 583.15966796875 -589.9564819335938
v 1531.72802734375 600.46484375 -512.9252319335938
v 1531.72802734375 588.95263671875 -512.9252319335938
v 191.91578674316406 235.80471801757812 372.7459716796875
v 191.91578674316406 235.80471801757812 396.02593994140625
v 178.8280792236328 222.71682739257812 396.02593994140625
v 178.8280792236328 222.71780395507812 372.7454528808594
v 178.8280792236328 248.89163208007812 372.7454528808594
v 178.8280792236328 248.89260864257812 396.02593994140625
v 191.91578674316406 235.80471801757812 396.02593994140625
v 191.91578674316406 235.80471801757812 372.7459716796875
v 165.7403564453125 235.80470275878906 372.7459716796875
v 165.7403564453125 235.80470275878906 396.02593994140625
v 178.8280792236328 248.89260864257812 396.02593994140625
v 178.8280792236328 248.89163208007812 372.7454528808594
v 178.8280792236328 222.71780395507812 372.7454528808594
v 178.8280792236328 222.71682739257812 396.02593994140625
v 165.7403564453125 235.80470275878906 396.02593994140625
v 165.7403564453125 235.80470275878906 372.7459716796875
v 178.8280792236328 248.89260864257812 396.02593994140625
v 165.7403564453125 235.80470275878906 396.02593994140625
v 178.8280792236328 222.71682739257812 396.02593994140625
v 191.91578674316406 235.80471801757812 396.02593994140625
v 178.8280792236328 248.89163208007812 372.7454528808594
v 191.91578674316406 235.80471801757812 372.7459716796875
v 178.8280792236328 222.71780395507812 372.7454528808594
v 165.7403564453125 235.80470275878906 372.7459716796875
v 191.915771484375 635.8047485351562 372.7459411621094
v 191.915771484375 635.8047485351562 396.0259094238281
v 178.82806396484375 622.7168579101562 396.0259094238281
v 178.82806396484375 622.7178344726562 372.74542236328125
v 178.82806396484375 648.8916625976562 372.74542236328125
v 178.82806396484375 648.8926391601562 396.0259094238281
v 191.915771484375 635.8047485351562 396.0259094238281
v 191.915771484375 635.8047485351562 372.7459411621094
v 165.74034118652344 635.8047485351562 372.7459411621094
v 165.74034118652344 635.8047485351562 396.0259094238281
v 178.82806396484375 648.8926391601562 396.0259094238281
v 178.82806396484375 648.8916625976562 372.74542236328125
v 178.82806396484375 622.7178344726562 372.74542236328125
v 178.82806396484375 622.7168579101562 396.0259094238281
v 165.74034118652344 635.8047485351562 396.0259094238281
v 165.74034118652344 635.8047485351562 372.7459411621094
v 178.82806396484375 648.8926391601562 396.0259094238281
v 165.74034118652344 635.8047485351562 396.0259094238281
v 178.82806396484375 622.7168579101562 396.0259094238281
v 191.915771484375 635.8047485351562 396.0259094238281
v 178.82806396484375 648.8916625976562 372.74542236328125
v 191.915771484375 635.8047485351562 372.7459411621094
v 178.82806396484375 622.7178344726562 372.74542236328125
v 165.74034118652344 635.8047485351562 372.7459411621094
v 591.9157104492188 635.8047485351562 372.7459716796875
v 591.9157104492188 635.8047485351562 396.0259704589844
v 578.8280639648438 622.7168579101562 396.0259704589844
v 578.8280639648438 622.7178344726562 372.7454833984375
v 578.8280639648438 648.8916625976562 372.7454833984375
v 578.8280639648438 648.8926391601562 396.0259704589844
v 591.9157104492188 635.8047485351562 396.0259704589844
v 591.9157104492188 635.8047485351562 372.7459716796875
v 565.7403564453125 635.8047485351562 372.7459716796875
v 565.7403564453125 635.8047485351562 396.0259704589844
v 578.8280639648438 648.8926391601562 396.0259704589844
v 578.8280639648438 648.8916625976562 372.7454833984375
v 578.8280639648438 622.7178344726562 372.7454833984375
v 578.8280639648438 622.7168579101562 396.0259704589844
v 565.7403564453125 635.8047485351562 396.0259704589844
v 565.7403564453125 635.8047485351562 372.7459716796875
v 578.8280639648438 648.8926391601562 396.0259704589844
v 565.7403564453125 635.8047485351562 396.0259704589844
v 578.8280639648438 622.7168579101562 396.0259704589844
v 591.9157104492188 635.8047485351562 396.0259704589844
v 578.8280639648438 648.8916625976562 372.7454833984375
v 591.9157104492188 635.8047485351562 372.7459716796875
v 578.8280639648438 622.7178344726562 372.7454833984375
v 565.7403564453125 635.8047485351562 372.7459716796875
v 565.7404174804688 235.8047332763672 400.3327941894531
v 565.7404174804688 235.8047332763672 377.0528564453125
v 578.828125 222.7168426513672 377.0528564453125
v 578.828125 222.7178192138672 400.33331298828125
v 578.828125 248.8916473388672 400.33331298828125
v 578.828125 248.8926239013672 377.0528564453125
v 565.7404174804688 235.8047332763672 377.0528564453125
v 565.7404174804688 235.8047332763672 400.3327941894531
v 591.915771484375 235.8047332763672 400.3327941894531
v 591.915771484375 235.8047332763672 377.0528564453125
v 578.828125 248.8926239013672 377.0528564453125
v 578.828125 248.8916473388672 400.33331298828125
v 578.828125 222.7178192138672 400.33331298828125
v 578.828125 222.7168426513672 377.0528564453125
v 591.915771484375 235.8047332763672 377.0528564453125
v 591.915771484375 235.8047332763672 400.3327941894531
v 578.828125 248.8926239013672 377.0528564453125
v 591.915771484375 235.8047332763672 377.0528564453125
v 578.828125 222.7168426513672 377.0528564453125
v 565.7404174804688 235.8047332763672 377.0528564453125
v 578.828125 248.8916473388672 400.33331298828125
v 565.7404174804688 235.8047332763672 400.3327941894531
v 578.828125 222.7178192138672 400.33331298828125
v 591.915771484375 235.8047332763672 400.3327941894531
f 206 205 207
f 208 207 205
f 178 177 179
f 179 184 178
f 181 178 184
f 184 183 181
f 182 181 183
f 183 180 182
f 177 182 180
f 180 179 177
f 170 169 171
f 172 171 169
f 166 165 167
f 168 167 165
f 162 161 163
f 164 163 161
f 158 157 159
f 160 159 157
f 154 153 155
f 156 155 153
f 150 149 151
f 152 151 149
f 146 145 147
f 148 147 145
f 142 141 143
f 144 143 141
f 106 105 107
f 108 107 105
f 102 101 103
f 104 103 101
f 98 97 99
f 100 99 97
f 94 93 95
f 96 95 93
f 90 89 91
f 92 91 89
f 86 85 87
f 88 87 85
f 82 81 83
f 84 83 81
f 78 77 79
f 80 79 77
f 74 73 75
f 76 75 73
f 70 69 71
f 72 71 69
f 66 65 67
f 68 67 65
f 62 61 63
f 64 63 61
f 58 57 59
f 60 59 57
f 54 53 55
f 56 55 53
f 50 49 51
f 52 51 49
f 46 45 47
f 48 47 45
f 42 41 43
f 44 43 41
f 38 37 39
f 40 39 37
f 34 33 35
f 36 35 33
f 30 29 31
f 32 31 29
f 26 25 27
f 28 27 25
f 22 21 23
f 24 23 21
f 18 17 19
f 20 19 17
f 14 13 15
f 16 15 13
f 10 9 11
f 12 11 9
f 6 5 7
f 8 7 5
f 2 1 3
f 4 3 1
f 5006 5005 5007
f 5005 5008 5007
f 5002 5001 5003
f 5004 5003 5001
f 4998 4997 4999
f 5000 4999 4997
f 4994 4993 4995
f 4996 4995 4993
f 4990 4989 4991
f 4992 4991 4989
f 4986 4985 4987
f 4988 4987 4985
f 4982 4981 4983
f 4981 4984 4983
f 4978 4977 4979
f 4980 4979 4977
f 4974 4973 4975
f 4976 4975 4973
f 4970 4969 4971
f 4972 4971 4969
f 4966 4965 4967
f 4968 4967 4965
f 4962 4961 4963
f 4964 4963 4961
f 4958 4957 4959
f 4957 4960 4959
f 4954 4953 4955
f 4956 4955 4953
f 4950 4949 4951
f 4952 4951 4949
f 4946 4945 4947
f 4948 4947 4945
f 4942 4941 4943
f 4944 4943 4941
f 4938 4937 4939
f 4940 4939 4937
f 4934 4933 4935
f 4933 4936 4935
f 4930 4929 4931
f 4932 4931 4929
f 4926 4925 4927
f 4928 4927 4925
f 4922 4921 4923
f 4924 4923 4921
f 4918 4917 4919
f 4920 4919 4917
f 4914 4913 4915
f 4916 4915 4913
f 4464 4463 4465
f 4463 4466 4465
f 4460 4459 4461
f 4462 4461 4459
f 4456 4455 4457
f 4458 4457 4455
f 4452 4451 4453
f 4454 4453 4451
f 4448 4447 4449
f 4450 4449 4447
f 4444 4443 4445
f 4446 4445 4443
f 4440 4439 4441
f 4439 4442 4441
f 4436 4435 4437
f 4438 4437 4435
f 4432 4431 4433
f 4434 4433 4431
f 4428 4427 4429
f 4430 4429 4427
f 4424 4423 4425
f 4426 4425 4423
f 4420 4419 4421
f 4422 4421 4419
f 4416 4415 4417
f 4415 4418 4417
f 4412 4411 4413
f 4414 4413 4411
f 4408 4407 4409
f 4410 4409 4407
f 4404 4403 4405
f 4406 4405 4403
f 4400 4399 4401
f 4402 4401 4399
f 4396 4395 4397
f 4398 4397 4395
f 4392 4391 4393
f 4391 4394 4393
f 4388 4387 4389
f 4390 4389 4387
f 4384 4383 4385
f 4386 4385 4383
f 4380 4379 4381
f 4382 4381 4379
f 4376 4375 4377
f 4378 4377 4375
f 4372 4371 4373
f 4374 4373 4371
f 4368 4367 4369
f 4370 4369 4367
f 4364 4363 4365
f 4366 4365 4363
f 4360 4359 4361
f 4362 4361 4359
f 4356 4355 4357
f 4358 4357 4355
f 4352 4351 4353
f 4354 4353 4351
f 4348 4347 4349
f 4350 4349 4347
f 4344 4343 4345
f 4346 4345 4343
f 4340 4339 4341
f 4342 4341 4339
f 4336 4335 4337
f 4338 4337 4335
f 4332 4331 4333
f 4334 4333 4331
f 4328 4327 4329
f 4330 4329 4327
f 4324 4323 4325
f 4326 4325 4323
f 4320 4319 4321
f 4322 4321 4319
f 4316 4315 4317
f 4318 4317 4315
f 4312 4311 4313
f 4314 4313 4311
f 4308 4307 4309
f 4310 4309 4307
f 4256 4255 4257
f 4255 4258 4257
f 4252 4251 4253
f 4254 4253 4251
f 4248 4247 4249
f 4250 4249 4247
f 4244 4243 4245
f 4246 4245 4243
f 4240 4239 4241
f 4242 4241 4239
f 4236 4235 4237
f 4238 4237 4235
f 4232 4231 4233
f 4231 4234 4233
f 4228 4227 4229
f 4230 4229 4227
f 4224 4223 4225
f 4226 4225 4223
f 4220 4219 4221
f 4222 4221 4219
f 4216 4215 4217
f 4218 4217 4215
f 4212 4211 4213
f 4214 4213 4211
f 4208 4207 4209
f 4207 4210 4209
f 4204 4203 4205
f 4206 4205 4203
f 4200 4199 4201
f 4202 4201 4199
f 4196 4195 4197
f 4198 4197 4195
f 4192 4191 4193
f 4194 4193 4191
f 4188 4187 4189
f 4190 4189 4187
f 4184 4183 4185
f 4183 4186 4185
f 4180 4179 4181
f 4182 4181 4179
f 4176 4175 4177
f 4178 4177 4175
f 4172 4171 4173
f 4174 4173 4171
f 4168 4167 4169
f 4170 4169 4167
f 4164 4163 4165
f 4166 4165 4163
f 4160 4159 4161
f 4159 4162 4161
f 4156 4155 4157
f 4158 4157 4155
f 4152 4151 4153
f 4154 4153 4151
f 4148 4147 4149
f 4150 4149 4147
f 4144 4143 4145
f 4146 4145 4143
f 4140 4139 4141
f 4142 4141 4139
f 4136 4135 4137
f 4135 4138 4137
f 4132 4131 4133
f 4134 4133 4131
f 4128 4127 4129
f 4130 4129 4127
f 4124 4123 4125
f 4126 4125 4123
f 4120 4119 4121
f 4122 4121 4119
f 4116 4115 4117
f 4118 4117 4115
f 4112 4111 4113
f 4111 4114 4113
f 4108 4107 4109
f 4110 4109 4107
f 4104 4103 4105
f 4106 4105 4103
f 4100 4099 4101
f 4102 4101 4099
f 4096 4095 4097
f 4098 4097 4095
f 4092 4091 4093
f 4094 4093 4091
f 4088 4087 4089
f 4087 4090 4089
f 4084 4083 4085
f 4086 4085 4083
f 4080 4079 4081
f 4082 4081 4079
f 4076 4075 4077
f 4078 4077 4075
f 4072 4071 4073
f 4074 4073 4071
f 4068 4067 4069
f 4070 4069 4067
f 4064 4063 4065
f 4066 4065 4063
f 4060 4059 4061
f 4062 4061 4059
f 4056 4055 4057
f 4058 4057 4055
f 4052 4051 4053
f 4054 4053 4051
f 4048 4047 4049
f 4050 4049 4047
f 4044 4043 4045
f 4046 4045 4043
f 4040 4039 4041
f 4042 4041 4039
f 4036 4035 4037
f 4038 4037 4035
f 4032 4031 4033
f 4034 4033 4031
f 4028 4027 4029
f 4030 4029 4027
f 4024 4023 4025
f 4026 4025 4023
f 4020 4019 4021
f 4022 4021 4019
f 4016 4015 4017
f 4018 4017 4015
f 4012 4011 4013
f 4014 4013 4011
f 4008 4007 4009
f 4010 4009 4007
f 4004 4003 4005
f 4006 4005 4003
f 4000 3999 4001
f 4002 4001 3999
f 3996 3995 3997
f 3998 3997 3995
f 3992 3991 3993
f 3994 3993 3991
f 3988 3987 3989
f 3990 3989 3987
f 3984 3983 3985
f 3986 3985 3983
f 3980 3979 3981
f 3982 3981 3979
f 3976 3975 3977
f 3978 3977 3975
f 3972 3971 3973
f 3974 3973 3971
f 3968 3967 3969
f 3970 3969 3967
f 3964 3963 3965
f 3966 3965 3963
f 3960 3959 3961
f 3962 3961 3959
f 3956 3955 3957
f 3958 3957 3955
f 3952 3951 3953
f 3954 3953 3951
f 3948 3947 3949
f 3950 3949 3947
f 3944 3943 3945
f 3946 3945 3943
f 3940 3939 3941
f 3942 3941 3939
f 3936 3935 3937
f 3938 3937 3935
f 3932 3931 3933
f 3934 3933 3931
f 3928 3927 3929
f 3930 3929 3927
f 3924 3923 3925
f 3926 3925 3923
f 3920 3919 3921
f 3922 3921 3919
f 3916 3915 3917
f 3918 3917 3915
f 3912 3911 3913
f 3914 3913 3911
f 3908 3907 3909
f 3910 3909 3907
f 3904 3903 3905
f 3906 3905 3903
f 3900 3899 3901
f 3902 3901 3899
f 3896 3895 3897
f 3898 3897 3895
f 3892 3891 3893
f 3894 3893 3891
f 3888 3887 3889
f 3890 3889 3887
f 3884 3883 3885
f 3886 3885 3883
f 3880 3879 3881
f 3882 3881 3879
f 3876 3875 3877
f 3878 3877 3875
f 3872 3871 3873
f 3874 3873 3871
f 3868 3867 3869
f 3870 3869 3867
f 3864 3863 3865
f 3866 3865 3863
f 3860 3859 3861
f 3862 3861 3859
f 3856 3855 3857
f 3858 3857 3855
f 3852 3851 3853
f 3854 3853 3851
f 3848 3847 3849
f 3850 3849 3847
f 3844 3843 3845
f 3846 3845 3843
f 3840 3839 3841
f 3842 3841 3839
f 3836 3835 3837
f 3838 3837 3835
f 3832 3831 3833
f 3834 3833 3831
f 3828 3827 3829
f 3830 3829 3827
f 3824 3823 3825
f 3823 3826 3825
f 3820 3819 3821
f 3822 3821 3819
f 3816 3815 3817
f 3818 3817 3815
f 3812 3811 3813
f 3814 3813 3811
f 3808 3807 3809
f 3810 3809 3807
f 3804 3803 3805
f 3806 3805 3803
f 3800 3799 3801
f 3799 3802 3801
f 3796 3795 3797
f 3798 3797 3795
f 3792 3791 3793
f 3794 3793 3791
f 3788 3787 3789
f 3790 3789 3787
f 3784 3783 3785
f 3786 3785 3783
f 3780 3779 3781
f 3782 3781 3779
f 3776 3775 3777
f 3775 3778 3777
f 3772 3771 3773
f 3774 3773 3771
f 3768 3767 3769
f 3770 3769 3767
f 3764 3763 3765
f 3766 3765 3763
f 3760 3759 3761
f 3762 3761 3759
f 3756 3755 3757
f 3758 3757 3755
f 3752 3751 3753
f 3751 3754 3753
f 3748 3747 3749
f 3750 3749 3747
f 3744 3743 3745
f 3746 3745 3743
f 3740 3739 3741
f 3742 3741 3739
f 3736 3735 3737
f 3738 3737 3735
f 3732 3731 3733
f 3734 3733 3731
f 3728 3727 3729
f 3727 3730 3729
f 3724 3723 3725
f 3726 3725 3723
f 3712 3711 3713
f 3711 3714 3713
f 3708 3707 3709
f 3710 3709 3707
f 3696 3695 3697
f 3695 3698 3697
f 3692 3691 3693
f 3694 3693 3691
f 3672 3671 3673
f 3674 3673 3671
f 3671 3681 3674
f 3682 3674 3681
f 3681 3689 3682
f 3690 3682 3689
f 174 173 175
f 175 188 174
f 185 174 188
f 188 187 185
f 186 185 187
f 187 176 186
f 173 186 176
f 176 175 173
f 3668 3667 3669
f 3670 3669 3667
f 3667 3679 3670
f 3680 3670 3679
f 3679 3687 3680
f 3688 3680 3687
f 130 129 131
f 131 136 130
f 133 130 136
f 136 135 133
f 134 133 135
f 135 132 134
f 129 134 132
f 132 131 129
f 3664 3663 3665
f 3666 3665 3663
f 3663 3677 3666
f 3678 3666 3677
f 3677 3685 3678
f 3686 3678 3685
f 126 125 127
f 127 140 126
f 137 126 140
f 140 139 137
f 138 137 139
f 139 128 138
f 125 138 128
f 128 127 125
f 3660 3659 3661
f 3662 3661 3659
f 3659 3675 3662
f 3676 3662 3675
f 3675 3683 3676
f 3684 3676 3683
f 114 113 115
f 115 120 114
f 117 114 120
f 120 119 117
f 118 117 119
f 119 116 118
f 113 118 116
f 116 115 113
f 3656 3655 3657
f 3655 3658 3657
f 3652 3651 3653
f 3654 3653 3651
f 3632 3631 3633
f 3631 3634 3633
f 3628 3627 3629
f 3630 3629 3627
f 3608 3607 3609
f 3610 3609 3607
f 3607 3617 3610
f 3618 3610 3617
f 3617 3625 3618
f 3626 3618 3625
f 110 109 111
f 111 124 110
f 121 110 124
f 124 123 121
f 122 121 123
f 123 112 122
f 109 122 112
f 112 111 109
f 3604 3603 3605
f 3606 3605 3603
f 3603 3615 3606
f 3616 3606 3615
f 3615 3623 3616
f 3624 3616 3623
f 3716 3648 3715
f 3649 3715 3648
f 3648 3647 3649
f 3650 3649 3647
f 3718 3644 3717
f 3645 3717 3644
f 3644 3643 3645
f 3646 3645 3643
f 3720 3640 3719
f 3641 3719 3640
f 3640 3639 3641
f 3642 3641 3639
f 3722 3636 3721
f 3637 3721 3636
f 3636 3635 3637
f 3638 3637 3635
f 2228 2227 2229
f 2229 2234 2228
f 2231 2228 2234
f 2234 2233 2231
f 2232 2231 2233
f 2233 2230 2232
f 2227 2232 2230
f 2230 2229 2227
f 3600 3599 3601
f 3602 3601 3599
f 3599 3613 3602
f 3614 3602 3613
f 3613 3621 3614
f 3622 3614 3621
f 2224 2223 2225
f 2225 2238 2224
f 2235 2224 2238
f 2238 2237 2235
f 2236 2235 2237
f 2237 2226 2236
f 2223 2236 2226
f 2226 2225 2223
f 3596 3595 3597
f 3598 3597 3595
f 3595 3611 3598
f 3612 3598 3611
f 3611 3619 3612
f 3620 3612 3619
f 2212 2211 2213
f 2213 2218 2212
f 2215 2212 2218
f 2218 2217 2215
f 2216 2215 2217
f 2217 2214 2216
f 2211 2216 2214
f 2214 2213 2211
f 3592 3591 3593
f 3591 3594 3593
f 3588 3587 3589
f 3590 3589 3587
f 3576 3575 3577
f 3575 3578 3577
f 3572 3571 3573
f 3574 3573 3571
f 3552 3551 3553
f 3554 3553 3551
f 3551 3561 3554
f 3562 3554 3561
f 3561 3569 3562
f 3570 3562 3569
f 2208 2207 2209
f 2209 2222 2208
f 2219 2208 2222
f 2222 2221 2219
f 2220 2219 2221
f 2221 2210 2220
f 2207 2220 2210
f 2210 2209 2207
f 3548 3547 3549
f 3550 3549 3547
f 3547 3559 3550
f 3560 3550 3559
f 3559 3567 3560
f 3568 3560 3567
f 2164 2163 2165
f 2165 2170 2164
f 2167 2164 2170
f 2170 2169 2167
f 2168 2167 2169
f 2169 2166 2168
f 2163 2168 2166
f 2166 2165 2163
f 3544 3543 3545
f 3546 3545 3543
f 3543 3557 3546
f 3558 3546 3557
f 3557 3565 3558
f 3566 3558 3565
f 2160 2159 2161
f 2161 2174 2160
f 2171 2160 2174
f 2174 2173 2171
f 2172 2171 2173
f 2173 2162 2172
f 2159 2172 2162
f 2162 2161 2159
f 3540 3539 3541
f 3542 3541 3539
f 3539 3555 3542
f 3556 3542 3555
f 3555 3563 3556
f 3564 3556 3563
f 2148 2147 2149
f 2149 2154 2148
f 2151 2148 2154
f 2154 2153 2151
f 2152 2151 2153
f 2153 2150 2152
f 2147 2152 2150
f 2150 2149 2147
f 3536 3535 3537
f 3535 3538 3537
f 3532 3531 3533
f 3534 3533 3531
f 3512 3511 3513
f 3514 3513 3511
f 3511 3521 3514
f 3522 3514 3521
f 3521 3529 3522
f 3530 3522 3529
f 2144 2143 2145
f 2145 2158 2144
f 2155 2144 2158
f 2158 2157 2155
f 2156 2155 2157
f 2157 2146 2156
f 2143 2156 2146
f 2146 2145 2143
f 3508 3507 3509
f 3510 3509 3507
f 3507 3519 3510
f 3520 3510 3519
f 3519 3527 3520
f 3528 3520 3527
f 2100 2099 2101
f 2101 2106 2100
f 2103 2100 2106
f 2106 2105 2103
f 2104 2103 2105
f 2105 2102 2104
f 2099 2104 2102
f 2102 2101 2099
f 3504 3503 3505
f 3506 3505 3503
f 3503 3517 3506
f 3518 3506 3517
f 3517 3525 3518
f 3526 3518 3525
f 2096 2095 2097
f 2097 2110 2096
f 2107 2096 2110
f 2110 2109 2107
f 2108 2107 2109
f 2109 2098 2108
f 2095 2108 2098
f 2098 2097 2095
f 3500 3499 3501
f 3502 3501 3499
f 3499 3515 3502
f 3516 3502 3515
f 3515 3523 3516
f 3524 3516 3523
f 2084 2083 2085
f 2085 2090 2084
f 2087 2084 2090
f 2090 2089 2087
f 2088 2087 2089
f 2089 2086 2088
f 2083 2088 2086
f 2086 2085 2083
f 3496 3495 3497
f 3498 3497 3495
f 3492 3491 3493
f 3494 3493 3491
f 3488 3487 3489
f 3490 3489 3487
f 3484 3483 3485
f 3486 3485 3483
f 3480 3479 3481
f 3482 3481 3479
f 3476 3475 3477
f 3478 3477 3475
f 3472 3471 3473
f 3474 3473 3471
f 3468 3467 3469
f 3470 3469 3467
f 3464 3463 3465
f 3466 3465 3463
f 3460 3459 3461
f 3462 3461 3459
f 3456 3455 3457
f 3458 3457 3455
f 3452 3451 3453
f 3454 3453 3451
f 3448 3447 3449
f 3450 3449 3447
f 3444 3443 3445
f 3446 3445 3443
f 3440 3439 3441
f 3442 3441 3439
f 3436 3435 3437
f 3438 3437 3435
f 3432 3431 3433
f 3431 3434 3433
f 3428 3427 3429
f 3430 3429 3427
f 3424 3423 3425
f 3426 3425 3423
f 3423 3705 3426
f 3706 3426 3705
f 2080 2079 2081
f 2081 2094 2080
f 2091 2080 2094
f 2094 2093 2091
f 2092 2091 2093
f 2093 2082 2092
f 2079 2092 2082
f 2082 2081 2079
f 3420 3419 3421
f 3422 3421 3419
f 3419 3703 3422
f 3704 3422 3703
f 1960 1959 1961
f 1961 1966 1960
f 1963 1960 1966
f 1966 1965 1963
f 1964 1963 1965
f 1965 1962 1964
f 1959 1964 1962
f 1962 1961 1959
f 3416 3415 3417
f 3418 3417 3415
f 3415 3701 3418
f 3702 3418 3701
f 1956 1955 1957
f 1957 1970 1956
f 1967 1956 1970
f 1970 1969 1967
f 1968 1967 1969
f 1969 1958 1968
f 1955 1968 1958
f 1958 1957 1955
f 3412 3411 3413
f 3414 3413 3411
f 3411 3699 3414
f 3700 3414 3699
f 1944 1943 1945
f 1945 1950 1944
f 1947 1944 1950
f 1950 1949 1947
f 1948 1947 1949
f 1949 1946 1948
f 1943 1948 1946
f 1946 1945 1943
f 3408 3407 3409
f 3407 3410 3409
f 3404 3403 3405
f 3406 3405 3403
f 3400 3399 3401
f 3402 3401 3399
f 3399 3585 3402
f 3586 3402 3585
f 1940 1939 1941
f 1941 1954 1940
f 1951 1940 1954
f 1954 1953 1951
f 1952 1951 1953
f 1953 1942 1952
f 1939 1952 1942
f 1942 1941 1939
f 3396 3395 3397
f 3398 3397 3395
f 3395 3583 3398
f 3584 3398 3583
f 1880 1879 1881
f 1881 1886 1880
f 1883 1880 1886
f 1886 1885 1883
f 1884 1883 1885
f 1885 1882 1884
f 1879 1884 1882
f 1882 1881 1879
f 3392 3391 3393
f 3394 3393 3391
f 3391 3581 3394
f 3582 3394 3581
f 1876 1875 1877
f 1877 1890 1876
f 1887 1876 1890
f 1890 1889 1887
f 1888 1887 1889
f 1889 1878 1888
f 1875 1888 1878
f 1878 1877 1875
f 3388 3387 3389
f 3390 3389 3387
f 3387 3579 3390
f 3580 3390 3579
f 1832 1831 1833
f 1833 1838 1832
f 1835 1832 1838
f 1838 1837 1835
f 1836 1835 1837
f 1837 1834 1836
f 1831 1836 1834
f 1834 1833 1831
f 3384 3383 3385
f 3383 3386 3385
f 3380 3379 3381
f 3382 3381 3379
f 3368 3367 3369
f 3367 3370 3369
f 3364 3363 3365
f 3366 3365 3363
f 3360 3359 3361
f 3362 3361 3359
f 3359 3372 3362
f 3371 3362 3372
f 1828 1827 1829
f 1829 1842 1828
f 1839 1828 1842
f 1842 1841 1839
f 1840 1839 1841
f 1841 1830 1840
f 1827 1840 1830
f 1830 1829 1827
f 3356 3355 3357
f 3358 3357 3355
f 3355 3374 3358
f 3373 3358 3374
f 1816 1815 1817
f 1817 1822 1816
f 1819 1816 1822
f 1822 1821 1819
f 1820 1819 1821
f 1821 1818 1820
f 1815 1820 1818
f 1818 1817 1815
f 3352 3351 3353
f 3354 3353 3351
f 3351 3376 3354
f 3375 3354 3376
f 1812 1811 1813
f 1813 1826 1812
f 1823 1812 1826
f 1826 1825 1823
f 1824 1823 1825
f 1825 1814 1824
f 1811 1824 1814
f 1814 1813 1811
f 3348 3347 3349
f 3350 3349 3347
f 3347 3378 3350
f 3377 3350 3378
f 1688 1687 1689
f 1689 1702 1688
f 1699 1688 1702
f 1702 1701 1699
f 1700 1699 1701
f 1701 1690 1700
f 1687 1700 1690
f 1690 1689 1687
f 3344 3343 3345
f 3346 3345 3343
f 3340 3339 3341
f 3342 3341 3339
f 3336 3335 3337
f 3338 3337 3335
f 3332 3331 3333
f 3334 3333 3331
f 3328 3327 3329
f 3330 3329 3327
f 3324 3323 3325
f 3326 3325 3323
f 3320 3319 3321
f 3322 3321 3319
f 3316 3315 3317
f 3318 3317 3315
f 3312 3311 3313
f 3314 3313 3311
f 3308 3307 3309
f 3310 3309 3307
f 3304 3303 3305
f 3306 3305 3303
f 3300 3299 3301
f 3302 3301 3299
f 3296 3295 3297
f 3298 3297 3295
f 3292 3291 3293
f 3294 3293 3291
f 3288 3287 3289
f 3290 3289 3287
f 3284 3283 3285
f 3286 3285 3283
f 3280 3279 3281
f 3282 3281 3279
f 3276 3275 3277
f 3278 3277 3275
f 3272 3271 3273
f 3274 3273 3271
f 3268 3267 3269
f 3270 3269 3267
f 3264 3263 3265
f 3266 3265 3263
f 3260 3259 3261
f 3262 3261 3259
f 3256 3255 3257
f 3258 3257 3255
f 3252 3251 3253
f 3254 3253 3251
f 3248 3247 3249
f 3250 3249 3247
f 3244 3243 3245
f 3246 3245 3243
f 3240 3239 3241
f 3242 3241 3239
f 3236 3235 3237
f 3238 3237 3235
f 3230 3229 3231
f 3232 3231 3229
f 3224 3223 3225
f 3226 3225 3223
f 3220 3219 3221
f 3222 3221 3219
f 3222 3219 3233
f 3234 3233 3219
f 3216 3215 3217
f 3218 3217 3215
f 3217 3218 3227
f 3228 3227 3218
f 3212 3211 3213
f 3214 3213 3211
f 3208 3207 3209
f 3210 3209 3207
f 3204 3203 3205
f 3206 3205 3203
f 3200 3199 3201
f 3202 3201 3199
f 3196 3195 3197
f 3198 3197 3195
f 3192 3191 3193
f 3194 3193 3191
f 3188 3187 3189
f 3190 3189 3187
f 3184 3183 3185
f 3186 3185 3183
f 3180 3179 3181
f 3182 3181 3179
f 3176 3175 3177
f 3178 3177 3175
f 3172 3171 3173
f 3174 3173 3171
f 3168 3167 3169
f 3170 3169 3167
f 3162 3161 3163
f 3164 3163 3161
f 3156 3155 3157
f 3158 3157 3155
f 3152 3151 3153
f 3154 3153 3151
f 3154 3151 3165
f 3166 3165 3151
f 3148 3147 3149
f 3150 3149 3147
f 3149 3150 3159
f 3160 3159 3150
f 3144 3143 3145
f 3146 3145 3143
f 3140 3139 3141
f 3142 3141 3139
f 3136 3135 3137
f 3138 3137 3135
f 3132 3131 3133
f 3134 3133 3131
f 3128 3127 3129
f 3130 3129 3127
f 3124 3123 3125
f 3126 3125 3123
f 3120 3119 3121
f 3122 3121 3119
f 3116 3115 3117
f 3118 3117 3115
f 3112 3111 3113
f 3114 3113 3111
f 3108 3107 3109
f 3110 3109 3107
f 3104 3103 3105
f 3106 3105 3103
f 3100 3099 3101
f 3102 3101 3099
f 3094 3093 3095
f 3096 3095 3093
f 3088 3087 3089
f 3090 3089 3087
f 3084 3083 3085
f 3086 3085 3083
f 3086 3083 3097
f 3098 3097 3083
f 3080 3079 3081
f 3082 3081 3079
f 3081 3082 3091
f 3092 3091 3082
f 3076 3075 3077
f 3078 3077 3075
f 3072 3071 3073
f 3074 3073 3071
f 3068 3067 3069
f 3070 3069 3067
f 3064 3063 3065
f 3066 3065 3063
f 3060 3059 3061
f 3062 3061 3059
f 3056 3055 3057
f 3058 3057 3055
f 3052 3051 3053
f 3054 3053 3051
f 3048 3047 3049
f 3050 3049 3047
f 3044 3043 3045
f 3046 3045 3043
f 3040 3039 3041
f 3042 3041 3039
f 3036 3035 3037
f 3038 3037 3035
f 3032 3031 3033
f 3034 3033 3031
f 3026 3025 3027
f 3028 3027 3025
f 3022 3021 3023
f 3024 3023 3021
f 3018 3017 3019
f 3020 3019 3017
f 3014 3013 3015
f 3016 3015 3013
f 3030 3029 3010
f 3009 3010 3029
f 3010 3009 3011
f 3012 3011 3009
f 3006 3005 3007
f 3008 3007 3005
f 3002 3001 3003
f 3004 3003 3001
f 2998 2997 2999
f 3000 2999 2997
f 2994 2993 2995
f 2996 2995 2993
f 2990 2989 2991
f 2992 2991 2989
f 2986 2985 2987
f 2988 2987 2985
f 2982 2981 2983
f 2984 2983 2981
f 2978 2977 2979
f 2980 2979 2977
f 2974 2973 2975
f 2976 2975 2973
f 2970 2969 2971
f 2972 2971 2969
f 2966 2965 2967
f 2968 2967 2965
f 2962 2961 2963
f 2964 2963 2961
f 2956 2955 2957
f 2958 2957 2955
f 2952 2951 2953
f 2954 2953 2951
f 2948 2947 2949
f 2950 2949 2947
f 2944 2943 2945
f 2946 2945 2943
f 2960 2959 2940
f 2939 2940 2959
f 2940 2939 2941
f 2942 2941 2939
f 2936 2935 2937
f 2938 2937 2935
f 2932 2931 2933
f 2934 2933 2931
f 2928 2927 2929
f 2930 2929 2927
f 2924 2923 2925
f 2926 2925 2923
f 2920 2919 2921
f 2922 2921 2919
f 2916 2915 2917
f 2918 2917 2915
f 2912 2911 2913
f 2914 2913 2911
f 2908 2907 2909
f 2910 2909 2907
f 2904 2903 2905
f 2906 2905 2903
f 2900 2899 2901
f 2902 2901 2899
f 2896 2895 2897
f 2898 2897 2895
f 2892 2891 2893
f 2894 2893 2891
f 2886 2885 2887
f 2888 2887 2885
f 2882 2881 2883
f 2884 2883 2881
f 2878 2877 2879
f 2880 2879 2877
f 2874 2873 2875
f 2876 2875 2873
f 2890 2889 2870
f 2869 2870 2889
f 2870 2869 2871
f 2872 2871 2869
f 2866 2865 2867
f 2868 2867 2865
f 2862 2861 2863
f 2864 2863 2861
f 2858 2857 2859
f 2860 2859 2857
f 2854 2853 2855
f 2856 2855 2853
f 2850 2849 2851
f 2852 2851 2849
f 2846 2845 2847
f 2848 2847 2845
f 2842 2841 2843
f 2844 2843 2841
f 2838 2837 2839
f 2840 2839 2837
f 2834 2833 2835
f 2836 2835 2833
f 2830 2829 2831
f 2832 2831 2829
f 2826 2825 2827
f 2828 2827 2825
f 2822 2821 2823
f 2824 2823 2821
f 2816 2815 2817
f 2818 2817 2815
f 2812 2811 2813
f 2814 2813 2811
f 2808 2807 2809
f 2810 2809 2807
f 2804 2803 2805
f 2806 2805 2803
f 2820 2819 2800
f 2799 2800 2819
f 2800 2799 2801
f 2802 2801 2799
f 2796 2795 2797
f 2798 2797 2795
f 2792 2791 2793
f 2794 2793 2791
f 2788 2787 2789
f 2790 2789 2787
f 2784 2783 2785
f 2786 2785 2783
f 2780 2779 2781
f 2782 2781 2779
f 2776 2775 2777
f 2778 2777 2775
f 2772 2771 2773
f 2774 2773 2771
f 2768 2767 2769
f 2770 2769 2767
f 2764 2763 2765
f 2766 2765 2763
f 2760 2759 2761
f 2762 2761 2759
f 2756 2755 2757
f 2758 2757 2755
f 2752 2751 2753
f 2754 2753 2751
f 2746 2745 2747
f 2748 2747 2745
f 2742 2741 2743
f 2744 2743 2741
f 2738 2737 2739
f 2740 2739 2737
f 2734 2733 2735
f 2736 2735 2733
f 2750 2749 2730
f 2729 2730 2749
f 2730 2729 2731
f 2732 2731 2729
f 2726 2725 2727
f 2728 2727 2725
f 2722 2721 2723
f 2724 2723 2721
f 2718 2717 2719
f 2720 2719 2717
f 2714 2713 2715
f 2716 2715 2713
f 2710 2709 2711
f 2712 2711 2709
f 2706 2705 2707
f 2708 2707 2705
f 2702 2701 2703
f 2704 2703 2701
f 2698 2697 2699
f 2700 2699 2697
f 2694 2693 2695
f 2696 2695 2693
f 2690 2689 2691
f 2692 2691 2689
f 2686 2685 2687
f 2688 2687 2685
f 2682 2681 2683
f 2684 2683 2681
f 2676 2675 2677
f 2678 2677 2675
f 2672 2671 2673
f 2674 2673 2671
f 2668 2667 2669
f 2670 2669 2667
f 2664 2663 2665
f 2666 2665 2663
f 2680 2679 2660
f 2659 2660 2679
f 2660 2659 2661
f 2662 2661 2659
f 2656 2655 2657
f 2658 2657 2655
f 2652 2651 2653
f 2654 2653 2651
f 2648 2647 2649
f 2650 2649 2647
f 2644 2643 2645
f 2646 2645 2643
f 2640 2639 2641
f 2642 2641 2639
f 2636 2635 2637
f 2638 2637 2635
f 2632 2631 2633
f 2634 2633 2631
f 2628 2627 2629
f 2630 2629 2627
f 2624 2623 2625
f 2626 2625 2623
f 2620 2619 2621
f 2622 2621 2619
f 2616 2615 2617
f 2618 2617 2615
f 2612 2611 2613
f 2614 2613 2611
f 2606 2605 2607
f 2608 2607 2605
f 2602 2601 2603
f 2604 2603 2601
f 2598 2597 2599
f 2600 2599 2597
f 2594 2593 2595
f 2596 2595 2593
f 2610 2609 2590
f 2589 2590 2609
f 2590 2589 2591
f 2592 2591 2589
f 2586 2585 2587
f 2588 2587 2585
f 2582 2581 2583
f 2584 2583 2581
f 2578 2577 2579
f 2580 2579 2577
f 2574 2573 2575
f 2576 2575 2573
f 2570 2569 2571
f 2572 2571 2569
f 2566 2565 2567
f 2568 2567 2565
f 2562 2561 2563
f 2564 2563 2561
f 2558 2557 2559
f 2560 2559 2557
f 2554 2553 2555
f 2556 2555 2553
f 2550 2549 2551
f 2552 2551 2549
f 2546 2545 2547
f 2548 2547 2545
f 2542 2541 2543
f 2544 2543 2541
f 2536 2535 2537
f 2538 2537 2535
f 2532 2531 2533
f 2534 2533 2531
f 2528 2527 2529
f 2530 2529 2527
f 2524 2523 2525
f 2526 2525 2523
f 2540 2539 2520
f 2519 2520 2539
f 2520 2519 2521
f 2522 2521 2519
f 2516 2515 2517
f 2518 2517 2515
f 2512 2511 2513
f 2514 2513 2511
f 2508 2507 2509
f 2510 2509 2507
f 2504 2503 2505
f 2506 2505 2503
f 2500 2499 2501
f 2502 2501 2499
f 2496 2495 2497
f 2498 2497 2495
f 2492 2491 2493
f 2494 2493 2491
f 2488 2487 2489
f 2490 2489 2487
f 2484 2483 2485
f 2486 2485 2483
f 2480 2479 2481
f 2482 2481 2479
f 2476 2475 2477
f 2478 2477 2475
f 2472 2471 2473
f 2474 2473 2471
f 2466 2465 2467
f 2468 2467 2465
f 2462 2461 2463
f 2464 2463 2461
f 2458 2457 2459
f 2460 2459 2457
f 2454 2453 2455
f 2456 2455 2453
f 2470 2469 2450
f 2449 2450 2469
f 2450 2449 2451
f 2452 2451 2449
f 2446 2445 2447
f 2448 2447 2445
f 2442 2441 2443
f 2444 2443 2441
f 2438 2437 2439
f 2440 2439 2437
f 2434 2433 2435
f 2436 2435 2433
f 2430 2429 2431
f 2432 2431 2429
f 2426 2425 2427
f 2428 2427 2425
f 2422 2421 2423
f 2424 2423 2421
f 2418 2417 2419
f 2420 2419 2417
f 2414 2413 2415
f 2416 2415 2413
f 2410 2409 2411
f 2412 2411 2409
f 2406 2405 2407
f 2408 2407 2405
f 2402 2401 2403
f 2404 2403 2401
f 2396 2395 2397
f 2398 2397 2395
f 2392 2391 2393
f 2394 2393 2391
f 2388 2387 2389
f 2390 2389 2387
f 2384 2383 2385
f 2386 2385 2383
f 2400 2399 2380
f 2379 2380 2399
f 2380 2379 2381
f 2382 2381 2379
f 2376 2375 2377
f 2378 2377 2375
f 2372 2371 2373
f 2374 2373 2371
f 2368 2367 2369
f 2370 2369 2367
f 2364 2363 2365
f 2366 2365 2363
f 2360 2359 2361
f 2362 2361 2359
f 2356 2355 2357
f 2358 2357 2355
f 2352 2351 2353
f 2354 2353 2351
f 2348 2347 2349
f 2350 2349 2347
f 2344 2343 2345
f 2346 2345 2343
f 2340 2339 2341
f 2342 2341 2339
f 2336 2335 2337
f 2338 2337 2335
f 2332 2331 2333
f 2334 2333 2331
f 2326 2325 2327
f 2328 2327 2325
f 2322 2321 2323
f 2324 2323 2321
f 2318 2317 2319
f 2320 2319 2317
f 2314 2313 2315
f 2316 2315 2313
f 2330 2329 2310
f 2309 2310 2329
f 2310 2309 2311
f 2312 2311 2309
f 2306 2305 2307
f 2308 2307 2305
f 2302 2301 2303
f 2304 2303 2301
f 2298 2297 2299
f 2300 2299 2297
f 2294 2293 2295
f 2296 2295 2293
f 2290 2289 2291
f 2292 2291 2289
f 2286 2285 2287
f 2288 2287 2285
f 2282 2281 2283
f 2284 2283 2281
f 2278 2277 2279
f 2280 2279 2277
f 2274 2273 2275
f 2276 2275 2273
f 2270 2269 2271
f 2272 2271 2269
f 2266 2265 2267
f 2268 2267 2265
f 2262 2261 2263
f 2264 2263 2261
f 2256 2255 2257
f 2258 2257 2255
f 2252 2251 2253
f 2254 2253 2251
f 2248 2247 2249
f 2250 2249 2247
f 2244 2243 2245
f 2246 2245 2243
f 2260 2259 2240
f 2239 2240 2259
f 2240 2239 2241
f 2242 2241 2239
f 2204 2203 2205
f 2206 2205 2203
f 2200 2199 2201
f 2202 2201 2199
f 2196 2195 2197
f 2198 2197 2195
f 2192 2191 2193
f 2194 2193 2191
f 2188 2187 2189
f 2190 2189 2187
f 2184 2183 2185
f 2186 2185 2183
f 2180 2179 2181
f 2182 2181 2179
f 2176 2175 2177
f 2178 2177 2175
f 2140 2139 2141
f 2142 2141 2139
f 2136 2135 2137
f 2138 2137 2135
f 2132 2131 2133
f 2134 2133 2131
f 2128 2127 2129
f 2130 2129 2127
f 2124 2123 2125
f 2126 2125 2123
f 2120 2119 2121
f 2122 2121 2119
f 2116 2115 2117
f 2118 2117 2115
f 2112 2111 2113
f 2114 2113 2111
f 2076 2075 2077
f 2078 2077 2075
f 2072 2071 2073
f 2074 2073 2071
f 2068 2067 2069
f 2070 2069 2067
f 2064 2063 2065
f 2066 2065 2063
f 2060 2059 2061
f 2062 2061 2059
f 2056 2055 2057
f 2058 2057 2055
f 2052 2051 2053
f 2054 2053 2051
f 2048 2047 2049
f 2050 2049 2047
f 2044 2043 2045
f 2046 2045 2043
f 2040 2039 2041
f 2042 2041 2039
f 2036 2035 2037
f 2038 2037 2035
f 2032 2031 2033
f 2034 2033 2031
f 2028 2027 2029
f 2030 2029 2027
f 2024 2023 2025
f 2026 2025 2023
f 2020 2019 2021
f 2022 2021 2019
f 2016 2015 2017
f 2018 2017 2015
f 2012 2011 2013
f 2014 2013 2011
f 2008 2007 2009
f 2010 2009 2007
f 2004 2003 2005
f 2006 2005 2003
f 2000 1999 2001
f 2002 2001 1999
f 1996 1995 1997
f 1998 1997 1995
f 1992 1991 1993
f 1994 1993 1991
f 1988 1987 1989
f 1990 1989 1987
f 1984 1983 1985
f 1986 1985 1983
f 1980 1979 1981
f 1982 1981 1979
f 1976 1975 1977
f 1978 1977 1975
f 1972 1971 1973
f 1974 1973 1971
f 1936 1935 1937
f 1938 1937 1935
f 1932 1931 1933
f 1934 1933 1931
f 1928 1927 1929
f 1930 1929 1927
f 1924 1923 1925
f 1926 1925 1923
f 1920 1919 1921
f 1922 1921 1919
f 1916 1915 1917
f 1918 1917 1915
f 1912 1911 1913
f 1914 1913 1911
f 1908 1907 1909
f 1910 1909 1907
f 1872 1871 1873
f 1874 1873 1871
f 1868 1867 1869
f 1870 1869 1867
f 1864 1863 1865
f 1866 1865 1863
f 1860 1859 1861
f 1862 1861 1859
f 1856 1855 1857
f 1858 1857 1855
f 1852 1851 1853
f 1854 1853 1851
f 1848 1847 1849
f 1850 1849 1847
f 1844 1843 1845
f 1846 1845 1843
f 1808 1807 1809
f 1810 1809 1807
f 1804 1803 1805
f 1806 1805 1803
f 1800 1799 1801
f 1802 1801 1799
f 1796 1795 1797
f 1798 1797 1795
f 1792 1791 1793
f 1794 1793 1791
f 1788 1787 1789
f 1790 1789 1787
f 1784 1783 1785
f 1786 1785 1783
f 1780 1779 1781
f 1782 1781 1779
f 1776 1775 1777
f 1778 1777 1775
f 1772 1771 1773
f 1774 1773 1771
f 1768 1767 1769
f 1770 1769 1767
f 1764 1763 1765
f 1766 1765 1763
f 1760 1759 1761
f 1762 1761 1759
f 1756 1755 1757
f 1758 1757 1755
f 1752 1751 1753
f 1754 1753 1751
f 1748 1747 1749
f 1750 1749 1747
f 1744 1743 1745
f 1746 1745 1743
f 1740 1739 1741
f 1742 1741 1739
f 1736 1735 1737
f 1738 1737 1735
f 1732 1731 1733
f 1734 1733 1731
f 1728 1727 1729
f 1730 1729 1727
f 1724 1723 1725
f 1726 1725 1723
f 1720 1719 1721
f 1722 1721 1719
f 1716 1715 1717
f 1718 1717 1715
f 1712 1711 1713
f 1714 1713 1711
f 1708 1707 1709
f 1710 1709 1707
f 1704 1703 1705
f 1706 1705 1703
f 1668 1667 1669
f 1670 1669 1667
f 1664 1663 1665
f 1666 1665 1663
f 1660 1659 1661
f 1662 1661 1659
f 1656 1655 1657
f 1658 1657 1655
f 1652 1651 1653
f 1654 1653 1651
f 1648 1647 1649
f 1650 1649 1647
f 1644 1643 1645
f 1646 1645 1643
f 1640 1639 1641
f 1642 1641 1639
f 1604 1603 1605
f 1606 1605 1603
f 1600 1599 1601
f 1602 1601 1599
f 1596 1595 1597
f 1598 1597 1595
f 1592 1591 1593
f 1594 1593 1591
f 1588 1587 1589
f 1590 1589 1587
f 1584 1583 1585
f 1586 1585 1583
f 1580 1579 1581
f 1582 1581 1579
f 1576 1575 1577
f 1578 1577 1575
f 1540 1539 1541
f 1542 1541 1539
f 1536 1535 1537
f 1538 1537 1535
f 1532 1531 1533
f 1534 1533 1531
f 1528 1527 1529
f 1530 1529 1527
f 1524 1523 1525
f 1526 1525 1523
f 1520 1519 1521
f 1522 1521 1519
f 1516 1515 1517
f 1518 1517 1515
f 1512 1511 1513
f 1514 1513 1511
f 1508 1507 1509
f 1510 1509 1507
f 1504 1503 1505
f 1506 1505 1503
f 1500 1499 1501
f 1502 1501 1499
f 1496 1495 1497
f 1498 1497 1495
f 1492 1491 1493
f 1494 1493 1491
f 1488 1487 1489
f 1490 1489 1487
f 1484 1483 1485
f 1486 1485 1483
f 1480 1479 1481
f 1482 1481 1479
f 1476 1475 1477
f 1478 1477 1475
f 1472 1471 1473
f 1474 1473 1471
f 1468 1467 1469
f 1470 1469 1467
f 1464 1463 1465
f 1466 1465 1463
f 1460 1459 1461
f 1462 1461 1459
f 1456 1455 1457
f 1458 1457 1455
f 1452 1451 1453
f 1454 1453 1451
f 1448 1447 1449
f 1450 1449 1447
f 1444 1443 1445
f 1446 1445 1443
f 1440 1439 1441
f 1442 1441 1439
f 1436 1435 1437
f 1438 1437 1435
f 1400 1399 1401
f 1402 1401 1399
f 1396 1395 1397
f 1398 1397 1395
f 1392 1391 1393
f 1394 1393 1391
f 1388 1387 1389
f 1390 1389 1387
f 1384 1383 1385
f 1386 1385 1383
f 1380 1379 1381
f 1382 1381 1379
f 1376 1375 1377
f 1378 1377 1375
f 1372 1371 1373
f 1374 1373 1371
f 1336 1335 1337
f 1338 1337 1335
f 1332 1331 1333
f 1334 1333 1331
f 1328 1327 1329
f 1330 1329 1327
f 1324 1323 1325
f 1326 1325 1323
f 1320 1319 1321
f 1322 1321 1319
f 1316 1315 1317
f 1318 1317 1315
f 1312 1311 1313
f 1314 1313 1311
f 1308 1307 1309
f 1310 1309 1307
f 1272 1271 1273
f 1274 1273 1271
f 1268 1267 1269
f 1270 1269 1267
f 1264 1263 1265
f 1266 1265 1263
f 1260 1259 1261
f 1262 1261 1259
f 1256 1255 1257
f 1258 1257 1255
f 1252 1251 1253
f 1254 1253 1251
f 1248 1247 1249
f 1250 1249 1247
f 1244 1243 1245
f 1246 1245 1243
f 1240 1239 1241
f 1242 1241 1239
f 1236 1235 1237
f 1238 1237 1235
f 1232 1231 1233
f 1234 1233 1231
f 1228 1227 1229
f 1230 1229 1227
f 1224 1223 1225
f 1226 1225 1223
f 1220 1219 1221
f 1222 1221 1219
f 1216 1215 1217
f 1218 1217 1215
f 1212 1211 1213
f 1214 1213 1211
f 1208 1207 1209
f 1210 1209 1207
f 1204 1203 1205
f 1206 1205 1203
f 1200 1199 1201
f 1202 1201 1199
f 1196 1195 1197
f 1198 1197 1195
f 1192 1191 1193
f 1194 1193 1191
f 1188 1187 1189
f 1190 1189 1187
f 1184 1183 1185
f 1186 1185 1183
f 1180 1179 1181
f 1182 1181 1179
f 1176 1175 1177
f 1178 1177 1175
f 1172 1171 1173
f 1174 1173 1171
f 1168 1167 1169
f 1170 1169 1167
f 1164 1163 1165
f 1166 1165 1163
f 1160 1159 1161
f 1162 1161 1159
f 1156 1155 1157
f 1158 1157 1155
f 1152 1151 1153
f 1154 1153 1151
f 1148 1147 1149
f 1150 1149 1147
f 1144 1143 1145
f 1146 1145 1143
f 1140 1139 1141
f 1142 1141 1139
f 1136 1135 1137
f 1138 1137 1135
f 1132 1131 1133
f 1134 1133 1131
f 1128 1127 1129
f 1130 1129 1127
f 1124 1123 1125
f 1126 1125 1123
f 1120 1119 1121
f 1122 1121 1119
f 1114 1113 1115
f 1116 1115 1113
f 1110 1109 1111
f 1112 1111 1109
f 1106 1105 1107
f 1108 1107 1105
f 1102 1101 1103
f 1104 1103 1101
f 1118 1117 1098
f 1097 1098 1117
f 1098 1097 1099
f 1100 1099 1097
f 1094 1093 1095
f 1096 1095 1093
f 1090 1089 1091
f 1092 1091 1089
f 1086 1085 1087
f 1088 1087 1085
f 1082 1081 1083
f 1084 1083 1081
f 1078 1077 1079
f 1080 1079 1077
f 1074 1073 1075
f 1076 1075 1073
f 1070 1069 1071
f 1072 1071 1069
f 1066 1065 1067
f 1068 1067 1065
f 1062 1061 1063
f 1064 1063 1061
f 1058 1057 1059
f 1060 1059 1057
f 1054 1053 1055
f 1056 1055 1053
f 1050 1049 1051
f 1052 1051 1049
f 1044 1043 1045
f 1046 1045 1043
f 1040 1039 1041
f 1042 1041 1039
f 1036 1035 1037
f 1038 1037 1035
f 1032 1031 1033
f 1034 1033 1031
f 1048 1047 1028
f 1027 1028 1047
f 1028 1027 1029
f 1030 1029 1027
f 1024 1023 1025
f 1026 1025 1023
f 1020 1019 1021
f 1022 1021 1019
f 1016 1015 1017
f 1018 1017 1015
f 1012 1011 1013
f 1014 1013 1011
f 1008 1007 1009
f 1010 1009 1007
f 1004 1003 1005
f 1006 1005 1003
f 1000 999 1001
f 1002 1001 999
f 996 995 997
f 998 997 995
f 992 991 993
f 994 993 991
f 988 987 989
f 990 989 987
f 984 983 985
f 986 985 983
f 980 979 981
f 982 981 979
f 974 973 975
f 976 975 973
f 970 969 971
f 972 971 969
f 966 965 967
f 968 967 965
f 962 961 963
f 964 963 961
f 978 977 958
f 957 958 977
f 958 957 959
f 960 959 957
f 954 953 955
f 956 955 953
f 950 949 951
f 952 951 949
f 946 945 947
f 948 947 945
f 942 941 943
f 944 943 941
f 938 937 939
f 940 939 937
f 934 933 935
f 936 935 933
f 930 929 931
f 932 931 929
f 926 925 927
f 928 927 925
f 922 921 923
f 924 923 921
f 918 917 919
f 920 919 917
f 914 913 915
f 916 915 913
f 910 909 911
f 912 911 909
f 904 903 905
f 906 905 903
f 900 899 901
f 902 901 899
f 896 895 897
f 898 897 895
f 892 891 893
f 894 893 891
f 908 907 888
f 887 888 907
f 888 887 889
f 890 889 887
f 884 883 885
f 886 885 883
f 880 879 881
f 882 881 879
f 876 875 877
f 878 877 875
f 872 871 873
f 874 873 871
f 868 867 869
f 870 869 867
f 864 863 865
f 866 865 863
f 860 859 861
f 862 861 859
f 856 855 857
f 858 857 855
f 852 851 853
f 854 853 851
f 848 847 849
f 850 849 847
f 844 843 845
f 846 845 843
f 840 839 841
f 842 841 839
f 834 833 835
f 836 835 833
f 830 829 831
f 832 831 829
f 826 825 827
f 828 827 825
f 822 821 823
f 824 823 821
f 838 837 818
f 817 818 837
f 818 817 819
f 820 819 817
f 782 781 783
f 784 783 781
f 778 777 779
f 780 779 777
f 774 773 775
f 776 775 773
f 770 769 771
f 772 771 769
f 766 765 767
f 768 767 765
f 762 761 763
f 764 763 761
f 758 757 759
f 760 759 757
f 754 753 755
f 756 755 753
f 718 717 719
f 720 719 717
f 714 713 715
f 716 715 713
f 710 709 711
f 712 711 709
f 706 705 707
f 708 707 705
f 702 701 703
f 704 703 701
f 698 697 699
f 700 699 697
f 694 693 695
f 696 695 693
f 690 689 691
f 692 691 689
f 654 653 655
f 656 655 653
f 650 649 651
f 652 651 649
f 646 645 647
f 648 647 645
f 642 641 643
f 644 643 641
f 638 637 639
f 640 639 637
f 634 633 635
f 636 635 633
f 630 629 631
f 632 631 629
f 626 625 627
f 628 627 625
f 622 621 623
f 624 623 621
f 618 617 619
f 620 619 617
f 614 613 615
f 616 615 613
f 610 609 611
f 612 611 609
f 606 605 607
f 608 607 605
f 602 601 603
f 604 603 601
f 598 597 599
f 600 599 597
f 594 593 595
f 596 595 593
f 590 589 591
f 592 591 589
f 586 585 587
f 588 587 585
f 582 581 583
f 584 583 581
f 578 577 579
f 580 579 577
f 574 573 575
f 576 575 573
f 570 569 571
f 572 571 569
f 566 565 567
f 568 567 565
f 562 561 563
f 564 563 561
f 558 557 559
f 560 559 557
f 554 553 555
f 556 555 553
f 550 549 551
f 552 551 549
f 546 545 547
f 548 547 545
f 542 541 543
f 544 543 541
f 538 537 539
f 540 539 537
f 534 533 535
f 536 535 533
f 530 529 531
f 532 531 529
f 526 525 527
f 528 527 525
f 522 521 523
f 524 523 521
f 518 517 519
f 520 519 517
f 514 513 515
f 516 515 513
f 510 509 511
f 512 511 509
f 506 505 507
f 508 507 505
f 502 501 503
f 504 503 501
f 496 495 497
f 498 497 495
f 492 491 493
f 494 493 491
f 488 487 489
f 490 489 487
f 484 483 485
f 486 485 483
f 500 499 480
f 479 480 499
f 480 479 481
f 482 481 479
f 476 475 477
f 478 477 475
f 472 471 473
f 474 473 471
f 468 467 469
f 470 469 467
f 464 463 465
f 466 465 463
f 460 459 461
f 462 461 459
f 456 455 457
f 458 457 455
f 452 451 453
f 454 453 451
f 448 447 449
f 450 449 447
f 444 443 445
f 446 445 443
f 440 439 441
f 442 441 439
f 436 435 437
f 438 437 435
f 432 431 433
f 434 433 431
f 426 425 427
f 428 427 425
f 422 421 423
f 424 423 421
f 418 417 419
f 420 419 417
f 414 413 415
f 416 415 413
f 430 429 410
f 409 410 429
f 410 409 411
f 412 411 409
f 406 405 407
f 408 407 405
f 402 401 403
f 404 403 401
f 398 397 399
f 400 399 397
f 394 393 395
f 396 395 393
f 390 389 391
f 392 391 389
f 386 385 387
f 388 387 385
f 382 381 383
f 384 383 381
f 378 377 379
f 380 379 377
f 374 373 375
f 376 375 373
f 370 369 371
f 372 371 369
f 366 365 367
f 368 367 365
f 362 361 363
f 364 363 361
f 356 355 357
f 358 357 355
f 352 351 353
f 354 353 351
f 348 347 349
f 350 349 347
f 344 343 345
f 346 345 343
f 360 359 340
f 339 340 359
f 340 339 341
f 342 341 339
f 336 335 337
f 338 337 335
f 332 331 333
f 334 333 331
f 328 327 329
f 330 329 327
f 324 323 325
f 326 325 323
f 320 319 321
f 322 321 319
f 316 315 317
f 318 317 315
f 312 311 313
f 314 313 311
f 308 307 309
f 310 309 307
f 304 303 305
f 306 305 303
f 300 299 301
f 302 301 299
f 296 295 297
f 298 297 295
f 292 291 293
f 294 293 291
f 286 285 287
f 288 287 285
f 282 281 283
f 284 283 281
f 278 277 279
f 280 279 277
f 274 273 275
f 276 275 273
f 290 289 270
f 269 270 289
f 270 269 271
f 272 271 269
f 234 233 235
f 236 235 233
f 230 229 231
f 232 231 229
f 226 225 227
f 228 227 225
f 222 221 223
f 224 223 221
f 218 217 219
f 220 219 217
f 214 213 215
f 216 215 213
f 210 209 211
f 212 211 209
f 1697 1694 1696
f 1696 1695 1697
f 1698 1697 1695
f 1695 1692 1698
f 1693 1698 1692
f 1692 1691 1693
f 1694 1693 1691
f 1691 1696 1694
f 1676 1675 1677
f 1677 1682 1676
f 1679 1676 1682
f 1682 1681 1679
f 1680 1679 1681
f 1681 1678 1680
f 1675 1680 1678
f 1678 1677 1675
f 197 194 200
f 200 199 197
f 198 197 199
f 199 196 198
f 193 198 196
f 196 195 193
f 194 193 195
f 195 200 194
f 1672 1671 1673
f 1673 1686 1672
f 1683 1672 1686
f 1686 1685 1683
f 1684 1683 1685
f 1685 1674 1684
f 1671 1684 1674
f 1674 1673 1671
f 189 202 192
f 192 191 189
f 190 189 191
f 191 204 190
f 201 190 204
f 204 203 201
f 202 201 203
f 203 192 202
f 1628 1627 1629
f 1629 1634 1628
f 1631 1628 1634
f 1634 1633 1631
f 1632 1631 1633
f 1633 1630 1632
f 1627 1632 1630
f 1630 1629 1627
f 665 662 668
f 668 667 665
f 666 665 667
f 667 664 666
f 661 666 664
f 664 663 661
f 662 661 663
f 663 668 662
f 1624 1623 1625
f 1625 1638 1624
f 1635 1624 1638
f 1638 1637 1635
f 1636 1635 1637
f 1637 1626 1636
f 1623 1636 1626
f 1626 1625 1623
f 657 670 660
f 660 659 657
f 658 657 659
f 659 672 658
f 669 658 672
f 672 671 669
f 670 669 671
f 671 660 670
f 1612 1611 1613
f 1613 1618 1612
f 1615 1612 1618
f 1618 1617 1615
f 1616 1615 1617
f 1617 1614 1616
f 1611 1616 1614
f 1614 1613 1611
f 674 673 675
f 675 688 674
f 685 674 688
f 688 687 685
f 686 685 687
f 687 676 686
f 673 686 676
f 676 675 673
f 1608 1607 1609
f 1609 1622 1608
f 1619 1608 1622
f 1622 1621 1619
f 1620 1619 1621
f 1621 1610 1620
f 1607 1620 1610
f 1610 1609 1607
f 678 677 679
f 679 684 678
f 681 678 684
f 684 683 681
f 682 681 683
f 683 680 682
f 677 682 680
f 680 679 677
f 1564 1563 1565
f 1565 1570 1564
f 1567 1564 1570
f 1570 1569 1567
f 1568 1567 1569
f 1569 1566 1568
f 1563 1568 1566
f 1566 1565 1563
f 1903 1892 1906
f 1906 1905 1903
f 1904 1903 1905
f 1905 1894 1904
f 1891 1904 1894
f 1894 1893 1891
f 1892 1891 1893
f 1893 1906 1892
f 1560 1559 1561
f 1561 1574 1560
f 1571 1560 1574
f 1574 1573 1571
f 1572 1571 1573
f 1573 1562 1572
f 1559 1572 1562
f 1562 1561 1559
f 1895 1900 1898
f 1898 1897 1895
f 1896 1895 1897
f 1897 1902 1896
f 1899 1896 1902
f 1902 1901 1899
f 1900 1899 1901
f 1901 1898 1900
f 1548 1547 1549
f 1549 1554 1548
f 1551 1548 1554
f 1554 1553 1551
f 1552 1551 1553
f 1553 1550 1552
f 1547 1552 1550
f 1550 1549 1547
f 238 237 239
f 239 252 238
f 249 238 252
f 252 251 249
f 250 249 251
f 251 240 250
f 237 250 240
f 240 239 237
f 1544 1543 1545
f 1545 1558 1544
f 1555 1544 1558
f 1558 1557 1555
f 1556 1555 1557
f 1557 1546 1556
f 1543 1556 1546
f 1546 1545 1543
f 242 241 243
f 243 248 242
f 245 242 248
f 248 247 245
f 246 245 247
f 247 244 246
f 241 246 244
f 244 243 241
f 1424 1423 1425
f 1425 1430 1424
f 1427 1424 1430
f 1430 1429 1427
f 1428 1427 1429
f 1429 1426 1428
f 1423 1428 1426
f 1426 1425 1423
f 254 253 255
f 255 268 254
f 265 254 268
f 268 267 265
f 266 265 267
f 267 256 266
f 253 266 256
f 256 255 253
f 1420 1419 1421
f 1421 1434 1420
f 1431 1420 1434
f 1434 1433 1431
f 1432 1431 1433
f 1433 1422 1432
f 1419 1432 1422
f 1422 1421 1419
f 258 257 259
f 259 264 258
f 261 258 264
f 264 263 261
f 262 261 263
f 263 260 262
f 257 262 260
f 260 259 257
f 1408 1407 1409
f 1409 1414 1408
f 1411 1408 1414
f 1414 1413 1411
f 1412 1411 1413
f 1413 1410 1412
f 1407 1412 1410
f 1410 1409 1407
f 722 721 723
f 723 736 722
f 733 722 736
f 736 735 733
f 734 733 735
f 735 724 734
f 721 734 724
f 724 723 721
f 1404 1403 1405
f 1405 1418 1404
f 1415 1404 1418
f 1418 1417 1415
f 1416 1415 1417
f 1417 1406 1416
f 1403 1416 1406
f 1406 1405 1403
f 726 725 727
f 727 732 726
f 729 726 732
f 732 731 729
f 730 729 731
f 731 728 730
f 725 730 728
f 728 727 725
f 1360 1359 1361
f 1361 1366 1360
f 1363 1360 1366
f 1366 1365 1363
f 1364 1363 1365
f 1365 1362 1364
f 1359 1364 1362
f 1362 1361 1359
f 738 737 739
f 739 752 738
f 749 738 752
f 752 751 749
f 750 749 751
f 751 740 750
f 737 750 740
f 740 739 737
f 1356 1355 1357
f 1357 1370 1356
f 1367 1356 1370
f 1370 1369 1367
f 1368 1367 1369
f 1369 1358 1368
f 1355 1368 1358
f 1358 1357 1355
f 742 741 743
f 743 748 742
f 745 742 748
f 748 747 745
f 746 745 747
f 747 744 746
f 741 746 744
f 744 743 741
f 1344 1343 1345
f 1345 1350 1344
f 1347 1344 1350
f 1350 1349 1347
f 1348 1347 1349
f 1349 1346 1348
f 1343 1348 1346
f 1346 1345 1343
f 786 785 787
f 787 800 786
f 797 786 800
f 800 799 797
f 798 797 799
f 799 788 798
f 785 798 788
f 788 787 785
f 1340 1339 1341
f 1341 1354 1340
f 1351 1340 1354
f 1354 1353 1351
f 1352 1351 1353
f 1353 1342 1352
f 1339 1352 1342
f 1342 1341 1339
f 790 789 791
f 791 796 790
f 793 790 796
f 796 795 793
f 794 793 795
f 795 792 794
f 789 794 792
f 792 791 789
f 1296 1295 1297
f 1297 1302 1296
f 1299 1296 1302
f 1302 1301 1299
f 1300 1299 1301
f 1301 1298 1300
f 1295 1300 1298
f 1298 1297 1295
f 802 801 803
f 803 816 802
f 813 802 816
f 816 815 813
f 814 813 815
f 815 804 814
f 801 814 804
f 804 803 801
f 1292 1291 1293
f 1293 1306 1292
f 1303 1292 1306
f 1306 1305 1303
f 1304 1303 1305
f 1305 1294 1304
f 1291 1304 1294
f 1294 1293 1291
f 806 805 807
f 807 812 806
f 809 806 812
f 812 811 809
f 810 809 811
f 811 808 810
f 805 810 808
f 808 807 805
f 1280 1279 1281
f 1281 1286 1280
f 1283 1280 1286
f 1286 1285 1283
f 1284 1283 1285
f 1285 1282 1284
f 1279 1284 1282
f 1282 1281 1279
f 1276 1275 1277
f 1277 1290 1276
f 1287 1276 1290
f 1290 1289 1287
f 1288 1287 1289
f 1289 1278 1288
f 1275 1288 1278
f 1278 1277 1275
f 4488 4487 4489
f 4690 4689 4691
f 4692 4691 4689
f 4686 4685 4687
f 4688 4687 4685
f 4682 4681 4683
f 4684 4683 4681
f 4678 4677 4679
f 4680 4679 4677
f 4674 4673 4675
f 4676 4675 4673
f 4670 4669 4671
f 4672 4671 4669
f 4666 4665 4667
f 4668 4667 4665
f 4662 4661 4663
f 4664 4663 4661
f 4658 4657 4659
f 4660 4659 4657
f 4654 4653 4655
f 4656 4655 4653
f 4650 4649 4651
f 4652 4651 4649
f 4640 4639 4641
f 4642 4641 4639
f 4636 4635 4637
f 4638 4637 4635
f 4632 4631 4633
f 4634 4633 4631
f 4628 4627 4629
f 4630 4629 4627
f 4624 4623 4625
f 4626 4625 4623
f 4614 4613 4615
f 4616 4615 4613
f 4610 4609 4611
f 4612 4611 4609
f 4606 4605 4607
f 4608 4607 4605
f 4602 4601 4603
f 4604 4603 4601
f 4598 4597 4599
f 4600 4599 4597
f 4588 4587 4589
f 4590 4589 4587
f 4584 4583 4585
f 4586 4585 4583
f 4580 4579 4581
f 4582 4581 4579
f 4576 4575 4577
f 4578 4577 4575
f 4572 4571 4573
f 4574 4573 4571
f 4562 4561 4563
f 4564 4563 4561
f 4558 4557 4559
f 4560 4559 4557
f 4554 4553 4555
f 4556 4555 4553
f 4550 4549 4551
f 4552 4551 4549
f 4546 4545 4547
f 4548 4547 4545
f 4536 4535 4537
f 4538 4537 4535
f 4532 4531 4533
f 4534 4533 4531
f 4528 4527 4529
f 4530 4529 4527
f 4524 4523 4525
f 4526 4525 4523
f 4520 4519 4521
f 4522 4521 4519
f 4510 4509 4511
f 4512 4511 4509
f 4506 4505 4507
f 4508 4507 4505
f 4502 4501 4503
f 4504 4503 4501
f 4498 4497 4499
f 4500 4499 4497
f 4494 4493 4495
f 4496 4495 4493
f 4276 4275 4277
f 4278 4277 4275
f 4272 4271 4273
f 4274 4273 4271
f 4268 4267 4269
f 4270 4269 4267
f 4264 4263 4265
f 4266 4265 4263
f 4260 4259 4261
f 4262 4261 4259
f 4910 4909 4911
f 4912 4911 4909
f 4906 4905 4907
f 4908 4907 4905
f 4902 4901 4903
f 4904 4903 4901
f 4898 4897 4899
f 4900 4899 4897
f 4894 4893 4895
f 4896 4895 4893
f 4890 4889 4891
f 4892 4891 4889
f 4886 4885 4887
f 4888 4887 4885
f 4882 4881 4883
f 4884 4883 4881
f 4878 4877 4879
f 4880 4879 4877
f 4874 4873 4875
f 4876 4875 4873
f 4870 4869 4871
f 4872 4871 4869
f 4866 4865 4867
f 4868 4867 4865
f 4862 4861 4863
f 4864 4863 4861
f 4858 4857 4859
f 4860 4859 4857
f 4854 4853 4855
f 4856 4855 4853
f 4850 4849 4851
f 4852 4851 4849
f 4846 4845 4847
f 4848 4847 4845
f 4842 4841 4843
f 4844 4843 4841
f 4838 4837 4839
f 4840 4839 4837
f 4834 4833 4835
f 4836 4835 4833
f 4830 4829 4831
f 4832 4831 4829
f 4826 4825 4827
f 4828 4827 4825
f 4822 4821 4823
f 4824 4823 4821
f 4818 4817 4819
f 4820 4819 4817
f 4814 4813 4815
f 4816 4815 4813
f 4810 4809 4811
f 4812 4811 4809
f 4806 4805 4807
f 4808 4807 4805
f 4802 4801 4803
f 4804 4803 4801
f 4798 4797 4799
f 4800 4799 4797
f 4794 4793 4795
f 4796 4795 4793
f 4790 4789 4791
f 4792 4791 4789
f 4786 4785 4787
f 4788 4787 4785
f 4782 4781 4783
f 4784 4783 4781
f 4778 4777 4779
f 4780 4779 4777
f 4774 4773 4775
f 4776 4775 4773
f 4770 4769 4771
f 4772 4771 4769
f 4766 4765 4767
f 4768 4767 4765
f 4762 4761 4763
f 4764 4763 4761
f 4758 4757 4759
f 4760 4759 4757
f 4754 4753 4755
f 4756 4755 4753
f 4750 4749 4751
f 4752 4751 4749
f 4746 4745 4747
f 4748 4747 4745
f 4742 4741 4743
f 4744 4743 4741
f 4738 4737 4739
f 4740 4739 4737
f 4734 4733 4735
f 4736 4735 4733
f 4730 4729 4731
f 4732 4731 4729
f 4726 4725 4727
f 4728 4727 4725
f 4722 4721 4723
f 4724 4723 4721
f 4718 4717 4719
f 4720 4719 4717
f 4714 4713 4715
f 4716 4715 4713
f 4710 4709 4711
f 4712 4711 4709
f 4706 4705 4707
f 4708 4707 4705
f 4702 4701 4703
f 4704 4703 4701
f 4698 4697 4699
f 4700 4699 4697
f 4696 4695 4693
f 4694 4693 4695
f 4484 4483 4485
f 4486 4485 4483
f 4480 4479 4481
f 4482 4481 4479
f 4476 4475 4477
f 4478 4477 4475
f 4472 4471 4473
f 4474 4473 4471
f 4468 4467 4469
f 4470 4469 4467
f 4300 4299 4301
f 4302 4301 4299
f 4296 4295 4297
f 4298 4297 4295
f 4292 4291 4293
f 4294 4293 4291
f 4288 4287 4289
f 4290 4289 4287
f 4284 4283 4285
f 4286 4285 4283
f 4282 4281 4279
f 4280 4279 4281
f 4306 4305 4303
f 4304 4303 4305
f 4491 4490 4492
f 4647 4646 4648
f 4514 4513 4515
f 4644 4643 4645
f 4517 4516 4518
f 4621 4620 4622
f 4540 4539 4541
f 4618 4617 4619
f 4543 4542 4544
f 4595 4594 4596
f 4566 4565 4567
f 4592 4591 4593
f 4569 4568 4570
