START 2026-07-21T11:43:01.6902595+02:00  total=2010  outRoot=D:\APBReloaded\Content\Extracted\CharactersBulk
[1/2010] APB_ItemRestrictionSystem.upk  files=0
[2/2010] BRDFResources.upk  files=3
[3/2010] CustomisationInterfaceElements.upk  files=8
[4/2010] F_Armpads_Armoured.upk  files=11
[5/2010] F_Armpads_Armoured_BRDF_Mappings.upk  files=0
[6/2010] F_Armpads_Impact.upk  files=14
[7/2010] F_Armpads_Impact_BRDF_Mappings.upk  files=3
[8/2010] F_Armwear_Armwarmers_Athletic_SheerRippedForearmLeft.upk  files=6
[9/2010] F_Armwear_Armwarmers_Athletic_SheerRippedForearmLeft_BRDF_Mappings.upk  files=1
[10/2010] F_Armwear_Armwarmers_Athletic_SheerRippedForearmRight.upk  files=6
[11/2010] F_Armwear_Armwarmers_Athletic_SheerRippedForearmRight_BRDF_Mappings.upk  files=1
[12/2010] F_Armwear_Armwarmers_Athletic_SheerRippedFullLeft.upk  files=6
[13/2010] F_Armwear_Armwarmers_Athletic_SheerRippedFullLeft_BRDF_Mappings.upk  files=1
[14/2010] F_Armwear_Armwarmers_Athletic_SheerRippedFullRight.upk  files=6
[15/2010] F_Armwear_Armwarmers_Athletic_SheerRippedFullRight_BRDF_Mappings.upk  files=1
[16/2010] F_Armwear_Armwarmers_FullLeft.upk  files=4
[17/2010] F_Armwear_Armwarmers_FullLeft_BRDF_Mappings.upk  files=0
[18/2010] F_Armwear_Armwarmers_FullRight.upk  files=4
[19/2010] F_Armwear_Armwarmers_FullRight_BRDF_Mappings.upk  files=0
[20/2010] F_Armwear_Bracelet_Noir_LeatherbandRight.upk  files=11
[21/2010] F_Armwear_Bracelet_Noir_LeatherbandRight_BRDF_Mappings.upk  files=3
[22/2010] F_Armwear_Bracelet_Noir_PearlRight.upk  files=16
[23/2010] F_Armwear_Bracelet_Noir_PearlRight_BRDF_Mappings.upk  files=7
[24/2010] F_Armwear_Bracelet_Noir_StuddedCharlotte.upk  files=12
[25/2010] F_Armwear_Bracelet_Noir_StuddedCharlotte_BRDF_Mappings.upk  files=4
[26/2010] F_Armwear_Bracelet_Urban_WristbandRightCharlotte.upk  files=5
[27/2010] F_Armwear_Bracelet_Urban_WristbandRightCharlotte_BRDF_Mappings.upk  files=1
[28/2010] F_Armwear_ForearmBand_Skate_Charlotte.upk  files=9
[29/2010] F_Armwear_ForearmBand_Skate_Charlotte_BRDF_Mappings.upk  files=1
[30/2010] F_Armwear_ForearmSweatband_Atlethic_Charlotte.upk  files=9
[31/2010] F_Armwear_ForearmSweatband_Atlethic_Charlotte_BRDF_Mappings.upk  files=1
[32/2010] F_Armwear_Wrist_Functional_BraceletBulletsRight.upk  files=8
[33/2010] F_Armwear_Wrist_Functional_BraceletBulletsRight_BRDF_Mappings.upk  files=2
[34/2010] F_Armwear_Wrist_Functional_BraceletsBulletsRight.upk  files=18
[35/2010] F_Armwear_Wrist_Functional_BraceletsBulletsRight_BRDF_Mappings.upk  files=5
[36/2010] F_Armwear_Wristwatch_Functional_JeweledRimMetalstrap.upk  files=7
[37/2010] F_Armwear_Wristwatch_Functional_JeweledRimMetalstrap_BRDF_Mappings.upk  files=4
[38/2010] F_Armwear_Wristwatch_Noir_RectangularCharlotte.upk  files=13
[39/2010] F_Armwear_Wristwatch_Noir_RectangularCharlotte_BRDF_Mappings.upk  files=4
[40/2010] F_Backpack_DoubleAxes.upk  files=15
[41/2010] F_Backpack_DoubleAxes_BRDF_Mappings.upk  files=6
[42/2010] F_Backpack_DoubleShotgun.upk  files=16
[43/2010] F_Backpack_DoubleShotgun_BRDF_Mappings.upk  files=8
[44/2010] F_Backpack_Katana.upk  files=16
[45/2010] F_Backpack_Katana_BRDF_Mappings.upk  files=8
[46/2010] F_Backpack_Militia.upk  files=19
[47/2010] F_Backpack_Militia_BRDF_Mappings.upk  files=3
[48/2010] F_Backpack_Monster.upk  files=16
[49/2010] F_Backpack_Monster_BRDF_Mappings.upk  files=4
[50/2010] F_Backpack_Pumpkin.upk  files=17
[51/2010] F_Backpack_Pumpkin_BRDF_Mappings.upk  files=3
[52/2010] F_Backpack_Quiver_Plain.upk  files=23
[53/2010] F_Backpack_Quiver_Plain_BRDF_Mappings.upk  files=8
[54/2010] F_Backpack_Quiver_Valentines.upk  files=13
[55/2010] F_Backpack_Quiver_Valentines_BRDF_Mappings.upk  files=6
[56/2010] F_Backpack_SantaBag.upk  files=20
[57/2010] F_Backpack_SantaBag_BRDF_Mappings.upk  files=2
[58/2010] F_Backpack_Skull.upk  files=17
[59/2010] F_Backpack_Skull_BRDF_Mappings.upk  files=3
[60/2010] F_Backpack_Sprinter.upk  files=20
[61/2010] F_Backpack_Sprinter_BRDF_Mappings.upk  files=4
[62/2010] F_Backpack_Vintage.upk  files=15
[63/2010] F_Backpack_Vintage_BRDF_Mappings.upk  files=3
[64/2010] F_Body.upk  files=6
[65/2010] F_Body_Base.upk  files=9
[66/2010] F_Body_Eye.upk  files=52
[67/2010] F_Body_Head.upk  files=65
[68/2010] F_Body_Skin.upk  files=83
[69/2010] F_Chestwear_BackHolster_Functional_DoubleGun.upk  files=19
[70/2010] F_Chestwear_BackHolster_Functional_DoubleGun_BRDF_Mappings.upk  files=5
[71/2010] F_Chestwear_Badge_Enforcement_BadgeDeputy.upk  files=6
[72/2010] F_Chestwear_Badge_Enforcement_BadgeDeputy_BRDF_Mappings.upk  files=2
[73/2010] F_Chestwear_Badge_Enforcement_Star.upk  files=6
[74/2010] F_Chestwear_Badge_Enforcement_Star_BRDF_Mappings.upk  files=2
[75/2010] F_Chestwear_MidriffWebbing_Functional_Gun.upk  files=21
[76/2010] F_Chestwear_MidriffWebbing_Functional_Gun_BRDF_Mappings.upk  files=7
[77/2010] F_Chestwear_ShoulderHolster_Functional_Knife.upk  files=16
[78/2010] F_Chestwear_ShoulderHolster_Functional_Knife_BRDF_Mappings.upk  files=5
[79/2010] F_Coat_ThighLength_Functional_Trench.upk  files=20
[80/2010] F_Coat_ThighLength_Functional_Trench_BRDF_Mappings.upk  files=3
[81/2010] F_Collar_Armoured_Heavy.upk  files=7
[82/2010] F_Collar_Armoured_Heavy_BRDF_Mappings.upk  files=0
[83/2010] F_Config_Leg_SprayCans_L.upk  files=12
[84/2010] F_Config_Leg_SprayCans_L_BRDF_Mappings.upk  files=3
[85/2010] F_Config_Leg_SprayCans_R.upk  files=12
[86/2010] F_Config_Leg_SprayCans_R_BRDF_Mappings.upk  files=3
[87/2010] F_Dress_Fairy.upk  files=20
[88/2010] F_Dress_Fairy_BRDF_Mappings.upk  files=2
[89/2010] F_Dress_MicroMini_Functional_LongsleevedPolo.upk  files=15
[90/2010] F_Dress_MicroMini_Functional_LongsleevedPolo_BRDF_Mappings.upk  files=0
[91/2010] F_Dress_Mini_Fashion_LowBack.upk  files=17
[92/2010] F_Dress_Mini_Fashion_LowBackSequins.upk  files=17
[93/2010] F_Dress_Mini_Fashion_LowBackSequins_BRDF_Mappings.upk  files=4
[94/2010] F_Dress_Mini_Fashion_LowBack_BRDF_Mappings.upk  files=3
[95/2010] F_Dress_Mini_SlitSleeves.upk  files=21
[96/2010] F_Dress_Mini_SlitSleeves_BRDF_Mappings.upk  files=4
[97/2010] F_Dress_Minidress_Pentagram.upk  files=13
[98/2010] F_Dress_Minidress_Pentagram_BRDF_Mappings.upk  files=3
[99/2010] F_Dress_Overalls_Short.upk  files=15
[100/2010] F_Dress_Overalls_Short_BRDF_Mappings.upk  files=3
[101/2010] F_Dress_ShortQipao.upk  files=11
[102/2010] F_Dress_ShortQipao_BRDF_Mappings.upk  files=1
[103/2010] F_Facewear_Earpiece_Enforcement_HighTecLeft.upk  files=11
[104/2010] F_Facewear_Earpiece_Enforcement_HighTecLeft_BRDF_Mappings.upk  files=5
[105/2010] F_Facewear_Earpiece_Enforcement_RegularLeft.upk  files=8
[106/2010] F_Facewear_Earpiece_Enforcement_RegularLeft_BRDF_Mappings.upk  files=6
[107/2010] F_Facewear_Gasmask_SideFilter_Eyes.upk  files=12
[108/2010] F_Facewear_Gasmask_SideFilter_Eyes_BRDF_Mappings.upk  files=3
[109/2010] F_Facewear_Gasmask_SnoutFilter_Eyes.upk  files=13
[110/2010] F_Facewear_Gasmask_SnoutFilter_Eyes_BRDF_Mappings.upk  files=3
[111/2010] F_Facewear_Glasses_Fashion_SunSofia.upk  files=7
[112/2010] F_Facewear_Glasses_Fashion_SunSofia_BRDF_Mappings.upk  files=2
[113/2010] F_Facewear_Glasses_Heart.upk  files=7
[114/2010] F_Facewear_Glasses_Heart_BRDF_Mappings.upk  files=2
[115/2010] F_Facewear_Glasses_Regular_3DRetro.upk  files=7
[116/2010] F_Facewear_Glasses_Regular_3DRetro_BRDF_Mappings.upk  files=2
[117/2010] F_Facewear_Glasses_Regular_Aviator.upk  files=7
[118/2010] F_Facewear_Glasses_Regular_Aviator_BRDF_Mappings.upk  files=3
[119/2010] F_Facewear_Glasses_Regular_BigOval.upk  files=6
[120/2010] F_Facewear_Glasses_Regular_BigOval_BRDF_Mappings.upk  files=3
[121/2010] F_Facewear_Glasses_Regular_EyePatch.upk  files=12
[122/2010] F_Facewear_Glasses_Regular_EyePatch_BRDF_Mappings.upk  files=1
[123/2010] F_Facewear_Glasses_Sun_Exclusive.upk  files=9
[124/2010] F_Facewear_Glasses_Sun_Exclusive_BRDF_Mappings.upk  files=2
[125/2010] F_Facewear_Goggles_Functional_Flying.upk  files=17
[126/2010] F_Facewear_Goggles_Functional_Flying_BRDF_Mappings.upk  files=10
[127/2010] F_Facewear_Goggles_NightVision.upk  files=15
[128/2010] F_Facewear_Goggles_NightVision_BRDF_Mappings.upk  files=5
[129/2010] F_Facewear_Mask_Clown.upk  files=16
[130/2010] F_Facewear_Mask_Clown_BRDF_Mappings.upk  files=3
[131/2010] F_Facewear_Mask_Criminal_Bandit.upk  files=5
[132/2010] F_Facewear_Mask_Criminal_Bandit_BRDF_Mappings.upk  files=2
[133/2010] F_Facewear_Mask_Criminal_Cannibal.upk  files=6
[134/2010] F_Facewear_Mask_Criminal_Cannibal_BRDF_Mappings.upk  files=3
[135/2010] F_Facewear_Mask_Criminal_Hockey.upk  files=6
[136/2010] F_Facewear_Mask_Criminal_HockeyPlain.upk  files=6
[137/2010] F_Facewear_Mask_Criminal_HockeyPlain_BRDF_Mappings.upk  files=2
[138/2010] F_Facewear_Mask_Criminal_Hockey_BRDF_Mappings.upk  files=3
[139/2010] F_Facewear_Mask_Criminal_Outlaw.upk  files=13
[140/2010] F_Facewear_Mask_Criminal_Outlaw_BRDF_Mappings.upk  files=1
[141/2010] F_Facewear_Mask_Egg.upk  files=4
[142/2010] F_Facewear_Mask_Egg_BRDF_Mappings.upk  files=1
[143/2010] F_Facewear_Mask_Egg_customised.upk  files=7
[144/2010] F_Facewear_Mask_Egg_customised_BRDF_Mappings.upk  files=1
[145/2010] F_Facewear_Mask_Masquerade.upk  files=11
[146/2010] F_Facewear_Mask_Masquerade_BRDF_Mappings.upk  files=2
[147/2010] F_Facewear_Mask_RudolphNose.upk  files=5
[148/2010] F_Facewear_Mask_RudolphNose_BRDF_Mappings.upk  files=1
[149/2010] F_Facewear_Piercing_CheekLeft.upk  files=4
[150/2010] F_Facewear_Piercing_CheekLeft_BRDF_Mappings.upk  files=1
[151/2010] F_Facewear_Piercing_Functional_EarringLeft.upk  files=5
[152/2010] F_Facewear_Piercing_Functional_EarringLeft_BRDF_Mappings.upk  files=4
[153/2010] F_Facewear_Piercing_Functional_EarringRight.upk  files=5
[154/2010] F_Facewear_Piercing_Functional_EarringRight_BRDF_Mappings.upk  files=4
[155/2010] F_Facewear_Piercing_Functional_EarringYinYangLeft.upk  files=9
[156/2010] F_Facewear_Piercing_Functional_EarringYinYangLeft_BRDF_Mappings.upk  files=4
[157/2010] F_Facewear_Piercing_Functional_EarringYinYangRight.upk  files=9
[158/2010] F_Facewear_Piercing_Functional_EarringYinYangRight_BRDF_Mappings.upk  files=4
[159/2010] F_Facewear_Piercing_Functional_StudPyramidLeft.upk  files=6
[160/2010] F_Facewear_Piercing_Functional_StudPyramidLeft_BRDF_Mappings.upk  files=2
[161/2010] F_Facewear_Piercing_Functional_StudPyramidRight.upk  files=6
[162/2010] F_Facewear_Piercing_Functional_StudPyramidRight_BRDF_Mappings.upk  files=2
[163/2010] F_Facewear_Piercing_Noir_BrowBarbellRight.upk  files=4
[164/2010] F_Facewear_Piercing_Noir_BrowBarbellRight_BRDF_Mappings.upk  files=2
[165/2010] F_Facewear_Piercing_Noir_EarCrossInvertedLeft.upk  files=6
[166/2010] F_Facewear_Piercing_Noir_EarCrossInvertedLeft_BRDF_Mappings.upk  files=4
[167/2010] F_Facewear_Piercing_Noir_EarCrossInvertedRight.upk  files=6
[168/2010] F_Facewear_Piercing_Noir_EarCrossInvertedRight_BRDF_Mappings.upk  files=4
[169/2010] F_Facewear_Piercing_Noir_EarTopRingsRight.upk  files=5
[170/2010] F_Facewear_Piercing_Noir_EarTopRingsRight_BRDF_Mappings.upk  files=2
[171/2010] F_Facewear_Piercing_Skate_EarringRight.upk  files=5
[172/2010] F_Facewear_Piercing_Skate_EarringRight_BRDF_Mappings.upk  files=2
[173/2010] F_Facewear_Piercing_Urban_EarDollarLeft.upk  files=8
[174/2010] F_Facewear_Piercing_Urban_EarDollarLeft_BRDF_Mappings.upk  files=5
[175/2010] F_Facewear_Piercing_Urban_EarDollarRight.upk  files=8
[176/2010] F_Facewear_Piercing_Urban_EarDollarRight_BRDF_Mappings.upk  files=5
[177/2010] F_Facewear_Piercings_Skate_NoseRing.upk  files=5
[178/2010] F_Facewear_Piercings_Skate_NoseRing_BRDF_Mappings.upk  files=1
[179/2010] F_Facewear_Prop_Functional_Cigar.upk  files=7
[180/2010] F_Facewear_Prop_Functional_Cigar_BRDF_Mappings.upk  files=4
[181/2010] F_Facewear_Prop_Functional_Cigarette.upk  files=8
[182/2010] F_Facewear_Prop_Functional_Cigarette_BRDF_Mappings.upk  files=2
[183/2010] F_Facewear_Prop_PartyBlower.upk  files=8
[184/2010] F_Facewear_Prop_PartyBlower_BRDF_Mappings.upk  files=2
[185/2010] F_Footwear_BootsAnkle_Enforcement_LeatherBuckled.upk  files=14
[186/2010] F_Footwear_BootsAnkle_Enforcement_LeatherBuckled_BRDF_Mappings.upk  files=3
[187/2010] F_Footwear_BootsAnkle_Enforcement_Stealth.upk  files=15
[188/2010] F_Footwear_BootsAnkle_Enforcement_Stealth_BRDF_Mappings.upk  files=2
[189/2010] F_Footwear_BootsAnkle_Functional_HighTops.upk  files=14
[190/2010] F_Footwear_BootsAnkle_Functional_HighTops_BRDF_Mappings.upk  files=2
[191/2010] F_Footwear_BootsAnkle_HighTops_Skate.upk  files=20
[192/2010] F_Footwear_BootsAnkle_HighTops_Skate_BRDF_Mappings.upk  files=2
[193/2010] F_Footwear_BootsKnee_Death.upk  files=23
[194/2010] F_Footwear_BootsKnee_Death_BRDF_Mappings.upk  files=4
[195/2010] F_Footwear_Boots_Charlotte.upk  files=24
[196/2010] F_Footwear_Boots_Charlotte_BRDF_Mappings.upk  files=16
[197/2010] F_Footwear_Boots_Functional_KneeHighWork.upk  files=16
[198/2010] F_Footwear_Boots_Functional_KneeHighWork_BRDF_Mappings.upk  files=7
[199/2010] F_Footwear_Boots_HighHeel_Ankle.upk  files=18
[200/2010] F_Footwear_Boots_HighHeel_Ankle_BRDF_Mappings.upk  files=5
[201/2010] F_Footwear_Boots_Leather_Studded.upk  files=17
[202/2010] F_Footwear_Boots_Leather_Studded_BRDF_Mappings.upk  files=4
[203/2010] F_Footwear_Boots_Nutcracker.upk  files=16
[204/2010] F_Footwear_Boots_Nutcracker_BRDF_Mappings.upk  files=2
[205/2010] F_Footwear_Boots_ThighHigh.upk  files=17
[206/2010] F_Footwear_Boots_ThighHigh_BRDF_Mappings.upk  files=1
[207/2010] F_Footwear_Boots_UrbanCalfLength.upk  files=21
[208/2010] F_Footwear_Boots_UrbanCalfLength_BRDF_Mappings.upk  files=1
[209/2010] F_Footwear_Boots_UrbanCalfLength_Cowboy.upk  files=15
[210/2010] F_Footwear_Boots_UrbanCalfLength_Cowboy_BRDF_Mappings.upk  files=0
[211/2010] F_Footwear_Legwarmers_FullLeft.upk  files=4
[212/2010] F_Footwear_Legwarmers_FullLeft_BRDF_Mappings.upk  files=0
[213/2010] F_Footwear_Legwarmers_FullRight.upk  files=4
[214/2010] F_Footwear_Legwarmers_FullRight_BRDF_Mappings.upk  files=0
[215/2010] F_Footwear_Shoes_BasketBall.upk  files=20
[216/2010] F_Footwear_Shoes_BasketBall_BRDF_Mappings.upk  files=3
[217/2010] F_Footwear_Shoes_Fashion_Flats.upk  files=16
[218/2010] F_Footwear_Shoes_Fashion_Flats_BRDF_Mappings.upk  files=1
[219/2010] F_Footwear_Shoes_Functional_Flats.upk  files=13
[220/2010] F_Footwear_Shoes_Functional_Flats_BRDF_Mappings.upk  files=3
[221/2010] F_Footwear_Shoes_Functional_HighHeels.upk  files=0
[222/2010] F_Footwear_Shoes_Functional_HighHeels_BRDF_Mappings.upk  files=5
[223/2010] F_Footwear_Shoes_Skate_Basic.upk  files=16
[224/2010] F_Footwear_Shoes_Skate_Basic_BRDF_Mappings.upk  files=2
[225/2010] F_Footwear_Socks_Functional_AnkleLeft.upk  files=11
[226/2010] F_Footwear_Socks_Functional_AnkleLeft_BRDF_Mappings.upk  files=1
[227/2010] F_Footwear_Socks_Functional_AnkleRight.upk  files=11
[228/2010] F_Footwear_Socks_Functional_AnkleRight_BRDF_Mappings.upk  files=1
[229/2010] F_Footwear_Trainers_Urban_Plain.upk  files=0
[230/2010] F_Footwear_Trainers_Urban_Plain_BRDF_Mappings.upk  files=2
[231/2010] F_Forearmpads_Impact.upk  files=14
[232/2010] F_Forearmpads_Impact_BRDF_Mappings.upk  files=4
[233/2010] F_Hair.upk  files=45
[234/2010] F_Hair_Afro_Urban_Bald.upk  files=5
[235/2010] F_Hair_Afro_Urban_Bald_BRDF_Mappings.upk  files=2
[236/2010] F_Hair_Afro_Urban_Large.upk  files=5
[237/2010] F_Hair_Aliceband_Functional_Backcombed_Xtra.upk  files=4
[238/2010] F_Hair_Asian_Fashion_Funky.upk  files=5
[239/2010] F_Hair_Asian_Functional_Bob.upk  files=5
[240/2010] F_Hair_Asian_Functional_Miyamoto.upk  files=5
[241/2010] F_Hair_Bob_Functional_Neat.upk  files=16
[242/2010] F_Hair_Bob_Skate_Messy.upk  files=10
[243/2010] F_Hair_Bunches_Functional_Middleparting.upk  files=5
[244/2010] F_Hair_Buns_Noir_Odango.upk  files=5
[245/2010] F_Hair_Cornrows_Functional_StraightTight.upk  files=9
[246/2010] F_Hair_Cornrows_Functional_StraightTight_BRDF_Mappings.upk  files=0
[247/2010] F_Hair_Cornrows_Functional_Swirly.upk  files=3
[248/2010] F_Hair_Cornrows_Functional_Swirly_BRDF_Mappings.upk  files=0
[249/2010] F_Hair_Cropped_Functional_Faded.upk  files=4
[250/2010] F_Hair_Cropped_Functional_Faded_BRDF_Mappings.upk  files=0
[251/2010] F_Hair_Cropped_Functional_Standard.upk  files=4
[252/2010] F_Hair_Cropped_Functional_Standard_BRDF_Mappings.upk  files=0
[253/2010] F_Hair_Dread_Urban_Sideparting.upk  files=5
[254/2010] F_Hair_Fauxhawk_Functional_Cropped.upk  files=6
[255/2010] F_Hair_Long_Functional_Messy.upk  files=10
[256/2010] F_Hair_MediumMod_Functional_Sideparting.upk  files=4
[257/2010] F_Hair_Medium_Functional_MiddleParting.upk  files=10
[258/2010] F_Hair_Medium_Functional_Wavy.upk  files=5
[259/2010] F_Hair_Medium_Functional_WavyShort.upk  files=5
[260/2010] F_Hair_Mullet_Funtional_Sideparting.upk  files=5
[261/2010] F_Hair_Plaits_Functional_Double.upk  files=5
[262/2010] F_Hair_Ponytail_Functional_Sideparting.upk  files=4
[263/2010] F_Hair_Ponytail_Functional_StraightFringe.upk  files=5
[264/2010] F_Hair_Punk_Mohawk_Double.upk  files=5
[265/2010] F_Hair_Punk_Mohawk_Single.upk  files=5
[266/2010] F_Hair_Punk_Mohawk_Triple.upk  files=5
[267/2010] F_Hair_SidePonytail_Functional_SideParting.upk  files=5
[268/2010] F_Hair_Skinhead_Functional_Bald.upk  files=4
[269/2010] F_Hair_Skinhead_Functional_Bald_BRDF_Mappings.upk  files=0
[270/2010] F_Hair_SlickedBack_Functional_Bob.upk  files=5
[271/2010] F_Hairwear_Aliceband_Antlers_Reindeer.upk  files=12
[272/2010] F_Hairwear_Aliceband_Antlers_Reindeer_BRDF_Mappings.upk  files=4
[273/2010] F_Hairwear_Aliceband_BunnyEars.upk  files=10
[274/2010] F_Hairwear_Aliceband_BunnyEars_BRDF_Mappings.upk  files=3
[275/2010] F_Hairwear_Aliceband_CatEars.upk  files=8
[276/2010] F_Hairwear_Aliceband_CatEars_BRDF_Mappings.upk  files=0
[277/2010] F_Hairwear_Aliceband_Functional_Basic.upk  files=6
[278/2010] F_Hairwear_Aliceband_Functional_Basic_BRDF_Mappings.upk  files=0
[279/2010] F_Hairwear_Aliceband_Functional_Bow.upk  files=7
[280/2010] F_Hairwear_Aliceband_Functional_Bow_BRDF_Mappings.upk  files=1
[281/2010] F_Hairwear_Aliceband_Functional_HornsDevil.upk  files=7
[282/2010] F_Hairwear_Aliceband_Functional_HornsDevil_BRDF_Mappings.upk  files=0
[283/2010] F_Hairwear_Aliceband_Functional_Rose.upk  files=10
[284/2010] F_Hairwear_Aliceband_Functional_Rose_BRDF_Mappings.upk  files=2
[285/2010] F_Hairwear_Aliceband_Functional_Roses.upk  files=10
[286/2010] F_Hairwear_Aliceband_Functional_Roses_BRDF_Mappings.upk  files=2
[287/2010] F_Hairwear_Aliceband_PropKnife.upk  files=10
[288/2010] F_Hairwear_Aliceband_PropKnife_BRDF_Mappings.upk  files=2
[289/2010] F_Hairwear_Beanie_Augmented.upk  files=14
[290/2010] F_Hairwear_Beanie_Augmented_BRDF_Mappings.upk  files=3
[291/2010] F_Hairwear_Beanie_Baggy.upk  files=6
[292/2010] F_Hairwear_Beanie_Baggy_BRDF_Mappings.upk  files=1
[293/2010] F_Hairwear_Beanie_Knit.upk  files=8
[294/2010] F_Hairwear_Beanie_Knit_BRDF_Mappings.upk  files=1
[295/2010] F_Hairwear_ElfEars.upk  files=5
[296/2010] F_Hairwear_ElfEars_BRDF_Mappings.upk  files=2
[297/2010] F_Hairwear_Hat_BakerBoy.upk  files=17
[298/2010] F_Hairwear_Hat_BakerBoy_BRDF_Mappings.upk  files=1
[299/2010] F_Hairwear_Hat_CabbyGoggles.upk  files=15
[300/2010] F_Hairwear_Hat_CabbyGoggles_BRDF_Mappings.upk  files=7
[301/2010] F_Hairwear_Hat_Crown.upk  files=18
[302/2010] F_Hairwear_Hat_Crown_BRDF_Mappings.upk  files=6
[303/2010] F_Hairwear_Hat_Elf.upk  files=12
[304/2010] F_Hairwear_Hat_Elf_BRDF_Mappings.upk  files=4
[305/2010] F_Hairwear_Hat_Elf_OnlyHat.upk  files=2
[306/2010] F_Hairwear_Hat_Elf_OnlyHat_BRDF_Mappings.upk  files=0
[307/2010] F_Hairwear_Hat_Enforcement_Beret.upk  files=7
[308/2010] F_Hairwear_Hat_Enforcement_Beret_BRDF_Mappings.upk  files=2
[309/2010] F_Hairwear_Hat_Enforcement_Cop.upk  files=10
[310/2010] F_Hairwear_Hat_Enforcement_Cop_BRDF_Mappings.upk  files=6
[311/2010] F_Hairwear_Hat_Enforcement_MilitaryCap.upk  files=15
[312/2010] F_Hairwear_Hat_Enforcement_MilitaryCap_BRDF_Mappings.upk  files=2
[313/2010] F_Hairwear_Hat_FairyCrown.upk  files=6
[314/2010] F_Hairwear_Hat_FairyCrown_BRDF_Mappings.upk  files=1
[315/2010] F_Hairwear_Hat_Fez.upk  files=7
[316/2010] F_Hairwear_Hat_Fez_BRDF_Mappings.upk  files=1
[317/2010] F_Hairwear_Hat_Functional_BaseballCap.upk  files=11
[318/2010] F_Hairwear_Hat_Functional_BaseballCap_BRDF_Mappings.upk  files=1
[319/2010] F_Hairwear_Hat_Functional_Beanie.upk  files=6
[320/2010] F_Hairwear_Hat_Functional_Beanie_BRDF_Mappings.upk  files=2
[321/2010] F_Hairwear_Hat_Functional_Cowboy.upk  files=9
[322/2010] F_Hairwear_Hat_Functional_Cowboy_BRDF_Mappings.upk  files=2
[323/2010] F_Hairwear_Hat_Functional_Fedora.upk  files=7
[324/2010] F_Hairwear_Hat_Functional_Fedora_BRDF_Mappings.upk  files=2
[325/2010] F_Hairwear_Hat_Noir_Bandana.upk  files=8
[326/2010] F_Hairwear_Hat_Noir_Bandana_BRDF_Mappings.upk  files=2
[327/2010] F_Hairwear_Hat_Nutcracker.upk  files=13
[328/2010] F_Hairwear_Hat_Nutcracker_BRDF_Mappings.upk  files=1
[329/2010] F_Hairwear_Hat_Party.upk  files=13
[330/2010] F_Hairwear_Hat_Party_BRDF_Mappings.upk  files=2
[331/2010] F_Hairwear_Hat_Santa.upk  files=8
[332/2010] F_Hairwear_Hat_Santa_BRDF_Mappings.upk  files=2
[333/2010] F_Hairwear_Hat_TinFoil.upk  files=6
[334/2010] F_Hairwear_Hat_TinFoil_BRDF_Mappings.upk  files=1
[335/2010] F_Hairwear_Hat_TopHat.upk  files=10
[336/2010] F_Hairwear_Hat_TopHatTall.upk  files=10
[337/2010] F_Hairwear_Hat_TopHatTall_BRDF_Mappings.upk  files=3
[338/2010] F_Hairwear_Hat_TopHat_BRDF_Mappings.upk  files=3
[339/2010] F_Hairwear_Hat_Urban_Bandana.upk  files=8
[340/2010] F_Hairwear_Hat_Urban_Bandana_BRDF_Mappings.upk  files=1
[341/2010] F_Hairwear_Hat_Witch.upk  files=11
[342/2010] F_Hairwear_Hat_Witch_BRDF_Mappings.upk  files=2
[343/2010] F_Hairwear_Headband_Athletic_Basic.upk  files=11
[344/2010] F_Hairwear_Headband_Athletic_Basic_BRDF_Mappings.upk  files=2
[345/2010] F_Hairwear_Headphones_Functional_HighTech.upk  files=8
[346/2010] F_Hairwear_Headphones_Functional_HighTech_BRDF_Mappings.upk  files=2
[347/2010] F_Halo.upk  files=10
[348/2010] F_Halo_BRDF_Mappings.upk  files=4
[349/2010] F_Handwear_Gloves_Criminal_HandWrapsLeft.upk  files=9
[350/2010] F_Handwear_Gloves_Criminal_HandWrapsLeft_BRDF_Mappings.upk  files=1
[351/2010] F_Handwear_Gloves_Criminal_HandWrapsRight.upk  files=9
[352/2010] F_Handwear_Gloves_Criminal_HandWrapsRight_BRDF_Mappings.upk  files=1
[353/2010] F_Handwear_Gloves_FishnetLeft.upk  files=3
[354/2010] F_Handwear_Gloves_FishnetLeft_BRDF_Mappings.upk  files=0
[355/2010] F_Handwear_Gloves_FishnetRight.upk  files=3
[356/2010] F_Handwear_Gloves_FishnetRight_BRDF_Mappings.upk  files=0
[357/2010] F_Handwear_Gloves_LatexLeft.upk  files=8
[358/2010] F_Handwear_Gloves_LatexLeft_BRDF_Mappings.upk  files=0
[359/2010] F_Handwear_Gloves_LatexRight.upk  files=8
[360/2010] F_Handwear_Gloves_LatexRight_BRDF_Mappings.upk  files=0
[361/2010] F_Handwear_Gloves_Noir_LeatherPlainLeft.upk  files=10
[362/2010] F_Handwear_Gloves_Noir_LeatherPlainLeft_BRDF_Mappings.upk  files=1
[363/2010] F_Handwear_Gloves_Noir_LeatherPlainRight.upk  files=10
[364/2010] F_Handwear_Gloves_Noir_LeatherPlainRight_BRDF_Mappings.upk  files=1
[365/2010] F_Handwear_Gloves_Noir_LeatherStudedLeft.upk  files=9
[366/2010] F_Handwear_Gloves_Noir_LeatherStudedLeft_BRDF_Mappings.upk  files=6
[367/2010] F_Handwear_Gloves_Noir_LeatherStudedRight.upk  files=12
[368/2010] F_Handwear_Gloves_Noir_LeatherStudedRight_BRDF_Mappings.upk  files=6
[369/2010] F_Handwear_Gloves_Tactical_Fingerless_Left.upk  files=14
[370/2010] F_Handwear_Gloves_Tactical_Fingerless_Left_BRDF_Mappings.upk  files=2
[371/2010] F_Handwear_Gloves_Tactical_Fingerless_Right.upk  files=14
[372/2010] F_Handwear_Gloves_Tactical_Fingerless_Right_BRDF_Mappings.upk  files=2
[373/2010] F_Handwear_Ring_Noir_CharlotteLeft.upk  files=4
[374/2010] F_Handwear_Ring_Noir_CharlotteLeft_BRDF_Mappings.upk  files=2
[375/2010] F_Handwear_Ring_Noir_EagleShieldLeft.upk  files=4
[376/2010] F_Handwear_Ring_Noir_EagleShieldLeft_BRDF_Mappings.upk  files=2
[377/2010] F_Harness_Combat_Ring.upk  files=17
[378/2010] F_Harness_Combat_Ring_BRDF_Mappings.upk  files=3
[379/2010] F_Harness_Combat_Tactical.upk  files=17
[380/2010] F_Harness_Combat_Tactical_BRDF_Mappings.upk  files=3
[381/2010] F_Headless.upk  files=6
[382/2010] F_Headless_BRDF_Mappings.upk  files=1
[383/2010] F_Headwear_Badge_Enforcement_BadgeDeputy.upk  files=6
[384/2010] F_Headwear_Badge_Enforcement_BadgeDeputy_BRDF_Mappings.upk  files=2
[385/2010] F_Headwear_Badge_Enforcement_Star.upk  files=6
[386/2010] F_Headwear_Badge_Enforcement_Star_BRDF_Mappings.upk  files=2
[387/2010] F_Headwear_Glasses_Functional_Aviator.upk  files=8
[388/2010] F_Headwear_Glasses_Functional_Aviator_BRDF_Mappings.upk  files=2
[389/2010] F_Headwear_Mask_Chicken.upk  files=13
[390/2010] F_Headwear_Mask_Chicken_BRDF_Mappings.upk  files=3
[391/2010] F_Headwear_Mask_Eagle.upk  files=11
[392/2010] F_Headwear_Mask_Eagle_BRDF_Mappings.upk  files=2
[393/2010] F_Headwear_Mask_Nixon.upk  files=10
[394/2010] F_Headwear_Mask_Nixon_BRDF_Mappings.upk  files=2
[395/2010] F_Headwear_Mask_Pumpkin.upk  files=7
[396/2010] F_Headwear_Mask_Pumpkin_BRDF_Mappings.upk  files=2
[397/2010] F_Headwear_Mask_Rabbit.upk  files=11
[398/2010] F_Headwear_Mask_Rabbit_BRDF_Mappings.upk  files=3
[399/2010] F_Headwear_Mask_Trump.upk  files=12
[400/2010] F_Headwear_Mask_Trump_BRDF_Mappings.upk  files=2
[401/2010] F_Helmet_Football.upk  files=12
[402/2010] F_Helmet_Football_BRDF_Mappings.upk  files=3
[403/2010] F_Helmet_HammerHead.upk  files=16
[404/2010] F_Helmet_HammerHead_BRDF_Mappings.upk  files=4
[405/2010] F_Helmet_Hazmat_Pestilence.upk  files=13
[406/2010] F_Helmet_Hazmat_Pestilence_BRDF_Mappings.upk  files=4
[407/2010] F_Helmet_Induction.upk  files=13
[408/2010] F_Helmet_Induction_BRDF_Mappings.upk  files=4
[409/2010] F_Helmet_Racing.upk  files=13
[410/2010] F_Helmet_Racing_BRDF_Mappings.upk  files=5
[411/2010] F_Helmet_Sabertooth.upk  files=14
[412/2010] F_Helmet_Sabertooth_BRDF_Mappings.upk  files=4
[413/2010] F_Helmet_Sports_BaseBall.upk  files=10
[414/2010] F_Helmet_Sports_BaseBall_BRDF_Mappings.upk  files=2
[415/2010] F_Helmet_Sports_Hockey.upk  files=18
[416/2010] F_Helmet_Sports_Hockey_BRDF_Mappings.upk  files=4
[417/2010] F_Kneepads_HeavyDuty.upk  files=14
[418/2010] F_Kneepads_HeavyDuty_BRDF_Mappings.upk  files=3
[419/2010] F_Legwear_Holster_ThighRig_L.upk  files=13
[420/2010] F_Legwear_Holster_ThighRig_L_BRDF_Mappings.upk  files=5
[421/2010] F_Legwear_Holster_ThighRig_R.upk  files=13
[422/2010] F_Legwear_Holster_ThighRig_R_BRDF_Mappings.upk  files=3
[423/2010] F_Legwear_Kneesocks_Functional_RegularLeft.upk  files=11
[424/2010] F_Legwear_Kneesocks_Functional_RegularLeft_BRDF_Mappings.upk  files=3
[425/2010] F_Legwear_Kneesocks_Functional_RegularRight.upk  files=11
[426/2010] F_Legwear_Kneesocks_Functional_RegularRight_BRDF_Mappings.upk  files=3
[427/2010] F_Legwear_Legwarmer.upk  files=11
[428/2010] F_Legwear_Legwarmer_BRDF_Mappings.upk  files=1
[429/2010] F_Legwear_ThighHolster_Enforcement_Knife.upk  files=16
[430/2010] F_Legwear_ThighHolster_Enforcement_Knife_BRDF_Mappings.upk  files=4
[431/2010] F_Legwear_ThighHolster_Enforcement_LeftThigh.upk  files=15
[432/2010] F_Legwear_ThighHolster_Enforcement_LeftThigh_BRDF_Mappings.upk  files=8
[433/2010] F_Mannequin.upk  files=4
[434/2010] F_Mannequin_BRDF_Mappings.upk  files=0
[435/2010] F_Mask_Death.upk  files=13
[436/2010] F_Mask_Death_BRDF_Mappings.upk  files=4
[437/2010] F_Mask_Famine.upk  files=17
[438/2010] F_Mask_Famine_BRDF_Mappings.upk  files=4
[439/2010] F_Mask_War.upk  files=14
[440/2010] F_Mask_War_BRDF_Mappings.upk  files=3
[441/2010] F_Neckwear_Badge_Enforcement_Deputy.upk  files=7
[442/2010] F_Neckwear_Badge_Enforcement_Deputy_BRDF_Mappings.upk  files=2
[443/2010] F_Neckwear_Badge_Enforcement_PrentissTigers.upk  files=10
[444/2010] F_Neckwear_Badge_Enforcement_PrentissTigers_BRDF_Mappings.upk  files=3
[445/2010] F_Neckwear_Badge_Enforcement_Star.upk  files=7
[446/2010] F_Neckwear_Badge_Enforcement_Star_BRDF_Mappings.upk  files=2
[447/2010] F_Neckwear_Choker_Noir_Charlotte.upk  files=8
[448/2010] F_Neckwear_Choker_Noir_Charlotte_BRDF_Mappings.upk  files=2
[449/2010] F_Neckwear_Choker_Noir_Skull.upk  files=6
[450/2010] F_Neckwear_Choker_Noir_Skull_BRDF_Mappings.upk  files=1
[451/2010] F_Neckwear_Necklace_Enforcement_Dogtag.upk  files=8
[452/2010] F_Neckwear_Necklace_Enforcement_Dogtag_BRDF_Mappings.upk  files=2
[453/2010] F_Neckwear_Necklace_Functional_DiamondHeart.upk  files=7
[454/2010] F_Neckwear_Necklace_Functional_DiamondHeart_BRDF_Mappings.upk  files=3
[455/2010] F_Neckwear_Necklace_Functional_GoldLong.upk  files=5
[456/2010] F_Neckwear_Necklace_Functional_GoldLong_BRDF_Mappings.upk  files=1
[457/2010] F_Neckwear_Necklace_Functional_GoldMedium.upk  files=6
[458/2010] F_Neckwear_Necklace_Functional_GoldMedium_BRDF_Mappings.upk  files=1
[459/2010] F_Neckwear_Necklace_Functional_GoldShort.upk  files=5
[460/2010] F_Neckwear_Necklace_Functional_GoldShort_BRDF_Mappings.upk  files=1
[461/2010] F_Neckwear_Necklace_Skate_ToothStacey.upk  files=7
[462/2010] F_Neckwear_Necklace_Skate_ToothStacey_BRDF_Mappings.upk  files=3
[463/2010] F_Neckwear_Scarf_Beaded.upk  files=19
[464/2010] F_Neckwear_Scarf_Beaded_BRDF_Mappings.upk  files=2
[465/2010] F_Neckwear_Scarf_Functional_Shemagh.upk  files=14
[466/2010] F_Neckwear_Scarf_Functional_ShemaghHeadscarf.upk  files=11
[467/2010] F_Neckwear_Scarf_Functional_ShemaghHeadscarf_BRDF_Mappings.upk  files=1
[468/2010] F_Neckwear_Scarf_Functional_ShemaghMask.upk  files=15
[469/2010] F_Neckwear_Scarf_Functional_ShemaghMask_BRDF_Mappings.upk  files=1
[470/2010] F_Neckwear_Scarf_Functional_Shemagh_BRDF_Mappings.upk  files=1
[471/2010] F_Neckwear_Snood.upk  files=9
[472/2010] F_Neckwear_Snood_BRDF_Mappings.upk  files=2
[473/2010] F_Overalls_Hazmat_Pestilence.upk  files=29
[474/2010] F_Overalls_Hazmat_Pestilence_BRDF_Mappings.upk  files=7
[475/2010] F_Overalls_Jumpsuit_Tactical.upk  files=23
[476/2010] F_Overalls_Jumpsuit_Tactical_BRDF_Mappings.upk  files=4
[477/2010] F_Overalls_RabbitSuit.upk  files=17
[478/2010] F_Overalls_RabbitSuit_BRDF_Mappings.upk  files=1
[479/2010] F_Overalls_Racesuit.upk  files=27
[480/2010] F_Overalls_Racesuit_BRDF_Mappings.upk  files=3
[481/2010] F_Pad_Butt_Armoured.upk  files=5
[482/2010] F_Pad_Butt_Armoured_BRDF_Mappings.upk  files=0
[483/2010] F_Pad_Groin_Armoured.upk  files=5
[484/2010] F_Pad_Groin_Armoured_BRDF_Mappings.upk  files=0
[485/2010] F_Pouch_Leg_Utility_L.upk  files=12
[486/2010] F_Pouch_Leg_Utility_L_BRDF_Mappings.upk  files=4
[487/2010] F_Pouch_Leg_Utility_R.upk  files=12
[488/2010] F_Pouch_Leg_Utility_R_BRDF_Mappings.upk  files=4
[489/2010] F_Pouches_ChestRig_Grenades.upk  files=14
[490/2010] F_Pouches_ChestRig_Grenades_BRDF_Mappings.upk  files=3
[491/2010] F_Pouches_ChestRig_Machinegunner.upk  files=8
[492/2010] F_Pouches_ChestRig_Machinegunner_BRDF_Mappings.upk  files=3
[493/2010] F_Pouches_ChestRig_Rifleman.upk  files=9
[494/2010] F_Pouches_ChestRig_Rifleman_BRDF_Mappings.upk  files=3
[495/2010] F_Pouches_ChestRig_Shotgunner.upk  files=10
[496/2010] F_Pouches_ChestRig_Shotgunner_BRDF_Mappings.upk  files=5
[497/2010] F_Pouches_ChestRig_SubMachineGun.upk  files=10
[498/2010] F_Pouches_ChestRig_SubMachineGun_BRDF_Mappings.upk  files=3
[499/2010] F_Pouches_Vest_Grenades.upk  files=11
[500/2010] F_Pouches_Vest_Grenades_BRDF_Mappings.upk  files=3
[501/2010] F_Pouches_Vest_Machinegunner.upk  files=7
[502/2010] F_Pouches_Vest_Machinegunner_BRDF_Mappings.upk  files=3
[503/2010] F_Pouches_Vest_Shotgunner.upk  files=8
[504/2010] F_Pouches_Vest_Shotgunner_BRDF_Mappings.upk  files=3
[505/2010] F_Pouches_Vest_SubMachineGun.upk  files=11
[506/2010] F_Pouches_Vest_SubMachineGun_BRDF_Mappings.upk  files=3
[507/2010] F_Scalp_Fauxhawk_Functional_Cropped.upk  files=4
[508/2010] F_Scalp_Fauxhawk_Functional_Cropped_BRDF_Mappings.upk  files=2
[509/2010] F_Shinpads_Impact.upk  files=14
[510/2010] F_Shinpads_Impact_BRDF_Mappings.upk  files=3
[511/2010] F_Shorts_Cargo_Capri.upk  files=20
[512/2010] F_Shorts_Cargo_Capri_BRDF_Mappings.upk  files=4
[513/2010] F_Shorts_HighWaist_Fashionable.upk  files=17
[514/2010] F_Shorts_HighWaist_Fashionable_BRDF_Mappings.upk  files=4
[515/2010] F_Shorts_Sports_Basketball.upk  files=14
[516/2010] F_Shorts_Sports_Basketball_BRDF_Mappings.upk  files=2
[517/2010] F_Shoulderpads_Armoured.upk  files=5
[518/2010] F_Shoulderpads_Armoured_BRDF_Mappings.upk  files=0
[519/2010] F_Skirt_Long_Functional_Office.upk  files=17
[520/2010] F_Skirt_Long_Functional_Office_BRDF_Mappings.upk  files=1
[521/2010] F_Skirt_Mini_Functional_Flared.upk  files=17
[522/2010] F_Skirt_Mini_Functional_Flared_BRDF_Mappings.upk  files=0
[523/2010] F_Skirt_Mini_Functional_Tutu.upk  files=17
[524/2010] F_Skirt_Mini_Functional_Tutu_BRDF_Mappings.upk  files=2
[525/2010] F_Skirt_SchoolGirl.upk  files=19
[526/2010] F_Skirt_SchoolGirlGoth.upk  files=22
[527/2010] F_Skirt_SchoolGirlGoth_BRDF_Mappings.upk  files=6
[528/2010] F_Skirt_SchoolGirl_BRDF_Mappings.upk  files=4
[529/2010] F_Snowmanhead.upk  files=6
[530/2010] F_Snowmanhead_BRDF_Mappings.upk  files=1
[531/2010] F_Snowmanhead_Eyes.upk  files=6
[532/2010] F_Snowmanhead_Eyes_BRDF_Mappings.upk  files=4
[533/2010] F_Snowmanhead_Nose.upk  files=6
[534/2010] F_Snowmanhead_Nose_BRDF_Mappings.upk  files=2
[535/2010] F_Swimwear_BikiniBottom_Functional_BriefRing.upk  files=11
[536/2010] F_Swimwear_BikiniBottom_Functional_BriefRing_BRDF_Mappings.upk  files=2
[537/2010] F_Swimwear_BikiniTop_Functional_HalterRing.upk  files=6
[538/2010] F_Swimwear_BikiniTop_Functional_HalterRing_BRDF_Mappings.upk  files=2
[539/2010] F_TestItem_CollarClose.upk  files=14
[540/2010] F_TestItem_CollarClose_BRDF_Mappings.upk  files=1
[541/2010] F_TestItem_CollarJacket.upk  files=15
[542/2010] F_TestItem_CollarJacket_BRDF_Mappings.upk  files=1
[543/2010] F_TestItem_FaceMask.upk  files=5
[544/2010] F_TestItem_FaceMask_BRDF_Mappings.upk  files=1
[545/2010] F_TestItem_ShirtCollarUp.upk  files=12
[546/2010] F_TestItem_ShirtCollarUp_BRDF_Mappings.upk  files=1
[547/2010] F_TestItem_VestShoulderPads.upk  files=8
[548/2010] F_TestItem_VestShoulderPadsLow.upk  files=9
[549/2010] F_TestItem_VestShoulderPadsLow_BRDF_Mappings.upk  files=0
[550/2010] F_TestItem_VestShoulderPads_BRDF_Mappings.upk  files=0
[551/2010] F_Test_Balaclava.upk  files=8
[552/2010] F_Test_BalaclavaLong.upk  files=13
[553/2010] F_Test_BalaclavaLong_BRDF_Mappings.upk  files=1
[554/2010] F_Test_Balaclava_3Holes.upk  files=10
[555/2010] F_Test_Balaclava_3Holes_BRDF_Mappings.upk  files=2
[556/2010] F_Test_Balaclava_BRDF_Mappings.upk  files=1
[557/2010] F_Test_Balaclava_Halfface.upk  files=12
[558/2010] F_Test_Balaclava_Halfface_BRDF_Mappings.upk  files=2
[559/2010] F_Test_BeltAngled.upk  files=5
[560/2010] F_Test_BeltAngledNarrow.upk  files=5
[561/2010] F_Test_BeltAngledNarrow_BRDF_Mappings.upk  files=1
[562/2010] F_Test_BeltAngled_BRDF_Mappings.upk  files=1
[563/2010] F_Test_Belt_Tactical.upk  files=13
[564/2010] F_Test_Belt_Tactical_BRDF_Mappings.upk  files=3
[565/2010] F_Test_BootsMoon.upk  files=11
[566/2010] F_Test_BootsMoon_BRDF_Mappings.upk  files=0
[567/2010] F_Test_BunnyEars.upk  files=4
[568/2010] F_Test_BunnyEars_BRDF_Mappings.upk  files=1
[569/2010] F_Test_Coat_Sofia.upk  files=5
[570/2010] F_Test_Coat_Sofia_BRDF_Mappings.upk  files=2
[571/2010] F_Test_Collar.upk  files=8
[572/2010] F_Test_Collar_BRDF_Mappings.upk  files=0
[573/2010] F_Test_ElbowPads_Tactical.upk  files=15
[574/2010] F_Test_ElbowPads_Tactical_BRDF_Mappings.upk  files=3
[575/2010] F_Test_GasMaskLarge.upk  files=5
[576/2010] F_Test_GasMaskLarge_BRDF_Mappings.upk  files=1
[577/2010] F_Test_GasMaskSmall.upk  files=5
[578/2010] F_Test_GasMaskSmall_BRDF_Mappings.upk  files=1
[579/2010] F_Test_GasTank.upk  files=5
[580/2010] F_Test_GasTank_BRDF_Mappings.upk  files=1
[581/2010] F_Test_Gloves_Tactical_Fingerless.upk  files=15
[582/2010] F_Test_Gloves_Tactical_Fingerless_BRDF_Mappings.upk  files=1
[583/2010] F_Test_Helmet.upk  files=5
[584/2010] F_Test_Helmet_BRDF_Mappings.upk  files=1
[585/2010] F_Test_Helmet_Combat.upk  files=9
[586/2010] F_Test_Helmet_Combat_BRDF_Mappings.upk  files=3
[587/2010] F_Test_Helmet_Futuristic.upk  files=6
[588/2010] F_Test_Helmet_Futuristic_BRDF_Mappings.upk  files=3
[589/2010] F_Test_Holster_Small_Left.upk  files=10
[590/2010] F_Test_Holster_Small_Left_BRDF_Mappings.upk  files=6
[591/2010] F_Test_Holster_Small_Right.upk  files=10
[592/2010] F_Test_Holster_Small_Right_BRDF_Mappings.upk  files=3
[593/2010] F_Test_Holster_Tactical_Left.upk  files=13
[594/2010] F_Test_Holster_Tactical_Left_BRDF_Mappings.upk  files=3
[595/2010] F_Test_Holster_Tactical_Right.upk  files=13
[596/2010] F_Test_Holster_Tactical_Right_BRDF_Mappings.upk  files=3
[597/2010] F_Test_JacketCuffs.upk  files=7
[598/2010] F_Test_JacketCuffs_BRDF_Mappings.upk  files=0
[599/2010] F_Test_Kneepads.upk  files=9
[600/2010] F_Test_Kneepads_BRDF_Mappings.upk  files=0
[601/2010] F_Test_Kneepads_Tactical.upk  files=16
[602/2010] F_Test_Kneepads_Tactical_BRDF_Mappings.upk  files=3
[603/2010] F_Test_KnifeHolster.upk  files=3
[604/2010] F_Test_KnifeHolster_BRDF_Mappings.upk  files=0
[605/2010] F_Test_Mask.upk  files=6
[606/2010] F_Test_Mask_BRDF_Mappings.upk  files=1
[607/2010] F_Test_MotorbikeHelmet.upk  files=12
[608/2010] F_Test_MotorbikeHelmet_BRDF_Mappings.upk  files=2
[609/2010] F_Test_NoraJacket.upk  files=9
[610/2010] F_Test_NoraJacketHodie.upk  files=11
[611/2010] F_Test_NoraJacketHodie_BRDF_Mappings.upk  files=1
[612/2010] F_Test_NoraJacket_BRDF_Mappings.upk  files=1
[613/2010] F_Test_PiercingCorset.upk  files=4
[614/2010] F_Test_PiercingCorset_BRDF_Mappings.upk  files=2
[615/2010] F_Test_Pouch_GasMask_Left.upk  files=10
[616/2010] F_Test_Pouch_GasMask_Left_BRDF_Mappings.upk  files=3
[617/2010] F_Test_Pouch_GasMask_Right.upk  files=10
[618/2010] F_Test_Pouch_GasMask_Right_BRDF_Mappings.upk  files=4
[619/2010] F_Test_Pouches_Vestslim_Rifleman.upk  files=11
[620/2010] F_Test_Pouches_Vestslim_Rifleman_BRDF_Mappings.upk  files=3
[621/2010] F_Test_RiotHelmet.upk  files=8
[622/2010] F_Test_RiotHelmet_BRDF_Mappings.upk  files=2
[623/2010] F_Test_Scarf.upk  files=10
[624/2010] F_Test_Shemagh.upk  files=9
[625/2010] F_Test_Shemagh_BRDF_Mappings.upk  files=0
[626/2010] F_Test_Shemagh_Face.upk  files=11
[627/2010] F_Test_Shemagh_Face_BRDF_Mappings.upk  files=0
[628/2010] F_Test_ShirtCuffs.upk  files=9
[629/2010] F_Test_ShirtCuffs_BRDF_Mappings.upk  files=0
[630/2010] F_Test_Tie_DoneUp.upk  files=4
[631/2010] F_Test_Tie_DoneUp_BRDF_Mappings.upk  files=1
[632/2010] F_Test_Tie_Loose.upk  files=4
[633/2010] F_Test_Tie_Loose_BRDF_Mappings.upk  files=1
[634/2010] F_Test_TopHat.upk  files=6
[635/2010] F_Test_TopHat_BRDF_Mappings.upk  files=2
[636/2010] F_Test_TopMaximumVolume.upk  files=9
[637/2010] F_Test_TopMaximumVolume_BRDF_Mappings.upk  files=1
[638/2010] F_Test_TopShirt.upk  files=10
[639/2010] F_Test_TopShirt_BRDF_Mappings.upk  files=2
[640/2010] F_Test_TrousersKneeLength.upk  files=9
[641/2010] F_Test_TrousersKneeLength_BRDF_Mappings.upk  files=3
[642/2010] F_Test_Vest_Tactical.upk  files=15
[643/2010] F_Test_Vest_Tactical_BRDF_Mappings.upk  files=4
[644/2010] F_Test_WeldingMask.upk  files=7
[645/2010] F_Test_WeldingMask_BRDF_Mappings.upk  files=3
[646/2010] F_Test_WrestlingMask.upk  files=9
[647/2010] F_Test_WrestlingMask_BRDF_Mappings.upk  files=1
[648/2010] F_Thighpads_Armoured.upk  files=13
[649/2010] F_Thighpads_Armoured_BRDF_Mappings.upk  files=2
[650/2010] F_Thighpads_Impact.upk  files=15
[651/2010] F_Thighpads_Impact_BRDF_Mappings.upk  files=3
[652/2010] F_Top_Backpack_Radio.upk  files=20
[653/2010] F_Top_Backpack_Radio_BRDF_Mappings.upk  files=6
[654/2010] F_Top_Backpack_Skateboard.upk  files=21
[655/2010] F_Top_Backpack_Skateboard_BRDF_Mappings.upk  files=3
[656/2010] F_Top_Corset_Underbust_Laced.upk  files=20
[657/2010] F_Top_Corset_Underbust_Laced_BRDF_Mappings.upk  files=3
[658/2010] F_Top_CropTop_Pentagram.upk  files=8
[659/2010] F_Top_CropTop_Pentagram_BRDF_Mappings.upk  files=3
[660/2010] F_Top_Halter_Fashion.upk  files=18
[661/2010] F_Top_Halter_Fashion_BRDF_Mappings.upk  files=2
[662/2010] F_Top_Jacket_Cropped_Hood.upk  files=24
[663/2010] F_Top_Jacket_Cropped_Hood_BRDF_Mappings.upk  files=3
[664/2010] F_Top_Jacket_Death.upk  files=23
[665/2010] F_Top_Jacket_Death_BRDF_Mappings.upk  files=4
[666/2010] F_Top_LongSleeved_Functional_SuitJacket.upk  files=14
[667/2010] F_Top_LongSleeved_Functional_SuitJacket_BRDF_Mappings.upk  files=3
[668/2010] F_Top_LongSleeved_Hockey.upk  files=20
[669/2010] F_Top_LongSleeved_Hockey_BRDF_Mappings.upk  files=2
[670/2010] F_Top_LongSleeved_LaceyMesh.upk  files=14
[671/2010] F_Top_LongSleeved_LaceyMesh_BRDF_Mappings.upk  files=1
[672/2010] F_Top_Longsleeve_Functional_ShirtDoneUp.upk  files=14
[673/2010] F_Top_Longsleeve_Functional_ShirtDoneUp_BRDF_Mappings.upk  files=1
[674/2010] F_Top_Longsleeve_Functional_ShirtOffice.upk  files=17
[675/2010] F_Top_Longsleeve_Functional_ShirtOffice_BRDF_Mappings.upk  files=3
[676/2010] F_Top_Longsleeve_Parka_HoodDown.upk  files=20
[677/2010] F_Top_Longsleeve_Parka_HoodDown_BRDF_Mappings.upk  files=5
[678/2010] F_Top_Longsleeve_Parka_HoodUp.upk  files=20
[679/2010] F_Top_Longsleeve_Parka_HoodUp_BRDF_Mappings.upk  files=5
[680/2010] F_Top_Longsleeve_Skate_HoodieHoodDown.upk  files=14
[681/2010] F_Top_Longsleeve_Skate_HoodieHoodDown_BRDF_Mappings.upk  files=1
[682/2010] F_Top_Longsleeve_Skate_HoodieHoodup.upk  files=16
[683/2010] F_Top_Longsleeve_Skate_HoodieHoodup_BRDF_Mappings.upk  files=0
[684/2010] F_Top_Longsleeved_Famine.upk  files=23
[685/2010] F_Top_Longsleeved_Famine_BRDF_Mappings.upk  files=3
[686/2010] F_Top_Longsleeved_Fishnet.upk  files=4
[687/2010] F_Top_Longsleeved_Fishnet_BRDF_Mappings.upk  files=0
[688/2010] F_Top_Longsleeved_Football.upk  files=19
[689/2010] F_Top_Longsleeved_Football_BRDF_Mappings.upk  files=2
[690/2010] F_Top_Longsleeved_Functional_JacketLeather.upk  files=15
[691/2010] F_Top_Longsleeved_Functional_JacketLeather_BRDF_Mappings.upk  files=6
[692/2010] F_Top_Longsleeved_Functional_PulloverPolo.upk  files=14
[693/2010] F_Top_Longsleeved_Functional_PulloverPolo_BRDF_Mappings.upk  files=0
[694/2010] F_Top_Longsleeved_Functional_PulloverTight.upk  files=14
[695/2010] F_Top_Longsleeved_Functional_PulloverTight_BRDF_Mappings.upk  files=1
[696/2010] F_Top_Longsleeved_Jacket_Denim.upk  files=18
[697/2010] F_Top_Longsleeved_Jacket_Denim_BRDF_Mappings.upk  files=2
[698/2010] F_Top_Longsleeved_Jacket_Flight_Cotton.upk  files=18
[699/2010] F_Top_Longsleeved_Jacket_Flight_Cotton_BRDF_Mappings.upk  files=4
[700/2010] F_Top_Longsleeved_Jacket_Leather_Studded.upk  files=18
[701/2010] F_Top_Longsleeved_Jacket_Leather_Studded_BRDF_Mappings.upk  files=7
[702/2010] F_Top_Longsleeved_Jacket_Nutcracker.upk  files=13
[703/2010] F_Top_Longsleeved_Jacket_Nutcracker_BRDF_Mappings.upk  files=2
[704/2010] F_Top_Longsleeved_Jacket_Patriot.upk  files=25
[705/2010] F_Top_Longsleeved_Jacket_Patriot_BRDF_Mappings.upk  files=1
[706/2010] F_Top_Longsleeved_Jacket_Santa.upk  files=16
[707/2010] F_Top_Longsleeved_Jacket_Santa_BRDF_Mappings.upk  files=3
[708/2010] F_Top_Longsleeved_MilitaryJumper.upk  files=16
[709/2010] F_Top_Longsleeved_MilitaryJumper_BRDF_Mappings.upk  files=2
[710/2010] F_Top_Longsleeved_Tech.upk  files=11
[711/2010] F_Top_Longsleeved_TechHoodie.upk  files=30
[712/2010] F_Top_Longsleeved_TechHoodie_BRDF_Mappings.upk  files=4
[713/2010] F_Top_Longsleeved_Tech_BRDF_Mappings.upk  files=1
[714/2010] F_Top_Longsleeved_Tech_Rubber.upk  files=11
[715/2010] F_Top_Longsleeved_Tech_Rubber_BRDF_Mappings.upk  files=2
[716/2010] F_Top_ShortSleeved_Baseball.upk  files=17
[717/2010] F_Top_ShortSleeved_Baseball_BRDF_Mappings.upk  files=3
[718/2010] F_Top_Shortsleeved_Fishnet.upk  files=4
[719/2010] F_Top_Shortsleeved_Fishnet_BRDF_Mappings.upk  files=0
[720/2010] F_Top_Shortsleeved_Functional_SchoolGirl.upk  files=14
[721/2010] F_Top_Shortsleeved_Functional_SchoolGirlGoth.upk  files=14
[722/2010] F_Top_Shortsleeved_Functional_SchoolGirlGoth_BRDF_Mappings.upk  files=2
[723/2010] F_Top_Shortsleeved_Functional_SchoolGirl_BRDF_Mappings.upk  files=2
[724/2010] F_Top_Shortsleeved_Functional_Tee.upk  files=14
[725/2010] F_Top_Shortsleeved_Functional_Tee_BRDF_Mappings.upk  files=1
[726/2010] F_Top_Shortsleeved_Noir_Tee.upk  files=10
[727/2010] F_Top_Shortsleeved_Noir_Tee_BRDF_Mappings.upk  files=2
[728/2010] F_Top_Shortsleeved_Smock.upk  files=19
[729/2010] F_Top_Shortsleeved_Smock_BRDF_Mappings.upk  files=3
[730/2010] F_Top_Shortsleeved_VNeck_Tee.upk  files=4
[731/2010] F_Top_Shortsleeved_VNeck_Tee_BRDF_Mappings.upk  files=2
[732/2010] F_Top_Sleeveless_Basketball.upk  files=13
[733/2010] F_Top_Sleeveless_Basketball_BRDF_Mappings.upk  files=2
[734/2010] F_Top_Tanktop_Tied.upk  files=15
[735/2010] F_Top_Tanktop_Tied_BRDF_Mappings.upk  files=4
[736/2010] F_Top_Vest_Armoured.upk  files=19
[737/2010] F_Top_Vest_Armoured_BRDF_Mappings.upk  files=2
[738/2010] F_Top_Vest_Athletic_Cropped.upk  files=17
[739/2010] F_Top_Vest_Athletic_Cropped_BRDF_Mappings.upk  files=3
[740/2010] F_Top_Vest_Athletic_Regular.upk  files=13
[741/2010] F_Top_Vest_Athletic_Regular_BRDF_Mappings.upk  files=0
[742/2010] F_Top_Vest_CarbonNanofiber.upk  files=18
[743/2010] F_Top_Vest_CarbonNanofiber_BRDF_Mappings.upk  files=2
[744/2010] F_Top_Vest_CeramicPlated.upk  files=18
[745/2010] F_Top_Vest_CeramicPlated_BRDF_Mappings.upk  files=2
[746/2010] F_Top_Vest_ChestRig.upk  files=13
[747/2010] F_Top_Vest_ChestRig_BRDF_Mappings.upk  files=2
[748/2010] F_Top_Vest_Enforcement_Base.upk  files=16
[749/2010] F_Top_Vest_Enforcement_Base_BRDF_Mappings.upk  files=3
[750/2010] F_Top_Vest_Enforcement_Shooting.upk  files=19
[751/2010] F_Top_Vest_Enforcement_Shooting_BRDF_Mappings.upk  files=6
[752/2010] F_Top_Vest_Functional_Cropped.upk  files=12
[753/2010] F_Top_Vest_Functional_Cropped_BRDF_Mappings.upk  files=1
[754/2010] F_Top_Vest_Impact.upk  files=13
[755/2010] F_Top_Vest_Impact_BRDF_Mappings.upk  files=3
[756/2010] F_Top_Vest_Torn.upk  files=12
[757/2010] F_Top_Vest_Torn_BRDF_Mappings.upk  files=1
[758/2010] F_Top_Vest_Urban_Bodywarmer.upk  files=8
[759/2010] F_Top_Vest_Urban_Bodywarmer_BRDF_Mappings.upk  files=0
[760/2010] F_TrousersShorts_Butt_Functional_Denim.upk  files=12
[761/2010] F_TrousersShorts_Butt_Functional_Denim_BRDF_Mappings.upk  files=5
[762/2010] F_TrousersShorts_Butt_Noir_Leather.upk  files=10
[763/2010] F_TrousersShorts_Butt_Noir_Leather_BRDF_Mappings.upk  files=5
[764/2010] F_TrousersShorts_ThighLength_Functional_Safari.upk  files=15
[765/2010] F_TrousersShorts_ThighLength_Functional_Safari_BRDF_Mappings.upk  files=3
[766/2010] F_Trousers_Baseball.upk  files=19
[767/2010] F_Trousers_Baseball_BRDF_Mappings.upk  files=3
[768/2010] F_Trousers_Combats_Enforcement_US.upk  files=13
[769/2010] F_Trousers_Combats_Enforcement_US_BRDF_Mappings.upk  files=2
[770/2010] F_Trousers_Combats_Reinforced.upk  files=17
[771/2010] F_Trousers_Combats_Reinforced_BRDF_Mappings.upk  files=3
[772/2010] F_Trousers_DropCrotch.upk  files=18
[773/2010] F_Trousers_DropCrotch_BRDF_Mappings.upk  files=1
[774/2010] F_Trousers_Famine.upk  files=18
[775/2010] F_Trousers_Famine_BRDF_Mappings.upk  files=3
[776/2010] F_Trousers_Football.upk  files=17
[777/2010] F_Trousers_Football_BRDF_Mappings.upk  files=2
[778/2010] F_Trousers_Hockey.upk  files=17
[779/2010] F_Trousers_Hockey_BRDF_Mappings.upk  files=3
[780/2010] F_Trousers_Jeans_Baggy.upk  files=19
[781/2010] F_Trousers_Jeans_Baggy_BRDF_Mappings.upk  files=2
[782/2010] F_Trousers_Jeans_Distressed_Skinny.upk  files=13
[783/2010] F_Trousers_Jeans_Distressed_Skinny_BRDF_Mappings.upk  files=3
[784/2010] F_Trousers_Jeans_Functional_Regular.upk  files=15
[785/2010] F_Trousers_Jeans_Functional_Regular_BRDF_Mappings.upk  files=3
[786/2010] F_Trousers_Jeans_Functional_Skinny.upk  files=15
[787/2010] F_Trousers_Jeans_Functional_Skinny_BRDF_Mappings.upk  files=3
[788/2010] F_Trousers_Jeans_Noir_Skinny.upk  files=15
[789/2010] F_Trousers_Jeans_Noir_Skinny_BRDF_Mappings.upk  files=2
[790/2010] F_Trousers_Jeans_Occult.upk  files=13
[791/2010] F_Trousers_Jeans_Occult_BRDF_Mappings.upk  files=2
[792/2010] F_Trousers_LeatherDenim.upk  files=22
[793/2010] F_Trousers_LeatherDenim_BRDF_Mappings.upk  files=4
[794/2010] F_Trousers_Leather_Buckled.upk  files=22
[795/2010] F_Trousers_Leather_Buckled_BRDF_Mappings.upk  files=4
[796/2010] F_Trousers_Leggings_Fashion_FullLength.upk  files=11
[797/2010] F_Trousers_Leggings_Fashion_FullLength_BRDF_Mappings.upk  files=2
[798/2010] F_Trousers_Leggings_Functional_CalfLength.upk  files=9
[799/2010] F_Trousers_Leggings_Functional_CalfLength_BRDF_Mappings.upk  files=1
[800/2010] F_Trousers_Leggings_Functional_FullLength.upk  files=9
[801/2010] F_Trousers_Leggings_Functional_FullLength_BRDF_Mappings.upk  files=1
[802/2010] F_Trousers_Leggings_LeatherLacy.upk  files=12
[803/2010] F_Trousers_Leggings_LeatherLacy_BRDF_Mappings.upk  files=2
[804/2010] F_Trousers_Leggings_Noir_CalfLength.upk  files=11
[805/2010] F_Trousers_Leggings_Noir_CalfLength_BRDF_Mappings.upk  files=3
[806/2010] F_Trousers_Leggings_Noir_FullLength.upk  files=11
[807/2010] F_Trousers_Leggings_Noir_FullLength_BRDF_Mappings.upk  files=3
[808/2010] F_Trousers_Suit_Functional_Regular.upk  files=11
[809/2010] F_Trousers_Suit_Functional_Regular_BRDF_Mappings.upk  files=1
[810/2010] F_Trousers_Tactical.upk  files=17
[811/2010] F_Trousers_Tactical_BRDF_Mappings.upk  files=2
[812/2010] F_Trousers_Tech.upk  files=14
[813/2010] F_Trousers_TechProsthetic.upk  files=23
[814/2010] F_Trousers_TechProsthetic_BRDF_Mappings.upk  files=5
[815/2010] F_Trousers_Tech_BRDF_Mappings.upk  files=3
[816/2010] F_Trousers_Tech_Rubber.upk  files=14
[817/2010] F_Trousers_Tech_Rubber_BRDF_Mappings.upk  files=2
[818/2010] F_Trousers_Tracksuit_Athletic_Regular.upk  files=14
[819/2010] F_Trousers_Tracksuit_Athletic_Regular_BRDF_Mappings.upk  files=2
[820/2010] F_Underwear_Bodysuit_Tank.upk  files=11
[821/2010] F_Underwear_Bodysuit_Tank_BRDF_Mappings.upk  files=2
[822/2010] F_Underwear_BoyShorts_Functional_Lace.upk  files=6
[823/2010] F_Underwear_BoyShorts_Functional_Lace_BRDF_Mappings.upk  files=0
[824/2010] F_Underwear_Bra_Functional_Adhesive.upk  files=4
[825/2010] F_Underwear_Bra_Functional_Adhesive_BRDF_Mappings.upk  files=2
[826/2010] F_Underwear_Bra_Functional_Lace.upk  files=8
[827/2010] F_Underwear_Bra_Functional_Lace_BRDF_Mappings.upk  files=0
[828/2010] F_Underwear_Bra_Functional_Plain.upk  files=8
[829/2010] F_Underwear_Bra_Functional_Plain_BRDF_Mappings.upk  files=0
[830/2010] F_Underwear_Bra_Functional_Strapless.upk  files=10
[831/2010] F_Underwear_Bra_Functional_Strapless_BRDF_Mappings.upk  files=0
[832/2010] F_Underwear_GarterBelt_Pentagram.upk  files=5
[833/2010] F_Underwear_GarterBelt_Pentagram_BRDF_Mappings.upk  files=2
[834/2010] F_Underwear_Shorties_Functional_Plain.upk  files=4
[835/2010] F_Underwear_Shorties_Functional_Plain_BRDF_Mappings.upk  files=1
[836/2010] F_Underwear_Stockings_Functional_LaceFlowerHighLeft.upk  files=7
[837/2010] F_Underwear_Stockings_Functional_LaceFlowerHighLeft_BRDF_Mappings.upk  files=1
[838/2010] F_Underwear_Stockings_Functional_LaceFlowerHighRight.upk  files=7
[839/2010] F_Underwear_Stockings_Functional_LaceFlowerHighRight_BRDF_Mappings.upk  files=1
[840/2010] F_Underwear_Stockings_Functional_LaceFlowerLowLeft.upk  files=7
[841/2010] F_Underwear_Stockings_Functional_LaceFlowerLowLeft_BRDF_Mappings.upk  files=1
[842/2010] F_Underwear_Stockings_Functional_LaceFlowerLowRight.upk  files=7
[843/2010] F_Underwear_Stockings_Functional_LaceFlowerLowRight_BRDF_Mappings.upk  files=1
[844/2010] F_Underwear_Stockings_Functional_LaceSwirlsLeft.upk  files=7
[845/2010] F_Underwear_Stockings_Functional_LaceSwirlsLeft_BRDF_Mappings.upk  files=1
[846/2010] F_Underwear_Stockings_Functional_LaceSwirlsRight.upk  files=7
[847/2010] F_Underwear_Stockings_Functional_LaceSwirlsRight_BRDF_Mappings.upk  files=1
[848/2010] F_Underwear_Stockings_Goat_HighLeft.upk  files=7
[849/2010] F_Underwear_Stockings_Goat_HighLeft_BRDF_Mappings.upk  files=1
[850/2010] F_Underwear_Stockings_Goat_HighRight.upk  files=7
[851/2010] F_Underwear_Stockings_Goat_HighRight_BRDF_Mappings.upk  files=1
[852/2010] F_Underwear_Stockings_Noir_TornHighLeft.upk  files=8
[853/2010] F_Underwear_Stockings_Noir_TornHighLeft_BRDF_Mappings.upk  files=1
[854/2010] F_Underwear_Stockings_Noir_TornHighRight.upk  files=8
[855/2010] F_Underwear_Stockings_Noir_TornHighRight_BRDF_Mappings.upk  files=1
[856/2010] F_Underwear_Stockings_Pentagram_HighLeft.upk  files=7
[857/2010] F_Underwear_Stockings_Pentagram_HighLeft_BRDF_Mappings.upk  files=2
[858/2010] F_Underwear_Stockings_Pentagram_HighRight.upk  files=7
[859/2010] F_Underwear_Stockings_Pentagram_HighRight_BRDF_Mappings.upk  files=2
[860/2010] F_Underwear_Swimwear_OnePiece.upk  files=11
[861/2010] F_Underwear_Swimwear_OnePiece_BRDF_Mappings.upk  files=2
[862/2010] F_Underwear_Thong_Functional_Lace.upk  files=10
[863/2010] F_Underwear_Thong_Functional_Lace_BRDF_Mappings.upk  files=1
[864/2010] F_Underwear_Webbing_Bra.upk  files=8
[865/2010] F_Underwear_Webbing_Bra_BRDF_Mappings.upk  files=4
[866/2010] F_Waistwear_Badge_Enforcement_BadgeDeputy.upk  files=6
[867/2010] F_Waistwear_Badge_Enforcement_BadgeDeputy_BRDF_Mappings.upk  files=2
[868/2010] F_Waistwear_Badge_Enforcement_Star.upk  files=6
[869/2010] F_Waistwear_Badge_Enforcement_Star_BRDF_Mappings.upk  files=2
[870/2010] F_Waistwear_Belt_Army.upk  files=11
[871/2010] F_Waistwear_Belt_Army_BRDF_Mappings.upk  files=3
[872/2010] F_Waistwear_Belt_Enforcement_BulletAngledRight.upk  files=14
[873/2010] F_Waistwear_Belt_Enforcement_BulletAngledRight_BRDF_Mappings.upk  files=2
[874/2010] F_Waistwear_Belt_Enforcement_BulletStar.upk  files=17
[875/2010] F_Waistwear_Belt_Enforcement_BulletStar_BRDF_Mappings.upk  files=5
[876/2010] F_Waistwear_Belt_Enforcement_EquipmentEM.upk  files=17
[877/2010] F_Waistwear_Belt_Enforcement_EquipmentEM_BRDF_Mappings.upk  files=6
[878/2010] F_Waistwear_Belt_Fashion_Scarf.upk  files=14
[879/2010] F_Waistwear_Belt_Fashion_Scarf_BRDF_Mappings.upk  files=1
[880/2010] F_Waistwear_Belt_Functional_Basic.upk  files=7
[881/2010] F_Waistwear_Belt_Functional_Basic_BRDF_Mappings.upk  files=5
[882/2010] F_Waistwear_Belt_Functional_LeatherWeaveRegular.upk  files=5
[883/2010] F_Waistwear_Belt_Functional_LeatherWeaveRegular_BRDF_Mappings.upk  files=3
[884/2010] F_Waistwear_Belt_Noir_CrossedStudded.upk  files=16
[885/2010] F_Waistwear_Belt_Noir_CrossedStudded_BRDF_Mappings.upk  files=5
[886/2010] F_Waistwear_Belt_Noir_Rock.upk  files=12
[887/2010] F_Waistwear_Belt_Noir_Rock_BRDF_Mappings.upk  files=7
[888/2010] F_Waistwear_Belt_Skate_StuddedFlatBuckleSimple.upk  files=6
[889/2010] F_Waistwear_Belt_Skate_StuddedFlatBuckleSimple_BRDF_Mappings.upk  files=5
[890/2010] F_Waistwear_Belt_Skate_StuddedSimple.upk  files=6
[891/2010] F_Waistwear_Belt_Skate_StuddedSimple_BRDF_Mappings.upk  files=5
[892/2010] F_Waistwear_Corset_Noir_Charlotte.upk  files=9
[893/2010] F_Waistwear_Corset_Noir_Charlotte_BRDF_Mappings.upk  files=0
[894/2010] F_Waistwear_Piercing_Functional_BellyButterfly.upk  files=10
[895/2010] F_Waistwear_Piercing_Functional_BellyButterfly_BRDF_Mappings.upk  files=3
[896/2010] F_Waistwear_Piercing_Functional_BellyDiamondBall.upk  files=10
[897/2010] F_Waistwear_Piercing_Functional_BellyDiamondBall_BRDF_Mappings.upk  files=3
[898/2010] F_Waistwear_Piercing_Functional_BellyHeart.upk  files=11
[899/2010] F_Waistwear_Piercing_Functional_BellyHeart_BRDF_Mappings.upk  files=3
[900/2010] F_Waistwear_Piercing_Functional_BellyJewels.upk  files=11
[901/2010] F_Waistwear_Piercing_Functional_BellyJewels_BRDF_Mappings.upk  files=3
[902/2010] F_Wings_Cherub.upk  files=5
[903/2010] F_Wings_Cherub_BRDF_Mappings.upk  files=2
[904/2010] F_Wings_Devil.upk  files=8
[905/2010] F_Wings_Devil_BRDF_Mappings.upk  files=1
[906/2010] F_Wings_Fairy.upk  files=9
[907/2010] F_Wings_Fairy_BRDF_Mappings.upk  files=1
[908/2010] GolemMaterials.upk  files=56
[909/2010] M_Armpads_Armoured.upk  files=11
[910/2010] M_Armpads_Armoured_BRDF_Mappings.upk  files=1
[911/2010] M_Armpads_Impact.upk  files=14
[912/2010] M_Armpads_Impact_BRDF_Mappings.upk  files=3
[913/2010] M_Armwear_Armwarmers_FullLeft.upk  files=4
[914/2010] M_Armwear_Armwarmers_FullLeft_BRDF_Mappings.upk  files=0
[915/2010] M_Armwear_Armwarmers_FullRight.upk  files=4
[916/2010] M_Armwear_Armwarmers_FullRight_BRDF_Mappings.upk  files=0
[917/2010] M_Armwear_Bracelets_Enforcement_LaRochaLeft.upk  files=17
[918/2010] M_Armwear_Bracelets_Enforcement_LaRochaLeft_BRDF_Mappings.upk  files=7
[919/2010] M_Armwear_Bracelets_Skate_StuddedLeft.upk  files=12
[920/2010] M_Armwear_Bracelets_Skate_StuddedLeft_BRDF_Mappings.upk  files=3
[921/2010] M_Armwear_Bracelets_Skate_StuddedRight.upk  files=12
[922/2010] M_Armwear_Bracelets_Skate_StuddedRight_BRDF_Mappings.upk  files=3
[923/2010] M_Armwear_Upper_Functional_BandLaRochaLeft.upk  files=13
[924/2010] M_Armwear_Upper_Functional_BandLaRochaLeft_BRDF_Mappings.upk  files=4
[925/2010] M_Armwear_Wrist_Functional_BraceletBulletsLeft.upk  files=13
[926/2010] M_Armwear_Wrist_Functional_BraceletBulletsLeft_BRDF_Mappings.upk  files=2
[927/2010] M_Armwear_Wristwatch_Enforcement_LaRochaRight.upk  files=14
[928/2010] M_Armwear_Wristwatch_Enforcement_LaRochaRight_BRDF_Mappings.upk  files=6
[929/2010] M_Backpack_DoubleAxes.upk  files=15
[930/2010] M_Backpack_DoubleAxes_BRDF_Mappings.upk  files=6
[931/2010] M_Backpack_DoubleShotgun.upk  files=16
[932/2010] M_Backpack_DoubleShotgun_BRDF_Mappings.upk  files=8
[933/2010] M_Backpack_Katana.upk  files=16
[934/2010] M_Backpack_KatanaOnly.upk  files=15
[935/2010] M_Backpack_KatanaOnly_BRDF_Mappings.upk  files=8
[936/2010] M_Backpack_Katana_BRDF_Mappings.upk  files=8
[937/2010] M_Backpack_Militia.upk  files=19
[938/2010] M_Backpack_Militia_BRDF_Mappings.upk  files=3
[939/2010] M_Backpack_Monster.upk  files=16
[940/2010] M_Backpack_Monster_BRDF_Mappings.upk  files=4
[941/2010] M_Backpack_Pumpkin.upk  files=17
[942/2010] M_Backpack_Pumpkin_BRDF_Mappings.upk  files=3
[943/2010] M_Backpack_Quiver_Plain.upk  files=23
[944/2010] M_Backpack_Quiver_Plain_BRDF_Mappings.upk  files=8
[945/2010] M_Backpack_Quiver_Valentines.upk  files=13
[946/2010] M_Backpack_Quiver_Valentines_BRDF_Mappings.upk  files=6
[947/2010] M_Backpack_SantaBag.upk  files=21
[948/2010] M_Backpack_SantaBag_BRDF_Mappings.upk  files=2
[949/2010] M_Backpack_Skull.upk  files=17
[950/2010] M_Backpack_Skull_BRDF_Mappings.upk  files=3
[951/2010] M_Backpack_Sprinter.upk  files=20
[952/2010] M_Backpack_Sprinter_BRDF_Mappings.upk  files=4
[953/2010] M_Backpack_Vintage.upk  files=15
[954/2010] M_Backpack_Vintage_BRDF_Mappings.upk  files=3
[955/2010] M_Body.upk  files=6
[956/2010] M_Body_Base.upk  files=7
[957/2010] M_Body_Eye.upk  files=53
[958/2010] M_Body_Head.upk  files=72
[959/2010] M_Body_Skin.upk  files=148
[960/2010] M_Chestwear_Badge_Enforcement_BadgeDeputy.upk  files=6
[961/2010] M_Chestwear_Badge_Enforcement_BadgeDeputy_BRDF_Mappings.upk  files=2
[962/2010] M_Chestwear_Badge_Enforcement_Star.upk  files=6
[963/2010] M_Chestwear_Badge_Enforcement_Star_BRDF_Mappings.upk  files=2
[964/2010] M_Chestwear_Piercings_Skate_Nipple.upk  files=6
[965/2010] M_Chestwear_Piercings_Skate_Nipple_BRDF_Mappings.upk  files=2
[966/2010] M_Chestwear_ShoulderHolster_Functional_DoubleH.upk  files=15
[967/2010] M_Chestwear_ShoulderHolster_Functional_DoubleH_BRDF_Mappings.upk  files=6
[968/2010] M_Chestwear_ShoulderHolster_Functional_Knife.upk  files=16
[969/2010] M_Chestwear_ShoulderHolster_Functional_Knife_BRDF_Mappings.upk  files=5
[970/2010] M_Collar_Armoured_Heavy.upk  files=7
[971/2010] M_Collar_Armoured_Heavy_BRDF_Mappings.upk  files=0
[972/2010] M_Config_Leg_SprayCans_L.upk  files=13
[973/2010] M_Config_Leg_SprayCans_L_BRDF_Mappings.upk  files=3
[974/2010] M_Config_Leg_SprayCans_R.upk  files=12
[975/2010] M_Config_Leg_SprayCans_R_BRDF_Mappings.upk  files=3
[976/2010] M_Facewear_Earpiece_Enforcement_HighTecLeft.upk  files=10
[977/2010] M_Facewear_Earpiece_Enforcement_HighTecLeft_BRDF_Mappings.upk  files=3
[978/2010] M_Facewear_Earpiece_Enforcement_RegularLeft.upk  files=8
[979/2010] M_Facewear_Earpiece_Enforcement_RegularLeft_BRDF_Mappings.upk  files=4
[980/2010] M_Facewear_Gasmask_SideFilter_Eyes.upk  files=12
[981/2010] M_Facewear_Gasmask_SideFilter_Eyes_BRDF_Mappings.upk  files=3
[982/2010] M_Facewear_Gasmask_SnoutFilter_Eyes.upk  files=0
[983/2010] M_Facewear_Gasmask_SnoutFilter_Eyes_BRDF_Mappings.upk  files=5
[984/2010] M_Facewear_Glasses_Athletic_Sun.upk  files=8
[985/2010] M_Facewear_Glasses_Athletic_Sun_BRDF_Mappings.upk  files=3
[986/2010] M_Facewear_Glasses_Heart.upk  files=7
[987/2010] M_Facewear_Glasses_Heart_BRDF_Mappings.upk  files=2
[988/2010] M_Facewear_Glasses_Regular_3DRetro.upk  files=7
[989/2010] M_Facewear_Glasses_Regular_3DRetro_BRDF_Mappings.upk  files=2
[990/2010] M_Facewear_Glasses_Regular_Aviator.upk  files=7
[991/2010] M_Facewear_Glasses_Regular_Aviator_BRDF_Mappings.upk  files=3
[992/2010] M_Facewear_Glasses_Regular_BigOval.upk  files=7
[993/2010] M_Facewear_Glasses_Regular_BigOval_BRDF_Mappings.upk  files=3
[994/2010] M_Facewear_Glasses_Regular_EyePatch.upk  files=6
[995/2010] M_Facewear_Glasses_Regular_EyePatch_BRDF_Mappings.upk  files=1
[996/2010] M_Facewear_Glasses_Regular_NarrowRectangle.upk  files=6
[997/2010] M_Facewear_Glasses_Regular_NarrowRectangle_BRDF_Mappings.upk  files=1
[998/2010] M_Facewear_Glasses_Regular_Rectangle.upk  files=7
[999/2010] M_Facewear_Glasses_Regular_Rectangle_BRDF_Mappings.upk  files=2
[1000/2010] M_Facewear_Goggles_Functional_Flying.upk  files=0
[1001/2010] M_Facewear_Goggles_Functional_Flying_BRDF_Mappings.upk  files=6
[1002/2010] M_Facewear_Goggles_NightVision.upk  files=15
[1003/2010] M_Facewear_Goggles_NightVision_BRDF_Mappings.upk  files=9
[1004/2010] M_Facewear_Mask_Clown.upk  files=0
[1005/2010] M_Facewear_Mask_Clown_BRDF_Mappings.upk  files=2
[1006/2010] M_Facewear_Mask_Criminal_Bandit.upk  files=0
[1007/2010] M_Facewear_Mask_Criminal_Bandit_BRDF_Mappings.upk  files=2
[1008/2010] M_Facewear_Mask_Criminal_Cannibal.upk  files=12
[1009/2010] M_Facewear_Mask_Criminal_Cannibal_BRDF_Mappings.upk  files=3
[1010/2010] M_Facewear_Mask_Criminal_Hockey.upk  files=11
[1011/2010] M_Facewear_Mask_Criminal_HockeyPlain.upk  files=11
[1012/2010] M_Facewear_Mask_Criminal_HockeyPlain_BRDF_Mappings.upk  files=2
[1013/2010] M_Facewear_Mask_Criminal_Hockey_BRDF_Mappings.upk  files=3
[1014/2010] M_Facewear_Mask_Criminal_Outlaw.upk  files=0
[1015/2010] M_Facewear_Mask_Criminal_Outlaw_BRDF_Mappings.upk  files=1
[1016/2010] M_Facewear_Mask_Egg.upk  files=5
[1017/2010] M_Facewear_Mask_Egg_BRDF_Mappings.upk  files=1
[1018/2010] M_Facewear_Mask_Egg_customised.upk  files=7
[1019/2010] M_Facewear_Mask_Egg_customised_BRDF_Mappings.upk  files=1
[1020/2010] M_Facewear_Mask_Masquerade.upk  files=16
[1021/2010] M_Facewear_Mask_Masquerade_BRDF_Mappings.upk  files=2
[1022/2010] M_Facewear_Mask_Neoprene.upk  files=0
[1023/2010] M_Facewear_Mask_Neoprene_BRDF_Mappings.upk  files=0
[1024/2010] M_Facewear_Mask_RudolphNose.upk  files=5
[1025/2010] M_Facewear_Mask_RudolphNose_BRDF_Mappings.upk  files=1
[1026/2010] M_Facewear_Piercing_Functional_EarringYinYangLeft.upk  files=9
[1027/2010] M_Facewear_Piercing_Functional_EarringYinYangLeft_BRDF_Mappings.upk  files=4
[1028/2010] M_Facewear_Piercing_Functional_EarringYinYangRight.upk  files=9
[1029/2010] M_Facewear_Piercing_Functional_EarringYinYangRight_BRDF_Mappings.upk  files=4
[1030/2010] M_Facewear_Piercing_Noir_EarCrossInvertedLeft.upk  files=6
[1031/2010] M_Facewear_Piercing_Noir_EarCrossInvertedLeft_BRDF_Mappings.upk  files=4
[1032/2010] M_Facewear_Piercing_Noir_EarCrossInvertedRight.upk  files=6
[1033/2010] M_Facewear_Piercing_Noir_EarCrossInvertedRight_BRDF_Mappings.upk  files=4
[1034/2010] M_Facewear_Piercing_Noir_EarTopRingsRight.upk  files=5
[1035/2010] M_Facewear_Piercing_Noir_EarTopRingsRight_BRDF_Mappings.upk  files=2
[1036/2010] M_Facewear_Piercing_Skate_EarringRight.upk  files=5
[1037/2010] M_Facewear_Piercing_Skate_EarringRight_BRDF_Mappings.upk  files=2
[1038/2010] M_Facewear_Piercing_Urban_EarDollarLeft.upk  files=6
[1039/2010] M_Facewear_Piercing_Urban_EarDollarLeft_BRDF_Mappings.upk  files=5
[1040/2010] M_Facewear_Piercing_Urban_EarDollarRight.upk  files=6
[1041/2010] M_Facewear_Piercing_Urban_EarDollarRight_BRDF_Mappings.upk  files=5
[1042/2010] M_Facewear_Piercings_Skate_Chin.upk  files=6
[1043/2010] M_Facewear_Piercings_Skate_Chin_BRDF_Mappings.upk  files=0
[1044/2010] M_Facewear_Piercings_Skate_EarringLeft.upk  files=7
[1045/2010] M_Facewear_Piercings_Skate_EarringLeft_BRDF_Mappings.upk  files=1
[1046/2010] M_Facewear_Piercings_Skate_EarringRight.upk  files=7
[1047/2010] M_Facewear_Piercings_Skate_EarringRight_BRDF_Mappings.upk  files=1
[1048/2010] M_Facewear_Piercings_Skate_EarsLeft.upk  files=5
[1049/2010] M_Facewear_Piercings_Skate_EarsLeft_BRDF_Mappings.upk  files=1
[1050/2010] M_Facewear_Piercings_Skate_EarsRight.upk  files=5
[1051/2010] M_Facewear_Piercings_Skate_EarsRight_BRDF_Mappings.upk  files=1
[1052/2010] M_Facewear_Piercings_Skate_EarsStudLeft.upk  files=5
[1053/2010] M_Facewear_Piercings_Skate_EarsStudLeft_BRDF_Mappings.upk  files=1
[1054/2010] M_Facewear_Piercings_Skate_EarsStudRight.upk  files=5
[1055/2010] M_Facewear_Piercings_Skate_EarsStudRight_BRDF_Mappings.upk  files=1
[1056/2010] M_Facewear_Piercings_Skate_Forehead.upk  files=0
[1057/2010] M_Facewear_Piercings_Skate_Forehead_BRDF_Mappings.upk  files=0
[1058/2010] M_Facewear_Piercings_Skate_NoseRing.upk  files=5
[1059/2010] M_Facewear_Piercings_Skate_NoseRing_BRDF_Mappings.upk  files=1
[1060/2010] M_Facewear_Piercings_Skate_NoseTop.upk  files=8
[1061/2010] M_Facewear_Piercings_Skate_NoseTop_BRDF_Mappings.upk  files=0
[1062/2010] M_Facewear_Piercings_Skate_Scalp.upk  files=6
[1063/2010] M_Facewear_Piercings_Skate_Scalp_BRDF_Mappings.upk  files=1
[1064/2010] M_Facewear_Prop_Functional_Cigar.upk  files=7
[1065/2010] M_Facewear_Prop_Functional_Cigar_BRDF_Mappings.upk  files=2
[1066/2010] M_Facewear_Prop_Functional_Cigarette.upk  files=8
[1067/2010] M_Facewear_Prop_Functional_Cigarette_BRDF_Mappings.upk  files=2
[1068/2010] M_Facewear_Prop_PartyBlower.upk  files=8
[1069/2010] M_Facewear_Prop_PartyBlower_BRDF_Mappings.upk  files=2
[1070/2010] M_Footwear_BootsAnkle_Enforcement_LaRocha.upk  files=0
[1071/2010] M_Footwear_BootsAnkle_Enforcement_LaRocha_BRDF_Mappings.upk  files=4
[1072/2010] M_Footwear_BootsAnkle_Enforcement_Leather.upk  files=0
[1073/2010] M_Footwear_BootsAnkle_Enforcement_Leather_BRDF_Mappings.upk  files=5
[1074/2010] M_Footwear_BootsAnkle_Enforcement_Stealth.upk  files=0
[1075/2010] M_Footwear_BootsAnkle_Enforcement_Stealth_BRDF_Mappings.upk  files=2
[1076/2010] M_Footwear_BootsAnkle_Enforcement_Walking.upk  files=0
[1077/2010] M_Footwear_BootsAnkle_Enforcement_Walking_BRDF_Mappings.upk  files=9
[1078/2010] M_Footwear_BootsAnkle_Fashion.upk  files=19
[1079/2010] M_Footwear_BootsAnkle_Fashion_BRDF_Mappings.upk  files=4
[1080/2010] M_Footwear_BootsAnkle_Functional_HighTops.upk  files=14
[1081/2010] M_Footwear_BootsAnkle_Functional_HighTops_BRDF_Mappings.upk  files=2
[1082/2010] M_Footwear_BootsAnkle_HighTops_Skate.upk  files=20
[1083/2010] M_Footwear_BootsAnkle_HighTops_Skate_BRDF_Mappings.upk  files=2
[1084/2010] M_Footwear_BootsKnee_Death.upk  files=22
[1085/2010] M_Footwear_BootsKnee_Death_BRDF_Mappings.upk  files=4
[1086/2010] M_Footwear_Boots_Leather_Plates.upk  files=17
[1087/2010] M_Footwear_Boots_Leather_Plates_BRDF_Mappings.upk  files=6
[1088/2010] M_Footwear_Boots_Nutcracker.upk  files=16
[1089/2010] M_Footwear_Boots_Nutcracker_BRDF_Mappings.upk  files=2
[1090/2010] M_Footwear_Boots_UrbanCalfLength.upk  files=21
[1091/2010] M_Footwear_Boots_UrbanCalfLength_BRDF_Mappings.upk  files=3
[1092/2010] M_Footwear_Cowboy.upk  files=15
[1093/2010] M_Footwear_Cowboy_BRDF_Mappings.upk  files=2
[1094/2010] M_Footwear_Legwarmers_FullLeft.upk  files=4
[1095/2010] M_Footwear_Legwarmers_FullLeft_BRDF_Mappings.upk  files=0
[1096/2010] M_Footwear_Legwarmers_FullRight.upk  files=4
[1097/2010] M_Footwear_Legwarmers_FullRight_BRDF_Mappings.upk  files=0
[1098/2010] M_Footwear_Shoes_BasketBall.upk  files=20
[1099/2010] M_Footwear_Shoes_BasketBall_BRDF_Mappings.upk  files=3
[1100/2010] M_Footwear_Shoes_Brogue_Monkstrap.upk  files=16
[1101/2010] M_Footwear_Shoes_Brogue_Monkstrap_BRDF_Mappings.upk  files=4
[1102/2010] M_Footwear_Shoes_Functional_Brogue.upk  files=0
[1103/2010] M_Footwear_Shoes_Functional_Brogue_BRDF_Mappings.upk  files=1
[1104/2010] M_Footwear_Shoes_Skate_Basic.upk  files=0
[1105/2010] M_Footwear_Shoes_Skate_Basic_BRDF_Mappings.upk  files=3
[1106/2010] M_Footwear_Socks_Functional_AnkleLeft.upk  files=11
[1107/2010] M_Footwear_Socks_Functional_AnkleLeft_BRDF_Mappings.upk  files=2
[1108/2010] M_Footwear_Socks_Functional_AnkleRight.upk  files=11
[1109/2010] M_Footwear_Socks_Functional_AnkleRight_BRDF_Mappings.upk  files=2
[1110/2010] M_Footwear_Socks_Goth_Left.upk  files=13
[1111/2010] M_Footwear_Socks_Goth_Left_BRDF_Mappings.upk  files=1
[1112/2010] M_Footwear_Socks_Goth_Right.upk  files=13
[1113/2010] M_Footwear_Socks_Goth_Right_BRDF_Mappings.upk  files=1
[1114/2010] M_Footwear_Socks_KiltLeft.upk  files=13
[1115/2010] M_Footwear_Socks_KiltLeft_BRDF_Mappings.upk  files=1
[1116/2010] M_Footwear_Socks_KiltRight.upk  files=13
[1117/2010] M_Footwear_Socks_KiltRight_BRDF_Mappings.upk  files=2
[1118/2010] M_Footwear_Trainers_Urban_HipHopYoDawg.upk  files=0
[1119/2010] M_Footwear_Trainers_Urban_HipHopYoDawg_BRDF_Mappings.upk  files=2
[1120/2010] M_Forearmpads_Impact.upk  files=14
[1121/2010] M_Forearmpads_Impact_BRDF_Mappings.upk  files=4
[1122/2010] M_Hair.upk  files=54
[1123/2010] M_Hair_Afro_Urban_Bald.upk  files=5
[1124/2010] M_Hair_Afro_Urban_Bald_BRDF_Mappings.upk  files=3
[1125/2010] M_Hair_Afro_Urban_Large.upk  files=5
[1126/2010] M_Hair_Asian_Fashion_Funky.upk  files=13
[1127/2010] M_Hair_Asian_Functional_Bob.upk  files=5
[1128/2010] M_Hair_Asian_Functional_Miyamoto.upk  files=5
[1129/2010] M_Hair_Beard_Functional_Asian.upk  files=5
[1130/2010] M_Hair_Beard_Functional_Asian_BRDF_Mappings.upk  files=0
[1131/2010] M_Hair_Beard_Functional_FullLarge.upk  files=10
[1132/2010] M_Hair_Beard_Functional_FullLarge_BRDF_Mappings.upk  files=1
[1133/2010] M_Hair_Beard_Functional_FullMedium.upk  files=10
[1134/2010] M_Hair_Beard_Functional_FullMedium_BRDF_Mappings.upk  files=1
[1135/2010] M_Hair_Beard_Functional_FullShort.upk  files=5
[1136/2010] M_Hair_Beard_Functional_FullShort_BRDF_Mappings.upk  files=1
[1137/2010] M_Hair_Beard_Functional_Macho.upk  files=4
[1138/2010] M_Hair_Beard_Functional_MachoDarker.upk  files=4
[1139/2010] M_Hair_Beard_Functional_MachoDarker_BRDF_Mappings.upk  files=0
[1140/2010] M_Hair_Beard_Functional_Macho_BRDF_Mappings.upk  files=0
[1141/2010] M_Hair_Beard_Functional_Sorrell.upk  files=3
[1142/2010] M_Hair_Beard_Functional_Sorrell_BRDF_Mappings.upk  files=0
[1143/2010] M_Hair_Bob_Skate_Messy.upk  files=10
[1144/2010] M_Hair_Body_Functional_Strong.upk  files=4
[1145/2010] M_Hair_Body_Functional_Strong_BRDF_Mappings.upk  files=1
[1146/2010] M_Hair_Chest_Functional_Medium.upk  files=4
[1147/2010] M_Hair_Chest_Functional_Medium_BRDF_Mappings.upk  files=0
[1148/2010] M_Hair_Cornrows_Functional_Swirly.upk  files=3
[1149/2010] M_Hair_Cornrows_Functional_Swirly_BRDF_Mappings.upk  files=0
[1150/2010] M_Hair_Cropped_Functional_Faded.upk  files=4
[1151/2010] M_Hair_Cropped_Functional_Faded_BRDF_Mappings.upk  files=0
[1152/2010] M_Hair_Cropped_Functional_Standard.upk  files=5
[1153/2010] M_Hair_Cropped_Functional_Standard_BRDF_Mappings.upk  files=2
[1154/2010] M_Hair_Dread_Urban_Sideparting.upk  files=5
[1155/2010] M_Hair_Fauxhawk_Functional_Cropped.upk  files=14
[1156/2010] M_Hair_Funky.upk  files=12
[1157/2010] M_Hair_Goatee_Functional_Asian.upk  files=4
[1158/2010] M_Hair_Goatee_Functional_Asian_BRDF_Mappings.upk  files=0
[1159/2010] M_Hair_Goatee_Functional_Black.upk  files=4
[1160/2010] M_Hair_Goatee_Functional_BlackRegular.upk  files=4
[1161/2010] M_Hair_Goatee_Functional_BlackRegular_BRDF_Mappings.upk  files=1
[1162/2010] M_Hair_Goatee_Functional_Black_BRDF_Mappings.upk  files=0
[1163/2010] M_Hair_Goatee_Functional_Garriot.upk  files=4
[1164/2010] M_Hair_Goatee_Functional_Garriot_BRDF_Mappings.upk  files=2
[1165/2010] M_Hair_Goatee_Functional_Long.upk  files=14
[1166/2010] M_Hair_Goatee_Functional_Long_BRDF_Mappings.upk  files=0
[1167/2010] M_Hair_Medium_Functional_Middleparting.upk  files=10
[1168/2010] M_Hair_Medium_Functional_Wavy.upk  files=5
[1169/2010] M_Hair_Medium_Functional_WavyShort.upk  files=4
[1170/2010] M_Hair_Moustache_Functional_Asian.upk  files=4
[1171/2010] M_Hair_Moustache_Functional_Asian_BRDF_Mappings.upk  files=0
[1172/2010] M_Hair_Moustache_Functional_Black.upk  files=4
[1173/2010] M_Hair_Moustache_Functional_Black_BRDF_Mappings.upk  files=0
[1174/2010] M_Hair_Moustache_Functional_Fumanchu.upk  files=0
[1175/2010] M_Hair_Moustache_Functional_Fumanchu_BRDF_Mappings.upk  files=0
[1176/2010] M_Hair_Moustache_Functional_HalfHandlebar.upk  files=10
[1177/2010] M_Hair_Moustache_Functional_HalfHandlebar_BRDF_Mappings.upk  files=0
[1178/2010] M_Hair_Moustache_Functional_Military.upk  files=10
[1179/2010] M_Hair_Moustache_Functional_Military_BRDF_Mappings.upk  files=0
[1180/2010] M_Hair_Mullet_Functional_Sideparting.upk  files=5
[1181/2010] M_Hair_Ponytail_Functional_SlickedBack.upk  files=5
[1182/2010] M_Hair_Punk_Mohawk_Double.upk  files=5
[1183/2010] M_Hair_Punk_Mohawk_Single.upk  files=5
[1184/2010] M_Hair_Punk_Mohawk_Triple.upk  files=5
[1185/2010] M_Hair_Receding_Functional_Crown.upk  files=4
[1186/2010] M_Hair_Receding_Functional_Crown_BRDF_Mappings.upk  files=0
[1187/2010] M_Hair_Receding_Functional_Forehead.upk  files=4
[1188/2010] M_Hair_Receding_Functional_Forehead_BRDF_Mappings.upk  files=0
[1189/2010] M_Hair_Receding_Functional_Temples.upk  files=4
[1190/2010] M_Hair_Receding_Functional_Temples_BRDF_Mappings.upk  files=0
[1191/2010] M_Hair_Short_Functional_Asian.upk  files=4
[1192/2010] M_Hair_Short_Functional_Sideparting.upk  files=4
[1193/2010] M_Hair_Short_Functional_Stockwell.upk  files=5
[1194/2010] M_Hair_Short_Functional_Wavy.upk  files=5
[1195/2010] M_Hair_Short_Urban_Combed.upk  files=5
[1196/2010] M_Hair_Short_Urban_Messy.upk  files=5
[1197/2010] M_Hair_Sideburns_Functional_Asian.upk  files=4
[1198/2010] M_Hair_Sideburns_Functional_Asian_BRDF_Mappings.upk  files=0
[1199/2010] M_Hair_Sideburns_Functional_Black.upk  files=5
[1200/2010] M_Hair_Sideburns_Functional_Black_BRDF_Mappings.upk  files=1
[1201/2010] M_Hair_Sideburns_Functional_Regular.upk  files=4
[1202/2010] M_Hair_Sideburns_Functional_Regular_BRDF_Mappings.upk  files=2
[1203/2010] M_Hair_Skinhead_Functional_Bald.upk  files=4
[1204/2010] M_Hair_Skinhead_Functional_Bald_BRDF_Mappings.upk  files=0
[1205/2010] M_Hair_SlickedBack_Functional_Neat.upk  files=5
[1206/2010] M_Hair_Slickedback_Functional_Bob.upk  files=5
[1207/2010] M_Hairwear_Aliceband_Antlers_Reindeer.upk  files=12
[1208/2010] M_Hairwear_Aliceband_Antlers_Reindeer_BRDF_Mappings.upk  files=4
[1209/2010] M_Hairwear_Aliceband_BunnyEars.upk  files=10
[1210/2010] M_Hairwear_Aliceband_BunnyEars_BRDF_Mappings.upk  files=3
[1211/2010] M_Hairwear_Aliceband_CatEars.upk  files=8
[1212/2010] M_Hairwear_Aliceband_CatEars_BRDF_Mappings.upk  files=0
[1213/2010] M_Hairwear_Aliceband_Functional_Basic.upk  files=6
[1214/2010] M_Hairwear_Aliceband_Functional_Basic_BRDF_Mappings.upk  files=1
[1215/2010] M_Hairwear_Aliceband_Functional_HornsDevil.upk  files=7
[1216/2010] M_Hairwear_Aliceband_Functional_HornsDevil_BRDF_Mappings.upk  files=1
[1217/2010] M_Hairwear_Aliceband_PropKnife.upk  files=10
[1218/2010] M_Hairwear_Aliceband_PropKnife_BRDF_Mappings.upk  files=2
[1219/2010] M_Hairwear_Beanie_Augmented.upk  files=14
[1220/2010] M_Hairwear_Beanie_Augmented_BRDF_Mappings.upk  files=3
[1221/2010] M_Hairwear_Beanie_Baggy.upk  files=6
[1222/2010] M_Hairwear_Beanie_Baggy_BRDF_Mappings.upk  files=1
[1223/2010] M_Hairwear_Beanie_Knit.upk  files=0
[1224/2010] M_Hairwear_Beanie_Knit_BRDF_Mappings.upk  files=1
[1225/2010] M_Hairwear_ElfEars.upk  files=5
[1226/2010] M_Hairwear_ElfEars_BRDF_Mappings.upk  files=2
[1227/2010] M_Hairwear_Goggles_Functional_FlyingContact.upk  files=16
[1228/2010] M_Hairwear_Hat_Bakerboy.upk  files=11
[1229/2010] M_Hairwear_Hat_Bakerboy_BRDF_Mappings.upk  files=2
[1230/2010] M_Hairwear_Hat_CabbyGoggles.upk  files=16
[1231/2010] M_Hairwear_Hat_CabbyGoggles_BRDF_Mappings.upk  files=7
[1232/2010] M_Hairwear_Hat_Crown.upk  files=18
[1233/2010] M_Hairwear_Hat_Crown_BRDF_Mappings.upk  files=4
[1234/2010] M_Hairwear_Hat_Elf.upk  files=12
[1235/2010] M_Hairwear_Hat_Elf_BRDF_Mappings.upk  files=4
[1236/2010] M_Hairwear_Hat_Elf_OnlyHat.upk  files=2
[1237/2010] M_Hairwear_Hat_Elf_OnlyHat_BRDF_Mappings.upk  files=0
[1238/2010] M_Hairwear_Hat_Enforcement_Beanie.upk  files=6
[1239/2010] M_Hairwear_Hat_Enforcement_Beanie_BRDF_Mappings.upk  files=1
[1240/2010] M_Hairwear_Hat_Enforcement_Beret.upk  files=7
[1241/2010] M_Hairwear_Hat_Enforcement_Beret_BRDF_Mappings.upk  files=2
[1242/2010] M_Hairwear_Hat_Enforcement_Cop.upk  files=0
[1243/2010] M_Hairwear_Hat_Enforcement_Cop_BRDF_Mappings.upk  files=6
[1244/2010] M_Hairwear_Hat_Enforcement_MilitaryCap.upk  files=0
[1245/2010] M_Hairwear_Hat_Enforcement_MilitaryCap_BRDF_Mappings.upk  files=2
[1246/2010] M_Hairwear_Hat_FairyCrown.upk  files=6
[1247/2010] M_Hairwear_Hat_FairyCrown_BRDF_Mappings.upk  files=2
[1248/2010] M_Hairwear_Hat_Fez.upk  files=7
[1249/2010] M_Hairwear_Hat_Fez_BRDF_Mappings.upk  files=1
[1250/2010] M_Hairwear_Hat_FlatCap_Fashionable.upk  files=10
[1251/2010] M_Hairwear_Hat_FlatCap_Fashionable_BRDF_Mappings.upk  files=2
[1252/2010] M_Hairwear_Hat_Functional_BaseballCap.upk  files=0
[1253/2010] M_Hairwear_Hat_Functional_BaseballCap_BRDF_Mappings.upk  files=2
[1254/2010] M_Hairwear_Hat_Functional_Cowboy.upk  files=9
[1255/2010] M_Hairwear_Hat_Functional_Cowboy_BRDF_Mappings.upk  files=2
[1256/2010] M_Hairwear_Hat_Functional_Fedora.upk  files=0
[1257/2010] M_Hairwear_Hat_Functional_Fedora_BRDF_Mappings.upk  files=2
[1258/2010] M_Hairwear_Hat_Nutcracker.upk  files=9
[1259/2010] M_Hairwear_Hat_Nutcracker_BRDF_Mappings.upk  files=4
[1260/2010] M_Hairwear_Hat_Party.upk  files=13
[1261/2010] M_Hairwear_Hat_Party_BRDF_Mappings.upk  files=4
[1262/2010] M_Hairwear_Hat_Santa.upk  files=8
[1263/2010] M_Hairwear_Hat_Santa_BRDF_Mappings.upk  files=2
[1264/2010] M_Hairwear_Hat_TinFoil.upk  files=6
[1265/2010] M_Hairwear_Hat_TinFoil_BRDF_Mappings.upk  files=2
[1266/2010] M_Hairwear_Hat_TopHat.upk  files=15
[1267/2010] M_Hairwear_Hat_TopHatTall.upk  files=10
[1268/2010] M_Hairwear_Hat_TopHatTall_BRDF_Mappings.upk  files=3
[1269/2010] M_Hairwear_Hat_TopHat_BRDF_Mappings.upk  files=3
[1270/2010] M_Hairwear_Hat_Urban_Bandana.upk  files=8
[1271/2010] M_Hairwear_Hat_Urban_Bandana_BRDF_Mappings.upk  files=1
[1272/2010] M_Hairwear_Hat_Urban_BaseBallCapBackwards.upk  files=10
[1273/2010] M_Hairwear_Hat_Urban_BaseBallCapBackwards_BRDF_Mappings.upk  files=3
[1274/2010] M_Hairwear_Hat_Wizard.upk  files=11
[1275/2010] M_Hairwear_Hat_Wizard_BRDF_Mappings.upk  files=2
[1276/2010] M_Hairwear_Headband_Athletic_Basic.upk  files=12
[1277/2010] M_Hairwear_Headband_Athletic_Basic_BRDF_Mappings.upk  files=2
[1278/2010] M_Hairwear_Headphones_Functional_HighTech.upk  files=8
[1279/2010] M_Hairwear_Headphones_Functional_HighTech_BRDF_Mappings.upk  files=2
[1280/2010] M_Halo.upk  files=10
[1281/2010] M_Halo_BRDF_Mappings.upk  files=3
[1282/2010] M_Handwear_Gloves_Criminal_HandWrapsLeft.upk  files=9
[1283/2010] M_Handwear_Gloves_Criminal_HandWrapsLeft_BRDF_Mappings.upk  files=1
[1284/2010] M_Handwear_Gloves_Criminal_HandWrapsRight.upk  files=9
[1285/2010] M_Handwear_Gloves_Criminal_HandWrapsRight_BRDF_Mappings.upk  files=1
[1286/2010] M_Handwear_Gloves_Enforcement_GauntletFingerlessLeft.upk  files=11
[1287/2010] M_Handwear_Gloves_Enforcement_GauntletFingerlessLeft_BRDF_Mappings.upk  files=3
[1288/2010] M_Handwear_Gloves_Enforcement_GauntletFingerlessRight.upk  files=11
[1289/2010] M_Handwear_Gloves_Enforcement_GauntletFingerlessRight_BRDF_Mappings.upk  files=3
[1290/2010] M_Handwear_Gloves_Enforcement_GauntletLeft.upk  files=11
[1291/2010] M_Handwear_Gloves_Enforcement_GauntletLeft_BRDF_Mappings.upk  files=3
[1292/2010] M_Handwear_Gloves_Enforcement_GauntletRight.upk  files=11
[1293/2010] M_Handwear_Gloves_Enforcement_GauntletRight_BRDF_Mappings.upk  files=3
[1294/2010] M_Handwear_Gloves_FishnetLeft.upk  files=3
[1295/2010] M_Handwear_Gloves_FishnetLeft_BRDF_Mappings.upk  files=0
[1296/2010] M_Handwear_Gloves_FishnetRight.upk  files=3
[1297/2010] M_Handwear_Gloves_FishnetRight_BRDF_Mappings.upk  files=0
[1298/2010] M_Handwear_Gloves_LatexLeft.upk  files=3
[1299/2010] M_Handwear_Gloves_LatexLeft_BRDF_Mappings.upk  files=0
[1300/2010] M_Handwear_Gloves_LatexRight.upk  files=3
[1301/2010] M_Handwear_Gloves_LatexRight_BRDF_Mappings.upk  files=0
[1302/2010] M_Handwear_Gloves_Noir_LeatherFingerlessLeft.upk  files=11
[1303/2010] M_Handwear_Gloves_Noir_LeatherFingerlessLeft_BRDF_Mappings.upk  files=3
[1304/2010] M_Handwear_Gloves_Noir_LeatherFingerlessRight.upk  files=11
[1305/2010] M_Handwear_Gloves_Noir_LeatherFingerlessRight_BRDF_Mappings.upk  files=3
[1306/2010] M_Handwear_Gloves_Noir_LeatherPlainLeft.upk  files=6
[1307/2010] M_Handwear_Gloves_Noir_LeatherPlainLeft_BRDF_Mappings.upk  files=0
[1308/2010] M_Handwear_Gloves_Noir_LeatherPlainRight.upk  files=6
[1309/2010] M_Handwear_Gloves_Noir_LeatherPlainRight_BRDF_Mappings.upk  files=1
[1310/2010] M_Handwear_Gloves_Tactical_Fingerless_Left.upk  files=15
[1311/2010] M_Handwear_Gloves_Tactical_Fingerless_Left_BRDF_Mappings.upk  files=2
[1312/2010] M_Handwear_Gloves_Tactical_Fingerless_Right.upk  files=15
[1313/2010] M_Handwear_Gloves_Tactical_Fingerless_Right_BRDF_Mappings.upk  files=2
[1314/2010] M_Handwear_Ring_Functional_SmallLeftRing.upk  files=7
[1315/2010] M_Handwear_Ring_Functional_SmallLeftRing_BRDF_Mappings.upk  files=3
[1316/2010] M_Handwear_Ring_Noir_SkullRightMiddle.upk  files=6
[1317/2010] M_Handwear_Ring_Noir_SkullRightMiddle_BRDF_Mappings.upk  files=2
[1318/2010] M_Handwear_Ring_Urban_DollarLeftIndex.upk  files=7
[1319/2010] M_Handwear_Ring_Urban_DollarLeftIndex_BRDF_Mappings.upk  files=2
[1320/2010] M_Handwear_Rings_LaRocha.upk  files=9
[1321/2010] M_Handwear_Rings_LaRocha_BRDF_Mappings.upk  files=1
[1322/2010] M_Harness_Combat_Ring.upk  files=17
[1323/2010] M_Harness_Combat_Ring_BRDF_Mappings.upk  files=3
[1324/2010] M_Harness_Combat_Tactical.upk  files=17
[1325/2010] M_Harness_Combat_Tactical_BRDF_Mappings.upk  files=4
[1326/2010] M_Headless.upk  files=11
[1327/2010] M_Headless_BRDF_Mappings.upk  files=1
[1328/2010] M_Headwear_Badge_Enforcement_BadgeDeputy.upk  files=6
[1329/2010] M_Headwear_Badge_Enforcement_BadgeDeputy_BRDF_Mappings.upk  files=2
[1330/2010] M_Headwear_Badge_Enforcement_Star.upk  files=6
[1331/2010] M_Headwear_Badge_Enforcement_Star_BRDF_Mappings.upk  files=2
[1332/2010] M_Headwear_Glasses_Functional_Aviator.upk  files=8
[1333/2010] M_Headwear_Glasses_Functional_Aviator_BRDF_Mappings.upk  files=4
[1334/2010] M_Headwear_Mask_Chicken.upk  files=13
[1335/2010] M_Headwear_Mask_Chicken_BRDF_Mappings.upk  files=2
[1336/2010] M_Headwear_Mask_Eagle.upk  files=11
[1337/2010] M_Headwear_Mask_Eagle_BRDF_Mappings.upk  files=2
[1338/2010] M_Headwear_Mask_Nixon.upk  files=0
[1339/2010] M_Headwear_Mask_Nixon_BRDF_Mappings.upk  files=2
[1340/2010] M_Headwear_Mask_Pumpkin.upk  files=0
[1341/2010] M_Headwear_Mask_Pumpkin_BRDF_Mappings.upk  files=3
[1342/2010] M_Headwear_Mask_Rabbit.upk  files=11
[1343/2010] M_Headwear_Mask_Rabbit_BRDF_Mappings.upk  files=3
[1344/2010] M_Headwear_Mask_Trump.upk  files=12
[1345/2010] M_Headwear_Mask_Trump_BRDF_Mappings.upk  files=2
[1346/2010] M_Helmet_Football.upk  files=12
[1347/2010] M_Helmet_Football_BRDF_Mappings.upk  files=3
[1348/2010] M_Helmet_HammerHead.upk  files=17
[1349/2010] M_Helmet_HammerHead_BRDF_Mappings.upk  files=5
[1350/2010] M_Helmet_Hazmat_Pestilence.upk  files=14
[1351/2010] M_Helmet_Hazmat_Pestilence_BRDF_Mappings.upk  files=5
[1352/2010] M_Helmet_Induction.upk  files=13
[1353/2010] M_Helmet_Induction_BRDF_Mappings.upk  files=4
[1354/2010] M_Helmet_Racing.upk  files=13
[1355/2010] M_Helmet_Racing_BRDF_Mappings.upk  files=4
[1356/2010] M_Helmet_Sabertooth.upk  files=15
[1357/2010] M_Helmet_Sabertooth_BRDF_Mappings.upk  files=4
[1358/2010] M_Helmet_Sports_BaseBall.upk  files=10
[1359/2010] M_Helmet_Sports_BaseBall_BRDF_Mappings.upk  files=3
[1360/2010] M_Helmet_Sports_Hockey.upk  files=18
[1361/2010] M_Helmet_Sports_Hockey_BRDF_Mappings.upk  files=4
[1362/2010] M_ItemRestrictionTree.upk  files=0
[1363/2010] M_Kilt.upk  files=18
[1364/2010] M_KiltGoth.upk  files=15
[1365/2010] M_KiltGoth_BRDF_Mappings.upk  files=2
[1366/2010] M_Kilt_BRDF_Mappings.upk  files=4
[1367/2010] M_Kneepads_HeavyDuty.upk  files=14
[1368/2010] M_Kneepads_HeavyDuty_BRDF_Mappings.upk  files=2
[1369/2010] M_Legwear_Holster_ThighRig_L.upk  files=13
[1370/2010] M_Legwear_Holster_ThighRig_L_BRDF_Mappings.upk  files=3
[1371/2010] M_Legwear_Holster_ThighRig_R.upk  files=13
[1372/2010] M_Legwear_Holster_ThighRig_R_BRDF_Mappings.upk  files=3
[1373/2010] M_Legwear_ThighHolster_Enforcement_Knife.upk  files=20
[1374/2010] M_Legwear_ThighHolster_Enforcement_Knife_BRDF_Mappings.upk  files=4
[1375/2010] M_Legwear_ThighHolster_Enforcement_LaRochaRightThigh.upk  files=22
[1376/2010] M_Legwear_ThighHolster_Enforcement_LaRochaRightThigh_BRDF_Mappings.upk  files=6
[1377/2010] M_Mannequin.upk  files=4
[1378/2010] M_Mannequin_BRDF_Mappings.upk  files=0
[1379/2010] M_Mask_Death.upk  files=13
[1380/2010] M_Mask_Death_BRDF_Mappings.upk  files=4
[1381/2010] M_Mask_Famine.upk  files=17
[1382/2010] M_Mask_Famine_BRDF_Mappings.upk  files=4
[1383/2010] M_Mask_War.upk  files=14
[1384/2010] M_Mask_War_BRDF_Mappings.upk  files=3
[1385/2010] M_Neckwear_Badge_Enforcement_Deputy.upk  files=7
[1386/2010] M_Neckwear_Badge_Enforcement_Deputy_BRDF_Mappings.upk  files=2
[1387/2010] M_Neckwear_Badge_Enforcement_LaRocha.upk  files=9
[1388/2010] M_Neckwear_Badge_Enforcement_LaRocha_BRDF_Mappings.upk  files=4
[1389/2010] M_Neckwear_Badge_Enforcement_PoliceBadge.upk  files=9
[1390/2010] M_Neckwear_Badge_Enforcement_PoliceBadge_BRDF_Mappings.upk  files=5
[1391/2010] M_Neckwear_Badge_Enforcement_PrentissTigers.upk  files=9
[1392/2010] M_Neckwear_Badge_Enforcement_PrentissTigers_BRDF_Mappings.upk  files=3
[1393/2010] M_Neckwear_Badge_Enforcement_Star.upk  files=7
[1394/2010] M_Neckwear_Badge_Enforcement_Star_BRDF_Mappings.upk  files=2
[1395/2010] M_Neckwear_Necklace_Enforcement_Dogtag.upk  files=8
[1396/2010] M_Neckwear_Necklace_Enforcement_Dogtag_BRDF_Mappings.upk  files=2
[1397/2010] M_Neckwear_Necklace_Functional_GogglesFlying.upk  files=12
[1398/2010] M_Neckwear_Necklace_Functional_GogglesFlying_BRDF_Mappings.upk  files=7
[1399/2010] M_Neckwear_Necklace_Urban_GoldFlat.upk  files=6
[1400/2010] M_Neckwear_Necklace_Urban_GoldFlat_BRDF_Mappings.upk  files=3
[1401/2010] M_Neckwear_Necklace_Urban_GoldShort.upk  files=6
[1402/2010] M_Neckwear_Necklace_Urban_GoldShort_BRDF_Mappings.upk  files=2
[1403/2010] M_Neckwear_Necklace_Urban_PlatinumDollar.upk  files=6
[1404/2010] M_Neckwear_Necklace_Urban_PlatinumDollar_BRDF_Mappings.upk  files=2
[1405/2010] M_Neckwear_Pendant_Urban_PlatinumCrown.upk  files=6
[1406/2010] M_Neckwear_Pendant_Urban_PlatinumCrown_BRDF_Mappings.upk  files=3
[1407/2010] M_Neckwear_Pendant_Urban_RoundSpinner.upk  files=7
[1408/2010] M_Neckwear_Pendant_Urban_RoundSpinner_BRDF_Mappings.upk  files=7
[1409/2010] M_Neckwear_Scarf_Beaded.upk  files=16
[1410/2010] M_Neckwear_Scarf_Beaded_BRDF_Mappings.upk  files=3
[1411/2010] M_Neckwear_Scarf_Functional_Shemagh.upk  files=13
[1412/2010] M_Neckwear_Scarf_Functional_ShemaghHeadscarf.upk  files=0
[1413/2010] M_Neckwear_Scarf_Functional_ShemaghHeadscarf_BRDF_Mappings.upk  files=1
[1414/2010] M_Neckwear_Scarf_Functional_ShemaghMask.upk  files=0
[1415/2010] M_Neckwear_Scarf_Functional_ShemaghMask_BRDF_Mappings.upk  files=1
[1416/2010] M_Neckwear_Scarf_Functional_Shemagh_BRDF_Mappings.upk  files=1
[1417/2010] M_Neckwear_Snood.upk  files=14
[1418/2010] M_Neckwear_Snood_BRDF_Mappings.upk  files=2
[1419/2010] M_Neckwear_Tie_Functional_DoneUp.upk  files=9
[1420/2010] M_Neckwear_Tie_Functional_DoneUp_BRDF_Mappings.upk  files=1
[1421/2010] M_Neckwear_Tie_Functional_Loose.upk  files=10
[1422/2010] M_Neckwear_Tie_Functional_Loose_BRDF_Mappings.upk  files=0
[1423/2010] M_Overalls_Hazmat_Pestilence.upk  files=28
[1424/2010] M_Overalls_Hazmat_Pestilence_BRDF_Mappings.upk  files=9
[1425/2010] M_Overalls_Jumpsuit_Tactical.upk  files=23
[1426/2010] M_Overalls_Jumpsuit_Tactical_BRDF_Mappings.upk  files=4
[1427/2010] M_Overalls_RabbitSuit.upk  files=17
[1428/2010] M_Overalls_RabbitSuit_BRDF_Mappings.upk  files=1
[1429/2010] M_Overalls_Racesuit.upk  files=26
[1430/2010] M_Overalls_Racesuit_BRDF_Mappings.upk  files=3
[1431/2010] M_Pad_Butt_Armoured.upk  files=5
[1432/2010] M_Pad_Butt_Armoured_BRDF_Mappings.upk  files=1
[1433/2010] M_Pad_Groin_Armoured.upk  files=5
[1434/2010] M_Pad_Groin_Armoured_BRDF_Mappings.upk  files=1
[1435/2010] M_Pouch_Leg_Utility_L.upk  files=12
[1436/2010] M_Pouch_Leg_Utility_L_BRDF_Mappings.upk  files=4
[1437/2010] M_Pouch_Leg_Utility_R.upk  files=12
[1438/2010] M_Pouch_Leg_Utility_R_BRDF_Mappings.upk  files=4
[1439/2010] M_Pouches_ChestRig_Grenades.upk  files=13
[1440/2010] M_Pouches_ChestRig_Grenades_BRDF_Mappings.upk  files=3
[1441/2010] M_Pouches_ChestRig_Machinegunner.upk  files=9
[1442/2010] M_Pouches_ChestRig_Machinegunner_BRDF_Mappings.upk  files=4
[1443/2010] M_Pouches_ChestRig_Rifleman.upk  files=8
[1444/2010] M_Pouches_ChestRig_Rifleman_BRDF_Mappings.upk  files=3
[1445/2010] M_Pouches_ChestRig_Shotgunner.upk  files=11
[1446/2010] M_Pouches_ChestRig_Shotgunner_BRDF_Mappings.upk  files=4
[1447/2010] M_Pouches_ChestRig_SubMachineGun.upk  files=10
[1448/2010] M_Pouches_ChestRig_SubMachineGun_BRDF_Mappings.upk  files=3
[1449/2010] M_Pouches_Vest_Grenades.upk  files=11
[1450/2010] M_Pouches_Vest_Grenades_BRDF_Mappings.upk  files=3
[1451/2010] M_Pouches_Vest_Machinegunner.upk  files=7
[1452/2010] M_Pouches_Vest_Machinegunner_BRDF_Mappings.upk  files=4
[1453/2010] M_Pouches_Vest_Shotgunner.upk  files=8
[1454/2010] M_Pouches_Vest_Shotgunner_BRDF_Mappings.upk  files=3
[1455/2010] M_Pouches_Vest_SubMachineGun.upk  files=11
[1456/2010] M_Pouches_Vest_SubMachineGun_BRDF_Mappings.upk  files=3
[1457/2010] M_Scalp_Fauxhawk_Functional_Cropped.upk  files=4
[1458/2010] M_Scalp_Fauxhawk_Functional_Cropped_BRDF_Mappings.upk  files=2
[1459/2010] M_Shinpads_Impact.upk  files=13
[1460/2010] M_Shinpads_Impact_BRDF_Mappings.upk  files=3
[1461/2010] M_Shorts_Cargo_Capri.upk  files=22
[1462/2010] M_Shorts_Cargo_Capri_BRDF_Mappings.upk  files=3
[1463/2010] M_Shorts_Sports_Basketball.upk  files=14
[1464/2010] M_Shorts_Sports_Basketball_BRDF_Mappings.upk  files=2
[1465/2010] M_Shoulderpads_Armoured.upk  files=7
[1466/2010] M_Shoulderpads_Armoured_BRDF_Mappings.upk  files=0
[1467/2010] M_Shoulderwear_Strapped_Right.upk  files=7
[1468/2010] M_Shoulderwear_Strapped_Right_BRDF_Mappings.upk  files=2
[1469/2010] M_Snowmanhead.upk  files=6
[1470/2010] M_Snowmanhead_BRDF_Mappings.upk  files=1
[1471/2010] M_Snowmanhead_Eyes.upk  files=6
[1472/2010] M_Snowmanhead_Eyes_BRDF_Mappings.upk  files=2
[1473/2010] M_Snowmanhead_Nose.upk  files=6
[1474/2010] M_Snowmanhead_Nose_BRDF_Mappings.upk  files=2
[1475/2010] M_Test_Balaclava_3Holes.upk  files=12
[1476/2010] M_Test_Balaclava_3Holes_BRDF_Mappings.upk  files=2
[1477/2010] M_Test_Balaclava_Halfface.upk  files=0
[1478/2010] M_Test_Balaclava_Halfface_BRDF_Mappings.upk  files=2
[1479/2010] M_Test_Belt_Tactical.upk  files=13
[1480/2010] M_Test_Belt_Tactical_BRDF_Mappings.upk  files=3
[1481/2010] M_Test_ElbowPad.upk  files=9
[1482/2010] M_Test_ElbowPad_BRDF_Mappings.upk  files=0
[1483/2010] M_Test_ElbowPads_Tactical.upk  files=15
[1484/2010] M_Test_ElbowPads_Tactical_BRDF_Mappings.upk  files=3
[1485/2010] M_Test_Gloves_Tactical_Fingerless.upk  files=15
[1486/2010] M_Test_Gloves_Tactical_Fingerless_BRDF_Mappings.upk  files=1
[1487/2010] M_Test_Helmet_Combat.upk  files=9
[1488/2010] M_Test_Helmet_Combat_BRDF_Mappings.upk  files=4
[1489/2010] M_Test_Holster_Small_Left.upk  files=10
[1490/2010] M_Test_Holster_Small_Left_BRDF_Mappings.upk  files=3
[1491/2010] M_Test_Holster_Small_Right.upk  files=10
[1492/2010] M_Test_Holster_Small_Right_BRDF_Mappings.upk  files=3
[1493/2010] M_Test_Holster_Tactical_Left.upk  files=13
[1494/2010] M_Test_Holster_Tactical_Left_BRDF_Mappings.upk  files=3
[1495/2010] M_Test_Holster_Tactical_Right.upk  files=13
[1496/2010] M_Test_Holster_Tactical_Right_BRDF_Mappings.upk  files=3
[1497/2010] M_Test_JacketCollar.upk  files=10
[1498/2010] M_Test_JacketCollar_BRDF_Mappings.upk  files=0
[1499/2010] M_Test_Kneepads_Tactical.upk  files=15
[1500/2010] M_Test_Kneepads_Tactical_BRDF_Mappings.upk  files=4
[1501/2010] M_Test_LargeMask.upk  files=0
[1502/2010] M_Test_LargeMask_BRDF_Mappings.upk  files=0
[1503/2010] M_Test_Mask_LowerFace.upk  files=5
[1504/2010] M_Test_Mask_LowerFace_BRDF_Mappings.upk  files=0
[1505/2010] M_Test_Mask_Whole.upk  files=5
[1506/2010] M_Test_Mask_WholeBig.upk  files=5
[1507/2010] M_Test_Mask_WholeBig_BRDF_Mappings.upk  files=0
[1508/2010] M_Test_Mask_Whole_BRDF_Mappings.upk  files=0
[1509/2010] M_Test_MaximumVolume.upk  files=9
[1510/2010] M_Test_MaximumVolume_BRDF_Mappings.upk  files=1
[1511/2010] M_Test_MesuringBox.upk  files=4
[1512/2010] M_Test_MesuringBox_BRDF_Mappings.upk  files=1
[1513/2010] M_Test_MotorbikeHelmet.upk  files=12
[1514/2010] M_Test_MotorbikeHelmet_BRDF_Mappings.upk  files=4
[1515/2010] M_Test_Pouch_GasMask_Left.upk  files=10
[1516/2010] M_Test_Pouch_GasMask_Left_BRDF_Mappings.upk  files=3
[1517/2010] M_Test_Pouch_GasMask_Right.upk  files=10
[1518/2010] M_Test_Pouch_GasMask_Right_BRDF_Mappings.upk  files=3
[1519/2010] M_Test_Pouches_Vestslim_Rifleman.upk  files=11
[1520/2010] M_Test_Pouches_Vestslim_Rifleman_BRDF_Mappings.upk  files=3
[1521/2010] M_Test_ShirtCollarUp.upk  files=0
[1522/2010] M_Test_ShirtCollarUp_BRDF_Mappings.upk  files=0
[1523/2010] M_Test_Vest_Tactical.upk  files=15
[1524/2010] M_Test_Vest_Tactical_BRDF_Mappings.upk  files=5
[1525/2010] M_Thighpads_Armoured.upk  files=13
[1526/2010] M_Thighpads_Armoured_BRDF_Mappings.upk  files=2
[1527/2010] M_Thighpads_Impact.upk  files=15
[1528/2010] M_Thighpads_Impact_BRDF_Mappings.upk  files=3
[1529/2010] M_Top_Backpack_Radio.upk  files=20
[1530/2010] M_Top_Backpack_Radio_BRDF_Mappings.upk  files=6
[1531/2010] M_Top_Backpack_Skateboard.upk  files=22
[1532/2010] M_Top_Backpack_Skateboard_BRDF_Mappings.upk  files=2
[1533/2010] M_Top_ChangshanLongSleeve.upk  files=12
[1534/2010] M_Top_ChangshanLongSleeve_BRDF_Mappings.upk  files=2
[1535/2010] M_Top_DoubleBreastedCoat.upk  files=14
[1536/2010] M_Top_DoubleBreastedCoat_BRDF_Mappings.upk  files=3
[1537/2010] M_Top_Jacket_Death.upk  files=23
[1538/2010] M_Top_Jacket_Death_BRDF_Mappings.upk  files=4
[1539/2010] M_Top_Jacket_Padded_Slim.upk  files=18
[1540/2010] M_Top_Jacket_Padded_Slim_BRDF_Mappings.upk  files=4
[1541/2010] M_Top_LongSleeved_Functional_ShirtClosedCollar.upk  files=14
[1542/2010] M_Top_LongSleeved_Functional_ShirtClosedCollar_BRDF_Mappings.upk  files=0
[1543/2010] M_Top_LongSleeved_Functional_SuitJacket.upk  files=12
[1544/2010] M_Top_LongSleeved_Functional_SuitJacketCasual.upk  files=13
[1545/2010] M_Top_LongSleeved_Functional_SuitJacketCasual_BRDF_Mappings.upk  files=2
[1546/2010] M_Top_LongSleeved_Functional_SuitJacketDoneUp.upk  files=12
[1547/2010] M_Top_LongSleeved_Functional_SuitJacketDoneUp_BRDF_Mappings.upk  files=2
[1548/2010] M_Top_LongSleeved_Functional_SuitJacket_BRDF_Mappings.upk  files=2
[1549/2010] M_Top_LongSleeved_Hockey.upk  files=20
[1550/2010] M_Top_LongSleeved_Hockey_BRDF_Mappings.upk  files=2
[1551/2010] M_Top_LongSleeved_Urban_JacketCollar.upk  files=15
[1552/2010] M_Top_LongSleeved_Urban_JacketCollar_BRDF_Mappings.upk  files=4
[1553/2010] M_Top_LongSleeved_Urban_Shirt.upk  files=14
[1554/2010] M_Top_LongSleeved_Urban_Shirt_BRDF_Mappings.upk  files=0
[1555/2010] M_Top_Longsleeve_Hoodie_HoodDown.upk  files=20
[1556/2010] M_Top_Longsleeve_Hoodie_HoodDown_BRDF_Mappings.upk  files=3
[1557/2010] M_Top_Longsleeve_Parka_HoodDown.upk  files=19
[1558/2010] M_Top_Longsleeve_Parka_HoodDown_BRDF_Mappings.upk  files=3
[1559/2010] M_Top_Longsleeve_Parka_HoodUp.upk  files=0
[1560/2010] M_Top_Longsleeve_Parka_HoodUp_BRDF_Mappings.upk  files=3
[1561/2010] M_Top_Longsleeve_Skate_HoodieHooddown.upk  files=15
[1562/2010] M_Top_Longsleeve_Skate_HoodieHooddown_BRDF_Mappings.upk  files=0
[1563/2010] M_Top_Longsleeve_Skate_HoodieHoodup.upk  files=17
[1564/2010] M_Top_Longsleeve_Skate_HoodieHoodup_BRDF_Mappings.upk  files=0
[1565/2010] M_Top_Longsleeved_Famine.upk  files=26
[1566/2010] M_Top_Longsleeved_Famine_BRDF_Mappings.upk  files=4
[1567/2010] M_Top_Longsleeved_Fashion.upk  files=18
[1568/2010] M_Top_Longsleeved_Fashion_BRDF_Mappings.upk  files=1
[1569/2010] M_Top_Longsleeved_Fishnet.upk  files=4
[1570/2010] M_Top_Longsleeved_Fishnet_BRDF_Mappings.upk  files=0
[1571/2010] M_Top_Longsleeved_Football.upk  files=17
[1572/2010] M_Top_Longsleeved_Football_BRDF_Mappings.upk  files=2
[1573/2010] M_Top_Longsleeved_Functional_JacketLeatherFCOpen.upk  files=18
[1574/2010] M_Top_Longsleeved_Functional_JacketLeatherFCOpen_BRDF_Mappings.upk  files=4
[1575/2010] M_Top_Longsleeved_Functional_SmartShirt.upk  files=16
[1576/2010] M_Top_Longsleeved_Functional_SmartShirtPopped.upk  files=15
[1577/2010] M_Top_Longsleeved_Functional_SmartShirtPopped_BRDF_Mappings.upk  files=1
[1578/2010] M_Top_Longsleeved_Functional_SmartShirt_BRDF_Mappings.upk  files=3
[1579/2010] M_Top_Longsleeved_Funtional_JacketLeather.upk  files=15
[1580/2010] M_Top_Longsleeved_Funtional_JacketLeather_BRDF_Mappings.upk  files=10
[1581/2010] M_Top_Longsleeved_Jacket_Denim.upk  files=25
[1582/2010] M_Top_Longsleeved_Jacket_Denim_BRDF_Mappings.upk  files=3
[1583/2010] M_Top_Longsleeved_Jacket_Flight_Nylon.upk  files=17
[1584/2010] M_Top_Longsleeved_Jacket_Flight_Nylon_BRDF_Mappings.upk  files=3
[1585/2010] M_Top_Longsleeved_Jacket_Leather_Studded.upk  files=19
[1586/2010] M_Top_Longsleeved_Jacket_Leather_Studded_BRDF_Mappings.upk  files=5
[1587/2010] M_Top_Longsleeved_Jacket_Nutcracker.upk  files=13
[1588/2010] M_Top_Longsleeved_Jacket_Nutcracker_BRDF_Mappings.upk  files=2
[1589/2010] M_Top_Longsleeved_Jacket_Patriot.upk  files=25
[1590/2010] M_Top_Longsleeved_Jacket_Patriot_BRDF_Mappings.upk  files=1
[1591/2010] M_Top_Longsleeved_Jacket_Santa.upk  files=16
[1592/2010] M_Top_Longsleeved_Jacket_Santa_BRDF_Mappings.upk  files=3
[1593/2010] M_Top_Longsleeved_MilitaryJumper.upk  files=15
[1594/2010] M_Top_Longsleeved_MilitaryJumper_BRDF_Mappings.upk  files=2
[1595/2010] M_Top_Longsleeved_ShirtGhillie.upk  files=14
[1596/2010] M_Top_Longsleeved_ShirtGhillieGoth.upk  files=15
[1597/2010] M_Top_Longsleeved_ShirtGhillieGoth_BRDF_Mappings.upk  files=4
[1598/2010] M_Top_Longsleeved_ShirtGhillie_BRDF_Mappings.upk  files=1
[1599/2010] M_Top_Longsleeved_Tech.upk  files=11
[1600/2010] M_Top_Longsleeved_TechHoodie.upk  files=30
[1601/2010] M_Top_Longsleeved_TechHoodie_BRDF_Mappings.upk  files=4
[1602/2010] M_Top_Longsleeved_Tech_BRDF_Mappings.upk  files=1
[1603/2010] M_Top_Longsleeved_Tech_Rubber.upk  files=11
[1604/2010] M_Top_Longsleeved_Tech_Rubber_BRDF_Mappings.upk  files=2
[1605/2010] M_Top_Longsleeved_Torn.upk  files=15
[1606/2010] M_Top_Longsleeved_Torn_BRDF_Mappings.upk  files=1
[1607/2010] M_Top_Longsleeved_Urban_JacketLeatherPopped.upk  files=19
[1608/2010] M_Top_Longsleeved_Urban_JacketLeatherPopped_BRDF_Mappings.upk  files=3
[1609/2010] M_Top_ShortSleeved_Baseball.upk  files=16
[1610/2010] M_Top_ShortSleeved_Baseball_BRDF_Mappings.upk  files=2
[1611/2010] M_Top_ShortSleeved_Functional_CollaredShirtOpen.upk  files=15
[1612/2010] M_Top_ShortSleeved_Functional_CollaredShirtOpen_BRDF_Mappings.upk  files=2
[1613/2010] M_Top_ShortSleeved_Functional_TeeTight.upk  files=13
[1614/2010] M_Top_ShortSleeved_Functional_TeeTight_BRDF_Mappings.upk  files=1
[1615/2010] M_Top_ShortSleeved_Urban_CollaredShirtUniform.upk  files=17
[1616/2010] M_Top_ShortSleeved_Urban_CollaredShirtUniform_BRDF_Mappings.upk  files=4
[1617/2010] M_Top_ShortSleeved_Urban_TeeMedium.upk  files=14
[1618/2010] M_Top_ShortSleeved_Urban_TeeMedium_BRDF_Mappings.upk  files=0
[1619/2010] M_Top_Shortsleeved_Fishnet.upk  files=4
[1620/2010] M_Top_Shortsleeved_Fishnet_BRDF_Mappings.upk  files=0
[1621/2010] M_Top_Shortsleeved_Smock.upk  files=19
[1622/2010] M_Top_Shortsleeved_Smock_BRDF_Mappings.upk  files=5
[1623/2010] M_Top_Shortsleeved_VNeck_Tee.upk  files=4
[1624/2010] M_Top_Shortsleeved_VNeck_Tee_BRDF_Mappings.upk  files=2
[1625/2010] M_Top_Sleeveless_Basketball.upk  files=13
[1626/2010] M_Top_Sleeveless_Basketball_BRDF_Mappings.upk  files=2
[1627/2010] M_Top_Sleeveless_Enforcement_Tee.upk  files=13
[1628/2010] M_Top_Sleeveless_Enforcement_Tee_BRDF_Mappings.upk  files=1
[1629/2010] M_Top_Sleeveless_Functional_Wifebeater.upk  files=12
[1630/2010] M_Top_Sleeveless_Functional_Wifebeater_BRDF_Mappings.upk  files=0
[1631/2010] M_Top_Sleeveless_MuscleShirt_Yback.upk  files=13
[1632/2010] M_Top_Sleeveless_MuscleShirt_Yback_BRDF_Mappings.upk  files=1
[1633/2010] M_Top_Sleeveless_Noir_Tee.upk  files=12
[1634/2010] M_Top_Sleeveless_Noir_Tee_BRDF_Mappings.upk  files=3
[1635/2010] M_Top_Vest_Armoured.upk  files=19
[1636/2010] M_Top_Vest_Armoured_BRDF_Mappings.upk  files=2
[1637/2010] M_Top_Vest_CarbonNanofiber.upk  files=18
[1638/2010] M_Top_Vest_CarbonNanofiber_BRDF_Mappings.upk  files=2
[1639/2010] M_Top_Vest_CeramicPlated.upk  files=22
[1640/2010] M_Top_Vest_CeramicPlated_BRDF_Mappings.upk  files=3
[1641/2010] M_Top_Vest_ChestRig.upk  files=13
[1642/2010] M_Top_Vest_ChestRig_BRDF_Mappings.upk  files=3
[1643/2010] M_Top_Vest_Enforcement_Base.upk  files=15
[1644/2010] M_Top_Vest_Enforcement_Base_BRDF_Mappings.upk  files=6
[1645/2010] M_Top_Vest_Enforcement_Futuristic.upk  files=9
[1646/2010] M_Top_Vest_Enforcement_Futuristic_BRDF_Mappings.upk  files=5
[1647/2010] M_Top_Vest_Enforcement_Slim.upk  files=13
[1648/2010] M_Top_Vest_Enforcement_Slim_BRDF_Mappings.upk  files=3
[1649/2010] M_Top_Vest_Enforcement_Webbing.upk  files=22
[1650/2010] M_Top_Vest_Enforcement_WebbingForBase.upk  files=22
[1651/2010] M_Top_Vest_Enforcement_WebbingForBase_BRDF_Mappings.upk  files=7
[1652/2010] M_Top_Vest_Enforcement_WebbingHolster.upk  files=21
[1653/2010] M_Top_Vest_Enforcement_WebbingHolster_BRDF_Mappings.upk  files=8
[1654/2010] M_Top_Vest_Enforcement_Webbing_BRDF_Mappings.upk  files=6
[1655/2010] M_Top_Vest_Impact.upk  files=13
[1656/2010] M_Top_Vest_Impact_BRDF_Mappings.upk  files=3
[1657/2010] M_Top_Vest_Urban_Bodywarmer.upk  files=12
[1658/2010] M_Top_Vest_Urban_Bodywarmer_BRDF_Mappings.upk  files=2
[1659/2010] M_Top_Waistcoat_Tie_Shirt.upk  files=25
[1660/2010] M_Top_Waistcoat_Tie_Shirt_BRDF_Mappings.upk  files=2
[1661/2010] M_TrousersShorts_CalfLength_Urban_Baggy.upk  files=18
[1662/2010] M_TrousersShorts_CalfLength_Urban_Baggy_BRDF_Mappings.upk  files=4
[1663/2010] M_Trousers_Baseball.upk  files=19
[1664/2010] M_Trousers_Baseball_BRDF_Mappings.upk  files=3
[1665/2010] M_Trousers_Chino_Functional_Regular.upk  files=12
[1666/2010] M_Trousers_Chino_Functional_Regular_BRDF_Mappings.upk  files=3
[1667/2010] M_Trousers_Combats_Enforcement_US.upk  files=14
[1668/2010] M_Trousers_Combats_Enforcement_US_BRDF_Mappings.upk  files=1
[1669/2010] M_Trousers_Combats_Reinforced.upk  files=17
[1670/2010] M_Trousers_Combats_Reinforced_BRDF_Mappings.upk  files=3
[1671/2010] M_Trousers_DropCrotch.upk  files=20
[1672/2010] M_Trousers_DropCrotch_BRDF_Mappings.upk  files=1
[1673/2010] M_Trousers_Famine.upk  files=16
[1674/2010] M_Trousers_Famine_BRDF_Mappings.upk  files=3
[1675/2010] M_Trousers_Football.upk  files=15
[1676/2010] M_Trousers_Football_BRDF_Mappings.upk  files=2
[1677/2010] M_Trousers_Goth.upk  files=14
[1678/2010] M_Trousers_Goth_BRDF_Mappings.upk  files=2
[1679/2010] M_Trousers_Hockey.upk  files=18
[1680/2010] M_Trousers_Hockey_BRDF_Mappings.upk  files=3
[1681/2010] M_Trousers_Jeans_Fashion_Baggy.upk  files=23
[1682/2010] M_Trousers_Jeans_Fashion_Baggy_BRDF_Mappings.upk  files=2
[1683/2010] M_Trousers_Jeans_Fashion_Patched.upk  files=18
[1684/2010] M_Trousers_Jeans_Fashion_Patched_BRDF_Mappings.upk  files=4
[1685/2010] M_Trousers_Jeans_Fashion_Regular.upk  files=17
[1686/2010] M_Trousers_Jeans_Fashion_Regular_BRDF_Mappings.upk  files=5
[1687/2010] M_Trousers_Jeans_Functional_Regular.upk  files=16
[1688/2010] M_Trousers_Jeans_Functional_Regular_BRDF_Mappings.upk  files=2
[1689/2010] M_Trousers_Jeans_Functional_Skinny.upk  files=16
[1690/2010] M_Trousers_Jeans_Functional_Skinny_BRDF_Mappings.upk  files=2
[1691/2010] M_Trousers_Jeans_Occult.upk  files=13
[1692/2010] M_Trousers_Jeans_Occult_BRDF_Mappings.upk  files=2
[1693/2010] M_Trousers_Jeans_Turnups_Torn.upk  files=23
[1694/2010] M_Trousers_Jeans_Turnups_Torn_BRDF_Mappings.upk  files=1
[1695/2010] M_Trousers_Jeans_Urban_Baggy.upk  files=17
[1696/2010] M_Trousers_Jeans_Urban_Baggy_BRDF_Mappings.upk  files=3
[1697/2010] M_Trousers_Leather_Stitched.upk  files=17
[1698/2010] M_Trousers_Leather_Stitched_BRDF_Mappings.upk  files=4
[1699/2010] M_Trousers_Leggings_Ballet.upk  files=6
[1700/2010] M_Trousers_Leggings_Ballet_BRDF_Mappings.upk  files=0
[1701/2010] M_Trousers_Suit_Functional_Regular.upk  files=14
[1702/2010] M_Trousers_Suit_Functional_Regular_BRDF_Mappings.upk  files=3
[1703/2010] M_Trousers_Tactical.upk  files=21
[1704/2010] M_Trousers_Tactical_BRDF_Mappings.upk  files=2
[1705/2010] M_Trousers_Tech.upk  files=14
[1706/2010] M_Trousers_TechProsthetic.upk  files=23
[1707/2010] M_Trousers_TechProsthetic_BRDF_Mappings.upk  files=4
[1708/2010] M_Trousers_Tech_BRDF_Mappings.upk  files=3
[1709/2010] M_Trousers_Tech_Rubber.upk  files=14
[1710/2010] M_Trousers_Tech_Rubber_BRDF_Mappings.upk  files=3
[1711/2010] M_Trousers_Tracksuit_Athletic_Regular.upk  files=14
[1712/2010] M_Trousers_Tracksuit_Athletic_Regular_BRDF_Mappings.upk  files=2
[1713/2010] M_Underwear_Boxers_Athletic_Drawstring.upk  files=14
[1714/2010] M_Underwear_Boxers_Athletic_Drawstring_BRDF_Mappings.upk  files=2
[1715/2010] M_Underwear_Briefs_Functional_Regular.upk  files=12
[1716/2010] M_Underwear_Briefs_Functional_Regular_BRDF_Mappings.upk  files=0
[1717/2010] M_Underwear_Swimwear_OnePiece.upk  files=9
[1718/2010] M_Underwear_Swimwear_OnePiece_BRDF_Mappings.upk  files=1
[1719/2010] M_Waistwear_Badge_Enforcement_BadgeDeputy.upk  files=6
[1720/2010] M_Waistwear_Badge_Enforcement_BadgeDeputy_BRDF_Mappings.upk  files=2
[1721/2010] M_Waistwear_Badge_Enforcement_Star.upk  files=6
[1722/2010] M_Waistwear_Badge_Enforcement_Star_BRDF_Mappings.upk  files=2
[1723/2010] M_Waistwear_Belt_Army.upk  files=11
[1724/2010] M_Waistwear_Belt_Army_BRDF_Mappings.upk  files=3
[1725/2010] M_Waistwear_Belt_Enforcement_BulletAngledLeft.upk  files=14
[1726/2010] M_Waistwear_Belt_Enforcement_BulletAngledLeft_BRDF_Mappings.upk  files=0
[1727/2010] M_Waistwear_Belt_Enforcement_EquipmentEM.upk  files=19
[1728/2010] M_Waistwear_Belt_Enforcement_EquipmentEM_BRDF_Mappings.upk  files=6
[1729/2010] M_Waistwear_Belt_Functional_LeatherWeaveRegular.upk  files=6
[1730/2010] M_Waistwear_Belt_Functional_LeatherWeaveRegular_BRDF_Mappings.upk  files=1
[1731/2010] M_Waistwear_Belt_Functional_LowRegular.upk  files=6
[1732/2010] M_Waistwear_Belt_Functional_LowRegular_BRDF_Mappings.upk  files=6
[1733/2010] M_Waistwear_Belt_Functional_RegularBuckle.upk  files=6
[1734/2010] M_Waistwear_Belt_Functional_RegularBuckle_BRDF_Mappings.upk  files=3
[1735/2010] M_Waistwear_Belt_Noir_CrossedStudded.upk  files=18
[1736/2010] M_Waistwear_Belt_Noir_CrossedStudded_BRDF_Mappings.upk  files=5
[1737/2010] M_Waistwear_Belt_Noir_StuddedAngledLeft.upk  files=15
[1738/2010] M_Waistwear_Belt_Noir_StuddedAngledLeft_BRDF_Mappings.upk  files=6
[1739/2010] M_Waistwear_Belt_Skate_LowRoundStuds.upk  files=7
[1740/2010] M_Waistwear_Belt_Skate_LowRoundStuds_BRDF_Mappings.upk  files=6
[1741/2010] M_Waistwear_Belt_Skate_LowStudded.upk  files=7
[1742/2010] M_Waistwear_Belt_Skate_LowStudded_BRDF_Mappings.upk  files=6
[1743/2010] M_Waistwear_Belt_Skate_StuddedFlatBuckleSimple.upk  files=6
[1744/2010] M_Waistwear_Belt_Skate_StuddedFlatBuckleSimple_BRDF_Mappings.upk  files=5
[1745/2010] M_Waistwear_Belt_Skate_StuddedSimple.upk  files=6
[1746/2010] M_Waistwear_Belt_Skate_StuddedSimple_BRDF_Mappings.upk  files=5
[1747/2010] M_Wings_Cherub.upk  files=5
[1748/2010] M_Wings_Cherub_BRDF_Mappings.upk  files=1
[1749/2010] M_Wings_Devil.upk  files=9
[1750/2010] M_Wings_Devil_BRDF_Mappings.upk  files=1
[1751/2010] M_Wings_Fairy.upk  files=9
[1752/2010] M_Wings_Fairy_BRDF_Mappings.upk  files=2
[1753/2010] APBEditor_CharacterCustomisation.upk  files=1
[1754/2010] F_RandomSeeds.upk  files=0
[1755/2010] M_RandomSeeds.upk  files=0
[1756/2010] CrowdLC_Female_Punk_SC01.upk  files=17
[1757/2010] CrowdLC_Female_Upperclass_SC04.upk  files=17
[1758/2010] CrowdLC_Female_Urban_SC12.upk  files=17
[1759/2010] CrowdLC_Male_Athletic_SC09.upk  files=17
[1760/2010] CrowdLC_Male_Businessman_SC05.upk  files=16
[1761/2010] CrowdLC_Male_Ganbanger_SC02.upk  files=9
[1762/2010] CrowdLC_Male_Ganbanger_SC03.upk  files=9
[1763/2010] CrowdLC_Male_Urban_SC08.upk  files=17
[1764/2010] CrowdLC_Male_Yakuza_SC04.upk  files=17
[1765/2010] Dev_Androvald.upk  files=17
[1766/2010] Dev_Ghoulface.upk  files=17
[1767/2010] Dev_Magallan.upk  files=16
[1768/2010] F_Minigame_ChristmasGhost.upk  files=11
[1769/2010] F_Nutcracker_Prince.upk  files=9
[1770/2010] F_Nutcracker_Soldier.upk  files=9
[1771/2010] F_Pumpkin_Headless.upk  files=9
[1772/2010] F_SugarPlumFairy.upk  files=17
[1773/2010] M_Minigame_ChristmasGhost.upk  files=11
[1774/2010] M_Nutcracker_Prince.upk  files=9
[1775/2010] M_Nutcracker_Soldier.upk  files=9
[1776/2010] M_Pumpkin_Headless.upk  files=9
[1777/2010] M_SugarPlumFairy.upk  files=17
[1778/2010] Marketing_Halloween2014_Headless_F.upk  files=9
[1779/2010] Marketing_Halloween2014_Headless_M.upk  files=9
[1780/2010] Marketing_Halloween2014_Pumpkin_F.upk  files=9
[1781/2010] Marketing_Halloween2014_Pumpkin_M.upk  files=9
[1782/2010] Marketing_IAO.upk  files=19
[1783/2010] Marketing_IAO_01.upk  files=17
[1784/2010] Marketing_Nocturnal.upk  files=9
[1785/2010] RiotVan_Driver.upk  files=9
[1786/2010] Rioter_Antagonist.upk  files=9
[1787/2010] Rioter_Female_MD01.upk  files=17
[1788/2010] Rioter_Male03.upk  files=17
[1789/2010] Rioter_Male_MD04_LineUp.upk  files=17
[1790/2010] Rioter_Male_SC03.upk  files=9
[1791/2010] Rioter_Male_SC04.upk  files=9
[1792/2010] UI_Female_President.upk  files=9
[1793/2010] UI_Male_President.upk  files=9
[1794/2010] ui_Female_Paramedic.upk  files=17
[1795/2010] ui_Female_cop1.upk  files=17
[1796/2010] ui_male_cop1.upk  files=9
[1797/2010] ui_male_cop2.upk  files=9
[1798/2010] ui_scene_GKing_player.upk  files=17
[1799/2010] ui_scene_Praetorian_player.upk  files=9
[1800/2010] ui_scene_bloodrose_player.upk  files=17
[1801/2010] ui_scene_prentiss_player.upk  files=17
[1802/2010] CBTambient_uniformed2.upk  files=13
[1803/2010] LC_F_Business_City_AsianDark_04.upk  files=21
[1804/2010] LC_F_Business_City_CaucasianDark_04.upk  files=21
[1805/2010] LC_F_Business_City_CaucasianGrey_02.upk  files=21
[1806/2010] LC_F_Business_City_CaucasianLight_01.upk  files=21
[1807/2010] LC_F_Business_City_HispanicDark_05.upk  files=21
[1808/2010] LC_F_Business_Local_AfricanDark_04.upk  files=21
[1809/2010] LC_F_Business_Local_AsianDark_01.upk  files=21
[1810/2010] LC_F_Business_Local_AsianDark_04.upk  files=21
[1811/2010] LC_F_Business_Local_CaucasianLight_02.upk  files=21
[1812/2010] LC_F_Business_Local_HispanicDark_04.upk  files=21
[1813/2010] LC_F_Clubber_Casual_AfricanDark_03.upk  files=13
[1814/2010] LC_F_Clubber_Casual_AsianDark_04.upk  files=21
[1815/2010] LC_F_Clubber_Casual_CaucasianLight_01.upk  files=21
[1816/2010] LC_F_Clubber_Casual_HispanicDark_06.upk  files=21
[1817/2010] LC_F_Clubber_Casual_IndianDark_04.upk  files=21
[1818/2010] LC_F_Clubber_Fashion_AsianDark_04.upk  files=21
[1819/2010] LC_F_Clubber_Fashion_AsianDyed_02.upk  files=21
[1820/2010] LC_F_Clubber_Fashion_CaucasianDark_03.upk  files=21
[1821/2010] LC_F_Clubber_Fashion_CaucasianDark_04.upk  files=21
[1822/2010] LC_F_Clubber_Fashion_CaucasianLight_05.upk  files=21
[1823/2010] LC_F_Industrial_DockWorker_AsianDark_04.upk  files=21
[1824/2010] LC_F_Industrial_DockWorker_AsianDark_06.upk  files=21
[1825/2010] LC_F_Industrial_DockWorker_CaucasianDark_04.upk  files=21
[1826/2010] LC_F_Industrial_DockWorker_CaucasianLight_03.upk  files=21
[1827/2010] LC_F_Industrial_DockWorker_HispanicDark_03.upk  files=21
[1828/2010] LC_F_Industrial_FactoryWorker_AsianDark_05.upk  files=21
[1829/2010] LC_F_Industrial_FactoryWorker_CaucasianLight_03.upk  files=21
[1830/2010] LC_F_Industrial_FactoryWorker_HispanicDark_06.upk  files=21
[1831/2010] LC_F_Industrial_FactoryWorker_IndianDark_01.upk  files=21
[1832/2010] LC_F_Industrial_Factoryworker_CaucasianDark_02.upk  files=21
[1833/2010] LC_F_LowerClass_TrailerTrash_CaucasianDark_01.upk  files=13
[1834/2010] LC_F_LowerClass_TrailerTrash_CaucasianDark_05.upk  files=21
[1835/2010] LC_F_LowerClass_TrailerTrash_CaucasianLight_02.upk  files=21
[1836/2010] LC_F_LowerClass_TrailerTrash_HispanicDark_06.upk  files=21
[1837/2010] LC_F_LowerClass_TrailerTrash_IndianDark_03.upk  files=21
[1838/2010] LC_F_LowerClass_Welfare_AsianDark_02.upk  files=13
[1839/2010] LC_F_LowerClass_Welfare_CaucasianDark_03.upk  files=21
[1840/2010] LC_F_LowerClass_Welfare_CaucasianDark_04.upk  files=21
[1841/2010] LC_F_LowerClass_Welfare_HispanicDark_01.upk  files=21
[1842/2010] LC_F_LowerClass_Welfare_IndianDark_04.upk  files=21
[1843/2010] LC_F_MiddleClass_Casual_AfricanDark_04.upk  files=13
[1844/2010] LC_F_MiddleClass_Casual_AsianDark_01.upk  files=21
[1845/2010] LC_F_MiddleClass_Casual_AsianDark_05.upk  files=21
[1846/2010] LC_F_MiddleClass_Casual_CaucasianDark_03.upk  files=21
[1847/2010] LC_F_MiddleClass_Casual_CaucasianLight_04.upk  files=21
[1848/2010] LC_F_MiddleClass_Professional_AfricanDark_05.upk  files=13
[1849/2010] LC_F_MiddleClass_Professional_AsianDark_04.upk  files=21
[1850/2010] LC_F_MiddleClass_Professional_CaucasianDark_04.upk  files=21
[1851/2010] LC_F_MiddleClass_Professional_CaucasianLight_02.upk  files=21
[1852/2010] LC_F_MiddleClass_Professional_HispanicDark_03.upk  files=21
[1853/2010] LC_F_Seedy_Grifter_AfricanDark_02.upk  files=13
[1854/2010] LC_F_Seedy_Grifter_CaucasianLight_03.upk  files=13
[1855/2010] LC_F_Seedy_Grifter_CaucasianLight_05.upk  files=21
[1856/2010] LC_F_Seedy_Grifter_HispanicDark_04.upk  files=21
[1857/2010] LC_F_Seedy_Hobo_AsianDark_03.upk  files=13
[1858/2010] LC_F_Seedy_Hobo_AsianDark_04.upk  files=21
[1859/2010] LC_F_Seedy_Hobo_CaucasianDark_01.upk  files=21
[1860/2010] LC_F_Seedy_Hobo_CaucasianLight_04.upk  files=21
[1861/2010] LC_F_Seedy_Hobo_IndianDark_06.upk  files=21
[1862/2010] LC_F_TempMesh.upk  files=9
[1863/2010] LC_F_Uniformed_Casual_AfricanDark_01.upk  files=21
[1864/2010] LC_F_Uniformed_Casual_AsianDark_02.upk  files=21
[1865/2010] LC_F_Uniformed_Casual_AsianDark_04.upk  files=21
[1866/2010] LC_F_Uniformed_Casual_CaucasianLight_03.upk  files=21
[1867/2010] LC_F_Uniformed_Casual_CaucasianLight_04.upk  files=21
[1868/2010] LC_F_Uniformed_Casual_HispanicDark_04.upk  files=21
[1869/2010] LC_F_Uniformed_Smart_AfricanDark_05.upk  files=21
[1870/2010] LC_F_Uniformed_Smart_AsianDark_05.upk  files=21
[1871/2010] LC_F_Uniformed_Smart_AsianDark_06.upk  files=21
[1872/2010] LC_F_Uniformed_Smart_CaucasianDark_03.upk  files=21
[1873/2010] LC_F_Uniformed_Smart_CaucasianLight_03.upk  files=17
[1874/2010] LC_F_Uniformed_Smart_HispanicDark_06.upk  files=21
[1875/2010] LC_F_UpperClass_Casual_AfricanDark_04.upk  files=13
[1876/2010] LC_F_UpperClass_Casual_CaucasianDark_04.upk  files=21
[1877/2010] LC_F_UpperClass_Casual_CaucasianLight_01.upk  files=21
[1878/2010] LC_F_UpperClass_Casual_CaucasianLight_06.upk  files=21
[1879/2010] LC_F_UpperClass_Casual_HispanicDark_03.upk  files=21
[1880/2010] LC_F_UpperClass_Fashion_AsianDyed_03.upk  files=21
[1881/2010] LC_F_UpperClass_Fashion_AsianDyed_05.upk  files=21
[1882/2010] LC_F_UpperClass_Fashion_CaucasianDark_04.upk  files=21
[1883/2010] LC_F_UpperClass_Fashion_CaucasianLight_02.upk  files=21
[1884/2010] LC_F_UpperClass_Fashion_HispanicDark_04.upk  files=21
[1885/2010] LC_F_Urban1_HipHop_AfricanDark_01.upk  files=13
[1886/2010] LC_F_Urban1_HipHop_AfricanDark_03.upk  files=13
[1887/2010] LC_F_Urban1_HipHop_CaucasianDark_04.upk  files=21
[1888/2010] LC_F_Urban1_HipHop_HispanicDark_06.upk  files=21
[1889/2010] LC_F_Urban1_HipHop_HispanicDyed_06.upk  files=21
[1890/2010] LC_F_Urban1_Rocker_AsianDark_03.upk  files=21
[1891/2010] LC_F_Urban1_Rocker_AsianDark_06.upk  files=21
[1892/2010] LC_F_Urban1_Rocker_CaucasianLight_02.upk  files=21
[1893/2010] LC_F_Urban1_Rocker_CaucasianLight_05.upk  files=21
[1894/2010] LC_F_Urban1_Rocker_HispanicDark_06.upk  files=21
[1895/2010] LC_F_Urban2_Athletic_AsianDark_06.upk  files=21
[1896/2010] LC_F_Urban2_Athletic_CaucasianLight_03.upk  files=21
[1897/2010] LC_F_Urban2_Athletic_CaucasianLight_04.upk  files=21
[1898/2010] LC_F_Urban2_Athletic_HispanicDark_02.upk  files=21
[1899/2010] LC_F_Urban2_Athletic_HispanicDark_06.upk  files=21
[1900/2010] LC_F_Urban2_Emo_CaucasianDark_01.upk  files=21
[1901/2010] LC_F_Urban2_Emo_CaucasianDark_04.upk  files=21
[1902/2010] LC_F_Urban2_Emo_HispanicDark_05.upk  files=21
[1903/2010] LC_F_Urban2_Emo_HispanicDark_06.upk  files=21
[1904/2010] LC_F_Urban2_Emo_IndianDark_03.upk  files=21
[1905/2010] LC_M_Business_City_AsianDark_01.upk  files=20
[1906/2010] LC_M_Business_City_AsianDyed_06.upk  files=21
[1907/2010] LC_M_Business_City_CaucasianDark_02.upk  files=13
[1908/2010] LC_M_Business_City_CaucasianLight_04.upk  files=20
[1909/2010] LC_M_Business_City_HispanicDark_06.upk  files=21
[1910/2010] LC_M_Business_Local_AsianDark_06.upk  files=20
[1911/2010] LC_M_Business_Local_CaucasianDark_02.upk  files=21
[1912/2010] LC_M_Business_Local_CaucasianDark_04.upk  files=20
[1913/2010] LC_M_Business_Local_CaucasianGrey_01.upk  files=20
[1914/2010] LC_M_Business_Local_IndianDark_04.upk  files=21
[1915/2010] LC_M_Clubber_Casual_AsianDark_01.upk  files=13
[1916/2010] LC_M_Clubber_Casual_CaucasianLight_03.upk  files=13
[1917/2010] LC_M_Clubber_Casual_CaucasianLight_04.upk  files=21
[1918/2010] LC_M_Clubber_Casual_HispanicDark_04.upk  files=21
[1919/2010] LC_M_Clubber_Casual_HispanicDark_06.upk  files=21
[1920/2010] LC_M_Clubber_Fashion_AfricanDark_02.upk  files=13
[1921/2010] LC_M_Clubber_Fashion_AsianDark_06.upk  files=21
[1922/2010] LC_M_Clubber_Fashion_CaucasianDark_03.upk  files=21
[1923/2010] LC_M_Clubber_Fashion_CaucasianDark_04.upk  files=21
[1924/2010] LC_M_Clubber_Fashion_CaucasianDark_06.upk  files=21
[1925/2010] LC_M_Holiday_Easter_Bunny.upk  files=9
[1926/2010] LC_M_Holiday_Easter_Chicken.upk  files=9
[1927/2010] LC_M_Industrial_DockWorker_AsianDark_06.upk  files=20
[1928/2010] LC_M_Industrial_DockWorker_CaucasianDark_04.upk  files=13
[1929/2010] LC_M_Industrial_DockWorker_CaucasianLight_01.upk  files=20
[1930/2010] LC_M_Industrial_DockWorker_HispanicDark_03.upk  files=20
[1931/2010] LC_M_Industrial_DockWorker_HispanicDark_04.upk  files=20
[1932/2010] LC_M_Industrial_FactoryWorker_AfricanDark_04.upk  files=13
[1933/2010] LC_M_Industrial_FactoryWorker_AsianDark_04.upk  files=20
[1934/2010] LC_M_Industrial_FactoryWorker_CaucasianDark_02.upk  files=20
[1935/2010] LC_M_Industrial_FactoryWorker_CaucasianDark_03.upk  files=20
[1936/2010] LC_M_Industrial_FactoryWorker_CaucasianLight_04.upk  files=13
[1937/2010] LC_M_LowerClass_TrailerTrash_AfricanDark_06.upk  files=21
[1938/2010] LC_M_LowerClass_TrailerTrash_AsianDark_06.upk  files=21
[1939/2010] LC_M_LowerClass_TrailerTrash_CaucasianDark_04.upk  files=21
[1940/2010] LC_M_LowerClass_TrailerTrash_CaucasianLight_02.upk  files=20
[1941/2010] LC_M_LowerClass_TrailerTrash_HispanicDark_06.upk  files=13
[1942/2010] LC_M_LowerClass_TrailerTrash_IndianDark_02.upk  files=21
[1943/2010] LC_M_LowerClass_Welfare_AfricanDark_04.upk  files=21
[1944/2010] LC_M_LowerClass_Welfare_CaucasianDark_03.upk  files=21
[1945/2010] LC_M_LowerClass_Welfare_CaucasianLight_01.upk  files=13
[1946/2010] LC_M_LowerClass_Welfare_CaucasianLight_03.upk  files=10
[1947/2010] LC_M_MiddleClass_Casual_AfricanDark_06.upk  files=13
[1948/2010] LC_M_MiddleClass_Casual_AsianDark_06.upk  files=20
[1949/2010] LC_M_MiddleClass_Casual_CaucasianDark_01.upk  files=21
[1950/2010] LC_M_MiddleClass_Casual_CaucasianDark_04.upk  files=20
[1951/2010] LC_M_MiddleClass_Casual_IndianDark_03.upk  files=20
[1952/2010] LC_M_MiddleClass_Professional_AsianDark_02.upk  files=20
[1953/2010] LC_M_MiddleClass_Professional_AsianDark_05.upk  files=21
[1954/2010] LC_M_MiddleClass_Professional_AsianDark_06.upk  files=13
[1955/2010] LC_M_MiddleClass_Professional_AsianDyed_06.upk  files=20
[1956/2010] LC_M_MiddleClass_Professional_CaucasianLight_03.upk  files=20
[1957/2010] LC_M_Minigame_Mugging.upk  files=17
[1958/2010] LC_M_Seedy_Grifter_AsianDyed_06.upk  files=13
[1959/2010] LC_M_Seedy_Grifter_CaucasianGrey_02.upk  files=21
[1960/2010] LC_M_Seedy_Grifter_HispanicDark_05.upk  files=21
[1961/2010] LC_M_Seedy_Grifter_HispanicDark_06.upk  files=21
[1962/2010] LC_M_Seedy_Grifter_IndianDark_03.upk  files=21
[1963/2010] LC_M_Seedy_Hobo_AfricanDark_03.upk  files=13
[1964/2010] LC_M_Seedy_Hobo_AsianDark_06.upk  files=13
[1965/2010] LC_M_Seedy_Hobo_CaucasianDark_01.upk  files=21
[1966/2010] LC_M_Seedy_Hobo_CaucasianLight_04.upk  files=21
[1967/2010] LC_M_Seedy_Hobo_HispanicDark_04.upk  files=21
[1968/2010] LC_M_TempMesh.upk  files=9
[1969/2010] LC_M_Uniformed_Casual_AsianDark_02.upk  files=20
[1970/2010] LC_M_Uniformed_Casual_AsianDark_06.upk  files=9
[1971/2010] LC_M_Uniformed_Casual_CaucasianDark_04.upk  files=20
[1972/2010] LC_M_Uniformed_Casual_CaucasianLight_03.upk  files=20
[1973/2010] LC_M_Uniformed_Casual_HispanicDark_06.upk  files=21
[1974/2010] LC_M_Uniformed_Smart_AsianDyed_06.upk  files=16
[1975/2010] LC_M_Uniformed_Smart_CaucasianDark_03.upk  files=13
[1976/2010] LC_M_Uniformed_Smart_CaucasianLight_04.upk  files=20
[1977/2010] LC_M_Uniformed_Smart_HispanicDark_06.upk  files=13
[1978/2010] LC_M_Uniformed_Smart_IndianDark_01.upk  files=17
[1979/2010] LC_M_UpperClass_Casual_AfricanDark_06.upk  files=13
[1980/2010] LC_M_UpperClass_Casual_AsianDark_03.upk  files=21
[1981/2010] LC_M_UpperClass_Casual_AsianDark_03_.upk  files=17
[1982/2010] LC_M_UpperClass_Casual_CaucasianLight_03.upk  files=21
[1983/2010] LC_M_UpperClass_Casual_CaucasianLight_04.upk  files=20
[1984/2010] LC_M_UpperClass_Casual_HispanicDark_06.upk  files=21
[1985/2010] LC_M_UpperClass_Fashion_AsianDyed_01.upk  files=21
[1986/2010] LC_M_UpperClass_Fashion_AsianDyed_06.upk  files=21
[1987/2010] LC_M_UpperClass_Fashion_CaucasianDark_04.upk  files=20
[1988/2010] LC_M_UpperClass_Fashion_CaucasianLight_02.upk  files=20
[1989/2010] LC_M_UpperClass_Fashion_HispanicDark_06.upk  files=21
[1990/2010] LC_M_Urban1_Athletic_HispanicDark_02.upk  files=13
[1991/2010] LC_M_Urban1_HipHop_AfricanDark_04.upk  files=21
[1992/2010] LC_M_Urban1_HipHop_CaucasianLight_03.upk  files=21
[1993/2010] LC_M_Urban1_HipHop_HispanicDark_06.upk  files=13
[1994/2010] LC_M_Urban1_HipHop_HispanicLight_06.upk  files=21
[1995/2010] LC_M_Urban1_Hiphop_AfricanDark_01.upk  files=13
[1996/2010] LC_M_Urban1_Rocker_AsianDark_06.upk  files=21
[1997/2010] LC_M_Urban1_Rocker_AsianDyed_04.upk  files=21
[1998/2010] LC_M_Urban1_Rocker_CaucasianDark_03.upk  files=21
[1999/2010] LC_M_Urban1_Rocker_CaucasianLight_03.upk  files=21
[2000/2010] LC_M_Urban2_Athletic_AfricanDark_04.upk  files=13
[2001/2010] LC_M_Urban2_Athletic_AsianDark_06.upk  files=21
[2002/2010] LC_M_Urban2_Athletic_CaucasianDark_03.upk  files=20
[2003/2010] LC_M_Urban2_Athletic_HispanicDark_06.upk  files=21
[2004/2010] LC_M_Urban2_Emo_AsianDark_02.upk  files=21
[2005/2010] LC_M_Urban2_Emo_CaucasianDark_03.upk  files=21
[2006/2010] LC_M_Urban2_Emo_CaucasianDark_06.upk  files=21
[2007/2010] LC_M_Urban2_Emo_HispanicDark_05.upk  files=21
[2008/2010] LC_M_Urban2_Emo_HispanicDark_06.upk  files=21
[2009/2010] LC_M_Urban2_Rocker_HispanicDark_01.upk  files=21
[2010/2010] LC_Characters_Common.upk  files=5
DONE 2026-07-21T11:48:25.3947401+02:00  ok=1872  empty/fail=138  total=2010
