START 2026-07-21T11:43:01.6961436+02:00  total=3080  outRoot=D:\APBReloaded\Content\Extracted\VehiclesBulk
[1/3080] AudioSiren_1.upk  files=0
[2/3080] AudioSiren_2.upk  files=0
[3/3080] AudioSiren_3.upk  files=0
[4/3080] AudioSiren_4.upk  files=0
[5/3080] AudioSiren_5.upk  files=0
[6/3080] AudioSiren_6.upk  files=0
[7/3080] AudioSiren_7.upk  files=0
[8/3080] AudioSiren_8.upk  files=0
[9/3080] SirenFlashPattern_1.upk  files=0
[10/3080] SirenFlashPattern_2.upk  files=0
[11/3080] SirenFlashPattern_3.upk  files=0
[12/3080] SirenFlashPattern_4.upk  files=0
[13/3080] SirenFlashPattern_5.upk  files=0
[14/3080] SirenFlashPattern_6.upk  files=0
[15/3080] V_A_2DrCoupe_Badge_1.upk  files=2
[16/3080] V_A_2DrCoupe_Badge_2.upk  files=0
[17/3080] V_A_2DrCoupe_BrakeCailpers_1.upk  files=2
[18/3080] V_A_2DrCoupe_BumperFront_1.upk  files=2
[19/3080] V_A_2DrCoupe_BumperFront_2.upk  files=2
[20/3080] V_A_2DrCoupe_BumperRear_1.upk  files=2
[21/3080] V_A_2DrCoupe_Door_1.upk  files=0
[22/3080] V_A_2DrCoupe_FrontBase_1.upk  files=2
[23/3080] V_A_2DrCoupe_FrontBase_2.upk  files=2
[24/3080] V_A_2DrCoupe_Grill_1.upk  files=2
[25/3080] V_A_2DrCoupe_Grill_2.upk  files=2
[26/3080] V_A_2DrCoupe_HeadLightGlass_1.upk  files=2
[27/3080] V_A_2DrCoupe_HeadLightGlass_2.upk  files=2
[28/3080] V_A_2DrCoupe_HeadLightMain_1.upk  files=2
[29/3080] V_A_2DrCoupe_HeadLightMain_2.upk  files=2
[30/3080] V_A_2DrCoupe_Hood_1.upk  files=2
[31/3080] V_A_2DrCoupe_Hood_2.upk  files=2
[32/3080] V_A_2DrCoupe_PoliceLightsMain_1.upk  files=2
[33/3080] V_A_2DrCoupe_PoliceLightsMain_2.upk  files=2
[34/3080] V_A_2DrCoupe_PoliceLightsMain_3.upk  files=2
[35/3080] V_A_2DrCoupe_PoliceLightsMain_4.upk  files=2
[36/3080] V_A_2DrCoupe_PoliceLightsMain_5.upk  files=2
[37/3080] V_A_2DrCoupe_PoliceLightsMain_6.upk  files=2
[38/3080] V_A_2DrCoupe_PoliceLightsMain_7.upk  files=2
[39/3080] V_A_2DrCoupe_PoliceLightsSecondaryFront02_1.upk  files=2
[40/3080] V_A_2DrCoupe_PoliceLightsSecondaryFront02_2.upk  files=2
[41/3080] V_A_2DrCoupe_PoliceLightsSecondaryFront02_3.upk  files=2
[42/3080] V_A_2DrCoupe_PoliceLightsSecondaryFront02_4.upk  files=2
[43/3080] V_A_2DrCoupe_RoofExterior_1.upk  files=2
[44/3080] V_A_2DrCoupe_RoofGlass_1.upk  files=2
[45/3080] V_A_2DrCoupe_RoofInterior_1.upk  files=2
[46/3080] V_A_2DrCoupe_SeatsFront_1.upk  files=2
[47/3080] V_A_2DrCoupe_SideSkirts_1.upk  files=2
[48/3080] V_A_2DrCoupe_Spoiler_1.upk  files=2
[49/3080] V_A_2DrCoupe_SteeringWheel_1.upk  files=2
[50/3080] V_A_2DrCoupe_TailLightsMain_1.upk  files=2
[51/3080] V_A_2DrCoupe_Wheels_1.upk  files=5
[52/3080] V_A_2DrCoupe_Wheels_10.upk  files=4
[53/3080] V_A_2DrCoupe_Wheels_11.upk  files=4
[54/3080] V_A_2DrCoupe_Wheels_12.upk  files=4
[55/3080] V_A_2DrCoupe_Wheels_13.upk  files=5
[56/3080] V_A_2DrCoupe_Wheels_14.upk  files=4
[57/3080] V_A_2DrCoupe_Wheels_15.upk  files=4
[58/3080] V_A_2DrCoupe_Wheels_16.upk  files=4
[59/3080] V_A_2DrCoupe_Wheels_17.upk  files=5
[60/3080] V_A_2DrCoupe_Wheels_18.upk  files=4
[61/3080] V_A_2DrCoupe_Wheels_2.upk  files=4
[62/3080] V_A_2DrCoupe_Wheels_3.upk  files=4
[63/3080] V_A_2DrCoupe_Wheels_4.upk  files=5
[64/3080] V_A_2DrCoupe_Wheels_5.upk  files=4
[65/3080] V_A_2DrCoupe_Wheels_6.upk  files=5
[66/3080] V_A_2DrCoupe_Wheels_7.upk  files=4
[67/3080] V_A_2DrCoupe_Wheels_8.upk  files=4
[68/3080] V_A_2DrCoupe_Wheels_9.upk  files=5
[69/3080] V_A_2DrCoupe_WindowWipers_1.upk  files=2
[70/3080] V_A_2DrCoupe_WingMirrors_1.upk  files=2
[71/3080] V_A_2DrVan_Badge_1.upk  files=2
[72/3080] V_A_2DrVan_BrakeCaliper_1.upk  files=2
[73/3080] V_A_2DrVan_BumperFront_1.upk  files=2
[74/3080] V_A_2DrVan_BumperFront_2.upk  files=2
[75/3080] V_A_2DrVan_BumperFront_3.upk  files=2
[76/3080] V_A_2DrVan_BumperRear_1.upk  files=2
[77/3080] V_A_2DrVan_Door_1.upk  files=0
[78/3080] V_A_2DrVan_FrontBase_1.upk  files=2
[79/3080] V_A_2DrVan_FrontBase_2.upk  files=2
[80/3080] V_A_2DrVan_FrontBase_3.upk  files=2
[81/3080] V_A_2DrVan_Grill_1.upk  files=2
[82/3080] V_A_2DrVan_Grill_2.upk  files=2
[83/3080] V_A_2DrVan_Grill_3.upk  files=2
[84/3080] V_A_2DrVan_HeadLightMain_1.upk  files=2
[85/3080] V_A_2DrVan_HeadLightMain_2.upk  files=2
[86/3080] V_A_2DrVan_HeadLightMain_3.upk  files=2
[87/3080] V_A_2DrVan_HeadlightGlass_1.upk  files=2
[88/3080] V_A_2DrVan_HeadlightGlass_2.upk  files=2
[89/3080] V_A_2DrVan_HeadlightGlass_3.upk  files=2
[90/3080] V_A_2DrVan_Hood_1.upk  files=2
[91/3080] V_A_2DrVan_Hood_2.upk  files=2
[92/3080] V_A_2DrVan_Hood_3.upk  files=2
[93/3080] V_A_2DrVan_PoliceLightsMain_1.upk  files=2
[94/3080] V_A_2DrVan_PoliceLightsMain_2.upk  files=2
[95/3080] V_A_2DrVan_PoliceLightsMain_3.upk  files=2
[96/3080] V_A_2DrVan_PoliceLightsMain_4.upk  files=2
[97/3080] V_A_2DrVan_PoliceLightsMain_5.upk  files=2
[98/3080] V_A_2DrVan_PoliceLightsMain_6.upk  files=2
[99/3080] V_A_2DrVan_PoliceLightsMain_7.upk  files=2
[100/3080] V_A_2DrVan_PoliceLightsSecondaryFront01_1.upk  files=0
[101/3080] V_A_2DrVan_PoliceLightsSecondaryFront01_2.upk  files=0
[102/3080] V_A_2DrVan_PoliceLightsSecondaryFront01_3.upk  files=0
[103/3080] V_A_2DrVan_PoliceLightsSecondaryFront01_4.upk  files=0
[104/3080] V_A_2DrVan_PoliceLightsSecondaryFront02_1.upk  files=0
[105/3080] V_A_2DrVan_PoliceLightsSecondaryFront02_2.upk  files=0
[106/3080] V_A_2DrVan_PoliceLightsSecondaryFront02_3.upk  files=0
[107/3080] V_A_2DrVan_PoliceLightsSecondaryFront02_4.upk  files=0
[108/3080] V_A_2DrVan_PoliceLightsSecondaryFront03_1.upk  files=2
[109/3080] V_A_2DrVan_PoliceLightsSecondaryFront03_2.upk  files=2
[110/3080] V_A_2DrVan_PoliceLightsSecondaryFront03_3.upk  files=2
[111/3080] V_A_2DrVan_PoliceLightsSecondaryFront03_4.upk  files=2
[112/3080] V_A_2DrVan_Roof_1.upk  files=2
[113/3080] V_A_2DrVan_SeatsFront_1.upk  files=2
[114/3080] V_A_2DrVan_SideSkirts_1.upk  files=2
[115/3080] V_A_2DrVan_Spoiler_1.upk  files=2
[116/3080] V_A_2DrVan_SteeringWheel_1.upk  files=2
[117/3080] V_A_2DrVan_TailLightsGlass_1.upk  files=0
[118/3080] V_A_2DrVan_TailLightsMain_1.upk  files=2
[119/3080] V_A_2DrVan_Wheels_1.upk  files=5
[120/3080] V_A_2DrVan_Wheels_10.upk  files=4
[121/3080] V_A_2DrVan_Wheels_11.upk  files=4
[122/3080] V_A_2DrVan_Wheels_12.upk  files=4
[123/3080] V_A_2DrVan_Wheels_13.upk  files=5
[124/3080] V_A_2DrVan_Wheels_14.upk  files=4
[125/3080] V_A_2DrVan_Wheels_15.upk  files=4
[126/3080] V_A_2DrVan_Wheels_16.upk  files=4
[127/3080] V_A_2DrVan_Wheels_17.upk  files=5
[128/3080] V_A_2DrVan_Wheels_18.upk  files=4
[129/3080] V_A_2DrVan_Wheels_19.upk  files=0
[130/3080] V_A_2DrVan_Wheels_2.upk  files=4
[131/3080] V_A_2DrVan_Wheels_3.upk  files=4
[132/3080] V_A_2DrVan_Wheels_4.upk  files=5
[133/3080] V_A_2DrVan_Wheels_5.upk  files=4
[134/3080] V_A_2DrVan_Wheels_6.upk  files=5
[135/3080] V_A_2DrVan_Wheels_7.upk  files=4
[136/3080] V_A_2DrVan_Wheels_8.upk  files=4
[137/3080] V_A_2DrVan_Wheels_9.upk  files=5
[138/3080] V_A_2DrVan_WindowWipers_1.upk  files=2
[139/3080] V_A_2DrVan_WingMirrors_1.upk  files=2
[140/3080] V_A_ClassicMuscle_BrakeCalipers_1.upk  files=2
[141/3080] V_A_ClassicMuscle_InteriorProps_1.upk  files=2
[142/3080] V_A_ClassicMuscle_PoliceLightsMain_1.upk  files=2
[143/3080] V_A_ClassicMuscle_PoliceLightsMain_2.upk  files=2
[144/3080] V_A_ClassicMuscle_PoliceLightsMain_3.upk  files=2
[145/3080] V_A_ClassicMuscle_PoliceLightsMain_4.upk  files=2
[146/3080] V_A_ClassicMuscle_PoliceLightsMain_5.upk  files=2
[147/3080] V_A_ClassicMuscle_PoliceLightsMain_6.upk  files=2
[148/3080] V_A_ClassicMuscle_PoliceLightsMain_7.upk  files=2
[149/3080] V_A_ClassicMuscle_PoliceLightsSecondary_1.upk  files=2
[150/3080] V_A_ClassicMuscle_PoliceLightsSecondary_2.upk  files=2
[151/3080] V_A_ClassicMuscle_PoliceLightsSecondary_3.upk  files=2
[152/3080] V_A_ClassicMuscle_PoliceLightsSecondary_4.upk  files=2
[153/3080] V_A_ClassicMuscle_Wheels_1.upk  files=4
[154/3080] V_A_ClassicMuscle_Wheels_10.upk  files=4
[155/3080] V_A_ClassicMuscle_Wheels_11.upk  files=4
[156/3080] V_A_ClassicMuscle_Wheels_12.upk  files=4
[157/3080] V_A_ClassicMuscle_Wheels_2.upk  files=4
[158/3080] V_A_ClassicMuscle_Wheels_3.upk  files=4
[159/3080] V_A_ClassicMuscle_Wheels_4.upk  files=4
[160/3080] V_A_ClassicMuscle_Wheels_5.upk  files=4
[161/3080] V_A_ClassicMuscle_Wheels_6.upk  files=4
[162/3080] V_A_ClassicMuscle_Wheels_7.upk  files=4
[163/3080] V_A_ClassicMuscle_Wheels_8.upk  files=4
[164/3080] V_A_ClassicMuscle_Wheels_9.upk  files=4
[165/3080] v_a_classicmuscle_Badge_1.upk  files=2
[166/3080] v_a_classicmuscle_Bullbars_1.upk  files=2
[167/3080] v_a_classicmuscle_BumperFront_1.upk  files=2
[168/3080] v_a_classicmuscle_BumperFront_2.upk  files=2
[169/3080] v_a_classicmuscle_BumperFront_3.upk  files=2
[170/3080] v_a_classicmuscle_BumperFront_4.upk  files=2
[171/3080] v_a_classicmuscle_BumperFront_5.upk  files=2
[172/3080] v_a_classicmuscle_BumperFront_6.upk  files=2
[173/3080] v_a_classicmuscle_BumperFront_7.upk  files=2
[174/3080] v_a_classicmuscle_BumperFront_8.upk  files=2
[175/3080] v_a_classicmuscle_BumperRear_1.upk  files=2
[176/3080] v_a_classicmuscle_BumperRear_2.upk  files=2
[177/3080] v_a_classicmuscle_BumperRear_3.upk  files=2
[178/3080] v_a_classicmuscle_BumperRear_4.upk  files=2
[179/3080] v_a_classicmuscle_BumperRear_5.upk  files=2
[180/3080] v_a_classicmuscle_BumperRear_6.upk  files=2
[181/3080] v_a_classicmuscle_Dashboard_1.upk  files=0
[182/3080] v_a_classicmuscle_DoorsInterior_1.upk  files=2
[183/3080] v_a_classicmuscle_DoorsInterior_2.upk  files=2
[184/3080] v_a_classicmuscle_DoorsInterior_3.upk  files=2
[185/3080] v_a_classicmuscle_DoorsInterior_4.upk  files=2
[186/3080] v_a_classicmuscle_Doors_1.upk  files=2
[187/3080] v_a_classicmuscle_Doors_2.upk  files=2
[188/3080] v_a_classicmuscle_Doors_3.upk  files=2
[189/3080] v_a_classicmuscle_Exhausts_1.upk  files=2
[190/3080] v_a_classicmuscle_Exhausts_2.upk  files=2
[191/3080] v_a_classicmuscle_Exhausts_3.upk  files=2
[192/3080] v_a_classicmuscle_Exhausts_4.upk  files=2
[193/3080] v_a_classicmuscle_Exhausts_5.upk  files=2
[194/3080] v_a_classicmuscle_Exhausts_6.upk  files=2
[195/3080] v_a_classicmuscle_HeadlightsGlass_1.upk  files=2
[196/3080] v_a_classicmuscle_HeadlightsMain_1.upk  files=2
[197/3080] v_a_classicmuscle_HeadlightsMain_2.upk  files=2
[198/3080] v_a_classicmuscle_HeadlightsMain_3.upk  files=2
[199/3080] v_a_classicmuscle_HeadlightsMain_4.upk  files=2
[200/3080] v_a_classicmuscle_HeadlightsMain_5.upk  files=2
[201/3080] v_a_classicmuscle_HeadlightsMain_6.upk  files=2
[202/3080] v_a_classicmuscle_HeadlightsMain_7.upk  files=2
[203/3080] v_a_classicmuscle_Hood_1.upk  files=2
[204/3080] v_a_classicmuscle_Hood_2.upk  files=2
[205/3080] v_a_classicmuscle_Hood_3.upk  files=2
[206/3080] v_a_classicmuscle_Hood_4.upk  files=2
[207/3080] v_a_classicmuscle_Hood_5.upk  files=2
[208/3080] v_a_classicmuscle_Hood_6.upk  files=2
[209/3080] v_a_classicmuscle_PoliceLightsMain_8.upk  files=2
[210/3080] v_a_classicmuscle_PoliceLightsMain_9.upk  files=2
[211/3080] v_a_classicmuscle_RollCage_1.upk  files=2
[212/3080] v_a_classicmuscle_RoofExterior_1.upk  files=2
[213/3080] v_a_classicmuscle_RoofExterior_2.upk  files=2
[214/3080] v_a_classicmuscle_RoofExterior_3.upk  files=2
[215/3080] v_a_classicmuscle_RoofExterior_4.upk  files=2
[216/3080] v_a_classicmuscle_RoofGlass_1.upk  files=2
[217/3080] v_a_classicmuscle_RoofGlass_2.upk  files=2
[218/3080] v_a_classicmuscle_RoofGlass_3.upk  files=2
[219/3080] v_a_classicmuscle_RoofInterior_1.upk  files=2
[220/3080] v_a_classicmuscle_RoofInterior_2.upk  files=2
[221/3080] v_a_classicmuscle_RoofInterior_3.upk  files=2
[222/3080] v_a_classicmuscle_RoofInterior_4.upk  files=2
[223/3080] v_a_classicmuscle_Seats_1.upk  files=2
[224/3080] v_a_classicmuscle_Seats_2.upk  files=2
[225/3080] v_a_classicmuscle_Seats_3.upk  files=2
[226/3080] v_a_classicmuscle_Seats_4.upk  files=2
[227/3080] v_a_classicmuscle_SideSkirts_1.upk  files=2
[228/3080] v_a_classicmuscle_SideSkirts_2.upk  files=2
[229/3080] v_a_classicmuscle_SideSkirts_3.upk  files=2
[230/3080] v_a_classicmuscle_SideSkirts_4.upk  files=2
[231/3080] v_a_classicmuscle_SideSkirts_5.upk  files=2
[232/3080] v_a_classicmuscle_SideSkirts_6.upk  files=2
[233/3080] v_a_classicmuscle_Spoiler_1.upk  files=2
[234/3080] v_a_classicmuscle_Spoiler_2.upk  files=2
[235/3080] v_a_classicmuscle_Spoiler_3.upk  files=2
[236/3080] v_a_classicmuscle_Spoiler_4.upk  files=2
[237/3080] v_a_classicmuscle_Spoiler_5.upk  files=2
[238/3080] v_a_classicmuscle_Spoiler_6.upk  files=2
[239/3080] v_a_classicmuscle_Spoiler_7.upk  files=2
[240/3080] v_a_classicmuscle_SteeringWheel_1.upk  files=2
[241/3080] v_a_classicmuscle_SteeringWheel_2.upk  files=2
[242/3080] v_a_classicmuscle_SteeringWheel_3.upk  files=2
[243/3080] v_a_classicmuscle_SteeringWheel_4.upk  files=2
[244/3080] v_a_classicmuscle_TailLightsMain_1.upk  files=2
[245/3080] v_a_classicmuscle_TailLightsMain_2.upk  files=2
[246/3080] v_a_classicmuscle_TailLightsMain_3.upk  files=2
[247/3080] v_a_classicmuscle_TailLightsMain_4.upk  files=2
[248/3080] v_a_classicmuscle_TailLightsMain_5.upk  files=2
[249/3080] v_a_classicmuscle_TailLightsMain_6.upk  files=2
[250/3080] v_a_classicmuscle_Wheels_13.upk  files=4
[251/3080] v_a_classicmuscle_Wheels_14.upk  files=4
[252/3080] v_a_classicmuscle_Wheels_15.upk  files=4
[253/3080] v_a_classicmuscle_Wheels_16.upk  files=4
[254/3080] v_a_classicmuscle_Wheels_17.upk  files=4
[255/3080] v_a_classicmuscle_Wheels_18.upk  files=4
[256/3080] v_a_classicmuscle_Wheels_19.upk  files=4
[257/3080] v_a_classicmuscle_Wheels_20.upk  files=4
[258/3080] v_a_classicmuscle_Wheels_21.upk  files=4
[259/3080] v_a_classicmuscle_WindowWiperFront_1.upk  files=2
[260/3080] v_a_classicmuscle_WingMirrors_1.upk  files=2
[261/3080] v_a_classicmuscle_WingMirrors_2.upk  files=2
[262/3080] v_a_classicmuscle_WingMirrors_3.upk  files=2
[263/3080] v_a_classicmuscle_WingMirrors_4.upk  files=2
[264/3080] v_a_classicmuscle_WingMirrors_5.upk  files=2
[265/3080] v_a_classicmuscle_WingMirrors_6.upk  files=2
[266/3080] v_a_classicmuscle_WingMirrors_7.upk  files=2
[267/3080] v_a_classicmuscle_WingPanelsRear_1.upk  files=2
[268/3080] v_a_classicmuscle_WingPanelsRear_2.upk  files=2
[269/3080] v_a_classicmuscle_WingPanelsRear_3.upk  files=2
[270/3080] v_a_classicmuscle_WingPanels_1.upk  files=2
[271/3080] v_a_classicmuscle_WingPanels_2.upk  files=2
[272/3080] v_a_classicmuscle_WingPanels_3.upk  files=2
[273/3080] V_A_ElectricSaloon_BrakeCalipers_1.upk  files=2
[274/3080] V_A_ElectricSaloon_BumperFront_1.upk  files=2
[275/3080] V_A_ElectricSaloon_BumperRear_1.upk  files=2
[276/3080] V_A_ElectricSaloon_Door_1.upk  files=2
[277/3080] V_A_ElectricSaloon_HeadlightsGlass_1.upk  files=2
[278/3080] V_A_ElectricSaloon_HeadlightsMain_1.upk  files=2
[279/3080] V_A_ElectricSaloon_Hood_1.upk  files=2
[280/3080] V_A_ElectricSaloon_Interior_1.upk  files=4
[281/3080] V_A_ElectricSaloon_PoliceLightsGlass_1.upk  files=2
[282/3080] V_A_ElectricSaloon_PoliceLightsGlass_2.upk  files=2
[283/3080] V_A_ElectricSaloon_PolicelightsMain_1.upk  files=2
[284/3080] V_A_ElectricSaloon_PolicelightsMain_10.upk  files=2
[285/3080] V_A_ElectricSaloon_PolicelightsMain_2.upk  files=2
[286/3080] V_A_ElectricSaloon_PolicelightsMain_3.upk  files=2
[287/3080] V_A_ElectricSaloon_PolicelightsMain_4.upk  files=2
[288/3080] V_A_ElectricSaloon_PolicelightsMain_5.upk  files=2
[289/3080] V_A_ElectricSaloon_PolicelightsMain_6.upk  files=2
[290/3080] V_A_ElectricSaloon_PolicelightsMain_7.upk  files=2
[291/3080] V_A_ElectricSaloon_PolicelightsMain_8.upk  files=2
[292/3080] V_A_ElectricSaloon_PolicelightsMain_9.upk  files=2
[293/3080] V_A_ElectricSaloon_PolicelightsSecondary_1.upk  files=2
[294/3080] V_A_ElectricSaloon_PolicelightsSecondary_2.upk  files=2
[295/3080] V_A_ElectricSaloon_PolicelightsSecondary_3.upk  files=2
[296/3080] V_A_ElectricSaloon_PolicelightsSecondary_4.upk  files=2
[297/3080] V_A_ElectricSaloon_RoofGlass_1.upk  files=2
[298/3080] V_A_ElectricSaloon_RoofInterior_1.upk  files=2
[299/3080] V_A_ElectricSaloon_Roof_1.upk  files=2
[300/3080] V_A_ElectricSaloon_SeatsFront_1.upk  files=2
[301/3080] V_A_ElectricSaloon_SideSkirts_1.upk  files=2
[302/3080] V_A_ElectricSaloon_Spoiler_1.upk  files=2
[303/3080] V_A_ElectricSaloon_Taillights_1.upk  files=2
[304/3080] V_A_ElectricSaloon_Wheel_1.upk  files=4
[305/3080] V_A_ElectricSaloon_Wheel_2.upk  files=4
[306/3080] V_A_ElectricSaloon_Wheel_3.upk  files=4
[307/3080] V_A_ElectricSaloon_WindowWipers_1.upk  files=2
[308/3080] V_A_ElectricSaloon_WingMirrors_1.upk  files=2
[309/3080] V_A_ElectricSaloon_WingPanels_1.upk  files=2
[310/3080] V_A_EstateVan_Badge_1.upk  files=2
[311/3080] V_A_EstateVan_BumperFront_1.upk  files=2
[312/3080] V_A_EstateVan_BumperRear_1.upk  files=2
[313/3080] V_A_EstateVan_FrontBase_1.upk  files=2
[314/3080] V_A_EstateVan_Grill_1.upk  files=2
[315/3080] V_A_EstateVan_HeadLightsGlass_1.upk  files=2
[316/3080] V_A_EstateVan_HeadLightsMain_1.upk  files=2
[317/3080] V_A_EstateVan_Hood_1.upk  files=2
[318/3080] V_A_EstateVan_RoofRack_1.upk  files=2
[319/3080] V_A_EstateVan_Roof_1.upk  files=2
[320/3080] V_A_EstateVan_SeatsFront_1.upk  files=2
[321/3080] V_A_EstateVan_SideSkirts_1.upk  files=2
[322/3080] V_A_EstateVan_Spoiler_1.upk  files=2
[323/3080] V_A_EstateVan_SteeringWheel_1.upk  files=2
[324/3080] V_A_EstateVan_TailLightsMain_1.upk  files=2
[325/3080] V_A_EstateVan_Wheels_1.upk  files=5
[326/3080] V_A_EstateVan_WindowWipers_1.upk  files=2
[327/3080] V_A_EstateVan_WingMirrors_1.upk  files=2
[328/3080] v_a_estatevan_Ladders_1.upk  files=2
[329/3080] v_a_estatevan_PoliceLights2nd_1.upk  files=2
[330/3080] V_A_ExecSaloon_Aerial_1.upk  files=2
[331/3080] V_A_ExecSaloon_Badge_1.upk  files=2
[332/3080] V_A_ExecSaloon_BrakeCalipers_1.upk  files=2
[333/3080] V_A_ExecSaloon_BumperFront_1.upk  files=2
[334/3080] V_A_ExecSaloon_BumperFront_2.upk  files=2
[335/3080] V_A_ExecSaloon_BumperRear_1.upk  files=2
[336/3080] V_A_ExecSaloon_BumperRear_2.upk  files=2
[337/3080] V_A_ExecSaloon_Door_1.upk  files=0
[338/3080] V_A_ExecSaloon_HeadlightsGlass_1.upk  files=2
[339/3080] V_A_ExecSaloon_HeadlightsMain_1.upk  files=2
[340/3080] V_A_ExecSaloon_Hood_1.upk  files=2
[341/3080] V_A_ExecSaloon_PolicelightsMain_1.upk  files=2
[342/3080] V_A_ExecSaloon_PolicelightsMain_2.upk  files=2
[343/3080] V_A_ExecSaloon_PolicelightsMain_3.upk  files=2
[344/3080] V_A_ExecSaloon_PolicelightsMain_4.upk  files=2
[345/3080] V_A_ExecSaloon_PolicelightsMain_5.upk  files=2
[346/3080] V_A_ExecSaloon_PolicelightsMain_6.upk  files=2
[347/3080] V_A_ExecSaloon_PolicelightsMain_7.upk  files=2
[348/3080] V_A_ExecSaloon_PolicelightsSecondary_1.upk  files=2
[349/3080] V_A_ExecSaloon_PolicelightsSecondary_2.upk  files=2
[350/3080] V_A_ExecSaloon_PolicelightsSecondary_3.upk  files=2
[351/3080] V_A_ExecSaloon_PolicelightsSecondary_4.upk  files=2
[352/3080] V_A_ExecSaloon_Roof_1.upk  files=2
[353/3080] V_A_ExecSaloon_SeatsFront_1.upk  files=2
[354/3080] V_A_ExecSaloon_SideSkirts_1.upk  files=2
[355/3080] V_A_ExecSaloon_SideSkirts_2.upk  files=2
[356/3080] V_A_ExecSaloon_Spoiler_1.upk  files=2
[357/3080] V_A_ExecSaloon_Spoiler_2.upk  files=2
[358/3080] V_A_ExecSaloon_SteeringWheel_1.upk  files=2
[359/3080] V_A_ExecSaloon_TaillightsGlass_1.upk  files=0
[360/3080] V_A_ExecSaloon_TaillightsMain_1.upk  files=2
[361/3080] V_A_ExecSaloon_Wheel_1.upk  files=4
[362/3080] V_A_ExecSaloon_Wheel_2.upk  files=4
[363/3080] V_A_ExecSaloon_Wheel_3.upk  files=4
[364/3080] V_A_ExecSaloon_Wheel_4.upk  files=4
[365/3080] V_A_ExecSaloon_WindowWipers_1.upk  files=2
[366/3080] V_A_ExecSaloon_WingMirrors_1.upk  files=2
[367/3080] v_a_execsaloon_Badge_2.upk  files=2
[368/3080] v_a_execsaloon_Badge_3.upk  files=2
[369/3080] v_a_execsaloon_BumperFront_3.upk  files=2
[370/3080] v_a_execsaloon_BumperRear_3.upk  files=2
[371/3080] v_a_execsaloon_Hood_2.upk  files=2
[372/3080] v_a_execsaloon_Hood_3.upk  files=2
[373/3080] v_a_execsaloon_PoliceLightsGlass_1.upk  files=2
[374/3080] v_a_execsaloon_PoliceLightsGlass_2.upk  files=2
[375/3080] v_a_execsaloon_PolicelightsMain_10.upk  files=2
[376/3080] v_a_execsaloon_PolicelightsMain_11.upk  files=2
[377/3080] v_a_execsaloon_PolicelightsMain_8.upk  files=2
[378/3080] v_a_execsaloon_PolicelightsMain_9.upk  files=2
[379/3080] v_a_execsaloon_SideSkirts_3.upk  files=2
[380/3080] v_a_execsaloon_Spoiler_3.upk  files=2
[381/3080] v_a_execsaloon_Wheel_10.upk  files=4
[382/3080] v_a_execsaloon_Wheel_11.upk  files=4
[383/3080] v_a_execsaloon_Wheel_12.upk  files=4
[384/3080] v_a_execsaloon_Wheel_13.upk  files=4
[385/3080] v_a_execsaloon_Wheel_14.upk  files=4
[386/3080] v_a_execsaloon_Wheel_15.upk  files=4
[387/3080] v_a_execsaloon_Wheel_5.upk  files=4
[388/3080] v_a_execsaloon_Wheel_6.upk  files=4
[389/3080] v_a_execsaloon_Wheel_7.upk  files=4
[390/3080] v_a_execsaloon_Wheel_8.upk  files=4
[391/3080] v_a_execsaloon_Wheel_9.upk  files=4
[392/3080] V_A_Hatchback_Badge_1.upk  files=2
[393/3080] V_A_Hatchback_BrakeCaliper_1.upk  files=2
[394/3080] V_A_Hatchback_BumperFront_1.upk  files=2
[395/3080] V_A_Hatchback_BumperFront_2.upk  files=2
[396/3080] V_A_Hatchback_BumperRear_1.upk  files=2
[397/3080] V_A_Hatchback_Door_1.upk  files=0
[398/3080] V_A_Hatchback_FrontBase_1.upk  files=2
[399/3080] V_A_Hatchback_FrontBase_2.upk  files=2
[400/3080] V_A_Hatchback_Grill_1.upk  files=2
[401/3080] V_A_Hatchback_Grill_2.upk  files=2
[402/3080] V_A_Hatchback_HeadLightGlass_1.upk  files=2
[403/3080] V_A_Hatchback_HeadLightGlass_2.upk  files=2
[404/3080] V_A_Hatchback_HeadLightMain_1.upk  files=2
[405/3080] V_A_Hatchback_HeadLightMain_2.upk  files=2
[406/3080] V_A_Hatchback_Hood_1.upk  files=2
[407/3080] V_A_Hatchback_Hood_2.upk  files=2
[408/3080] V_A_Hatchback_PoliceLightsMain_1.upk  files=2
[409/3080] V_A_Hatchback_PoliceLightsMain_2.upk  files=2
[410/3080] V_A_Hatchback_PoliceLightsMain_3.upk  files=2
[411/3080] V_A_Hatchback_PoliceLightsMain_4.upk  files=2
[412/3080] V_A_Hatchback_PoliceLightsMain_5.upk  files=2
[413/3080] V_A_Hatchback_PoliceLightsMain_6.upk  files=2
[414/3080] V_A_Hatchback_PoliceLightsMain_7.upk  files=2
[415/3080] V_A_Hatchback_PoliceLightsSecondaryFront02_1.upk  files=2
[416/3080] V_A_Hatchback_PoliceLightsSecondaryFront02_2.upk  files=2
[417/3080] V_A_Hatchback_PoliceLightsSecondaryFront02_3.upk  files=2
[418/3080] V_A_Hatchback_PoliceLightsSecondaryFront02_4.upk  files=2
[419/3080] V_A_Hatchback_Roof_1.upk  files=2
[420/3080] V_A_Hatchback_SeatsFront_1.upk  files=2
[421/3080] V_A_Hatchback_SideSkirts_1.upk  files=2
[422/3080] V_A_Hatchback_Spoiler_1.upk  files=2
[423/3080] V_A_Hatchback_SteeringWheel_1.upk  files=2
[424/3080] V_A_Hatchback_TailLightsMain_1.upk  files=2
[425/3080] V_A_Hatchback_Wheels_1.upk  files=5
[426/3080] V_A_Hatchback_Wheels_10.upk  files=4
[427/3080] V_A_Hatchback_Wheels_11.upk  files=4
[428/3080] V_A_Hatchback_Wheels_12.upk  files=4
[429/3080] V_A_Hatchback_Wheels_13.upk  files=5
[430/3080] V_A_Hatchback_Wheels_14.upk  files=4
[431/3080] V_A_Hatchback_Wheels_15.upk  files=4
[432/3080] V_A_Hatchback_Wheels_16.upk  files=4
[433/3080] V_A_Hatchback_Wheels_17.upk  files=5
[434/3080] V_A_Hatchback_Wheels_18.upk  files=4
[435/3080] V_A_Hatchback_Wheels_2.upk  files=4
[436/3080] V_A_Hatchback_Wheels_3.upk  files=4
[437/3080] V_A_Hatchback_Wheels_4.upk  files=5
[438/3080] V_A_Hatchback_Wheels_5.upk  files=4
[439/3080] V_A_Hatchback_Wheels_6.upk  files=5
[440/3080] V_A_Hatchback_Wheels_7.upk  files=4
[441/3080] V_A_Hatchback_Wheels_8.upk  files=4
[442/3080] V_A_Hatchback_Wheels_9.upk  files=5
[443/3080] V_A_Hatchback_WindowWipers_1.upk  files=2
[444/3080] V_A_Hatchback_WingMirrors_1.upk  files=2
[445/3080] V_A_KingCab_Aerial_1.upk  files=2
[446/3080] V_A_KingCab_Badges_1.upk  files=2
[447/3080] V_A_KingCab_BullBarsFront_1.upk  files=2
[448/3080] V_A_KingCab_BullBarsFront_2.upk  files=2
[449/3080] V_A_KingCab_BumperFront_1.upk  files=2
[450/3080] V_A_KingCab_BumperFront_2.upk  files=2
[451/3080] V_A_KingCab_BumperFront_3.upk  files=2
[452/3080] V_A_KingCab_BumperRear_1.upk  files=2
[453/3080] V_A_KingCab_Doors_1.upk  files=0
[454/3080] V_A_KingCab_Grill_1.upk  files=2
[455/3080] V_A_KingCab_Grill_2.upk  files=2
[456/3080] V_A_KingCab_Grill_3.upk  files=2
[457/3080] V_A_KingCab_Grill_4.upk  files=2
[458/3080] V_A_KingCab_Grill_5.upk  files=2
[459/3080] V_A_KingCab_Grill_6.upk  files=2
[460/3080] V_A_KingCab_Grill_7.upk  files=2
[461/3080] V_A_KingCab_HeadLightsGlass_1.upk  files=2
[462/3080] V_A_KingCab_HeadLightsMain_1.upk  files=2
[463/3080] V_A_KingCab_HeadLightsMain_2.upk  files=2
[464/3080] V_A_KingCab_HeadLightsMain_3.upk  files=2
[465/3080] V_A_KingCab_Hood_1.upk  files=2
[466/3080] V_A_KingCab_PoliceLightsMain_1.upk  files=2
[467/3080] V_A_KingCab_PoliceLightsMain_2.upk  files=2
[468/3080] V_A_KingCab_PoliceLightsMain_3.upk  files=2
[469/3080] V_A_KingCab_PoliceLightsMain_4.upk  files=2
[470/3080] V_A_KingCab_PoliceLightsMain_5.upk  files=2
[471/3080] V_A_KingCab_PoliceLightsMain_6.upk  files=2
[472/3080] V_A_KingCab_PoliceLightsMain_7.upk  files=2
[473/3080] V_A_KingCab_PoliceLightsSecondary_1.upk  files=2
[474/3080] V_A_KingCab_PoliceLightsSecondary_2.upk  files=2
[475/3080] V_A_KingCab_PoliceLightsSecondary_3.upk  files=2
[476/3080] V_A_KingCab_PoliceLightsSecondary_4.upk  files=2
[477/3080] V_A_KingCab_RearProp_1.upk  files=2
[478/3080] V_A_KingCab_RearRails_1.upk  files=2
[479/3080] V_A_KingCab_RollCage_1.upk  files=2
[480/3080] V_A_KingCab_RollCage_2.upk  files=2
[481/3080] V_A_KingCab_SeatsFront_1.upk  files=2
[482/3080] V_A_KingCab_SideSkirts_1.upk  files=2
[483/3080] V_A_KingCab_SideSkirts_2.upk  files=2
[484/3080] V_A_KingCab_SideSkirts_3.upk  files=2
[485/3080] V_A_KingCab_SpotLights_1.upk  files=2
[486/3080] V_A_KingCab_SpotLights_2.upk  files=2
[487/3080] V_A_KingCab_SteeringWheel_1.upk  files=2
[488/3080] V_A_KingCab_TailLightsMain_1.upk  files=2
[489/3080] V_A_KingCab_Wheels_1.upk  files=4
[490/3080] V_A_KingCab_Wheels_10.upk  files=4
[491/3080] V_A_KingCab_Wheels_11.upk  files=4
[492/3080] V_A_KingCab_Wheels_12.upk  files=4
[493/3080] V_A_KingCab_Wheels_2.upk  files=4
[494/3080] V_A_KingCab_Wheels_3.upk  files=4
[495/3080] V_A_KingCab_Wheels_4.upk  files=4
[496/3080] V_A_KingCab_Wheels_5.upk  files=4
[497/3080] V_A_KingCab_Wheels_6.upk  files=4
[498/3080] V_A_KingCab_Wheels_7.upk  files=4
[499/3080] V_A_KingCab_Wheels_8.upk  files=4
[500/3080] V_A_KingCab_Wheels_9.upk  files=4
[501/3080] V_A_KingCab_WindowWipers_1.upk  files=2
[502/3080] V_A_KingCab_WingMirrors_1.upk  files=2
[503/3080] v_a_kingcab_BrakeCalipers_1.upk  files=2
[504/3080] v_a_kingcab_HeadLightsGlass_2.upk  files=2
[505/3080] v_a_kingcab_HeadLightsGlass_3.upk  files=2
[506/3080] v_a_kingcab_PoliceLightsMain_8.upk  files=2
[507/3080] v_a_kingcab_PoliceLightsMain_9.upk  files=2
[508/3080] v_a_kingcab_Roof_1.upk  files=2
[509/3080] v_a_kingcab_Trunk_1.upk  files=2
[510/3080] V_A_LowRider_Badge_1.upk  files=2
[511/3080] V_A_LowRider_Badge_2.upk  files=2
[512/3080] V_A_LowRider_BrakeCallipers_1.upk  files=2
[513/3080] V_A_LowRider_BumperFront_1.upk  files=2
[514/3080] V_A_LowRider_BumperFront_2.upk  files=2
[515/3080] V_A_LowRider_BumperRear_1.upk  files=2
[516/3080] V_A_LowRider_BumperRear_2.upk  files=2
[517/3080] V_A_LowRider_Dashboard_1.upk  files=2
[518/3080] V_A_LowRider_Doors_1.upk  files=2
[519/3080] V_A_LowRider_Exhausts_1.upk  files=2
[520/3080] V_A_LowRider_Grill_1.upk  files=2
[521/3080] V_A_LowRider_HeadLightsMain_1.upk  files=2
[522/3080] V_A_LowRider_Hood_1.upk  files=2
[523/3080] V_A_LowRider_Hood_2.upk  files=2
[524/3080] V_A_LowRider_InteriorProps_1.upk  files=2
[525/3080] V_A_LowRider_PoliceLights2nd_1.upk  files=2
[526/3080] V_A_LowRider_PoliceLights2nd_2.upk  files=2
[527/3080] V_A_LowRider_PoliceLights2nd_3.upk  files=2
[528/3080] V_A_LowRider_PoliceLights2nd_4.upk  files=2
[529/3080] V_A_LowRider_PoliceLightsMain_1.upk  files=2
[530/3080] V_A_LowRider_PoliceLightsMain_2.upk  files=2
[531/3080] V_A_LowRider_PoliceLightsMain_3.upk  files=2
[532/3080] V_A_LowRider_PoliceLightsMain_4.upk  files=2
[533/3080] V_A_LowRider_PoliceLightsMain_5.upk  files=2
[534/3080] V_A_LowRider_PoliceLightsMain_6.upk  files=2
[535/3080] V_A_LowRider_PoliceLightsMain_7.upk  files=2
[536/3080] V_A_LowRider_RoofExterior_1.upk  files=2
[537/3080] V_A_LowRider_RoofGlass_1.upk  files=2
[538/3080] V_A_LowRider_RoofInterior_1.upk  files=2
[539/3080] V_A_LowRider_SeatsFront_1.upk  files=2
[540/3080] V_A_LowRider_SideSkirts_1.upk  files=2
[541/3080] V_A_LowRider_SideSkirts_2.upk  files=2
[542/3080] V_A_LowRider_Spoiler_1.upk  files=2
[543/3080] V_A_LowRider_Spoiler_2.upk  files=2
[544/3080] V_A_LowRider_SteeringWheel_1.upk  files=2
[545/3080] V_A_LowRider_TaillightsMain_1.upk  files=2
[546/3080] V_A_LowRider_Wheel_1.upk  files=4
[547/3080] V_A_LowRider_Wheel_10.upk  files=4
[548/3080] V_A_LowRider_Wheel_11.upk  files=4
[549/3080] V_A_LowRider_Wheel_12.upk  files=4
[550/3080] V_A_LowRider_Wheel_2.upk  files=4
[551/3080] V_A_LowRider_Wheel_3.upk  files=4
[552/3080] V_A_LowRider_Wheel_4.upk  files=4
[553/3080] V_A_LowRider_Wheel_5.upk  files=4
[554/3080] V_A_LowRider_Wheel_6.upk  files=4
[555/3080] V_A_LowRider_Wheel_7.upk  files=4
[556/3080] V_A_LowRider_Wheel_8.upk  files=4
[557/3080] V_A_LowRider_Wheel_9.upk  files=4
[558/3080] V_A_LowRider_WindowWiperFront_1.upk  files=2
[559/3080] V_A_LowRider_WingMirrors_1.upk  files=2
[560/3080] v_a_lowrider_PoliceLightsMain_8.upk  files=2
[561/3080] v_a_lowrider_Wheel_13.upk  files=4
[562/3080] v_a_lowrider_Wheel_14.upk  files=4
[563/3080] v_a_lowrider_Wheel_15.upk  files=4
[564/3080] V_A_MinCarrying_Wheels_1.upk  files=4
[565/3080] V_A_PerformanceSaloon_BrakeCalipers_1.upk  files=2
[566/3080] V_A_PerformanceSaloon_BumperFront_1.upk  files=2
[567/3080] V_A_PerformanceSaloon_BumperFront_2.upk  files=2
[568/3080] V_A_PerformanceSaloon_BumperFront_3.upk  files=2
[569/3080] V_A_PerformanceSaloon_BumperFront_4.upk  files=2
[570/3080] V_A_PerformanceSaloon_BumperRear_1.upk  files=2
[571/3080] V_A_PerformanceSaloon_BumperRear_2.upk  files=2
[572/3080] V_A_PerformanceSaloon_BumperRear_3.upk  files=2
[573/3080] V_A_PerformanceSaloon_BumperRear_4.upk  files=2
[574/3080] V_A_PerformanceSaloon_Door_1.upk  files=2
[575/3080] V_A_PerformanceSaloon_Door_2.upk  files=2
[576/3080] V_A_PerformanceSaloon_Door_3.upk  files=2
[577/3080] V_A_PerformanceSaloon_Door_4.upk  files=2
[578/3080] V_A_PerformanceSaloon_HeadlightsGlass_1.upk  files=2
[579/3080] V_A_PerformanceSaloon_HeadlightsMain_1.upk  files=2
[580/3080] V_A_PerformanceSaloon_Hood_1.upk  files=2
[581/3080] V_A_PerformanceSaloon_Hood_2.upk  files=2
[582/3080] V_A_PerformanceSaloon_Hood_3.upk  files=2
[583/3080] V_A_PerformanceSaloon_Hood_4.upk  files=2
[584/3080] V_A_PerformanceSaloon_Interior_1.upk  files=2
[585/3080] V_A_PerformanceSaloon_PoliceLightsGlass_1.upk  files=2
[586/3080] V_A_PerformanceSaloon_PoliceLightsGlass_2.upk  files=2
[587/3080] V_A_PerformanceSaloon_PolicelightsMain_1.upk  files=2
[588/3080] V_A_PerformanceSaloon_PolicelightsMain_10.upk  files=2
[589/3080] V_A_PerformanceSaloon_PolicelightsMain_11.upk  files=2
[590/3080] V_A_PerformanceSaloon_PolicelightsMain_2.upk  files=2
[591/3080] V_A_PerformanceSaloon_PolicelightsMain_3.upk  files=2
[592/3080] V_A_PerformanceSaloon_PolicelightsMain_4.upk  files=2
[593/3080] V_A_PerformanceSaloon_PolicelightsMain_5.upk  files=2
[594/3080] V_A_PerformanceSaloon_PolicelightsMain_6.upk  files=2
[595/3080] V_A_PerformanceSaloon_PolicelightsMain_7.upk  files=2
[596/3080] V_A_PerformanceSaloon_PolicelightsMain_8.upk  files=2
[597/3080] V_A_PerformanceSaloon_PolicelightsMain_9.upk  files=2
[598/3080] V_A_PerformanceSaloon_PolicelightsSecondary_1.upk  files=2
[599/3080] V_A_PerformanceSaloon_PolicelightsSecondary_2.upk  files=2
[600/3080] V_A_PerformanceSaloon_PolicelightsSecondary_3.upk  files=2
[601/3080] V_A_PerformanceSaloon_PolicelightsSecondary_4.upk  files=2
[602/3080] V_A_PerformanceSaloon_RoofGlass_1.upk  files=2
[603/3080] V_A_PerformanceSaloon_RoofInterior_1.upk  files=2
[604/3080] V_A_PerformanceSaloon_Roof_1.upk  files=2
[605/3080] V_A_PerformanceSaloon_Roof_2.upk  files=2
[606/3080] V_A_PerformanceSaloon_Roof_3.upk  files=2
[607/3080] V_A_PerformanceSaloon_Roof_4.upk  files=2
[608/3080] V_A_PerformanceSaloon_SeatsFront_1.upk  files=2
[609/3080] V_A_PerformanceSaloon_SideSkirts_1.upk  files=2
[610/3080] V_A_PerformanceSaloon_SideSkirts_2.upk  files=2
[611/3080] V_A_PerformanceSaloon_SideSkirts_3.upk  files=2
[612/3080] V_A_PerformanceSaloon_SideSkirts_4.upk  files=2
[613/3080] V_A_PerformanceSaloon_Spoiler_1.upk  files=2
[614/3080] V_A_PerformanceSaloon_Spoiler_2.upk  files=2
[615/3080] V_A_PerformanceSaloon_Spoiler_3.upk  files=2
[616/3080] V_A_PerformanceSaloon_Spoiler_4.upk  files=2
[617/3080] V_A_PerformanceSaloon_Taillights_1.upk  files=2
[618/3080] V_A_PerformanceSaloon_Wheel_1.upk  files=4
[619/3080] V_A_PerformanceSaloon_Wheel_10.upk  files=4
[620/3080] V_A_PerformanceSaloon_Wheel_11.upk  files=4
[621/3080] V_A_PerformanceSaloon_Wheel_12.upk  files=4
[622/3080] V_A_PerformanceSaloon_Wheel_13.upk  files=4
[623/3080] V_A_PerformanceSaloon_Wheel_14.upk  files=4
[624/3080] V_A_PerformanceSaloon_Wheel_15.upk  files=4
[625/3080] V_A_PerformanceSaloon_Wheel_16.upk  files=4
[626/3080] V_A_PerformanceSaloon_Wheel_17.upk  files=4
[627/3080] V_A_PerformanceSaloon_Wheel_18.upk  files=4
[628/3080] V_A_PerformanceSaloon_Wheel_19.upk  files=4
[629/3080] V_A_PerformanceSaloon_Wheel_2.upk  files=4
[630/3080] V_A_PerformanceSaloon_Wheel_20.upk  files=4
[631/3080] V_A_PerformanceSaloon_Wheel_3.upk  files=4
[632/3080] V_A_PerformanceSaloon_Wheel_4.upk  files=4
[633/3080] V_A_PerformanceSaloon_Wheel_5.upk  files=4
[634/3080] V_A_PerformanceSaloon_Wheel_6.upk  files=4
[635/3080] V_A_PerformanceSaloon_Wheel_7.upk  files=4
[636/3080] V_A_PerformanceSaloon_Wheel_8.upk  files=4
[637/3080] V_A_PerformanceSaloon_Wheel_9.upk  files=4
[638/3080] V_A_PerformanceSaloon_WindowWipers_1.upk  files=2
[639/3080] V_A_PerformanceSaloon_WingMirrors_1.upk  files=2
[640/3080] V_A_PerformanceSaloon_WingPanels_1.upk  files=2
[641/3080] V_A_PerformanceSaloon_WingPanels_2.upk  files=2
[642/3080] V_A_PerformanceSaloon_WingPanels_3.upk  files=2
[643/3080] V_A_PerformanceSaloon_WingPanels_4.upk  files=2
[644/3080] V_A_Pickup_Aerial_1.upk  files=2
[645/3080] V_A_Pickup_Badge_1.upk  files=2
[646/3080] V_A_Pickup_BullBarsFront_1.upk  files=2
[647/3080] V_A_Pickup_BullBarsFront_2.upk  files=2
[648/3080] V_A_Pickup_BullBarsRear_1.upk  files=2
[649/3080] V_A_Pickup_BumperFront_1.upk  files=2
[650/3080] V_A_Pickup_BumperFront_2.upk  files=2
[651/3080] V_A_Pickup_BumperRear_1.upk  files=2
[652/3080] V_A_Pickup_Doors_1.upk  files=0
[653/3080] V_A_Pickup_Grill_1.upk  files=2
[654/3080] V_A_Pickup_Grill_2.upk  files=2
[655/3080] V_A_Pickup_Grill_3.upk  files=2
[656/3080] V_A_Pickup_Grill_4.upk  files=2
[657/3080] V_A_Pickup_HeadLightsGlass_1.upk  files=2
[658/3080] V_A_Pickup_HeadLightsMain_1.upk  files=2
[659/3080] V_A_Pickup_HeadLightsMain_2.upk  files=2
[660/3080] V_A_Pickup_Hood_1.upk  files=2
[661/3080] V_A_Pickup_PoliceLightsMain_1.upk  files=2
[662/3080] V_A_Pickup_PoliceLightsMain_2.upk  files=2
[663/3080] V_A_Pickup_PoliceLightsMain_3.upk  files=2
[664/3080] V_A_Pickup_PoliceLightsMain_4.upk  files=2
[665/3080] V_A_Pickup_PoliceLightsMain_5.upk  files=2
[666/3080] V_A_Pickup_PoliceLightsMain_6.upk  files=2
[667/3080] V_A_Pickup_PoliceLightsMain_7.upk  files=2
[668/3080] V_A_Pickup_PoliceLightsSecondary_1.upk  files=2
[669/3080] V_A_Pickup_PoliceLightsSecondary_2.upk  files=2
[670/3080] V_A_Pickup_PoliceLightsSecondary_3.upk  files=2
[671/3080] V_A_Pickup_PoliceLightsSecondary_4.upk  files=2
[672/3080] V_A_Pickup_RearProp_1.upk  files=2
[673/3080] V_A_Pickup_RearRails_1.upk  files=2
[674/3080] V_A_Pickup_RollCage_1.upk  files=2
[675/3080] V_A_Pickup_RollCage_2.upk  files=2
[676/3080] V_A_Pickup_SeatsFront_1.upk  files=2
[677/3080] V_A_Pickup_SideSkirts_1.upk  files=2
[678/3080] V_A_Pickup_SideSkirts_2.upk  files=2
[679/3080] V_A_Pickup_SideSkirts_3.upk  files=2
[680/3080] V_A_Pickup_SpotLamps_1.upk  files=2
[681/3080] V_A_Pickup_SpotLamps_2.upk  files=2
[682/3080] V_A_Pickup_SteeringWheel_1.upk  files=2
[683/3080] V_A_Pickup_TailLightsMain_1.upk  files=2
[684/3080] V_A_Pickup_Wheels_1.upk  files=4
[685/3080] V_A_Pickup_Wheels_10.upk  files=4
[686/3080] V_A_Pickup_Wheels_11.upk  files=4
[687/3080] V_A_Pickup_Wheels_12.upk  files=4
[688/3080] V_A_Pickup_Wheels_2.upk  files=4
[689/3080] V_A_Pickup_Wheels_3.upk  files=4
[690/3080] V_A_Pickup_Wheels_4.upk  files=4
[691/3080] V_A_Pickup_Wheels_5.upk  files=4
[692/3080] V_A_Pickup_Wheels_6.upk  files=4
[693/3080] V_A_Pickup_Wheels_7.upk  files=4
[694/3080] V_A_Pickup_Wheels_8.upk  files=4
[695/3080] V_A_Pickup_Wheels_9.upk  files=4
[696/3080] V_A_Pickup_WindowWipers_1.upk  files=2
[697/3080] V_A_Pickup_WingMirrors_1.upk  files=2
[698/3080] v_a_pickup_BrakeCalipers_1.upk  files=2
[699/3080] v_a_pickup_HeadLightsGlass_2.upk  files=2
[700/3080] v_a_pickup_PoliceLightsMain_8.upk  files=2
[701/3080] v_a_pickup_PoliceLightsMain_9.upk  files=2
[702/3080] v_a_pickup_Roof_1.upk  files=2
[703/3080] v_a_pickup_Trunk_1.upk  files=2
[704/3080] V_A_Roadster_BrakeCalipers_1.upk  files=2
[705/3080] V_A_Roadster_Dashboard_1.upk  files=2
[706/3080] V_A_Roadster_Doors_1.upk  files=0
[707/3080] V_A_Roadster_Exhaust_1.upk  files=2
[708/3080] V_A_Roadster_Exhaust_2.upk  files=2
[709/3080] V_A_Roadster_FrontBumper_1.upk  files=2
[710/3080] V_A_Roadster_FrontBumper_2.upk  files=2
[711/3080] V_A_Roadster_FrontWindowWipers_1.upk  files=2
[712/3080] V_A_Roadster_HeadlightGlass_1.upk  files=2
[713/3080] V_A_Roadster_HeadlightMain_1.upk  files=2
[714/3080] V_A_Roadster_Hood_1.upk  files=2
[715/3080] V_A_Roadster_Hood_2.upk  files=2
[716/3080] V_A_Roadster_PoliceLightsSecondary_1.upk  files=2
[717/3080] V_A_Roadster_PoliceLightsSecondary_2.upk  files=2
[718/3080] V_A_Roadster_PoliceLightsSecondary_3.upk  files=2
[719/3080] V_A_Roadster_PoliceLightsSecondary_4.upk  files=2
[720/3080] V_A_Roadster_PolicelightsMain_1.upk  files=2
[721/3080] V_A_Roadster_PolicelightsMain_2.upk  files=2
[722/3080] V_A_Roadster_PolicelightsMain_3.upk  files=2
[723/3080] V_A_Roadster_PolicelightsMain_4.upk  files=2
[724/3080] V_A_Roadster_PolicelightsMain_5.upk  files=2
[725/3080] V_A_Roadster_PolicelightsMain_6.upk  files=2
[726/3080] V_A_Roadster_PolicelightsMain_7.upk  files=2
[727/3080] V_A_Roadster_RearBumper_1.upk  files=2
[728/3080] V_A_Roadster_RearBumper_2.upk  files=2
[729/3080] V_A_Roadster_Roof_1.upk  files=2
[730/3080] V_A_Roadster_SeatsFront_1.upk  files=2
[731/3080] V_A_Roadster_SideSkirts_1.upk  files=2
[732/3080] V_A_Roadster_SideSkirts_2.upk  files=2
[733/3080] V_A_Roadster_Spoiler_1.upk  files=2
[734/3080] V_A_Roadster_Spoiler_2.upk  files=2
[735/3080] V_A_Roadster_SteeringWheel_1.upk  files=2
[736/3080] V_A_Roadster_TaillightGlass_1.upk  files=2
[737/3080] V_A_Roadster_TaillightMain_1.upk  files=2
[738/3080] V_A_Roadster_Wheel_1.upk  files=4
[739/3080] V_A_Roadster_Wheel_10.upk  files=4
[740/3080] V_A_Roadster_Wheel_11.upk  files=4
[741/3080] V_A_Roadster_Wheel_12.upk  files=4
[742/3080] V_A_Roadster_Wheel_2.upk  files=4
[743/3080] V_A_Roadster_Wheel_3.upk  files=5
[744/3080] V_A_Roadster_Wheel_4.upk  files=4
[745/3080] V_A_Roadster_Wheel_5.upk  files=4
[746/3080] V_A_Roadster_Wheel_6.upk  files=4
[747/3080] V_A_Roadster_Wheel_7.upk  files=4
[748/3080] V_A_Roadster_Wheel_8.upk  files=4
[749/3080] V_A_Roadster_Wheel_9.upk  files=4
[750/3080] V_A_Roadster_WingMirrors_1.upk  files=2
[751/3080] V_A_Roadster_WingPanels_1.upk  files=2
[752/3080] v_a_roadster_FrontBumper_3.upk  files=2
[753/3080] v_a_roadster_FrontBumper_4.upk  files=2
[754/3080] v_a_roadster_HeadlightGlass_2.upk  files=2
[755/3080] v_a_roadster_HeadlightGlass_3.upk  files=2
[756/3080] v_a_roadster_HeadlightGlass_4.upk  files=2
[757/3080] v_a_roadster_HeadlightMain_2.upk  files=2
[758/3080] v_a_roadster_HeadlightMain_3.upk  files=2
[759/3080] v_a_roadster_HeadlightMain_4.upk  files=2
[760/3080] v_a_roadster_Hood_3.upk  files=2
[761/3080] v_a_roadster_Hood_4.upk  files=2
[762/3080] v_a_roadster_PoliceLightsGlass_1.upk  files=2
[763/3080] v_a_roadster_PoliceLightsGlass_2.upk  files=2
[764/3080] v_a_roadster_PolicelightsMain_10.upk  files=2
[765/3080] v_a_roadster_PolicelightsMain_11.upk  files=2
[766/3080] v_a_roadster_PolicelightsMain_8.upk  files=2
[767/3080] v_a_roadster_PolicelightsMain_9.upk  files=2
[768/3080] v_a_roadster_RearBumper_3.upk  files=2
[769/3080] v_a_roadster_RearBumper_4.upk  files=2
[770/3080] v_a_roadster_Rollcage_1.upk  files=2
[771/3080] v_a_roadster_RoofGlass_1.upk  files=2
[772/3080] v_a_roadster_RoofGlass_2.upk  files=2
[773/3080] v_a_roadster_RoofGlass_3.upk  files=2
[774/3080] v_a_roadster_RoofGlass_4.upk  files=2
[775/3080] v_a_roadster_Roof_2.upk  files=2
[776/3080] v_a_roadster_Roof_3.upk  files=2
[777/3080] v_a_roadster_Roof_4.upk  files=2
[778/3080] v_a_roadster_SideSkirts_3.upk  files=2
[779/3080] v_a_roadster_SideSkirts_4.upk  files=2
[780/3080] v_a_roadster_Spoiler_3.upk  files=2
[781/3080] v_a_roadster_Spoiler_4.upk  files=2
[782/3080] v_a_roadster_TaillightMain_2.upk  files=2
[783/3080] v_a_roadster_TaillightMain_3.upk  files=2
[784/3080] v_a_roadster_TaillightMain_4.upk  files=2
[785/3080] v_a_roadster_Wheel_13.upk  files=4
[786/3080] v_a_roadster_Wheel_14.upk  files=4
[787/3080] v_a_roadster_Wheel_15.upk  files=4
[788/3080] v_a_roadster_Wheel_16.upk  files=4
[789/3080] v_a_roadster_Wheel_17.upk  files=4
[790/3080] v_a_roadster_Wheel_18.upk  files=4
[791/3080] v_a_roadster_Wheel_19.upk  files=4
[792/3080] v_a_roadster_Wheel_20.upk  files=4
[793/3080] v_a_roadster_Wheel_21.upk  files=4
[794/3080] v_a_roadster_Wheel_22.upk  files=4
[795/3080] v_a_roadster_Wheel_23.upk  files=4
[796/3080] v_a_roadster_Wheel_24.upk  files=4
[797/3080] v_a_roadster_Wheel_25.upk  files=4
[798/3080] v_a_roadster_WingMirrors_2.upk  files=2
[799/3080] v_a_roadster_WingMirrors_3.upk  files=2
[800/3080] v_a_roadster_WingMirrors_4.upk  files=2
[801/3080] v_a_roadster_WingPanels_2.upk  files=2
[802/3080] v_a_roadster_WingPanels_3.upk  files=2
[803/3080] v_a_roadster_WingPanels_4.upk  files=2
[804/3080] V_A_SUV_Aerial_1.upk  files=2
[805/3080] V_A_SUV_Badge_1.upk  files=2
[806/3080] V_A_SUV_BullBarsFront_1.upk  files=2
[807/3080] V_A_SUV_BullBarsFront_2.upk  files=2
[808/3080] V_A_SUV_BumperFront_1.upk  files=2
[809/3080] V_A_SUV_BumperRear_1.upk  files=2
[810/3080] V_A_SUV_Doors_1.upk  files=0
[811/3080] V_A_SUV_Grill_1.upk  files=2
[812/3080] V_A_SUV_HeadLightsGlass_1.upk  files=2
[813/3080] V_A_SUV_HeadLightsMain_1.upk  files=2
[814/3080] V_A_SUV_Hood_1.upk  files=2
[815/3080] V_A_SUV_PoliceLightsMain_1.upk  files=2
[816/3080] V_A_SUV_PoliceLightsMain_2.upk  files=2
[817/3080] V_A_SUV_PoliceLightsMain_3.upk  files=2
[818/3080] V_A_SUV_PoliceLightsMain_4.upk  files=2
[819/3080] V_A_SUV_PoliceLightsMain_5.upk  files=2
[820/3080] V_A_SUV_PoliceLightsMain_6.upk  files=2
[821/3080] V_A_SUV_PoliceLightsMain_7.upk  files=2
[822/3080] V_A_SUV_PoliceLightsSecondary_1.upk  files=2
[823/3080] V_A_SUV_PoliceLightsSecondary_2.upk  files=2
[824/3080] V_A_SUV_PoliceLightsSecondary_3.upk  files=2
[825/3080] V_A_SUV_PoliceLightsSecondary_4.upk  files=2
[826/3080] V_A_SUV_RoofRack_1.upk  files=2
[827/3080] V_A_SUV_SeatsFront_1.upk  files=2
[828/3080] V_A_SUV_SideSkirts_1.upk  files=2
[829/3080] V_A_SUV_SideSkirts_2.upk  files=2
[830/3080] V_A_SUV_SideSkirts_3.upk  files=2
[831/3080] V_A_SUV_SpareWheel_1.upk  files=2
[832/3080] V_A_SUV_SpareWheel_2.upk  files=2
[833/3080] V_A_SUV_SpareWheel_3.upk  files=2
[834/3080] V_A_SUV_SpareWheel_4.upk  files=2
[835/3080] V_A_SUV_SteeringWheel_1.upk  files=2
[836/3080] V_A_SUV_TailLightsGlass_1.upk  files=0
[837/3080] V_A_SUV_TailLightsMain_1.upk  files=2
[838/3080] V_A_SUV_Trunk_1.upk  files=2
[839/3080] V_A_SUV_Wheels_1.upk  files=4
[840/3080] V_A_SUV_Wheels_10.upk  files=4
[841/3080] V_A_SUV_Wheels_11.upk  files=4
[842/3080] V_A_SUV_Wheels_12.upk  files=4
[843/3080] V_A_SUV_Wheels_2.upk  files=4
[844/3080] V_A_SUV_Wheels_3.upk  files=4
[845/3080] V_A_SUV_Wheels_4.upk  files=4
[846/3080] V_A_SUV_Wheels_5.upk  files=4
[847/3080] V_A_SUV_Wheels_6.upk  files=4
[848/3080] V_A_SUV_Wheels_7.upk  files=4
[849/3080] V_A_SUV_Wheels_8.upk  files=4
[850/3080] V_A_SUV_Wheels_9.upk  files=4
[851/3080] V_A_SUV_WindowWipers_1.upk  files=2
[852/3080] V_A_SUV_WingMirrors_1.upk  files=2
[853/3080] v_a_suv_BrakeCalipers_1.upk  files=2
[854/3080] v_a_suv_BullBarsFront_3.upk  files=2
[855/3080] v_a_suv_PoliceLightsMain_8.upk  files=2
[856/3080] v_a_suv_Roof_1.upk  files=2
[857/3080] V_A_Saloon_Badge_1.upk  files=2
[858/3080] V_A_Saloon_BrakeCaliper_1.upk  files=2
[859/3080] V_A_Saloon_BumperFront_1.upk  files=2
[860/3080] V_A_Saloon_BumperRear_1.upk  files=2
[861/3080] V_A_Saloon_Door_1.upk  files=2
[862/3080] V_A_Saloon_FrontBase_1.upk  files=2
[863/3080] V_A_Saloon_Grill_1.upk  files=2
[864/3080] V_A_Saloon_HeadLightGlass_1.upk  files=2
[865/3080] V_A_Saloon_HeadLightMain_1.upk  files=2
[866/3080] V_A_Saloon_Hood_1.upk  files=2
[867/3080] V_A_Saloon_PoliceLightsMain_1.upk  files=2
[868/3080] V_A_Saloon_PoliceLightsMain_2.upk  files=2
[869/3080] V_A_Saloon_PoliceLightsMain_3.upk  files=2
[870/3080] V_A_Saloon_PoliceLightsMain_4.upk  files=2
[871/3080] V_A_Saloon_PoliceLightsMain_5.upk  files=2
[872/3080] V_A_Saloon_PoliceLightsMain_6.upk  files=2
[873/3080] V_A_Saloon_PoliceLightsMain_7.upk  files=2
[874/3080] V_A_Saloon_PoliceLightsSecondaryFront01_1.upk  files=2
[875/3080] V_A_Saloon_PoliceLightsSecondaryFront01_2.upk  files=2
[876/3080] V_A_Saloon_PoliceLightsSecondaryFront01_3.upk  files=2
[877/3080] V_A_Saloon_PoliceLightsSecondaryFront01_4.upk  files=2
[878/3080] V_A_Saloon_Roof_1.upk  files=2
[879/3080] V_A_Saloon_SeatsFront_1.upk  files=2
[880/3080] V_A_Saloon_SideSkirts_1.upk  files=2
[881/3080] V_A_Saloon_Spoiler_1.upk  files=2
[882/3080] V_A_Saloon_SteeringWheel_1.upk  files=2
[883/3080] V_A_Saloon_TailLightsMain_1.upk  files=2
[884/3080] V_A_Saloon_Wheels_1.upk  files=5
[885/3080] V_A_Saloon_Wheels_10.upk  files=4
[886/3080] V_A_Saloon_Wheels_11.upk  files=4
[887/3080] V_A_Saloon_Wheels_12.upk  files=4
[888/3080] V_A_Saloon_Wheels_13.upk  files=5
[889/3080] V_A_Saloon_Wheels_14.upk  files=4
[890/3080] V_A_Saloon_Wheels_15.upk  files=4
[891/3080] V_A_Saloon_Wheels_16.upk  files=4
[892/3080] V_A_Saloon_Wheels_17.upk  files=5
[893/3080] V_A_Saloon_Wheels_18.upk  files=4
[894/3080] V_A_Saloon_Wheels_2.upk  files=4
[895/3080] V_A_Saloon_Wheels_3.upk  files=4
[896/3080] V_A_Saloon_Wheels_4.upk  files=5
[897/3080] V_A_Saloon_Wheels_5.upk  files=4
[898/3080] V_A_Saloon_Wheels_6.upk  files=5
[899/3080] V_A_Saloon_Wheels_7.upk  files=4
[900/3080] V_A_Saloon_Wheels_8.upk  files=4
[901/3080] V_A_Saloon_Wheels_9.upk  files=5
[902/3080] V_A_Saloon_WindowWipers_1.upk  files=2
[903/3080] V_A_Saloon_WingMirrors_1.upk  files=2
[904/3080] v_a_saloon_Aerial_1.upk  files=2
[905/3080] v_a_saloon_Aerial_2.upk  files=2
[906/3080] v_a_saloon_AudioAmp_1.upk  files=0
[907/3080] v_a_saloon_AudioAmp_2.upk  files=0
[908/3080] v_a_saloon_AudioAmp_3.upk  files=0
[909/3080] v_a_saloon_AudioAmp_4.upk  files=0
[910/3080] v_a_saloon_AudioAmp_5.upk  files=0
[911/3080] v_a_saloon_AudioDumpValve_1.upk  files=0
[912/3080] v_a_saloon_AudioDumpValve_2.upk  files=0
[913/3080] v_a_saloon_AudioDumpValve_3.upk  files=0
[914/3080] v_a_saloon_AudioDumpValve_4.upk  files=0
[915/3080] v_a_saloon_AudioDumpValve_5.upk  files=0
[916/3080] v_a_saloon_AudioExhaust_1.upk  files=0
[917/3080] v_a_saloon_AudioExhaust_2.upk  files=0
[918/3080] v_a_saloon_AudioExhaust_3.upk  files=0
[919/3080] v_a_saloon_AudioSpeaker_1.upk  files=0
[920/3080] v_a_saloon_AudioSpeaker_2.upk  files=0
[921/3080] v_a_saloon_AudioSpeaker_3.upk  files=0
[922/3080] v_a_saloon_AudioSpeaker_4.upk  files=0
[923/3080] v_a_saloon_AudioSpeaker_5.upk  files=0
[924/3080] v_a_saloon_AudioTransmission_1.upk  files=0
[925/3080] v_a_saloon_AudioTransmission_2.upk  files=0
[926/3080] v_a_saloon_AudioTransmission_3.upk  files=0
[927/3080] v_a_saloon_AudioTransmission_4.upk  files=0
[928/3080] v_a_saloon_AudioTransmission_5.upk  files=0
[929/3080] v_a_saloon_AudioTurbo_1.upk  files=0
[930/3080] v_a_saloon_AudioTurbo_2.upk  files=0
[931/3080] v_a_saloon_AudioTurbo_3.upk  files=0
[932/3080] v_a_saloon_AudioTurbo_4.upk  files=0
[933/3080] v_a_saloon_AudioTurbo_5.upk  files=0
[934/3080] v_a_saloon_BullBars_1.upk  files=2
[935/3080] v_a_saloon_BumperFront_2.upk  files=2
[936/3080] v_a_saloon_BumperFront_3.upk  files=2
[937/3080] v_a_saloon_BumperFront_4.upk  files=2
[938/3080] v_a_saloon_BumperRear_2.upk  files=2
[939/3080] v_a_saloon_BumperRear_3.upk  files=2
[940/3080] v_a_saloon_Dashboard_1.upk  files=2
[941/3080] v_a_saloon_Dashboard_2.upk  files=2
[942/3080] v_a_saloon_DoorGlass_1.upk  files=2
[943/3080] v_a_saloon_DoorGlass_2.upk  files=2
[944/3080] v_a_saloon_Door_2.upk  files=2
[945/3080] v_a_saloon_Door_3.upk  files=2
[946/3080] v_a_saloon_DoorsInterior_1.upk  files=2
[947/3080] v_a_saloon_DoorsInterior_2.upk  files=2
[948/3080] v_a_saloon_FrontBase_2.upk  files=2
[949/3080] v_a_saloon_FrontBase_3.upk  files=2
[950/3080] v_a_saloon_FrontBase_4.upk  files=2
[951/3080] v_a_saloon_Grill_2.upk  files=2
[952/3080] v_a_saloon_HeadLightGlass_2.upk  files=2
[953/3080] v_a_saloon_HeadLightMain_2.upk  files=2
[954/3080] v_a_saloon_HeadLightMain_3.upk  files=2
[955/3080] v_a_saloon_HeadLightMain_4.upk  files=2
[956/3080] v_a_saloon_Hood_2.upk  files=2
[957/3080] v_a_saloon_Hood_3.upk  files=2
[958/3080] v_a_saloon_RoofGlass_1.upk  files=2
[959/3080] v_a_saloon_RoofGlass_2.upk  files=2
[960/3080] v_a_saloon_RoofInterior_1.upk  files=2
[961/3080] v_a_saloon_RoofInterior_2.upk  files=2
[962/3080] v_a_saloon_RoofLight_1.upk  files=2
[963/3080] v_a_saloon_Roof_2.upk  files=2
[964/3080] v_a_saloon_Roof_3.upk  files=2
[965/3080] v_a_saloon_Roof_4.upk  files=2
[966/3080] v_a_saloon_SeatsFront_2.upk  files=2
[967/3080] v_a_saloon_SideSkirts_2.upk  files=2
[968/3080] v_a_saloon_SideSkirts_3.upk  files=2
[969/3080] v_a_saloon_Spoiler_2.upk  files=2
[970/3080] v_a_saloon_Spoiler_3.upk  files=2
[971/3080] v_a_saloon_SteeringWheel_2.upk  files=2
[972/3080] v_a_saloon_TailLightsMain_2.upk  files=2
[973/3080] v_a_saloon_TaillightGlass_1.upk  files=2
[974/3080] v_a_saloon_Wheels_19.upk  files=4
[975/3080] v_a_saloon_Wheels_20.upk  files=4
[976/3080] v_a_saloon_Wheels_21.upk  files=4
[977/3080] v_a_saloon_Wheels_22.upk  files=4
[978/3080] v_a_saloon_WingMirrors_2.upk  files=2
[979/3080] v_a_saloon_WingPanelsRear_1.upk  files=2
[980/3080] v_a_saloon_WingPanelsRear_2.upk  files=2
[981/3080] v_a_saloon_WingPanelsRear_3.upk  files=2
[982/3080] V_A_SportsSUV_Badge_1.upk  files=2
[983/3080] V_A_SportsSUV_BrakeCalipers_1.upk  files=2
[984/3080] V_A_SportsSUV_BumperFront_1.upk  files=2
[985/3080] V_A_SportsSUV_BumperFront_2.upk  files=2
[986/3080] V_A_SportsSUV_BumperRear_1.upk  files=2
[987/3080] V_A_SportsSUV_BumperRear_2.upk  files=2
[988/3080] V_A_SportsSUV_Doors_1.upk  files=0
[989/3080] V_A_SportsSUV_Grill_1.upk  files=2
[990/3080] V_A_SportsSUV_HeadLightsGlass_1.upk  files=2
[991/3080] V_A_SportsSUV_HeadLightsMain_1.upk  files=2
[992/3080] V_A_SportsSUV_Hood_1.upk  files=2
[993/3080] V_A_SportsSUV_Hood_2.upk  files=2
[994/3080] V_A_SportsSUV_PoliceLightsMain_1.upk  files=2
[995/3080] V_A_SportsSUV_PoliceLightsMain_2.upk  files=2
[996/3080] V_A_SportsSUV_PoliceLightsMain_3.upk  files=2
[997/3080] V_A_SportsSUV_PoliceLightsMain_4.upk  files=2
[998/3080] V_A_SportsSUV_PoliceLightsMain_5.upk  files=2
[999/3080] V_A_SportsSUV_PoliceLightsMain_6.upk  files=2
[1000/3080] V_A_SportsSUV_PoliceLightsMain_7.upk  files=2
[1001/3080] V_A_SportsSUV_PoliceLightsSecondary_1.upk  files=2
[1002/3080] V_A_SportsSUV_PoliceLightsSecondary_2.upk  files=2
[1003/3080] V_A_SportsSUV_PoliceLightsSecondary_3.upk  files=2
[1004/3080] V_A_SportsSUV_PoliceLightsSecondary_4.upk  files=2
[1005/3080] V_A_SportsSUV_SeatsFront_1.upk  files=2
[1006/3080] V_A_SportsSUV_SideSkirts_1.upk  files=2
[1007/3080] V_A_SportsSUV_SideSkirts_2.upk  files=2
[1008/3080] V_A_SportsSUV_Spoiler_1.upk  files=2
[1009/3080] V_A_SportsSUV_Spoiler_2.upk  files=2
[1010/3080] V_A_SportsSUV_SteeringWheel_1.upk  files=2
[1011/3080] V_A_SportsSUV_TailLightsMain_1.upk  files=2
[1012/3080] V_A_SportsSUV_TailLightsMain_2.upk  files=2
[1013/3080] V_A_SportsSUV_Wheels_1.upk  files=4
[1014/3080] V_A_SportsSUV_Wheels_10.upk  files=4
[1015/3080] V_A_SportsSUV_Wheels_11.upk  files=4
[1016/3080] V_A_SportsSUV_Wheels_12.upk  files=4
[1017/3080] V_A_SportsSUV_Wheels_2.upk  files=4
[1018/3080] V_A_SportsSUV_Wheels_3.upk  files=4
[1019/3080] V_A_SportsSUV_Wheels_4.upk  files=4
[1020/3080] V_A_SportsSUV_Wheels_5.upk  files=4
[1021/3080] V_A_SportsSUV_Wheels_6.upk  files=4
[1022/3080] V_A_SportsSUV_Wheels_7.upk  files=4
[1023/3080] V_A_SportsSUV_Wheels_8.upk  files=4
[1024/3080] V_A_SportsSUV_Wheels_9.upk  files=4
[1025/3080] V_A_SportsSUV_WindowWipers_1.upk  files=2
[1026/3080] V_A_SportsSUV_WingMirrors_1.upk  files=2
[1027/3080] v_a_sportssuv_Badge_2.upk  files=0
[1028/3080] v_a_sportssuv_Badge_3.upk  files=0
[1029/3080] v_a_sportssuv_BumperFront_3.upk  files=2
[1030/3080] v_a_sportssuv_BumperRear_3.upk  files=2
[1031/3080] v_a_sportssuv_Hood_3.upk  files=2
[1032/3080] v_a_sportssuv_PoliceLightsGlass_1.upk  files=2
[1033/3080] v_a_sportssuv_PoliceLightsGlass_2.upk  files=2
[1034/3080] v_a_sportssuv_PoliceLightsMain_10.upk  files=2
[1035/3080] v_a_sportssuv_PoliceLightsMain_11.upk  files=2
[1036/3080] v_a_sportssuv_PoliceLightsMain_8.upk  files=2
[1037/3080] v_a_sportssuv_PoliceLightsMain_9.upk  files=2
[1038/3080] v_a_sportssuv_Roof_1.upk  files=2
[1039/3080] v_a_sportssuv_SideSkirts_3.upk  files=2
[1040/3080] v_a_sportssuv_Spoiler_3.upk  files=2
[1041/3080] v_a_sportssuv_TaillightsGlass_1.upk  files=2
[1042/3080] v_a_sportssuv_Wheels_13.upk  files=4
[1043/3080] v_a_sportssuv_Wheels_14.upk  files=4
[1044/3080] v_a_sportssuv_Wheels_15.upk  files=4
[1045/3080] V_A_Taxi_Aerial_1.upk  files=2
[1046/3080] V_A_Taxi_Aerial_2.upk  files=2
[1047/3080] V_A_Taxi_Aerial_3.upk  files=2
[1048/3080] V_A_Taxi_Aerial_4.upk  files=2
[1049/3080] V_A_Taxi_Aerial_5.upk  files=2
[1050/3080] V_A_Taxi_Aerial_6.upk  files=2
[1051/3080] V_A_Taxi_Badge_1.upk  files=2
[1052/3080] V_A_Taxi_BullBars_1.upk  files=2
[1053/3080] V_A_Taxi_BullBars_2.upk  files=2
[1054/3080] V_A_Taxi_BumperFront_1.upk  files=2
[1055/3080] V_A_Taxi_BumperRear_1.upk  files=2
[1056/3080] V_A_Taxi_Doors_1.upk  files=0
[1057/3080] V_A_Taxi_HeadlightGlass_1.upk  files=2
[1058/3080] V_A_Taxi_HeadlightMain_1.upk  files=2
[1059/3080] V_A_Taxi_Hood_1.upk  files=2
[1060/3080] V_A_Taxi_PoliceLightMain_1.upk  files=2
[1061/3080] V_A_Taxi_PoliceLightMain_2.upk  files=2
[1062/3080] V_A_Taxi_PoliceLightMain_3.upk  files=2
[1063/3080] V_A_Taxi_PoliceLightMain_4.upk  files=2
[1064/3080] V_A_Taxi_PoliceLightMain_5.upk  files=2
[1065/3080] V_A_Taxi_PoliceLightMain_6.upk  files=2
[1066/3080] V_A_Taxi_PoliceLightMain_7.upk  files=2
[1067/3080] V_A_Taxi_PoliceLightSecondary_1.upk  files=2
[1068/3080] V_A_Taxi_PoliceLightSecondary_2.upk  files=2
[1069/3080] V_A_Taxi_PoliceLightSecondary_3.upk  files=2
[1070/3080] V_A_Taxi_PoliceLightSecondary_4.upk  files=2
[1071/3080] V_A_Taxi_RoofLight_1.upk  files=2
[1072/3080] V_A_Taxi_Roof_1.upk  files=2
[1073/3080] V_A_Taxi_SeatsFront_1.upk  files=2
[1074/3080] V_A_Taxi_SideSkirts_1.upk  files=2
[1075/3080] V_A_Taxi_Spoiler_1.upk  files=2
[1076/3080] V_A_Taxi_Spoiler_2.upk  files=2
[1077/3080] V_A_Taxi_Spoiler_3.upk  files=2
[1078/3080] V_A_Taxi_SteeringWheel_1.upk  files=2
[1079/3080] V_A_Taxi_TaillightMain_1.upk  files=2
[1080/3080] V_A_Taxi_Wheel_1.upk  files=6
[1081/3080] V_A_Taxi_Wheel_10.upk  files=4
[1082/3080] V_A_Taxi_Wheel_11.upk  files=4
[1083/3080] V_A_Taxi_Wheel_12.upk  files=4
[1084/3080] V_A_Taxi_Wheel_2.upk  files=4
[1085/3080] V_A_Taxi_Wheel_3.upk  files=4
[1086/3080] V_A_Taxi_Wheel_4.upk  files=4
[1087/3080] V_A_Taxi_Wheel_5.upk  files=4
[1088/3080] V_A_Taxi_Wheel_6.upk  files=4
[1089/3080] V_A_Taxi_Wheel_7.upk  files=4
[1090/3080] V_A_Taxi_Wheel_8.upk  files=4
[1091/3080] V_A_Taxi_Wheel_9.upk  files=4
[1092/3080] V_A_Taxi_WindowWipers_1.upk  files=2
[1093/3080] V_A_Taxi_WingMirrors_1.upk  files=2
[1094/3080] v_a_taxi_PoliceLightGlass_1.upk  files=2
[1095/3080] v_a_taxi_PoliceLightGlass_2.upk  files=2
[1096/3080] v_a_taxi_PoliceLightMain_10.upk  files=2
[1097/3080] v_a_taxi_PoliceLightMain_8.upk  files=2
[1098/3080] v_a_taxi_PoliceLightMain_9.upk  files=2
[1099/3080] v_a_taxi_RoofLight_2.upk  files=2
[1100/3080] V_A_TruckCurtain_Badge_1.upk  files=2
[1101/3080] V_A_TruckCurtain_BumperFront_1.upk  files=2
[1102/3080] V_A_TruckCurtain_Hood_1.upk  files=2
[1103/3080] V_A_TruckCurtain_RearBase_1.upk  files=2
[1104/3080] V_A_TruckCurtain_RearProp_1.upk  files=2
[1105/3080] V_A_TruckCurtain_Seats_1.upk  files=2
[1106/3080] V_A_TruckCurtain_SteeringWheel_1.upk  files=2
[1107/3080] V_A_TruckCurtain_Wheels_1.upk  files=7
[1108/3080] V_A_TruckCurtain_WindowWipers_1.upk  files=2
[1109/3080] V_A_TruckCurtain_WingMirrors_1.upk  files=2
[1110/3080] v_a_truckcurtain_RearBase_2.upk  files=2
[1111/3080] v_a_truckcurtain_RearBase_3.upk  files=2
[1112/3080] v_a_truckcurtain_RearProp_2.upk  files=2
[1113/3080] v_a_truckcurtain_RearProp_3.upk  files=2
[1114/3080] v_a_truckcurtain_RearProp_4.upk  files=2
[1115/3080] v_a_truckcurtain_TaillightsMain_1.upk  files=2
[1116/3080] v_a_truckcurtain_TaillightsMain_2.upk  files=2
[1117/3080] v_a_truckcurtain_TaillightsMain_3.upk  files=2
[1118/3080] v_a_truckcurtain_Visor_1.upk  files=2
[1119/3080] V_A_Utility1Estate_Badge_1.upk  files=2
[1120/3080] V_A_Utility1Estate_BrakeCaliper_1.upk  files=2
[1121/3080] V_A_Utility1Estate_BumperFront_1.upk  files=2
[1122/3080] V_A_Utility1Estate_BumperFront_2.upk  files=2
[1123/3080] V_A_Utility1Estate_BumperFront_3.upk  files=2
[1124/3080] V_A_Utility1Estate_BumperRear_1.upk  files=2
[1125/3080] V_A_Utility1Estate_Door_1.upk  files=0
[1126/3080] V_A_Utility1Estate_FrontBase_1.upk  files=2
[1127/3080] V_A_Utility1Estate_FrontBase_2.upk  files=2
[1128/3080] V_A_Utility1Estate_FrontBase_3.upk  files=2
[1129/3080] V_A_Utility1Estate_Grill_1.upk  files=2
[1130/3080] V_A_Utility1Estate_Grill_2.upk  files=2
[1131/3080] V_A_Utility1Estate_Grill_3.upk  files=2
[1132/3080] V_A_Utility1Estate_HeadLightGlass_1.upk  files=2
[1133/3080] V_A_Utility1Estate_HeadLightGlass_2.upk  files=2
[1134/3080] V_A_Utility1Estate_HeadLightGlass_3.upk  files=2
[1135/3080] V_A_Utility1Estate_HeadLightMain_1.upk  files=2
[1136/3080] V_A_Utility1Estate_HeadLightMain_2.upk  files=2
[1137/3080] V_A_Utility1Estate_HeadLightMain_3.upk  files=2
[1138/3080] V_A_Utility1Estate_Hood_1.upk  files=2
[1139/3080] V_A_Utility1Estate_Hood_2.upk  files=2
[1140/3080] V_A_Utility1Estate_Hood_3.upk  files=2
[1141/3080] V_A_Utility1Estate_PoliceLightsMain_1.upk  files=2
[1142/3080] V_A_Utility1Estate_PoliceLightsMain_2.upk  files=2
[1143/3080] V_A_Utility1Estate_PoliceLightsMain_3.upk  files=2
[1144/3080] V_A_Utility1Estate_PoliceLightsMain_4.upk  files=2
[1145/3080] V_A_Utility1Estate_PoliceLightsMain_5.upk  files=2
[1146/3080] V_A_Utility1Estate_PoliceLightsMain_6.upk  files=2
[1147/3080] V_A_Utility1Estate_PoliceLightsMain_7.upk  files=2
[1148/3080] V_A_Utility1Estate_PoliceLightsSecondaryFront03_1.upk  files=2
[1149/3080] V_A_Utility1Estate_PoliceLightsSecondaryFront03_2.upk  files=2
[1150/3080] V_A_Utility1Estate_PoliceLightsSecondaryFront03_3.upk  files=2
[1151/3080] V_A_Utility1Estate_PoliceLightsSecondaryFront03_4.upk  files=2
[1152/3080] V_A_Utility1Estate_RoofRack_1.upk  files=2
[1153/3080] V_A_Utility1Estate_Roof_1.upk  files=2
[1154/3080] V_A_Utility1Estate_SeatsFront_1.upk  files=2
[1155/3080] V_A_Utility1Estate_SideSkirts_1.upk  files=2
[1156/3080] V_A_Utility1Estate_Spoiler_1.upk  files=2
[1157/3080] V_A_Utility1Estate_SteeringWheel_1.upk  files=2
[1158/3080] V_A_Utility1Estate_TailLightMain_1.upk  files=2
[1159/3080] V_A_Utility1Estate_Wheel_1.upk  files=5
[1160/3080] V_A_Utility1Estate_Wheel_10.upk  files=4
[1161/3080] V_A_Utility1Estate_Wheel_11.upk  files=4
[1162/3080] V_A_Utility1Estate_Wheel_12.upk  files=4
[1163/3080] V_A_Utility1Estate_Wheel_13.upk  files=5
[1164/3080] V_A_Utility1Estate_Wheel_14.upk  files=4
[1165/3080] V_A_Utility1Estate_Wheel_15.upk  files=4
[1166/3080] V_A_Utility1Estate_Wheel_16.upk  files=4
[1167/3080] V_A_Utility1Estate_Wheel_17.upk  files=5
[1168/3080] V_A_Utility1Estate_Wheel_18.upk  files=4
[1169/3080] V_A_Utility1Estate_Wheel_2.upk  files=4
[1170/3080] V_A_Utility1Estate_Wheel_3.upk  files=4
[1171/3080] V_A_Utility1Estate_Wheel_4.upk  files=5
[1172/3080] V_A_Utility1Estate_Wheel_5.upk  files=4
[1173/3080] V_A_Utility1Estate_Wheel_6.upk  files=5
[1174/3080] V_A_Utility1Estate_Wheel_7.upk  files=4
[1175/3080] V_A_Utility1Estate_Wheel_8.upk  files=4
[1176/3080] V_A_Utility1Estate_Wheel_9.upk  files=5
[1177/3080] V_A_Utility1Estate_WindowWipers_1.upk  files=2
[1178/3080] V_A_Utility1Estate_WingMirrors_1.upk  files=2
[1179/3080] V_A_VanAmbulance_Badge_1.upk  files=2
[1180/3080] V_A_VanAmbulance_CabLights_1.upk  files=2
[1181/3080] V_A_VanAmbulance_FrontBumper_1.upk  files=2
[1182/3080] V_A_VanAmbulance_FrontSeats_1.upk  files=2
[1183/3080] V_A_VanAmbulance_HeadlightsGlass_1.upk  files=2
[1184/3080] V_A_VanAmbulance_HeadlightsMain_1.upk  files=2
[1185/3080] V_A_VanAmbulance_Hood_1.upk  files=2
[1186/3080] V_A_VanAmbulance_RearBumper_1.upk  files=2
[1187/3080] V_A_VanAmbulance_SideSkirts_1.upk  files=2
[1188/3080] V_A_VanAmbulance_SteeringWheel_1.upk  files=2
[1189/3080] V_A_VanAmbulance_TailLightsMain_1.upk  files=2
[1190/3080] V_A_VanAmbulance_Wheel_1.upk  files=4
[1191/3080] V_A_VanAmbulance_WindowWipersFront_1.upk  files=2
[1192/3080] V_A_VanAmbulance_WingMirrors_1.upk  files=2
[1193/3080] V_A_VanArmoured_Badge_1.upk  files=2
[1194/3080] V_A_VanArmoured_BullBars_1.upk  files=2
[1195/3080] V_A_VanArmoured_BumperFront_1.upk  files=2
[1196/3080] V_A_VanArmoured_BumperRear_1.upk  files=2
[1197/3080] V_A_VanArmoured_HeadlightsMain_1.upk  files=2
[1198/3080] V_A_VanArmoured_Hood_1.upk  files=2
[1199/3080] V_A_VanArmoured_SeatsFront_1.upk  files=2
[1200/3080] V_A_VanArmoured_SideSkirts_1.upk  files=2
[1201/3080] V_A_VanArmoured_SteeringWheel_1.upk  files=2
[1202/3080] V_A_VanArmoured_TaillightsMain_1.upk  files=2
[1203/3080] V_A_VanArmoured_Wheel_1.upk  files=9
[1204/3080] V_A_VanArmoured_WindowWipersFront_1.upk  files=2
[1205/3080] V_A_VanArmoured_WingMirrors_1.upk  files=2
[1206/3080] V_A_VanStandard_Badge_1.upk  files=2
[1207/3080] V_A_VanStandard_BullBars_1.upk  files=2
[1208/3080] V_A_VanStandard_BullBars_2.upk  files=2
[1209/3080] V_A_VanStandard_BumperFront_1.upk  files=2
[1210/3080] V_A_VanStandard_BumperFront_2.upk  files=2
[1211/3080] V_A_VanStandard_BumperRear_1.upk  files=2
[1212/3080] V_A_VanStandard_Doors_1.upk  files=0
[1213/3080] V_A_VanStandard_Grill_1.upk  files=2
[1214/3080] V_A_VanStandard_HeadlightsGlass_1.upk  files=2
[1215/3080] V_A_VanStandard_HeadlightsMain_1.upk  files=2
[1216/3080] V_A_VanStandard_Hood_1.upk  files=2
[1217/3080] V_A_VanStandard_PoliceLightsMain_1.upk  files=2
[1218/3080] V_A_VanStandard_PoliceLightsMain_2.upk  files=2
[1219/3080] V_A_VanStandard_PoliceLightsMain_3.upk  files=2
[1220/3080] V_A_VanStandard_PoliceLightsMain_4.upk  files=2
[1221/3080] V_A_VanStandard_PoliceLightsMain_5.upk  files=2
[1222/3080] V_A_VanStandard_PoliceLightsMain_6.upk  files=2
[1223/3080] V_A_VanStandard_PoliceLightsMain_7.upk  files=2
[1224/3080] V_A_VanStandard_SeatsFront_1.upk  files=2
[1225/3080] V_A_VanStandard_SideSkirts_1.upk  files=2
[1226/3080] V_A_VanStandard_SideSkirts_2.upk  files=2
[1227/3080] V_A_VanStandard_SideSkirts_3.upk  files=2
[1228/3080] V_A_VanStandard_Spoiler_1.upk  files=2
[1229/3080] V_A_VanStandard_SpotLights_1.upk  files=2
[1230/3080] V_A_VanStandard_SpotLights_2.upk  files=2
[1231/3080] V_A_VanStandard_SteeringWheel_1.upk  files=2
[1232/3080] V_A_VanStandard_TaillightsGlass_1.upk  files=0
[1233/3080] V_A_VanStandard_TaillightsMain_1.upk  files=2
[1234/3080] V_A_VanStandard_Visor_1.upk  files=2
[1235/3080] V_A_VanStandard_Wheel_1.upk  files=5
[1236/3080] V_A_VanStandard_Wheel_10.upk  files=5
[1237/3080] V_A_VanStandard_Wheel_11.upk  files=5
[1238/3080] V_A_VanStandard_Wheel_12.upk  files=5
[1239/3080] V_A_VanStandard_Wheel_2.upk  files=5
[1240/3080] V_A_VanStandard_Wheel_3.upk  files=5
[1241/3080] V_A_VanStandard_Wheel_4.upk  files=5
[1242/3080] V_A_VanStandard_Wheel_5.upk  files=5
[1243/3080] V_A_VanStandard_Wheel_6.upk  files=5
[1244/3080] V_A_VanStandard_Wheel_7.upk  files=5
[1245/3080] V_A_VanStandard_Wheel_8.upk  files=5
[1246/3080] V_A_VanStandard_Wheel_9.upk  files=5
[1247/3080] V_A_VanStandard_WingMirrors_1.upk  files=2
[1248/3080] v_a_vanstandard_BrakeCalipers_1.upk  files=2
[1249/3080] v_a_vanstandard_PoliceLightsMain_8.upk  files=2
[1250/3080] v_a_vanstandard_PoliceLightsMain_9.upk  files=2
[1251/3080] v_a_vanstandard_PoliceLightsSecond_1.upk  files=2
[1252/3080] v_a_vanstandard_PoliceLightsSecond_2.upk  files=2
[1253/3080] v_a_vanstandard_PoliceLightsSecond_3.upk  files=2
[1254/3080] v_a_vanstandard_PoliceLightsSecond_4.upk  files=2
[1255/3080] v_a_vanstandard_Roof_1.upk  files=2
[1256/3080] v_a_vanstandard_WindowWipers_1.upk  files=2
[1257/3080] V_C_Carrying_AudioAmp_1.upk  files=0
[1258/3080] V_C_Carrying_AudioAmp_2.upk  files=0
[1259/3080] V_C_Carrying_AudioAmp_3.upk  files=0
[1260/3080] V_C_Carrying_AudioAmp_4.upk  files=0
[1261/3080] V_C_Carrying_AudioAmp_5.upk  files=0
[1262/3080] V_C_Carrying_AudioSpeaker_1.upk  files=0
[1263/3080] V_C_Carrying_AudioSpeaker_2.upk  files=0
[1264/3080] V_C_Carrying_AudioSpeaker_3.upk  files=0
[1265/3080] V_C_Carrying_AudioSpeaker_4.upk  files=0
[1266/3080] V_C_Carrying_AudioSpeaker_5.upk  files=0
[1267/3080] V_C_Carrying_Badge_1.upk  files=2
[1268/3080] V_C_Carrying_Badge_2.upk  files=2
[1269/3080] V_C_Carrying_BrakeCallipers_1.upk  files=2
[1270/3080] V_C_Carrying_BumperFront_1.upk  files=2
[1271/3080] V_C_Carrying_BumperFront_2.upk  files=2
[1272/3080] V_C_Carrying_BumperFront_3.upk  files=2
[1273/3080] V_C_Carrying_BumperRear_1.upk  files=2
[1274/3080] V_C_Carrying_BumperRear_2.upk  files=2
[1275/3080] V_C_Carrying_BumperRear_3.upk  files=2
[1276/3080] V_C_Carrying_Dashboard_1.upk  files=2
[1277/3080] V_C_Carrying_EngineComponent_1.upk  files=2
[1278/3080] V_C_Carrying_Exhaust_1.upk  files=2
[1279/3080] V_C_Carrying_Exhaust_2.upk  files=2
[1280/3080] V_C_Carrying_Exhaust_3.upk  files=2
[1281/3080] V_C_Carrying_FrontWindowVisor_1.upk  files=2
[1282/3080] V_C_Carrying_Grill_1.upk  files=2
[1283/3080] V_C_Carrying_Grill_2.upk  files=2
[1284/3080] V_C_Carrying_Grill_3.upk  files=2
[1285/3080] V_C_Carrying_HeadlightsGlass_1.upk  files=2
[1286/3080] V_C_Carrying_HeadlightsGlass_2.upk  files=2
[1287/3080] V_C_Carrying_HeadlightsGlass_3.upk  files=2
[1288/3080] V_C_Carrying_HeadlightsMain_1.upk  files=2
[1289/3080] V_C_Carrying_HeadlightsMain_2.upk  files=2
[1290/3080] V_C_Carrying_HeadlightsMain_3.upk  files=2
[1291/3080] V_C_Carrying_Hood_1.upk  files=2
[1292/3080] V_C_Carrying_Hood_2.upk  files=2
[1293/3080] V_C_Carrying_Hood_3.upk  files=2
[1294/3080] V_C_Carrying_InteriorProps_1.upk  files=2
[1295/3080] V_C_Carrying_RearWindowGlass_1.upk  files=2
[1296/3080] V_C_Carrying_RearWindow_1.upk  files=2
[1297/3080] V_C_Carrying_Roof_1.upk  files=2
[1298/3080] V_C_Carrying_Roof_2.upk  files=2
[1299/3080] V_C_Carrying_Roof_3.upk  files=2
[1300/3080] V_C_Carrying_SeatsFront_1.upk  files=2
[1301/3080] V_C_Carrying_SeatsFront_2.upk  files=2
[1302/3080] V_C_Carrying_SeatsFront_3.upk  files=2
[1303/3080] V_C_Carrying_SideSkirts_1.upk  files=2
[1304/3080] V_C_Carrying_SideSkirts_2.upk  files=2
[1305/3080] V_C_Carrying_SideSkirts_3.upk  files=2
[1306/3080] V_C_Carrying_Spoiler_1.upk  files=2
[1307/3080] V_C_Carrying_Spoiler_2.upk  files=2
[1308/3080] V_C_Carrying_Spoiler_3.upk  files=2
[1309/3080] V_C_Carrying_SteeringWheel_1.upk  files=2
[1310/3080] V_C_Carrying_SteeringWheel_2.upk  files=2
[1311/3080] V_C_Carrying_SteeringWheel_3.upk  files=2
[1312/3080] V_C_Carrying_TaillightsGlass_1.upk  files=2
[1313/3080] V_C_Carrying_TaillightsMain_1.upk  files=2
[1314/3080] V_C_Carrying_TaillightsMain_2.upk  files=2
[1315/3080] V_C_Carrying_TaillightsMain_3.upk  files=2
[1316/3080] V_C_Carrying_Wheels_1.upk  files=4
[1317/3080] V_C_Carrying_Wheels_10.upk  files=4
[1318/3080] V_C_Carrying_Wheels_11.upk  files=4
[1319/3080] V_C_Carrying_Wheels_12.upk  files=4
[1320/3080] V_C_Carrying_Wheels_2.upk  files=4
[1321/3080] V_C_Carrying_Wheels_3.upk  files=4
[1322/3080] V_C_Carrying_Wheels_4.upk  files=4
[1323/3080] V_C_Carrying_Wheels_5.upk  files=4
[1324/3080] V_C_Carrying_Wheels_6.upk  files=4
[1325/3080] V_C_Carrying_Wheels_7.upk  files=4
[1326/3080] V_C_Carrying_Wheels_8.upk  files=4
[1327/3080] V_C_Carrying_Wheels_9.upk  files=4
[1328/3080] V_C_Carrying_WindowWipersFront_1.upk  files=2
[1329/3080] V_C_Carrying_WindowWipersRear_1.upk  files=2
[1330/3080] V_C_Carrying_WingMirrors_1.upk  files=2
[1331/3080] V_C_Carrying_WingMirrors_2.upk  files=2
[1332/3080] V_C_Carrying_WingMirrors_3.upk  files=2
[1333/3080] V_C_Carrying_WingPanels_1.upk  files=2
[1334/3080] v_c_carrying_AudioDumpValve_1.upk  files=0
[1335/3080] v_c_carrying_AudioDumpValve_2.upk  files=0
[1336/3080] v_c_carrying_AudioDumpValve_3.upk  files=0
[1337/3080] v_c_carrying_AudioDumpValve_4.upk  files=0
[1338/3080] v_c_carrying_AudioDumpValve_5.upk  files=0
[1339/3080] v_c_carrying_AudioExhaust_1.upk  files=0
[1340/3080] v_c_carrying_AudioExhaust_2.upk  files=0
[1341/3080] v_c_carrying_AudioExhaust_3.upk  files=0
[1342/3080] v_c_carrying_AudioExhaust_4.upk  files=0
[1343/3080] v_c_carrying_AudioTransmission_1.upk  files=0
[1344/3080] v_c_carrying_AudioTransmission_2.upk  files=0
[1345/3080] v_c_carrying_AudioTransmission_3.upk  files=0
[1346/3080] v_c_carrying_AudioTurbo_1.upk  files=0
[1347/3080] v_c_carrying_AudioTurbo_2.upk  files=0
[1348/3080] v_c_carrying_AudioTurbo_3.upk  files=0
[1349/3080] v_c_carrying_Badge_3.upk  files=2
[1350/3080] v_c_carrying_BullBars_1.upk  files=2
[1351/3080] v_c_carrying_BullBars_2.upk  files=2
[1352/3080] v_c_carrying_BullBars_3.upk  files=2
[1353/3080] v_c_carrying_BumperFront_4.upk  files=2
[1354/3080] v_c_carrying_BumperFront_5.upk  files=2
[1355/3080] v_c_carrying_BumperFront_6.upk  files=2
[1356/3080] v_c_carrying_BumperRear_4.upk  files=2
[1357/3080] v_c_carrying_BumperRear_5.upk  files=2
[1358/3080] v_c_carrying_BumperRear_6.upk  files=2
[1359/3080] v_c_carrying_DashBoard_2.upk  files=2
[1360/3080] v_c_carrying_DoorsInterior_1.upk  files=2
[1361/3080] v_c_carrying_Doors_1.upk  files=2
[1362/3080] v_c_carrying_Doors_2.upk  files=2
[1363/3080] v_c_carrying_Doors_3.upk  files=2
[1364/3080] v_c_carrying_Exhaust_4.upk  files=2
[1365/3080] v_c_carrying_Exhaust_5.upk  files=2
[1366/3080] v_c_carrying_Exhaust_6.upk  files=2
[1367/3080] v_c_carrying_FrontWindowVisor_2.upk  files=2
[1368/3080] v_c_carrying_FrontWindowVisor_3.upk  files=2
[1369/3080] v_c_carrying_FrontWindowVisor_4.upk  files=2
[1370/3080] v_c_carrying_FrontWindowVisor_5.upk  files=2
[1371/3080] v_c_carrying_Grill_4.upk  files=2
[1372/3080] v_c_carrying_Grill_5.upk  files=2
[1373/3080] v_c_carrying_Grill_6.upk  files=2
[1374/3080] v_c_carrying_HeadlightsGlass_4.upk  files=2
[1375/3080] v_c_carrying_HeadlightsGlass_5.upk  files=2
[1376/3080] v_c_carrying_HeadlightsGlass_6.upk  files=2
[1377/3080] v_c_carrying_HeadlightsMain_4.upk  files=2
[1378/3080] v_c_carrying_HeadlightsMain_5.upk  files=2
[1379/3080] v_c_carrying_HeadlightsMain_6.upk  files=2
[1380/3080] v_c_carrying_Hood_4.upk  files=2
[1381/3080] v_c_carrying_Hood_5.upk  files=2
[1382/3080] v_c_carrying_Hood_6.upk  files=2
[1383/3080] v_c_carrying_PoliceLightsGlass_1.upk  files=2
[1384/3080] v_c_carrying_PoliceLightsGlass_2.upk  files=2
[1385/3080] v_c_carrying_PoliceLightsGlass_3.upk  files=2
[1386/3080] v_c_carrying_PoliceLightsMain_1.upk  files=2
[1387/3080] v_c_carrying_PoliceLightsMain_10.upk  files=2
[1388/3080] v_c_carrying_PoliceLightsMain_2.upk  files=2
[1389/3080] v_c_carrying_PoliceLightsMain_3.upk  files=2
[1390/3080] v_c_carrying_PoliceLightsMain_4.upk  files=2
[1391/3080] v_c_carrying_PoliceLightsMain_5.upk  files=2
[1392/3080] v_c_carrying_PoliceLightsMain_6.upk  files=2
[1393/3080] v_c_carrying_PoliceLightsMain_7.upk  files=2
[1394/3080] v_c_carrying_PoliceLightsMain_8.upk  files=2
[1395/3080] v_c_carrying_PoliceLightsMain_9.upk  files=2
[1396/3080] v_c_carrying_PoliceLightsSecondary_1.upk  files=2
[1397/3080] v_c_carrying_PoliceLightsSecondary_2.upk  files=2
[1398/3080] v_c_carrying_PoliceLightsSecondary_3.upk  files=2
[1399/3080] v_c_carrying_PoliceLightsSecondary_4.upk  files=2
[1400/3080] v_c_carrying_RearWindowGlass_2.upk  files=2
[1401/3080] v_c_carrying_RearWindowGlass_3.upk  files=2
[1402/3080] v_c_carrying_RearWindowGlass_4.upk  files=2
[1403/3080] v_c_carrying_RearWindowGlass_5.upk  files=2
[1404/3080] v_c_carrying_RearWindow_2.upk  files=2
[1405/3080] v_c_carrying_RearWindow_3.upk  files=2
[1406/3080] v_c_carrying_RearWindow_4.upk  files=2
[1407/3080] v_c_carrying_RearWindow_5.upk  files=2
[1408/3080] v_c_carrying_RollCage_1.upk  files=2
[1409/3080] v_c_carrying_Roof_4.upk  files=2
[1410/3080] v_c_carrying_Roof_5.upk  files=2
[1411/3080] v_c_carrying_Roof_6.upk  files=2
[1412/3080] v_c_carrying_Roof_7.upk  files=2
[1413/3080] v_c_carrying_SeatsFront_4.upk  files=2
[1414/3080] v_c_carrying_SideSkirts_4.upk  files=2
[1415/3080] v_c_carrying_SideSkirts_5.upk  files=2
[1416/3080] v_c_carrying_SideSkirts_6.upk  files=2
[1417/3080] v_c_carrying_Spoiler_4.upk  files=2
[1418/3080] v_c_carrying_Spoiler_5.upk  files=2
[1419/3080] v_c_carrying_Spoiler_6.upk  files=2
[1420/3080] v_c_carrying_SteeringWheel_4.upk  files=2
[1421/3080] v_c_carrying_TaillightsGlass_2.upk  files=2
[1422/3080] v_c_carrying_TaillightsMain_4.upk  files=2
[1423/3080] v_c_carrying_TaillightsMain_5.upk  files=2
[1424/3080] v_c_carrying_TaillightsMain_6.upk  files=2
[1425/3080] v_c_carrying_TrunkGlass_1.upk  files=2
[1426/3080] v_c_carrying_TrunkInterior_1.upk  files=2
[1427/3080] v_c_carrying_Trunk_1.upk  files=2
[1428/3080] v_c_carrying_Trunk_2.upk  files=2
[1429/3080] v_c_carrying_Trunk_3.upk  files=2
[1430/3080] v_c_carrying_VisorGlass_1.upk  files=2
[1431/3080] v_c_carrying_Wheels_13.upk  files=4
[1432/3080] v_c_carrying_Wheels_14.upk  files=4
[1433/3080] v_c_carrying_Wheels_15.upk  files=4
[1434/3080] v_c_carrying_Wheels_16.upk  files=4
[1435/3080] v_c_carrying_Wheels_17.upk  files=4
[1436/3080] v_c_carrying_Wheels_18.upk  files=4
[1437/3080] v_c_carrying_Wheels_19.upk  files=4
[1438/3080] v_c_carrying_Wheels_20.upk  files=4
[1439/3080] v_c_carrying_Wheels_21.upk  files=4
[1440/3080] v_c_carrying_WingMirrors_4.upk  files=2
[1441/3080] v_c_carrying_WingMirrors_5.upk  files=2
[1442/3080] v_c_carrying_WingMirrors_6.upk  files=2
[1443/3080] v_c_carrying_WingPanels_2.upk  files=2
[1444/3080] v_c_carrying_WingPanels_3.upk  files=2
[1445/3080] v_c_carrying_WingPanels_4.upk  files=2
[1446/3080] V_C_Compact_Aerial_1.upk  files=2
[1447/3080] V_C_Compact_AudioAmp_1.upk  files=0
[1448/3080] V_C_Compact_AudioAmp_2.upk  files=0
[1449/3080] V_C_Compact_AudioAmp_3.upk  files=0
[1450/3080] V_C_Compact_AudioAmp_4.upk  files=0
[1451/3080] V_C_Compact_AudioAmp_5.upk  files=0
[1452/3080] V_C_Compact_AudioSpeaker_1.upk  files=0
[1453/3080] V_C_Compact_AudioSpeaker_2.upk  files=0
[1454/3080] V_C_Compact_AudioSpeaker_3.upk  files=0
[1455/3080] V_C_Compact_AudioSpeaker_4.upk  files=0
[1456/3080] V_C_Compact_AudioSpeaker_5.upk  files=0
[1457/3080] V_C_Compact_Badges_1.upk  files=2
[1458/3080] V_C_Compact_Badges_2.upk  files=2
[1459/3080] V_C_Compact_Badges_3.upk  files=2
[1460/3080] V_C_Compact_BrakeCallipers_1.upk  files=2
[1461/3080] V_C_Compact_BrakeClipers_1.upk  files=0
[1462/3080] V_C_Compact_BumperFront_1.upk  files=2
[1463/3080] V_C_Compact_BumperFront_2.upk  files=2
[1464/3080] V_C_Compact_BumperFront_3.upk  files=2
[1465/3080] V_C_Compact_BumperRear_1.upk  files=2
[1466/3080] V_C_Compact_BumperRear_2.upk  files=2
[1467/3080] V_C_Compact_BumperRear_3.upk  files=2
[1468/3080] V_C_Compact_Dashboard_1.upk  files=2
[1469/3080] V_C_Compact_EngineComponents_1.upk  files=2
[1470/3080] V_C_Compact_EngineComponents_2.upk  files=0
[1471/3080] V_C_Compact_Exhaust_1.upk  files=2
[1472/3080] V_C_Compact_Exhaust_2.upk  files=2
[1473/3080] V_C_Compact_Exhaust_3.upk  files=2
[1474/3080] V_C_Compact_Exhausts_1.upk  files=0
[1475/3080] V_C_Compact_FrontWingPanels_1.upk  files=2
[1476/3080] V_C_Compact_FrontWingPanels_2.upk  files=2
[1477/3080] V_C_Compact_HeadGuards_1.upk  files=2
[1478/3080] V_C_Compact_HeadGuards_2.upk  files=2
[1479/3080] V_C_Compact_HeadGuards_3.upk  files=2
[1480/3080] V_C_Compact_HeadlightsGlass_1.upk  files=2
[1481/3080] V_C_Compact_HeadlightsGlass_2.upk  files=2
[1482/3080] V_C_Compact_HeadlightsMain_1.upk  files=2
[1483/3080] V_C_Compact_HeadlightsMain_2.upk  files=2
[1484/3080] V_C_Compact_HeadlightsMain_3.upk  files=2
[1485/3080] V_C_Compact_Hood_1.upk  files=2
[1486/3080] V_C_Compact_Hood_2.upk  files=2
[1487/3080] V_C_Compact_Hood_3.upk  files=2
[1488/3080] V_C_Compact_Indicators_1.upk  files=2
[1489/3080] V_C_Compact_InteriorProps_1.upk  files=2
[1490/3080] V_C_Compact_RoofExterior_1.upk  files=2
[1491/3080] V_C_Compact_RoofExterior_2.upk  files=2
[1492/3080] V_C_Compact_RoofExterior_3.upk  files=2
[1493/3080] V_C_Compact_RoofExterior_4.upk  files=2
[1494/3080] V_C_Compact_RoofExterior_5.upk  files=2
[1495/3080] V_C_Compact_RoofExterior_6.upk  files=2
[1496/3080] V_C_Compact_RoofGlass_1.upk  files=2
[1497/3080] V_C_Compact_RoofGlass_2.upk  files=2
[1498/3080] V_C_Compact_RoofInterior_1.upk  files=2
[1499/3080] V_C_Compact_RoofInterior_2.upk  files=2
[1500/3080] V_C_Compact_SeatsFront_1.upk  files=2
[1501/3080] V_C_Compact_SeatsFront_2.upk  files=2
[1502/3080] V_C_Compact_SeatsFront_3.upk  files=2
[1503/3080] V_C_Compact_SideSkirts_1.upk  files=2
[1504/3080] V_C_Compact_SideSkirts_2.upk  files=2
[1505/3080] V_C_Compact_SideSkirts_3.upk  files=2
[1506/3080] V_C_Compact_Spoiler_1.upk  files=2
[1507/3080] V_C_Compact_Spoiler_2.upk  files=2
[1508/3080] V_C_Compact_SteeringWheel_1.upk  files=2
[1509/3080] V_C_Compact_SteeringWheel_2.upk  files=2
[1510/3080] V_C_Compact_SteeringWheel_3.upk  files=2
[1511/3080] V_C_Compact_TaillightsGlass_1.upk  files=0
[1512/3080] V_C_Compact_TaillightsGlass_2.upk  files=2
[1513/3080] V_C_Compact_TaillightsMain_1.upk  files=2
[1514/3080] V_C_Compact_TaillightsMain_2.upk  files=2
[1515/3080] V_C_Compact_TaillightsMain_3.upk  files=2
[1516/3080] V_C_Compact_TrunkInterior_1.upk  files=2
[1517/3080] V_C_Compact_Wheels_1.upk  files=4
[1518/3080] V_C_Compact_Wheels_10.upk  files=4
[1519/3080] V_C_Compact_Wheels_11.upk  files=4
[1520/3080] V_C_Compact_Wheels_12.upk  files=4
[1521/3080] V_C_Compact_Wheels_2.upk  files=4
[1522/3080] V_C_Compact_Wheels_3.upk  files=4
[1523/3080] V_C_Compact_Wheels_4.upk  files=4
[1524/3080] V_C_Compact_Wheels_5.upk  files=4
[1525/3080] V_C_Compact_Wheels_6.upk  files=4
[1526/3080] V_C_Compact_Wheels_7.upk  files=4
[1527/3080] V_C_Compact_Wheels_8.upk  files=4
[1528/3080] V_C_Compact_Wheels_9.upk  files=4
[1529/3080] V_C_Compact_WindowWipersFront_1.upk  files=2
[1530/3080] V_C_Compact_WindowWipersRear_1.upk  files=2
[1531/3080] V_C_Compact_WingMirrors_1.upk  files=2
[1532/3080] V_C_Compact_WingMirrors_2.upk  files=2
[1533/3080] V_C_Compact_WingMirrors_3.upk  files=2
[1534/3080] v_c_compact_AudioDumpValve_1.upk  files=0
[1535/3080] v_c_compact_AudioDumpValve_2.upk  files=0
[1536/3080] v_c_compact_AudioDumpValve_3.upk  files=0
[1537/3080] v_c_compact_AudioDumpValve_4.upk  files=0
[1538/3080] v_c_compact_AudioDumpValve_5.upk  files=0
[1539/3080] v_c_compact_AudioExhaust_1.upk  files=0
[1540/3080] v_c_compact_AudioExhaust_2.upk  files=0
[1541/3080] v_c_compact_AudioExhaust_3.upk  files=0
[1542/3080] v_c_compact_AudioExhaust_4.upk  files=0
[1543/3080] v_c_compact_AudioExhaust_5.upk  files=0
[1544/3080] v_c_compact_AudioTransmission_1.upk  files=0
[1545/3080] v_c_compact_AudioTransmission_2.upk  files=0
[1546/3080] v_c_compact_AudioTransmission_3.upk  files=0
[1547/3080] v_c_compact_AudioTurbo_1.upk  files=0
[1548/3080] v_c_compact_AudioTurbo_2.upk  files=0
[1549/3080] v_c_compact_AudioTurbo_3.upk  files=0
[1550/3080] v_c_compact_BumperFront_4.upk  files=2
[1551/3080] v_c_compact_BumperFront_5.upk  files=2
[1552/3080] v_c_compact_BumperRear_4.upk  files=2
[1553/3080] v_c_compact_BumperRear_5.upk  files=2
[1554/3080] v_c_compact_DoorsInterior_1.upk  files=2
[1555/3080] v_c_compact_DoorsInterior_2.upk  files=2
[1556/3080] v_c_compact_DoorsInterior_3.upk  files=2
[1557/3080] v_c_compact_Doors_1.upk  files=2
[1558/3080] v_c_compact_Doors_2.upk  files=2
[1559/3080] v_c_compact_Doors_3.upk  files=2
[1560/3080] v_c_compact_Exhaust_4.upk  files=2
[1561/3080] v_c_compact_Exhaust_5.upk  files=2
[1562/3080] v_c_compact_Foglights_1.upk  files=2
[1563/3080] v_c_compact_Foglights_2.upk  files=2
[1564/3080] v_c_compact_FrontWingPanels_3.upk  files=2
[1565/3080] v_c_compact_HeadlightsGlass_4.upk  files=2
[1566/3080] v_c_compact_HeadlightsGlass_5.upk  files=2
[1567/3080] v_c_compact_HeadlightsMain_4.upk  files=2
[1568/3080] v_c_compact_HeadlightsMain_5.upk  files=2
[1569/3080] v_c_compact_Hood_4.upk  files=2
[1570/3080] v_c_compact_Hood_5.upk  files=2
[1571/3080] v_c_compact_PoliceLightsGlass_1.upk  files=2
[1572/3080] v_c_compact_PoliceLightsGlass_2.upk  files=2
[1573/3080] v_c_compact_PoliceLightsGlass_3.upk  files=2
[1574/3080] v_c_compact_PoliceLightsMain_1.upk  files=2
[1575/3080] v_c_compact_PoliceLightsMain_10.upk  files=2
[1576/3080] v_c_compact_PoliceLightsMain_11.upk  files=2
[1577/3080] v_c_compact_PoliceLightsMain_12.upk  files=2
[1578/3080] v_c_compact_PoliceLightsMain_13.upk  files=2
[1579/3080] v_c_compact_PoliceLightsMain_2.upk  files=2
[1580/3080] v_c_compact_PoliceLightsMain_3.upk  files=2
[1581/3080] v_c_compact_PoliceLightsMain_4.upk  files=2
[1582/3080] v_c_compact_PoliceLightsMain_5.upk  files=2
[1583/3080] v_c_compact_PoliceLightsMain_6.upk  files=2
[1584/3080] v_c_compact_PoliceLightsMain_7.upk  files=2
[1585/3080] v_c_compact_PoliceLightsMain_8.upk  files=2
[1586/3080] v_c_compact_PoliceLightsMain_9.upk  files=2
[1587/3080] v_c_compact_PoliceLightsSecondary_1.upk  files=2
[1588/3080] v_c_compact_PoliceLightsSecondary_2.upk  files=2
[1589/3080] v_c_compact_PoliceLightsSecondary_3.upk  files=2
[1590/3080] v_c_compact_PoliceLightsSecondary_4.upk  files=2
[1591/3080] v_c_compact_RollCage_1.upk  files=2
[1592/3080] v_c_compact_RoofGlass_3.upk  files=2
[1593/3080] v_c_compact_RoofInterior_3.upk  files=2
[1594/3080] v_c_compact_SeatsFront_4.upk  files=2
[1595/3080] v_c_compact_SeatsFront_5.upk  files=2
[1596/3080] v_c_compact_SideSkirts_4.upk  files=2
[1597/3080] v_c_compact_SideSkirts_5.upk  files=2
[1598/3080] v_c_compact_Spoiler_3.upk  files=2
[1599/3080] v_c_compact_Spoiler_4.upk  files=2
[1600/3080] v_c_compact_SteeringWheel_4.upk  files=2
[1601/3080] v_c_compact_SteeringWheel_5.upk  files=2
[1602/3080] v_c_compact_Tailgate_1.upk  files=2
[1603/3080] v_c_compact_Tailgate_2.upk  files=2
[1604/3080] v_c_compact_Tailgate_3.upk  files=2
[1605/3080] v_c_compact_TaillightsGlass_3.upk  files=2
[1606/3080] v_c_compact_TaillightsGlass_4.upk  files=2
[1607/3080] v_c_compact_TaillightsMain_4.upk  files=2
[1608/3080] v_c_compact_TaillightsMain_5.upk  files=2
[1609/3080] v_c_compact_Trunk_1.upk  files=2
[1610/3080] v_c_compact_Wheels_13.upk  files=4
[1611/3080] v_c_compact_Wheels_14.upk  files=4
[1612/3080] v_c_compact_Wheels_15.upk  files=4
[1613/3080] v_c_compact_Wheels_16.upk  files=4
[1614/3080] v_c_compact_Wheels_17.upk  files=4
[1615/3080] v_c_compact_Wheels_18.upk  files=4
[1616/3080] v_c_compact_Wheels_19.upk  files=4
[1617/3080] v_c_compact_Wheels_20.upk  files=4
[1618/3080] v_c_compact_Wheels_21.upk  files=4
[1619/3080] v_c_compact_WingMirrors_4.upk  files=2
[1620/3080] v_c_compact_WingMirrors_5.upk  files=2
[1621/3080] v_c_compact_WingPanelsRear_1.upk  files=2
[1622/3080] v_c_compact_WingPanelsRear_2.upk  files=2
[1623/3080] v_c_compact_WingPanelsRear_3.upk  files=2
[1624/3080] v_c_compact_WingPanels_1.upk  files=2
[1625/3080] v_c_compact_WingPanels_2.upk  files=2
[1626/3080] V_C_Perf_Aerial_1.upk  files=2
[1627/3080] V_C_Perf_Aerial_2.upk  files=2
[1628/3080] V_C_Perf_AudioAmp_1.upk  files=0
[1629/3080] V_C_Perf_AudioAmp_2.upk  files=0
[1630/3080] V_C_Perf_AudioAmp_3.upk  files=0
[1631/3080] V_C_Perf_AudioAmp_4.upk  files=0
[1632/3080] V_C_Perf_AudioAmp_5.upk  files=0
[1633/3080] V_C_Perf_AudioDumpValve_1.upk  files=0
[1634/3080] V_C_Perf_AudioDumpValve_2.upk  files=0
[1635/3080] V_C_Perf_AudioDumpValve_3.upk  files=0
[1636/3080] V_C_Perf_AudioExhaust_1.upk  files=0
[1637/3080] V_C_Perf_AudioExhaust_2.upk  files=0
[1638/3080] V_C_Perf_AudioExhaust_4.upk  files=0
[1639/3080] V_C_Perf_AudioExhaust_5.upk  files=0
[1640/3080] V_C_Perf_AudioSpeaker_1.upk  files=0
[1641/3080] V_C_Perf_AudioSpeaker_2.upk  files=0
[1642/3080] V_C_Perf_AudioSpeaker_3.upk  files=0
[1643/3080] V_C_Perf_AudioSpeaker_4.upk  files=0
[1644/3080] V_C_Perf_AudioSpeaker_5.upk  files=0
[1645/3080] V_C_Perf_AudioTransmission_1.upk  files=0
[1646/3080] V_C_Perf_AudioTransmission_2.upk  files=0
[1647/3080] V_C_Perf_AudioTransmission_3.upk  files=0
[1648/3080] V_C_Perf_AudioTurbo_1.upk  files=0
[1649/3080] V_C_Perf_AudioTurbo_2.upk  files=0
[1650/3080] V_C_Perf_AudioTurbo_3.upk  files=0
[1651/3080] V_C_Perf_Badge_1.upk  files=2
[1652/3080] V_C_Perf_Badge_2.upk  files=2
[1653/3080] V_C_Perf_BrakeCalipers_1.upk  files=2
[1654/3080] V_C_Perf_BumperFront_1.upk  files=2
[1655/3080] V_C_Perf_BumperFront_2.upk  files=2
[1656/3080] V_C_Perf_BumperFront_3.upk  files=2
[1657/3080] V_C_Perf_BumperFront_4.upk  files=2
[1658/3080] V_C_Perf_BumperFront_5.upk  files=2
[1659/3080] V_C_Perf_BumperFront_6.upk  files=2
[1660/3080] V_C_Perf_BumperRear_1.upk  files=2
[1661/3080] V_C_Perf_BumperRear_2.upk  files=2
[1662/3080] V_C_Perf_BumperRear_3.upk  files=2
[1663/3080] V_C_Perf_BumperRear_4.upk  files=2
[1664/3080] V_C_Perf_BumperRear_5.upk  files=2
[1665/3080] V_C_Perf_BumperRear_6.upk  files=2
[1666/3080] V_C_Perf_EngineComponents_1.upk  files=2
[1667/3080] V_C_Perf_HeadlightsGlass_1.upk  files=2
[1668/3080] V_C_Perf_HeadlightsGlass_2.upk  files=2
[1669/3080] V_C_Perf_HeadlightsGlass_3.upk  files=2
[1670/3080] V_C_Perf_HeadlightsMain_1.upk  files=2
[1671/3080] V_C_Perf_HeadlightsMain_2.upk  files=2
[1672/3080] V_C_Perf_HeadlightsMain_3.upk  files=2
[1673/3080] V_C_Perf_Hood_1.upk  files=2
[1674/3080] V_C_Perf_Hood_2.upk  files=2
[1675/3080] V_C_Perf_Hood_3.upk  files=2
[1676/3080] V_C_Perf_InteriorProps_1.upk  files=2
[1677/3080] V_C_Perf_InteriorProps_2.upk  files=2
[1678/3080] V_C_Perf_InteriorProps_3.upk  files=2
[1679/3080] V_C_Perf_Roof_1.upk  files=2
[1680/3080] V_C_Perf_Roof_2.upk  files=2
[1681/3080] V_C_Perf_Roof_3.upk  files=2
[1682/3080] V_C_Perf_SeatsFront_1.upk  files=2
[1683/3080] V_C_Perf_SeatsFront_2.upk  files=2
[1684/3080] V_C_Perf_SeatsFront_3.upk  files=2
[1685/3080] V_C_Perf_SeatsFront_4.upk  files=2
[1686/3080] V_C_Perf_SideSkirts_1.upk  files=2
[1687/3080] V_C_Perf_SideSkirts_2.upk  files=2
[1688/3080] V_C_Perf_SideSkirts_3.upk  files=2
[1689/3080] V_C_Perf_SideSkirts_4.upk  files=2
[1690/3080] V_C_Perf_SideSkirts_5.upk  files=2
[1691/3080] V_C_Perf_Spoiler_1.upk  files=2
[1692/3080] V_C_Perf_Spoiler_2.upk  files=2
[1693/3080] V_C_Perf_Spoiler_3.upk  files=2
[1694/3080] V_C_Perf_Spoiler_4.upk  files=2
[1695/3080] V_C_Perf_Spoiler_5.upk  files=2
[1696/3080] V_C_Perf_SteeringWheel_1.upk  files=2
[1697/3080] V_C_Perf_SteeringWheel_2.upk  files=2
[1698/3080] V_C_Perf_SteeringWheel_3.upk  files=2
[1699/3080] V_C_Perf_TailLightsGlass_1.upk  files=2
[1700/3080] V_C_Perf_TailLightsMain_1.upk  files=2
[1701/3080] V_C_Perf_TailLightsMain_2.upk  files=2
[1702/3080] V_C_Perf_TailLightsMain_3.upk  files=2
[1703/3080] V_C_Perf_Wheels_1.upk  files=4
[1704/3080] V_C_Perf_Wheels_10.upk  files=4
[1705/3080] V_C_Perf_Wheels_11.upk  files=4
[1706/3080] V_C_Perf_Wheels_12.upk  files=4
[1707/3080] V_C_Perf_Wheels_3.upk  files=4
[1708/3080] V_C_Perf_Wheels_4.upk  files=4
[1709/3080] V_C_Perf_Wheels_5.upk  files=4
[1710/3080] V_C_Perf_Wheels_6.upk  files=4
[1711/3080] V_C_Perf_Wheels_7.upk  files=4
[1712/3080] V_C_Perf_Wheels_8.upk  files=4
[1713/3080] V_C_Perf_Wheels_9.upk  files=4
[1714/3080] V_C_Perf_WingMirrors_1.upk  files=2
[1715/3080] V_C_Perf_WingMirrors_2.upk  files=2
[1716/3080] V_C_Perf_WingMirrors_3.upk  files=2
[1717/3080] V_C_Perf_WingPanels_1.upk  files=2
[1718/3080] V_C_Perf_WingPanels_2.upk  files=2
[1719/3080] V_C_Perf_WingPanels_3.upk  files=2
[1720/3080] V_C_Perf_WingPanels_4.upk  files=2
[1721/3080] V_C_Perf_WingPanels_5.upk  files=2
[1722/3080] v_c_perf_AudioDumpValve_10.upk  files=0
[1723/3080] v_c_perf_AudioDumpValve_4.upk  files=0
[1724/3080] v_c_perf_AudioDumpValve_5.upk  files=0
[1725/3080] v_c_perf_AudioDumpValve_6.upk  files=0
[1726/3080] v_c_perf_AudioDumpValve_7.upk  files=0
[1727/3080] v_c_perf_AudioDumpValve_8.upk  files=0
[1728/3080] v_c_perf_AudioDumpValve_9.upk  files=0
[1729/3080] v_c_perf_AudioExhaust_3.upk  files=0
[1730/3080] v_c_perf_AudioTransmission_4.upk  files=0
[1731/3080] v_c_perf_AudioTransmission_5.upk  files=0
[1732/3080] v_c_perf_AudioTurbo_4.upk  files=0
[1733/3080] v_c_perf_AudioTurbo_5.upk  files=0
[1734/3080] v_c_perf_AudioTurbo_6.upk  files=0
[1735/3080] v_c_perf_BumperFront_10.upk  files=2
[1736/3080] v_c_perf_BumperFront_7.upk  files=2
[1737/3080] v_c_perf_BumperFront_8.upk  files=2
[1738/3080] v_c_perf_BumperFront_9.upk  files=2
[1739/3080] v_c_perf_BumperRear_10.upk  files=2
[1740/3080] v_c_perf_BumperRear_7.upk  files=2
[1741/3080] v_c_perf_BumperRear_8.upk  files=2
[1742/3080] v_c_perf_BumperRear_9.upk  files=2
[1743/3080] v_c_perf_DoorsInterior_1.upk  files=2
[1744/3080] v_c_perf_DoorsInterior_2.upk  files=2
[1745/3080] v_c_perf_DoorsInterior_3.upk  files=2
[1746/3080] v_c_perf_DoorsInterior_4.upk  files=2
[1747/3080] v_c_perf_DoorsInterior_5.upk  files=2
[1748/3080] v_c_perf_DoorsInterior_6.upk  files=2
[1749/3080] v_c_perf_Doors_1.upk  files=2
[1750/3080] v_c_perf_Doors_2.upk  files=2
[1751/3080] v_c_perf_Doors_3.upk  files=2
[1752/3080] v_c_perf_Doors_4.upk  files=2
[1753/3080] v_c_perf_Doors_5.upk  files=2
[1754/3080] v_c_perf_HeadlightsGlass_4.upk  files=2
[1755/3080] v_c_perf_HeadlightsGlass_5.upk  files=2
[1756/3080] v_c_perf_HeadlightsGlass_6.upk  files=2
[1757/3080] v_c_perf_HeadlightsMain_4.upk  files=2
[1758/3080] v_c_perf_HeadlightsMain_5.upk  files=2
[1759/3080] v_c_perf_HeadlightsMain_6.upk  files=2
[1760/3080] v_c_perf_Hood_4.upk  files=2
[1761/3080] v_c_perf_Hood_5.upk  files=2
[1762/3080] v_c_perf_Hood_6.upk  files=2
[1763/3080] v_c_perf_InteriorProps_4.upk  files=2
[1764/3080] v_c_perf_PoliceLights2nd_1.upk  files=2
[1765/3080] v_c_perf_PoliceLights2nd_2.upk  files=2
[1766/3080] v_c_perf_PoliceLights2nd_3.upk  files=2
[1767/3080] v_c_perf_PoliceLights2nd_4.upk  files=2
[1768/3080] v_c_perf_PoliceLightsGlass_1.upk  files=2
[1769/3080] v_c_perf_PoliceLightsGlass_2.upk  files=2
[1770/3080] v_c_perf_PoliceLightsGlass_3.upk  files=2
[1771/3080] v_c_perf_PoliceLightsMain_1.upk  files=2
[1772/3080] v_c_perf_PoliceLightsMain_10.upk  files=2
[1773/3080] v_c_perf_PoliceLightsMain_2.upk  files=2
[1774/3080] v_c_perf_PoliceLightsMain_3.upk  files=2
[1775/3080] v_c_perf_PoliceLightsMain_4.upk  files=2
[1776/3080] v_c_perf_PoliceLightsMain_5.upk  files=2
[1777/3080] v_c_perf_PoliceLightsMain_6.upk  files=2
[1778/3080] v_c_perf_PoliceLightsMain_7.upk  files=2
[1779/3080] v_c_perf_PoliceLightsMain_8.upk  files=2
[1780/3080] v_c_perf_PoliceLightsMain_9.upk  files=2
[1781/3080] v_c_perf_RearGlass_1.upk  files=2
[1782/3080] v_c_perf_RearGlass_2.upk  files=2
[1783/3080] v_c_perf_RearGlass_3.upk  files=2
[1784/3080] v_c_perf_RearGlass_4.upk  files=2
[1785/3080] v_c_perf_RollCage_1.upk  files=2
[1786/3080] v_c_perf_RollCage_2.upk  files=2
[1787/3080] v_c_perf_RoofGlass_1.upk  files=2
[1788/3080] v_c_perf_RoofGlass_2.upk  files=2
[1789/3080] v_c_perf_RoofGlass_3.upk  files=2
[1790/3080] v_c_perf_RoofGlass_4.upk  files=2
[1791/3080] v_c_perf_RoofGlass_5.upk  files=2
[1792/3080] v_c_perf_RoofInterior_1.upk  files=2
[1793/3080] v_c_perf_RoofInterior_2.upk  files=2
[1794/3080] v_c_perf_RoofInterior_3.upk  files=2
[1795/3080] v_c_perf_RoofInterior_4.upk  files=2
[1796/3080] v_c_perf_RoofInterior_5.upk  files=2
[1797/3080] v_c_perf_Roof_4.upk  files=2
[1798/3080] v_c_perf_Roof_5.upk  files=2
[1799/3080] v_c_perf_Roof_6.upk  files=2
[1800/3080] v_c_perf_Roof_7.upk  files=2
[1801/3080] v_c_perf_SeatsFront_5.upk  files=2
[1802/3080] v_c_perf_SeatsFront_6.upk  files=2
[1803/3080] v_c_perf_SideSkirts_6.upk  files=2
[1804/3080] v_c_perf_Spoiler_10.upk  files=2
[1805/3080] v_c_perf_Spoiler_6.upk  files=2
[1806/3080] v_c_perf_Spoiler_7.upk  files=2
[1807/3080] v_c_perf_Spoiler_8.upk  files=2
[1808/3080] v_c_perf_Spoiler_9.upk  files=2
[1809/3080] v_c_perf_SteeringWheel_4.upk  files=2
[1810/3080] v_c_perf_SteeringWheel_5.upk  files=2
[1811/3080] v_c_perf_SteeringWheel_6.upk  files=2
[1812/3080] v_c_perf_TailLightsMain_4.upk  files=2
[1813/3080] v_c_perf_TailLightsMain_5.upk  files=2
[1814/3080] v_c_perf_TailLightsMain_6.upk  files=2
[1815/3080] v_c_perf_Wheels_13.upk  files=4
[1816/3080] v_c_perf_Wheels_14.upk  files=4
[1817/3080] v_c_perf_Wheels_15.upk  files=4
[1818/3080] v_c_perf_Wheels_16.upk  files=4
[1819/3080] v_c_perf_Wheels_17.upk  files=4
[1820/3080] v_c_perf_Wheels_18.upk  files=4
[1821/3080] v_c_perf_Wheels_19.upk  files=4
[1822/3080] v_c_perf_Wheels_2.upk  files=4
[1823/3080] v_c_perf_Wheels_20.upk  files=4
[1824/3080] v_c_perf_Wheels_21.upk  files=4
[1825/3080] v_c_perf_Wheels_22.upk  files=4
[1826/3080] v_c_perf_Wheels_23.upk  files=4
[1827/3080] v_c_perf_Wheels_24.upk  files=4
[1828/3080] v_c_perf_Wheels_25.upk  files=4
[1829/3080] v_c_perf_Wheels_26.upk  files=4
[1830/3080] v_c_perf_Wheels_27.upk  files=4
[1831/3080] v_c_perf_WingMirrors_4.upk  files=2
[1832/3080] v_c_perf_WingMirrors_5.upk  files=2
[1833/3080] v_c_perf_WingMirrors_6.upk  files=2
[1834/3080] v_c_perf_WingPanelsRear_1.upk  files=2
[1835/3080] v_c_perf_WingPanelsRear_2.upk  files=2
[1836/3080] v_c_perf_WingPanelsRear_3.upk  files=2
[1837/3080] v_c_perf_WingPanelsRear_4.upk  files=2
[1838/3080] v_c_perf_WingPanelsRear_5.upk  files=2
[1839/3080] v_c_perf_WingPanelsRear_6.upk  files=2
[1840/3080] v_c_perf_WingPanels_6.upk  files=2
[1841/3080] V_E_Carrying_AudioAmp_1.upk  files=0
[1842/3080] V_E_Carrying_AudioAmp_2.upk  files=0
[1843/3080] V_E_Carrying_AudioAmp_3.upk  files=0
[1844/3080] V_E_Carrying_AudioAmp_4.upk  files=0
[1845/3080] V_E_Carrying_AudioAmp_5.upk  files=0
[1846/3080] V_E_Carrying_AudioSpeaker_1.upk  files=0
[1847/3080] V_E_Carrying_AudioSpeaker_2.upk  files=0
[1848/3080] V_E_Carrying_AudioSpeaker_3.upk  files=0
[1849/3080] V_E_Carrying_AudioSpeaker_4.upk  files=0
[1850/3080] V_E_Carrying_AudioSpeaker_5.upk  files=0
[1851/3080] V_E_Carrying_BrakeCalipers_1.upk  files=2
[1852/3080] V_E_Carrying_BullBars_1.upk  files=2
[1853/3080] V_E_Carrying_BullBars_2.upk  files=2
[1854/3080] V_E_Carrying_BullBars_3.upk  files=2
[1855/3080] V_E_Carrying_BullBars_4.upk  files=2
[1856/3080] V_E_Carrying_BullBars_5.upk  files=2
[1857/3080] V_E_Carrying_BullBars_6.upk  files=2
[1858/3080] V_E_Carrying_BullBars_7.upk  files=2
[1859/3080] V_E_Carrying_BullBars_8.upk  files=2
[1860/3080] V_E_Carrying_BullBars_9.upk  files=2
[1861/3080] V_E_Carrying_BumperFront_1.upk  files=2
[1862/3080] V_E_Carrying_BumperFront_2.upk  files=2
[1863/3080] V_E_Carrying_BumperFront_3.upk  files=2
[1864/3080] V_E_Carrying_BumperRear_1.upk  files=2
[1865/3080] V_E_Carrying_BumperRear_2.upk  files=2
[1866/3080] V_E_Carrying_BumperRear_3.upk  files=2
[1867/3080] V_E_Carrying_Dashboard_1.upk  files=2
[1868/3080] V_E_Carrying_Doors_1.upk  files=2
[1869/3080] V_E_Carrying_FogLightsGlass_1.upk  files=2
[1870/3080] V_E_Carrying_FogLightsGlass_2.upk  files=2
[1871/3080] V_E_Carrying_FogLightsMain_1.upk  files=2
[1872/3080] V_E_Carrying_FogLightsMain_2.upk  files=2
[1873/3080] V_E_Carrying_FogLightsMain_3.upk  files=2
[1874/3080] V_E_Carrying_Grill_1.upk  files=2
[1875/3080] V_E_Carrying_Grill_2.upk  files=2
[1876/3080] V_E_Carrying_Grill_3.upk  files=2
[1877/3080] V_E_Carrying_Grill_4.upk  files=2
[1878/3080] V_E_Carrying_Grill_5.upk  files=2
[1879/3080] V_E_Carrying_Grill_6.upk  files=2
[1880/3080] V_E_Carrying_Grill_7.upk  files=2
[1881/3080] V_E_Carrying_Grill_8.upk  files=2
[1882/3080] V_E_Carrying_Grill_9.upk  files=2
[1883/3080] V_E_Carrying_HeadLightsGlass_1.upk  files=2
[1884/3080] V_E_Carrying_HeadLightsGlass_2.upk  files=2
[1885/3080] V_E_Carrying_HeadLightsMain_1.upk  files=2
[1886/3080] V_E_Carrying_HeadLightsMain_2.upk  files=2
[1887/3080] V_E_Carrying_HeadLightsMain_3.upk  files=2
[1888/3080] V_E_Carrying_Hood_1.upk  files=2
[1889/3080] V_E_Carrying_Hood_2.upk  files=2
[1890/3080] V_E_Carrying_Hood_3.upk  files=2
[1891/3080] V_E_Carrying_InteriorProps_1.upk  files=2
[1892/3080] V_E_Carrying_PoliceLightsMain_1.upk  files=2
[1893/3080] V_E_Carrying_PoliceLightsMain_2.upk  files=2
[1894/3080] V_E_Carrying_PoliceLightsMain_3.upk  files=2
[1895/3080] V_E_Carrying_PoliceLightsMain_4.upk  files=2
[1896/3080] V_E_Carrying_PoliceLightsMain_5.upk  files=2
[1897/3080] V_E_Carrying_PoliceLightsMain_6.upk  files=2
[1898/3080] V_E_Carrying_PoliceLightsMain_7.upk  files=2
[1899/3080] V_E_Carrying_PoliceLightsSecondary_1.upk  files=2
[1900/3080] V_E_Carrying_PoliceLightsSecondary_2.upk  files=2
[1901/3080] V_E_Carrying_PoliceLightsSecondary_3.upk  files=2
[1902/3080] V_E_Carrying_PoliceLightsSecondary_4.upk  files=2
[1903/3080] V_E_Carrying_Roof_1.upk  files=2
[1904/3080] V_E_Carrying_Roof_2.upk  files=2
[1905/3080] V_E_Carrying_SeatsFront_1.upk  files=2
[1906/3080] V_E_Carrying_SeatsFront_2.upk  files=2
[1907/3080] V_E_Carrying_SeatsFront_3.upk  files=2
[1908/3080] V_E_Carrying_SideSkirts_1.upk  files=2
[1909/3080] V_E_Carrying_SideSkirts_2.upk  files=2
[1910/3080] V_E_Carrying_SideSkirts_3.upk  files=2
[1911/3080] V_E_Carrying_SpoilerLadder_1.upk  files=2
[1912/3080] V_E_Carrying_SpoilerLadder_2.upk  files=2
[1913/3080] V_E_Carrying_SpoilerLadder_3.upk  files=2
[1914/3080] V_E_Carrying_SpoilerProp_1.upk  files=2
[1915/3080] V_E_Carrying_SpoilerProp_2.upk  files=2
[1916/3080] V_E_Carrying_Spoiler_1.upk  files=2
[1917/3080] V_E_Carrying_Spoiler_2.upk  files=2
[1918/3080] V_E_Carrying_Spoiler_3.upk  files=2
[1919/3080] V_E_Carrying_SteeringWheel_1.upk  files=2
[1920/3080] V_E_Carrying_SteeringWheel_2.upk  files=2
[1921/3080] V_E_Carrying_SteeringWheel_3.upk  files=2
[1922/3080] V_E_Carrying_TaillightsGlass_1.upk  files=2
[1923/3080] V_E_Carrying_TaillightsMain_1.upk  files=2
[1924/3080] V_E_Carrying_TaillightsMain_2.upk  files=2
[1925/3080] V_E_Carrying_TaillightsMain_3.upk  files=2
[1926/3080] V_E_Carrying_Wheels_1.upk  files=4
[1927/3080] V_E_Carrying_Wheels_10.upk  files=4
[1928/3080] V_E_Carrying_Wheels_11.upk  files=4
[1929/3080] V_E_Carrying_Wheels_12.upk  files=4
[1930/3080] V_E_Carrying_Wheels_2.upk  files=4
[1931/3080] V_E_Carrying_Wheels_3.upk  files=4
[1932/3080] V_E_Carrying_Wheels_4.upk  files=4
[1933/3080] V_E_Carrying_Wheels_5.upk  files=4
[1934/3080] V_E_Carrying_Wheels_6.upk  files=4
[1935/3080] V_E_Carrying_Wheels_7.upk  files=4
[1936/3080] V_E_Carrying_Wheels_8.upk  files=4
[1937/3080] V_E_Carrying_Wheels_9.upk  files=4
[1938/3080] V_E_Carrying_WingMirrors_1.upk  files=2
[1939/3080] V_E_Carrying_WingMirrors_2.upk  files=2
[1940/3080] V_E_Carrying_WingMirrors_3.upk  files=2
[1941/3080] v_e_carrying_AudioDumpValve_1.upk  files=0
[1942/3080] v_e_carrying_AudioDumpValve_2.upk  files=0
[1943/3080] v_e_carrying_AudioDumpValve_3.upk  files=0
[1944/3080] v_e_carrying_AudioDumpValve_4.upk  files=0
[1945/3080] v_e_carrying_AudioDumpValve_5.upk  files=0
[1946/3080] v_e_carrying_AudioExhaust_1.upk  files=0
[1947/3080] v_e_carrying_AudioExhaust_2.upk  files=0
[1948/3080] v_e_carrying_AudioExhaust_3.upk  files=0
[1949/3080] v_e_carrying_AudioExhaust_4.upk  files=0
[1950/3080] v_e_carrying_AudioTransmission_1.upk  files=0
[1951/3080] v_e_carrying_AudioTransmission_2.upk  files=0
[1952/3080] v_e_carrying_AudioTransmission_3.upk  files=0
[1953/3080] v_e_carrying_AudioTurbo_1.upk  files=0
[1954/3080] v_e_carrying_AudioTurbo_2.upk  files=0
[1955/3080] v_e_carrying_AudioTurbo_3.upk  files=0
[1956/3080] v_e_carrying_Badge_1.upk  files=2
[1957/3080] v_e_carrying_BullBars_10.upk  files=2
[1958/3080] v_e_carrying_BullBars_11.upk  files=2
[1959/3080] v_e_carrying_BumperFront_10.upk  files=2
[1960/3080] v_e_carrying_BumperFront_11.upk  files=2
[1961/3080] v_e_carrying_BumperFront_4.upk  files=2
[1962/3080] v_e_carrying_BumperFront_5.upk  files=2
[1963/3080] v_e_carrying_BumperFront_6.upk  files=2
[1964/3080] v_e_carrying_BumperFront_7.upk  files=2
[1965/3080] v_e_carrying_BumperFront_8.upk  files=2
[1966/3080] v_e_carrying_BumperFront_9.upk  files=2
[1967/3080] v_e_carrying_BumperRear_10.upk  files=2
[1968/3080] v_e_carrying_BumperRear_11.upk  files=2
[1969/3080] v_e_carrying_BumperRear_4.upk  files=2
[1970/3080] v_e_carrying_BumperRear_5.upk  files=2
[1971/3080] v_e_carrying_BumperRear_6.upk  files=2
[1972/3080] v_e_carrying_BumperRear_7.upk  files=2
[1973/3080] v_e_carrying_BumperRear_8.upk  files=2
[1974/3080] v_e_carrying_BumperRear_9.upk  files=2
[1975/3080] v_e_carrying_Dashboard_2.upk  files=2
[1976/3080] v_e_carrying_Doors_2.upk  files=2
[1977/3080] v_e_carrying_Doors_3.upk  files=2
[1978/3080] v_e_carrying_Doors_4.upk  files=2
[1979/3080] v_e_carrying_Doors_5.upk  files=2
[1980/3080] v_e_carrying_Doors_6.upk  files=2
[1981/3080] v_e_carrying_Doors_7.upk  files=2
[1982/3080] v_e_carrying_Doors_8.upk  files=2
[1983/3080] v_e_carrying_Grill_10.upk  files=2
[1984/3080] v_e_carrying_Grill_11.upk  files=2
[1985/3080] v_e_carrying_Grill_12.upk  files=2
[1986/3080] v_e_carrying_Grill_13.upk  files=0
[1987/3080] v_e_carrying_HeadLightsGlass_3.upk  files=2
[1988/3080] v_e_carrying_HeadLightsMain_4.upk  files=2
[1989/3080] v_e_carrying_HeadLightsMain_5.upk  files=2
[1990/3080] v_e_carrying_HeadLightsMain_6.upk  files=0
[1991/3080] v_e_carrying_Hood_4.upk  files=2
[1992/3080] v_e_carrying_Hood_5.upk  files=2
[1993/3080] v_e_carrying_Hood_6.upk  files=2
[1994/3080] v_e_carrying_Hood_7.upk  files=2
[1995/3080] v_e_carrying_Hood_8.upk  files=2
[1996/3080] v_e_carrying_PoliceLightGlass_1.upk  files=2
[1997/3080] v_e_carrying_PoliceLightGlass_2.upk  files=2
[1998/3080] v_e_carrying_PoliceLightsMain_10.upk  files=2
[1999/3080] v_e_carrying_PoliceLightsMain_11.upk  files=2
[2000/3080] v_e_carrying_PoliceLightsMain_12.upk  files=2
[2001/3080] v_e_carrying_PoliceLightsMain_8.upk  files=2
[2002/3080] v_e_carrying_PoliceLightsMain_9.upk  files=2
[2003/3080] v_e_carrying_RoofGlass_1.upk  files=2
[2004/3080] v_e_carrying_RoofGlass_2.upk  files=2
[2005/3080] v_e_carrying_RoofGlass_3.upk  files=2
[2006/3080] v_e_carrying_RoofGlass_4.upk  files=2
[2007/3080] v_e_carrying_RoofInterior_1.upk  files=2
[2008/3080] v_e_carrying_RoofInterior_2.upk  files=2
[2009/3080] v_e_carrying_RoofInterior_3.upk  files=2
[2010/3080] v_e_carrying_RoofInterior_4.upk  files=2
[2011/3080] v_e_carrying_RoofLightGlass_1.upk  files=2
[2012/3080] v_e_carrying_RoofLightGlass_2.upk  files=2
[2013/3080] v_e_carrying_RoofLight_1.upk  files=2
[2014/3080] v_e_carrying_RoofLight_2.upk  files=2
[2015/3080] v_e_carrying_RoofLight_3.upk  files=2
[2016/3080] v_e_carrying_Roof_10.upk  files=2
[2017/3080] v_e_carrying_Roof_3.upk  files=2
[2018/3080] v_e_carrying_Roof_4.upk  files=2
[2019/3080] v_e_carrying_Roof_5.upk  files=2
[2020/3080] v_e_carrying_Roof_6.upk  files=2
[2021/3080] v_e_carrying_Roof_7.upk  files=2
[2022/3080] v_e_carrying_Roof_8.upk  files=2
[2023/3080] v_e_carrying_Roof_9.upk  files=2
[2024/3080] v_e_carrying_Roofrack_1.upk  files=2
[2025/3080] v_e_carrying_Roofrack_10.upk  files=2
[2026/3080] v_e_carrying_Roofrack_11.upk  files=2
[2027/3080] v_e_carrying_Roofrack_12.upk  files=2
[2028/3080] v_e_carrying_Roofrack_13.upk  files=2
[2029/3080] v_e_carrying_Roofrack_14.upk  files=2
[2030/3080] v_e_carrying_Roofrack_2.upk  files=2
[2031/3080] v_e_carrying_Roofrack_3.upk  files=2
[2032/3080] v_e_carrying_Roofrack_4.upk  files=2
[2033/3080] v_e_carrying_Roofrack_5.upk  files=2
[2034/3080] v_e_carrying_Roofrack_6.upk  files=2
[2035/3080] v_e_carrying_Roofrack_7.upk  files=2
[2036/3080] v_e_carrying_Roofrack_8.upk  files=2
[2037/3080] v_e_carrying_Roofrack_9.upk  files=2
[2038/3080] v_e_carrying_SeatsFront_4.upk  files=2
[2039/3080] v_e_carrying_SideSkirts_10.upk  files=2
[2040/3080] v_e_carrying_SideSkirts_4.upk  files=2
[2041/3080] v_e_carrying_SideSkirts_5.upk  files=2
[2042/3080] v_e_carrying_SideSkirts_6.upk  files=2
[2043/3080] v_e_carrying_SideSkirts_7.upk  files=2
[2044/3080] v_e_carrying_SideSkirts_8.upk  files=2
[2045/3080] v_e_carrying_SideSkirts_9.upk  files=2
[2046/3080] v_e_carrying_SpoilerProp_3.upk  files=2
[2047/3080] v_e_carrying_SpoilerProp_4.upk  files=2
[2048/3080] v_e_carrying_Spoiler_4.upk  files=2
[2049/3080] v_e_carrying_Spoiler_5.upk  files=2
[2050/3080] v_e_carrying_Spoiler_6.upk  files=2
[2051/3080] v_e_carrying_Spoiler_7.upk  files=2
[2052/3080] v_e_carrying_Spoiler_8.upk  files=2
[2053/3080] v_e_carrying_SteeringWheel_4.upk  files=2
[2054/3080] v_e_carrying_TaillightsMain_4.upk  files=2
[2055/3080] v_e_carrying_TaillightsMain_5.upk  files=2
[2056/3080] v_e_carrying_TaillightsMain_6.upk  files=2
[2057/3080] v_e_carrying_TaillightsMain_7.upk  files=0
[2058/3080] v_e_carrying_Wheels_13.upk  files=4
[2059/3080] v_e_carrying_Wheels_14.upk  files=4
[2060/3080] v_e_carrying_Wheels_15.upk  files=4
[2061/3080] v_e_carrying_Wheels_16.upk  files=4
[2062/3080] v_e_carrying_Wheels_17.upk  files=4
[2063/3080] v_e_carrying_Wheels_18.upk  files=4
[2064/3080] v_e_carrying_Wheels_19.upk  files=4
[2065/3080] v_e_carrying_Wheels_20.upk  files=4
[2066/3080] v_e_carrying_Wheels_21.upk  files=4
[2067/3080] v_e_carrying_WindowWipers_1.upk  files=2
[2068/3080] v_e_carrying_WingMirrorGlass_1.upk  files=2
[2069/3080] v_e_carrying_WingMirrorGlass_2.upk  files=2
[2070/3080] v_e_carrying_WingMirrors_4.upk  files=2
[2071/3080] v_e_carrying_WingMirrors_5.upk  files=2
[2072/3080] v_e_carrying_WingMirrors_6.upk  files=2
[2073/3080] v_e_carrying_WingPanelsFront_1.upk  files=2
[2074/3080] v_e_carrying_WingPanelsFront_2.upk  files=2
[2075/3080] v_e_carrying_WingPanelsFront_3.upk  files=2
[2076/3080] v_e_carrying_WingPanelsFront_4.upk  files=2
[2077/3080] v_e_carrying_WingPanelsFront_5.upk  files=2
[2078/3080] v_e_carrying_WingPanelsFront_6.upk  files=0
[2079/3080] v_e_carrying_WingPanelsRear_1.upk  files=2
[2080/3080] v_e_carrying_WingPanelsRear_2.upk  files=2
[2081/3080] v_e_carrying_WingPanelsRear_3.upk  files=2
[2082/3080] v_e_carrying_WingPanelsRear_4.upk  files=2
[2083/3080] v_e_carrying_WingPanelsRear_5.upk  files=2
[2084/3080] v_e_carrying_WingPanelsRear_6.upk  files=2
[2085/3080] v_e_carrying_WingPanelsRear_7.upk  files=2
[2086/3080] V_E_Compact_AudioAmp_1.upk  files=0
[2087/3080] V_E_Compact_AudioAmp_2.upk  files=0
[2088/3080] V_E_Compact_AudioAmp_3.upk  files=0
[2089/3080] V_E_Compact_AudioAmp_4.upk  files=0
[2090/3080] V_E_Compact_AudioAmp_5.upk  files=0
[2091/3080] V_E_Compact_AudioSpeaker_1.upk  files=0
[2092/3080] V_E_Compact_AudioSpeaker_2.upk  files=0
[2093/3080] V_E_Compact_AudioSpeaker_3.upk  files=0
[2094/3080] V_E_Compact_AudioSpeaker_4.upk  files=0
[2095/3080] V_E_Compact_AudioSpeaker_5.upk  files=0
[2096/3080] V_E_Compact_BrakeCalipers_1.upk  files=2
[2097/3080] V_E_Compact_BullBars_1.upk  files=2
[2098/3080] V_E_Compact_BullBars_2.upk  files=2
[2099/3080] V_E_Compact_BullBars_3.upk  files=2
[2100/3080] V_E_Compact_BumperFront_1.upk  files=2
[2101/3080] V_E_Compact_BumperFront_2.upk  files=2
[2102/3080] V_E_Compact_BumperFront_3.upk  files=2
[2103/3080] V_E_Compact_BumperRear_1.upk  files=2
[2104/3080] V_E_Compact_BumperRear_2.upk  files=2
[2105/3080] V_E_Compact_BumperRear_3.upk  files=2
[2106/3080] V_E_Compact_Doors_1.upk  files=2
[2107/3080] V_E_Compact_FogLightsGlass_1.upk  files=2
[2108/3080] V_E_Compact_FogLightsGlass_2.upk  files=2
[2109/3080] V_E_Compact_FogLightsGlass_3.upk  files=2
[2110/3080] V_E_Compact_FogLightsMain_1.upk  files=2
[2111/3080] V_E_Compact_FogLightsMain_2.upk  files=2
[2112/3080] V_E_Compact_FogLightsMain_3.upk  files=2
[2113/3080] V_E_Compact_Grill_1.upk  files=2
[2114/3080] V_E_Compact_Grill_2.upk  files=2
[2115/3080] V_E_Compact_Grill_3.upk  files=2
[2116/3080] V_E_Compact_Grill_4.upk  files=2
[2117/3080] V_E_Compact_Grill_5.upk  files=2
[2118/3080] V_E_Compact_Grill_6.upk  files=2
[2119/3080] V_E_Compact_Grill_7.upk  files=2
[2120/3080] V_E_Compact_Grill_8.upk  files=2
[2121/3080] V_E_Compact_Grill_9.upk  files=2
[2122/3080] V_E_Compact_HeadLightsGlass_1.upk  files=2
[2123/3080] V_E_Compact_HeadLightsGlass_2.upk  files=2
[2124/3080] V_E_Compact_HeadLightsGlass_3.upk  files=2
[2125/3080] V_E_Compact_HeadLightsMain_1.upk  files=2
[2126/3080] V_E_Compact_HeadLightsMain_2.upk  files=2
[2127/3080] V_E_Compact_HeadLightsMain_3.upk  files=2
[2128/3080] V_E_Compact_Hood_1.upk  files=2
[2129/3080] V_E_Compact_Hood_2.upk  files=2
[2130/3080] V_E_Compact_Hood_3.upk  files=2
[2131/3080] V_E_Compact_PoliceLightsMain_1.upk  files=2
[2132/3080] V_E_Compact_PoliceLightsMain_2.upk  files=2
[2133/3080] V_E_Compact_PoliceLightsMain_3.upk  files=2
[2134/3080] V_E_Compact_PoliceLightsMain_4.upk  files=2
[2135/3080] V_E_Compact_PoliceLightsMain_5.upk  files=2
[2136/3080] V_E_Compact_PoliceLightsMain_6.upk  files=2
[2137/3080] V_E_Compact_PoliceLightsMain_7.upk  files=2
[2138/3080] V_E_Compact_PoliceLightsSecondary_1.upk  files=2
[2139/3080] V_E_Compact_PoliceLightsSecondary_2.upk  files=2
[2140/3080] V_E_Compact_PoliceLightsSecondary_3.upk  files=2
[2141/3080] V_E_Compact_RoofExterior_1.upk  files=2
[2142/3080] V_E_Compact_RoofExterior_2.upk  files=2
[2143/3080] V_E_Compact_RoofExterior_3.upk  files=2
[2144/3080] V_E_Compact_RoofGlass_1.upk  files=2
[2145/3080] V_E_Compact_RoofGlass_2.upk  files=2
[2146/3080] V_E_Compact_RoofGlass_3.upk  files=2
[2147/3080] V_E_Compact_RoofInterior_1.upk  files=2
[2148/3080] V_E_Compact_RoofInterior_2.upk  files=2
[2149/3080] V_E_Compact_RoofInterior_3.upk  files=2
[2150/3080] V_E_Compact_SeatsFront_1.upk  files=2
[2151/3080] V_E_Compact_SeatsFront_2.upk  files=2
[2152/3080] V_E_Compact_SeatsFront_3.upk  files=2
[2153/3080] V_E_Compact_SideSkirts_1.upk  files=2
[2154/3080] V_E_Compact_SideSkirts_2.upk  files=2
[2155/3080] V_E_Compact_SideSkirts_3.upk  files=2
[2156/3080] V_E_Compact_SteeringWheel_1.upk  files=2
[2157/3080] V_E_Compact_SteeringWheel_2.upk  files=2
[2158/3080] V_E_Compact_SteeringWheel_3.upk  files=2
[2159/3080] V_E_Compact_TaillightsGlass_1.upk  files=2
[2160/3080] V_E_Compact_TaillightsGlass_2.upk  files=2
[2161/3080] V_E_Compact_TaillightsGlass_3.upk  files=2
[2162/3080] V_E_Compact_TaillightsMain_1.upk  files=2
[2163/3080] V_E_Compact_TaillightsMain_2.upk  files=2
[2164/3080] V_E_Compact_TaillightsMain_3.upk  files=2
[2165/3080] V_E_Compact_WheelBootProp_1.upk  files=2
[2166/3080] V_E_Compact_WheelBoot_1.upk  files=2
[2167/3080] V_E_Compact_WheelBoot_2.upk  files=2
[2168/3080] V_E_Compact_WheelBoot_3.upk  files=2
[2169/3080] V_E_Compact_Wheels_1.upk  files=4
[2170/3080] V_E_Compact_Wheels_10.upk  files=4
[2171/3080] V_E_Compact_Wheels_11.upk  files=4
[2172/3080] V_E_Compact_Wheels_12.upk  files=4
[2173/3080] V_E_Compact_Wheels_2.upk  files=4
[2174/3080] V_E_Compact_Wheels_3.upk  files=4
[2175/3080] V_E_Compact_Wheels_4.upk  files=4
[2176/3080] V_E_Compact_Wheels_5.upk  files=4
[2177/3080] V_E_Compact_Wheels_6.upk  files=4
[2178/3080] V_E_Compact_Wheels_7.upk  files=4
[2179/3080] V_E_Compact_Wheels_8.upk  files=4
[2180/3080] V_E_Compact_Wheels_9.upk  files=4
[2181/3080] V_E_Compact_WingMirrors_1.upk  files=2
[2182/3080] V_E_Compact_WingMirrors_2.upk  files=2
[2183/3080] V_E_Compact_WingMirrors_3.upk  files=2
[2184/3080] V_E_Compact_WingPanels_1.upk  files=2
[2185/3080] V_E_Compact_WingPanels_2.upk  files=2
[2186/3080] V_E_Compact_WingPanels_3.upk  files=2
[2187/3080] v_e_compact_AudioDumpValve_1.upk  files=0
[2188/3080] v_e_compact_AudioDumpValve_2.upk  files=0
[2189/3080] v_e_compact_AudioDumpValve_3.upk  files=0
[2190/3080] v_e_compact_AudioDumpValve_4.upk  files=0
[2191/3080] v_e_compact_AudioDumpValve_5.upk  files=0
[2192/3080] v_e_compact_AudioDumpValve_6.upk  files=0
[2193/3080] v_e_compact_AudioExhaust_1.upk  files=0
[2194/3080] v_e_compact_AudioExhaust_2.upk  files=0
[2195/3080] v_e_compact_AudioExhaust_3.upk  files=0
[2196/3080] v_e_compact_AudioExhaust_4.upk  files=0
[2197/3080] v_e_compact_AudioTransmission_1.upk  files=0
[2198/3080] v_e_compact_AudioTransmission_2.upk  files=0
[2199/3080] v_e_compact_AudioTransmission_3.upk  files=0
[2200/3080] v_e_compact_AudioTransmission_4.upk  files=0
[2201/3080] v_e_compact_AudioTurbo_1.upk  files=2
[2202/3080] v_e_compact_AudioTurbo_2.upk  files=2
[2203/3080] v_e_compact_AudioTurbo_3.upk  files=2
[2204/3080] v_e_compact_AudioTurbo_4.upk  files=2
[2205/3080] v_e_compact_BullBars_4.upk  files=2
[2206/3080] v_e_compact_BullBars_5.upk  files=2
[2207/3080] v_e_compact_BullBars_6.upk  files=2
[2208/3080] v_e_compact_BullBars_7.upk  files=2
[2209/3080] v_e_compact_BullBars_8.upk  files=2
[2210/3080] v_e_compact_BumperFront_4.upk  files=2
[2211/3080] v_e_compact_BumperFront_5.upk  files=2
[2212/3080] v_e_compact_BumperFront_6.upk  files=2
[2213/3080] v_e_compact_BumperFront_7.upk  files=2
[2214/3080] v_e_compact_BumperFront_8.upk  files=2
[2215/3080] v_e_compact_BumperFront_9.upk  files=2
[2216/3080] v_e_compact_BumperRear_4.upk  files=2
[2217/3080] v_e_compact_BumperRear_5.upk  files=2
[2218/3080] v_e_compact_BumperRear_6.upk  files=2
[2219/3080] v_e_compact_BumperRear_7.upk  files=2
[2220/3080] v_e_compact_BumperRear_8.upk  files=2
[2221/3080] v_e_compact_BumperRear_9.upk  files=2
[2222/3080] v_e_compact_DoorsInterior_1.upk  files=2
[2223/3080] v_e_compact_DoorsInterior_2.upk  files=2
[2224/3080] v_e_compact_DoorsInterior_3.upk  files=2
[2225/3080] v_e_compact_Doors_2.upk  files=2
[2226/3080] v_e_compact_Doors_3.upk  files=2
[2227/3080] v_e_compact_Doors_4.upk  files=2
[2228/3080] v_e_compact_Doors_5.upk  files=2
[2229/3080] v_e_compact_Grill_10.upk  files=2
[2230/3080] v_e_compact_Grill_11.upk  files=2
[2231/3080] v_e_compact_HeadLightsGlass_4.upk  files=2
[2232/3080] v_e_compact_HeadLightsMain_4.upk  files=2
[2233/3080] v_e_compact_HeadLightsMain_5.upk  files=2
[2234/3080] v_e_compact_Hood_4.upk  files=2
[2235/3080] v_e_compact_Hood_5.upk  files=2
[2236/3080] v_e_compact_Hood_6.upk  files=2
[2237/3080] v_e_compact_PoliceLightsGlass_1.upk  files=2
[2238/3080] v_e_compact_PoliceLightsGlass_2.upk  files=2
[2239/3080] v_e_compact_PoliceLightsMain_10.upk  files=2
[2240/3080] v_e_compact_PoliceLightsMain_11.upk  files=2
[2241/3080] v_e_compact_PoliceLightsMain_12.upk  files=2
[2242/3080] v_e_compact_PoliceLightsMain_13.upk  files=2
[2243/3080] v_e_compact_PoliceLightsMain_8.upk  files=2
[2244/3080] v_e_compact_PoliceLightsMain_9.upk  files=2
[2245/3080] v_e_compact_PoliceLightsSecondary_4.upk  files=2
[2246/3080] v_e_compact_RoofExterior_4.upk  files=2
[2247/3080] v_e_compact_RoofExterior_5.upk  files=2
[2248/3080] v_e_compact_RoofExterior_6.upk  files=2
[2249/3080] v_e_compact_RoofGlass_4.upk  files=2
[2250/3080] v_e_compact_RoofGlass_5.upk  files=2
[2251/3080] v_e_compact_RoofInterior_4.upk  files=2
[2252/3080] v_e_compact_RoofInterior_5.upk  files=2
[2253/3080] v_e_compact_RoofProps_1.upk  files=2
[2254/3080] v_e_compact_SeatsFront_4.upk  files=2
[2255/3080] v_e_compact_SeatsFront_5.upk  files=2
[2256/3080] v_e_compact_SideSkirts_4.upk  files=2
[2257/3080] v_e_compact_SideSkirts_5.upk  files=2
[2258/3080] v_e_compact_SideSkirts_6.upk  files=2
[2259/3080] v_e_compact_SideSkirts_7.upk  files=2
[2260/3080] v_e_compact_SideSkirts_8.upk  files=2
[2261/3080] v_e_compact_SideSkirts_9.upk  files=2
[2262/3080] v_e_compact_SteeringWheel_4.upk  files=2
[2263/3080] v_e_compact_SteeringWheel_5.upk  files=2
[2264/3080] v_e_compact_Tailgate_1.upk  files=2
[2265/3080] v_e_compact_Tailgate_2.upk  files=2
[2266/3080] v_e_compact_Tailgate_3.upk  files=2
[2267/3080] v_e_compact_Tailgate_4.upk  files=2
[2268/3080] v_e_compact_TaillightsMain_4.upk  files=2
[2269/3080] v_e_compact_TaillightsMain_5.upk  files=2
[2270/3080] v_e_compact_TaillightsMain_6.upk  files=2
[2271/3080] v_e_compact_WheelBootProp_2.upk  files=2
[2272/3080] v_e_compact_Wheels_13.upk  files=4
[2273/3080] v_e_compact_Wheels_14.upk  files=4
[2274/3080] v_e_compact_Wheels_15.upk  files=4
[2275/3080] v_e_compact_Wheels_16.upk  files=4
[2276/3080] v_e_compact_Wheels_17.upk  files=4
[2277/3080] v_e_compact_Wheels_18.upk  files=4
[2278/3080] v_e_compact_Wheels_19.upk  files=4
[2279/3080] v_e_compact_Wheels_20.upk  files=4
[2280/3080] v_e_compact_Wheels_21.upk  files=4
[2281/3080] v_e_compact_Wheels_22.upk  files=4
[2282/3080] v_e_compact_Wheels_23.upk  files=4
[2283/3080] v_e_compact_WingMirrors_4.upk  files=2
[2284/3080] v_e_compact_WingMirrors_5.upk  files=2
[2285/3080] v_e_compact_WingPanelsRear_1.upk  files=2
[2286/3080] v_e_compact_WingPanelsRear_2.upk  files=2
[2287/3080] v_e_compact_WingPanelsRear_3.upk  files=2
[2288/3080] v_e_compact_WingPanelsRear_4.upk  files=2
[2289/3080] v_e_compact_WingPanelsRear_5.upk  files=2
[2290/3080] v_e_compact_WingPanelsRear_6.upk  files=2
[2291/3080] v_e_compact_WingPanelsRear_7.upk  files=2
[2292/3080] v_e_compact_WingPanelsRear_8.upk  files=2
[2293/3080] v_e_compact_WingPanelsRear_9.upk  files=2
[2294/3080] v_e_compact_WingPanels_4.upk  files=2
[2295/3080] v_e_compact_WingPanels_5.upk  files=2
[2296/3080] v_e_compact_WingPanels_6.upk  files=2
[2297/3080] v_e_compact_WingPanels_7.upk  files=2
[2298/3080] v_e_compact_WingPanels_8.upk  files=2
[2299/3080] v_e_compact_WingPanels_9.upk  files=2
[2300/3080] V_E_Perf_AudioAmp_1.upk  files=0
[2301/3080] V_E_Perf_AudioAmp_2.upk  files=0
[2302/3080] V_E_Perf_AudioAmp_3.upk  files=0
[2303/3080] V_E_Perf_AudioAmp_4.upk  files=0
[2304/3080] V_E_Perf_AudioAmp_5.upk  files=0
[2305/3080] V_E_Perf_AudioDumpValve_1.upk  files=0
[2306/3080] V_E_Perf_AudioDumpValve_2.upk  files=0
[2307/3080] V_E_Perf_AudioDumpValve_3.upk  files=0
[2308/3080] V_E_Perf_AudioSpeaker_1.upk  files=0
[2309/3080] V_E_Perf_AudioSpeaker_2.upk  files=0
[2310/3080] V_E_Perf_AudioSpeaker_3.upk  files=0
[2311/3080] V_E_Perf_AudioSpeaker_4.upk  files=0
[2312/3080] V_E_Perf_AudioSpeaker_5.upk  files=0
[2313/3080] V_E_Perf_AudioTransmission_1.upk  files=0
[2314/3080] V_E_Perf_AudioTransmission_2.upk  files=0
[2315/3080] V_E_Perf_AudioTransmission_3.upk  files=0
[2316/3080] V_E_Perf_AudioTurbo_1.upk  files=0
[2317/3080] V_E_Perf_AudioTurbo_2.upk  files=0
[2318/3080] V_E_Perf_AudioTurbo_3.upk  files=0
[2319/3080] V_E_Perf_BrakeCalipers_1.upk  files=2
[2320/3080] V_E_Perf_BullBars_1.upk  files=2
[2321/3080] V_E_Perf_BullBars_2.upk  files=2
[2322/3080] V_E_Perf_BumperFront_1.upk  files=2
[2323/3080] V_E_Perf_BumperFront_2.upk  files=2
[2324/3080] V_E_Perf_BumperFront_3.upk  files=2
[2325/3080] V_E_Perf_BumperRear_1.upk  files=2
[2326/3080] V_E_Perf_BumperRear_2.upk  files=2
[2327/3080] V_E_Perf_BumperRear_3.upk  files=2
[2328/3080] V_E_Perf_Dashboard_1.upk  files=2
[2329/3080] V_E_Perf_Doors_1.upk  files=2
[2330/3080] V_E_Perf_EngineComponents_1.upk  files=2
[2331/3080] V_E_Perf_Grill_1.upk  files=2
[2332/3080] V_E_Perf_HeadlightsGlass_1.upk  files=2
[2333/3080] V_E_Perf_HeadlightsGlass_2.upk  files=2
[2334/3080] V_E_Perf_HeadlightsGlass_3.upk  files=2
[2335/3080] V_E_Perf_HeadlightsMain_1.upk  files=2
[2336/3080] V_E_Perf_HeadlightsMain_2.upk  files=2
[2337/3080] V_E_Perf_HeadlightsMain_3.upk  files=2
[2338/3080] V_E_Perf_Hood_1.upk  files=2
[2339/3080] V_E_Perf_Hood_2.upk  files=2
[2340/3080] V_E_Perf_Hood_3.upk  files=2
[2341/3080] V_E_Perf_InteriorProps_1.upk  files=2
[2342/3080] V_E_Perf_Louvers_1.upk  files=2
[2343/3080] V_E_Perf_Louvers_2.upk  files=2
[2344/3080] V_E_Perf_PoliceLightsMain_1.upk  files=2
[2345/3080] V_E_Perf_PoliceLightsMain_2.upk  files=2
[2346/3080] V_E_Perf_PoliceLightsMain_3.upk  files=2
[2347/3080] V_E_Perf_PoliceLightsMain_4.upk  files=2
[2348/3080] V_E_Perf_PoliceLightsMain_5.upk  files=2
[2349/3080] V_E_Perf_PoliceLightsMain_6.upk  files=2
[2350/3080] V_E_Perf_PoliceLightsMain_7.upk  files=2
[2351/3080] V_E_Perf_Policelights2nd_1.upk  files=2
[2352/3080] V_E_Perf_Policelights2nd_2.upk  files=2
[2353/3080] V_E_Perf_Policelights2nd_3.upk  files=2
[2354/3080] V_E_Perf_RoofGlass_1.upk  files=2
[2355/3080] V_E_Perf_RoofInterior_1.upk  files=2
[2356/3080] V_E_Perf_Roof_1.upk  files=2
[2357/3080] V_E_Perf_SeatsFront_1.upk  files=2
[2358/3080] V_E_Perf_SeatsFront_2.upk  files=2
[2359/3080] V_E_Perf_SeatsFront_3.upk  files=2
[2360/3080] V_E_Perf_SideSkirts_1.upk  files=2
[2361/3080] V_E_Perf_SideSkirts_2.upk  files=2
[2362/3080] V_E_Perf_SideSkirts_3.upk  files=2
[2363/3080] V_E_Perf_Spoiler_1.upk  files=2
[2364/3080] V_E_Perf_Spoiler_2.upk  files=2
[2365/3080] V_E_Perf_Spoiler_3.upk  files=2
[2366/3080] V_E_Perf_SpotLightsMain_1.upk  files=2
[2367/3080] V_E_Perf_SpotLightsMain_2.upk  files=2
[2368/3080] V_E_Perf_SpotLightsMain_3.upk  files=2
[2369/3080] V_E_Perf_SteeringWheel_1.upk  files=2
[2370/3080] V_E_Perf_SteeringWheel_2.upk  files=2
[2371/3080] V_E_Perf_SteeringWheel_3.upk  files=2
[2372/3080] V_E_Perf_TailLightsGlass_1.upk  files=2
[2373/3080] V_E_Perf_TailLightsGlass_2.upk  files=2
[2374/3080] V_E_Perf_TailLightsGlass_3.upk  files=2
[2375/3080] V_E_Perf_TailLightsMain_1.upk  files=2
[2376/3080] V_E_Perf_TailLightsMain_2.upk  files=2
[2377/3080] V_E_Perf_TailLightsMain_3.upk  files=2
[2378/3080] V_E_Perf_Wheels_1.upk  files=4
[2379/3080] V_E_Perf_Wheels_10.upk  files=4
[2380/3080] V_E_Perf_Wheels_11.upk  files=4
[2381/3080] V_E_Perf_Wheels_12.upk  files=4
[2382/3080] V_E_Perf_Wheels_2.upk  files=4
[2383/3080] V_E_Perf_Wheels_3.upk  files=4
[2384/3080] V_E_Perf_Wheels_4.upk  files=4
[2385/3080] V_E_Perf_Wheels_5.upk  files=4
[2386/3080] V_E_Perf_Wheels_6.upk  files=4
[2387/3080] V_E_Perf_Wheels_7.upk  files=4
[2388/3080] V_E_Perf_Wheels_8.upk  files=4
[2389/3080] V_E_Perf_Wheels_9.upk  files=4
[2390/3080] V_E_Perf_WingMirrors_1.upk  files=2
[2391/3080] V_E_Perf_WingMirrors_2.upk  files=2
[2392/3080] V_E_Perf_WingMirrors_3.upk  files=2
[2393/3080] V_E_Perf_WingPanels_1.upk  files=2
[2394/3080] V_E_Perf_WingPanels_2.upk  files=2
[2395/3080] v_e_perf_AudioDumpValve_10.upk  files=0
[2396/3080] v_e_perf_AudioDumpValve_4.upk  files=0
[2397/3080] v_e_perf_AudioDumpValve_5.upk  files=0
[2398/3080] v_e_perf_AudioDumpValve_6.upk  files=0
[2399/3080] v_e_perf_AudioDumpValve_7.upk  files=0
[2400/3080] v_e_perf_AudioDumpValve_8.upk  files=0
[2401/3080] v_e_perf_AudioDumpValve_9.upk  files=0
[2402/3080] v_e_perf_AudioExhaust_1.upk  files=0
[2403/3080] v_e_perf_AudioExhaust_2.upk  files=0
[2404/3080] v_e_perf_AudioExhaust_3.upk  files=0
[2405/3080] v_e_perf_AudioExhaust_4.upk  files=0
[2406/3080] v_e_perf_AudioExhaust_5.upk  files=0
[2407/3080] v_e_perf_AudioTransmission_4.upk  files=0
[2408/3080] v_e_perf_AudioTransmission_5.upk  files=0
[2409/3080] v_e_perf_AudioTurbo_4.upk  files=0
[2410/3080] v_e_perf_AudioTurbo_5.upk  files=0
[2411/3080] v_e_perf_BullBars_3.upk  files=2
[2412/3080] v_e_perf_BullBars_4.upk  files=2
[2413/3080] v_e_perf_BullBars_5.upk  files=2
[2414/3080] v_e_perf_BullBars_6.upk  files=2
[2415/3080] v_e_perf_BumperFront_4.upk  files=2
[2416/3080] v_e_perf_BumperFront_5.upk  files=2
[2417/3080] v_e_perf_BumperFront_6.upk  files=2
[2418/3080] v_e_perf_BumperFront_7.upk  files=2
[2419/3080] v_e_perf_BumperRear_4.upk  files=2
[2420/3080] v_e_perf_BumperRear_5.upk  files=2
[2421/3080] v_e_perf_BumperRear_6.upk  files=2
[2422/3080] v_e_perf_Dashboard_2.upk  files=2
[2423/3080] v_e_perf_Dashboard_3.upk  files=2
[2424/3080] v_e_perf_Dashboard_4.upk  files=2
[2425/3080] v_e_perf_Dashboard_5.upk  files=2
[2426/3080] v_e_perf_Dashboard_6.upk  files=2
[2427/3080] v_e_perf_DoorsInterior_1.upk  files=2
[2428/3080] v_e_perf_DoorsInterior_2.upk  files=2
[2429/3080] v_e_perf_DoorsInterior_3.upk  files=2
[2430/3080] v_e_perf_DoorsInterior_4.upk  files=2
[2431/3080] v_e_perf_DoorsInterior_5.upk  files=2
[2432/3080] v_e_perf_DoorsInterior_6.upk  files=2
[2433/3080] v_e_perf_Doors_2.upk  files=2
[2434/3080] v_e_perf_Doors_3.upk  files=2
[2435/3080] v_e_perf_Doors_4.upk  files=2
[2436/3080] v_e_perf_Doors_5.upk  files=2
[2437/3080] v_e_perf_Doors_6.upk  files=2
[2438/3080] v_e_perf_GrillGlass_1.upk  files=2
[2439/3080] v_e_perf_Grill_2.upk  files=2
[2440/3080] v_e_perf_Grill_3.upk  files=2
[2441/3080] v_e_perf_Grill_4.upk  files=2
[2442/3080] v_e_perf_Grill_5.upk  files=2
[2443/3080] v_e_perf_Grill_6.upk  files=2
[2444/3080] v_e_perf_Grill_7.upk  files=2
[2445/3080] v_e_perf_Grill_8.upk  files=2
[2446/3080] v_e_perf_Grill_9.upk  files=2
[2447/3080] v_e_perf_HeadlightsGlass_4.upk  files=2
[2448/3080] v_e_perf_HeadlightsGlass_5.upk  files=2
[2449/3080] v_e_perf_HeadlightsMain_4.upk  files=2
[2450/3080] v_e_perf_HeadlightsMain_5.upk  files=2
[2451/3080] v_e_perf_HeadlightsMain_6.upk  files=2
[2452/3080] v_e_perf_HeadlightsMain_7.upk  files=0
[2453/3080] v_e_perf_HoodGlass_1.upk  files=2
[2454/3080] v_e_perf_Hood_4.upk  files=2
[2455/3080] v_e_perf_Hood_5.upk  files=2
[2456/3080] v_e_perf_Hood_6.upk  files=2
[2457/3080] v_e_perf_Hood_7.upk  files=2
[2458/3080] v_e_perf_InteriorProps_2.upk  files=2
[2459/3080] v_e_perf_Louvers_3.upk  files=2
[2460/3080] v_e_perf_Louvers_4.upk  files=2
[2461/3080] v_e_perf_Louvers_5.upk  files=2
[2462/3080] v_e_perf_Louvers_6.upk  files=2
[2463/3080] v_e_perf_PoliceLightsGlass_1.upk  files=2
[2464/3080] v_e_perf_PoliceLightsGlass_2.upk  files=2
[2465/3080] v_e_perf_PoliceLightsGlass_3.upk  files=2
[2466/3080] v_e_perf_PoliceLightsMain_10.upk  files=2
[2467/3080] v_e_perf_PoliceLightsMain_11.upk  files=2
[2468/3080] v_e_perf_PoliceLightsMain_12.upk  files=2
[2469/3080] v_e_perf_PoliceLightsMain_13.upk  files=2
[2470/3080] v_e_perf_PoliceLightsMain_8.upk  files=2
[2471/3080] v_e_perf_PoliceLightsMain_9.upk  files=2
[2472/3080] v_e_perf_Policelights2nd_4.upk  files=2
[2473/3080] v_e_perf_RollCage_1.upk  files=2
[2474/3080] v_e_perf_RollCage_2.upk  files=2
[2475/3080] v_e_perf_RoofGlass_2.upk  files=2
[2476/3080] v_e_perf_RoofGlass_3.upk  files=2
[2477/3080] v_e_perf_RoofGlass_4.upk  files=2
[2478/3080] v_e_perf_RoofGlass_5.upk  files=2
[2479/3080] v_e_perf_RoofGlass_6.upk  files=2
[2480/3080] v_e_perf_RoofGlass_7.upk  files=2
[2481/3080] v_e_perf_RoofGlass_8.upk  files=2
[2482/3080] v_e_perf_RoofInterior_2.upk  files=2
[2483/3080] v_e_perf_RoofInterior_3.upk  files=2
[2484/3080] v_e_perf_RoofInterior_4.upk  files=2
[2485/3080] v_e_perf_RoofInterior_5.upk  files=2
[2486/3080] v_e_perf_RoofInterior_6.upk  files=2
[2487/3080] v_e_perf_RoofInterior_7.upk  files=2
[2488/3080] v_e_perf_RoofInterior_8.upk  files=2
[2489/3080] v_e_perf_RoofLights_1.upk  files=2
[2490/3080] v_e_perf_Roof_2.upk  files=2
[2491/3080] v_e_perf_Roof_3.upk  files=2
[2492/3080] v_e_perf_Roof_4.upk  files=2
[2493/3080] v_e_perf_Roof_5.upk  files=2
[2494/3080] v_e_perf_Roof_6.upk  files=2
[2495/3080] v_e_perf_Roof_7.upk  files=2
[2496/3080] v_e_perf_Roof_8.upk  files=2
[2497/3080] v_e_perf_SeatsFront_4.upk  files=2
[2498/3080] v_e_perf_SeatsFront_5.upk  files=2
[2499/3080] v_e_perf_SeatsFront_6.upk  files=2
[2500/3080] v_e_perf_SideSkirts_4.upk  files=2
[2501/3080] v_e_perf_SideSkirts_5.upk  files=2
[2502/3080] v_e_perf_SideSkirts_6.upk  files=2
[2503/3080] v_e_perf_SideSkirts_7.upk  files=0
[2504/3080] v_e_perf_Spoiler_4.upk  files=2
[2505/3080] v_e_perf_Spoiler_5.upk  files=2
[2506/3080] v_e_perf_Spoiler_6.upk  files=2
[2507/3080] v_e_perf_SpotLightsGlass_1.upk  files=2
[2508/3080] v_e_perf_SpotLightsGlass_2.upk  files=2
[2509/3080] v_e_perf_SpotLightsGlass_3.upk  files=2
[2510/3080] v_e_perf_SteeringWheel_4.upk  files=2
[2511/3080] v_e_perf_SteeringWheel_5.upk  files=2
[2512/3080] v_e_perf_SteeringWheel_6.upk  files=2
[2513/3080] v_e_perf_TailLightsGlass_4.upk  files=0
[2514/3080] v_e_perf_TailLightsMain_4.upk  files=2
[2515/3080] v_e_perf_TailLightsMain_5.upk  files=2
[2516/3080] v_e_perf_TailLightsMain_6.upk  files=2
[2517/3080] v_e_perf_Wheels_13.upk  files=4
[2518/3080] v_e_perf_Wheels_14.upk  files=4
[2519/3080] v_e_perf_Wheels_15.upk  files=4
[2520/3080] v_e_perf_Wheels_16.upk  files=4
[2521/3080] v_e_perf_Wheels_17.upk  files=4
[2522/3080] v_e_perf_Wheels_18.upk  files=4
[2523/3080] v_e_perf_Wheels_19.upk  files=4
[2524/3080] v_e_perf_Wheels_20.upk  files=4
[2525/3080] v_e_perf_Wheels_21.upk  files=4
[2526/3080] v_e_perf_Wheels_22.upk  files=4
[2527/3080] v_e_perf_Wheels_23.upk  files=4
[2528/3080] v_e_perf_Wheels_24.upk  files=4
[2529/3080] v_e_perf_Wheels_25.upk  files=4
[2530/3080] v_e_perf_Wheels_26.upk  files=4
[2531/3080] v_e_perf_Wheels_27.upk  files=4
[2532/3080] v_e_perf_WingMirrors_4.upk  files=2
[2533/3080] v_e_perf_WingMirrors_5.upk  files=2
[2534/3080] v_e_perf_WingMirrors_6.upk  files=2
[2535/3080] v_e_perf_WingPanelsRear_1.upk  files=2
[2536/3080] v_e_perf_WingPanelsRear_2.upk  files=2
[2537/3080] v_e_perf_WingPanelsRear_3.upk  files=2
[2538/3080] v_e_perf_WingPanelsRear_4.upk  files=2
[2539/3080] v_e_perf_WingPanelsRear_5.upk  files=2
[2540/3080] v_e_perf_WingPanelsRear_6.upk  files=2
[2541/3080] v_e_perf_WingPanels_3.upk  files=2
[2542/3080] v_e_perf_WingPanels_4.upk  files=2
[2543/3080] v_e_perf_WingPanels_5.upk  files=2
[2544/3080] v_e_perf_WingPanels_6.upk  files=2
[2545/3080] v_a_default2dr_Wheel_1.upk  files=4
[2546/3080] V_A_ExoticMuscle_AudioAmp_1.upk  files=0
[2547/3080] V_A_ExoticMuscle_AudioAmp_2.upk  files=0
[2548/3080] V_A_ExoticMuscle_AudioAmp_3.upk  files=0
[2549/3080] V_A_ExoticMuscle_AudioDumpValve_1.upk  files=0
[2550/3080] V_A_ExoticMuscle_AudioDumpValve_2.upk  files=0
[2551/3080] V_A_ExoticMuscle_AudioDumpValve_3.upk  files=0
[2552/3080] V_A_ExoticMuscle_AudioDumpValve_4.upk  files=0
[2553/3080] V_A_ExoticMuscle_AudioDumpValve_5.upk  files=0
[2554/3080] V_A_ExoticMuscle_AudioDumpValve_6.upk  files=0
[2555/3080] V_A_ExoticMuscle_AudioEngine_1.upk  files=0
[2556/3080] V_A_ExoticMuscle_AudioEngine_2.upk  files=0
[2557/3080] V_A_ExoticMuscle_AudioExhaust_1.upk  files=0
[2558/3080] V_A_ExoticMuscle_AudioExhaust_2.upk  files=0
[2559/3080] V_A_ExoticMuscle_AudioExhaust_3.upk  files=0
[2560/3080] V_A_ExoticMuscle_AudioExhaust_4.upk  files=0
[2561/3080] V_A_ExoticMuscle_AudioExhaust_5.upk  files=0
[2562/3080] V_A_ExoticMuscle_AudioExhaust_6.upk  files=0
[2563/3080] V_A_ExoticMuscle_AudioSpeaker_1.upk  files=0
[2564/3080] V_A_ExoticMuscle_AudioSpeaker_2.upk  files=0
[2565/3080] V_A_ExoticMuscle_AudioSpeaker_3.upk  files=0
[2566/3080] V_A_ExoticMuscle_AudioTransmission_1.upk  files=0
[2567/3080] V_A_ExoticMuscle_AudioTransmission_2.upk  files=0
[2568/3080] V_A_ExoticMuscle_AudioTransmission_3.upk  files=0
[2569/3080] V_A_ExoticMuscle_AudioTransmission_4.upk  files=0
[2570/3080] V_A_ExoticMuscle_AudioTurbo_1.upk  files=0
[2571/3080] V_A_ExoticMuscle_AudioTurbo_2.upk  files=0
[2572/3080] V_A_ExoticMuscle_AudioTurbo_3.upk  files=0
[2573/3080] V_A_ExoticMuscle_AudioTurbo_4.upk  files=0
[2574/3080] V_A_ExoticMuscle_BrakeCallipers_1.upk  files=2
[2575/3080] V_A_ExoticMuscle_BumperFront_2.upk  files=2
[2576/3080] V_A_ExoticMuscle_BumperFront_3.upk  files=2
[2577/3080] V_A_ExoticMuscle_BumperFront_4.upk  files=2
[2578/3080] V_A_ExoticMuscle_BumperFront_5.upk  files=2
[2579/3080] V_A_ExoticMuscle_BumperFront_6.upk  files=2
[2580/3080] V_A_ExoticMuscle_BumperRear_2.upk  files=2
[2581/3080] V_A_ExoticMuscle_BumperRear_3.upk  files=2
[2582/3080] V_A_ExoticMuscle_BumperRear_4.upk  files=2
[2583/3080] V_A_ExoticMuscle_BumperRear_5.upk  files=3
[2584/3080] V_A_ExoticMuscle_BumperRear_6.upk  files=2
[2585/3080] V_A_ExoticMuscle_Doors_2.upk  files=2
[2586/3080] V_A_ExoticMuscle_Doors_3.upk  files=2
[2587/3080] V_A_ExoticMuscle_Doors_4.upk  files=2
[2588/3080] V_A_ExoticMuscle_Doors_5.upk  files=2
[2589/3080] V_A_ExoticMuscle_Doors_6.upk  files=2
[2590/3080] V_A_ExoticMuscle_HeadlightsGlass_2.upk  files=2
[2591/3080] V_A_ExoticMuscle_HeadlightsGlass_3.upk  files=2
[2592/3080] V_A_ExoticMuscle_HeadlightsMain_2.upk  files=2
[2593/3080] V_A_ExoticMuscle_HeadlightsMain_3.upk  files=2
[2594/3080] V_A_ExoticMuscle_HeadlightsMain_4.upk  files=2
[2595/3080] V_A_ExoticMuscle_HeadlightsMain_5.upk  files=2
[2596/3080] V_A_ExoticMuscle_HoodProp_1.upk  files=2
[2597/3080] V_A_ExoticMuscle_HoodProp_2.upk  files=2
[2598/3080] V_A_ExoticMuscle_Hood_2.upk  files=2
[2599/3080] V_A_ExoticMuscle_Hood_3.upk  files=2
[2600/3080] V_A_ExoticMuscle_Hood_4.upk  files=2
[2601/3080] V_A_ExoticMuscle_Hood_5.upk  files=3
[2602/3080] V_A_ExoticMuscle_Hood_6.upk  files=2
[2603/3080] V_A_ExoticMuscle_Interior_1.upk  files=2
[2604/3080] V_A_ExoticMuscle_PoliceLightsGlass_1.upk  files=2
[2605/3080] V_A_ExoticMuscle_PoliceLightsGlass_2.upk  files=2
[2606/3080] V_A_ExoticMuscle_PoliceLightsGlass_3.upk  files=0
[2607/3080] V_A_ExoticMuscle_PoliceLightsMain_1.upk  files=2
[2608/3080] V_A_ExoticMuscle_PoliceLightsMain_2.upk  files=2
[2609/3080] V_A_ExoticMuscle_PoliceLightsMain_3.upk  files=2
[2610/3080] V_A_ExoticMuscle_PoliceLightsMain_4.upk  files=2
[2611/3080] V_A_ExoticMuscle_PoliceLightsMain_5.upk  files=2
[2612/3080] V_A_ExoticMuscle_PoliceLightsMain_6.upk  files=2
[2613/3080] V_A_ExoticMuscle_PoliceLightsMain_7.upk  files=0
[2614/3080] V_A_ExoticMuscle_PoliceLightsMain_8.upk  files=0
[2615/3080] V_A_ExoticMuscle_PoliceLightsSecondary_1.upk  files=2
[2616/3080] V_A_ExoticMuscle_PoliceLightsSecondary_2.upk  files=2
[2617/3080] V_A_ExoticMuscle_PoliceLightsSecondary_3.upk  files=2
[2618/3080] V_A_ExoticMuscle_PoliceLightsSecondary_4.upk  files=2
[2619/3080] V_A_ExoticMuscle_RoofGlass_2.upk  files=2
[2620/3080] V_A_ExoticMuscle_RoofGlass_3.upk  files=2
[2621/3080] V_A_ExoticMuscle_RoofInterior_1.upk  files=2
[2622/3080] V_A_ExoticMuscle_RoofInterior_2.upk  files=2
[2623/3080] V_A_ExoticMuscle_RoofInterior_3.upk  files=2
[2624/3080] V_A_ExoticMuscle_Roof_2.upk  files=2
[2625/3080] V_A_ExoticMuscle_Roof_3.upk  files=2
[2626/3080] V_A_ExoticMuscle_Roof_4.upk  files=2
[2627/3080] V_A_ExoticMuscle_Roof_5.upk  files=2
[2628/3080] V_A_ExoticMuscle_Roof_6.upk  files=2
[2629/3080] V_A_ExoticMuscle_SideSkirts_2.upk  files=2
[2630/3080] V_A_ExoticMuscle_SideSkirts_3.upk  files=2
[2631/3080] V_A_ExoticMuscle_SideSkirts_4.upk  files=2
[2632/3080] V_A_ExoticMuscle_SideSkirts_5.upk  files=2
[2633/3080] V_A_ExoticMuscle_SideSkirts_6.upk  files=2
[2634/3080] V_A_ExoticMuscle_SpoilerGlass_2.upk  files=2
[2635/3080] V_A_ExoticMuscle_SpoilerGlass_3.upk  files=2
[2636/3080] V_A_ExoticMuscle_Spoiler_2.upk  files=2
[2637/3080] V_A_ExoticMuscle_Spoiler_3.upk  files=2
[2638/3080] V_A_ExoticMuscle_Spoiler_4.upk  files=2
[2639/3080] V_A_ExoticMuscle_Spoiler_5.upk  files=2
[2640/3080] V_A_ExoticMuscle_Spoiler_6.upk  files=2
[2641/3080] V_A_ExoticMuscle_TaillightsGlass_2.upk  files=2
[2642/3080] V_A_ExoticMuscle_TaillightsGlass_3.upk  files=2
[2643/3080] V_A_ExoticMuscle_TaillightsMain_2.upk  files=2
[2644/3080] V_A_ExoticMuscle_TaillightsMain_3.upk  files=2
[2645/3080] V_A_ExoticMuscle_TaillightsMain_4.upk  files=2
[2646/3080] V_A_ExoticMuscle_TaillightsMain_5.upk  files=2
[2647/3080] V_A_ExoticMuscle_Wheel_1.upk  files=4
[2648/3080] V_A_ExoticMuscle_Wheel_2.upk  files=4
[2649/3080] V_A_ExoticMuscle_Wheel_3.upk  files=4
[2650/3080] V_A_ExoticMuscle_Wheel_4.upk  files=4
[2651/3080] V_A_ExoticMuscle_Wheel_5.upk  files=4
[2652/3080] V_A_ExoticMuscle_Wheel_6.upk  files=4
[2653/3080] V_A_ExoticMuscle_Wheel_7.upk  files=4
[2654/3080] V_A_ExoticMuscle_Wheel_8.upk  files=4
[2655/3080] V_A_ExoticMuscle_Wheel_9.upk  files=4
[2656/3080] V_A_ExoticMuscle_WindowWipers_1.upk  files=2
[2657/3080] V_A_ExoticMuscle_WingMirrors_2.upk  files=2
[2658/3080] V_A_ExoticMuscle_WingMirrors_3.upk  files=2
[2659/3080] V_A_ExoticMuscle_WingMirrors_4.upk  files=2
[2660/3080] V_A_ExoticMuscle_WingPanelsFront_2.upk  files=2
[2661/3080] V_A_ExoticMuscle_WingPanelsFront_3.upk  files=2
[2662/3080] V_A_ExoticMuscle_WingPanelsFront_4.upk  files=2
[2663/3080] V_A_ExoticMuscle_WingPanelsFront_5.upk  files=2
[2664/3080] V_A_ExoticMuscle_WingPanelsFront_6.upk  files=2
[2665/3080] V_A_ExoticMuscle_WingPanelsRear_2.upk  files=2
[2666/3080] V_A_ExoticMuscle_WingPanelsRear_3.upk  files=2
[2667/3080] V_A_ExoticMuscle_WingPanelsRear_4.upk  files=2
[2668/3080] V_A_ExoticMuscle_WingPanelsRear_5.upk  files=2
[2669/3080] V_A_ExoticMuscle_WingPanelsRear_6.upk  files=2
[2670/3080] V_A_ExoticMuscle_WingPanelsRear_7.upk  files=0
[2671/3080] V_A_ExoticMuscle_WipersFront_1.upk  files=2
[2672/3080] v_a_exoticmuscle_BumperFront_1.upk  files=2
[2673/3080] v_a_exoticmuscle_BumperRear_1.upk  files=2
[2674/3080] v_a_exoticmuscle_Doors_1.upk  files=2
[2675/3080] v_a_exoticmuscle_Exhaust_1.upk  files=2
[2676/3080] v_a_exoticmuscle_HeadlightsGlass_1.upk  files=2
[2677/3080] v_a_exoticmuscle_HeadlightsMain_1.upk  files=2
[2678/3080] v_a_exoticmuscle_Hood_1.upk  files=2
[2679/3080] v_a_exoticmuscle_RoofGlass_1.upk  files=2
[2680/3080] v_a_exoticmuscle_Roof_1.upk  files=2
[2681/3080] v_a_exoticmuscle_SeatsFront_1.upk  files=2
[2682/3080] v_a_exoticmuscle_SideSkirts_1.upk  files=2
[2683/3080] v_a_exoticmuscle_SpoilerGlass_1.upk  files=2
[2684/3080] v_a_exoticmuscle_Spoiler_1.upk  files=2
[2685/3080] v_a_exoticmuscle_SteeringWheel_1.upk  files=2
[2686/3080] v_a_exoticmuscle_TaillightsGlass_1.upk  files=2
[2687/3080] v_a_exoticmuscle_TaillightsMain_1.upk  files=2
[2688/3080] v_a_exoticmuscle_WingMirrors_1.upk  files=2
[2689/3080] v_a_exoticmuscle_WingPanelsFront_1.upk  files=2
[2690/3080] v_a_exoticmuscle_WingPanelsRear_1.upk  files=2
[2691/3080] V_A_2DrCoupe.upk  files=21
[2692/3080] V_A_2DrCoupe_AreaMasks.upk  files=56
[2693/3080] V_A_2DrCoupe_Textures_1.upk  files=10
[2694/3080] V_A_2DrCoupe_Textures_2.upk  files=3
[2695/3080] V_A_2DrCoupe_Textures_3.upk  files=3
[2696/3080] V_A_2DrCoupe_Textures_4.upk  files=3
[2697/3080] V_A_2DrCoupe_Textures_5.upk  files=3
[2698/3080] V_A_2DrCoupe_Textures_6.upk  files=3
[2699/3080] V_A_2DrCoupe_Textures_7.upk  files=3
[2700/3080] V_A_2DrCoupe_Textures_8.upk  files=2
[2701/3080] V_A_2DrVan.upk  files=19
[2702/3080] V_A_2DrVan_AreaMasks.upk  files=56
[2703/3080] V_A_2DrVan_Textures_1.upk  files=10
[2704/3080] V_A_2DrVan_Textures_2.upk  files=3
[2705/3080] V_A_2DrVan_Textures_3.upk  files=4
[2706/3080] V_A_2DrVan_Textures_4.upk  files=3
[2707/3080] V_A_2DrVan_Textures_5.upk  files=3
[2708/3080] V_A_2DrVan_Textures_6.upk  files=3
[2709/3080] V_A_2DrVan_Textures_7.upk  files=3
[2710/3080] V_A_2DrVan_Textures_8.upk  files=2
[2711/3080] V_A_LowRider.upk  files=24
[2712/3080] V_A_LowRider_AreaMasks.upk  files=55
[2713/3080] V_A_LowRider_Textures_1.upk  files=10
[2714/3080] V_A_LowRider_Textures_2.upk  files=3
[2715/3080] V_A_LowRider_Textures_3.upk  files=3
[2716/3080] V_A_LowRider_Textures_4.upk  files=3
[2717/3080] V_A_LowRider_Textures_5.upk  files=3
[2718/3080] V_A_LowRider_Textures_6.upk  files=3
[2719/3080] V_A_LowRider_Textures_7.upk  files=3
[2720/3080] V_A_LowRider_Textures_8.upk  files=4
[2721/3080] V_A_LowRider_Textures_9.upk  files=2
[2722/3080] V_A_ClassicMuscle.upk  files=30
[2723/3080] V_A_ClassicMuscle_AreaMasks.upk  files=121
[2724/3080] V_A_ClassicMuscle_Textures_1.upk  files=10
[2725/3080] V_A_ClassicMuscle_Textures_2.upk  files=6
[2726/3080] V_A_ClassicMuscle_Textures_3.upk  files=6
[2727/3080] V_A_ClassicMuscle_Textures_4.upk  files=6
[2728/3080] V_A_ClassicMuscle_Textures_5.upk  files=3
[2729/3080] V_A_ClassicMuscle_Textures_6.upk  files=3
[2730/3080] V_A_ClassicMuscle_Textures_7.upk  files=3
[2731/3080] V_A_ClassicMuscle_Textures_8.upk  files=3
[2732/3080] v_a_classicmuscle_textures_10.upk  files=2
[2733/3080] v_a_classicmuscle_textures_9.upk  files=3
[2734/3080] V_A_Convertible.upk  files=3
[2735/3080] v_a_default2dr.upk  files=2
[2736/3080] v_a_default2dr_Textures_1.upk  files=4
[2737/3080] v_a_default4dr.upk  files=2
[2738/3080] V_A_ElectricSaloon.upk  files=21
[2739/3080] V_A_ElectricSaloon_AreaMasks.upk  files=13
[2740/3080] V_A_ElectricSaloon_Textures_1.upk  files=9
[2741/3080] V_A_ExecSaloon.upk  files=19
[2742/3080] V_A_ExecSaloon_AreaMasks.upk  files=90
[2743/3080] V_A_ExecSaloon_Textures_1.upk  files=10
[2744/3080] V_A_ExecSaloon_Textures_2.upk  files=3
[2745/3080] V_A_ExecSaloon_Textures_3.upk  files=3
[2746/3080] V_A_ExecSaloon_Textures_4.upk  files=3
[2747/3080] V_A_ExecSaloon_Textures_5.upk  files=3
[2748/3080] V_A_ExecSaloon_Textures_6.upk  files=3
[2749/3080] V_A_ExecSaloon_Textures_7.upk  files=3
[2750/3080] V_A_ExecSaloon_Textures_8.upk  files=3
[2751/3080] v_a_execsaloon_textures_10.upk  files=3
[2752/3080] v_a_execsaloon_textures_11.upk  files=3
[2753/3080] v_a_execsaloon_textures_12.upk  files=2
[2754/3080] v_a_execsaloon_textures_9.upk  files=2
[2755/3080] V_A_ExoticMuscle.upk  files=23
[2756/3080] v_a_exoticmuscle_AreaMasks.upk  files=85
[2757/3080] v_a_exoticmuscle_Textures_1.upk  files=9
[2758/3080] v_a_exoticmuscle_Textures_2.upk  files=5
[2759/3080] v_a_exoticmuscle_Textures_3.upk  files=3
[2760/3080] v_a_exoticmuscle_Textures_4.upk  files=3
[2761/3080] v_a_exoticmuscle_Textures_5.upk  files=3
[2762/3080] v_a_exoticmuscle_Textures_6.upk  files=3
[2763/3080] v_a_exoticmuscle_Textures_7.upk  files=3
[2764/3080] V_A_KingCab.upk  files=26
[2765/3080] V_A_KingCab_AreaMasks.upk  files=78
[2766/3080] V_A_KingCab_Textures_1.upk  files=11
[2767/3080] V_A_KingCab_Textures_2.upk  files=3
[2768/3080] V_A_KingCab_Textures_3.upk  files=3
[2769/3080] V_A_KingCab_Textures_4.upk  files=4
[2770/3080] V_A_KingCab_Textures_5.upk  files=3
[2771/3080] V_A_KingCab_Textures_6.upk  files=3
[2772/3080] V_A_KingCab_Textures_7.upk  files=3
[2773/3080] V_A_KingCab_Textures_8.upk  files=3
[2774/3080] V_A_KingCab_Textures_9.upk  files=3
[2775/3080] v_a_kingcab_textures_10.upk  files=2
[2776/3080] V_A_MinCarrying.upk  files=2
[2777/3080] V_A_MinCarrying_Textures_1.upk  files=4
[2778/3080] V_A_PerformanceSaloon.upk  files=21
[2779/3080] V_A_PerformanceSaloon_AreaMasks.upk  files=89
[2780/3080] V_A_PerformanceSaloon_Textures_1.upk  files=9
[2781/3080] V_A_PerformanceSaloon_Textures_10.upk  files=3
[2782/3080] V_A_PerformanceSaloon_Textures_11.upk  files=3
[2783/3080] V_A_PerformanceSaloon_Textures_2.upk  files=3
[2784/3080] V_A_PerformanceSaloon_Textures_3.upk  files=3
[2785/3080] V_A_PerformanceSaloon_Textures_4.upk  files=3
[2786/3080] V_A_PerformanceSaloon_Textures_5.upk  files=3
[2787/3080] V_A_PerformanceSaloon_Textures_6.upk  files=3
[2788/3080] V_A_PerformanceSaloon_Textures_7.upk  files=3
[2789/3080] V_A_PerformanceSaloon_Textures_8.upk  files=2
[2790/3080] V_A_PerformanceSaloon_Textures_9.upk  files=3
[2791/3080] V_A_Pickup.upk  files=28
[2792/3080] V_A_Pickup_AreaMasks.upk  files=75
[2793/3080] V_A_Pickup_Textures_1.upk  files=10
[2794/3080] V_A_Pickup_Textures_2.upk  files=3
[2795/3080] V_A_Pickup_Textures_3.upk  files=3
[2796/3080] V_A_Pickup_Textures_4.upk  files=3
[2797/3080] V_A_Pickup_Textures_5.upk  files=3
[2798/3080] V_A_Pickup_Textures_6.upk  files=3
[2799/3080] V_A_Pickup_Textures_7.upk  files=3
[2800/3080] V_A_Pickup_Textures_8.upk  files=3
[2801/3080] V_A_Pickup_Textures_9.upk  files=3
[2802/3080] v_a_pickup_textures_10.upk  files=2
[2803/3080] V_A_Roadster.upk  files=24
[2804/3080] V_A_Roadster_AreaMasks.upk  files=120
[2805/3080] V_A_Roadster_Textures_1.upk  files=10
[2806/3080] V_A_Roadster_Textures_2.upk  files=3
[2807/3080] V_A_Roadster_Textures_3.upk  files=3
[2808/3080] V_A_Roadster_Textures_4.upk  files=3
[2809/3080] V_A_Roadster_Textures_5.upk  files=3
[2810/3080] V_A_Roadster_Textures_6.upk  files=3
[2811/3080] V_A_Roadster_Textures_7.upk  files=3
[2812/3080] V_A_Roadster_Textures_8.upk  files=3
[2813/3080] v_a_roadster_textures_10.upk  files=3
[2814/3080] v_a_roadster_textures_11.upk  files=3
[2815/3080] v_a_roadster_textures_12.upk  files=2
[2816/3080] v_a_roadster_textures_9.upk  files=3
[2817/3080] V_A_SUV.upk  files=25
[2818/3080] V_A_SUV_AreaMasks.upk  files=72
[2819/3080] V_A_SUV_Textures_1.upk  files=10
[2820/3080] V_A_SUV_Textures_2.upk  files=3
[2821/3080] V_A_SUV_Textures_3.upk  files=3
[2822/3080] V_A_SUV_Textures_4.upk  files=3
[2823/3080] V_A_SUV_Textures_5.upk  files=3
[2824/3080] V_A_SUV_Textures_6.upk  files=3
[2825/3080] V_A_SUV_Textures_7.upk  files=3
[2826/3080] V_A_SUV_Textures_8.upk  files=3
[2827/3080] V_A_SUV_Textures_9.upk  files=2
[2828/3080] V_A_SportsSUV.upk  files=19
[2829/3080] V_A_SportsSUV_AreaMasks.upk  files=96
[2830/3080] V_A_SportsSUV_Textures_1.upk  files=10
[2831/3080] V_A_SportsSUV_Textures_2.upk  files=4
[2832/3080] V_A_SportsSUV_Textures_3.upk  files=3
[2833/3080] V_A_SportsSUV_Textures_4.upk  files=3
[2834/3080] V_A_SportsSUV_Textures_5.upk  files=3
[2835/3080] V_A_SportsSUV_Textures_6.upk  files=3
[2836/3080] V_A_SportsSUV_Textures_7.upk  files=3
[2837/3080] V_A_SportsSUV_Textures_8.upk  files=3
[2838/3080] v_a_sportssuv_textures_10.upk  files=3
[2839/3080] v_a_sportssuv_textures_11.upk  files=3
[2840/3080] v_a_sportssuv_textures_12.upk  files=2
[2841/3080] v_a_sportssuv_textures_9.upk  files=3
[2842/3080] V_A_Taxi.upk  files=20
[2843/3080] V_A_Taxi_AreaMasks.upk  files=78
[2844/3080] V_A_Taxi_Textures_1.upk  files=10
[2845/3080] V_A_Taxi_Textures_2.upk  files=3
[2846/3080] V_A_Taxi_Textures_3.upk  files=3
[2847/3080] V_A_Taxi_Textures_4.upk  files=3
[2848/3080] V_A_Taxi_Textures_5.upk  files=3
[2849/3080] V_A_Taxi_Textures_6.upk  files=3
[2850/3080] V_A_Taxi_Textures_7.upk  files=3
[2851/3080] V_A_Taxi_Textures_8.upk  files=3
[2852/3080] V_A_Taxi_Textures_9.upk  files=3
[2853/3080] v_a_taxi_textures_10.upk  files=3
[2854/3080] v_a_taxi_textures_11.upk  files=3
[2855/3080] v_a_taxi_textures_12.upk  files=3
[2856/3080] v_a_taxi_textures_13.upk  files=2
[2857/3080] V_A_TruckCurtain.upk  files=12
[2858/3080] V_A_TruckCurtain_AreaMasks.upk  files=37
[2859/3080] V_A_TruckCurtain_Textures_1.upk  files=9
[2860/3080] v_a_truckcurtain_textures_2.upk  files=3
[2861/3080] v_a_truckcurtain_textures_3.upk  files=2
[2862/3080] v_a_truckcurtain_textures_4.upk  files=3
[2863/3080] V_A_EstateVan.upk  files=21
[2864/3080] V_A_EstateVan_AreaMasks.upk  files=53
[2865/3080] V_A_EstateVan_Textures_1.upk  files=10
[2866/3080] V_A_Utility1Estate.upk  files=22
[2867/3080] V_A_Utility1Estate_AreaMasks.upk  files=56
[2868/3080] V_A_Utility1Estate_Textures_1.upk  files=10
[2869/3080] V_A_Utility1Estate_Textures_2.upk  files=3
[2870/3080] V_A_Utility1Estate_Textures_3.upk  files=3
[2871/3080] V_A_Utility1Estate_Textures_4.upk  files=3
[2872/3080] V_A_Utility1Estate_Textures_5.upk  files=3
[2873/3080] V_A_Utility1Estate_Textures_6.upk  files=3
[2874/3080] V_A_Utility1Estate_Textures_7.upk  files=3
[2875/3080] V_A_Utility1Estate_Textures_8.upk  files=2
[2876/3080] V_A_Hatchback.upk  files=20
[2877/3080] V_A_Hatchback_AreaMasks.upk  files=56
[2878/3080] V_A_Hatchback_Textures_1.upk  files=10
[2879/3080] V_A_Hatchback_Textures_2.upk  files=3
[2880/3080] V_A_Hatchback_Textures_3.upk  files=3
[2881/3080] V_A_Hatchback_Textures_4.upk  files=3
[2882/3080] V_A_Hatchback_Textures_5.upk  files=3
[2883/3080] V_A_Hatchback_Textures_6.upk  files=3
[2884/3080] V_A_Hatchback_Textures_7.upk  files=3
[2885/3080] V_A_Hatchback_Textures_8.upk  files=3
[2886/3080] V_A_Saloon.upk  files=29
[2887/3080] V_A_Saloon_AreaMasks.upk  files=81
[2888/3080] V_A_Saloon_Textures_1.upk  files=10
[2889/3080] V_A_Saloon_Textures_2.upk  files=6
[2890/3080] V_A_Saloon_Textures_3.upk  files=3
[2891/3080] V_A_Saloon_Textures_4.upk  files=3
[2892/3080] V_A_Saloon_Textures_5.upk  files=3
[2893/3080] V_A_Saloon_Textures_6.upk  files=3
[2894/3080] V_A_Saloon_Textures_7.upk  files=3
[2895/3080] V_A_Saloon_Textures_8.upk  files=3
[2896/3080] v_a_saloon_textures_10.upk  files=2
[2897/3080] v_a_saloon_textures_9.upk  files=3
[2898/3080] V_A_VanAmbulance.upk  files=3
[2899/3080] V_A_VanAmbulance_AreaMasks.upk  files=30
[2900/3080] V_A_VanAmbulance_Textures_1.upk  files=9
[2901/3080] V_A_VanArmoured.upk  files=13
[2902/3080] V_A_VanArmoured_AreaMasks.upk  files=24
[2903/3080] V_A_VanArmoured_Textures_1.upk  files=9
[2904/3080] V_A_VanStandard.upk  files=24
[2905/3080] V_A_VanStandard_AreaMasks.upk  files=69
[2906/3080] V_A_VanStandard_Textures_1.upk  files=10
[2907/3080] V_A_VanStandard_Textures_2.upk  files=3
[2908/3080] V_A_VanStandard_Textures_3.upk  files=3
[2909/3080] V_A_VanStandard_Textures_4.upk  files=3
[2910/3080] V_A_VanStandard_Textures_5.upk  files=3
[2911/3080] V_A_VanStandard_Textures_6.upk  files=3
[2912/3080] V_A_VanStandard_Textures_7.upk  files=3
[2913/3080] V_A_VanStandard_Textures_8.upk  files=3
[2914/3080] v_a_vanstandard_textures_10.upk  files=2
[2915/3080] v_a_vanstandard_textures_9.upk  files=3
[2916/3080] Baked_A_2DrCoupe.upk  files=32
[2917/3080] Baked_A_2DrVan.upk  files=32
[2918/3080] Baked_A_ClassicMuscle.upk  files=32
[2919/3080] Baked_A_Convertible.upk  files=33
[2920/3080] Baked_A_Default2Dr.upk  files=7
[2921/3080] Baked_A_Default4dr.upk  files=7
[2922/3080] Baked_A_Default_Common.upk  files=3
[2923/3080] Baked_A_EstateVan.upk  files=32
[2924/3080] Baked_A_ExecSaloon.upk  files=32
[2925/3080] Baked_A_ExoticMuscle.upk  files=32
[2926/3080] Baked_A_Hatchback.upk  files=32
[2927/3080] Baked_A_KingCab.upk  files=32
[2928/3080] Baked_A_LowRider.upk  files=32
[2929/3080] Baked_A_MinCarrying.upk  files=31
[2930/3080] Baked_A_PerformanceSaloon.upk  files=34
[2931/3080] Baked_A_Pickup.upk  files=32
[2932/3080] Baked_A_Roadster.upk  files=32
[2933/3080] Baked_A_SUV.upk  files=32
[2934/3080] Baked_A_Saloon.upk  files=32
[2935/3080] Baked_A_SportsSUV.upk  files=32
[2936/3080] Baked_A_Taxi.upk  files=32
[2937/3080] Baked_A_TruckCement.upk  files=32
[2938/3080] Baked_A_TruckChristmas.upk  files=32
[2939/3080] Baked_A_TruckCurtain.upk  files=32
[2940/3080] Baked_A_TruckGarbage.upk  files=32
[2941/3080] Baked_A_Utility1Estate.upk  files=32
[2942/3080] Baked_A_VanAmbulance.upk  files=32
[2943/3080] Baked_A_VanArmoured.upk  files=32
[2944/3080] Baked_A_VanStandard.upk  files=32
[2945/3080] Baked_C_Carrying.upk  files=32
[2946/3080] Baked_C_Compact.upk  files=32
[2947/3080] Baked_C_Perf_Enf.upk  files=32
[2948/3080] Baked_C_Perf_GT.upk  files=32
[2949/3080] Baked_E_Carrying.upk  files=32
[2950/3080] Baked_E_Compact.upk  files=32
[2951/3080] Baked_E_Compact_Crim.upk  files=32
[2952/3080] Baked_E_Compact_Enf.upk  files=32
[2953/3080] Baked_Enf_Carrying_Airmech.upk  files=32
[2954/3080] Baked_UI_Scene_Vehicle_1.upk  files=32
[2955/3080] Beach_Performance_01b.upk  files=32
[2956/3080] Beach_Vaquero_01.upk  files=32
[2957/3080] Crim_Performance_Aletta.upk  files=32
[2958/3080] CrimeScene_Fresno.upk  files=32
[2959/3080] CrimeScene_Kissaki.upk  files=32
[2960/3080] DistrictSelect_Pickup.upk  files=32
[2961/3080] Enf_Performance_Gumball.upk  files=32
[2962/3080] Marketing_117_Crim_Vaquero.upk  files=32
[2963/3080] Marketing_117_Enf_V20.upk  files=32
[2964/3080] Marketing_DressToKill_Jericho_Phantom_Crim.upk  files=32
[2965/3080] Marketing_DressToKill_Jericho_Phantom_Enf.upk  files=32
[2966/3080] Marketing_Espacio_Crim.upk  files=32
[2967/3080] Marketing_Halloween2014_Firehawk_Crim.upk  files=32
[2968/3080] Marketing_Halloween2014_Firehawk_Enf.upk  files=32
[2969/3080] Marketing_HeavyDuty_Waragi_Crim.upk  files=32
[2970/3080] Marketing_HeavyDuty_Waragi_Enf.upk  files=32
[2971/3080] Marketing_HighRoller_Bishada_Crim.upk  files=32
[2972/3080] Marketing_HighRoller_Bishada_Enf.upk  files=32
[2973/3080] Marketing_Mikro_Crim.upk  files=32
[2974/3080] Marketing_Mikro_Enf.upk  files=32
[2975/3080] Marketing_Mikro_Kit_Crim.upk  files=32
[2976/3080] Marketing_Mikro_Kit_Enf.upk  files=32
[2977/3080] Marketing_Pioneer_Enf.upk  files=32
[2978/3080] Marketing_Vegas_Rocker.upk  files=32
[2979/3080] NoobMobile_Mikro.upk  files=32
[2980/3080] NoobMobile_Varzuga.upk  files=32
[2981/3080] UI_Scene_Praet_Perf_Vehicle2.upk  files=32
[2982/3080] UI_Vehicle_Stuntman.upk  files=32
[2983/3080] Vehicle_UIDistrict_Roaster_Templeton.upk  files=32
[2984/3080] Vehicle_UIDistrict_Roaster_Tiptoe.upk  files=32
[2985/3080] V_C_Carrying.upk  files=32
[2986/3080] V_C_Carrying_AreaMasks.upk  files=152
[2987/3080] V_C_Carrying_Textures_1.upk  files=10
[2988/3080] V_C_Carrying_Textures_2.upk  files=6
[2989/3080] V_C_Carrying_Textures_3.upk  files=6
[2990/3080] v_c_carrying_textures_10.upk  files=3
[2991/3080] v_c_carrying_textures_11.upk  files=3
[2992/3080] v_c_carrying_textures_4.upk  files=6
[2993/3080] v_c_carrying_textures_5.upk  files=3
[2994/3080] v_c_carrying_textures_6.upk  files=3
[2995/3080] v_c_carrying_textures_7.upk  files=3
[2996/3080] v_c_carrying_textures_8.upk  files=3
[2997/3080] v_c_carrying_textures_9.upk  files=2
[2998/3080] V_C_Compact.upk  files=35
[2999/3080] V_C_Compact_AreaMasks.upk  files=149
[3000/3080] V_C_Compact_Textures_1.upk  files=10
[3001/3080] V_C_Compact_Textures_2.upk  files=6
[3002/3080] V_C_Compact_Textures_3.upk  files=8
[3003/3080] V_C_Compact_Textures_4.upk  files=6
[3004/3080] V_C_Compact_Textures_5.upk  files=6
[3005/3080] V_C_Compact_Textures_6.upk  files=3
[3006/3080] v_c_compact_textures_10.upk  files=3
[3007/3080] v_c_compact_textures_11.upk  files=3
[3008/3080] v_c_compact_textures_12.upk  files=3
[3009/3080] v_c_compact_textures_13.upk  files=3
[3010/3080] v_c_compact_textures_7.upk  files=3
[3011/3080] v_c_compact_textures_8.upk  files=3
[3012/3080] v_c_compact_textures_9.upk  files=3
[3013/3080] V_C_Perf.upk  files=27
[3014/3080] V_C_Perf_AreaMasks.upk  files=159
[3015/3080] V_C_Perf_Textures_1.upk  files=10
[3016/3080] V_C_Perf_Textures_2.upk  files=6
[3017/3080] V_C_Perf_Textures_3.upk  files=6
[3018/3080] V_C_Perf_Textures_4.upk  files=6
[3019/3080] V_C_Perf_Textures_5.upk  files=6
[3020/3080] V_C_Perf_Textures_6.upk  files=6
[3021/3080] V_C_Perf_Textures_7.upk  files=3
[3022/3080] v_c_perf_textures_10.upk  files=3
[3023/3080] v_c_perf_textures_8.upk  files=3
[3024/3080] v_c_perf_textures_9.upk  files=3
[3025/3080] Vehicles_DefaultMeshes.upk  files=49
[3026/3080] V_E_Carrying.upk  files=32
[3027/3080] V_E_Carrying_AreaMasks.upk  files=144
[3028/3080] V_E_Carrying_Textures_1.upk  files=10
[3029/3080] V_E_Carrying_Textures_10.upk  files=3
[3030/3080] V_E_Carrying_Textures_2.upk  files=6
[3031/3080] V_E_Carrying_Textures_3.upk  files=6
[3032/3080] V_E_Carrying_Textures_4.upk  files=6
[3033/3080] V_E_Carrying_Textures_5.upk  files=3
[3034/3080] V_E_Carrying_Textures_6.upk  files=3
[3035/3080] V_E_Carrying_Textures_7.upk  files=3
[3036/3080] V_E_Carrying_Textures_8.upk  files=3
[3037/3080] V_E_Carrying_Textures_9.upk  files=3
[3038/3080] v_e_carrying_textures_11.upk  files=3
[3039/3080] v_e_carrying_textures_12.upk  files=3
[3040/3080] v_e_carrying_textures_13.upk  files=2
[3041/3080] v_e_carrying_textures_14.upk  files=2
[3042/3080] v_e_carrying_textures_15.upk  files=2
[3043/3080] v_e_carrying_textures_16.upk  files=1
[3044/3080] V_E_Compact.upk  files=29
[3045/3080] V_E_Compact_AreaMasks.upk  files=152
[3046/3080] V_E_Compact_Textures_1.upk  files=10
[3047/3080] V_E_Compact_Textures_2.upk  files=6
[3048/3080] V_E_Compact_Textures_3.upk  files=6
[3049/3080] V_E_Compact_Textures_4.upk  files=6
[3050/3080] V_E_Compact_Textures_5.upk  files=6
[3051/3080] V_E_Compact_Textures_6.upk  files=3
[3052/3080] V_E_Compact_Textures_7.upk  files=3
[3053/3080] V_E_Compact_Textures_8.upk  files=3
[3054/3080] V_E_Compact_Textures_9.upk  files=4
[3055/3080] v_e_compact_textures_10.upk  files=3
[3056/3080] v_e_compact_textures_11.upk  files=3
[3057/3080] v_e_compact_textures_12.upk  files=3
[3058/3080] v_e_compact_textures_13.upk  files=3
[3059/3080] v_e_compact_textures_14.upk  files=3
[3060/3080] V_E_Perf.upk  files=32
[3061/3080] V_E_Perf_AreaMasks.upk  files=185
[3062/3080] V_E_Perf_Textures_1.upk  files=10
[3063/3080] V_E_Perf_Textures_2.upk  files=6
[3064/3080] V_E_Perf_Textures_3.upk  files=6
[3065/3080] V_E_Perf_Textures_4.upk  files=6
[3066/3080] V_E_Perf_Textures_5.upk  files=6
[3067/3080] V_E_Perf_Textures_6.upk  files=6
[3068/3080] V_E_Perf_Textures_7.upk  files=6
[3069/3080] v_e_perf_textures_10.upk  files=3
[3070/3080] v_e_perf_textures_11.upk  files=3
[3071/3080] v_e_perf_textures_12.upk  files=3
[3072/3080] v_e_perf_textures_13.upk  files=3
[3073/3080] v_e_perf_textures_14.upk  files=3
[3074/3080] v_e_perf_textures_8.upk  files=5
[3075/3080] v_e_perf_textures_9.upk  files=3
[3076/3080] VehicleLicencePlates.upk  files=26
[3077/3080] VehicleMaskResources.upk  files=2
[3078/3080] VehicleTypes.upk  files=0
[3079/3080] Vehicles_CommonAssets.upk  files=19
[3080/3080] Vehicles_CommonComponents.upk  files=0
DONE 2026-07-21T11:49:58.6181772+02:00  ok=2793  empty/fail=287  total=3080
